sim_time,acid,lat,lon,alt
10.0,VJC813,10.821976708394315,106.63256256355848,9144.0
10.0,VJC815,10.792539059523111,106.61542877327449,9144.0
10.0,VJC915,21.202603063261886,105.8188,9144.0
10.0,VJC916,1.3091452434166444,104.0047693359142,9144.0
10.0,VJC970,1.3338892832209392,104.00006297677707,9144.0
10.0,VTI105,19.092842608122965,72.8376742362076,9144.0
10.0,VTI106,1.332146120676742,103.99100554740517,9144.0
10.0,WCM3806,2.7882182677070073,101.70545781924716,9144.0
10.0,WCM6602,1.501265693565781,110.3552794605838,9144.0
10.0,XAX674,2.8104298698412262,101.6805339254942,9144.0
10.0,VJC813,10.821976708394315,106.63256256355848,9144.0,"(VJC813),(VJC815)"
10.0,VJC815,10.792539059523111,106.61542877327449,9144.0,"(VJC815),(VJC813)"
10.0,VJC915,21.202603063261886,105.8188,9144.0,"(VJC916),(VJC970)"
10.0,VJC916,1.3091452434166444,104.0047693359142,9144.0,"(VJC916),(VTI106)"
10.0,VJC970,1.3338892832209392,104.00006297677707,9144.0,"(VJC970),(VJC916)"
10.0,VTI105,19.092842608122965,72.8376742362076,9144.0,"(VJC970),(VTI106)"
10.0,VTI106,1.332146120676742,103.99100554740517,9144.0,"(VTI106),(VJC916)"
10.0,WCM3806,2.7882182677070073,101.70545781924716,9144.0,"(VTI106),(VJC970)"
10.0,WCM6602,1.501265693565781,110.3552794605838,9144.0,"(WCM3806),(XAX674)"
10.0,XAX674,2.8104298698412262,101.6805339254942,9144.0,"(XAX674),(WCM3806)"
20.0,VJC813,10.827525079063756,106.62109757061505,9144.0
20.0,VJC815,10.783234335558138,106.60519834920072,9144.0
20.0,VJC915,21.19056634456978,105.82313404432509,9144.0
20.0,VJC916,1.2958465740925138,104.00650416545908,9144.0
20.0,VJC970,1.346904831356547,103.99713773058684,9144.0
20.0,VTI105,19.093162119254536,72.82424240794634,9144.0
20.0,VTI106,1.332265128487365,103.97888040796902,9144.0
20.0,WCM3806,2.8011594276063367,101.70252406557434,9144.0
20.0,WCM6602,1.513194199697431,110.35185491311012,9144.0
20.0,XAX674,2.7949244217871305,101.68598222980125,9144.0
20.0,VJC813,10.827525079063756,106.62109757061505,9144.0,"(VJC813),(VJC815)"
20.0,VJC815,10.783234335558138,106.60519834920072,9144.0,"(VJC815),(VJC813)"
20.0,VJC915,21.19056634456978,105.82313404432509,9144.0,"(VJC916),(VJC970)"
20.0,VJC916,1.2958465740925138,104.00650416545908,9144.0,"(VJC916),(VTI106)"
20.0,VJC970,1.346904831356547,103.99713773058684,9144.0,"(VJC970),(VJC916)"
20.0,VTI105,19.093162119254536,72.82424240794634,9144.0,"(VJC970),(VTI106)"
20.0,VTI106,1.332265128487365,103.97888040796902,9144.0,"(VTI106),(VJC916)"
20.0,WCM3806,2.8011594276063367,101.70252406557434,9144.0,"(VTI106),(VJC970)"
20.0,WCM6602,1.513194199697431,110.35185491311012,9144.0,"(WCM3806),(XAX674)"
20.0,XAX674,2.7949244217871305,101.68598222980125,9144.0,"(XAX674),(WCM3806)"
30.0,VJC813,10.82915496456567,106.60842458318919,9144.0
30.0,VJC815,10.777318506619949,106.5926242785625,9144.0
30.0,VJC915,21.180441619695927,105.8313508450521,9144.0
30.0,VJC916,1.2826447234468399,104.00414267569398,9144.0
30.0,VJC970,1.3584194256122855,103.99040004086346,9144.0
30.0,VTI105,19.091887398363294,72.8108743127169,9144.0
30.0,VTI106,1.3283434577313018,103.9674067451473,9144.0
30.0,WCM3806,2.812590233885906,101.69577823636438,9144.0
30.0,WCM6602,1.5255875040287359,110.35249904642527,9144.0
30.0,XAX674,2.78124974469731,101.69510536157695,9144.0
30.0,VJC813,10.82915496456567,106.60842458318919,9144.0,"(VJC813),(VJC815)"
30.0,VJC815,10.777318506619949,106.5926242785625,9144.0,"(VJC815),(VJC813)"
30.0,VJC915,21.180441619695927,105.8313508450521,9144.0,"(VJC916),(VJC970)"
30.0,VJC916,1.2826447234468399,104.00414267569398,9144.0,"(VJC916),(VTI106)"
30.0,VJC970,1.3584194256122855,103.99040004086346,9144.0,"(VJC970),(VJC916)"
30.0,VTI105,19.091887398363294,72.8108743127169,9144.0,"(VJC970),(VTI106)"
30.0,VTI106,1.3283434577313018,103.9674067451473,9144.0,"(VTI106),(VJC916)"
30.0,WCM3806,2.812590233885906,101.69577823636438,9144.0,"(VTI106),(VJC970)"
30.0,WCM6602,1.5255875040287359,110.35249904642527,9144.0,"(WCM3806),(XAX674)"
30.0,XAX674,2.78124974469731,101.69510536157695,9144.0,"(XAX674),(WCM3806)"
40.0,VJC813,10.826728927394477,106.59558720146858,9144.0
40.0,VJC815,10.77158735096982,106.57824067603785,9144.0
40.0,VJC915,21.17328182388139,105.84259563667676,9144.0
40.0,VJC916,1.2702607522379175,103.99780932675604,9144.0
40.0,VJC970,1.3673473701469274,103.98048517257196,9144.0
40.0,VTI105,19.09061156425279,72.79750643943515,9144.0
40.0,VTI106,1.320828139665761,103.95789245137108,9144.0
40.0,WCM3806,2.8214213719801986,101.6858631382827,9144.0
40.0,WCM6602,1.537097014632982,110.3571418129884,9144.0
40.0,XAX674,2.7702578586584443,101.70733484077351,9144.0
40.0,VJC813,10.826728927394477,106.59558720146858,9144.0,"(VJC813),(VJC815)"
40.0,VJC815,10.77158735096982,106.57824067603785,9144.0,"(VJC815),(VJC813)"
40.0,VJC915,21.17328182388139,105.84259563667676,9144.0,"(VJC916),(VJC970)"
40.0,VJC916,1.2702607522379175,103.99780932675604,9144.0,"(VJC916),(VTI106)"
40.0,VJC970,1.3673473701469274,103.98048517257196,9144.0,"(VJC970),(VJC916)"
40.0,VTI105,19.09061156425279,72.79750643943515,9144.0,"(VJC970),(VTI106)"
40.0,VTI106,1.320828139665761,103.95789245137108,9144.0,"(VTI106),(VJC916)"
40.0,WCM3806,2.8214213719801986,101.6858631382827,9144.0,"(VTI106),(VJC970)"
40.0,WCM6602,1.537097014632982,110.3571418129884,9144.0,"(WCM3806),(XAX674)"
40.0,XAX674,2.7702578586584443,101.70733484077351,9144.0,"(XAX674),(WCM3806)"
50.0,VJC813,10.820235158242275,106.58306475605409,9144.0
50.0,VJC815,10.761681605134523,106.56419586773673,9144.0
50.0,VJC915,21.169831550330024,105.85569909317887,9144.0
50.0,VJC916,1.2575156427172767,103.98943653557379,9144.0
50.0,VJC970,1.3728468608954154,103.9683279825803,9144.0
50.0,VTI105,19.089334549242547,72.78413879553096,9144.0
50.0,VTI106,1.3105758454118377,103.95142205279953,9144.0
50.0,WCM3806,2.830416521713939,101.67459922403414,9144.0
50.0,WCM6602,1.5464703106330269,110.36527803708485,9144.0
50.0,XAX674,2.7626336286683757,101.72190868354933,9144.0
50.0,VJC813,10.820235158242275,106.58306475605409,9144.0,"(VJC813),(VJC815)"
50.0,VJC815,10.761681605134523,106.56419586773673,9144.0,"(VJC815),(VJC813)"
50.0,VJC915,21.169831550330024,105.85569909317887,9144.0,"(VJC916),(VTI106)"
50.0,VJC916,1.2575156427172767,103.98943653557379,9144.0,"(VJC970),(VTI106)"
50.0,VJC970,1.3728468608954154,103.9683279825803,9144.0,"(VTI106),(VJC916)"
50.0,VTI105,19.089334549242547,72.78413879553096,9144.0,"(VTI106),(VJC970)"
50.0,VTI106,1.3105758454118377,103.95142205279953,9144.0,"(WCM3806),(XAX674)"
50.0,WCM3806,2.830416521713939,101.67459922403414,9144.0,"(XAX674),(WCM3806)"
60.0,VJC813,10.809746282460154,106.57169920087041,9144.0
60.0,VJC815,10.74768835518218,106.55147683565815,9144.0
60.0,VJC915,21.17044961517351,105.86929882093479,9144.0
60.0,VJC916,1.2419742550393367,103.98409696404957,9144.0
60.0,VJC970,1.3743993581591816,103.95507477038086,9144.0
60.0,VTI105,19.08805617269516,72.77077140056443,9144.0
60.0,VTI106,1.298755234011732,103.94873308371223,9144.0
60.0,WCM3806,2.8431768931878927,101.66514035005027,9144.0
60.0,WCM6602,1.5526874258459673,110.37602237705501,9144.0
60.0,XAX674,2.7588520931542893,101.73791887370933,9144.0
60.0,VJC813,10.809746282460154,106.57169920087041,9144.0,"(VJC813),(VJC815)"
60.0,VJC815,10.74768835518218,106.55147683565815,9144.0,"(VJC815),(VJC813)"
60.0,VJC915,21.17044961517351,105.86929882093479,9144.0,"(VJC916),(VTI106)"
60.0,VJC916,1.2419742550393367,103.98409696404957,9144.0,"(VJC970),(VTI106)"
60.0,VJC970,1.3743993581591816,103.95507477038086,9144.0,"(VTI106),(VJC916)"
60.0,VTI105,19.08805617269516,72.77077140056443,9144.0,"(VTI106),(VJC970)"
60.0,VTI106,1.298755234011732,103.94873308371223,9144.0,"(WCM3806),(XAX674)"
60.0,WCM3806,2.8431768931878927,101.66514035005027,9144.0,"(XAX674),(WCM3806)"
70.0,VJC813,10.795731601517382,106.56256606022232,9144.0
70.0,VJC815,10.733062073738585,106.53887116342975,9144.0
70.0,VJC915,21.17507174187465,105.88198083832711,9144.0
70.0,VJC916,1.2248545511100883,103.98252316695928,9144.0
70.0,VJC970,1.371858479027517,103.94197518562179,9144.0
70.0,VTI105,19.09086472570728,72.75766832943545,9144.0
70.0,VTI106,1.286713736982227,103.9501320226643,9144.0
70.0,WCM3806,2.859138317584311,101.65838384849262,9144.0
70.0,WCM6602,1.555071837597988,110.38820566483149,9144.0
70.0,XAX674,2.7591488660319894,101.75436792421237,9144.0
70.0,VJC813,10.795731601517382,106.56256606022232,9144.0,"(VJC813),(VJC815)"
70.0,VJC815,10.733062073738585,106.53887116342975,9144.0,"(VJC815),(VJC813)"
70.0,VJC915,21.17507174187465,105.88198083832711,9144.0,"(VJC916),(VTI106)"
70.0,VJC916,1.2248545511100883,103.98252316695928,9144.0,"(VJC970),(VTI106)"
70.0,VJC970,1.371858479027517,103.94197518562179,9144.0,"(VTI106),(VJC916)"
70.0,VTI105,19.09086472570728,72.75766832943545,9144.0,"(VTI106),(VJC970)"
80.0,VJC813,10.780058146672483,106.55687620988704,9144.0
80.0,VJC815,10.717238089262965,106.5278661837255,9144.0
80.0,VJC915,21.18056391496247,105.89425782279422,9144.0
80.0,VJC916,1.2078495287245479,103.98505141181435,9144.0
80.0,VJC970,1.3654637996283374,103.930264387939,9144.0
80.0,VTI105,19.095978891868423,72.74331504640453,9144.0
80.0,VTI106,1.2758239645934355,103.9554593692028,9144.0
80.0,WCM3806,2.8762388243557466,101.65557380386382,9144.0
80.0,WCM6602,1.5533640833315037,110.40050213961113,9144.0
80.0,XAX674,2.7635054564478114,101.77023100789387,9144.0
80.0,VJC813,10.780058146672483,106.55687620988704,9144.0,"(VJC813),(VJC815)"
80.0,VJC815,10.717238089262965,106.5278661837255,9144.0,"(VJC815),(VJC813)"
80.0,VJC915,21.18056391496247,105.89425782279422,9144.0,"(VJC916),(VTI106)"
80.0,VJC916,1.2078495287245479,103.98505141181435,9144.0,"(VTI106),(VJC916)"
90.0,VJC813,10.763091146333142,106.55071750391949,9144.0
90.0,VJC815,10.701191503528062,106.51670800625978,9144.0
90.0,VJC915,21.186832824665846,105.90827521436485,9144.0
90.0,VJC916,1.1919276355098092,103.991537665675,9144.0
90.0,VJC970,1.3558182658124018,103.92104657486246,9144.0
90.0,VTI105,19.105352847063138,72.72921031882187,9144.0
90.0,VTI106,1.2667193599019115,103.96441378331231,9144.0
90.0,WCM3806,2.8947639983010043,101.65666839257231,9144.0
90.0,WCM6602,1.5477275213558985,110.41172323265603,9144.0
90.0,XAX674,2.771650420877397,101.78451979076776,9144.0
90.0,VJC813,10.763091146333142,106.55071750391949,9144.0,"(VJC813),(VJC815)"
90.0,VJC815,10.701191503528062,106.51670800625978,9144.0,"(VJC815),(VJC813)"
90.0,VJC915,21.186832824665846,105.90827521436485,9144.0,"(VJC916),(VTI106)"
90.0,VJC916,1.1919276355098092,103.991537665675,9144.0,"(VTI106),(VJC916)"
100.0,VJC813,10.747933748275006,106.54081029416781,9144.0
100.0,VJC815,10.685156992036106,106.50553245653687,9144.0
100.0,VJC915,21.189987533580286,105.92542036614176,9144.0
100.0,VJC916,1.1779956341476887,104.00161249600114,9144.0
100.0,VJC970,1.3438313421876495,103.91519086381851,9144.0
100.0,VTI105,19.118828754397363,72.71643275718097,9144.0
100.0,VTI106,1.260073617517771,103.97663510389528,9144.0
100.0,WCM3806,2.9132858494912397,101.66185644835218,9144.0
100.0,WCM6602,1.538335363610626,110.42139961704501,9144.0
100.0,XAX674,2.7830762757981944,101.7963439953968,9144.0
100.0,VJC813,10.747933748275006,106.54081029416781,9144.0,"(VJC813),(VJC815)"
100.0,VJC815,10.685156992036106,106.50553245653687,9144.0,"(VJC815),(VJC813)"
100.0,VJC915,21.189987533580286,105.92542036614176,9144.0,"(VJC916),(VTI106)"
100.0,VJC916,1.1779956341476887,104.00161249600114,9144.0,"(VTI106),(VJC916)"
110.0,VJC813,10.735372559970669,106.52766896170583,9144.0
110.0,VJC815,10.66901124926973,106.49428104073037,9144.0
110.0,VJC915,21.18940031898084,105.94481495571195,9144.0
110.0,VJC916,1.1668469616213268,104.01470211482963,9144.0
110.0,VJC970,1.330633259905909,103.9132493470445,9144.0
110.0,VTI105,19.136053450180626,72.70590188042112,9144.0
110.0,VTI106,1.2572765594981343,103.990263024497,9144.0
110.0,WCM3806,2.9302863926096174,101.67086193776456,9144.0
110.0,WCM6602,1.5312132881927747,110.43456882556703,9144.0
110.0,XAX674,2.797071117167712,101.80496686240652,9144.0
110.0,VJC813,10.735372559970669,106.52766896170583,9144.0,"(VJC813),(VJC815)"
110.0,VJC815,10.66901124926973,106.49428104073037,9144.0,"(VJC815),(VJC813)"
120.0,VJC813,10.722832208473411,106.51450757548444,9144.0
120.0,VJC815,10.6527417689188,106.48321632512219,9144.0
120.0,VJC915,21.184743479925665,105.96385486178457,9144.0
120.0,VJC916,1.1591165424376495,104.03006105748914,9144.0
120.0,VJC970,1.3174684486645896,103.91540504465033,9144.0
120.0,VTI105,19.155023475733135,72.69929474737874,9144.0
120.0,VTI106,1.25857094362387,104.00411479243432,9144.0
120.0,WCM3806,2.9450519978896685,101.68330717044239,9144.0
120.0,WCM6602,1.5270551006073567,110.45081699149465,9144.0
120.0,XAX674,2.812762976611237,101.80985105666294,9144.0
120.0,VJC813,10.722832208473411,106.51450757548444,9144.0,"(VJC813),(VJC815)"
120.0,VJC815,10.6527417689188,106.48321632512219,9144.0,"(VJC815),(VJC813)"
130.0,VJC813,10.709771001496952,106.5008016974296,9144.0
130.0,VJC815,10.6345617837339,106.4758490346028,9144.0
130.0,VJC915,21.175991703152867,105.9823832656755,9144.0
130.0,VJC916,1.1552446292435008,104.04681463469926,9144.0
130.0,VJC970,1.3055782010787669,103.92145465971058,9144.0
130.0,VTI105,19.175706795749836,72.69664398618173,9144.0
130.0,VTI106,1.2638444297805616,104.01698822656984,9144.0
130.0,WCM3806,2.956592382778963,101.69837469112566,9144.0
130.0,WCM6602,1.526738590321851,110.46849241634658,9144.0
130.0,XAX674,2.8291741506440418,101.81069215770495,9144.0
130.0,VJC813,10.709771001496952,106.5008016974296,9144.0,"(VJC813),(VJC815)"
130.0,VJC815,10.6345617837339,106.4758490346028,9144.0,"(VJC815),(VJC813)"
140.0,VJC813,10.695305682895945,106.48864422377697,9144.0
140.0,VJC815,10.615076171662638,106.47206856884068,9144.0
140.0,VJC915,21.163795306849597,105.99851619209863,9144.0
140.0,VJC916,1.1554517301370277,104.06400874102593,9144.0
140.0,VJC970,1.2960836328446066,103.93082775700564,9144.0
140.0,VTI105,19.196479478710522,72.69833945037341,9144.0
140.0,VTI106,1.2676005710614173,104.03224367285742,9144.0
140.0,WCM3806,2.964540885580153,101.71546572560263,9144.0
140.0,WCM6602,1.530505461137202,110.48576443258314,9144.0
140.0,XAX674,2.845282117869086,101.80743764526332,9144.0
140.0,VJC813,10.695305682895945,106.48864422377697,9144.0,"(VJC813),(VJC815)"
140.0,VJC815,10.615076171662638,106.47206856884068,9144.0,"(VJC815),(VJC813)"
150.0,VJC813,10.680371809054433,106.47609485853889,9144.0
150.0,VJC815,10.59556672570393,106.46841779188105,9144.0
150.0,VJC915,21.14891982648911,106.0112431384087,9144.0
150.0,VJC916,1.1597260505810427,104.0806641842681,9144.0
150.0,VJC970,1.2898799742252975,103.94264055350214,9144.0
150.0,VTI105,19.21680312124664,72.70433897434836,9144.0
150.0,VTI106,1.275628419391878,104.04780440034709,9144.0
150.0,WCM3806,2.968602017313795,101.73387542583971,9144.0
150.0,WCM6602,1.5385516893917042,110.50350112759602,9144.0
150.0,XAX674,2.860083248618103,101.80029019261232,9144.0
150.0,VJC813,10.680371809054433,106.47609485853889,9144.0,"(VJC813),(VJC815)"
150.0,VJC815,10.59556672570393,106.46841779188105,9144.0,"(VJC815),(VJC813)"
160.0,VJC813,10.665667741746688,106.46326817134978,9144.0
160.0,VJC815,10.575794550971091,106.46471833763314,9144.0
160.0,VJC915,21.13119969851509,106.02080177623446,9144.0
160.0,VJC916,1.1678241651099628,104.09583244320203,9144.0
160.0,VJC970,1.287620350736701,103.95564638565685,9144.0
160.0,VTI105,19.235644606948433,72.71439477692128,9144.0
160.0,VTI106,1.287714963201367,104.0623327234304,9144.0
160.0,WCM3806,2.968973804758574,101.7545266307448,9144.0
160.0,WCM6602,1.5501780191984478,110.5192475639077,9144.0
160.0,XAX674,2.872655337516815,101.78969505738483,9144.0
160.0,VJC813,10.665667741746688,106.46326817134978,9144.0
160.0,VJC815,10.575794550971091,106.46471833763314,9144.0
160.0,VJC915,21.13119969851509,106.02080177623446,9144.0
160.0,VJC916,1.1678241651099628,104.09583244320203,9144.0
160.0,VJC970,1.287620350736701,103.95564638565685,9144.0
160.0,VTI105,19.235644606948433,72.71439477692128,9144.0
160.0,VTI106,1.287714963201367,104.0623327234304,9144.0
160.0,WCM3806,2.968973804758574,101.7545266307448,9144.0
160.0,WCM6602,1.5501780191984478,110.5192475639077,9144.0
160.0,XAX674,2.872655337516815,101.78969505738483,9144.0
170.0,VJC813,10.6506066834508,106.45013216305463,9144.0
170.0,VJC815,10.556058672978594,106.46082372399636,9144.0
170.0,VJC915,21.111719006801078,106.02640785732719,9144.0
170.0,VJC916,1.1792848805761604,104.10864967983068,9144.0
170.0,VJC970,1.2856035597628523,103.96919632491255,9144.0
170.0,VTI105,19.252290336548043,72.72812671085049,9144.0
170.0,VTI106,1.3026526601111417,104.0739078938709,9144.0
170.0,WCM3806,2.9685066760581607,101.77538368301536,9144.0
170.0,WCM6602,1.5623297763051458,110.53518525694619,9144.0
170.0,XAX674,2.882215062794413,101.77631235075292,9144.0
170.0,VJC813,10.6506066834508,106.45013216305463,9144.0
170.0,VJC815,10.556058672978594,106.46082372399636,9144.0
170.0,VJC915,21.111719006801078,106.02640785732719,9144.0
170.0,VJC916,1.1792848805761604,104.10864967983068,9144.0
170.0,VJC970,1.2856035597628523,103.96919632491255,9144.0
170.0,VTI105,19.252290336548043,72.72812671085049,9144.0
170.0,VTI106,1.3026526601111417,104.0739078938709,9144.0
170.0,WCM3806,2.9685066760581607,101.77538368301536,9144.0
170.0,WCM6602,1.5623297763051458,110.53518525694619,9144.0
170.0,XAX674,2.882215062794413,101.77631235075292,9144.0
180.0,VJC813,10.63564950526321,106.43687448422739,9144.0
180.0,VJC815,10.535865733545364,106.45683944784241,9144.0
180.0,VJC915,21.09158290221565,106.02766942695317,9144.0
180.0,VJC916,1.1934555014143842,104.11838593149673,9144.0
180.0,VJC970,1.2796701731304834,103.9815432611252,9144.0
180.0,VTI105,19.266109872475777,72.74501509843076,9144.0
180.0,VTI106,1.3197367262166422,104.08198374650118,9144.0
180.0,WCM3806,2.967998716758683,101.7980413207718,9144.0
180.0,WCM6602,1.5733525194010303,110.55192433724775,9144.0
180.0,XAX674,2.888166792253797,101.76097590973531,9144.0
180.0,VJC813,10.63564950526321,106.43687448422739,9144.0
180.0,VJC815,10.535865733545364,106.45683944784241,9144.0
180.0,VJC915,21.09158290221565,106.02766942695317,9144.0
180.0,VJC916,1.1934555014143842,104.11838593149673,9144.0
180.0,VJC970,1.2796701731304834,103.9815432611252,9144.0
180.0,VTI105,19.266109872475777,72.74501509843076,9144.0
180.0,VTI106,1.3197367262166422,104.08198374650118,9144.0
180.0,WCM3806,2.967998716758683,101.7980413207718,9144.0
180.0,WCM6602,1.5733525194010303,110.55192433724775,9144.0
180.0,XAX674,2.888166792253797,101.76097590973531,9144.0
190.0,VJC813,10.620590805688058,106.42352902278695,9144.0
190.0,VJC815,10.5157118920877,106.4526556442767,9144.0
190.0,VJC915,21.071422142418967,106.02454755626323,9144.0
190.0,VJC916,1.2095290010995237,104.12448668227177,9144.0
190.0,VJC970,1.269736994856844,103.99283617625917,9144.0
190.0,VTI105,19.2766236809934,72.76447426979537,9144.0
190.0,VTI106,1.3381611085574743,104.08617920226186,9144.0
190.0,WCM3806,2.9674806653754118,101.82112133610264,9144.0
190.0,WCM6602,1.5866191752767813,110.56738789659516,9144.0
190.0,XAX674,2.8901396949776017,101.7446413346455,9144.0
190.0,VJC813,10.620590805688058,106.42352902278695,9144.0
190.0,VJC815,10.5157118920877,106.4526556442767,9144.0
190.0,VJC915,21.071422142418967,106.02454755626323,9144.0
190.0,VJC916,1.2095290010995237,104.12448668227177,9144.0
190.0,VJC970,1.269736994856844,103.99283617625917,9144.0
190.0,VTI105,19.2766236809934,72.76447426979537,9144.0
190.0,VTI106,1.3381611085574743,104.08617920226186,9144.0
190.0,WCM3806,2.9674806653754118,101.82112133610264,9144.0
190.0,WCM6602,1.5866191752767813,110.56738789659516,9144.0
190.0,XAX674,2.8901396949776017,101.7446413346455,9144.0
200.0,VJC813,10.60550660573551,106.41021406258474,9144.0
200.0,VJC815,10.495168892004408,106.44839163454559,9144.0
200.0,VJC915,21.052121315310412,106.01756863302884,9144.0
200.0,VJC916,1.2265899828578348,104.1266044463596,9144.0
200.0,VJC970,1.2576728667305288,104.00181565273472,9144.0
200.0,VTI105,19.283392855670716,72.78571882671493,9144.0
200.0,VTI106,1.3570565159568446,104.08629625365064,9144.0
200.0,WCM3806,2.9710605485412596,101.84392724707418,9144.0
200.0,WCM6602,1.5995134574337246,110.58333495437559,9144.0
200.0,XAX674,2.888010846472715,101.72832643151901,9144.0
200.0,VJC813,10.60550660573551,106.41021406258474,9144.0
200.0,VJC815,10.495168892004408,106.44839163454559,9144.0
200.0,VJC915,21.052121315310412,106.01756863302884,9144.0
200.0,VJC916,1.2265899828578348,104.1266044463596,9144.0
200.0,VJC970,1.2576728667305288,104.00181565273472,9144.0
200.0,VTI105,19.283392855670716,72.78571882671493,9144.0
200.0,VTI106,1.3570565159568446,104.08629625365064,9144.0
200.0,WCM3806,2.9710605485412596,101.84392724707418,9144.0
200.0,WCM6602,1.5995134574337246,110.58333495437559,9144.0
200.0,XAX674,2.888010846472715,101.72832643151901,9144.0
210.0,VJC813,10.590371261069118,106.39685611211758,9144.0
210.0,VJC815,10.47460228223333,106.44424728863291,9144.0
210.0,VJC915,21.032099694148627,106.01494806357765,9144.0
210.0,VJC916,1.243666812137764,104.12461856426346,9144.0
210.0,VJC970,1.2472159067113862,104.01467381839014,9144.0
210.0,VTI105,19.286332615920283,72.80848638525163,9144.0
210.0,VTI106,1.3755314335389581,104.0823293149428,9144.0
210.0,WCM3806,2.978911133796522,101.86754021312622,9144.0
210.0,WCM6602,1.6124759376776974,110.59922668489673,9144.0
210.0,XAX674,2.8894879496058925,101.7119394578461,9144.0
210.0,VJC813,10.590371261069118,106.39685611211758,9144.0
210.0,VJC815,10.47460228223333,106.44424728863291,9144.0
210.0,VJC915,21.032099694148627,106.01494806357765,9144.0
210.0,VJC916,1.243666812137764,104.12461856426346,9144.0
210.0,VJC970,1.2472159067113862,104.01467381839014,9144.0
210.0,VTI105,19.286332615920283,72.80848638525163,9144.0
210.0,VTI106,1.3755314335389581,104.0823293149428,9144.0
210.0,WCM3806,2.978911133796522,101.86754021312622,9144.0
210.0,WCM6602,1.6124759376776974,110.59922668489673,9144.0
210.0,XAX674,2.8894879496058925,101.7119394578461,9144.0
220.0,VJC813,10.575328334410372,106.38339121080837,9144.0
220.0,VJC815,10.453712308166825,106.44003836246078,9144.0
220.0,VJC915,21.011818553335743,106.01597154633775,9144.0
220.0,VJC916,1.2597869518605893,104.11864208297423,9144.0
220.0,VJC970,1.2397474633581125,104.03031481178724,9144.0
220.0,VTI105,19.28516948790908,72.83143276047174,9144.0
220.0,VTI106,1.3927141857952945,104.07446549462901,9144.0
220.0,WCM3806,2.9884367837346573,101.89058282163317,9144.0
220.0,WCM6602,1.6253962902555186,110.61506716209041,9144.0
220.0,XAX674,2.8911264304204796,101.69375878844303,9144.0
220.0,VJC813,10.575328334410372,106.38339121080837,9144.0
220.0,VJC815,10.453712308166825,106.44003836246078,9144.0
220.0,VJC915,21.011818553335743,106.01597154633775,9144.0
220.0,VJC916,1.2597869518605893,104.11864208297423,9144.0
220.0,VJC970,1.2397474633581125,104.03031481178724,9144.0
220.0,VTI105,19.28516948790908,72.83143276047174,9144.0
220.0,VTI106,1.3927141857952945,104.07446549462901,9144.0
220.0,WCM3806,2.9884367837346573,101.89058282163317,9144.0
220.0,WCM6602,1.6253962902555186,110.61506716209041,9144.0
220.0,XAX674,2.8911264304204796,101.69375878844303,9144.0
230.0,VJC813,10.559487847442142,106.36921469801666,9144.0
230.0,VJC815,10.432801590726665,106.43593760733175,9144.0
230.0,VJC915,20.991753408601838,106.01929493110437,9144.0
230.0,VJC916,1.2740323490705983,104.10901532645458,9144.0
230.0,VJC970,1.2359242687760532,104.04778231004497,9144.0
230.0,VTI105,19.279934010845732,72.85394624963637,9144.0
230.0,VTI106,1.4077940635985062,104.06307577552144,9144.0
230.0,WCM3806,2.998082047797482,101.9139173929417,9144.0
230.0,WCM6602,1.6383164727519093,110.6309078798864,9144.0
230.0,XAX674,2.8968158684597154,101.67607245612572,9144.0
230.0,VJC813,10.559487847442142,106.36921469801666,9144.0
230.0,VJC815,10.432801590726665,106.43593760733175,9144.0
230.0,VJC915,20.991753408601838,106.01929493110437,9144.0
230.0,VJC916,1.2740323490705983,104.10901532645458,9144.0
230.0,VJC970,1.2359242687760532,104.04778231004497,9144.0
230.0,VTI105,19.279934010845732,72.85394624963637,9144.0
230.0,VTI106,1.4077940635985062,104.06307577552144,9144.0
230.0,WCM3806,2.998082047797482,101.9139173929417,9144.0
230.0,WCM6602,1.6383164727519093,110.6309078798864,9144.0
230.0,XAX674,2.8968158684597154,101.67607245612572,9144.0
240.0,VJC813,10.54366101759652,106.35502314061173,9144.0
240.0,VJC815,10.410799411211823,106.43162341915944,9144.0
240.0,VJC915,20.971556799936362,106.02263917441542,9144.0
240.0,VJC916,1.2857667042521927,104.09616715878101,9144.0
240.0,VJC970,1.236183827384942,104.06566162144274,9144.0
240.0,VTI105,19.273660105093573,72.87615897808014,9144.0
240.0,VTI106,1.4200595747270925,104.04869751700113,9144.0
240.0,WCM3806,3.0066612797177745,101.93766591430847,9144.0
240.0,WCM6602,1.6513001733155523,110.64669663771966,9144.0
240.0,XAX674,2.906420175583108,101.65954365590726,9144.0
240.0,VJC813,10.54366101759652,106.35502314061173,9144.0,"(VJC916),(VJC970)"
240.0,VJC815,10.410799411211823,106.43162341915944,9144.0,"(VJC970),(VJC916)"
250.0,VJC813,10.527488018773667,106.34052357756197,9144.0
250.0,VJC815,10.38882251405113,106.42717832460102,9144.0
250.0,VJC915,20.951360124870057,106.02598250625864,9144.0
250.0,VJC916,1.295105294311396,104.07989187205203,9144.0
250.0,VJC970,1.2405411757426927,104.08460592610462,9144.0
250.0,VTI105,19.267159200671543,72.89916224968603,9144.0
250.0,VTI106,1.4289320131812702,104.03200910371358,9144.0
250.0,WCM3806,3.015410228115309,101.96188719804745,9144.0
250.0,WCM6602,1.6648297514023913,110.66314965827763,9144.0
250.0,XAX674,2.919676984145451,101.64485818342023,9144.0
250.0,VJC813,10.527488018773667,106.34052357756197,9144.0,"(VJC916),(VJC970)"
250.0,VJC815,10.38882251405113,106.42717832460102,9144.0,"(VJC970),(VJC916)"
260.0,VJC813,10.511252952315793,106.32609671141792,9144.0
260.0,VJC815,10.365580570391828,106.42247805826996,9144.0
260.0,VJC915,20.93112149417042,106.02902062564962,9144.0
260.0,VJC916,1.3078626072629824,104.0658576196996,9144.0
260.0,VJC970,1.248779312932301,104.10221232478445,9144.0
260.0,VTI105,19.26468317852553,72.92303020083396,9144.0
260.0,VTI106,1.433992763437209,104.01379793627247,9144.0
260.0,WCM3806,3.0230289002048636,101.9864886277789,9144.0
260.0,WCM6602,1.678357708731368,110.67960412597883,9144.0
260.0,XAX674,2.93595209940715,101.6329274579086,9144.0
260.0,VJC813,10.511252952315793,106.32609671141792,9144.0,"(VJC916),(VJC970)"
260.0,VJC815,10.365580570391828,106.42247805826996,9144.0,"(VJC970),(VJC916)"
270.0,VJC813,10.494672134233918,106.31136510409459,9144.0
270.0,VJC815,10.342338523441375,106.41777866811663,9144.0
270.0,VJC915,20.909576711735607,106.03225390120473,9144.0
270.0,VJC916,1.3235262866101551,104.05469424195039,9144.0
270.0,VJC970,1.2605307268257433,104.1176953875387,9144.0
270.0,VTI105,19.266117039551073,72.948902848599,9144.0
270.0,VTI106,1.4350030513822107,103.99492327454239,9144.0
270.0,WCM3806,3.028809037109857,102.0116514374958,9144.0
270.0,WCM6602,1.691888946782661,110.69605600789065,9144.0
270.0,XAX674,2.954302648077316,101.62454341100332,9144.0
270.0,VJC813,10.494672134233918,106.31136510409459,9144.0,"(VJC916),(VJC970)"
270.0,VJC815,10.342338523441375,106.41777866811663,9144.0,"(VJC970),(VJC916)"
280.0,VJC813,10.478109941006881,106.29661263209238,9144.0
280.0,VJC815,10.319116621483984,106.41297782952986,9144.0
280.0,VJC915,20.888036781632113,106.03552354616538,9144.0
280.0,VJC916,1.3409763536845398,104.04726914816048,9144.0
280.0,VJC970,1.27613815561794,104.13150012794033,9144.0
280.0,VTI105,19.27132631026048,72.9744286230631,9144.0
280.0,VTI106,1.4319152100508183,103.97627568777564,9144.0
280.0,WCM3806,3.034630160457685,102.03699726090382,9144.0
280.0,WCM6602,1.7065627616981356,110.71389774445224,9144.0
280.0,XAX674,2.9739684295797013,101.6200534819343,9144.0
280.0,VJC813,10.478109941006881,106.29661263209238,9144.0
280.0,VJC815,10.319116621483984,106.41297782952986,9144.0
280.0,VJC915,20.888036781632113,106.03552354616538,9144.0
280.0,VJC916,1.3409763536845398,104.04726914816048,9144.0
280.0,VJC970,1.27613815561794,104.13150012794033,9144.0
280.0,VTI105,19.27132631026048,72.9744286230631,9144.0
280.0,VTI106,1.4319152100508183,103.97627568777564,9144.0
280.0,WCM3806,3.034630160457685,102.03699726090382,9144.0
280.0,WCM6602,1.7065627616981356,110.71389774445224,9144.0
280.0,XAX674,2.9739684295797013,101.6200534819343,9144.0
290.0,VJC813,10.4613508198828,106.28168729569774,9144.0
290.0,VJC815,10.294897019038448,106.40797152117905,9144.0
290.0,VJC915,20.865658347497575,106.03891946210689,9144.0
290.0,VJC916,1.359614906296565,104.04377373691437,9144.0
290.0,VJC970,1.2941491209794531,104.14197530180742,9144.0
290.0,VTI105,19.276529978668346,72.99995649059827,9144.0
290.0,VTI106,1.4248749286268025,103.95873502657243,9144.0
290.0,WCM3806,3.040934703176192,102.06222700410613,9144.0
290.0,WCM6602,1.721575751144646,110.7323237703849,9144.0
290.0,XAX674,2.9941347577324815,101.61964381462424,9144.0
290.0,VJC813,10.4613508198828,106.28168729569774,9144.0
290.0,VJC815,10.294897019038448,106.40797152117905,9144.0
290.0,VJC915,20.865658347497575,106.03891946210689,9144.0
290.0,VJC916,1.359614906296565,104.04377373691437,9144.0
290.0,VJC970,1.2941491209794531,104.14197530180742,9144.0
290.0,VTI105,19.276529978668346,72.99995649059827,9144.0
290.0,VTI106,1.4248749286268025,103.95873502657243,9144.0
290.0,WCM3806,3.040934703176192,102.06222700410613,9144.0
290.0,WCM6602,1.721575751144646,110.7323237703849,9144.0
290.0,XAX674,2.9941347577324815,101.61964381462424,9144.0
300.0,VJC813,10.444567860748867,106.26679048917754,9144.0
300.0,VJC815,10.270653405296786,106.40308711710071,9144.0
300.0,VJC915,20.8432747453334,106.04227564281244,9144.0
300.0,VJC916,1.37904283047989,104.04428448257549,9144.0
300.0,VJC970,1.3138641273579998,104.1487140380955,9144.0
300.0,VTI105,19.285662646213147,73.02421593249476,9144.0
300.0,WCM3806,3.047328820524614,102.08781958198635,9144.0
300.0,WCM6602,1.7365480489188818,110.75070053953006,9144.0
300.0,XAX674,3.0139662104151475,101.62333152955505,9144.0
300.0,VJC813,10.444567860748867,106.26679048917754,9144.0
300.0,VJC815,10.270653405296786,106.40308711710071,9144.0
300.0,VJC915,20.8432747453334,106.04227564281244,9144.0
300.0,VJC916,1.37904283047989,104.04428448257549,9144.0
300.0,VJC970,1.3138641273579998,104.1487140380955,9144.0
300.0,VTI105,19.285662646213147,73.02421593249476,9144.0
300.0,WCM3806,3.047328820524614,102.08781958198635,9144.0
300.0,WCM6602,1.7365480489188818,110.75070053953006,9144.0
300.0,XAX674,3.0139662104151475,101.62333152955505,9144.0
310.0,VJC813,10.427101333595719,106.25128958909299,9144.0
310.0,VJC815,10.244645401644469,106.39784810386652,9144.0
310.0,VJC915,20.8201877814467,106.04573622284366,9144.0
310.0,VJC916,1.3981446463807583,104.04070213450956,9144.0
310.0,VJC970,1.3345174990111521,104.15145456390955,9144.0
310.0,VTI105,19.29894405021321,73.04778598460048,9144.0
310.0,WCM3806,3.0538460187229712,102.11338116105945,9144.0
310.0,WCM6602,1.7515887786117523,110.76902143670284,9144.0
310.0,XAX674,3.032841440225769,101.63100179009416,9144.0
310.0,VJC813,10.427101333595719,106.25128958909299,9144.0
310.0,VJC815,10.244645401644469,106.39784810386652,9144.0
310.0,VJC915,20.8201877814467,106.04573622284366,9144.0
310.0,VJC916,1.3981446463807583,104.04070213450956,9144.0
310.0,VJC970,1.3345174990111521,104.15145456390955,9144.0
310.0,VTI105,19.29894405021321,73.04778598460048,9144.0
310.0,WCM3806,3.0538460187229712,102.11338116105945,9144.0
310.0,WCM6602,1.7515887786117523,110.76902143670284,9144.0
310.0,XAX674,3.032841440225769,101.63100179009416,9144.0
320.0,VJC813,10.409606177495808,106.23582297247776,9144.0
320.0,VJC815,10.218649371314115,106.39246644144595,9144.0
320.0,VJC915,20.79710549553959,106.04923180321408,9144.0
320.0,VJC916,1.4178020428175693,104.03285639387565,9144.0
320.0,VJC970,1.3553071167120365,104.15009037711533,9144.0
320.0,VTI105,19.30933698221435,73.07293346143238,9144.0
320.0,WCM3806,3.0604541271350127,102.13930355609949,9144.0
320.0,WCM6602,1.7672352459066787,110.78808086184169,9144.0
320.0,XAX674,3.049797408056783,101.6423066305261,9144.0
320.0,VJC813,10.409606177495808,106.23582297247776,9144.0
320.0,VJC815,10.218649371314115,106.39246644144595,9144.0
320.0,VJC915,20.79710549553959,106.04923180321408,9144.0
320.0,VJC916,1.4178020428175693,104.03285639387565,9144.0
320.0,VJC970,1.3553071167120365,104.15009037711533,9144.0
320.0,VTI105,19.30933698221435,73.07293346143238,9144.0
320.0,WCM3806,3.0604541271350127,102.13930355609949,9144.0
320.0,WCM6602,1.7672352459066787,110.78808086184169,9144.0
320.0,XAX674,3.049797408056783,101.6423066305261,9144.0
330.0,VJC813,10.392169056422434,106.2202896217419,9144.0
330.0,VJC815,10.192109100277227,106.38697306042002,9144.0
330.0,VJC915,20.77345210776887,106.05281274410027,9144.0
330.0,VJC916,1.437054031484539,104.02406203368277,9144.0
330.0,VJC970,1.3754255698181062,104.14467439024206,9144.0
330.0,VTI105,19.316099477521494,73.10011741287721,9144.0
330.0,WCM3806,3.0672154934534697,102.16518644992243,9144.0
330.0,WCM6602,1.7828860693941857,110.80713686792416,9144.0
330.0,XAX674,3.064145341845198,101.6567869075131,9144.0
330.0,VJC813,10.392169056422434,106.2202896217419,9144.0
330.0,VJC815,10.192109100277227,106.38697306042002,9144.0
330.0,VJC915,20.77345210776887,106.05281274410027,9144.0
330.0,VJC916,1.437054031484539,104.02406203368277,9144.0
330.0,VJC970,1.3754255698181062,104.14467439024206,9144.0
330.0,VTI105,19.316099477521494,73.10011741287721,9144.0
330.0,WCM3806,3.0672154934534697,102.16518644992243,9144.0
330.0,WCM6602,1.7828860693941857,110.80713686792416,9144.0
330.0,XAX674,3.064145341845198,101.6567869075131,9144.0
340.0,VJC813,10.373578274464,106.20373297208917,9144.0
340.0,VJC815,10.165841008612308,106.38026427792354,9144.0
340.0,VJC915,20.7498066133721,106.056452258177,9144.0
340.0,VJC916,1.456903169209184,104.01499471258096,9144.0
340.0,VJC970,1.394803782518168,104.13522331153283,9144.0
340.0,VTI105,19.31889943903565,73.12840268258867,9144.0
340.0,WCM3806,3.0740539184148146,102.19136844230444,9144.0
340.0,WCM6602,1.7992154525245043,110.82701983003834,9144.0
340.0,XAX674,3.075302411047008,101.67385444161516,9144.0
340.0,VJC813,10.373578274464,106.20373297208917,9144.0
340.0,VJC815,10.165841008612308,106.38026427792354,9144.0
340.0,VJC915,20.7498066133721,106.056452258177,9144.0
340.0,VJC916,1.456903169209184,104.01499471258096,9144.0
340.0,VJC970,1.394803782518168,104.13522331153283,9144.0
340.0,VTI105,19.31889943903565,73.12840268258867,9144.0
340.0,WCM3806,3.0740539184148146,102.19136844230444,9144.0
340.0,WCM6602,1.7992154525245043,110.82701983003834,9144.0
340.0,XAX674,3.075302411047008,101.67385444161516,9144.0
350.0,VJC813,10.355011104103646,106.1871499443711,9144.0
350.0,VJC815,10.139334543318743,106.37349580061355,9144.0
350.0,VJC915,20.72553125261565,106.06018752011785,9144.0
350.0,VJC916,1.4776455557703079,104.00821714824384,9144.0
350.0,VJC970,1.4120390695284852,104.1222683168416,9144.0
350.0,VTI105,19.31858844196713,73.15684117872527,9144.0
350.0,WCM3806,3.080705304050301,102.21759887721082,9144.0
350.0,WCM6602,1.8155179118538276,110.84692507400425,9144.0
350.0,XAX674,3.082815401923685,101.69281591133905,9144.0
350.0,VJC813,10.355011104103646,106.1871499443711,9144.0
350.0,VJC815,10.139334543318743,106.37349580061355,9144.0
350.0,VJC915,20.72553125261565,106.06018752011785,9144.0
350.0,VJC916,1.4776455557703079,104.00821714824384,9144.0
350.0,VJC970,1.4120390695284852,104.1222683168416,9144.0
350.0,VTI105,19.31858844196713,73.15684117872527,9144.0
350.0,WCM3806,3.080705304050301,102.21759887721082,9144.0
350.0,WCM6602,1.8155179118538276,110.84692507400425,9144.0
350.0,XAX674,3.082815401923685,101.69281591133905,9144.0
360.0,VJC813,10.335312245934627,106.16956016766287,9144.0
360.0,VJC815,10.112887781993411,106.36649102906803,9144.0
360.0,VJC915,20.7012558051513,106.06392153953308,9144.0
360.0,VJC916,1.4988220122786258,104.0012976099084,9144.0
360.0,VJC970,1.4261319681830105,104.10656200328634,9144.0
360.0,VTI105,19.32101293490541,73.1851657250873,9144.0
360.0,WCM3806,3.0873405987259197,102.24376995421927,9144.0
360.0,WCM6602,1.832017770927466,110.86707215698974,9144.0
360.0,XAX674,3.0863791276361803,101.71290102562747,9144.0
360.0,VJC813,10.335312245934627,106.16956016766287,9144.0
360.0,VJC815,10.112887781993411,106.36649102906803,9144.0
360.0,VJC915,20.7012558051513,106.06392153953308,9144.0
360.0,VJC916,1.4988220122786258,104.0012976099084,9144.0
360.0,VJC970,1.4261319681830105,104.10656200328634,9144.0
360.0,VTI105,19.32101293490541,73.1851657250873,9144.0
360.0,WCM3806,3.0873405987259197,102.24376995421927,9144.0
360.0,WCM6602,1.832017770927466,110.86707215698974,9144.0
360.0,XAX674,3.0863791276361803,101.71290102562747,9144.0
370.0,VJC813,10.31546355935238,106.15214639282948,9144.0
370.0,VJC815,10.085849646954856,106.35933087578734,9144.0
370.0,VJC915,20.676977183111287,106.06763130307017,9144.0
370.0,VJC916,1.519859220047361,103.99396526547127,9144.0
370.0,VJC970,1.4369168011982825,104.08842255571058,9144.0
370.0,VTI105,19.323469832263445,73.21394582099995,9144.0
370.0,WCM3806,3.0939627234698026,102.26994453979194,9144.0
370.0,WCM6602,1.848480026273162,110.88725019545923,9144.0
370.0,XAX674,3.0859071528121604,101.73362762770007,9144.0
370.0,VJC813,10.31546355935238,106.15214639282948,9144.0
370.0,VJC815,10.085849646954856,106.35933087578734,9144.0
370.0,VJC915,20.676977183111287,106.06763130307017,9144.0
370.0,VJC916,1.519859220047361,103.99396526547127,9144.0
370.0,VJC970,1.4369168011982825,104.08842255571058,9144.0
370.0,VTI105,19.323469832263445,73.21394582099995,9144.0
370.0,WCM3806,3.0939627234698026,102.26994453979194,9144.0
370.0,WCM6602,1.848480026273162,110.88725019545923,9144.0
370.0,XAX674,3.0859071528121604,101.73362762770007,9144.0
380.0,VJC813,10.294448365020793,106.13371312416547,9144.0
380.0,VJC815,10.058811249650688,106.35217234437127,9144.0
380.0,VJC915,20.65238529486696,106.07138767714896,9144.0
380.0,VJC916,1.5417521556598246,103.98633449801301,9144.0
380.0,VJC970,1.444629957587299,104.06744688696976,9144.0
380.0,VTI105,19.325880751926647,73.24273070772418,9144.0
380.0,WCM3806,3.100386599333687,102.29616878783379,9144.0
380.0,WCM6602,1.8652951930192843,110.90786164931308,9144.0
380.0,XAX674,3.089517974206679,101.75457901898818,9144.0
380.0,VJC813,10.294448365020793,106.13371312416547,9144.0
380.0,VJC815,10.058811249650688,106.35217234437127,9144.0
380.0,VJC915,20.65238529486696,106.07138767714896,9144.0
380.0,VJC916,1.5417521556598246,103.98633449801301,9144.0
380.0,VJC970,1.444629957587299,104.06744688696976,9144.0
380.0,VTI105,19.325880751926647,73.24273070772418,9144.0
380.0,WCM3806,3.100386599333687,102.29616878783379,9144.0
380.0,WCM6602,1.8652951930192843,110.90786164931308,9144.0
380.0,XAX674,3.089517974206679,101.75457901898818,9144.0
390.0,VJC813,10.270986265249563,106.11863567232132,9144.0
390.0,VJC815,10.031736598166814,106.34515716239089,9144.0
390.0,VJC915,20.627778847591202,106.07503294884975,9144.0
390.0,VJC916,1.563676210857828,103.9787935937412,9144.0
390.0,VJC970,1.4556869693708028,104.04802582318742,9144.0
390.0,VTI105,19.328042564828696,73.27153818705759,9144.0
390.0,WCM3806,3.106973883012495,102.32260649879072,9144.0
390.0,WCM6602,1.882140123995494,110.92844895737665,9144.0
390.0,XAX674,3.097226531029193,101.77523252335843,9144.0
390.0,VJC813,10.270986265249563,106.11863567232132,9144.0
390.0,VJC815,10.031736598166814,106.34515716239089,9144.0
390.0,VJC915,20.627778847591202,106.07503294884975,9144.0
390.0,VJC916,1.563676210857828,103.9787935937412,9144.0
390.0,VJC970,1.4556869693708028,104.04802582318742,9144.0
390.0,VTI105,19.328042564828696,73.27153818705759,9144.0
390.0,WCM3806,3.106973883012495,102.32260649879072,9144.0
390.0,WCM6602,1.882140123995494,110.92844895737665,9144.0
390.0,XAX674,3.097226531029193,101.77523252335843,9144.0
400.0,VJC813,10.245695682889366,106.1073108299748,9144.0
400.0,VJC815,10.004367340274795,106.33806708602675,9144.0
400.0,VJC915,20.60304729888196,106.07869552704598,9144.0
400.0,VJC916,1.5872278931398662,103.97069265109408,9144.0
400.0,VJC970,1.4676338902266943,104.02704107587353,9144.0
400.0,VTI105,19.330323929351117,73.30066140824587,9144.0
400.0,WCM3806,3.113634371266712,102.34934243989663,9144.0
400.0,WCM6602,1.8993751750105488,110.94951390562262,9144.0
400.0,XAX674,3.1086308592794394,101.79409336245484,9144.0
400.0,VJC813,10.245695682889366,106.1073108299748,9144.0
400.0,VJC815,10.004367340274795,106.33806708602675,9144.0
400.0,VJC915,20.60304729888196,106.07869552704598,9144.0
400.0,VJC916,1.5872278931398662,103.97069265109408,9144.0
400.0,VJC970,1.4676338902266943,104.02704107587353,9144.0
400.0,VTI105,19.330323929351117,73.30066140824587,9144.0
400.0,WCM3806,3.113634371266712,102.34934243989663,9144.0
400.0,WCM6602,1.8993751750105488,110.94951390562262,9144.0
400.0,XAX674,3.1086308592794394,101.79409336245484,9144.0
410.0,VJC813,10.218975852074077,106.09989676010944,9144.0
410.0,VJC815,9.977047076557485,106.33078538810844,9144.0
410.0,VJC915,20.57834223349646,106.08255608768081,9144.0
410.0,VJC916,1.6107622834696382,103.96254147751631,9144.0
410.0,VJC970,1.4831576219426608,104.00804756658917,9144.0
410.0,VTI105,19.332608642943494,73.3299146853981,9144.0
410.0,WCM3806,3.1204241813228792,102.37604590758123,9144.0
410.0,WCM6602,1.9166091625689814,110.97057993597161,9144.0
410.0,XAX674,3.1233342145213867,101.81050539419029,9144.0
410.0,VJC813,10.218975852074077,106.09989676010944,9144.0
410.0,VJC815,9.977047076557485,106.33078538810844,9144.0
410.0,VJC915,20.57834223349646,106.08255608768081,9144.0
410.0,VJC916,1.6107622834696382,103.96254147751631,9144.0
410.0,VJC970,1.4831576219426608,104.00804756658917,9144.0
410.0,VTI105,19.332608642943494,73.3299146853981,9144.0
410.0,WCM3806,3.1204241813228792,102.37604590758123,9144.0
410.0,WCM6602,1.9166091625689814,110.97057993597161,9144.0
410.0,XAX674,3.1233342145213867,101.81050539419029,9144.0
420.0,VJC813,10.191470627130412,106.09658096596503,9144.0
420.0,VJC815,9.949433776319403,106.32342707073852,9144.0
420.0,VJC915,20.552398335893173,106.0866088571857,9144.0
420.0,VJC916,1.6353040698618957,103.95404116047285,9144.0
420.0,VJC970,1.5024411005101939,103.99092570188965,9144.0
420.0,VTI105,19.33486141710403,73.35917114796848,9144.0
420.0,WCM3806,3.1272280892905835,102.40280916387177,9144.0
420.0,WCM6602,1.933879279139283,110.99161653757727,9144.0
420.0,XAX674,3.1420480496098335,101.82525755392983,9144.0
420.0,VJC813,10.191470627130412,106.09658096596503,9144.0
420.0,VJC815,9.949433776319403,106.32342707073852,9144.0
420.0,VJC915,20.552398335893173,106.0866088571857,9144.0
420.0,VJC916,1.6353040698618957,103.95404116047285,9144.0
420.0,VJC970,1.5024411005101939,103.99092570188965,9144.0
420.0,VTI105,19.33486141710403,73.35917114796848,9144.0
420.0,WCM3806,3.1272280892905835,102.40280916387177,9144.0
420.0,WCM6602,1.933879279139283,110.99161653757727,9144.0
420.0,XAX674,3.1420480496098335,101.82525755392983,9144.0
430.0,VJC813,10.163821761192887,106.09490299956921,9144.0
430.0,VJC815,9.921775884181981,106.31624406157454,9144.0
430.0,VJC915,20.526605126354347,106.0916396103581,9144.0
430.0,VJC916,1.659874614296227,103.94562429574276,9144.0
430.0,VJC970,1.5241982434373709,103.97708476507592,9144.0
430.0,VTI105,19.337265593685068,73.38841450458155,9144.0
430.0,WCM3806,3.133858544703845,102.42961621824278,9144.0
430.0,WCM6602,1.9513818615501515,111.01293836020616,9144.0
430.0,XAX674,3.164449053787319,101.83769753183019,9144.0
430.0,VJC813,10.163821761192887,106.09490299956921,9144.0
430.0,VJC815,9.921775884181981,106.31624406157454,9144.0
430.0,VJC915,20.526605126354347,106.0916396103581,9144.0
430.0,VJC916,1.659874614296227,103.94562429574276,9144.0
430.0,VJC970,1.5241982434373709,103.97708476507592,9144.0
430.0,VTI105,19.337265593685068,73.38841450458155,9144.0
430.0,WCM3806,3.133858544703845,102.42961621824278,9144.0
430.0,WCM6602,1.9513818615501515,111.01293836020616,9144.0
430.0,XAX674,3.164449053787319,101.83769753183019,9144.0
440.0,VJC813,10.13532394827425,106.09317381664317,9144.0
440.0,VJC815,9.89370894450739,106.30895620859218,9144.0
440.0,VJC915,20.49971877651959,106.09688170537417,9144.0
440.0,VJC916,1.6856737128863577,103.93678631237346,9144.0
440.0,VJC970,1.5478767184748097,103.96687618425509,9144.0
440.0,VTI105,19.339657347618314,73.41785406074209,9144.0
440.0,WCM3806,3.1405760248858923,102.456779545595,9144.0
440.0,WCM6602,1.968889684725138,111.03425609767768,9144.0
440.0,XAX674,3.1847816776988425,101.85367894068791,9144.0
440.0,VJC813,10.13532394827425,106.09317381664317,9144.0
440.0,VJC815,9.89370894450739,106.30895620859218,9144.0
440.0,VJC915,20.49971877651959,106.09688170537417,9144.0
440.0,VJC916,1.6856737128863577,103.93678631237346,9144.0
440.0,VJC970,1.5478767184748097,103.96687618425509,9144.0
440.0,VTI105,19.339657347618314,73.41785406074209,9144.0
440.0,WCM3806,3.1405760248858923,102.456779545595,9144.0
440.0,WCM6602,1.968889684725138,111.03425609767768,9144.0
440.0,XAX674,3.1847816776988425,101.85367894068791,9144.0
450.0,VJC813,10.107228500812012,106.08802752745991,9144.0
450.0,VJC815,9.865669859147257,106.30155933022368,9144.0
450.0,VJC915,20.472801548515783,106.10193907528809,9144.0
450.0,VJC916,1.71142850440726,103.92781980394359,9144.0
450.0,VJC970,1.5731075047231549,103.96045949442427,9144.0
450.0,VTI105,19.341818030777212,73.44731406678684,9144.0
450.0,WCM3806,3.147288555913845,102.48394427488101,9144.0
450.0,WCM6602,1.9866291506560385,111.05585768017187,9144.0
450.0,XAX674,3.20247802628892,101.87280264454638,9144.0
450.0,VJC813,10.107228500812012,106.08802752745991,9144.0
450.0,VJC815,9.865669859147257,106.30155933022368,9144.0
450.0,VJC915,20.472801548515783,106.10193907528809,9144.0
450.0,VJC916,1.71142850440726,103.92781980394359,9144.0
450.0,VJC970,1.5731075047231549,103.96045949442427,9144.0
450.0,VTI105,19.341818030777212,73.44731406678684,9144.0
450.0,WCM3806,3.147288555913845,102.48394427488101,9144.0
450.0,WCM6602,1.9866291506560385,111.05585768017187,9144.0
450.0,XAX674,3.20247802628892,101.87280264454638,9144.0
460.0,VJC813,10.078717636250758,106.08280608712181,9144.0
460.0,VJC815,9.83739809341233,106.29410247849691,9144.0
460.0,VJC915,20.445342409153465,106.10709637784467,9144.0
460.0,VJC916,1.7374725039949293,103.91875233196856,9144.0
460.0,VJC970,1.5989170915268547,103.9570521903839,9144.0
460.0,VTI105,19.343984114408943,73.47716173680669,9144.0
460.0,WCM3806,3.1539465664592563,102.51112263279697,9144.0
460.0,WCM6602,2.0043296354988422,111.07749148685274,9144.0
460.0,XAX674,3.217035802152239,101.89456945532797,9144.0
460.0,VJC813,10.078717636250758,106.08280608712181,9144.0
460.0,VJC815,9.83739809341233,106.29410247849691,9144.0
460.0,VJC915,20.445342409153465,106.10709637784467,9144.0
460.0,VJC916,1.7374725039949293,103.91875233196856,9144.0
460.0,VJC970,1.5989170915268547,103.9570521903839,9144.0
460.0,VTI105,19.343984114408943,73.47716173680669,9144.0
460.0,WCM3806,3.1539465664592563,102.51112263279697,9144.0
460.0,WCM6602,2.0043296354988422,111.07749148685274,9144.0
460.0,XAX674,3.217035802152239,101.89456945532797,9144.0
470.0,VJC813,10.050206672490742,106.07758566667178,9144.0
470.0,VJC815,9.809108214631397,106.28671735814565,9144.0
470.0,VJC915,20.417837327913237,106.1119659964372,9144.0
470.0,VJC916,1.7644757257197483,103.91315866950079,9144.0
470.0,VJC970,1.6250962767343826,103.95359600460822,9144.0
470.0,VTI105,19.346427195977228,73.50698582038794,9144.0
470.0,WCM3806,3.1606443704341847,102.53847951954529,9144.0
470.0,WCM6602,2.022337052412707,111.09950209100984,9144.0
470.0,XAX674,3.2280113087456215,101.91835100929035,9144.0
470.0,VJC813,10.050206672490742,106.07758566667178,9144.0
470.0,VJC815,9.809108214631397,106.28671735814565,9144.0
470.0,VJC915,20.417837327913237,106.1119659964372,9144.0
470.0,VJC916,1.7644757257197483,103.91315866950079,9144.0
470.0,VJC970,1.6250962767343826,103.95359600460822,9144.0
470.0,VTI105,19.346427195977228,73.50698582038794,9144.0
470.0,WCM3806,3.1606443704341847,102.53847951954529,9144.0
470.0,WCM6602,2.022337052412707,111.09950209100984,9144.0
470.0,XAX674,3.2280113087456215,101.91835100929035,9144.0
480.0,VJC813,10.021611938714443,106.07286180791728,9144.0
480.0,VJC815,9.780644112691258,106.27928811120613,9144.0
480.0,VJC915,20.390092054588738,106.11687633462907,9144.0
480.0,VJC916,1.7921990616757837,103.91083834280617,9144.0
480.0,VJC970,1.6504327748605745,103.94615334621318,9144.0
480.0,VTI105,19.348873881394113,73.53706776980377,9144.0
480.0,WCM3806,3.1678069374868567,102.56571824338515,9144.0
480.0,WCM6602,2.040319704044132,111.12153320348762,9144.0
480.0,XAX674,3.2351338115031756,101.9435606252381,9144.0
480.0,VJC813,10.021611938714443,106.07286180791728,9144.0
480.0,VJC815,9.780644112691258,106.27928811120613,9144.0
480.0,VJC915,20.390092054588738,106.11687633462907,9144.0
480.0,VJC916,1.7921990616757837,103.91083834280617,9144.0
480.0,VJC970,1.6504327748605745,103.94615334621318,9144.0
480.0,VTI105,19.348873881394113,73.53706776980377,9144.0
480.0,WCM3806,3.1678069374868567,102.56571824338515,9144.0
480.0,WCM6602,2.040319704044132,111.12153320348762,9144.0
480.0,XAX674,3.2351338115031756,101.9435606252381,9144.0
490.0,VJC813,9.992839241819237,106.06810943733089,9144.0
490.0,VJC815,9.75220723574517,106.2717529157785,9144.0
490.0,VJC915,20.361972244729554,106.1174213019167,9144.0
490.0,VJC916,1.820588038459476,103.90846223167271,9144.0
490.0,VJC970,1.6762437387048572,103.93857110644751,9144.0
490.0,VTI105,19.351155348973187,73.56716472171257,9144.0
490.0,WCM3806,3.175013941247974,102.59313397405812,9144.0
490.0,WCM6602,2.058530917914398,111.14384597085454,9144.0
490.0,XAX674,3.2382276185171315,101.96957636609005,9144.0
490.0,VJC813,9.992839241819237,106.06810943733089,9144.0
490.0,VJC815,9.75220723574517,106.2717529157785,9144.0
490.0,VJC915,20.361972244729554,106.1174213019167,9144.0
490.0,VJC916,1.820588038459476,103.90846223167271,9144.0
490.0,VJC970,1.6762437387048572,103.93857110644751,9144.0
490.0,VTI105,19.351155348973187,73.56716472171257,9144.0
490.0,WCM3806,3.175013941247974,102.59313397405812,9144.0
490.0,WCM6602,2.058530917914398,111.14384597085454,9144.0
490.0,XAX674,3.2382276185171315,101.96957636609005,9144.0
500.0,VJC813,9.964127417091014,106.06299199158549,9144.0
500.0,VJC815,9.72342350895206,106.26412720376362,9144.0
500.0,VJC915,20.33384954093833,106.11708698644443,9144.0
500.0,VJC916,1.8489770121288762,103.9060860455784,9144.0
500.0,VJC970,1.7020546711363125,103.9309886589276,9144.0
500.0,VTI105,19.353440879222976,73.59751863234997,9144.0
500.0,WCM3806,3.1819897075797066,102.62060982118237,9144.0
500.0,WCM6602,2.0768156507952855,111.16609870969118,9144.0
500.0,XAX674,3.2372678395335397,101.9961934633779,9144.0
500.0,VJC813,9.964127417091014,106.06299199158549,9144.0
500.0,VJC815,9.72342350895206,106.26412720376362,9144.0
500.0,VJC915,20.33384954093833,106.11708698644443,9144.0
500.0,VJC916,1.8489770121288762,103.9060860455784,9144.0
500.0,VJC970,1.7020546711363125,103.9309886589276,9144.0
500.0,VTI105,19.353440879222976,73.59751863234997,9144.0
500.0,WCM3806,3.1819897075797066,102.62060982118237,9144.0
500.0,WCM6602,2.0768156507952855,111.16609870969118,9144.0
500.0,XAX674,3.2372678395335397,101.9961934633779,9144.0
510.0,VJC813,9.935061607990967,106.05781241927022,9144.0
510.0,VJC815,9.69459365436284,106.2566836614017,9144.0
510.0,VJC915,20.305726836510928,106.11675279259049,9144.0
510.0,VJC916,1.8774208333925189,103.90449672137798,9144.0
510.0,VJC970,1.727412933930987,103.92200651876863,9144.0
510.0,VTI105,19.35579000463665,73.62786752551114,9144.0
510.0,WCM3806,3.189097768340482,102.64861412073512,9144.0
510.0,WCM6602,2.095252595647418,111.18853834001727,9144.0
510.0,XAX674,3.2322097463278587,102.02278204227194,9144.0
510.0,VJC813,9.935061607990967,106.05781241927022,9144.0
510.0,VJC815,9.69459365436284,106.2566836614017,9144.0
510.0,VJC915,20.305726836510928,106.11675279259049,9144.0
510.0,VJC916,1.8774208333925189,103.90449672137798,9144.0
510.0,VJC970,1.727412933930987,103.92200651876863,9144.0
510.0,VTI105,19.35579000463665,73.62786752551114,9144.0
510.0,WCM3806,3.189097768340482,102.64861412073512,9144.0
510.0,WCM6602,2.095252595647418,111.18853834001727,9144.0
510.0,XAX674,3.2322097463278587,102.02278204227194,9144.0
520.0,VJC813,9.905961057490108,106.05283840740053,9144.0
520.0,VJC815,9.66570590042542,106.24922653179736,9144.0
520.0,VJC915,20.277603667020365,106.11646658215464,9144.0
520.0,VJC916,1.9063463993413334,103.9028804261911,9144.0
520.0,VJC970,1.7542531210587178,103.91684759290362,9144.0
520.0,VTI105,19.35814412738029,73.65847261569715,9144.0
520.0,WCM3806,3.1958792278344657,102.67669973317474,9144.0
520.0,WCM6602,2.1136953725867027,111.21097343623914,9144.0
520.0,XAX674,3.223185843002624,102.04829510436153,9144.0
520.0,VJC813,9.905961057490108,106.05283840740053,9144.0
520.0,VJC815,9.66570590042542,106.24922653179736,9144.0
520.0,VJC915,20.277603667020365,106.11646658215464,9144.0
520.0,VJC916,1.9063463993413334,103.9028804261911,9144.0
520.0,VJC970,1.7542531210587178,103.91684759290362,9144.0
520.0,VTI105,19.35814412738029,73.65847261569715,9144.0
520.0,WCM3806,3.1958792278344657,102.67669973317474,9144.0
520.0,WCM6602,2.1136953725867027,111.21097343623914,9144.0
520.0,XAX674,3.223185843002624,102.04829510436153,9144.0
530.0,VJC813,9.876742653701248,106.04784518009699,9144.0
530.0,VJC815,9.636856954977114,106.24161702877556,9144.0
530.0,VJC915,20.249177326604258,106.11617739183097,9144.0
530.0,VJC916,1.9352498078141074,103.90090677334017,9144.0
530.0,VJC970,1.7815445435388926,103.91177063311197,9144.0
530.0,VTI105,19.360478362410902,73.68907985527088,9144.0
530.0,WCM3806,3.2027153484044444,102.70502017633926,9144.0
530.0,WCM6602,2.1322519492260326,111.23354849308,9144.0
530.0,XAX674,3.2104047119336645,102.07214286694098,9144.0
530.0,VJC813,9.876742653701248,106.04784518009699,9144.0
530.0,VJC815,9.636856954977114,106.24161702877556,9144.0
530.0,VJC915,20.249177326604258,106.11617739183097,9144.0
530.0,VJC916,1.9352498078141074,103.90090677334017,9144.0
530.0,VJC970,1.7815445435388926,103.91177063311197,9144.0
530.0,VTI105,19.360478362410902,73.68907985527088,9144.0
530.0,WCM3806,3.2027153484044444,102.70502017633926,9144.0
530.0,WCM6602,2.1322519492260326,111.23354849308,9144.0
530.0,XAX674,3.2104047119336645,102.07214286694098,9144.0
540.0,VJC813,9.847540739602564,106.04275398566124,9144.0
540.0,VJC815,9.607720175588646,106.23393299821757,9144.0
540.0,VJC915,20.2207510186484,106.11588465254408,9144.0
540.0,VJC916,1.9640331271371263,103.89894125370739,9144.0
540.0,VJC970,1.8092065220776268,103.90944842128144,9144.0
540.0,VTI105,19.362828163974076,73.72006910630394,9144.0
540.0,WCM3806,3.2097112828920142,102.73330163609951,9144.0
540.0,WCM6602,2.1507159723691402,111.25619968934772,9144.0
540.0,XAX674,3.200050510954502,102.09767491839739,9144.0
540.0,VJC813,9.847540739602564,106.04275398566124,9144.0
540.0,VJC815,9.607720175588646,106.23393299821757,9144.0
540.0,VJC915,20.2207510186484,106.11588465254408,9144.0
540.0,VJC916,1.9640331271371263,103.89894125370739,9144.0
540.0,VJC970,1.8092065220776268,103.90944842128144,9144.0
540.0,VTI105,19.362828163974076,73.72006910630394,9144.0
540.0,WCM3806,3.2097112828920142,102.73330163609951,9144.0
540.0,WCM6602,2.1507159723691402,111.25619968934772,9144.0
540.0,XAX674,3.200050510954502,102.09767491839739,9144.0
550.0,VJC813,9.818162491025605,106.03763299481591,9144.0
550.0,VJC815,9.578576356304328,106.2262771376493,9144.0
550.0,VJC915,20.191841891302314,106.1155870508288,9144.0
550.0,VJC916,1.9928254027039263,103.89711174115779,9144.0
550.0,VJC970,1.8369900019695213,103.90711593789105,9144.0
550.0,VTI105,19.365226936077455,73.75105459764893,9144.0
550.0,WCM3806,3.216763331950464,102.76181688889758,9144.0
550.0,WCM6602,2.169368577129145,111.27908377438983,9144.0
550.0,XAX674,3.1896495454274043,102.12331987939895,9144.0
550.0,VJC813,9.818162491025605,106.03763299481591,9144.0
550.0,VJC815,9.578576356304328,106.2262771376493,9144.0
550.0,VJC915,20.191841891302314,106.1155870508288,9144.0
550.0,VJC916,1.9928254027039263,103.89711174115779,9144.0
550.0,VJC970,1.8369900019695213,103.90711593789105,9144.0
550.0,VTI105,19.365226936077455,73.75105459764893,9144.0
550.0,WCM3806,3.216763331950464,102.76181688889758,9144.0
550.0,WCM6602,2.169368577129145,111.27908377438983,9144.0
550.0,XAX674,3.1896495454274043,102.12331987939895,9144.0
560.0,VJC813,9.788773671262925,106.03257531059198,9144.0
560.0,VJC815,9.549260203867343,106.2185774061181,9144.0
560.0,VJC915,20.162932700350417,106.11529660202244,9144.0
560.0,VJC916,2.0219775375196094,103.89525929721889,9144.0
560.0,VJC970,1.8647734788346748,103.90478338185964,9144.0
560.0,VTI105,19.367622170052126,73.78216814019216,9144.0
560.0,WCM3806,3.224043278030262,102.79027483480989,9144.0
560.0,WCM6602,2.188127328215998,111.30188108824143,9144.0
560.0,XAX674,3.179247758840983,102.14896424732635,9144.0
560.0,VJC813,9.788773671262925,106.03257531059198,9144.0
560.0,VJC815,9.549260203867343,106.2185774061181,9144.0
560.0,VJC915,20.162932700350417,106.11529660202244,9144.0
560.0,VJC916,2.0219775375196094,103.89525929721889,9144.0
560.0,VJC970,1.8647734788346748,103.90478338185964,9144.0
560.0,VTI105,19.367622170052126,73.78216814019216,9144.0
560.0,WCM3806,3.224043278030262,102.79027483480989,9144.0
560.0,WCM6602,2.188127328215998,111.30188108824143,9144.0
560.0,XAX674,3.179247758840983,102.14896424732635,9144.0
570.0,VJC813,9.759150257402887,106.02747819563051,9144.0
570.0,VJC815,9.519938548517226,106.21089991167777,9144.0
570.0,VJC915,20.13384316005989,106.1150044498894,9144.0
570.0,VJC916,2.0511277480359413,103.8933767436921,9144.0
570.0,VJC970,1.8926109589811375,103.90322325460994,9144.0
570.0,VTI105,19.369915618619295,73.81329073647859,9144.0
570.0,WCM3806,3.231380982726168,102.81896548658015,9144.0
570.0,WCM6602,2.207112944475808,111.32495557580107,9144.0
570.0,XAX674,3.1727570015068745,102.17586955489355,9144.0
570.0,VJC813,9.759150257402887,106.02747819563051,9144.0
570.0,VJC815,9.519938548517226,106.21089991167777,9144.0
570.0,VJC915,20.13384316005989,106.1150044498894,9144.0
570.0,VJC916,2.0511277480359413,103.8933767436921,9144.0
570.0,VJC970,1.8926109589811375,103.90322325460994,9144.0
570.0,VTI105,19.369915618619295,73.81329073647859,9144.0
570.0,WCM3806,3.231380982726168,102.81896548658015,9144.0
570.0,WCM6602,2.207112944475808,111.32495557580107,9144.0
570.0,XAX674,3.1727570015068745,102.17586955489355,9144.0
580.0,VJC813,9.72952129261025,106.02241485767945,9144.0
580.0,VJC815,9.49033052824727,106.2031488425067,9144.0
580.0,VJC915,20.10475361927894,106.1147124074777,9144.0
580.0,VJC916,2.0806362685306508,103.89147098009508,9144.0
580.0,VJC970,1.9209336463236941,103.90163588289113,9144.0
580.0,VTI105,19.372214635154524,73.84466728045341,9144.0
580.0,WCM3806,3.238509090675091,102.8477092993042,9144.0
580.0,WCM6602,2.226055794145497,111.3480655330762,9144.0
580.0,XAX674,3.170335179499454,102.20338106439246,9144.0
580.0,VJC813,9.72952129261025,106.02241485767945,9144.0
580.0,VJC815,9.49033052824727,106.2031488425067,9144.0
580.0,VJC915,20.10475361927894,106.1147124074777,9144.0
580.0,VJC916,2.0806362685306508,103.89147098009508,9144.0
580.0,VJC970,1.9209336463236941,103.90163588289113,9144.0
580.0,VTI105,19.372214635154524,73.84466728045341,9144.0
580.0,WCM3806,3.238509090675091,102.8477092993042,9144.0
580.0,WCM6602,2.226055794145497,111.3480655330762,9144.0
580.0,XAX674,3.170335179499454,102.20338106439246,9144.0
590.0,VJC813,9.699658343326803,106.0173124736797,9144.0
590.0,VJC815,9.460719281059896,106.19541112271882,9144.0
590.0,VJC915,20.07566520173228,106.11431324239229,9144.0
590.0,VJC916,2.110148986245693,103.88963141212075,9144.0
590.0,VJC970,1.9492353953215809,103.89971057036,9144.0
590.0,VTI105,19.37463548306835,73.87603399255683,9144.0
590.0,WCM3806,3.2456787981333783,102.87662766129216,9144.0
590.0,WCM6602,2.245224022765854,111.37145196248662,9144.0
590.0,XAX674,3.1712836019830446,102.23098297562171,9144.0
590.0,VJC813,9.699658343326803,106.0173124736797,9144.0
590.0,VJC815,9.460719281059896,106.19541112271882,9144.0
590.0,VJC915,20.07566520173228,106.11431324239229,9144.0
590.0,VJC916,2.110148986245693,103.88963141212075,9144.0
590.0,VJC970,1.9492353953215809,103.89971057036,9144.0
590.0,VTI105,19.37463548306835,73.87603399255683,9144.0
590.0,WCM3806,3.2456787981333783,102.87662766129216,9144.0
590.0,WCM6602,2.245224022765854,111.37145196248662,9144.0
590.0,XAX674,3.1712836019830446,102.23098297562171,9144.0
600.0,VJC813,9.66980291373153,106.01216545571965,9144.0
600.0,VJC815,9.43076569106442,106.18758536354532,9144.0
600.0,VJC915,20.046097740611096,106.11390765614347,9144.0
600.0,VJC916,2.1398997710090466,103.88777693431129,9144.0
600.0,VJC970,1.978019215878385,103.89775239689402,9144.0
600.0,VTI105,19.37704352589661,73.90740227583812,9144.0
600.0,WCM3806,3.252983991768378,102.90551219491398,9144.0
600.0,WCM6602,2.264351161988389,111.39487236923726,9144.0
600.0,XAX674,3.1685546713384216,102.25846558579318,9144.0
600.0,VJC813,9.66980291373153,106.01216545571965,9144.0
600.0,VJC815,9.43076569106442,106.18758536354532,9144.0
600.0,VJC915,20.046097740611096,106.11390765614347,9144.0
600.0,VJC916,2.1398997710090466,103.88777693431129,9144.0
600.0,VJC970,1.978019215878385,103.89775239689402,9144.0
600.0,VTI105,19.37704352589661,73.90740227583812,9144.0
600.0,WCM3806,3.252983991768378,102.90551219491398,9144.0
600.0,WCM6602,2.264351161988389,111.39487236923726,9144.0
600.0,XAX674,3.1685546713384216,102.25846558579318,9144.0
610.0,VJC813,9.639423607972828,106.006929088574,9144.0
610.0,VJC815,9.40081190842006,106.17976104049511,9144.0
610.0,VJC915,20.01652821658341,106.113745624878,9144.0
610.0,VJC916,2.16964636495487,103.88585627743083,9144.0
610.0,VJC970,2.0068134657763124,103.89595424818691,9144.0
610.0,VTI105,19.37939100866731,73.93877616919158,9144.0
610.0,WCM3806,3.2603314839086135,102.93457073107332,9144.0
610.0,WCM6602,2.283590096921232,111.418431187972,9144.0
610.0,XAX674,3.1658546111103103,102.2856427493766,9144.0
610.0,VJC813,9.639423607972828,106.006929088574,9144.0
610.0,VJC815,9.40081190842006,106.17976104049511,9144.0
610.0,VJC915,20.01652821658341,106.113745624878,9144.0
610.0,VJC916,2.16964636495487,103.88585627743083,9144.0
610.0,VJC970,2.0068134657763124,103.89595424818691,9144.0
610.0,VTI105,19.37939100866731,73.93877616919158,9144.0
610.0,WCM3806,3.2603314839086135,102.93457073107332,9144.0
610.0,WCM6602,2.283590096921232,111.418431187972,9144.0
610.0,XAX674,3.1658546111103103,102.2856427493766,9144.0
620.0,VJC813,9.60904096628803,106.001713141582,9144.0
620.0,VJC815,9.37084683769947,106.17198192364843,9144.0
620.0,VJC915,19.986601151743344,106.1135816964583,9144.0
620.0,VJC916,2.199630326252189,103.88392021776968,9144.0
620.0,VJC970,2.0362066751135397,103.89411863011274,9144.0
620.0,VTI105,19.381742755558278,73.97034019625362,9144.0
620.0,WCM3806,3.267593511705805,102.963651023258,9144.0
620.0,WCM6602,2.3028848991390136,111.44194451724097,9144.0
620.0,XAX674,3.1645000140669968,102.31292036577905,9144.0
620.0,VJC813,9.60904096628803,106.001713141582,9144.0
620.0,VJC815,9.37084683769947,106.17198192364843,9144.0
620.0,VJC915,19.986601151743344,106.1135816964583,9144.0
620.0,VJC916,2.199630326252189,103.88392021776968,9144.0
620.0,VJC970,2.0362066751135397,103.89411863011274,9144.0
620.0,VTI105,19.381742755558278,73.97034019625362,9144.0
620.0,WCM3806,3.267593511705805,102.963651023258,9144.0
620.0,WCM6602,2.3028848991390136,111.44194451724097,9144.0
620.0,XAX674,3.1645000140669968,102.31292036577905,9144.0
630.0,VJC813,9.578484344796777,105.99646829911359,9144.0
630.0,VJC815,9.34054068159474,106.1641157375211,9144.0
630.0,VJC915,19.95667724023023,106.1130913125319,9144.0
630.0,VJC916,2.229625318785728,103.88216356361325,9144.0
630.0,VJC970,2.065595048650058,103.89220702259875,9144.0
630.0,VTI105,19.38413715483786,74.00190108353837,9144.0
630.0,WCM3806,3.2749691112842245,102.99319289374824,9144.0
630.0,WCM6602,2.322329037309405,111.46564134295285,9144.0
630.0,XAX674,3.163113605465609,102.34080947982397,9144.0
630.0,VJC813,9.578484344796777,105.99646829911359,9144.0
630.0,VJC815,9.34054068159474,106.1641157375211,9144.0
630.0,VJC915,19.95667724023023,106.1130913125319,9144.0
630.0,VJC916,2.229625318785728,103.88216356361325,9144.0
630.0,VJC970,2.065595048650058,103.89220702259875,9144.0
630.0,VTI105,19.38413715483786,74.00190108353837,9144.0
630.0,WCM3806,3.2749691112842245,102.99319289374824,9144.0
630.0,WCM6602,2.322329037309405,111.46564134295285,9144.0
630.0,XAX674,3.163113605465609,102.34080947982397,9144.0
640.0,VJC813,9.547930878671092,105.99120505769288,9144.0
640.0,VJC815,9.310448891059877,106.15544616766505,9144.0
640.0,VJC915,19.926397320009816,106.11259528384343,9144.0
640.0,VJC916,2.259797967854505,103.88039643267044,9144.0
640.0,VJC970,2.0952812690299623,103.89027596927211,9144.0
640.0,VTI105,19.386545704149004,74.03377711739729,9144.0
640.0,WCM3806,3.282284391108168,103.0227500239032,9144.0
640.0,WCM6602,2.3417118186476986,111.48938879127677,9144.0
640.0,XAX674,3.165834808137623,102.36859989504936,9144.0
640.0,VJC813,9.547930878671092,105.99120505769288,9144.0
640.0,VJC815,9.310448891059877,106.15544616766505,9144.0
640.0,VJC915,19.926397320009816,106.11259528384343,9144.0
640.0,VJC916,2.259797967854505,103.88039643267044,9144.0
640.0,VJC970,2.0952812690299623,103.89027596927211,9144.0
640.0,VTI105,19.386545704149004,74.03377711739729,9144.0
640.0,WCM3806,3.282284391108168,103.0227500239032,9144.0
640.0,WCM6602,2.3417118186476986,111.48938879127677,9144.0
640.0,XAX674,3.165834808137623,102.36859989504936,9144.0
650.0,VJC813,9.517146043138343,105.98590293879505,9144.0
650.0,VJC815,9.28156801519992,106.14280625971178,9144.0
650.0,VJC915,19.896115553041437,106.11224965619307,9144.0
650.0,VJC916,2.2899463587357207,103.87825435393478,9144.0
650.0,VJC970,2.1249727127324824,103.88842704156791,9144.0
650.0,VTI105,19.38893838358389,74.06565496287335,9144.0
650.0,WCM3806,3.28968331732338,103.05265200393919,9144.0
650.0,WCM6602,2.361205814195271,111.51327404722487,9144.0
650.0,XAX674,3.1716707169633396,102.39609218827856,9144.0
650.0,VJC813,9.517146043138343,105.98590293879505,9144.0
650.0,VJC815,9.28156801519992,106.14280625971178,9144.0
650.0,VJC915,19.896115553041437,106.11224965619307,9144.0
650.0,VJC916,2.2899463587357207,103.87825435393478,9144.0
650.0,VJC970,2.1249727127324824,103.88842704156791,9144.0
650.0,VTI105,19.38893838358389,74.06565496287335,9144.0
650.0,WCM3806,3.28968331732338,103.05265200393919,9144.0
650.0,WCM6602,2.361205814195271,111.51327404722487,9144.0
650.0,XAX674,3.1716707169633396,102.39609218827856,9144.0
660.0,VJC813,9.486367289145438,105.98056512413538,9144.0
660.0,VJC815,9.254343665515789,106.12636617111114,9144.0
660.0,VJC915,19.865597255428895,106.11190146265169,9144.0
660.0,VJC916,2.31866409962887,103.87621384052575,9144.0
660.0,VJC970,2.155020260805809,103.88655586623028,9144.0
660.0,VTI105,19.39133559512775,74.0977218922535,9144.0
660.0,WCM3806,3.2972157987753055,103.08252073595789,9144.0
660.0,WCM6602,2.3807496494403866,111.5371188070288,9144.0
660.0,XAX674,3.1774929805080654,102.4235252753614,9144.0
660.0,VJC813,9.486367289145438,105.98056512413538,9144.0
660.0,VJC815,9.254343665515789,106.12636617111114,9144.0
660.0,VJC915,19.865597255428895,106.11190146265169,9144.0
660.0,VJC916,2.31866409962887,103.87621384052575,9144.0
660.0,VJC970,2.155020260805809,103.88655586623028,9144.0
660.0,VTI105,19.39133559512775,74.0977218922535,9144.0
660.0,WCM3806,3.2972157987753055,103.08252073595789,9144.0
660.0,WCM6602,2.3807496494403866,111.5371188070288,9144.0
660.0,XAX674,3.1774929805080654,102.4235252753614,9144.0
670.0,VJC813,9.455530740061722,105.97521827112153,9144.0
670.0,VJC815,9.227118072730118,106.1090276124018,9144.0
670.0,VJC915,19.835078764933883,106.11157300052453,9144.0
670.0,VJC916,2.3473784006585117,103.87412535893328,9144.0
670.0,VJC970,2.185062841418478,103.88460641344024,9144.0
670.0,VTI105,19.393734657013383,74.1297891387514,9144.0
670.0,WCM3806,3.3047322874389145,103.11233287690439,9144.0
670.0,WCM6602,2.400404732687833,111.5611008923622,9144.0
670.0,XAX674,3.18331325985442,102.45095893963281,9144.0
670.0,VJC813,9.455530740061722,105.97521827112153,9144.0
670.0,VJC815,9.227118072730118,106.1090276124018,9144.0
670.0,VJC915,19.835078764933883,106.11157300052453,9144.0
670.0,VJC916,2.3473784006585117,103.87412535893328,9144.0
670.0,VJC970,2.185062841418478,103.88460641344024,9144.0
670.0,VTI105,19.393734657013383,74.1297891387514,9144.0
670.0,WCM3806,3.3047322874389145,103.11233287690439,9144.0
670.0,WCM6602,2.400404732687833,111.5611008923622,9144.0
670.0,XAX674,3.18331325985442,102.45095893963281,9144.0
680.0,VJC813,9.424693747942612,105.96987452294732,9144.0
680.0,VJC815,9.199891483557018,106.09169199591905,9144.0
680.0,VJC915,19.804147910533963,106.1112402290412,9144.0
680.0,VJC916,2.3756104379371723,103.87207186998916,9144.0
680.0,VJC970,2.215459982786012,103.88263387377103,9144.0
680.0,VTI105,19.396124320334607,74.16185764483927,9144.0
680.0,WCM3806,3.312365900942429,103.14211537245812,9144.0
680.0,WCM6602,2.4199796388263892,111.58514892602905,9144.0
680.0,XAX674,3.1889595387342133,102.4784292066945,9144.0
680.0,VJC813,9.424693747942612,105.96987452294732,9144.0
680.0,VJC815,9.199891483557018,106.09169199591905,9144.0
680.0,VJC915,19.804147910533963,106.1112402290412,9144.0
680.0,VJC916,2.3756104379371723,103.87207186998916,9144.0
680.0,VJC970,2.215459982786012,103.88263387377103,9144.0
680.0,VTI105,19.396124320334607,74.16185764483927,9144.0
680.0,WCM3806,3.312365900942429,103.14211537245812,9144.0
680.0,WCM6602,2.4199796388263892,111.58514892602905,9144.0
680.0,XAX674,3.1889595387342133,102.4784292066945,9144.0
690.0,VJC813,9.393626210668254,105.96449181241631,9144.0
690.0,VJC815,9.172739861008377,106.07423747255748,9144.0
690.0,VJC915,19.773217174781735,106.110895291157,9144.0
690.0,VJC916,2.403718846956402,103.86872604656863,9144.0
690.0,VJC970,2.245861924057265,103.8807368247464,9144.0
690.0,VTI105,19.398481211173923,74.19392934135735,9144.0
690.0,WCM3806,3.319909839730156,103.17155472506515,9144.0
690.0,WCM6602,2.4395539269027133,111.60919781230315,9144.0
690.0,XAX674,3.1946529273243667,102.5061383781771,9144.0
690.0,VJC813,9.393626210668254,105.96449181241631,9144.0
690.0,VJC815,9.172739861008377,106.07423747255748,9144.0
690.0,VJC915,19.773217174781735,106.110895291157,9144.0
690.0,VJC916,2.403718846956402,103.86872604656863,9144.0
690.0,VJC970,2.245861924057265,103.8807368247464,9144.0
690.0,VTI105,19.398481211173923,74.19392934135735,9144.0
690.0,WCM3806,3.319909839730156,103.17155472506515,9144.0
690.0,WCM6602,2.4395539269027133,111.60919781230315,9144.0
690.0,XAX674,3.1946529273243667,102.5061383781771,9144.0
700.0,VJC813,9.362555236311156,105.95913000282785,9144.0
700.0,VJC815,9.145391788676822,106.05666029133455,9144.0
700.0,VJC915,19.742051689735888,106.11054787079054,9144.0
700.0,VJC916,2.431947543016693,103.86536576502935,9144.0
700.0,VJC970,2.27655825688101,103.87882132574805,9144.0
700.0,VTI105,19.400851727321644,74.22631448189523,9144.0
700.0,WCM3806,3.327556948475121,103.20096758551094,9144.0
700.0,WCM6602,2.4592420700945192,111.63315376060821,9144.0
700.0,XAX674,3.2003403790850373,102.53384892629803,9144.0
700.0,VJC813,9.362555236311156,105.95913000282785,9144.0
700.0,VJC815,9.145391788676822,106.05666029133455,9144.0
700.0,VJC915,19.742051689735888,106.11054787079054,9144.0
700.0,VJC916,2.431947543016693,103.86536576502935,9144.0
700.0,VJC970,2.27655825688101,103.87882132574805,9144.0
700.0,VTI105,19.400851727321644,74.22631448189523,9144.0
700.0,WCM3806,3.327556948475121,103.20096758551094,9144.0
700.0,WCM6602,2.4592420700945192,111.63315376060821,9144.0
700.0,XAX674,3.2003403790850373,102.53384892629803,9144.0
710.0,VJC813,9.331254312690174,105.95372950372165,9144.0
710.0,VJC815,9.117894877798873,106.0393243078997,9144.0
710.0,VJC915,19.710886171039014,106.11020394185884,9144.0
710.0,VJC916,2.4602319228640224,103.86251281971762,9144.0
710.0,VJC970,2.307254587252731,103.87690574631988,9144.0
710.0,VTI105,19.40321646703987,74.25870056787245,9144.0
710.0,WCM3806,3.335172694772528,103.23026626117415,9144.0
710.0,WCM6602,2.4788175483283763,111.65697423486766,9144.0
710.0,XAX674,3.2060991489843094,102.56191629065925,9144.0
710.0,VJC813,9.331254312690174,105.95372950372165,9144.0
710.0,VJC815,9.117894877798873,106.0393243078997,9144.0
710.0,VJC915,19.710886171039014,106.11020394185884,9144.0
710.0,VJC916,2.4602319228640224,103.86251281971762,9144.0
710.0,VJC970,2.307254587252731,103.87690574631988,9144.0
710.0,VTI105,19.40321646703987,74.25870056787245,9144.0
710.0,WCM3806,3.335172694772528,103.23026626117415,9144.0
710.0,WCM6602,2.4788175483283763,111.65697423486766,9144.0
710.0,XAX674,3.2060991489843094,102.56191629065925,9144.0
720.0,VJC813,9.299952289726106,105.94833603581914,9144.0
720.0,VJC815,9.090397034314808,106.02199117498381,9144.0
720.0,VJC915,19.67966206442638,106.10985950081731,9144.0
720.0,VJC916,2.4888768598731614,103.85962338212207,9144.0
720.0,VJC970,2.3379419460809907,103.87485118350229,9144.0
720.0,VTI105,19.405594720621078,74.29139903769823,9144.0
720.0,WCM3806,3.342317661310884,103.25968390266813,9144.0
720.0,WCM6602,2.4982766458896335,111.6808904064443,9144.0
720.0,XAX674,3.2118843091701104,102.58997836924337,9144.0
720.0,VJC813,9.299952289726106,105.94833603581914,9144.0
720.0,VJC815,9.090397034314808,106.02199117498381,9144.0
720.0,VJC915,19.67966206442638,106.10985950081731,9144.0
720.0,VJC916,2.4888768598731614,103.85962338212207,9144.0
720.0,VJC970,2.3379419460809907,103.87485118350229,9144.0
720.0,VTI105,19.405594720621078,74.29139903769823,9144.0
720.0,WCM3806,3.342317661310884,103.25968390266813,9144.0
720.0,WCM6602,2.4982766458896335,111.6808904064443,9144.0
720.0,XAX674,3.2118843091701104,102.58997836924337,9144.0
730.0,VJC813,9.26830652557102,105.94288434291524,9144.0
730.0,VJC815,9.063380699053393,106.00389948632763,9144.0
730.0,VJC915,19.648445068835777,106.10907259857407,9144.0
730.0,VJC916,2.5175594348423433,103.85713594303007,9144.0
730.0,VJC970,2.368983525385558,103.87413179503585,9144.0
730.0,VTI105,19.408007135012987,74.32409517939026,9144.0
730.0,WCM3806,3.349447416101517,103.2890443522087,9144.0
730.0,WCM6602,2.517586240684424,111.70462449770521,9144.0
730.0,XAX674,3.2177287602027627,102.61833664421314,9144.0
730.0,VJC813,9.26830652557102,105.94288434291524,9144.0
730.0,VJC815,9.063380699053393,106.00389948632763,9144.0
730.0,VJC915,19.648445068835777,106.10907259857407,9144.0
730.0,VJC916,2.5175594348423433,103.85713594303007,9144.0
730.0,VJC970,2.368983525385558,103.87413179503585,9144.0
730.0,VTI105,19.408007135012987,74.32409517939026,9144.0
730.0,WCM3806,3.349447416101517,103.2890443522087,9144.0
730.0,WCM6602,2.517586240684424,111.70462449770521,9144.0
730.0,XAX674,3.2177287602027627,102.61833664421314,9144.0
740.0,VJC813,9.23665001687689,105.93749755676839,9144.0
740.0,VJC815,9.036074682348675,105.98561747154551,9144.0
740.0,VJC915,19.617300972623678,106.10393289942557,9144.0
740.0,VJC916,2.545941248670277,103.85467447856679,9144.0
740.0,VJC970,2.399997599165479,103.87722021547913,9144.0
740.0,VTI105,19.41041949461166,74.35691672914318,9144.0
740.0,WCM3806,3.3565748579237424,103.31840557923616,9144.0
740.0,WCM6602,2.5370602722056494,111.72822394720141,9144.0
740.0,XAX674,3.223575282394712,102.64669465373035,9144.0
740.0,VJC813,9.23665001687689,105.93749755676839,9144.0
740.0,VJC815,9.036074682348675,105.98561747154551,9144.0
740.0,VJC915,19.617300972623678,106.10393289942557,9144.0
740.0,VJC916,2.545941248670277,103.85467447856679,9144.0
740.0,VJC970,2.399997599165479,103.87722021547913,9144.0
740.0,VTI105,19.41041949461166,74.35691672914318,9144.0
740.0,WCM3806,3.3565748579237424,103.31840557923616,9144.0
740.0,WCM6602,2.5370602722056494,111.72822394720141,9144.0
740.0,XAX674,3.223575282394712,102.64669465373035,9144.0
750.0,VJC813,9.204822053718535,105.93208259225592,9144.0
750.0,VJC815,9.010009575628104,105.96556559663442,9144.0
750.0,VJC915,19.586819215757973,106.0944982625775,9144.0
750.0,VJC916,2.5743230575439604,103.8522129023466,9144.0
750.0,VJC970,2.4311864548423374,103.88032618302726,9144.0
750.0,VTI105,19.412789376936928,74.38974223592658,9144.0
750.0,WCM3806,3.3639914490824876,103.34769507956042,9144.0
750.0,WCM6602,2.556383145135148,111.75164183564722,9144.0
750.0,XAX674,3.229517300312729,102.67552408749611,9144.0
750.0,VJC813,9.204822053718535,105.93208259225592,9144.0
750.0,VJC815,9.010009575628104,105.96556559663442,9144.0
750.0,VJC915,19.586819215757973,106.0944982625775,9144.0
750.0,VJC916,2.5743230575439604,103.8522129023466,9144.0
750.0,VJC970,2.4311864548423374,103.88032618302726,9144.0
750.0,VTI105,19.412789376936928,74.38974223592658,9144.0
750.0,WCM3806,3.3639914490824876,103.34769507956042,9144.0
750.0,WCM6602,2.556383145135148,111.75164183564722,9144.0
750.0,XAX674,3.229517300312729,102.67552408749611,9144.0
760.0,VJC813,9.173001524506224,105.92662346501773,9144.0
760.0,VJC815,8.98426479085872,105.94576417990095,9144.0
760.0,VJC915,19.557046117908204,106.08209825636084,9144.0
760.0,VJC916,2.6026947160719245,103.84963668681861,9144.0
760.0,VJC970,2.4623753034147846,103.88343229429067,9144.0
760.0,VTI105,19.415168325416147,74.42281679016476,9144.0
760.0,WCM3806,3.3713914137289454,103.3769277215557,9144.0
760.0,WCM6602,2.575564183937287,111.77517662209888,9144.0
760.0,XAX674,3.2354803986502594,102.704349323926,9144.0
760.0,VJC813,9.173001524506224,105.92662346501773,9144.0
760.0,VJC815,8.98426479085872,105.94576417990095,9144.0
760.0,VJC915,19.557046117908204,106.08209825636084,9144.0
760.0,VJC916,2.6026947160719245,103.84963668681861,9144.0
760.0,VJC970,2.4623753034147846,103.88343229429067,9144.0
760.0,VTI105,19.415168325416147,74.42281679016476,9144.0
760.0,WCM3806,3.3713914137289454,103.3769277215557,9144.0
760.0,WCM6602,2.575564183937287,111.77517662209888,9144.0
760.0,XAX674,3.2354803986502594,102.704349323926,9144.0
770.0,VJC813,9.141409432611002,105.92120451819008,9144.0
770.0,VJC815,8.958517508927477,105.92596749595155,9144.0
770.0,VJC915,19.52727213954277,106.06970291789753,9144.0
770.0,VJC916,2.631147596454301,103.84821822058964,9144.0
770.0,VJC970,2.493564144751785,103.88653855151297,9144.0
770.0,VTI105,19.417337481593837,74.45590799818596,9144.0
770.0,WCM3806,3.376646028498572,103.4066228324222,9144.0
770.0,WCM6602,2.594557219735167,111.79848238043637,9144.0
770.0,XAX674,3.241478198991285,102.73335097075798,9144.0
770.0,VJC813,9.141409432611002,105.92120451819008,9144.0
770.0,VJC815,8.958517508927477,105.92596749595155,9144.0
770.0,VJC915,19.52727213954277,106.06970291789753,9144.0
770.0,VJC916,2.631147596454301,103.84821822058964,9144.0
770.0,VJC970,2.493564144751785,103.88653855151297,9144.0
770.0,VTI105,19.417337481593837,74.45590799818596,9144.0
770.0,WCM3806,3.376646028498572,103.4066228324222,9144.0
770.0,WCM6602,2.594557219735167,111.79848238043637,9144.0
770.0,XAX674,3.241478198991285,102.73335097075798,9144.0
780.0,VJC813,9.109817199662336,105.91578689492061,9144.0
780.0,VJC815,8.93260531653045,105.90639396168771,9144.0
780.0,VJC915,19.49749723436739,106.05731236791186,9144.0
780.0,VJC916,2.6599019847177963,103.84678465739513,9144.0
780.0,VJC970,2.5245244165623593,103.8914255033486,9144.0
780.0,VTI105,19.419892095957895,74.48896878082458,9144.0
780.0,WCM3806,3.3778148790941205,103.43675815927524,9144.0
780.0,WCM6602,2.613562269982434,111.82177867376342,9144.0
780.0,XAX674,3.247421109388007,102.76236412199783,9144.0
780.0,VJC813,9.109817199662336,105.91578689492061,9144.0
780.0,VJC815,8.93260531653045,105.90639396168771,9144.0
780.0,VJC915,19.49749723436739,106.05731236791186,9144.0
780.0,VJC916,2.6599019847177963,103.84678465739513,9144.0
780.0,VJC970,2.5245244165623593,103.8914255033486,9144.0
780.0,VTI105,19.419892095957895,74.48896878082458,9144.0
780.0,WCM3806,3.3778148790941205,103.43675815927524,9144.0
780.0,WCM6602,2.613562269982434,111.82177867376342,9144.0
780.0,XAX674,3.247421109388007,102.76236412199783,9144.0
790.0,VJC813,9.078224537002805,105.91037232042959,9144.0
790.0,VJC815,8.906736821888565,105.88686044712091,9144.0
790.0,VJC915,19.46751296459607,106.04550583799053,9144.0
790.0,VJC916,2.6886890949358357,103.8463745632066,9144.0
790.0,VJC970,2.5554268731223253,103.8963035670514,9144.0
790.0,VTI105,19.42241756842371,74.52197030715168,9144.0
790.0,WCM3806,3.374871635434093,103.46665211883528,9144.0
790.0,WCM6602,2.632378548971341,111.84484522125267,9144.0
790.0,XAX674,3.253410347871806,102.79161181733717,9144.0
790.0,VJC813,9.078224537002805,105.91037232042959,9144.0
790.0,VJC815,8.906736821888565,105.88686044712091,9144.0
790.0,VJC915,19.46751296459607,106.04550583799053,9144.0
790.0,VJC916,2.6886890949358357,103.8463745632066,9144.0
790.0,VJC970,2.5554268731223253,103.8963035670514,9144.0
790.0,VTI105,19.42241756842371,74.52197030715168,9144.0
790.0,WCM3806,3.374871635434093,103.46665211883528,9144.0
790.0,WCM6602,2.632378548971341,111.84484522125267,9144.0
790.0,XAX674,3.253410347871806,102.79161181733717,9144.0
800.0,VJC813,9.046975723820992,105.90501765931921,9144.0
800.0,VJC815,8.881062083711527,105.86706814156335,9144.0
800.0,VJC915,19.437093581671405,106.03353293178141,9144.0
800.0,VJC916,2.717716913207219,103.84596102036501,9144.0
800.0,VJC970,2.586697829756178,103.89721953868647,9144.0
800.0,VTI105,19.42467918661379,74.55499380218843,9144.0
800.0,WCM3806,3.367876179749132,103.4958620961246,9144.0
800.0,WCM6602,2.651230508080919,111.86788290515288,9144.0
800.0,XAX674,3.2594069065630715,102.82085818202357,9144.0
800.0,VJC813,9.046975723820992,105.90501765931921,9144.0
800.0,VJC815,8.881062083711527,105.86706814156335,9144.0
800.0,VJC915,19.437093581671405,106.03353293178141,9144.0
800.0,VJC916,2.717716913207219,103.84596102036501,9144.0
800.0,VJC970,2.586697829756178,103.89721953868647,9144.0
800.0,VTI105,19.42467918661379,74.55499380218843,9144.0
800.0,WCM3806,3.367876179749132,103.4958620961246,9144.0
800.0,WCM6602,2.651230508080919,111.86788290515288,9144.0
800.0,XAX674,3.2594069065630715,102.82085818202357,9144.0
810.0,VJC813,9.01573566429752,105.89961134787893,9144.0
810.0,VJC815,8.854649220409739,105.84840065241674,9144.0
810.0,VJC915,19.406738416600263,106.02138039650661,9144.0
810.0,VJC916,2.746744731339596,103.84554745774538,9144.0
810.0,VJC970,2.6180272715440536,103.8981372686855,9144.0
810.0,VTI105,19.426923235868713,74.58808134690645,9144.0
810.0,WCM3806,3.3569598796727225,103.5238394589341,9144.0
810.0,WCM6602,2.669930572810699,111.89073660362824,9144.0
810.0,XAX674,3.2654497603414225,102.85033842202803,9144.0
810.0,VJC813,9.01573566429752,105.89961134787893,9144.0
810.0,VJC815,8.854649220409739,105.84840065241674,9144.0
810.0,VJC915,19.406738416600263,106.02138039650661,9144.0
810.0,VJC916,2.746744731339596,103.84554745774538,9144.0
810.0,VJC970,2.6180272715440536,103.8981372686855,9144.0
810.0,VTI105,19.426923235868713,74.58808134690645,9144.0
810.0,WCM3806,3.3569598796727225,103.5238394589341,9144.0
810.0,WCM6602,2.669930572810699,111.89073660362824,9144.0
810.0,XAX674,3.2654497603414225,102.85033842202803,9144.0
820.0,VJC813,8.984495523073608,105.89420598727003,9144.0
820.0,VJC815,8.826246858863856,105.83339085160124,9144.0
820.0,VJC915,19.376220458576253,106.00916776253831,9144.0
820.0,VJC916,2.77576857539706,103.84491319725669,9144.0
820.0,VJC970,2.6493224224025202,103.89986768023995,9144.0
820.0,VTI105,19.429336027033205,74.6211560285244,9144.0
820.0,WCM3806,3.343236726402341,103.55054742676138,9144.0
820.0,WCM6602,2.688528467468613,111.91367405202857,9144.0
820.0,XAX674,3.2715635298928603,102.87980416874429,9144.0
820.0,VJC813,8.984495523073608,105.89420598727003,9144.0
820.0,VJC815,8.826246858863856,105.83339085160124,9144.0
820.0,VJC915,19.376220458576253,106.00916776253831,9144.0
820.0,VJC916,2.77576857539706,103.84491319725669,9144.0
820.0,VJC970,2.6493224224025202,103.89986768023995,9144.0
820.0,VTI105,19.429336027033205,74.6211560285244,9144.0
820.0,WCM3806,3.343236726402341,103.55054742676138,9144.0
820.0,WCM6602,2.688528467468613,111.91367405202857,9144.0
820.0,XAX674,3.2715635298928603,102.87980416874429,9144.0
830.0,VJC813,8.953249670220192,105.88883503403713,9144.0
830.0,VJC815,8.796588649492573,105.82175458700905,9144.0
830.0,VJC915,19.345702465815705,105.99695751164425,9144.0
830.0,VJC916,2.805271726155288,103.8442684305446,9144.0
830.0,VJC970,2.6808508627378687,103.90161107969388,9144.0
830.0,VTI105,19.43171436930237,74.65410942147622,9144.0
830.0,WCM3806,3.3332875767562697,103.57888368461902,9144.0
830.0,WCM6602,2.707125722569216,111.93661237094679,9144.0
830.0,XAX674,3.277724031670771,102.90950303497749,9144.0
830.0,VJC813,8.953249670220192,105.88883503403713,9144.0
830.0,VJC815,8.796588649492573,105.82175458700905,9144.0
830.0,VJC915,19.345702465815705,105.99695751164425,9144.0
830.0,VJC916,2.805271726155288,103.8442684305446,9144.0
830.0,VJC970,2.6808508627378687,103.90161107969388,9144.0
830.0,VTI105,19.43171436930237,74.65410942147622,9144.0
830.0,WCM3806,3.3332875767562697,103.57888368461902,9144.0
830.0,WCM6602,2.707125722569216,111.93661237094679,9144.0
830.0,XAX674,3.277724031670771,102.90950303497749,9144.0
840.0,VJC813,8.922061189291366,105.8834748909201,9144.0
840.0,VJC815,8.766930064420444,105.8101202333636,9144.0
840.0,VJC915,19.315129711589968,105.98473038507164,9144.0
840.0,VJC916,2.8347737510555713,103.84357392386332,9144.0
840.0,VJC970,2.712378443050122,103.90337004261413,9144.0
840.0,VTI105,19.434055233586946,74.68706630688683,9144.0
840.0,WCM3806,3.327558565673122,103.60757560385582,9144.0
840.0,WCM6602,2.725794971425591,111.95949235580419,9144.0
840.0,XAX674,3.283849948377022,102.9392092597921,9144.0
840.0,VJC813,8.922061189291366,105.8834748909201,9144.0
840.0,VJC815,8.766930064420444,105.8101202333636,9144.0
840.0,VJC915,19.315129711589968,105.98473038507164,9144.0
840.0,VJC916,2.8347737510555713,103.84357392386332,9144.0
840.0,VJC970,2.712378443050122,103.90337004261413,9144.0
840.0,VTI105,19.434055233586946,74.68706630688683,9144.0
840.0,WCM3806,3.327558565673122,103.60757560385582,9144.0
840.0,WCM6602,2.725794971425591,111.95949235580419,9144.0
840.0,XAX674,3.283849948377022,102.9392092597921,9144.0
850.0,VJC813,8.890864969967087,105.87816154352441,9144.0
850.0,VJC815,8.736251992503647,105.80161312585734,9144.0
850.0,VJC915,19.284555943198743,105.97250839031284,9144.0
850.0,VJC916,2.8655211985556353,103.84285006102847,9144.0
850.0,VJC970,2.744080572148553,103.90513883642603,9144.0
850.0,VTI105,19.43639063594284,74.72021089113419,9144.0
850.0,WCM3806,3.3236075741356323,103.63626308282983,9144.0
850.0,WCM6602,2.744312121087509,111.9821876430874,9144.0
850.0,XAX674,3.2900101864130082,102.9690900815814,9144.0
850.0,VJC813,8.890864969967087,105.87816154352441,9144.0
850.0,VJC815,8.736251992503647,105.80161312585734,9144.0
850.0,VJC915,19.284555943198743,105.97250839031284,9144.0
850.0,VJC916,2.8655211985556353,103.84285006102847,9144.0
850.0,VJC970,2.744080572148553,103.90513883642603,9144.0
850.0,VTI105,19.43639063594284,74.72021089113419,9144.0
850.0,WCM3806,3.3236075741356323,103.63626308282983,9144.0
850.0,WCM6602,2.744312121087509,111.9821876430874,9144.0
850.0,XAX674,3.2900101864130082,102.9690900815814,9144.0
860.0,VJC813,8.860014286909461,105.87290796182292,9144.0
860.0,VJC815,8.705911049876622,105.79320095252235,9144.0
860.0,VJC915,19.25388521995817,105.96056440230205,9144.0
860.0,VJC916,2.896271847485066,103.8422785542867,9144.0
860.0,VJC970,2.775779636908091,103.90696189371857,9144.0
860.0,VTI105,19.43875339901569,74.75335377700506,9144.0
860.0,WCM3806,3.316250645190482,103.66426872170221,9144.0
860.0,WCM6602,2.7628012416302825,112.00490617565558,9144.0
860.0,XAX674,3.296103326972726,102.99898488606806,9144.0
860.0,VJC813,8.860014286909461,105.87290796182292,9144.0
860.0,VJC815,8.705911049876622,105.79320095252235,9144.0
860.0,VJC915,19.25388521995817,105.96056440230205,9144.0
860.0,VJC916,2.896271847485066,103.8422785542867,9144.0
860.0,VJC970,2.775779636908091,103.90696189371857,9144.0
860.0,VTI105,19.43875339901569,74.75335377700506,9144.0
860.0,WCM3806,3.316250645190482,103.66426872170221,9144.0
860.0,WCM6602,2.7628012416302825,112.00490617565558,9144.0
860.0,XAX674,3.296103326972726,102.99898488606806,9144.0
870.0,VJC813,8.82916584905132,105.86764133428987,9144.0
870.0,VJC815,8.675569907612296,105.78479019699499,9144.0
870.0,VJC915,19.223267633037324,105.94864641609175,9144.0
870.0,VJC916,2.9279012122100037,103.841690684077,9144.0
870.0,VJC970,2.8075948598217764,103.90879172992241,9144.0
870.0,VTI105,19.441105124669516,74.78656020728934,9144.0
870.0,WCM3806,3.3088926564401557,103.69227387305057,9144.0
870.0,WCM6602,2.781138139328013,112.02743922715196,9144.0
870.0,XAX674,3.3021949188410944,103.02888019043162,9144.0
870.0,VJC813,8.82916584905132,105.86764133428987,9144.0
870.0,VJC815,8.675569907612296,105.78479019699499,9144.0
870.0,VJC915,19.223267633037324,105.94864641609175,9144.0
870.0,VJC916,2.9279012122100037,103.841690684077,9144.0
870.0,VJC970,2.8075948598217764,103.90879172992241,9144.0
870.0,VTI105,19.441105124669516,74.78656020728934,9144.0
870.0,WCM3806,3.3088926564401557,103.69227387305057,9144.0
870.0,WCM6602,2.781138139328013,112.02743922715196,9144.0
870.0,XAX674,3.3021949188410944,103.02888019043162,9144.0
880.0,VJC813,8.798375071750524,105.86238544675031,9144.0
880.0,VJC815,8.645142914518646,105.7767036791414,9144.0
880.0,VJC915,19.19265479106284,105.93671698757501,9144.0
880.0,VJC916,2.959339793957361,103.84521347526693,9144.0
880.0,VJC970,2.8394182548432783,103.91047314094001,9144.0
880.0,VTI105,19.443470370935778,74.81976604148055,9144.0
880.0,WCM3806,3.3015329045292847,103.72027835179941,9144.0
880.0,WCM6602,2.79942221806503,112.05001561106741,9144.0
880.0,XAX674,3.3084047729748636,103.05875125926292,9144.0
880.0,VJC813,8.798375071750524,105.86238544675031,9144.0
880.0,VJC815,8.645142914518646,105.7767036791414,9144.0
880.0,VJC915,19.19265479106284,105.93671698757501,9144.0
880.0,VJC916,2.959339793957361,103.84521347526693,9144.0
880.0,VJC970,2.8394182548432783,103.91047314094001,9144.0
880.0,VTI105,19.443470370935778,74.81976604148055,9144.0
880.0,WCM3806,3.3015329045292847,103.72027835179941,9144.0
880.0,WCM6602,2.79942221806503,112.05001561106741,9144.0
880.0,XAX674,3.3084047729748636,103.05875125926292,9144.0
890.0,VJC813,8.767584218169159,105.8571304531585,9144.0
890.0,VJC815,8.614772254262226,105.76863352509783,9144.0
890.0,VJC915,19.16209514705333,105.92481347345301,9144.0
890.0,VJC916,2.9907092393889885,103.8488285562643,9144.0
890.0,VJC970,2.871473562927615,103.91216689901114,9144.0
890.0,VTI105,19.445826359915998,74.85303523900431,9144.0
890.0,WCM3806,3.293478784179582,103.74809021577404,9144.0
890.0,WCM6602,2.817743613027209,112.07263949228452,9144.0
890.0,XAX674,3.3146492197602546,103.08879650443333,9144.0
890.0,VJC813,8.767584218169159,105.8571304531585,9144.0
890.0,VJC815,8.614772254262226,105.76863352509783,9144.0
890.0,VJC915,19.16209514705333,105.92481347345301,9144.0
890.0,VJC916,2.9907092393889885,103.8488285562643,9144.0
890.0,VJC970,2.871473562927615,103.91216689901114,9144.0
890.0,VTI105,19.445826359915998,74.85303523900431,9144.0
890.0,WCM3806,3.293478784179582,103.74809021577404,9144.0
890.0,WCM6602,2.817743613027209,112.07263949228452,9144.0
890.0,XAX674,3.3146492197602546,103.08879650443333,9144.0
900.0,VJC813,8.736819589266428,105.85172094394001,9144.0
900.0,VJC815,8.58445777964051,105.76035075394583,9144.0
900.0,VJC915,19.131518326735804,105.91296169362721,9144.0
900.0,VJC916,3.021951316394584,103.85341838368116,9144.0
900.0,VJC970,2.9035288685816942,103.9138607509898,9144.0
900.0,VTI105,19.44809249893206,74.88631191995117,9144.0
900.0,WCM3806,3.2853728049144673,103.77607488653919,9144.0
900.0,WCM6602,2.836064301671698,112.0952643040879,9144.0
900.0,XAX674,3.3207835393088274,103.11886469014227,9144.0
900.0,VJC813,8.736819589266428,105.85172094394001,9144.0
900.0,VJC815,8.58445777964051,105.76035075394583,9144.0
900.0,VJC915,19.131518326735804,105.91296169362721,9144.0
900.0,VJC916,3.021951316394584,103.85341838368116,9144.0
900.0,VJC970,2.9035288685816942,103.9138607509898,9144.0
900.0,VTI105,19.44809249893206,74.88631191995117,9144.0
900.0,WCM3806,3.2853728049144673,103.77607488653919,9144.0
900.0,WCM6602,2.836064301671698,112.0952643040879,9144.0
900.0,XAX674,3.3207835393088274,103.11886469014227,9144.0
910.0,VJC813,8.70622817349921,105.84634281358706,9144.0
910.0,VJC815,8.554030335938647,105.75203854027863,9144.0
910.0,VJC915,19.10104905433198,105.90115653192497,9144.0
910.0,VJC916,3.0530200530624603,103.85798301126012,9144.0
910.0,VJC970,2.9355782382703257,103.91566375460074,9144.0
910.0,VTI105,19.450354186665496,74.91971353589294,9144.0
910.0,WCM3806,3.2776186471421904,103.80415918609036,9144.0
910.0,WCM6602,2.854587765579027,112.11772335351209,9144.0
910.0,XAX674,3.326951743339013,103.14910682056919,9144.0
910.0,VJC813,8.70622817349921,105.84634281358706,9144.0
910.0,VJC815,8.554030335938647,105.75203854027863,9144.0
910.0,VJC915,19.10104905433198,105.90115653192497,9144.0
910.0,VJC916,3.0530200530624603,103.85798301126012,9144.0
910.0,VJC970,2.9355782382703257,103.91566375460074,9144.0
910.0,VTI105,19.450354186665496,74.91971353589294,9144.0
910.0,WCM3806,3.2776186471421904,103.80415918609036,9144.0
910.0,WCM6602,2.854587765579027,112.11772335351209,9144.0
910.0,XAX674,3.326951743339013,103.14910682056919,9144.0
920.0,VJC813,8.675597627443596,105.84119809298454,9144.0
920.0,VJC815,8.523602881834465,105.7437270282979,9144.0
920.0,VJC915,19.070588678665175,105.88932786159685,9144.0
920.0,VJC916,3.0840887694033845,103.86254791027841,9144.0
920.0,VJC970,2.9676276050824657,103.91746686148001,9144.0
920.0,VTI105,19.452672777854506,74.95311124077689,9144.0
920.0,WCM3806,3.269814915156196,103.83241656798641,9144.0
920.0,WCM6602,2.873186968622705,112.14027599938586,9144.0
920.0,XAX674,3.3331929932786064,103.17933410149259,9144.0
920.0,VJC813,8.675597627443596,105.84119809298454,9144.0
920.0,VJC815,8.523602881834465,105.7437270282979,9144.0
920.0,VJC915,19.070588678665175,105.88932786159685,9144.0
920.0,VJC916,3.0840887694033845,103.86254791027841,9144.0
920.0,VJC970,2.9676276050824657,103.91746686148001,9144.0
920.0,VTI105,19.452672777854506,74.95311124077689,9144.0
920.0,WCM3806,3.269814915156196,103.83241656798641,9144.0
920.0,WCM6602,2.873186968622705,112.14027599938586,9144.0
920.0,XAX674,3.3331929932786064,103.17933410149259,9144.0
930.0,VJC813,8.644967009900947,105.8360542267945,9144.0
930.0,VJC815,8.493175241654173,105.73541687309766,9144.0
930.0,VJC915,19.04012747051752,105.87750376302694,9144.0
930.0,VJC916,3.1151645291357895,103.86706460407066,9144.0
930.0,VJC970,2.9996860329356037,103.91910054002688,9144.0
930.0,VTI105,19.454978436907933,74.98651042734267,9144.0
930.0,WCM3806,3.261932088476987,103.86065169399718,9144.0
930.0,WCM6602,2.891784199411975,112.16283064434444,9144.0
930.0,XAX674,3.3394806494637757,103.20979242789504,9144.0
930.0,VJC813,8.644967009900947,105.8360542267945,9144.0
930.0,VJC815,8.493175241654173,105.73541687309766,9144.0
930.0,VJC915,19.04012747051752,105.87750376302694,9144.0
930.0,VJC916,3.1151645291357895,103.86706460407066,9144.0
930.0,VJC970,2.9996860329356037,103.91910054002688,9144.0
930.0,VTI105,19.454978436907933,74.98651042734267,9144.0
930.0,WCM3806,3.261932088476987,103.86065169399718,9144.0
930.0,WCM6602,2.891784199411975,112.16283064434444,9144.0
930.0,XAX674,3.3394806494637757,103.20979242789504,9144.0
940.0,VJC813,8.614354077158056,105.83080417868929,9144.0
940.0,VJC815,8.462746890174884,105.72711003845578,9144.0
940.0,VJC915,19.009454164456464,105.86631214917199,9144.0
940.0,VJC916,3.146471337520384,103.87161515770545,9144.0
940.0,VJC970,3.031628566823852,103.92072840789784,9144.0
940.0,VTI105,19.45734499502263,75.01990530974923,9144.0
940.0,WCM3806,3.254063798667759,103.88882832187736,9144.0
940.0,WCM6602,2.9104189063273296,112.18543252087005,9144.0
940.0,XAX674,3.345766622848018,103.24025129799344,9144.0
940.0,VJC813,8.614354077158056,105.83080417868929,9144.0
940.0,VJC815,8.462746890174884,105.72711003845578,9144.0
940.0,VJC915,19.009454164456464,105.86631214917199,9144.0
940.0,VJC916,3.146471337520384,103.87161515770545,9144.0
940.0,VJC970,3.031628566823852,103.92072840789784,9144.0
940.0,VTI105,19.45734499502263,75.01990530974923,9144.0
940.0,WCM3806,3.254063798667759,103.88882832187736,9144.0
940.0,WCM6602,2.9104189063273296,112.18543252087005,9144.0
940.0,XAX674,3.345766622848018,103.24025129799344,9144.0
950.0,VJC813,8.5835099276764,105.82551536452881,9144.0
950.0,VJC815,8.43220572385354,105.7187738001738,9144.0
950.0,VJC915,18.979053554982887,105.85522455911962,9144.0
950.0,VJC916,3.17779298339207,103.8760622551794,9144.0
950.0,VJC970,3.063561115006317,103.9225421818312,9144.0
950.0,VTI105,19.459690544770325,75.05317818033039,9144.0
950.0,WCM3806,3.2462172936419402,103.91701082451962,9144.0
950.0,WCM6602,2.9290443542575746,112.2080424226083,9144.0
950.0,XAX674,3.351970162864589,103.27072731492139,9144.0
950.0,VJC813,8.5835099276764,105.82551536452881,9144.0
950.0,VJC815,8.43220572385354,105.7187738001738,9144.0
950.0,VJC915,18.979053554982887,105.85522455911962,9144.0
950.0,VJC916,3.17779298339207,103.8760622551794,9144.0
950.0,VJC970,3.063561115006317,103.9225421818312,9144.0
950.0,VTI105,19.459690544770325,75.05317818033039,9144.0
950.0,WCM3806,3.2462172936419402,103.91701082451962,9144.0
950.0,WCM6602,2.9290443542575746,112.2080424226083,9144.0
950.0,XAX674,3.351970162864589,103.27072731492139,9144.0
960.0,VJC813,8.552668236030552,105.82021234074263,9144.0
960.0,VJC815,8.401296950289971,105.71196207482967,9144.0
960.0,VJC915,18.94866042936837,105.84411607383998,9144.0
960.0,VJC916,3.2089412851029047,103.88048501285812,9144.0
960.0,VJC970,3.0954936601434437,103.92435606391908,9144.0
960.0,VTI105,19.461981551919386,75.08645579547286,9144.0
960.0,WCM3806,3.238369213789398,103.94519266856615,9144.0
960.0,WCM6602,2.9476691150278356,112.23065326913832,9144.0
960.0,XAX674,3.358195315470697,103.30131903166374,9144.0
960.0,VJC813,8.552668236030552,105.82021234074263,9144.0,"(VJC916),(WCM3806)"
960.0,VJC815,8.401296950289971,105.71196207482967,9144.0,"(WCM3806),(VJC916)"
970.0,VJC813,8.521768786440703,105.81490027480717,9144.0
970.0,VJC815,8.369945340961042,105.70727225558966,9144.0
970.0,VJC915,18.918540862388976,105.83311201149304,9144.0
970.0,VJC916,3.239581734822722,103.88762938384492,9144.0
970.0,VJC970,3.12743568192798,103.9259941249131,9144.0
970.0,VTI105,19.46425187152906,75.11961115733357,9144.0
970.0,WCM3806,3.230585309950402,103.97339214610295,9144.0
970.0,WCM6602,2.9662304801917605,112.25331670352233,9144.0
970.0,XAX674,3.364510164362527,103.33189249353052,9144.0
970.0,VJC813,8.521768786440703,105.81490027480717,9144.0,"(VJC916),(WCM3806)"
970.0,VJC815,8.369945340961042,105.70727225558966,9144.0,"(WCM3806),(VJC916)"
980.0,VJC813,8.490866983079517,105.8096026541695,9144.0
980.0,VJC815,8.338709007022887,105.702600443439,9144.0
980.0,VJC915,18.88847443157791,105.82194875395817,9144.0
980.0,VJC916,3.269446447401928,103.89715663796252,9144.0
980.0,VJC970,3.1592616565598344,103.9276263340139,9144.0
980.0,VTI105,19.466517781606647,75.1527673219621,9144.0
980.0,WCM3806,3.2228159962522613,104.00153310792986,9144.0
980.0,WCM6602,2.984905038330534,112.27612014378619,9144.0
980.0,XAX674,3.37078769929733,103.36229383575473,9144.0
980.0,VJC813,8.490866983079517,105.8096026541695,9144.0
980.0,VJC815,8.338709007022887,105.702600443439,9144.0
980.0,VJC915,18.88847443157791,105.82194875395817,9144.0
980.0,VJC916,3.269446447401928,103.89715663796252,9144.0
980.0,VJC970,3.1592616565598344,103.9276263340139,9144.0
980.0,VTI105,19.466517781606647,75.1527673219621,9144.0
980.0,WCM3806,3.2228159962522613,104.00153310792986,9144.0
980.0,WCM6602,2.984905038330534,112.27612014378619,9144.0
980.0,XAX674,3.37078769929733,103.36229383575473,9144.0
990.0,VJC813,8.460022793646395,105.80431578594875,9144.0
990.0,VJC815,8.307472608681465,105.69792944373025,9144.0
990.0,VJC915,18.85879214253294,105.81093251115078,9144.0
990.0,VJC916,3.2991436987853127,103.90663107408758,9144.0
990.0,VJC970,3.1910896243281623,103.92921913199004,9144.0
990.0,VTI105,19.46875035920673,75.18561496984036,9144.0
990.0,WCM3806,3.214989102666646,104.02965784265541,9144.0
990.0,WCM6602,3.0035502892090995,112.29894800709341,9144.0
990.0,XAX674,3.376541796683195,103.39279911863085,9144.0
990.0,VJC813,8.460022793646395,105.80431578594875,9144.0
990.0,VJC815,8.307472608681465,105.69792944373025,9144.0
990.0,VJC915,18.85879214253294,105.81093251115078,9144.0
990.0,VJC916,3.2991436987853127,103.90663107408758,9144.0
990.0,VJC970,3.1910896243281623,103.92921913199004,9144.0
990.0,VTI105,19.46875035920673,75.18561496984036,9144.0
990.0,WCM3806,3.214989102666646,104.02965784265541,9144.0
990.0,WCM6602,3.0035502892090995,112.29894800709341,9144.0
990.0,XAX674,3.376541796683195,103.39279911863085,9144.0
1000.0,VJC813,8.429176389441919,105.79904256331886,9144.0
1000.0,VJC815,8.27618501665878,105.6936229129208,9144.0
1000.0,VJC915,18.829058004193133,105.80007545299803,9144.0
1000.0,VJC916,3.3288407578775834,103.91610639929857,9144.0
1000.0,VJC970,3.222975634999499,103.93081493363391,9144.0
1000.0,VTI105,19.4710126665345,75.21846078781948,9144.0
1000.0,WCM3806,3.207160893127549,104.05778199439497,9144.0
1000.0,WCM6602,3.0222704927305712,112.32186949085241,9144.0
1000.0,XAX674,3.3823268861289195,103.4234781552,9144.0
1000.0,VJC813,8.429176389441919,105.79904256331886,9144.0
1000.0,VJC815,8.27618501665878,105.6936229129208,9144.0
1000.0,VJC915,18.829058004193133,105.80007545299803,9144.0
1000.0,VJC916,3.3288407578775834,103.91610639929857,9144.0
1000.0,VJC970,3.222975634999499,103.93081493363391,9144.0
1000.0,VTI105,19.4710126665345,75.21846078781948,9144.0
1000.0,WCM3806,3.207160893127549,104.05778199439497,9144.0
1000.0,WCM6602,3.0222704927305712,112.32186949085241,9144.0
1000.0,XAX674,3.3823268861289195,103.4234781552,9144.0
1010.0,VJC813,8.398329913553077,105.7937701891086,9144.0
1010.0,VJC815,8.245361027042055,105.68938087258341,9144.0
1010.0,VJC915,18.799488981689088,105.78928289658117,9144.0
1010.0,VJC916,3.3584214042662994,103.92594060723593,9144.0
1010.0,VJC970,3.254871496480787,103.93219927760383,9144.0
1010.0,VTI105,19.47326773478792,75.2513700174318,9144.0
1010.0,WCM3806,3.19933422365753,104.08590636109462,9144.0
1010.0,WCM6602,3.0410365057614492,112.34475377746358,9144.0
1010.0,XAX674,3.384418742546654,103.45462940695836,9144.0
1010.0,VJC813,8.398329913553077,105.7937701891086,9144.0
1010.0,VJC815,8.245361027042055,105.68938087258341,9144.0
1010.0,VJC915,18.799488981689088,105.78928289658117,9144.0
1010.0,VJC916,3.3584214042662994,103.92594060723593,9144.0
1010.0,VJC970,3.254871496480787,103.93219927760383,9144.0
1010.0,VTI105,19.47326773478792,75.2513700174318,9144.0
1010.0,WCM3806,3.19933422365753,104.08590636109462,9144.0
1010.0,WCM6602,3.0410365057614492,112.34475377746358,9144.0
1010.0,XAX674,3.384418742546654,103.45462940695836,9144.0
1020.0,VJC813,8.36748229539366,105.78850506581627,9144.0
1020.0,VJC815,8.214597448559253,105.68471287249255,9144.0
1020.0,VJC915,18.769972172764334,105.77833393085415,9144.0
1020.0,VJC916,3.3876532155346912,103.93551921754074,9144.0
1020.0,VJC970,3.2868833662294556,103.93358874464015,9144.0
1020.0,VTI105,19.475532614827664,75.2842789489939,9144.0
1020.0,WCM3806,3.1915224891814398,104.11397226413777,9144.0
1020.0,WCM6602,3.0598396898903832,112.36768525048366,9144.0
1020.0,XAX674,3.3865128741538992,103.4858393982661,9144.0
1020.0,VJC813,8.36748229539366,105.78850506581627,9144.0
1020.0,VJC815,8.214597448559253,105.68471287249255,9144.0
1020.0,VJC915,18.769972172764334,105.77833393085415,9144.0
1020.0,VJC916,3.3876532155346912,103.93551921754074,9144.0
1020.0,VJC970,3.2868833662294556,103.93358874464015,9144.0
1020.0,VTI105,19.475532614827664,75.2842789489939,9144.0
1020.0,WCM3806,3.1915224891814398,104.11397226413777,9144.0
1020.0,WCM6602,3.0598396898903832,112.36768525048366,9144.0
1020.0,XAX674,3.3865128741538992,103.4858393982661,9144.0
1030.0,VJC813,8.336634606803585,105.78324078023242,9144.0
1030.0,VJC815,8.1840661330519,105.68008084085068,9144.0
1030.0,VJC915,18.740399478428575,105.76736845555277,9144.0
1030.0,VJC916,3.4168849284237552,103.94509841966797,9144.0
1030.0,VJC970,3.3188801246327175,103.93529205093571,9144.0
1030.0,VTI105,19.477786303377428,75.31718920276676,9144.0
1030.0,WCM3806,3.183743907174225,104.14204718994453,9144.0
1030.0,WCM6602,3.0784504629222598,112.39077400216563,9144.0
1030.0,XAX674,3.3880059662926367,103.51708408072122,9144.0
1030.0,VJC813,8.336634606803585,105.78324078023242,9144.0
1030.0,VJC815,8.1840661330519,105.68008084085068,9144.0
1030.0,VJC915,18.740399478428575,105.76736845555277,9144.0
1030.0,VJC916,3.4168849284237552,103.94509841966797,9144.0
1030.0,VJC970,3.3188801246327175,103.93529205093571,9144.0
1030.0,VTI105,19.477786303377428,75.31718920276676,9144.0
1030.0,WCM3806,3.183743907174225,104.14204718994453,9144.0
1030.0,WCM6602,3.0784504629222598,112.39077400216563,9144.0
1030.0,XAX674,3.3880059662926367,103.51708408072122,9144.0
1040.0,VJC813,8.30578684690259,105.77797733600366,9144.0
1040.0,VJC815,8.153534764237715,105.67544952212653,9144.0
1040.0,VJC915,18.71080410898505,105.75647331884603,9144.0
1040.0,VJC916,3.446116334634314,103.95467885401523,9144.0
1040.0,VJC970,3.3508189218026607,103.93699238188799,9144.0
1040.0,VTI105,19.47996815535268,75.35010534595507,9144.0
1040.0,WCM3806,3.175964133090826,104.17012157263835,9144.0
1040.0,WCM6602,3.0970605045233515,112.41386374966442,9144.0
1040.0,XAX674,3.3894946772767103,103.54827026099947,9144.0
1040.0,VJC813,8.30578684690259,105.77797733600366,9144.0
1040.0,VJC815,8.153534764237715,105.67544952212653,9144.0
1040.0,VJC915,18.71080410898505,105.75647331884603,9144.0
1040.0,VJC916,3.446116334634314,103.95467885401523,9144.0
1040.0,VJC970,3.3508189218026607,103.93699238188799,9144.0
1040.0,VTI105,19.47996815535268,75.35010534595507,9144.0
1040.0,WCM3806,3.175964133090826,104.17012157263835,9144.0
1040.0,WCM6602,3.0970605045233515,112.41386374966442,9144.0
1040.0,XAX674,3.3894946772767103,103.54827026099947,9144.0
1050.0,VJC813,8.274942186949636,105.77269578437196,9144.0
1050.0,VJC815,8.123003341149085,105.67081892143513,9144.0
1050.0,VJC915,18.681985015835775,105.74586796215782,9144.0
1050.0,VJC916,3.4753422119178774,103.96427649868473,9144.0
1050.0,VJC970,3.3827564158328425,103.93871715593986,9144.0
1050.0,VTI105,19.48213476051711,75.38296067733464,9144.0
1050.0,WCM3806,3.168323167262423,104.1982339613274,9144.0
1050.0,WCM6602,3.115880290998982,112.43678276947702,9144.0
1050.0,XAX674,3.391138583342659,103.57944867136271,9144.0
1050.0,VJC813,8.274942186949636,105.77269578437196,9144.0
1050.0,VJC815,8.123003341149085,105.67081892143513,9144.0
1050.0,VJC915,18.681985015835775,105.74586796215782,9144.0
1050.0,VJC916,3.4753422119178774,103.96427649868473,9144.0
1050.0,VJC970,3.3827564158328425,103.93871715593986,9144.0
1050.0,VTI105,19.48213476051711,75.38296067733464,9144.0
1050.0,WCM3806,3.168323167262423,104.1982339613274,9144.0
1050.0,WCM6602,3.115880290998982,112.43678276947702,9144.0
1050.0,XAX674,3.391138583342659,103.57944867136271,9144.0
1060.0,VJC813,8.244155184725797,105.76742494593758,9144.0
1060.0,VJC815,8.092512820552843,105.66592140952099,9144.0
1060.0,VJC915,18.65321522220578,105.73511630790874,9144.0
1060.0,VJC916,3.5046798338063883,103.9739114870638,9144.0
1060.0,VJC970,3.414751862772225,103.94044517383679,9144.0
1060.0,VTI105,19.48435678415444,75.41581229472985,9144.0
1060.0,WCM3806,3.1606810475280147,104.22634582809378,9144.0
1060.0,WCM6602,3.1347372368750066,112.45974894675814,9144.0
1060.0,XAX674,3.392777837289035,103.6105685655666,9144.0
1060.0,VJC813,8.244155184725797,105.76742494593758,9144.0
1060.0,VJC815,8.092512820552843,105.66592140952099,9144.0
1060.0,VJC915,18.65321522220578,105.73511630790874,9144.0
1060.0,VJC916,3.5046798338063883,103.9739114870638,9144.0
1060.0,VJC970,3.414751862772225,103.94044517383679,9144.0
1060.0,VTI105,19.48435678415444,75.41581229472985,9144.0
1060.0,WCM3806,3.1606810475280147,104.22634582809378,9144.0
1060.0,WCM6602,3.1347372368750066,112.45974894675814,9144.0
1060.0,XAX674,3.392777837289035,103.6105685655666,9144.0
1070.0,VJC813,8.213368111874606,105.76215493824603,9144.0
1070.0,VJC815,8.061674466798992,105.66096879861131,9144.0
1070.0,VJC915,18.62500340289095,105.72457705649198,9144.0
1070.0,VJC916,3.534007343551722,103.98357763101642,9144.0
1070.0,VJC970,3.4467594051252552,103.9419315435473,9144.0
1070.0,VTI105,19.48654671913733,75.44835417994521,9144.0
1070.0,WCM3806,3.1530153712072235,104.2544510535258,9144.0
1070.0,WCM6602,3.1535140502368515,112.48278129641535,9144.0
1070.0,XAX674,3.394367816925182,103.6416910763997,9144.0
1070.0,VJC813,8.213368111874606,105.76215493824603,9144.0
1070.0,VJC815,8.061674466798992,105.66096879861131,9144.0
1070.0,VJC915,18.62500340289095,105.72457705649198,9144.0
1070.0,VJC916,3.534007343551722,103.98357763101642,9144.0
1070.0,VJC970,3.4467594051252552,103.9419315435473,9144.0
1070.0,VTI105,19.48654671913733,75.44835417994521,9144.0
1070.0,WCM3806,3.1530153712072235,104.2544510535258,9144.0
1070.0,WCM6602,3.1535140502368515,112.48278129641535,9144.0
1070.0,XAX674,3.394367816925182,103.6416910763997,9144.0
1080.0,VJC813,8.182570742542447,105.75694711084256,9144.0
1080.0,VJC815,8.03052765037511,105.65872739434181,9144.0
1080.0,VJC915,18.59652140284679,105.71488237077837,9144.0
1080.0,VJC916,3.5636692549963755,103.99335466270759,9144.0
1080.0,VJC970,3.4789406471028173,103.9434260804289,9144.0
1080.0,VTI105,19.48871485021955,75.48089814373304,9144.0
1080.0,WCM3806,3.1453643785583436,104.28249771825357,9144.0
1080.0,WCM6602,3.1721770396104594,112.50567558564627,9144.0
1080.0,XAX674,3.3959533698906403,103.6727550148012,9144.0
1080.0,VJC813,8.182570742542447,105.75694711084256,9144.0
1080.0,VJC815,8.03052765037511,105.65872739434181,9144.0
1080.0,VJC915,18.59652140284679,105.71488237077837,9144.0
1080.0,VJC916,3.5636692549963755,103.99335466270759,9144.0
1080.0,VJC970,3.4789406471028173,103.9434260804289,9144.0
1080.0,VTI105,19.48871485021955,75.48089814373304,9144.0
1080.0,WCM3806,3.1453643785583436,104.28249771825357,9144.0
1080.0,WCM6602,3.1721770396104594,112.50567558564627,9144.0
1080.0,XAX674,3.3959533698906403,103.6727550148012,9144.0
1090.0,VJC813,8.151657849450494,105.75172057769322,9144.0
1090.0,VJC815,7.99949774611848,105.65649474617508,9144.0
1090.0,VJC915,18.566877981116292,105.70933844194377,9144.0
1090.0,VJC916,3.59333581397419,104.00311784462167,9144.0
1090.0,VJC970,3.511131352481034,103.94469978481087,9144.0
1090.0,VTI105,19.490872316432394,75.5134433387607,9144.0
1090.0,WCM3806,3.137783322771911,104.31056322128444,9144.0
1090.0,WCM6602,3.1908394324764338,112.52857077713628,9144.0
1090.0,XAX674,3.3975347438641013,103.70381921786206,9144.0
1090.0,VJC813,8.151657849450494,105.75172057769322,9144.0
1090.0,VJC815,7.99949774611848,105.65649474617508,9144.0
1090.0,VJC915,18.566877981116292,105.70933844194377,9144.0
1090.0,VJC916,3.59333581397419,104.00311784462167,9144.0
1090.0,VJC970,3.511131352481034,103.94469978481087,9144.0
1090.0,VTI105,19.490872316432394,75.5134433387607,9144.0
1090.0,WCM3806,3.137783322771911,104.31056322128444,9144.0
1090.0,WCM6602,3.1908394324764338,112.52857077713628,9144.0
1090.0,XAX674,3.3975347438641013,103.70381921786206,9144.0
1100.0,VJC813,8.12075851000368,105.74641329254511,9144.0
1100.0,VJC815,7.968467829843221,105.65426243792182,9144.0
1100.0,VJC915,18.536736077987577,105.7080938410025,9144.0
1100.0,VJC916,3.623832735144643,104.01315500870022,9144.0
1100.0,VJC970,3.543322056139082,103.94597357694228,9144.0
1100.0,VTI105,19.493036903196913,75.54598843694444,9144.0
1100.0,WCM3806,3.1302168186514474,104.33857009080681,9144.0
1100.0,WCM6602,3.209501077554785,112.55146699699431,9144.0
1100.0,XAX674,3.399201006044532,103.73487902124411,9144.0
1100.0,VJC813,8.12075851000368,105.74641329254511,9144.0
1100.0,VJC815,7.968467829843221,105.65426243792182,9144.0
1100.0,VJC915,18.536736077987577,105.7080938410025,9144.0
1100.0,VJC916,3.623832735144643,104.01315500870022,9144.0
1100.0,VJC970,3.543322056139082,103.94597357694228,9144.0
1100.0,VTI105,19.493036903196913,75.54598843694444,9144.0
1100.0,WCM3806,3.1302168186514474,104.33857009080681,9144.0
1100.0,WCM6602,3.209501077554785,112.55146699699431,9144.0
1100.0,XAX674,3.399201006044532,103.73487902124411,9144.0
1110.0,VJC813,8.08985910116112,105.74110682724066,9144.0
1110.0,VJC815,7.937437901596944,105.65203046821415,9144.0
1110.0,VJC915,18.506893096724024,105.71118832532649,9144.0
1110.0,VJC916,3.654329483734635,104.02319303903704,9144.0
1110.0,VJC970,3.575181989431072,103.95075807438944,9144.0
1110.0,VTI105,19.49519110693812,75.57853474354708,9144.0
1110.0,WCM3806,3.1225356113657603,104.36654542078963,9144.0
1110.0,WCM6602,3.228245465795351,112.57429573403174,9144.0
1110.0,XAX674,3.400871535748824,103.76611510388057,9144.0
1110.0,VJC813,8.08985910116112,105.74110682724066,9144.0
1110.0,VJC815,7.937437901596944,105.65203046821415,9144.0
1110.0,VJC915,18.506893096724024,105.71118832532649,9144.0
1110.0,VJC916,3.654329483734635,104.02319303903704,9144.0
1110.0,VJC970,3.575181989431072,103.95075807438944,9144.0
1110.0,VTI105,19.49519110693812,75.57853474354708,9144.0
1110.0,WCM3806,3.1225356113657603,104.36654542078963,9144.0
1110.0,WCM6602,3.228245465795351,112.57429573403174,9144.0
1110.0,XAX674,3.400871535748824,103.76611510388057,9144.0
1120.0,VJC813,8.05895962265198,105.73580118175371,9144.0
1120.0,VJC815,7.906407961426533,105.64979883569488,9144.0
1120.0,VJC915,18.477731508327462,105.71855496584952,9144.0
1120.0,VJC916,3.684860120118604,104.03312743782483,9144.0
1120.0,VJC970,3.6064092343488086,103.95768751711384,9144.0
1120.0,VTI105,19.49606013853624,75.6111483272308,9144.0
1120.0,WCM3806,3.1148532770318216,104.39452023600178,9144.0
1120.0,WCM6602,3.246913144295105,112.59703297819864,9144.0
1120.0,XAX674,3.402332425734926,103.79736177740139,9144.0
1120.0,VJC813,8.05895962265198,105.73580118175371,9144.0
1120.0,VJC815,7.906407961426533,105.64979883569488,9144.0
1120.0,VJC915,18.477731508327462,105.71855496584952,9144.0
1120.0,VJC916,3.684860120118604,104.03312743782483,9144.0
1120.0,VJC970,3.6064092343488086,103.95768751711384,9144.0
1120.0,VTI105,19.49606013853624,75.6111483272308,9144.0
1120.0,WCM3806,3.1148532770318216,104.39452023600178,9144.0
1120.0,WCM6602,3.246913144295105,112.59703297819864,9144.0
1120.0,XAX674,3.402332425734926,103.79736177740139,9144.0
1130.0,VJC813,8.028064260936794,105.73047154373137,9144.0
1130.0,VJC815,7.875378009377414,105.64756753902793,9144.0
1130.0,VJC915,18.44936099475938,105.72972157378494,9144.0
1130.0,VJC916,3.715720841245268,104.04317007695074,9144.0
1130.0,VJC970,3.6374093780323884,103.96456705434211,9144.0
1130.0,VTI105,19.496918699492753,75.6437623960253,9144.0
1130.0,WCM3806,3.107093381059825,104.42247336661667,9144.0
1130.0,WCM6602,3.2655380259715288,112.61980582592443,9144.0
1130.0,XAX674,3.40378683047051,103.82855004383966,9144.0
1130.0,VJC813,8.028064260936794,105.73047154373137,9144.0
1130.0,VJC815,7.875378009377414,105.64756753902793,9144.0
1130.0,VJC915,18.44936099475938,105.72972157378494,9144.0
1130.0,VJC916,3.715720841245268,104.04317007695074,9144.0
1130.0,VJC970,3.6374093780323884,103.96456705434211,9144.0
1130.0,VTI105,19.496918699492753,75.6437623960253,9144.0
1130.0,WCM3806,3.107093381059825,104.42247336661667,9144.0
1130.0,WCM6602,3.2655380259715288,112.61980582592443,9144.0
1130.0,XAX674,3.40378683047051,103.82855004383966,9144.0
1140.0,VJC813,7.997111192903717,105.72513278268255,9144.0
1140.0,VJC815,7.844348045491199,105.64533657693165,9144.0
1140.0,VJC915,18.420989666151428,105.74088403761907,9144.0
1140.0,VJC916,3.746538121716298,104.05334615171981,9144.0
1140.0,VJC970,3.6683815703789624,103.97157209745961,9144.0
1140.0,VTI105,19.493918234039146,75.67623294517865,9144.0
1140.0,WCM3806,3.0993484765687587,104.45036793141178,9144.0
1140.0,WCM6602,3.284200069257845,112.64262606429362,9144.0
1140.0,XAX674,3.405455022746496,103.85972762227232,9144.0
1140.0,VJC813,7.997111192903717,105.72513278268255,9144.0
1140.0,VJC815,7.844348045491199,105.64533657693165,9144.0
1140.0,VJC915,18.420989666151428,105.74088403761907,9144.0
1140.0,VJC916,3.746538121716298,104.05334615171981,9144.0
1140.0,VJC970,3.6683815703789624,103.97157209745961,9144.0
1140.0,VTI105,19.493918234039146,75.67623294517865,9144.0
1140.0,WCM3806,3.0993484765687587,104.45036793141178,9144.0
1140.0,WCM6602,3.284200069257845,112.64262606429362,9144.0
1140.0,XAX674,3.405455022746496,103.85972762227232,9144.0
1150.0,VJC813,7.966144983832788,105.71987270356607,9144.0
1150.0,VJC815,7.813318069791888,105.64310594837444,9144.0
1150.0,VJC915,18.391788515918037,105.74933990834397,9144.0
1150.0,VJC916,3.7771905534350503,104.06346859566732,9144.0
1150.0,VJC970,3.699240057193749,103.97855192503765,9144.0
1150.0,VTI105,19.490914173516895,75.7086397237277,9144.0
1150.0,WCM3806,3.091663328290077,104.4782788645425,9144.0
1150.0,WCM6602,3.30275690356972,112.66553264613073,9144.0
1150.0,XAX674,3.40713655150121,103.89119803231321,9144.0
1150.0,VJC813,7.966144983832788,105.71987270356607,9144.0
1150.0,VJC815,7.813318069791888,105.64310594837444,9144.0
1150.0,VJC915,18.391788515918037,105.74933990834397,9144.0
1150.0,VJC916,3.7771905534350503,104.06346859566732,9144.0
1150.0,VJC970,3.699240057193749,103.97855192503765,9144.0
1150.0,VTI105,19.490914173516895,75.7086397237277,9144.0
1150.0,WCM3806,3.091663328290077,104.4782788645425,9144.0
1150.0,WCM6602,3.30275690356972,112.66553264613073,9144.0
1150.0,XAX674,3.40713655150121,103.89119803231321,9144.0
1160.0,VJC813,7.935236368633056,105.71462321729327,9144.0
1160.0,VJC815,7.7823414753913935,105.64021686830236,9144.0
1160.0,VJC915,18.36230194500467,105.75787528873624,9144.0
1160.0,VJC916,3.807883729470285,104.07346662504087,9144.0
1160.0,VJC970,3.7301056799157486,103.98550023931924,9144.0
1160.0,VTI105,19.48776167652574,75.74103000153839,9144.0
1160.0,WCM3806,3.0839770651555543,104.5061892878021,9144.0
1160.0,WCM6602,3.321275276763135,112.68839374962846,9144.0
1160.0,XAX674,3.408741728304986,103.92267249576281,9144.0
1160.0,VJC813,7.935236368633056,105.71462321729327,9144.0
1160.0,VJC815,7.7823414753913935,105.64021686830236,9144.0
1160.0,VJC915,18.36230194500467,105.75787528873624,9144.0
1160.0,VJC916,3.807883729470285,104.07346662504087,9144.0
1160.0,VJC970,3.7301056799157486,103.98550023931924,9144.0
1160.0,VTI105,19.48776167652574,75.74103000153839,9144.0
1160.0,WCM3806,3.0839770651555543,104.5061892878021,9144.0
1160.0,WCM6602,3.321275276763135,112.68839374962846,9144.0
1160.0,XAX674,3.408741728304986,103.92267249576281,9144.0
1170.0,VJC813,7.904327682154228,105.70937455278441,9144.0
1170.0,VJC815,7.751481744119902,105.63733911486113,9144.0
1170.0,VJC915,18.333189265855285,105.76773143626946,9144.0
1170.0,VJC916,3.838079998356698,104.08330356354794,9144.0
1170.0,VJC970,3.7606292973491247,103.99237206170717,9144.0
1170.0,VTI105,19.484581966548497,75.77360500076341,9144.0
1170.0,WCM3806,3.0762718149138117,104.53409425810995,9144.0
1170.0,WCM6602,3.339873641286136,112.71119003595179,9144.0
1170.0,XAX674,3.4103565219968464,103.95438057064298,9144.0
1170.0,VJC813,7.904327682154228,105.70937455278441,9144.0
1170.0,VJC815,7.751481744119902,105.63733911486113,9144.0
1170.0,VJC915,18.333189265855285,105.76773143626946,9144.0
1170.0,VJC916,3.838079998356698,104.08330356354794,9144.0
1170.0,VJC970,3.7606292973491247,103.99237206170717,9144.0
1170.0,VTI105,19.484581966548497,75.77360500076341,9144.0
1170.0,WCM3806,3.0762718149138117,104.53409425810995,9144.0
1170.0,WCM6602,3.339873641286136,112.71119003595179,9144.0
1170.0,XAX674,3.4103565219968464,103.95438057064298,9144.0
1180.0,VJC813,7.873425479845251,105.70408751024581,9144.0
1180.0,VJC815,7.7206219929892095,105.634461788869,9144.0
1180.0,VJC915,18.303739618603764,105.77769793517729,9144.0
1180.0,VJC916,3.8687919739720518,104.09137932389855,9144.0
1180.0,VJC970,3.7911371723059086,103.99931398273466,9144.0
1180.0,VTI105,19.481361051802413,75.80617479700176,9144.0
1180.0,WCM3806,3.068565466183783,104.56199872274482,9144.0
1180.0,WCM6602,3.3584712423468623,112.73398738028253,9144.0
1180.0,XAX674,3.411883397483101,103.98609306657639,9144.0
1180.0,VJC813,7.873425479845251,105.70408751024581,9144.0
1180.0,VJC815,7.7206219929892095,105.634461788869,9144.0
1180.0,VJC915,18.303739618603764,105.77769793517729,9144.0
1180.0,VJC916,3.8687919739720518,104.09137932389855,9144.0
1180.0,VJC970,3.7911371723059086,103.99931398273466,9144.0
1180.0,VTI105,19.481361051802413,75.80617479700176,9144.0
1180.0,WCM3806,3.068565466183783,104.56199872274482,9144.0
1180.0,WCM6602,3.3584712423468623,112.73398738028253,9144.0
1180.0,XAX674,3.411883397483101,103.98609306657639,9144.0
1190.0,VJC813,7.841491429913445,105.69862478215522,9144.0
1190.0,VJC815,7.689819794960762,105.6310134069354,9144.0
1190.0,VJC915,18.27418377159926,105.78730769872918,9144.0
1190.0,VJC916,3.89876861925564,104.09926233440915,9144.0
1190.0,VJC970,3.821416368131877,104.00620437220155,9144.0
1190.0,VTI105,19.47813721759757,75.83868087393921,9144.0
1190.0,WCM3806,3.060930599639427,104.58992268727863,9144.0
1190.0,WCM6602,3.3770828244695497,112.75677370826082,9144.0
1190.0,XAX674,3.4134137255549115,104.0179222192245,9144.0
1190.0,VJC813,7.841491429913445,105.69862478215522,9144.0
1190.0,VJC815,7.689819794960762,105.6310134069354,9144.0
1190.0,VJC915,18.27418377159926,105.78730769872918,9144.0
1190.0,VJC916,3.89876861925564,104.09926233440915,9144.0
1190.0,VJC970,3.821416368131877,104.00620437220155,9144.0
1190.0,VTI105,19.47813721759757,75.83868087393921,9144.0
1190.0,WCM3806,3.060930599639427,104.58992268727863,9144.0
1190.0,WCM6602,3.3770828244695497,112.75677370826082,9144.0
1190.0,XAX674,3.4134137255549115,104.0179222192245,9144.0
1200.0,VJC813,7.80955562312147,105.69317294711176,9144.0
1200.0,VJC815,7.6590175693258615,105.62756552587811,9144.0
1200.0,VJC915,18.24457129712702,105.79693239618354,9144.0
1200.0,VJC916,3.9294643334241677,104.10354169849617,9144.0
1200.0,VJC970,3.851707813574097,104.01304070918361,9144.0
1200.0,VTI105,19.474848697743198,75.87117900016905,9144.0
1200.0,WCM3806,3.053278738354457,104.61790425750448,9144.0
1200.0,WCM6602,3.395655731734115,112.7795146881026,9144.0
1200.0,XAX674,3.414970096615633,104.04975015614765,9144.0
1200.0,VJC813,7.80955562312147,105.69317294711176,9144.0
1200.0,VJC815,7.6590175693258615,105.62756552587811,9144.0
1200.0,VJC915,18.24457129712702,105.79693239618354,9144.0
1200.0,VJC916,3.9294643334241677,104.10354169849617,9144.0
1200.0,VJC970,3.851707813574097,104.01304070918361,9144.0
1200.0,VTI105,19.474848697743198,75.87117900016905,9144.0
1200.0,WCM3806,3.053278738354457,104.61790425750448,9144.0
1200.0,WCM6602,3.395655731734115,112.7795146881026,9144.0
1200.0,XAX674,3.414970096615633,104.04975015614765,9144.0
1210.0,VJC813,7.778651584644358,105.68789805307624,9144.0
1210.0,VJC815,7.628215316193975,105.62411814365142,9144.0
1210.0,VJC915,18.214958321075635,105.80655374460375,9144.0
1210.0,VJC916,3.9605662490504216,104.10787801831749,9144.0
1210.0,VJC970,3.882056440508317,104.01989045685188,9144.0
1210.0,VTI105,19.47154498799743,75.9037374914586,9144.0
1210.0,WCM3806,3.0455851619655037,104.6458741542145,9144.0
1210.0,WCM6602,3.4142114347750505,112.80227019593552,9144.0
1210.0,XAX674,3.416515764494313,104.08140344395301,9144.0
1210.0,VJC813,7.778651584644358,105.68789805307624,9144.0
1210.0,VJC815,7.628215316193975,105.62411814365142,9144.0
1210.0,VJC915,18.214958321075635,105.80655374460375,9144.0
1210.0,VJC916,3.9605662490504216,104.10787801831749,9144.0
1210.0,VJC970,3.882056440508317,104.01989045685188,9144.0
1210.0,VTI105,19.47154498799743,75.9037374914586,9144.0
1210.0,WCM3806,3.0455851619655037,104.6458741542145,9144.0
1210.0,WCM6602,3.4142114347750505,112.80227019593552,9144.0
1210.0,XAX674,3.416515764494313,104.08140344395301,9144.0
1220.0,VJC813,7.747747480866323,105.68262393660785,9144.0
1220.0,VJC815,7.597413035671447,105.62067125823857,9144.0
1220.0,VJC915,18.185344045334897,105.81616902434133,9144.0
1220.0,VJC916,3.9916040731318168,104.11265369730273,9144.0
1220.0,VJC970,3.912405000185033,104.02674075106216,9144.0
1220.0,VTI105,19.468277801267885,75.93629947226148,9144.0
1220.0,WCM3806,3.0379064624369723,104.67378546520581,9144.0
1220.0,WCM6602,3.4327663729422904,112.82502677053635,9144.0
1220.0,XAX674,3.418108359873294,104.1130544496038,9144.0
1220.0,VJC813,7.747747480866323,105.68262393660785,9144.0
1220.0,VJC815,7.597413035671447,105.62067125823857,9144.0
1220.0,VJC915,18.185344045334897,105.81616902434133,9144.0
1220.0,VJC916,3.9916040731318168,104.11265369730273,9144.0
1220.0,VJC970,3.912405000185033,104.02674075106216,9144.0
1220.0,VTI105,19.468277801267885,75.93629947226148,9144.0
1220.0,WCM3806,3.0379064624369723,104.67378546520581,9144.0
1220.0,WCM6602,3.4327663729422904,112.82502677053635,9144.0
1220.0,XAX674,3.418108359873294,104.1130544496038,9144.0
1230.0,VJC813,7.716843312056151,105.67735059448452,9144.0
1230.0,VJC815,7.566610727858416,105.61722486767985,9144.0
1230.0,VJC915,18.155795281305807,105.82600340195933,9144.0
1230.0,VJC916,4.023045337966994,104.11749182708157,9144.0
1230.0,VJC970,3.942750633424744,104.0336043073653,9144.0
1230.0,VTI105,19.465027420385923,75.968611438228,9144.0
1230.0,WCM3806,3.0301960557952405,104.701687810203,9144.0
1230.0,WCM6602,3.450867155069313,112.84814795820583,9144.0
1230.0,XAX674,3.419693123435428,104.1445888805337,9144.0
1230.0,VJC813,7.716843312056151,105.67735059448452,9144.0
1230.0,VJC815,7.566610727858416,105.61722486767985,9144.0
1230.0,VJC915,18.155795281305807,105.82600340195933,9144.0
1230.0,VJC916,4.023045337966994,104.11749182708157,9144.0
1230.0,VJC970,3.942750633424744,104.0336043073653,9144.0
1230.0,VTI105,19.465027420385923,75.968611438228,9144.0
1230.0,WCM3806,3.0301960557952405,104.701687810203,9144.0
1230.0,WCM6602,3.450867155069313,112.84814795820583,9144.0
1230.0,XAX674,3.419693123435428,104.1445888805337,9144.0
1240.0,VJC813,7.685939078482138,105.67207802348794,9144.0
1240.0,VJC815,7.535808392839519,105.61377897015711,9144.0
1240.0,VJC915,18.126526263293577,105.83574041365938,9144.0
1240.0,VJC916,4.054503492542552,104.12221851959933,9144.0
1240.0,VJC970,3.972809640083682,104.04040364477612,9144.0
1240.0,VTI105,19.461758591729104,76.00092065923742,9144.0
1240.0,WCM3806,3.0224845630895287,104.72958965567769,9144.0
1240.0,WCM6602,3.46900354366128,112.87131783023399,9144.0
1240.0,XAX674,3.4212747951058686,104.17612351928008,9144.0
1240.0,VJC813,7.685939078482138,105.67207802348794,9144.0
1240.0,VJC815,7.535808392839519,105.61377897015711,9144.0
1240.0,VJC915,18.126526263293577,105.83574041365938,9144.0
1240.0,VJC916,4.054503492542552,104.12221851959933,9144.0
1240.0,VJC970,3.972809640083682,104.04040364477612,9144.0
1240.0,VTI105,19.461758591729104,76.00092065923742,9144.0
1240.0,WCM3806,3.0224845630895287,104.72958965567769,9144.0
1240.0,WCM6602,3.46900354366128,112.87131783023399,9144.0
1240.0,XAX674,3.4212747951058686,104.17612351928008,9144.0
1250.0,VJC813,7.655034780412039,105.66680622040398,9144.0
1250.0,VJC815,7.505006030636662,105.61033356442336,9144.0
1250.0,VJC915,18.09716313844303,105.8451569241074,9144.0
1250.0,VJC916,4.08590406654105,104.12693693361689,9144.0
1250.0,VJC970,4.002873363110493,104.04718224508194,9144.0
1250.0,VTI105,19.458613017063207,76.03324301297519,9144.0
1250.0,WCM3806,3.0147677895870784,104.75748983888334,9144.0
1250.0,WCM6602,3.486467101795865,112.89500125265252,9144.0
1250.0,XAX674,3.422842728412712,104.20742438210478,9144.0
1250.0,VJC813,7.655034780412039,105.66680622040398,9144.0
1250.0,VJC815,7.505006030636662,105.61033356442336,9144.0
1250.0,VJC915,18.09716313844303,105.8451569241074,9144.0
1250.0,VJC916,4.08590406654105,104.12693693361689,9144.0
1250.0,VJC970,4.002873363110493,104.04718224508194,9144.0
1250.0,VTI105,19.458613017063207,76.03324301297519,9144.0
1250.0,WCM3806,3.0147677895870784,104.75748983888334,9144.0
1250.0,WCM6602,3.486467101795865,112.89500125265252,9144.0
1250.0,XAX674,3.422842728412712,104.20742438210478,9144.0
1260.0,VJC813,7.624130418112974,105.66153518202319,9144.0
1260.0,VJC815,7.474189591870741,105.60701892541027,9144.0
1260.0,VJC915,18.067799505806043,105.85457010658145,9144.0
1260.0,VJC916,4.117304488794498,104.13165654799873,9144.0
1260.0,VJC970,4.032879583602685,104.05394843819728,9144.0
1260.0,VTI105,19.455465378411294,76.06537568229814,9144.0
1260.0,WCM3806,3.0070499442063654,104.78538952710505,9144.0
1260.0,WCM6602,3.503929195158072,112.91868619998634,9144.0
1260.0,XAX674,3.4245176049057338,104.23871973962224,9144.0
1260.0,VJC813,7.624130418112974,105.66153518202319,9144.0
1260.0,VJC815,7.474189591870741,105.60701892541027,9144.0
1260.0,VJC915,18.067799505806043,105.85457010658145,9144.0
1260.0,VJC916,4.117304488794498,104.13165654799873,9144.0
1260.0,VJC970,4.032879583602685,104.05394843819728,9144.0
1260.0,VTI105,19.455465378411294,76.06537568229814,9144.0
1260.0,WCM3806,3.0070499442063654,104.78538952710505,9144.0
1260.0,WCM6602,3.503929195158072,112.91868619998634,9144.0
1260.0,XAX674,3.4245176049057338,104.23871973962224,9144.0
1270.0,VJC813,7.593225991851331,105.65626490514133,9144.0
1270.0,VJC815,7.444253653147528,105.60379944502849,9144.0
1270.0,VJC915,18.03849952781235,105.86419864322832,9144.0
1270.0,VJC916,4.148877424922983,104.1364024736225,9144.0
1270.0,VJC970,4.0628674018469875,104.06079638357598,9144.0
1270.0,VTI105,19.452061303014673,76.09747825911204,9144.0
1270.0,WCM3806,2.999309870152587,104.81328284202519,9144.0
1270.0,WCM6602,3.5217811292794226,112.94207806178281,9144.0
1270.0,XAX674,3.4261811977249357,104.26983941855161,9144.0
1270.0,VJC813,7.593225991851331,105.65626490514133,9144.0
1270.0,VJC815,7.444253653147528,105.60379944502849,9144.0
1270.0,VJC915,18.03849952781235,105.86419864322832,9144.0
1270.0,VJC916,4.148877424922983,104.1364024736225,9144.0
1270.0,VJC970,4.0628674018469875,104.06079638357598,9144.0
1270.0,VTI105,19.452061303014673,76.09747825911204,9144.0
1270.0,WCM3806,2.999309870152587,104.81328284202519,9144.0
1270.0,WCM6602,3.5217811292794226,112.94207806178281,9144.0
1270.0,XAX674,3.4261811977249357,104.26983941855161,9144.0
1280.0,VJC813,7.562321501892625,105.6509953865603,9144.0
1280.0,VJC815,7.414317690923824,105.60058040622219,9144.0
1280.0,VJC915,18.00931163432721,105.87378693516817,9144.0
1280.0,VJC916,4.180444848554569,104.14118531146904,9144.0
1280.0,VJC970,4.092969916705711,104.0676710851063,9144.0
1280.0,VTI105,19.448648292166038,76.1295160028804,9144.0
1280.0,WCM3806,2.9915687263984845,104.84117566207722,9144.0
1280.0,WCM6602,3.5396317526798917,112.96547137729482,9144.0
1280.0,XAX674,3.427662323366641,104.30096839671265,9144.0
1280.0,VJC813,7.562321501892625,105.6509953865603,9144.0
1280.0,VJC815,7.414317690923824,105.60058040622219,9144.0
1280.0,VJC915,18.00931163432721,105.87378693516817,9144.0
1280.0,VJC916,4.180444848554569,104.14118531146904,9144.0
1280.0,VJC970,4.092969916705711,104.0676710851063,9144.0
1280.0,VTI105,19.448648292166038,76.1295160028804,9144.0
1280.0,WCM3806,2.9915687263984845,104.84117566207722,9144.0
1280.0,WCM6602,3.5396317526798917,112.96547137729482,9144.0
1280.0,XAX674,3.427662323366641,104.30096839671265,9144.0
1290.0,VJC813,7.531416948501309,105.6457266230892,9144.0
1290.0,VJC815,7.384389410011136,105.59728975819023,9144.0
1290.0,VJC915,17.98012314330917,105.88337162952503,9144.0
1290.0,VJC916,4.212184408731758,104.14599462486666,9144.0
1290.0,VJC970,4.123098573591345,104.07442995661948,9144.0
1290.0,VTI105,19.44550111614999,76.16158372042192,9144.0
1290.0,WCM3806,2.983944899076296,104.86910066996667,9144.0
1290.0,WCM6602,3.557286479977798,112.98901389976514,9144.0
1290.0,XAX674,3.429135969603724,104.33198005518233,9144.0
1290.0,VJC813,7.531416948501309,105.6457266230892,9144.0
1290.0,VJC815,7.384389410011136,105.59728975819023,9144.0
1290.0,VJC915,17.98012314330917,105.88337162952503,9144.0
1290.0,VJC916,4.212184408731758,104.14599462486666,9144.0
1290.0,VJC970,4.123098573591345,104.07442995661948,9144.0
1290.0,VTI105,19.44550111614999,76.16158372042192,9144.0
1290.0,WCM3806,2.983944899076296,104.86910066996667,9144.0
1290.0,WCM6602,3.557286479977798,112.98901389976514,9144.0
1290.0,XAX674,3.429135969603724,104.33198005518233,9144.0
1300.0,VJC813,7.500512331940513,105.64045861154592,9144.0
1300.0,VJC815,7.354343203167401,105.59398659584424,9144.0
1300.0,VJC915,17.950910134377338,105.8928718308001,9144.0
1300.0,VJC916,4.243934564939266,104.15073328997997,9144.0
1300.0,VJC970,4.153227170240349,104.08118935519214,9144.0
1300.0,VTI105,19.442323603426992,76.19383641509744,9144.0
1300.0,WCM3806,2.9763200064155027,104.89702519272969,9144.0
1300.0,WCM6602,3.574903834550963,113.01250998359576,9144.0
1300.0,XAX674,3.4307261485809115,104.36298598754165,9144.0
1300.0,VJC813,7.500512331940513,105.64045861154592,9144.0
1300.0,VJC815,7.354343203167401,105.59398659584424,9144.0
1300.0,VJC915,17.950910134377338,105.8928718308001,9144.0
1300.0,VJC916,4.243934564939266,104.15073328997997,9144.0
1300.0,VJC970,4.153227170240349,104.08118935519214,9144.0
1300.0,VTI105,19.442323603426992,76.19383641509744,9144.0
1300.0,WCM3806,2.9763200064155027,104.89702519272969,9144.0
1300.0,WCM6602,3.574903834550963,113.01250998359576,9144.0
1300.0,XAX674,3.4307261485809115,104.36298598754165,9144.0
1310.0,VJC813,7.469607652471677,105.63519134875929,9144.0
1310.0,VJC815,7.324296971789243,105.59068388347872,9144.0
1310.0,VJC915,17.92158396150955,105.90240543883765,9144.0
1310.0,VJC916,4.275569914998449,104.15545521427161,9144.0
1310.0,VJC970,4.183318626524287,104.0881133372099,9144.0
1310.0,VTI105,19.43899797476606,76.22607165206308,9144.0
1310.0,WCM3806,2.968628336701624,104.92493115185498,9144.0
1310.0,WCM6602,3.5926534926364577,113.03590634555225,9144.0
1310.0,XAX674,3.432320526694127,104.39410950218587,9144.0
1310.0,VJC813,7.469607652471677,105.63519134875929,9144.0
1310.0,VJC815,7.324296971789243,105.59068388347872,9144.0
1310.0,VJC915,17.92158396150955,105.90240543883765,9144.0
1310.0,VJC916,4.275569914998449,104.15545521427161,9144.0
1310.0,VJC970,4.183318626524287,104.0881133372099,9144.0
1310.0,VTI105,19.43899797476606,76.22607165206308,9144.0
1310.0,WCM3806,2.968628336701624,104.92493115185498,9144.0
1310.0,WCM6602,3.5926534926364577,113.03590634555225,9144.0
1310.0,XAX674,3.432320526694127,104.39410950218587,9144.0
1320.0,VJC813,7.438702910354001,105.62992483157238,9144.0
1320.0,VJC815,7.294247807318616,105.58740862956856,9144.0
1320.0,VJC915,17.89227815280937,105.91200638055624,9144.0
1320.0,VJC916,4.30720621290389,104.16017094377496,9144.0
1320.0,VJC970,4.213410020448727,104.095037858639,9144.0
1320.0,VTI105,19.43563505250474,76.25855335727846,9144.0
1320.0,WCM3806,2.960935594513612,104.95283662051172,9144.0
1320.0,WCM6602,3.6104380430045966,113.05935193406388,9144.0
1320.0,XAX674,3.4338710468730014,104.4252352910811,9144.0
1320.0,VJC813,7.438702910354001,105.62992483157238,9144.0
1320.0,VJC815,7.294247807318616,105.58740862956856,9144.0
1320.0,VJC915,17.89227815280937,105.91200638055624,9144.0
1320.0,VJC916,4.30720621290389,104.16017094377496,9144.0
1320.0,VJC970,4.213410020448727,104.095037858639,9144.0
1320.0,VTI105,19.43563505250474,76.25855335727846,9144.0
1320.0,WCM3806,2.960935594513612,104.95283662051172,9144.0
1320.0,WCM6602,3.6104380430045966,113.05935193406388,9144.0
1320.0,XAX674,3.4338710468730014,104.4252352910811,9144.0
1330.0,VJC813,7.4077981058436135,105.62465905684748,9144.0
1330.0,VJC815,7.264022055767149,105.58411457570845,9144.0
1330.0,VJC915,17.8628594163829,105.92164093863,9144.0
1330.0,VJC916,4.338439537615108,104.16482699667145,9144.0
1330.0,VJC970,4.243531675921964,104.10182907006669,9144.0
1330.0,VTI105,19.432275029655397,76.29103472783667,9144.0
1330.0,WCM3806,2.953191059538436,104.98072752654109,9144.0
1330.0,WCM6602,3.6281340382476728,113.08286515832481,9144.0
1330.0,XAX674,3.4354079205102064,104.45612617450048,9144.0
1330.0,VJC813,7.4077981058436135,105.62465905684748,9144.0
1330.0,VJC815,7.264022055767149,105.58411457570845,9144.0
1330.0,VJC915,17.8628594163829,105.92164093863,9144.0
1330.0,VJC916,4.338439537615108,104.16482699667145,9144.0
1330.0,VJC970,4.243531675921964,104.10182907006669,9144.0
1330.0,VTI105,19.432275029655397,76.29103472783667,9144.0
1330.0,WCM3806,2.953191059538436,104.98072752654109,9144.0
1330.0,WCM6602,3.6281340382476728,113.08286515832481,9144.0
1330.0,XAX674,3.4354079205102064,104.45612617450048,9144.0
1340.0,VJC813,7.376893239192207,105.61939402147416,9144.0
1340.0,VJC815,7.233796279429493,105.58082097399843,9144.0
1340.0,VJC915,17.83344018758375,105.93127224447349,9144.0
1340.0,VJC916,4.369672826524052,104.16948348437441,9144.0
1340.0,VJC970,4.273653270712226,104.10862081799506,9144.0
1340.0,VTI105,19.42890955776696,76.32345198832391,9144.0
1340.0,WCM3806,2.9454615950092298,105.00855986346757,9144.0
1340.0,WCM6602,3.64586467487992,113.10642774552215,9144.0
1340.0,XAX674,3.4369966968019647,104.48701447392592,9144.0
1340.0,VJC813,7.376893239192207,105.61939402147416,9144.0
1340.0,VJC815,7.233796279429493,105.58082097399843,9144.0
1340.0,VJC915,17.83344018758375,105.93127224447349,9144.0
1340.0,VJC916,4.369672826524052,104.16948348437441,9144.0
1340.0,VJC970,4.273653270712226,104.10862081799506,9144.0
1340.0,VTI105,19.42890955776696,76.32345198832391,9144.0
1340.0,WCM3806,2.9454615950092298,105.00855986346757,9144.0
1340.0,WCM6602,3.64586467487992,113.10642774552215,9144.0
1340.0,XAX674,3.4369966968019647,104.48701447392592,9144.0
1350.0,VJC813,7.345988310644698,105.61412972238337,9144.0
1350.0,VJC815,7.2035799442342325,105.57744071930549,9144.0
1350.0,VJC915,17.804020289480913,105.94089970493812,9144.0
1350.0,VJC916,4.400893498673669,104.17422450997206,9144.0
1350.0,VJC970,4.303765906995432,104.11545266555201,9144.0
1350.0,VTI105,19.42557892262442,76.35587262943115,9144.0
1350.0,WCM3806,2.93778808783465,105.03640752936921,9144.0
1350.0,WCM6602,3.663700219025072,113.12991116812468,9144.0
1350.0,XAX674,3.438568463839356,104.51760821956802,9144.0
1350.0,VJC813,7.345988310644698,105.61412972238337,9144.0
1350.0,VJC815,7.2035799442342325,105.57744071930549,9144.0
1350.0,VJC915,17.804020289480913,105.94089970493812,9144.0
1350.0,VJC916,4.400893498673669,104.17422450997206,9144.0
1350.0,VJC970,4.303765906995432,104.11545266555201,9144.0
1350.0,VTI105,19.42557892262442,76.35587262943115,9144.0
1350.0,WCM3806,2.93778808783465,105.03640752936921,9144.0
1350.0,WCM6602,3.663700219025072,113.12991116812468,9144.0
1350.0,XAX674,3.438568463839356,104.51760821956802,9144.0
1360.0,VJC813,7.315083320434767,105.6088661565739,9144.0
1360.0,VJC815,7.17336358378364,105.57406091880158,9144.0
1360.0,VJC915,17.7745929537411,105.95050047503331,9144.0
1360.0,VJC916,4.432171795203316,104.17897470191217,9144.0
1360.0,VJC970,4.3338784809885285,104.12228506039217,9144.0
1360.0,VTI105,19.422247092094,76.38822963046664,9144.0
1360.0,WCM3806,2.9301295543155095,105.06419656087277,9144.0
1360.0,WCM6602,3.681534416500343,113.15339608685511,9144.0
1360.0,XAX674,3.440116128851096,104.5482032480481,9144.0
1360.0,VJC813,7.315083320434767,105.6088661565739,9144.0
1360.0,VJC815,7.17336358378364,105.57406091880158,9144.0
1360.0,VJC915,17.7745929537411,105.95050047503331,9144.0
1360.0,VJC916,4.432171795203316,104.17897470191217,9144.0
1360.0,VJC970,4.3338784809885285,104.12228506039217,9144.0
1360.0,VTI105,19.422247092094,76.38822963046664,9144.0
1360.0,WCM3806,2.9301295543155095,105.06419656087277,9144.0
1360.0,WCM6602,3.681534416500343,113.15339608685511,9144.0
1360.0,XAX674,3.440116128851096,104.5482032480481,9144.0
1370.0,VJC813,7.284178268775291,105.60360332116959,9144.0
1370.0,VJC815,7.143496803062699,105.56833769316478,9144.0
1370.0,VJC915,17.74510896261581,105.96011638982924,9144.0
1370.0,VJC916,4.463455509763765,104.18368906421112,9144.0
1370.0,VJC970,4.363985152653592,104.12914383972826,9144.0
1370.0,VTI105,19.418904403590442,76.4205847068692,9144.0
1370.0,WCM3806,2.922406844962854,105.09196758811609,9144.0
1370.0,WCM6602,3.699197071748098,113.17701129388236,9144.0
1370.0,XAX674,3.441653003402702,104.57862110189608,9144.0
1370.0,VJC813,7.284178268775291,105.60360332116959,9144.0
1370.0,VJC815,7.143496803062699,105.56833769316478,9144.0
1370.0,VJC915,17.74510896261581,105.96011638982924,9144.0
1370.0,VJC916,4.463455509763765,104.18368906421112,9144.0
1370.0,VJC970,4.363985152653592,104.12914383972826,9144.0
1370.0,VTI105,19.418904403590442,76.4205847068692,9144.0
1370.0,WCM3806,2.922406844962854,105.09196758811609,9144.0
1370.0,WCM6602,3.699197071748098,113.17701129388236,9144.0
1370.0,XAX674,3.441653003402702,104.57862110189608,9144.0
1380.0,VJC813,7.253273155833247,105.59834121356906,9144.0
1380.0,VJC815,7.113571876360079,105.56260408999887,9144.0
1380.0,VJC915,17.715624497115897,105.96972911929818,9144.0
1380.0,VJC916,4.494508294801031,104.1883690384305,9144.0
1380.0,VJC970,4.394034391309173,104.1359901044839,9144.0
1380.0,VTI105,19.41557452524361,76.45294060545973,9144.0
1380.0,WCM3806,2.9146830930335232,105.11973813379929,9144.0
1380.0,WCM6602,3.716858351412111,113.20062800577806,9144.0
1380.0,XAX674,3.4472705874398675,104.60855361840251,9144.0
1380.0,VJC813,7.253273155833247,105.59834121356906,9144.0
1380.0,VJC815,7.113571876360079,105.56260408999887,9144.0
1380.0,VJC915,17.715624497115897,105.96972911929818,9144.0
1380.0,VJC916,4.494508294801031,104.1883690384305,9144.0
1380.0,VJC970,4.394034391309173,104.1359901044839,9144.0
1380.0,VTI105,19.41557452524361,76.45294060545973,9144.0
1380.0,WCM3806,2.9146830930335232,105.11973813379929,9144.0
1380.0,WCM6602,3.716858351412111,113.20062800577806,9144.0
1380.0,XAX674,3.4472705874398675,104.60855361840251,9144.0
1390.0,VJC813,7.222367981636428,105.59307983200247,9144.0
1390.0,VJC815,7.083646878742331,105.55687123561869,9144.0
1390.0,VJC915,17.686139556201475,105.9793386631986,9144.0
1390.0,VJC916,4.525566403843211,104.1930135277853,9144.0
1390.0,VJC970,4.424097701691175,104.1427742170309,9144.0
1390.0,VTI105,19.412203095144378,76.48560476118185,9144.0
1390.0,WCM3806,2.907013125847194,105.14752343190848,9144.0
1390.0,WCM6602,3.7346430442256775,113.2241520039703,9144.0
1390.0,XAX674,3.4568662441178857,104.63745402385491,9144.0
1390.0,VJC813,7.222367981636428,105.59307983200247,9144.0
1390.0,VJC815,7.083646878742331,105.55687123561869,9144.0
1390.0,VJC915,17.686139556201475,105.9793386631986,9144.0
1390.0,VJC916,4.525566403843211,104.1930135277853,9144.0
1390.0,VJC970,4.424097701691175,104.1427742170309,9144.0
1390.0,VTI105,19.412203095144378,76.48560476118185,9144.0
1390.0,WCM3806,2.907013125847194,105.14752343190848,9144.0
1390.0,WCM6602,3.7346430442256775,113.2241520039703,9144.0
1390.0,XAX674,3.4568662441178857,104.63745402385491,9144.0
1400.0,VJC813,7.1924113715417315,105.58378848344276,9144.0
1400.0,VJC815,7.053721810451207,105.55113912710829,9144.0
1400.0,VJC915,17.656654136481936,105.98894501333862,9144.0
1400.0,VJC916,4.556508778949857,104.19764111850202,9144.0
1400.0,VJC970,4.4541609490752885,104.14955888677568,9144.0
1400.0,VTI105,19.408842445001675,76.51826949059695,9144.0
1400.0,WCM3806,2.8993581818707157,105.17525006828974,9144.0
1400.0,WCM6602,3.7523903847038724,113.24762962576911,9144.0
1400.0,XAX674,3.4703212350907804,104.66496432888778,9144.0
1400.0,VJC813,7.1924113715417315,105.58378848344276,9144.0
1400.0,VJC815,7.053721810451207,105.55113912710829,9144.0
1400.0,VJC915,17.656654136481936,105.98894501333862,9144.0
1400.0,VJC916,4.556508778949857,104.19764111850202,9144.0
1400.0,VJC970,4.4541609490752885,104.14955888677568,9144.0
1400.0,VTI105,19.408842445001675,76.51826949059695,9144.0
1400.0,WCM3806,2.8993581818707157,105.17525006828974,9144.0
1400.0,WCM6602,3.7523903847038724,113.24762962576911,9144.0
1400.0,XAX674,3.4703212350907804,104.66496432888778,9144.0
1410.0,VJC813,7.162612472173771,105.5739961006324,9144.0
1410.0,VJC815,7.023796671681234,105.54540776180286,9144.0
1410.0,VJC915,17.62716822248115,105.99854812066668,9144.0
1410.0,VJC916,4.587456979396345,104.20222953773694,9144.0
1410.0,VJC970,4.484214985111665,104.15638477025144,9144.0
1410.0,VTI105,19.405453396777556,76.55111797277168,9144.0
1410.0,WCM3806,2.891737118408434,105.20298587367752,9144.0
1410.0,WCM6602,3.770151801127629,113.27109703300245,9144.0
1410.0,XAX674,3.4874676043798503,104.69068654538384,9144.0
1410.0,VJC813,7.162612472173771,105.5739961006324,9144.0
1410.0,VJC815,7.023796671681234,105.54540776180286,9144.0
1410.0,VJC915,17.62716822248115,105.99854812066668,9144.0
1410.0,VJC916,4.587456979396345,104.20222953773694,9144.0
1410.0,VJC970,4.484214985111665,104.15638477025144,9144.0
1410.0,VTI105,19.405453396777556,76.55111797277168,9144.0
1410.0,WCM3806,2.891737118408434,105.20298587367752,9144.0
1410.0,WCM6602,3.770151801127629,113.27109703300245,9144.0
1410.0,XAX674,3.4874676043798503,104.69068654538384,9144.0
1420.0,VJC813,7.132813364487939,105.56420500038662,9144.0
1420.0,VJC815,6.993871462503444,105.53967713769299,9144.0
1420.0,VJC915,17.59769117177716,106.00817956564286,9144.0
1420.0,VJC916,4.61846303181467,104.20682694388195,9144.0
1420.0,VJC970,4.514326335008146,104.1632242551559,9144.0
1420.0,VTI105,19.402014673670127,76.58395995690681,9144.0
1420.0,WCM3806,2.884115021170434,105.23072120813482,9144.0
1420.0,WCM6602,3.7878757260964346,113.29451811834363,9144.0
1420.0,XAX674,3.505866986514786,104.71552506241889,9144.0
1420.0,VJC813,7.132813364487939,105.56420500038662,9144.0
1420.0,VJC815,6.993871462503444,105.53967713769299,9144.0
1420.0,VJC915,17.59769117177716,106.00817956564286,9144.0
1420.0,VJC916,4.61846303181467,104.20682694388195,9144.0
1420.0,VJC970,4.514326335008146,104.1632242551559,9144.0
1420.0,VTI105,19.402014673670127,76.58395995690681,9144.0
1420.0,WCM3806,2.884115021170434,105.23072120813482,9144.0
1420.0,WCM6602,3.7878757260964346,113.29451811834363,9144.0
1420.0,XAX674,3.505866986514786,104.71552506241889,9144.0
1430.0,VJC813,7.103014049307854,105.55441517739553,9144.0
1430.0,VJC815,6.963946182430591,105.53394725572929,9144.0
1430.0,VJC915,17.5683260145662,106.01777110127696,9144.0
1430.0,VJC916,4.649454077756442,104.21152529551811,9144.0
1430.0,VJC970,4.544437563150497,104.17006456418159,9144.0
1430.0,VTI105,19.398553642974413,76.61692356958251,9144.0
1430.0,WCM3806,2.876453110157221,105.25844535602067,9144.0
1430.0,WCM6602,3.8055647015960115,113.31796620685077,9144.0
1430.0,XAX674,3.5223046623851024,104.74170850510005,9144.0
1430.0,VJC813,7.103014049307854,105.55441517739553,9144.0
1430.0,VJC815,6.963946182430591,105.53394725572929,9144.0
1430.0,VJC915,17.5683260145662,106.01777110127696,9144.0
1430.0,VJC916,4.649454077756442,104.21152529551811,9144.0
1430.0,VJC970,4.544437563150497,104.17006456418159,9144.0
1430.0,VTI105,19.398553642974413,76.61692356958251,9144.0
1430.0,WCM3806,2.876453110157221,105.25844535602067,9144.0
1430.0,WCM6602,3.8055647015960115,113.31796620685077,9144.0
1430.0,XAX674,3.5223046623851024,104.74170850510005,9144.0
1440.0,VJC813,7.073214527441761,105.54462662639801,9144.0
1440.0,VJC815,6.935058771802962,105.52421224239141,9144.0
1440.0,VJC915,17.538960081614942,106.02735846895236,9144.0
1440.0,VJC916,4.680560682269616,104.21624159262541,9144.0
1440.0,VJC970,4.574560260102304,104.17685415307284,9144.0
1440.0,VTI105,19.395120940059886,76.64988981607327,9144.0
1440.0,WCM3806,2.868790181107195,105.28616903577267,9144.0
1440.0,WCM6602,3.8232163362833145,113.34136780307352,9144.0
1440.0,XAX674,3.538960121382167,104.76824127882607,9144.0
1440.0,VJC813,7.073214527441761,105.54462662639801,9144.0
1440.0,VJC815,6.935058771802962,105.52421224239141,9144.0
1440.0,VJC915,17.538960081614942,106.02735846895236,9144.0
1440.0,VJC916,4.680560682269616,104.21624159262541,9144.0
1440.0,VJC970,4.574560260102304,104.17685415307284,9144.0
1440.0,VTI105,19.395120940059886,76.64988981607327,9144.0
1440.0,WCM3806,2.868790181107195,105.28616903577267,9144.0
1440.0,WCM6602,3.8232163362833145,113.34136780307352,9144.0
1440.0,XAX674,3.538960121382167,104.76824127882607,9144.0
1450.0,VJC813,7.043414799677497,105.53483934219734,9144.0
1450.0,VJC815,6.907115548796409,105.51044044444276,9144.0
1450.0,VJC915,17.5095851068712,106.03691377519326,9144.0
1450.0,VJC916,4.711677092434054,104.22089252385206,9144.0
1450.0,VJC970,4.6046828837955776,104.1836443556238,9144.0
1450.0,VTI105,19.391704742469123,76.68260724975194,9144.0
1450.0,WCM3806,2.8611780320632185,105.31390655196434,9144.0
1450.0,WCM6602,3.840895769681816,113.36474879446432,9144.0
1450.0,XAX674,3.555614535583082,104.7947751889992,9144.0
1450.0,VJC813,7.043414799677497,105.53483934219734,9144.0
1450.0,VJC815,6.907115548796409,105.51044044444276,9144.0
1450.0,VJC915,17.5095851068712,106.03691377519326,9144.0
1450.0,VJC916,4.711677092434054,104.22089252385206,9144.0
1450.0,VJC970,4.6046828837955776,104.1836443556238,9144.0
1450.0,VTI105,19.391704742469123,76.68260724975194,9144.0
1450.0,WCM3806,2.8611780320632185,105.31390655196434,9144.0
1450.0,WCM6602,3.840895769681816,113.36474879446432,9144.0
1450.0,XAX674,3.555614535583082,104.7947751889992,9144.0
1460.0,VJC813,7.013614866774915,105.52505331968456,9144.0
1460.0,VJC815,6.879871364368345,105.49531495721486,9144.0
1460.0,VJC915,17.480265827926015,106.0464473107859,9144.0
1460.0,VJC916,4.742851225713659,104.22555251068853,9144.0
1460.0,VJC970,4.634765335428464,104.19061179562273,9144.0
1460.0,VTI105,19.3882275804272,76.71531676581714,9144.0
1460.0,WCM3806,2.8535808503890108,105.34158535502145,9144.0
1460.0,WCM6602,3.858610048533214,113.38817914132883,9144.0
1460.0,XAX674,3.5723273279121175,104.82127270707772,9144.0
1460.0,VJC813,7.013614866774915,105.52505331968456,9144.0
1460.0,VJC815,6.879871364368345,105.49531495721486,9144.0
1460.0,VJC915,17.480265827926015,106.0464473107859,9144.0
1460.0,VJC916,4.742851225713659,104.22555251068853,9144.0
1460.0,VJC970,4.634765335428464,104.19061179562273,9144.0
1460.0,VTI105,19.3882275804272,76.71531676581714,9144.0
1460.0,WCM3806,2.8535808503890108,105.34158535502145,9144.0
1460.0,WCM6602,3.858610048533214,113.38817914132883,9144.0
1460.0,XAX674,3.5723273279121175,104.82127270707772,9144.0
1470.0,VJC813,6.983814729453898,105.51526855387553,9144.0
1470.0,VJC815,6.852421469806015,105.48007740784325,9144.0
1470.0,VJC915,17.450685717503777,106.05504834828352,9144.0
1470.0,VJC916,4.774030001944352,104.2301813252218,9144.0
1470.0,VJC970,4.664847706105202,104.19757988499455,9144.0
1470.0,VTI105,19.38478086370123,76.74765278547889,9144.0
1470.0,WCM3806,2.8459576789845547,105.36925681035414,9144.0
1470.0,WCM6602,3.876257521886704,113.41166056422801,9144.0
1470.0,XAX674,3.5890390761292887,104.84777136989415,9144.0
1470.0,VJC813,6.983814729453898,105.51526855387553,9144.0
1470.0,VJC815,6.852421469806015,105.48007740784325,9144.0
1470.0,VJC915,17.450685717503777,106.05504834828352,9144.0
1470.0,VJC916,4.774030001944352,104.2301813252218,9144.0
1470.0,VJC970,4.664847706105202,104.19757988499455,9144.0
1470.0,VTI105,19.38478086370123,76.74765278547889,9144.0
1470.0,WCM3806,2.8459576789845547,105.36925681035414,9144.0
1470.0,WCM6602,3.876257521886704,113.41166056422801,9144.0
1470.0,XAX674,3.5890390761292887,104.84777136989415,9144.0
1480.0,VJC813,6.95401438837425,105.50548503997312,9144.0
1480.0,VJC815,6.824428296773693,105.4658787007999,9144.0
1480.0,VJC915,17.420480257852685,106.06078294607937,9144.0
1480.0,VJC916,4.805266470889467,104.23481913587865,9144.0
1480.0,VJC970,4.694985358394409,104.20430349542661,9144.0
1480.0,VTI105,19.381421993147004,76.77999852505559,9144.0
1480.0,WCM3806,2.8383335520564787,105.39692781898353,9144.0
1480.0,WCM6602,3.8939037997202885,113.4351433808542,9144.0
1480.0,XAX674,3.605761929407621,104.87426348444106,9144.0
1480.0,VJC813,6.95401438837425,105.50548503997312,9144.0
1480.0,VJC815,6.824428296773693,105.4658787007999,9144.0
1480.0,VJC915,17.420480257852685,106.06078294607937,9144.0
1480.0,VJC916,4.805266470889467,104.23481913587865,9144.0
1480.0,VJC970,4.694985358394409,104.20430349542661,9144.0
1480.0,VTI105,19.381421993147004,76.77999852505559,9144.0
1480.0,WCM3806,2.8383335520564787,105.39692781898353,9144.0
1480.0,WCM6602,3.8939037997202885,113.4351433808542,9144.0
1480.0,XAX674,3.605761929407621,104.87426348444106,9144.0
1490.0,VJC813,6.924213844099154,105.49570277348013,9144.0
1490.0,VJC815,6.7963302701449,105.45162875884753,9144.0
1490.0,VJC915,17.390216663518164,106.06652663667647,9144.0
1490.0,VJC916,4.836606440789971,104.23869059282858,9144.0
1490.0,VJC970,4.725122937667179,104.21102772675216,9144.0
1490.0,VTI105,19.378047792876878,76.81240463127754,9144.0
1490.0,WCM3806,2.8307033487879556,105.42459696613756,9144.0
1490.0,WCM6602,3.9116130207947037,113.45857904040564,9144.0
1490.0,XAX674,3.6224524496278985,104.90070715991236,9144.0
1490.0,VJC813,6.924213844099154,105.49570277348013,9144.0
1490.0,VJC815,6.7963302701449,105.45162875884753,9144.0
1490.0,VJC915,17.390216663518164,106.06652663667647,9144.0
1490.0,VJC916,4.836606440789971,104.23869059282858,9144.0
1490.0,VJC970,4.725122937667179,104.21102772675216,9144.0
1490.0,VTI105,19.378047792876878,76.81240463127754,9144.0
1490.0,WCM3806,2.8307033487879556,105.42459696613756,9144.0
1490.0,WCM6602,3.9116130207947037,113.45857904040564,9144.0
1490.0,XAX674,3.6224524496278985,104.90070715991236,9144.0
1500.0,VJC813,6.894413097021112,105.48592175042829,9144.0
1500.0,VJC815,6.7682317517773125,105.4373806313551,9144.0
1500.0,VJC915,17.359508281965905,106.0683180573264,9144.0
1500.0,VJC916,4.868004265001155,104.24256956061707,9144.0
1500.0,VJC970,4.755226496027871,104.21790398061756,9144.0
1500.0,VTI105,19.374738614002887,76.84481761265492,9144.0
1500.0,WCM3806,2.8231118955325747,105.45227661498602,9144.0
1500.0,WCM6602,3.9293210093399153,113.48201613203317,9144.0
1500.0,XAX674,3.639123755990429,104.92716348990415,9144.0
1500.0,VJC813,6.894413097021112,105.48592175042829,9144.0
1500.0,VJC815,6.7682317517773125,105.4373806313551,9144.0
1500.0,VJC915,17.359508281965905,106.0683180573264,9144.0
1500.0,VJC916,4.868004265001155,104.24256956061707,9144.0
1500.0,VJC970,4.755226496027871,104.21790398061756,9144.0
1500.0,VTI105,19.374738614002887,76.84481761265492,9144.0
1500.0,WCM3806,2.8231118955325747,105.45227661498602,9144.0
1500.0,WCM6602,3.9293210093399153,113.48201613203317,9144.0
1500.0,XAX674,3.639123755990429,104.92716348990415,9144.0
1510.0,VJC813,6.8646121471855865,105.47614196792341,9144.0
1510.0,VJC815,6.7401486224816995,105.42310259826382,9144.0
1510.0,VJC915,17.328741104004695,106.07011230475815,9144.0
1510.0,VJC916,4.89963907076316,104.24259125021526,9144.0
1510.0,VJC970,4.785387302088735,104.22479396890986,9144.0
1510.0,VTI105,19.371420491156844,76.87722890656495,9144.0
1510.0,WCM3806,2.815549231219797,105.47983857944922,9144.0
1510.0,WCM6602,3.946895300453244,113.5055546126044,9144.0
1510.0,XAX674,3.6558415655018615,104.95359083175332,9144.0
1510.0,VJC813,6.8646121471855865,105.47614196792341,9144.0
1510.0,VJC815,6.7401486224816995,105.42310259826382,9144.0
1510.0,VJC915,17.328741104004695,106.07011230475815,9144.0
1510.0,VJC916,4.89963907076316,104.24259125021526,9144.0
1510.0,VJC970,4.785387302088735,104.22479396890986,9144.0
1510.0,VTI105,19.371420491156844,76.87722890656495,9144.0
1510.0,WCM3806,2.815549231219797,105.47983857944922,9144.0
1510.0,WCM6602,3.946895300453244,113.5055546126044,9144.0
1510.0,XAX674,3.6558415655018615,104.95359083175332,9144.0
1520.0,VJC813,6.834810993742612,105.46636342584078,9144.0
1520.0,VJC815,6.71206499992794,105.40882637421936,9144.0
1520.0,VJC915,17.297977860346908,106.06824580959919,9144.0
1520.0,VJC916,4.9314485810993745,104.24261306166278,9144.0
1520.0,VJC970,4.815664560488347,104.23114912775249,9144.0
1520.0,VTI105,19.36850153050773,76.90968274476954,9144.0
1520.0,WCM3806,2.8080327205438356,105.50741301922385,9144.0
1520.0,WCM6602,3.964468338040489,113.52909453273116,9144.0
1520.0,XAX674,3.672478096768133,104.97993121024143,9144.0
1520.0,VJC813,6.834810993742612,105.46636342584078,9144.0
1520.0,VJC815,6.71206499992794,105.40882637421936,9144.0
1520.0,VJC915,17.297977860346908,106.06824580959919,9144.0
1520.0,VJC916,4.9314485810993745,104.24261306166278,9144.0
1520.0,VJC970,4.815664560488347,104.23114912775249,9144.0
1520.0,VTI105,19.36850153050773,76.90968274476954,9144.0
1520.0,WCM3806,2.8080327205438356,105.50741301922385,9144.0
1520.0,WCM6602,3.964468338040489,113.52909453273116,9144.0
1520.0,XAX674,3.672478096768133,104.97993121024143,9144.0
1530.0,VJC813,6.8050096319509805,105.4565861360866,9144.0
1530.0,VJC815,6.683981377374181,105.39455097192561,9144.0
1530.0,VJC915,17.267214599386996,106.06637993902034,9144.0
1530.0,VJC916,4.963198432739553,104.24065833902314,9144.0
1530.0,VJC970,4.846345845789246,104.23509700760377,9144.0
1530.0,VTI105,19.3655737265076,76.94213510501075,9144.0
1530.0,WCM3806,2.800513355515519,105.53498650164613,9144.0
1530.0,WCM6602,3.9819056417563257,113.55273615666049,9144.0
1530.0,XAX674,3.689112728891628,105.00627328505658,9144.0
1530.0,VJC813,6.8050096319509805,105.4565861360866,9144.0
1530.0,VJC815,6.683981377374181,105.39455097192561,9144.0
1530.0,VJC915,17.267214599386996,106.06637993902034,9144.0
1530.0,VJC916,4.963198432739553,104.24065833902314,9144.0
1530.0,VJC970,4.846345845789246,104.23509700760377,9144.0
1530.0,VTI105,19.3655737265076,76.94213510501075,9144.0
1530.0,WCM3806,2.800513355515519,105.53498650164613,9144.0
1530.0,WCM6602,3.9819056417563257,113.55273615666049,9144.0
1530.0,XAX674,3.689112728891628,105.00627328505658,9144.0
1540.0,VJC813,6.776734633408904,105.44296697571306,9144.0
1540.0,VJC915,17.23670367092557,106.0618599752469,9144.0
1540.0,VJC916,4.995064335003069,104.23869628197663,9144.0
1540.0,VJC970,4.877201809148492,104.23906772948453,9144.0
1540.0,VTI105,19.362480245855558,76.9745695763971,9144.0
1540.0,WCM3806,2.7927917966956928,105.56250373204753,9144.0
1540.0,WCM6602,3.999341648440399,113.5763792437513,9144.0
1540.0,XAX674,3.7057148275414677,105.03256690747625,9144.0
1540.0,VJC813,6.776734633408904,105.44296697571306,9144.0
1540.0,VJC915,17.23670367092557,106.0618599752469,9144.0
1540.0,VJC916,4.995064335003069,104.23869628197663,9144.0
1540.0,VJC970,4.877201809148492,104.23906772948453,9144.0
1540.0,VTI105,19.362480245855558,76.9745695763971,9144.0
1540.0,WCM3806,2.7927917966956928,105.56250373204753,9144.0
1540.0,WCM6602,3.999341648440399,113.5763792437513,9144.0
1540.0,XAX674,3.7057148275414677,105.03256690747625,9144.0
1550.0,VJC813,6.748905634826188,105.42819275593591,9144.0
1550.0,VJC915,17.20619264084596,106.05734150939507,9144.0
1550.0,VJC916,5.026930231433668,104.23673403378794,9144.0
1550.0,VJC970,4.90826669030123,104.2407219147565,9144.0
1550.0,VTI105,19.359378060084357,77.00700249660636,9144.0
1550.0,WCM3806,2.7850520903252574,105.59007850997388,9144.0
1550.0,WCM6602,4.017142960494084,113.59974768486306,9144.0
1550.0,XAX674,3.722293979569507,105.05887555951901,9144.0
1550.0,VJC813,6.748905634826188,105.42819275593591,9144.0
1550.0,VJC915,17.20619264084596,106.05734150939507,9144.0
1550.0,VJC916,5.026930231433668,104.23673403378794,9144.0
1550.0,VJC970,4.90826669030123,104.2407219147565,9144.0
1550.0,VTI105,19.359378060084357,77.00700249660636,9144.0
1550.0,WCM3806,2.7850520903252574,105.59007850997388,9144.0
1550.0,WCM6602,4.017142960494084,113.59974768486306,9144.0
1550.0,XAX674,3.722293979569507,105.05887555951901,9144.0
1560.0,VJC813,6.721076146297068,105.4134203193535,9144.0
1560.0,VJC915,17.175681508380645,106.05282454549958,9144.0
1560.0,VJC916,5.058823670370345,104.23529148639976,9144.0
1560.0,VJC970,4.939565520516702,104.24238871374654,9144.0
1560.0,VTI105,19.35626761959853,77.03943391003143,9144.0
1560.0,WCM3806,2.7774702260663666,105.61769703061859,9144.0
1560.0,WCM6602,4.034942992117359,113.623117617121,9144.0
1560.0,XAX674,3.7388093707301997,105.08508583891155,9144.0
1560.0,VJC813,6.721076146297068,105.4134203193535,9144.0
1560.0,VJC915,17.175681508380645,106.05282454549958,9144.0
1560.0,VJC916,5.058823670370345,104.23529148639976,9144.0
1560.0,VJC970,4.939565520516702,104.24238871374654,9144.0
1560.0,VTI105,19.35626761959853,77.03943391003143,9144.0
1560.0,WCM3806,2.7774702260663666,105.61769703061859,9144.0
1560.0,WCM6602,4.034942992117359,113.623117617121,9144.0
1560.0,XAX674,3.7388093707301997,105.08508583891155,9144.0
1570.0,VJC813,6.693245709776404,105.3986505373207,9144.0
1570.0,VJC915,17.14522205977028,106.04794116812292,9144.0
1570.0,VJC916,5.090833107459322,104.23384354929983,9144.0
1570.0,VJC970,4.970844285784802,104.2403778441484,9144.0
1570.0,VTI105,19.35315452139665,77.0718016548989,9144.0
1570.0,WCM3806,2.7699035355742887,105.64525681630461,9144.0
1570.0,WCM6602,4.052780159640247,113.64645959029501,9144.0
1570.0,XAX674,3.7543347071775206,105.11189743698918,9144.0
1570.0,VJC813,6.693245709776404,105.3986505373207,9144.0
1570.0,VJC915,17.14522205977028,106.04794116812292,9144.0
1570.0,VJC916,5.090833107459322,104.23384354929983,9144.0
1570.0,VJC970,4.970844285784802,104.2403778441484,9144.0
1570.0,VTI105,19.35315452139665,77.0718016548989,9144.0
1570.0,WCM3806,2.7699035355742887,105.64525681630461,9144.0
1570.0,WCM6602,4.052780159640247,113.64645959029501,9144.0
1570.0,XAX674,3.7543347071775206,105.11189743698918,9144.0
1580.0,VJC813,6.664953718796298,105.38479904011383,9144.0
1580.0,VJC915,17.11476249174682,106.04305940648187,9144.0
1580.0,VJC916,5.122827898674562,104.23209951294551,9144.0
1580.0,VJC970,5.002239708681671,104.23835928230604,9144.0
1580.0,VTI105,19.350081357628284,77.10417307669321,9144.0
1580.0,WCM3806,2.762335654706452,105.67281609849758,9144.0
1580.0,WCM6602,4.070652457830304,113.66985070165732,9144.0
1580.0,XAX674,3.7698589264753837,105.13871016241096,9144.0
1580.0,VJC813,6.664953718796298,105.38479904011383,9144.0
1580.0,VJC915,17.11476249174682,106.04305940648187,9144.0
1580.0,VJC916,5.122827898674562,104.23209951294551,9144.0
1580.0,VJC970,5.002239708681671,104.23835928230604,9144.0
1580.0,VTI105,19.350081357628284,77.10417307669321,9144.0
1580.0,WCM3806,2.762335654706452,105.67281609849758,9144.0
1580.0,WCM6602,4.070652457830304,113.66985070165732,9144.0
1580.0,XAX674,3.7698589264753837,105.13871016241096,9144.0
1590.0,VJC813,6.636608430135273,105.37092425961673,9144.0
1590.0,VJC915,17.08431075260556,106.03812526861518,9144.0
1590.0,VJC916,5.154764730424751,104.23035846150793,9144.0
1590.0,VJC970,5.033635125413438,104.23634052671812,9144.0
1590.0,VTI105,19.347006253464365,77.13648088416001,9144.0
1590.0,WCM3806,2.7547046980255256,105.70035776490772,9144.0
1590.0,WCM6602,4.088425603278379,113.69331814084717,9144.0
1590.0,XAX674,3.7816995279380436,105.16734901378378,9144.0
1590.0,VJC813,6.636608430135273,105.37092425961673,9144.0
1590.0,VJC915,17.08431075260556,106.03812526861518,9144.0
1590.0,VJC916,5.154764730424751,104.23035846150793,9144.0
1590.0,VJC970,5.033635125413438,104.23634052671812,9144.0
1590.0,VTI105,19.347006253464365,77.13648088416001,9144.0
1590.0,WCM3806,2.7547046980255256,105.70035776490772,9144.0
1590.0,WCM6602,4.088425603278379,113.69331814084717,9144.0
1590.0,XAX674,3.7816995279380436,105.16734901378378,9144.0
1600.0,VJC813,6.608568126195916,105.35643580816104,9144.0
1600.0,VJC915,17.053917069874405,106.03320217922189,9144.0
1600.0,VJC916,5.1867010388696215,104.22860767126215,9144.0
1600.0,VJC970,5.065053140478719,104.23471413837355,9144.0
1600.0,VTI105,19.343916797598467,77.16878654200431,9144.0
1600.0,WCM3806,2.7470723539864297,105.72789886971584,9144.0
1600.0,WCM6602,4.1062698032515295,113.71688257109614,9144.0
1600.0,XAX674,3.792327234754021,105.19627374291883,9144.0
1600.0,VJC813,6.608568126195916,105.35643580816104,9144.0
1600.0,VJC915,17.053917069874405,106.03320217922189,9144.0
1600.0,VJC916,5.1867010388696215,104.22860767126215,9144.0
1600.0,VJC970,5.065053140478719,104.23471413837355,9144.0
1600.0,VTI105,19.343916797598467,77.16878654200431,9144.0
1600.0,WCM3806,2.7470723539864297,105.72789886971584,9144.0
1600.0,WCM6602,4.1062698032515295,113.71688257109614,9144.0
1600.0,XAX674,3.792327234754021,105.19627374291883,9144.0
1610.0,VJC813,6.580527357110848,105.34194908871086,9144.0
1610.0,VJC915,17.023512266354963,106.02835559115778,9144.0
1610.0,VJC916,5.218579349985994,104.22685988350288,9144.0
1610.0,VJC970,5.09658774131193,104.23308155562138,9144.0
1610.0,VTI105,19.34079042502641,77.20108759170496,9144.0
1610.0,WCM3806,2.7395758778681967,105.75547717951368,9144.0
1610.0,WCM6602,4.124094022794105,113.74046272389151,9144.0
1610.0,XAX674,3.799319642350699,105.2262902446076,9144.0
1610.0,VJC813,6.580527357110848,105.34194908871086,9144.0
1610.0,VJC915,17.023512266354963,106.02835559115778,9144.0
1610.0,VJC916,5.218579349985994,104.22685988350288,9144.0
1610.0,VJC970,5.09658774131193,104.23308155562138,9144.0
1610.0,VTI105,19.34079042502641,77.20108759170496,9144.0
1610.0,WCM3806,2.7395758778681967,105.75547717951368,9144.0
1610.0,WCM6602,4.124094022794105,113.74046272389151,9144.0
1610.0,XAX674,3.799319642350699,105.2262902446076,9144.0
1620.0,VJC813,6.552367814532733,105.32769854055687,9144.0
1620.0,VJC915,16.99310734615934,106.02351059027006,9144.0
1620.0,VJC916,5.2504609682484675,104.22517393290086,9144.0
1620.0,VJC970,5.128121173813988,104.23142630134906,9144.0
1620.0,VTI105,19.337662346864782,77.23326209378375,9144.0
1620.0,WCM3806,2.7320784400810925,105.78305505484498,9144.0
1620.0,WCM6602,4.1418808748168665,113.76399659536352,9144.0
1620.0,XAX674,3.8062838569053374,105.25619228396131,9144.0
1620.0,VJC813,6.552367814532733,105.32769854055687,9144.0
1620.0,VJC915,16.99310734615934,106.02351059027006,9144.0
1620.0,VJC916,5.2504609682484675,104.22517393290086,9144.0
1620.0,VJC970,5.128121173813988,104.23142630134906,9144.0
1620.0,VTI105,19.337662346864782,77.23326209378375,9144.0
1620.0,WCM3806,2.7320784400810925,105.78305505484498,9144.0
1620.0,WCM6602,4.1418808748168665,113.76399659536352,9144.0
1620.0,XAX674,3.8062838569053374,105.25619228396131,9144.0
1630.0,VJC813,6.52420782738662,105.31344968517337,9144.0
1630.0,VJC915,16.962704394185916,106.01865289047716,9144.0
1630.0,VJC916,5.282342582002808,104.22348780985214,9144.0
1630.0,VJC970,5.159596329016986,104.2297739428578,9144.0
1630.0,VTI105,19.3345826793586,77.26544123381841,9144.0
1630.0,WCM3806,2.7244241122855293,105.81058952380556,9144.0
1630.0,WCM6602,4.159600381084672,113.78758201071757,9144.0
1630.0,XAX674,3.809243847243888,105.28675456489744,9144.0
1630.0,VJC813,6.52420782738662,105.31344968517337,9144.0
1630.0,VJC915,16.962704394185916,106.01865289047716,9144.0
1630.0,VJC916,5.282342582002808,104.22348780985214,9144.0
1630.0,VJC970,5.159596329016986,104.2297739428578,9144.0
1630.0,VTI105,19.3345826793586,77.26544123381841,9144.0
1630.0,WCM3806,2.7244241122855293,105.81058952380556,9144.0
1630.0,WCM6602,4.159600381084672,113.78758201071757,9144.0
1630.0,XAX674,3.809243847243888,105.28675456489744,9144.0
1640.0,VJC813,6.496089168940965,105.29911918551444,9144.0
1640.0,VJC915,16.93224312977553,106.01378747888977,9144.0
1640.0,VJC916,5.314224191219492,104.22180151325834,9144.0
1640.0,VJC970,5.19107059083698,104.22810443323019,9144.0
1640.0,VTI105,19.331495366007985,77.29755601504908,9144.0
1640.0,WCM3806,2.7167689448795507,105.83812358400763,9144.0
1640.0,WCM6602,4.177354586542318,113.81121679247256,9144.0
1640.0,XAX674,3.812202376608858,105.31731709303801,9144.0
1640.0,VJC813,6.496089168940965,105.29911918551444,9144.0
1640.0,VJC915,16.93224312977553,106.01378747888977,9144.0
1640.0,VJC916,5.314224191219492,104.22180151325834,9144.0
1640.0,VJC970,5.19107059083698,104.22810443323019,9144.0
1640.0,VTI105,19.331495366007985,77.29755601504908,9144.0
1640.0,WCM3806,2.7167689448795507,105.83812358400763,9144.0
1640.0,WCM6602,4.177354586542318,113.81121679247256,9144.0
1640.0,XAX674,3.812202376608858,105.31731709303801,9144.0
1650.0,VJC813,6.467970066100078,105.28479036816995,9144.0
1650.0,VJC915,16.901777296634496,106.00895420730417,9144.0
1650.0,VJC916,5.346108300050209,104.22016349432415,9144.0
1650.0,VJC970,5.2224865375202425,104.226437850404,9144.0
1650.0,VTI105,19.328324918618502,77.32966107541654,9144.0
1650.0,WCM3806,2.70911239895731,105.86565708569955,9144.0
1650.0,WCM6602,4.195095106264133,113.8348624392888,9144.0
1650.0,XAX674,3.815158503363233,105.34787995980749,9144.0
1650.0,VJC813,6.467970066100078,105.28479036816995,9144.0
1650.0,VJC915,16.901777296634496,106.00895420730417,9144.0
1650.0,VJC916,5.346108300050209,104.22016349432415,9144.0
1650.0,VJC970,5.2224865375202425,104.226437850404,9144.0
1650.0,VTI105,19.328324918618502,77.32966107541654,9144.0
1650.0,WCM3806,2.70911239895731,105.86565708569955,9144.0
1650.0,WCM6602,4.195095106264133,113.8348624392888,9144.0
1650.0,XAX674,3.815158503363233,105.34787995980749,9144.0
1660.0,VJC813,6.439848525797946,105.2704671919085,9144.0
1660.0,VJC915,16.87131134865496,106.00412250646303,9144.0
1660.0,VJC916,5.377992404547809,104.21852530474683,9144.0
1660.0,VJC970,5.2539024797471345,104.22477109908974,9144.0
1660.0,VTI105,19.32515334627001,77.36163936656297,9144.0
1660.0,WCM3806,2.7015628625054426,105.89322001539314,9144.0
1660.0,WCM6602,4.212834387177783,113.85850955863994,9144.0
1660.0,XAX674,3.8166203653598947,105.37855116828061,9144.0
1660.0,VJC813,6.439848525797946,105.2704671919085,9144.0
1660.0,VJC915,16.87131134865496,106.00412250646303,9144.0
1660.0,VJC916,5.377992404547809,104.21852530474683,9144.0
1660.0,VJC970,5.2539024797471345,104.22477109908974,9144.0
1660.0,VTI105,19.32515334627001,77.36163936656297,9144.0
1660.0,WCM3806,2.7015628625054426,105.89322001539314,9144.0
1660.0,WCM6602,4.212834387177783,113.85850955863994,9144.0
1660.0,XAX674,3.8166203653598947,105.37855116828061,9144.0
1670.0,VJC813,6.411686355544048,105.25622587933317,9144.0
1670.0,VJC915,16.8408526417655,105.99924199460109,9144.0
1670.0,VJC916,5.409871413789443,104.21678986526207,9144.0
1670.0,VJC970,5.285318983840345,104.22311497850552,9144.0
1670.0,VTI105,19.322076277495345,77.39362742225197,9144.0
1670.0,WCM3806,2.6940279758065726,105.92072403148269,9144.0
1670.0,WCM6602,4.23023519276884,113.88240873119926,9144.0
1670.0,XAX674,3.818083864975261,105.40928150155564,9144.0
1670.0,VJC813,6.411686355544048,105.25622587933317,9144.0
1670.0,VJC915,16.8408526417655,105.99924199460109,9144.0
1670.0,VJC916,5.409871413789443,104.21678986526207,9144.0
1670.0,VJC970,5.285318983840345,104.22311497850552,9144.0
1670.0,VTI105,19.322076277495345,77.39362742225197,9144.0
1670.0,WCM3806,2.6940279758065726,105.92072403148269,9144.0
1670.0,WCM6602,4.23023519276884,113.88240873119926,9144.0
1670.0,XAX674,3.818083864975261,105.40928150155564,9144.0
1680.0,VJC813,6.383523715029389,105.2419862932909,9144.0
1680.0,VJC915,16.810393818166084,105.9943630623209,9144.0
1680.0,VJC916,5.441750418108728,104.21505424282711,9144.0
1680.0,VJC970,5.316735483531415,104.22145868943699,9144.0
1680.0,VTI105,19.31898638047176,77.42561348453316,9144.0
1680.0,WCM3806,2.686471332969776,105.94822189446916,9144.0
1680.0,WCM6602,4.247669940153692,113.90635776198145,9144.0
1680.0,XAX674,3.8195461715153436,105.44001194423144,9144.0
1680.0,VJC813,6.383523715029389,105.2419862932909,9144.0
1680.0,VJC915,16.810393818166084,105.9943630623209,9144.0
1680.0,VJC916,5.441750418108728,104.21505424282711,9144.0
1680.0,VJC970,5.316735483531415,104.22145868943699,9144.0
1680.0,VTI105,19.31898638047176,77.42561348453316,9144.0
1680.0,WCM3806,2.686471332969776,105.94822189446916,9144.0
1680.0,WCM6602,4.247669940153692,113.90635776198145,9144.0
1680.0,XAX674,3.8195461715153436,105.44001194423144,9144.0
1690.0,VJC813,6.355420763151081,105.22762858847918,9144.0
1690.0,VJC915,16.77993477464057,105.98948641111635,9144.0
1690.0,VJC916,5.473629681220661,104.21332333154923,9144.0
1690.0,VJC970,5.34815076010086,104.21977907677677,9144.0
1690.0,VTI105,19.315931758826984,77.45760275335708,9144.0
1690.0,WCM3806,2.678897813351117,105.97577771705963,9144.0
1690.0,WCM6602,4.2652541064456715,113.93019723944109,9144.0
1690.0,XAX674,3.8210072629821688,105.47074249728884,9144.0
1690.0,VJC813,6.355420763151081,105.22762858847918,9144.0
1690.0,VJC915,16.77993477464057,105.98948641111635,9144.0
1690.0,VJC916,5.473629681220661,104.21332333154923,9144.0
1690.0,VJC970,5.34815076010086,104.21977907677677,9144.0
1690.0,VTI105,19.315931758826984,77.45760275335708,9144.0
1690.0,WCM3806,2.678897813351117,105.97577771705963,9144.0
1690.0,WCM6602,4.2652541064456715,113.93019723944109,9144.0
1690.0,XAX674,3.8210072629821688,105.47074249728884,9144.0
1700.0,VJC813,6.327317340507583,105.21327259915041,9144.0
1700.0,VJC915,16.74948274816577,105.98456297309592,9144.0
1700.0,VJC916,5.505566933625408,104.21158908627851,9144.0
1700.0,VJC970,5.379507683130324,104.218102411431,9144.0
1700.0,VTI105,19.312870064243953,77.48952761421829,9144.0
1700.0,WCM3806,2.6713227637933215,106.00333294797393,9144.0
1700.0,WCM6602,4.282837000725102,113.95403820708849,9144.0
1700.0,XAX674,3.8224671052645522,105.50147316228272,9144.0
1700.0,VJC813,6.327317340507583,105.21327259915041,9144.0
1700.0,VJC915,16.74948274816577,105.98456297309592,9144.0
1700.0,VJC916,5.505566933625408,104.21158908627851,9144.0
1700.0,VJC970,5.379507683130324,104.218102411431,9144.0
1700.0,VTI105,19.312870064243953,77.48952761421829,9144.0
1700.0,WCM3806,2.6713227637933215,106.00333294797393,9144.0
1700.0,WCM6602,4.282837000725102,113.95403820708849,9144.0
1700.0,XAX674,3.8224671052645522,105.50147316228272,9144.0
1710.0,VJC813,6.299171263444789,105.19900222762395,9144.0
1710.0,VJC915,16.718972453921655,105.97963179746436,9144.0
1710.0,VJC916,5.537507072505659,104.20990925972087,9144.0
1710.0,VJC970,5.410868726910124,104.21650530981941,9144.0
1710.0,VTI105,19.309737684682883,77.52144416339299,9144.0
1710.0,WCM3806,2.6637232482905198,106.0308812565037,9144.0
1710.0,WCM6602,4.300451433895523,113.97785630112168,9144.0
1710.0,XAX674,3.8239256379526254,105.53220394201539,9144.0
1710.0,VJC813,6.299171263444789,105.19900222762395,9144.0
1710.0,VJC915,16.718972453921655,105.97963179746436,9144.0
1710.0,VJC916,5.537507072505659,104.20990925972087,9144.0
1710.0,VJC970,5.410868726910124,104.21650530981941,9144.0
1710.0,VTI105,19.309737684682883,77.52144416339299,9144.0
1710.0,WCM3806,2.6637232482905198,106.0308812565037,9144.0
1710.0,WCM6602,4.300451433895523,113.97785630112168,9144.0
1710.0,XAX674,3.8239256379526254,105.53220394201539,9144.0
1720.0,VJC813,6.270972621016394,105.18470712075208,9144.0
1720.0,VJC915,16.68843874310828,105.97486201734851,9144.0
1720.0,VJC916,5.5693892071869975,104.20823230239512,9144.0
1720.0,VJC970,5.44222976651232,104.21490804239221,9144.0
1720.0,VTI105,19.306598931667217,77.55329628809938,9144.0
1720.0,WCM3806,2.656123056271651,106.0584292082297,9144.0
1720.0,WCM6602,4.318064580118476,114.00167590398337,9144.0
1720.0,XAX674,3.8253827238216047,105.56293484293488,9144.0
1720.0,VJC813,6.270972621016394,105.18470712075208,9144.0
1720.0,VJC915,16.68843874310828,105.97486201734851,9144.0
1720.0,VJC916,5.5693892071869975,104.20823230239512,9144.0
1720.0,VJC970,5.44222976651232,104.21490804239221,9144.0
1720.0,VTI105,19.306598931667217,77.55329628809938,9144.0
1720.0,WCM3806,2.656123056271651,106.0584292082297,9144.0
1720.0,WCM6602,4.318064580118476,114.00167590398337,9144.0
1720.0,XAX674,3.8253827238216047,105.56293484293488,9144.0
1730.0,VJC813,6.242774940549763,105.17041086497417,9144.0
1730.0,VJC915,16.65790491413028,105.97009382283535,9144.0
1730.0,VJC916,5.601272440403861,104.20657647339328,9144.0
1730.0,VJC970,5.473585539936852,104.2132095605369,9144.0
1730.0,VTI105,19.303461532017327,77.58514795153881,9144.0
1730.0,WCM3806,2.6485221733641007,106.08597679963358,9144.0
1730.0,WCM6602,4.335694793732233,114.02548335932993,9144.0
1730.0,XAX674,3.8268377386506347,105.59366589461204,9144.0
1730.0,VJC813,6.242774940549763,105.17041086497417,9144.0
1730.0,VJC915,16.65790491413028,105.97009382283535,9144.0
1730.0,VJC916,5.601272440403861,104.20657647339328,9144.0
1730.0,VJC970,5.473585539936852,104.2132095605369,9144.0
1730.0,VTI105,19.303461532017327,77.58514795153881,9144.0
1730.0,WCM3806,2.6485221733641007,106.08597679963358,9144.0
1730.0,WCM6602,4.335694793732233,114.02548335932993,9144.0
1730.0,XAX674,3.8268377386506347,105.59366589461204,9144.0
1740.0,VJC813,6.214576855527302,105.15611618455374,9144.0
1740.0,VJC915,16.627394232391747,105.96516762053339,9144.0
1740.0,VJC916,5.633155668983828,104.2049204636186,9144.0
1740.0,VJC970,5.504882922232608,104.2115140634665,9144.0
1740.0,VTI105,19.300317960359706,77.61693516700721,9144.0
1740.0,WCM3806,2.640920573297114,106.11352402390523,9144.0
1740.0,WCM6602,4.353323754760099,114.0492923040713,9144.0
1740.0,XAX674,3.8284382690962637,105.62438973627616,9144.0
1740.0,VJC813,6.214576855527302,105.15611618455374,9144.0
1740.0,VJC915,16.627394232391747,105.96516762053339,9144.0
1740.0,VJC916,5.633155668983828,104.2049204636186,9144.0
1740.0,VJC970,5.504882922232608,104.2115140634665,9144.0
1740.0,VTI105,19.300317960359706,77.61693516700721,9144.0
1740.0,WCM3806,2.640920573297114,106.11352402390523,9144.0
1740.0,WCM6602,4.353323754760099,114.0492923040713,9144.0
1740.0,XAX674,3.8284382690962637,105.62438973627616,9144.0
1750.0,VJC813,6.186378352521389,105.14182310273057,9144.0
1750.0,VJC915,16.596883427343418,105.96024303258156,9144.0
1750.0,VJC916,5.665038892887647,104.20326427178028,9144.0
1750.0,VJC970,5.5361822913457095,104.20985590871757,9144.0
1750.0,VTI105,19.29719060773546,77.6487235708757,9144.0
1750.0,WCM3806,2.6333181970591624,106.14107086517632,9144.0
1750.0,WCM6602,4.371097258509097,114.07299347726587,9144.0
1750.0,XAX674,3.8300491377626753,105.65534934816698,9144.0
1750.0,VJC813,6.186378352521389,105.14182310273057,9144.0
1750.0,VJC915,16.596883427343418,105.96024303258156,9144.0
1750.0,VJC916,5.665038892887647,104.20326427178028,9144.0
1750.0,VJC970,5.5361822913457095,104.20985590871757,9144.0
1750.0,VTI105,19.29719060773546,77.6487235708757,9144.0
1750.0,WCM3806,2.6333181970591624,106.14107086517632,9144.0
1750.0,WCM6602,4.371097258509097,114.07299347726587,9144.0
1750.0,XAX674,3.8300491377626753,105.65534934816698,9144.0
1760.0,VJC813,6.158179245614032,105.12753198706608,9144.0
1760.0,VJC915,16.56635842554226,105.95541595426974,9144.0
1760.0,VJC916,5.696920139316929,104.20156998061393,9144.0
1760.0,VJC970,5.567481655854173,104.2081975781833,9144.0
1760.0,VTI105,19.29405778223903,77.68044756801858,9144.0
1760.0,WCM3806,2.625714815058004,106.16861726038624,9144.0
1760.0,WCM6602,4.388905377020599,114.09674401861987,9144.0
1760.0,XAX674,3.8315943627406788,105.6863123767204,9144.0
1760.0,VJC813,6.158179245614032,105.12753198706608,9144.0
1760.0,VJC915,16.56635842554226,105.95541595426974,9144.0
1760.0,VJC916,5.696920139316929,104.20156998061393,9144.0
1760.0,VJC970,5.567481655854173,104.2081975781833,9144.0
1760.0,VTI105,19.29405778223903,77.68044756801858,9144.0
1760.0,WCM3806,2.625714815058004,106.16861726038624,9144.0
1760.0,WCM6602,4.388905377020599,114.09674401861987,9144.0
1760.0,XAX674,3.8315943627406788,105.6863123767204,9144.0
1770.0,VJC813,6.129983907728822,105.11323410773052,9144.0
1770.0,VJC915,16.53577517989747,105.95058125642667,9144.0
1770.0,VJC916,5.7288013807966625,104.19987550106691,9144.0
1770.0,VJC970,5.598779974145098,104.2065193427945,9144.0
1770.0,VTI105,19.290941277297307,77.7121727655536,9144.0
1770.0,WCM3806,2.6180322289728233,106.19614145571288,9144.0
1770.0,WCM6602,4.406481897778623,114.12066803370264,9144.0
1770.0,XAX674,3.833134762711622,105.71721670663074,9144.0
1770.0,VJC813,6.129983907728822,105.11323410773052,9144.0
1770.0,VJC915,16.53577517989747,105.95058125642667,9144.0
1770.0,VJC916,5.7288013807966625,104.19987550106691,9144.0
1770.0,VJC970,5.598779974145098,104.2065193427945,9144.0
1770.0,VTI105,19.290941277297307,77.7121727655536,9144.0
1770.0,WCM3806,2.6180322289728233,106.19614145571288,9144.0
1770.0,WCM6602,4.406481897778623,114.12066803370264,9144.0
1770.0,XAX674,3.833134762711622,105.71721670663074,9144.0
1780.0,VJC813,6.101788007634495,105.09893810375276,9144.0
1780.0,VJC915,16.505201935873334,105.94567898406801,9144.0
1780.0,VJC916,5.760678363809401,104.19810184440813,9144.0
1780.0,VJC970,5.630019859968937,104.20484406091785,9144.0
1780.0,VTI105,19.287813793888976,77.74389614429644,9144.0
1780.0,WCM3806,2.6103649151250785,106.22360691044784,9144.0
1780.0,WCM6602,4.424057150782046,114.1445935523299,9144.0
1780.0,XAX674,3.83466438903036,105.74812162935555,9144.0
1780.0,VJC813,6.101788007634495,105.09893810375276,9144.0
1780.0,VJC915,16.505201935873334,105.94567898406801,9144.0
1780.0,VJC916,5.760678363809401,104.19810184440813,9144.0
1780.0,VJC970,5.630019859968937,104.20484406091785,9144.0
1780.0,VTI105,19.287813793888976,77.74389614429644,9144.0
1780.0,WCM3806,2.6103649151250785,106.22360691044784,9144.0
1780.0,WCM6602,4.424057150782046,114.1445935523299,9144.0
1780.0,XAX674,3.83466438903036,105.74812162935555,9144.0
1790.0,VJC813,6.073583973925599,105.08465908618844,9144.0
1790.0,VJC915,16.474628572689234,105.94077829434278,9144.0
1790.0,VJC916,5.792555341339212,104.19632798837165,9144.0
1790.0,VJC970,5.661257738694993,104.2031313136606,9144.0
1790.0,VTI105,19.284632688824765,77.77561292163917,9144.0
1790.0,WCM3806,2.602814331086646,106.25110458681854,9144.0
1790.0,WCM6602,4.441746331844179,114.16843502864326,9144.0
1790.0,XAX674,3.836189245996942,105.7789678086116,9144.0
1790.0,VJC813,6.073583973925599,105.08465908618844,9144.0
1790.0,VJC915,16.474628572689234,105.94077829434278,9144.0
1790.0,VJC916,5.792555341339212,104.19632798837165,9144.0
1790.0,VJC970,5.661257738694993,104.2031313136606,9144.0
1790.0,VTI105,19.284632688824765,77.77561292163917,9144.0
1790.0,WCM3806,2.602814331086646,106.25110458681854,9144.0
1790.0,WCM6602,4.441746331844179,114.16843502864326,9144.0
1790.0,XAX674,3.836189245996942,105.7789678086116,9144.0
1800.0,VJC813,6.045431586346643,105.07040814670272,9144.0
1800.0,VJC915,16.444044876438635,105.9359489885003,9144.0
1800.0,VJC916,5.8244377038685915,104.19465466688162,9144.0
1800.0,VJC970,5.692554036328773,104.2014151771297,9144.0
1800.0,VTI105,19.281442059312784,77.8073280072277,9144.0
1800.0,WCM3806,2.595279075620987,106.27854350181498,9144.0
1800.0,WCM6602,4.459434246274316,114.19227802325273,9144.0
1800.0,XAX674,3.8378038647434303,105.8098094573724,9144.0
1800.0,VJC813,6.045431586346643,105.07040814670272,9144.0
1800.0,VJC915,16.444044876438635,105.9359489885003,9144.0
1800.0,VJC916,5.8244377038685915,104.19465466688162,9144.0
1800.0,VJC970,5.692554036328773,104.2014151771297,9144.0
1800.0,VTI105,19.281442059312784,77.8073280072277,9144.0
1800.0,WCM3806,2.595279075620987,106.27854350181498,9144.0
1800.0,WCM6602,4.459434246274316,114.19227802325273,9144.0
1800.0,XAX674,3.8378038647434303,105.8098094573724,9144.0
1810.0,VJC813,6.017293668196921,105.05612908021187,9144.0
1810.0,VJC915,16.413402976653888,105.9311120674857,9144.0
1810.0,VJC916,5.856378061354787,104.19297811066146,9144.0
1810.0,VJC970,5.723856750994706,104.19982153018009,9144.0
1810.0,VTI105,19.278336693051237,77.8390519887916,9144.0
1810.0,WCM3806,2.5877430446883167,106.30598204005767,9144.0
1810.0,WCM6602,4.476969714202018,114.21623461283657,9144.0
1810.0,XAX674,3.8394140805356978,105.84059231077049,9144.0
1810.0,VJC813,6.017293668196921,105.05612908021187,9144.0
1810.0,VJC915,16.413402976653888,105.9311120674857,9144.0
1810.0,VJC916,5.856378061354787,104.19297811066146,9144.0
1810.0,VJC970,5.723856750994706,104.19982153018009,9144.0
1810.0,VTI105,19.278336693051237,77.8390519887916,9144.0
1810.0,WCM3806,2.5877430446883167,106.30598204005767,9144.0
1810.0,WCM6602,4.476969714202018,114.21623461283657,9144.0
1810.0,XAX674,3.8394140805356978,105.84059231077049,9144.0
1820.0,VJC813,5.989207412393919,105.04187813369958,9144.0
1820.0,VJC915,16.38277518767964,105.92617975216547,9144.0
1820.0,VJC916,5.8883199066117315,104.19133035153993,9144.0
1820.0,VJC970,5.755159461268744,104.19822770858215,9144.0
1820.0,VTI105,19.27521576471218,77.8708368353706,9144.0
1820.0,WCM3806,2.580205905588408,106.33342011040327,9144.0
1820.0,WCM6602,4.494503902929978,114.24019271962993,9144.0
1820.0,XAX674,3.8410228491456837,105.87137529819408,9144.0
1820.0,VJC813,5.989207412393919,105.04187813369958,9144.0
1820.0,VJC915,16.38277518767964,105.92617975216547,9144.0
1820.0,VJC916,5.8883199066117315,104.19133035153993,9144.0
1820.0,VJC970,5.755159461268744,104.19822770858215,9144.0
1820.0,VTI105,19.27521576471218,77.8708368353706,9144.0
1820.0,WCM3806,2.580205905588408,106.33342011040327,9144.0
1820.0,WCM6602,4.494503902929978,114.24019271962993,9144.0
1820.0,XAX674,3.8410228491456837,105.87137529819408,9144.0
1830.0,VJC813,5.961141105952188,105.02758823957332,9144.0
1830.0,VJC915,16.352205341955035,105.92125835702599,9144.0
1830.0,VJC916,5.920319710884554,104.18967941215367,9144.0
1830.0,VJC970,5.786457252516121,104.1965390275685,9144.0
1830.0,VTI105,19.272008447439916,77.90261140691727,9144.0
1830.0,WCM3806,2.5726375345112693,106.36084940181516,9144.0
1830.0,WCM6602,4.51220830130022,114.26402512444464,9144.0
1830.0,XAX674,3.842629606683514,105.90215844909764,9144.0
1830.0,VJC813,5.961141105952188,105.02758823957332,9144.0
1830.0,VJC915,16.352205341955035,105.92125835702599,9144.0
1830.0,VJC916,5.920319710884554,104.18967941215367,9144.0
1830.0,VJC970,5.786457252516121,104.1965390275685,9144.0
1830.0,VTI105,19.272008447439916,77.90261140691727,9144.0
1830.0,WCM3806,2.5726375345112693,106.36084940181516,9144.0
1830.0,WCM6602,4.51220830130022,114.26402512444464,9144.0
1830.0,XAX674,3.842629606683514,105.90215844909764,9144.0
1840.0,VJC813,5.933074348302146,105.01329997048164,9144.0
1840.0,VJC915,16.321624158899567,105.91641482379966,9144.0
1840.0,VJC916,5.952313148032165,104.18790802860494,9144.0
1840.0,VJC970,5.817755038777391,104.19485015945642,9144.0
1840.0,VTI105,19.2687918554762,77.93438430266457,9144.0
1840.0,WCM3806,2.565084416983412,106.3882198683595,9144.0
1840.0,WCM6602,4.529875776980139,114.28781103022,9144.0
1840.0,XAX674,3.844234946704889,105.93294173223471,9144.0
1840.0,VJC813,5.933074348302146,105.01329997048164,9144.0
1840.0,VJC915,16.321624158899567,105.91641482379966,9144.0
1840.0,VJC916,5.952313148032165,104.18790802860494,9144.0
1840.0,VJC970,5.817755038777391,104.19485015945642,9144.0
1840.0,VTI105,19.2687918554762,77.93438430266457,9144.0
1840.0,WCM3806,2.565084416983412,106.3882198683595,9144.0
1840.0,WCM6602,4.529875776980139,114.28781103022,9144.0
1840.0,XAX674,3.844234946704889,105.93294173223471,9144.0
1850.0,VJC813,5.9048669495031465,104.99929516158265,9144.0
1850.0,VJC915,16.29104286224327,105.91157282549392,9144.0
1850.0,VJC916,5.9843644931941675,104.18613323155434,9144.0
1850.0,VJC970,5.84905500552109,104.19320253443689,9144.0
1850.0,VTI105,19.2655490976733,77.96615358499103,9144.0
1850.0,WCM3806,2.557508827473861,106.4155839493224,9144.0
1850.0,WCM6602,4.547392577062897,114.31170939254396,9144.0
1850.0,XAX674,3.845838835949016,105.96372514925262,9144.0
1850.0,VJC813,5.9048669495031465,104.99929516158265,9144.0
1850.0,VJC915,16.29104286224327,105.91157282549392,9144.0
1850.0,VJC916,5.9843644931941675,104.18613323155434,9144.0
1850.0,VJC970,5.84905500552109,104.19320253443689,9144.0
1850.0,VTI105,19.2655490976733,77.96615358499103,9144.0
1850.0,WCM3806,2.557508827473861,106.4155839493224,9144.0
1850.0,WCM6602,4.547392577062897,114.31170939254396,9144.0
1850.0,XAX674,3.845838835949016,105.96372514925262,9144.0
1860.0,VJC813,5.876659160090047,104.98529185920165,9144.0
1860.0,VJC915,16.260474879960782,105.90664118558088,9144.0
1860.0,VJC916,6.016417872592106,104.18439587079959,9144.0
1860.0,VJC970,5.880413358629764,104.1915516506749,9144.0
1860.0,VTI105,19.26229166202144,77.99798371464095,9144.0
1860.0,WCM3806,2.549948791479756,106.44288924453728,9144.0
1860.0,WCM6602,4.56490809524754,114.33560928256665,9144.0
1860.0,XAX674,3.8474406992613663,105.9945087301036,9144.0
1860.0,VJC813,5.876659160090047,104.98529185920165,9144.0
1860.0,VJC915,16.260474879960782,105.90664118558088,9144.0
1860.0,VJC916,6.016417872592106,104.18439587079959,9144.0
1860.0,VJC970,5.880413358629764,104.1915516506749,9144.0
1860.0,VTI105,19.26229166202144,77.99798371464095,9144.0
1860.0,WCM3806,2.549948791479756,106.44288924453728,9144.0
1860.0,WCM6602,4.56490809524754,114.33560928256665,9144.0
1860.0,XAX674,3.8474406992613663,105.9945087301036,9144.0
1870.0,VJC813,5.846876287652871,104.9751049255878,9144.0
1870.0,VJC915,16.229848721789228,105.90170173916876,9144.0
1870.0,VJC916,6.0485291252625135,104.18265516732554,9144.0
1870.0,VJC970,5.911768853785358,104.18984669312043,9144.0
1870.0,VTI105,19.259118305980174,78.02982275739923,9144.0
1870.0,WCM3806,2.5423881211836408,106.47019420355102,9144.0
1870.0,WCM6602,4.582551533248617,114.3594148799158,9144.0
1870.0,XAX674,3.8489892733435416,106.0252951059855,9144.0
1870.0,VJC813,5.846876287652871,104.9751049255878,9144.0
1870.0,VJC915,16.229848721789228,105.90170173916876,9144.0
1870.0,VJC916,6.0485291252625135,104.18265516732554,9144.0
1870.0,VJC970,5.911768853785358,104.18984669312043,9144.0
1870.0,VTI105,19.259118305980174,78.02982275739923,9144.0
1870.0,WCM3806,2.5423881211836408,106.47019420355102,9144.0
1870.0,WCM6602,4.582551533248617,114.3594148799158,9144.0
1870.0,XAX674,3.8489892733435416,106.0252951059855,9144.0
1880.0,VJC813,5.815970791642468,104.96888876109911,9144.0
1880.0,VJC915,16.199203694125664,105.89689166536208,9144.0
1880.0,VJC916,6.080645065458038,104.18100412935341,9144.0
1880.0,VJC970,5.943182690048679,104.18813836907209,9144.0
1880.0,VTI105,19.255936658177763,78.06166025395588,9144.0
1880.0,WCM3806,2.534826804344223,106.49749882341689,9144.0
1880.0,WCM6602,4.600158076983823,114.38317390414859,9144.0
1880.0,XAX674,3.8505211999338678,106.05578636986043,9144.0
1880.0,VJC813,5.815970791642468,104.96888876109911,9144.0
1880.0,VJC915,16.199203694125664,105.89689166536208,9144.0
1880.0,VJC916,6.080645065458038,104.18100412935341,9144.0
1880.0,VJC970,5.943182690048679,104.18813836907209,9144.0
1880.0,VTI105,19.255936658177763,78.06166025395588,9144.0
1880.0,WCM3806,2.534826804344223,106.49749882341689,9144.0
1880.0,WCM6602,4.600158076983823,114.38317390414859,9144.0
1880.0,XAX674,3.8505211999338678,106.05578636986043,9144.0
1890.0,VJC813,5.7848206390738675,104.96540078387063,9144.0
1890.0,VJC915,16.16861665010993,105.89209221829653,9144.0
1890.0,VJC916,6.112761000652938,104.17935289415087,9144.0
1890.0,VJC970,5.974599227149927,104.18648091565571,9144.0
1890.0,VTI105,19.25154814379131,78.09333550316329,9144.0
1890.0,WCM3806,2.5272648190424634,106.5248030985015,9144.0
1890.0,WCM6602,4.617754182869975,114.40694129822853,9144.0
1890.0,XAX674,3.8505121965338893,106.08631626507375,9144.0
1890.0,VJC813,5.7848206390738675,104.96540078387063,9144.0
1890.0,VJC915,16.16861665010993,105.89209221829653,9144.0
1890.0,VJC916,6.112761000652938,104.17935289415087,9144.0
1890.0,VJC970,5.974599227149927,104.18648091565571,9144.0
1890.0,VTI105,19.25154814379131,78.09333550316329,9144.0
1890.0,WCM3806,2.5272648190424634,106.5248030985015,9144.0
1890.0,WCM6602,4.617754182869975,114.40694129822853,9144.0
1890.0,XAX674,3.8505121965338893,106.08631626507375,9144.0
1900.0,VJC813,5.753670465031392,104.96191319196997,9144.0
1900.0,VJC915,16.138036544872147,105.88724582457671,9144.0
1900.0,VJC916,6.14487299933622,104.1776258531874,9144.0
1900.0,VJC970,6.006015759295236,104.18482327190141,9144.0
1900.0,VTI105,19.24714273059302,78.12507069150188,9144.0
1900.0,WCM3806,2.5197021182879413,106.55210701621111,9144.0
1900.0,WCM6602,4.635313516343121,114.4306619744815,9144.0
1900.0,XAX674,3.8505015827208107,106.11690536758148,9144.0
1900.0,VJC813,5.753670465031392,104.96191319196997,9144.0
1900.0,VJC915,16.138036544872147,105.88724582457671,9144.0
1900.0,VJC916,6.14487299933622,104.1776258531874,9144.0
1900.0,VJC970,6.006015759295236,104.18482327190141,9144.0
1900.0,VTI105,19.24714273059302,78.12507069150188,9144.0
1900.0,WCM3806,2.5197021182879413,106.55210701621111,9144.0
1900.0,WCM6602,4.635313516343121,114.4306619744815,9144.0
1900.0,XAX674,3.8505015827208107,106.11690536758148,9144.0
1910.0,VJC813,5.722520269028412,104.9584259887257,9144.0
1910.0,VJC915,16.107514448880853,105.88241015164331,9144.0
1910.0,VJC916,6.176984992490132,104.17589860373089,9144.0
1910.0,VJC970,6.037429510958336,104.18311308086756,9144.0
1910.0,VTI105,19.239332729759163,78.15606056371864,9144.0
1910.0,WCM3806,2.512138545134073,106.57941053342687,9144.0
1910.0,WCM6602,4.6528525179163,114.4543983770815,9144.0
1910.0,XAX674,3.84831569022906,106.14741583718175,9144.0
1910.0,VJC813,5.722520269028412,104.9584259887257,9144.0
1910.0,VJC915,16.107514448880853,105.88241015164331,9144.0
1910.0,VJC916,6.176984992490132,104.17589860373089,9144.0
1910.0,VJC970,6.037429510958336,104.18311308086756,9144.0
1910.0,VTI105,19.239332729759163,78.15606056371864,9144.0
1910.0,WCM3806,2.512138545134073,106.57941053342687,9144.0
1910.0,WCM6602,4.6528525179163,114.4543983770815,9144.0
1910.0,XAX674,3.84831569022906,106.14741583718175,9144.0
1920.0,VJC813,5.691426791505715,104.95446055059074,9144.0
1920.0,VJC915,16.077001613253458,105.87751232558684,9144.0
1920.0,VJC916,6.209098763035137,104.17420501342491,9144.0
1920.0,VJC970,6.068784911158321,104.18140586833695,9144.0
1920.0,VTI105,19.23149976952809,78.18710735703085,9144.0
1920.0,WCM3806,2.504597434018685,106.6067201175863,9144.0
1920.0,WCM6602,4.67035476825767,114.47808799125194,9144.0
1920.0,XAX674,3.8461324531417946,106.17786705933153,9144.0
1920.0,VJC813,5.691426791505715,104.95446055059074,9144.0
1920.0,VJC915,16.077001613253458,105.87751232558684,9144.0
1920.0,VJC916,6.209098763035137,104.17420501342491,9144.0
1920.0,VJC970,6.068784911158321,104.18140586833695,9144.0
1920.0,VTI105,19.23149976952809,78.18710735703085,9144.0
1920.0,WCM3806,2.504597434018685,106.6067201175863,9144.0
1920.0,WCM6602,4.67035476825767,114.47808799125194,9144.0
1920.0,XAX674,3.8461324531417946,106.17786705933153,9144.0
1930.0,VJC813,5.660391331768323,104.95050294617864,9144.0
1930.0,VJC915,16.046430559823673,105.8726066966429,9144.0
1930.0,VJC916,6.241154644924458,104.1725142696832,9144.0
1930.0,VJC970,6.100143792756481,104.17976450072764,9144.0
1930.0,VTI105,19.22272283635952,78.21786796210866,9144.0
1930.0,WCM3806,2.4971852810170505,106.63356019138514,9144.0
1930.0,WCM6602,4.687843553577839,114.50178820610711,9144.0
1930.0,XAX674,3.843943055963576,106.20831775899663,9144.0
1930.0,VJC813,5.660391331768323,104.95050294617864,9144.0
1930.0,VJC915,16.046430559823673,105.8726066966429,9144.0
1930.0,VJC916,6.241154644924458,104.1725142696832,9144.0
1930.0,VJC970,6.100143792756481,104.17976450072764,9144.0
1930.0,VTI105,19.22272283635952,78.21786796210866,9144.0
1930.0,WCM3806,2.4971852810170505,106.63356019138514,9144.0
1930.0,WCM6602,4.687843553577839,114.50178820610711,9144.0
1930.0,XAX674,3.843943055963576,106.20831775899663,9144.0
1940.0,VJC813,5.629359083986661,104.94652020196904,9144.0
1940.0,VJC915,16.01584617610005,105.86779261058314,9144.0
1940.0,VJC916,6.273210521427943,104.17082331888331,9144.0
1940.0,VJC970,6.131502669395592,104.17812294102981,9144.0
1940.0,VTI105,19.213938501893253,78.24862455369592,9144.0
1940.0,WCM3806,2.4897725310862695,106.66039994880072,9144.0
1940.0,WCM6602,4.705259910812137,114.52539329017483,9144.0
1940.0,XAX674,3.8409981689433517,106.23870430740388,9144.0
1940.0,VJC813,5.629359083986661,104.94652020196904,9144.0
1940.0,VJC915,16.01584617610005,105.86779261058314,9144.0
1940.0,VJC916,6.273210521427943,104.17082331888331,9144.0
1940.0,VJC970,6.131502669395592,104.17812294102981,9144.0
1940.0,VTI105,19.213938501893253,78.24862455369592,9144.0
1940.0,WCM3806,2.4897725310862695,106.66039994880072,9144.0
1940.0,WCM6602,4.705259910812137,114.52539329017483,9144.0
1940.0,XAX674,3.8409981689433517,106.23870430740388,9144.0
1950.0,VJC813,5.598384887541273,104.94254533887295,9144.0
1950.0,VJC915,15.98526168289061,105.86298001419192,9144.0
1950.0,VJC916,6.3052646060181825,104.16909822489468,9144.0
1950.0,VJC970,6.162859277383647,104.17643801539931,9144.0
1950.0,VTI105,19.20508758383059,78.27935807618573,9144.0
1950.0,WCM3806,2.482359174464826,106.68723938755788,9144.0
1950.0,WCM6602,4.723000971963107,114.54875425708754,9144.0
1950.0,XAX674,3.8380458053063014,106.26914950879441,9144.0
1950.0,VJC813,5.598384887541273,104.94254533887295,9144.0
1950.0,VJC915,15.98526168289061,105.86298001419192,9144.0
1950.0,VJC916,6.3052646060181825,104.16909822489468,9144.0
1950.0,VJC970,6.162859277383647,104.17643801539931,9144.0
1950.0,VTI105,19.20508758383059,78.27935807618573,9144.0
1950.0,WCM3806,2.482359174464826,106.68723938755788,9144.0
1950.0,WCM6602,4.723000971963107,114.54875425708754,9144.0
1950.0,XAX674,3.8380458053063014,106.26914950879441,9144.0
1960.0,VJC813,5.567403466483794,104.93862794072815,9144.0
1960.0,VJC915,15.954683125234949,105.85812751804956,9144.0
1960.0,VJC916,6.337260766352623,104.16737603520097,9144.0
1960.0,VJC970,6.194215880093362,104.1747528905625,9144.0
1960.0,VTI105,19.196362776973892,78.31013037554939,9144.0
1960.0,WCM3806,2.4749451943089813,106.71407850342057,9144.0
1960.0,WCM6602,4.743717222250237,114.56924781459334,9144.0
1960.0,XAX674,3.835395675682062,106.29962253640197,9144.0
1960.0,VJC813,5.567403466483794,104.93862794072815,9144.0
1960.0,VJC915,15.954683125234949,105.85812751804956,9144.0
1960.0,VJC916,6.337260766352623,104.16737603520097,9144.0
1960.0,VJC970,6.194215880093362,104.1747528905625,9144.0
1960.0,VTI105,19.196362776973892,78.31013037554939,9144.0
1960.0,WCM3806,2.4749451943089813,106.71407850342057,9144.0
1960.0,WCM6602,4.743717222250237,114.56924781459334,9144.0
1960.0,XAX674,3.835395675682062,106.29962253640197,9144.0
1970.0,VJC813,5.53636392669873,104.93470361419338,9144.0
1970.0,VJC915,15.924046378231886,105.85326730413885,9144.0
1970.0,VJC916,6.369255677579763,104.16563040240779,9144.0
1970.0,VJC970,6.225572477401623,104.17306756367898,9144.0
1970.0,VTI105,19.18759296878045,78.34082121073469,9144.0
1970.0,WCM3806,2.46753055711242,106.74091728753906,9144.0
1970.0,WCM6602,4.767104418483739,114.58660861136244,9144.0
1970.0,XAX674,3.8327335289999107,106.33021315917632,9144.0
1970.0,VJC813,5.53636392669873,104.93470361419338,9144.0
1970.0,VJC915,15.924046378231886,105.85326730413885,9144.0
1970.0,VJC916,6.369255677579763,104.16563040240779,9144.0
1970.0,VJC970,6.225572477401623,104.17306756367898,9144.0
1970.0,VTI105,19.18759296878045,78.34082121073469,9144.0
1970.0,WCM3806,2.46753055711242,106.74091728753906,9144.0
1970.0,WCM6602,4.767104418483739,114.58660861136244,9144.0
1970.0,XAX674,3.8327335289999107,106.33021315917632,9144.0
1980.0,VJC813,5.505335354275819,104.9306929068032,9144.0
1980.0,VJC915,15.893415800260932,105.8483659692032,9144.0
1980.0,VJC916,6.401192627983085,104.16388771451302,9144.0
1980.0,VJC970,6.256929011671179,104.17138094943752,9144.0
1980.0,VTI105,19.178803919421977,78.3715042370706,9144.0
1980.0,WCM3806,2.460115171657148,106.76775571508449,9144.0
1980.0,WCM6602,4.7926959454119835,114.60049009185009,9144.0
1980.0,XAX674,3.830313274982212,106.360823873203,9144.0
1980.0,VJC813,5.505335354275819,104.9306929068032,9144.0
1980.0,VJC915,15.893415800260932,105.8483659692032,9144.0
1980.0,VJC916,6.401192627983085,104.16388771451302,9144.0
1980.0,VJC970,6.256929011671179,104.17138094943752,9144.0
1980.0,VTI105,19.178803919421977,78.3715042370706,9144.0
1980.0,WCM3806,2.460115171657148,106.76775571508449,9144.0
1980.0,WCM6602,4.7926959454119835,114.60049009185009,9144.0
1980.0,XAX674,3.830313274982212,106.360823873203,9144.0
1990.0,VJC813,5.474248722073516,104.92667512090037,9144.0
1990.0,VJC915,15.86278510979485,105.84346613950875,9144.0
1990.0,VJC916,6.433129572453992,104.1621448072714,9144.0
1990.0,VJC970,6.288227152807133,104.16969727385036,9144.0
1990.0,VTI105,19.169984155992143,78.40217574042569,9144.0
1990.0,WCM3806,2.452698093952535,106.79459352510555,9144.0
1990.0,WCM6602,4.819242741954845,114.61300664414102,9144.0
1990.0,XAX674,3.827896158074781,106.39137543959788,9144.0
1990.0,VJC813,5.474248722073516,104.92667512090037,9144.0
1990.0,VJC915,15.86278510979485,105.84346613950875,9144.0
1990.0,VJC916,6.433129572453992,104.1621448072714,9144.0
1990.0,VJC970,6.288227152807133,104.16969727385036,9144.0
1990.0,VTI105,19.169984155992143,78.40217574042569,9144.0
1990.0,WCM3806,2.452698093952535,106.79459352510555,9144.0
1990.0,WCM6602,4.819242741954845,114.61300664414102,9144.0
1990.0,XAX674,3.827896158074781,106.39137543959788,9144.0
2000.0,VJC813,5.443153289817885,104.92272686112392,9144.0
2000.0,VJC915,15.832144562547247,105.83863410687289,9144.0
2000.0,VJC916,6.465066516924899,104.16040179021152,9144.0
2000.0,VJC970,6.319528278638907,104.16807062872603,9144.0
2000.0,VTI105,19.161202062260035,78.43285772219369,9144.0
2000.0,WCM3806,2.4452811290237326,106.8214312177647,9144.0
2000.0,WCM6602,4.843785974153397,114.62912410889815,9144.0
2000.0,XAX674,3.825475765572563,106.42192665917774,9144.0
2000.0,VJC813,5.443153289817885,104.92272686112392,9144.0
2000.0,VJC915,15.832144562547247,105.83863410687289,9144.0
2000.0,VJC916,6.465066516924899,104.16040179021152,9144.0
2000.0,VJC970,6.319528278638907,104.16807062872603,9144.0
2000.0,VTI105,19.161202062260035,78.43285772219369,9144.0
2000.0,WCM3806,2.4452811290237326,106.8214312177647,9144.0
2000.0,WCM6602,4.843785974153397,114.62912410889815,9144.0
2000.0,XAX674,3.825475765572563,106.42192665917774,9144.0
2010.0,VJC813,5.411999821839377,104.91877164765164,9144.0
2010.0,VJC915,15.80138785324265,105.83378525989629,9144.0
2010.0,VJC970,6.350770966488965,104.16644682387533,9144.0
2010.0,VTI105,19.152385574560117,78.46352700766329,9144.0
2010.0,WCM3806,2.437896042451246,106.84815087249262,9144.0
2010.0,WCM6602,4.867565487807371,114.64635674099767,9144.0
2010.0,XAX674,3.822930173743175,106.45246756551417,9144.0
2010.0,VJC813,5.411999821839377,104.91877164765164,9144.0
2010.0,VJC915,15.80138785324265,105.83378525989629,9144.0
2010.0,VJC970,6.350770966488965,104.16644682387533,9144.0
2010.0,VTI105,19.152385574560117,78.46352700766329,9144.0
2010.0,WCM3806,2.437896042451246,106.84815087249262,9144.0
2010.0,WCM6602,4.867565487807371,114.64635674099767,9144.0
2010.0,XAX674,3.822930173743175,106.45246756551417,9144.0
2020.0,VJC813,5.3808517653172245,104.91477386826722,9144.0
2020.0,VJC915,15.770631290530165,105.82893614465875,9144.0
2020.0,VJC970,6.38201068684305,104.16476611005251,9144.0
2020.0,VTI105,19.143543393604084,78.49418636009798,9144.0
2020.0,WCM3806,2.4305102034177115,106.87487017243873,9144.0
2020.0,WCM6602,4.892547041123724,114.66178215880441,9144.0
2020.0,XAX674,3.8203878279098196,106.4829492817266,9144.0
2020.0,VJC813,5.3808517653172245,104.91477386826722,9144.0
2020.0,VJC915,15.770631290530165,105.82893614465875,9144.0
2020.0,VJC970,6.38201068684305,104.16476611005251,9144.0
2020.0,VTI105,19.143543393604084,78.49418636009798,9144.0
2020.0,WCM3806,2.4305102034177115,106.87487017243873,9144.0
2020.0,WCM6602,4.892547041123724,114.66178215880441,9144.0
2020.0,XAX674,3.8203878279098196,106.4829492817266,9144.0
2030.0,VJC813,5.349761681997788,104.9107839436402,9144.0
2030.0,VJC915,15.739758723767487,105.82407024855249,9144.0
2030.0,VJC970,6.413250401759853,104.16308519114463,9144.0
2030.0,VTI105,19.134689026758565,78.52477455365823,9144.0
2030.0,WCM3806,2.42312159490509,106.90158855927763,9144.0
2030.0,WCM6602,4.917426119590361,114.67714575529183,9144.0
2030.0,XAX674,3.8179477045246073,106.51343930187485,9144.0
2030.0,VJC813,5.349761681997788,104.9107839436402,9144.0
2030.0,VJC915,15.739758723767487,105.82407024855249,9144.0
2030.0,VJC970,6.413250401759853,104.16308519114463,9144.0
2030.0,VTI105,19.134689026758565,78.52477455365823,9144.0
2030.0,WCM3806,2.42312159490509,106.90158855927763,9144.0
2030.0,WCM6602,4.917426119590361,114.67714575529183,9144.0
2030.0,XAX674,3.8179477045246073,106.51343930187485,9144.0
2040.0,VJC813,5.318706713390747,104.90652730106284,9144.0
2040.0,VJC915,15.70888388029508,105.8192207062844,9144.0
2040.0,VJC970,6.4444916437776945,104.16143316103374,9144.0
2040.0,VTI105,19.125910954461226,78.55538574747796,9144.0
2040.0,WCM3806,2.415708017820554,106.92829987041333,9144.0
2040.0,WCM6602,4.942304547018067,114.69251098925706,9144.0
2040.0,XAX674,3.8154964778146145,106.54404701130001,9144.0
2040.0,VJC813,5.318706713390747,104.90652730106284,9144.0
2040.0,VJC915,15.70888388029508,105.8192207062844,9144.0
2040.0,VJC970,6.4444916437776945,104.16143316103374,9144.0
2040.0,VTI105,19.125910954461226,78.55538574747796,9144.0
2040.0,WCM3806,2.415708017820554,106.92829987041333,9144.0
2040.0,WCM6602,4.942304547018067,114.69251098925706,9144.0
2040.0,XAX674,3.8154964778146145,106.54404701130001,9144.0
2050.0,VJC813,5.287651715144763,104.9022710907413,9144.0
2050.0,VJC915,15.677951035257392,105.81436355667859,9144.0
2050.0,VJC970,6.4757328804918055,104.15978092734213,9144.0
2050.0,VTI105,19.117107631674397,78.58598718675152,9144.0
2050.0,WCM3806,2.4083101242517846,106.95495195193124,9144.0
2050.0,WCM6602,4.966850316717624,114.70840669520125,9144.0
2050.0,XAX674,3.8127738155804143,106.5746315715522,9144.0
2050.0,VJC813,5.287651715144763,104.9022710907413,9144.0
2050.0,VJC915,15.677951035257392,105.81436355667859,9144.0
2050.0,VJC970,6.4757328804918055,104.15978092734213,9144.0
2050.0,VTI105,19.117107631674397,78.58598718675152,9144.0
2050.0,WCM3806,2.4083101242517846,106.95495195193124,9144.0
2050.0,WCM6602,4.966850316717624,114.70840669520125,9144.0
2050.0,XAX674,3.8127738155804143,106.5746315715522,9144.0
2060.0,VJC813,5.256593620749285,104.89803793885633,9144.0
2060.0,VJC915,15.647021231039203,105.80948630002601,9144.0
2060.0,VJC970,6.50697162145317,104.15808146328202,9144.0
2060.0,VTI105,19.108230154257328,78.61656297875481,9144.0
2060.0,WCM3806,2.400911384283565,106.98160365355808,9144.0
2060.0,WCM6602,4.991294499804938,114.72423881170924,9144.0
2060.0,XAX674,3.8100391556699833,106.60533355635981,9144.0
2060.0,VJC813,5.256593620749285,104.89803793885633,9144.0
2060.0,VJC915,15.647021231039203,105.80948630002601,9144.0
2060.0,VJC970,6.50697162145317,104.15808146328202,9144.0
2060.0,VTI105,19.108230154257328,78.61656297875481,9144.0
2060.0,WCM3806,2.400911384283565,106.98160365355808,9144.0
2060.0,WCM6602,4.991294499804938,114.72423881170924,9144.0
2060.0,XAX674,3.8100391556699833,106.60533355635981,9144.0
2070.0,VJC813,5.225593476714998,104.8938131129122,9144.0
2070.0,VJC915,15.6160913174069,105.80461052824006,9144.0
2070.0,VJC970,6.538151891511265,104.15638496900661,9144.0
2070.0,VTI105,19.099327698958128,78.64712899069455,9144.0
2070.0,WCM3806,2.393540956524493,107.00826306892114,9144.0
2070.0,WCM6602,5.015557547712125,114.74034983421595,9144.0
2070.0,XAX674,3.8073010854797498,106.63603513819808,9144.0
2070.0,VJC813,5.225593476714998,104.8938131129122,9144.0
2070.0,VJC915,15.6160913174069,105.80461052824006,9144.0
2070.0,VJC970,6.538151891511265,104.15638496900661,9144.0
2070.0,VTI105,19.099327698958128,78.64712899069455,9144.0
2070.0,WCM3806,2.393540956524493,107.00826306892114,9144.0
2070.0,WCM6602,5.015557547712125,114.74034983421595,9144.0
2070.0,XAX674,3.8073010854797498,106.63603513819808,9144.0
2080.0,VJC813,5.194613766764642,104.88943997176017,9144.0
2080.0,VJC915,15.58516527487236,105.79970909319646,9144.0
2080.0,VJC970,6.569332944040585,104.15470300299705,9144.0
2080.0,VTI105,19.090546988669313,78.6777327922174,9144.0
2080.0,WCM3806,2.3861536327016095,107.03498108769888,9144.0
2080.0,WCM6602,5.037468729731456,114.75983334134295,9144.0
2080.0,XAX674,3.804035923988289,106.66668479954555,9144.0
2080.0,VJC813,5.194613766764642,104.88943997176017,9144.0
2080.0,VJC915,15.58516527487236,105.79970909319646,9144.0
2080.0,VJC970,6.569332944040585,104.15470300299705,9144.0
2080.0,VTI105,19.090546988669313,78.6777327922174,9144.0
2080.0,WCM3806,2.3861536327016095,107.03498108769888,9144.0
2080.0,WCM6602,5.037468729731456,114.75983334134295,9144.0
2080.0,XAX674,3.804035923988289,106.66668479954555,9144.0
2090.0,VJC813,5.163692006783704,104.88507544647064,9144.0
2090.0,VJC915,15.554239122249893,105.79480914385432,9144.0
2090.0,VJC970,6.600513990967692,104.15302082608204,9144.0
2090.0,VTI105,19.081757195314523,78.70833204955014,9144.0
2090.0,WCM3806,2.37876565006253,107.06169878065757,9144.0
2090.0,WCM6602,5.0593194660528535,114.77956604357912,9144.0
2090.0,XAX674,3.8007617276511327,106.69739271414754,9144.0
2090.0,VJC813,5.163692006783704,104.88507544647064,9144.0
2090.0,VJC915,15.554239122249893,105.79480914385432,9144.0
2090.0,VJC970,6.600513990967692,104.15302082608204,9144.0
2090.0,VTI105,19.081757195314523,78.70833204955014,9144.0
2090.0,WCM3806,2.37876565006253,107.06169878065757,9144.0
2090.0,WCM6602,5.0593194660528535,114.77956604357912,9144.0
2090.0,XAX674,3.8007617276511327,106.69739271414754,9144.0
2100.0,VJC813,5.132763645140588,104.88075854709768,9144.0
2100.0,VJC915,15.52331361149487,105.78990556745525,9144.0
2100.0,VJC970,6.631695031974379,104.15133843176612,9144.0
2100.0,VTI105,19.072878859512237,78.73890103399268,9144.0
2100.0,WCM3806,2.3713768188198716,107.08841609563488,9144.0
2100.0,WCM6602,5.0811687957224025,114.79930098325447,9144.0
2100.0,XAX674,3.7976652444825008,106.72811902848798,9144.0
2100.0,VJC813,5.132763645140588,104.88075854709768,9144.0
2100.0,VJC915,15.52331361149487,105.78990556745525,9144.0
2100.0,VJC970,6.631695031974379,104.15133843176612,9144.0
2100.0,VTI105,19.072878859512237,78.73890103399268,9144.0
2100.0,WCM3806,2.3713768188198716,107.08841609563488,9144.0
2100.0,WCM6602,5.0811687957224025,114.79930098325447,9144.0
2100.0,XAX674,3.7976652444825008,106.72811902848798,9144.0
2110.0,VJC813,5.101777261152043,104.87643397541483,9144.0
2110.0,VJC915,15.492387991755844,105.78500346570112,9144.0
2110.0,VJC970,6.662875897731792,104.1496526418329,9144.0
2110.0,VTI105,19.063992554452536,78.76946578726383,9144.0
2110.0,WCM3806,2.364031684058209,107.11514533565442,9144.0
2110.0,WCM6602,5.10256177258464,114.81953424420193,9144.0
2110.0,XAX674,3.794573290068184,106.75878639023156,9144.0
2110.0,VJC813,5.101777261152043,104.87643397541483,9144.0
2110.0,VJC915,15.492387991755844,105.78500346570112,9144.0
2110.0,VJC970,6.662875897731792,104.1496526418329,9144.0
2110.0,VTI105,19.063992554452536,78.76946578726383,9144.0
2110.0,WCM3806,2.364031684058209,107.11514533565442,9144.0
2110.0,WCM6602,5.10256177258464,114.81953424420193,9144.0
2110.0,XAX674,3.794573290068184,106.75878639023156,9144.0
2120.0,VJC813,5.070788738780816,104.87212508342257,9144.0
2120.0,VJC915,15.461462262551299,105.78010284011093,9144.0
2120.0,VJC970,6.693999855261552,104.14800014074265,9144.0
2120.0,VTI105,19.05519558870184,78.80005783407162,9144.0
2120.0,WCM3806,2.356653366379431,107.14199195720995,9144.0
2120.0,WCM6602,5.124040539645288,114.83985187242483,9144.0
2120.0,XAX674,3.791479579770171,106.7894534643318,9144.0
2120.0,VJC813,5.070788738780816,104.87212508342257,9144.0
2120.0,VJC915,15.461462262551299,105.78010284011093,9144.0
2120.0,VJC970,6.693999855261552,104.14800014074265,9144.0
2120.0,VTI105,19.05519558870184,78.80005783407162,9144.0
2120.0,WCM3806,2.356653366379431,107.14199195720995,9144.0
2120.0,WCM6602,5.124040539645288,114.83985187242483,9144.0
2120.0,XAX674,3.791479579770171,106.7894534643318,9144.0
2130.0,VJC813,5.039858184491915,104.86782467039393,9144.0
2130.0,VJC915,15.430540288805403,105.7751775044163,9144.0
2130.0,VJC970,6.72518231640114,104.14634432177766,9144.0
2130.0,VTI105,19.0463750725754,78.83070617946453,9144.0
2130.0,WCM3806,2.3492074599440524,107.16881973674143,9144.0
2130.0,WCM6602,5.145789726960407,114.85987809690612,9144.0
2130.0,XAX674,3.788350902198252,106.82011686427595,9144.0
2130.0,VJC813,5.039858184491915,104.86782467039393,9144.0
2130.0,VJC915,15.430540288805403,105.7751775044163,9144.0
2130.0,VJC970,6.72518231640114,104.14634432177766,9144.0
2130.0,VTI105,19.0463750725754,78.83070617946453,9144.0
2130.0,WCM3806,2.3492074599440524,107.16881973674143,9144.0
2130.0,WCM6602,5.145789726960407,114.85987809690612,9144.0
2130.0,XAX674,3.788350902198252,106.82011686427595,9144.0
2140.0,VJC813,5.008937275594049,104.86345512101803,9144.0
2140.0,VJC915,15.39961820530894,105.77025364307231,9144.0
2140.0,VJC970,6.756364771948796,104.14468828952216,9144.0
2140.0,VTI105,19.037546727038528,78.86135037204166,9144.0
2140.0,WCM3806,2.3417443955853776,107.19570590704649,9144.0
2140.0,WCM6602,5.167449518728997,114.87982520490651,9144.0
2140.0,XAX674,3.785220484889174,106.85077997499491,9144.0
2140.0,VJC813,5.008937275594049,104.86345512101803,9144.0
2140.0,VJC915,15.39961820530894,105.77025364307231,9144.0
2140.0,VJC970,6.756364771948796,104.14468828952216,9144.0
2140.0,VTI105,19.037546727038528,78.86135037204166,9144.0
2140.0,WCM3806,2.3417443955853776,107.19570590704649,9144.0
2140.0,WCM6602,5.167449518728997,114.87982520490651,9144.0
2140.0,XAX674,3.785220484889174,106.85077997499491,9144.0
2150.0,VJC813,4.977784657286401,104.85905325223656,9144.0
2150.0,VJC915,15.36869600738767,105.76533128590546,9144.0
2150.0,VJC970,6.787546349005319,104.14301545968024,9144.0
2150.0,VTI105,19.028648378742087,78.89197025773147,9144.0
2150.0,WCM3806,2.3345420767672067,107.22266307718857,9144.0
2150.0,WCM6602,5.188675177300594,114.90023807722986,9144.0
2150.0,XAX674,3.7821539955995025,106.88144946456235,9144.0
2150.0,VJC813,4.977784657286401,104.85905325223656,9144.0
2150.0,VJC915,15.36869600738767,105.76533128590546,9144.0
2150.0,VJC970,6.787546349005319,104.14301545968024,9144.0
2150.0,VTI105,19.028648378742087,78.89197025773147,9144.0
2150.0,WCM3806,2.3345420767672067,107.22266307718857,9144.0
2150.0,WCM6602,5.188675177300594,114.90023807722986,9144.0
2150.0,XAX674,3.7821539955995025,106.88144946456235,9144.0
2160.0,VJC813,4.946632000608026,104.85465186486275,9144.0
2160.0,VJC915,15.337759565369124,105.76050686765393,9144.0
2160.0,VJC970,6.818727920337705,104.14134241301385,9144.0
2160.0,VTI105,19.019742336074373,78.92258599931614,9144.0
2160.0,WCM3806,2.327323498530534,107.24967884897382,9144.0
2160.0,WCM6602,5.2097701230552245,114.9205277733688,9144.0
2160.0,XAX674,3.7790863989450862,106.91211873440041,9144.0
2160.0,VJC813,4.946632000608026,104.85465186486275,9144.0
2160.0,VJC915,15.337759565369124,105.76050686765393,9144.0
2160.0,VJC970,6.818727920337705,104.14134241301385,9144.0
2160.0,VTI105,19.019742336074373,78.92258599931614,9144.0
2160.0,WCM3806,2.327323498530534,107.24967884897382,9144.0
2160.0,WCM6602,5.2097701230552245,114.9205277733688,9144.0
2160.0,XAX674,3.7790863989450862,106.91211873440041,9144.0
2170.0,VJC813,4.915468520365685,104.85032856504066,9144.0
2170.0,VJC915,15.306765157809522,105.75567486913619,9144.0
2170.0,VJC970,6.849951077115971,104.14093391170809,9144.0
2170.0,VTI105,19.01080671399845,78.95319045143627,9144.0
2170.0,WCM3806,2.320104392668117,107.27669434141454,9144.0
2170.0,WCM6602,5.231361393348148,114.94028470373442,9144.0
2170.0,XAX674,3.776017694467667,106.94278778447281,9144.0
2170.0,VJC813,4.915468520365685,104.85032856504066,9144.0
2170.0,VJC915,15.306765157809522,105.75567486913619,9144.0
2170.0,VJC970,6.849951077115971,104.14093391170809,9144.0
2170.0,VTI105,19.01080671399845,78.95319045143627,9144.0
2170.0,WCM3806,2.320104392668117,107.27669434141454,9144.0
2170.0,WCM6602,5.231361393348148,114.94028470373442,9144.0
2170.0,XAX674,3.776017694467667,106.94278778447281,9144.0
2180.0,VJC813,4.884247166134769,104.8459976742092,9144.0
2180.0,VJC915,15.275781499696388,105.75077005193238,9144.0
2180.0,VJC970,6.880957095136384,104.14465896708163,9144.0
2180.0,VTI105,19.001864588108905,78.98379113328029,9144.0
2180.0,WCM3806,2.3128847603935734,107.30370955524624,9144.0
2180.0,WCM6602,5.253217206385055,114.96028612758573,9144.0
2180.0,XAX674,3.7729478815622204,106.97345661472853,9144.0
2180.0,VJC813,4.884247166134769,104.8459976742092,9144.0
2180.0,VJC915,15.275781499696388,105.75077005193238,9144.0
2180.0,VJC970,6.880957095136384,104.14465896708163,9144.0
2180.0,VTI105,19.001864588108905,78.98379113328029,9144.0
2180.0,WCM3806,2.3128847603935734,107.30370955524624,9144.0
2180.0,WCM6602,5.253217206385055,114.96028612758573,9144.0
2180.0,XAX674,3.7729478815622204,106.97345661472853,9144.0
2190.0,VJC813,4.853042393983003,104.8415482368949,9144.0
2190.0,VJC915,15.244739932046143,105.74585754703999,9144.0
2190.0,VJC970,6.911032779201196,104.1524322793448,9144.0
2190.0,VTI105,18.99291336968001,79.01438719568571,9144.0
2190.0,WCM3806,2.3056646028849017,107.33072449119507,9144.0
2190.0,WCM6602,5.275078962420949,114.98028170352511,9144.0
2190.0,XAX674,3.769876959451435,107.00412522509924,9144.0
2190.0,VJC813,4.853042393983003,104.8415482368949,9144.0
2190.0,VJC915,15.244739932046143,105.74585754703999,9144.0
2190.0,VJC970,6.911032779201196,104.1524322793448,9144.0
2190.0,VTI105,18.99291336968001,79.01438719568571,9144.0
2190.0,WCM3806,2.3056646028849017,107.33072449119507,9144.0
2190.0,WCM6602,5.275078962420949,114.98028170352511,9144.0
2190.0,XAX674,3.769876959451435,107.00412522509924,9144.0
2200.0,VJC813,4.822069069795189,104.83713224165643,9144.0
2200.0,VJC915,15.213763269333283,105.74052382483961,9144.0
2200.0,VJC970,6.939250541910447,104.16398991684846,9144.0
2200.0,VTI105,18.98400728964155,79.04499635022916,9144.0
2200.0,WCM3806,2.2984439212794414,107.35773914997644,9144.0
2200.0,WCM6602,5.297379878862642,115.00068128910709,9144.0
2200.0,XAX674,3.766804927153923,107.03479361549604,9144.0
2200.0,VJC813,4.822069069795189,104.83713224165643,9144.0
2200.0,VJC915,15.213763269333283,105.74052382483961,9144.0
2200.0,VJC970,6.939250541910447,104.16398991684846,9144.0
2200.0,VTI105,18.98400728964155,79.04499635022916,9144.0
2200.0,WCM3806,2.2984439212794414,107.35773914997644,9144.0
2200.0,WCM6602,5.297379878862642,115.00068128910709,9144.0
2200.0,XAX674,3.766804927153923,107.03479361549604,9144.0
2210.0,VJC813,4.79106245089509,104.83295837797523,9144.0
2210.0,VJC915,15.182728837786978,105.73518175880638,9144.0
2210.0,VJC970,6.965667264866817,104.17926937012709,9144.0
2210.0,VTI105,18.975092457839352,79.07560101766657,9144.0
2210.0,WCM3806,2.2912227166678374,107.38475353229343,9144.0
2210.0,WCM6602,5.319562220021612,115.02121159298562,9144.0
2210.0,XAX674,3.763731783444112,107.0654617858054,9144.0
2210.0,VJC813,4.79106245089509,104.83295837797523,9144.0
2210.0,VJC915,15.182728837786978,105.73518175880638,9144.0
2210.0,VJC970,6.965667264866817,104.17926937012709,9144.0
2210.0,VTI105,18.975092457839352,79.07560101766657,9144.0
2210.0,WCM3806,2.2912227166678374,107.38475353229343,9144.0
2210.0,WCM6602,5.319562220021612,115.02121159298562,9144.0
2210.0,XAX674,3.763731783444112,107.0654617858054,9144.0
2220.0,VJC813,4.760230014791166,104.8288083624008,9144.0
2220.0,VJC915,15.151694273532753,105.7298413047786,9144.0
2220.0,VJC970,6.989802166376899,104.19799287011502,9144.0
2220.0,VTI105,18.96623694968977,79.10622331113836,9144.0
2220.0,WCM3806,2.284000990086751,107.41176763883483,9144.0
2220.0,WCM6602,5.341700097310848,115.04170317865287,9144.0
2220.0,XAX674,3.760657526800912,107.09612973588393,9144.0
2220.0,VJC813,4.760230014791166,104.8288083624008,9144.0
2220.0,VJC915,15.151694273532753,105.7298413047786,9144.0
2220.0,VJC970,6.989802166376899,104.19799287011502,9144.0
2220.0,VTI105,18.96623694968977,79.10622331113836,9144.0
2220.0,WCM3806,2.284000990086751,107.41176763883483,9144.0
2220.0,WCM6602,5.341700097310848,115.04170317865287,9144.0
2220.0,XAX674,3.760657526800912,107.09612973588393,9144.0
2230.0,VJC813,4.729405293030853,104.82460122664631,9144.0
2230.0,VJC915,15.120935620034208,105.7229997813898,9144.0
2230.0,VJC970,7.011215993667461,104.2198198649365,9144.0
2230.0,VTI105,18.957389998135138,79.13678124637327,9144.0
2230.0,WCM3806,2.2767787425099706,107.43878147027274,9144.0
2230.0,WCM6602,5.363695317108925,115.0623498904186,9144.0
2230.0,XAX674,3.757582155340922,107.12679746555166,9144.0
2230.0,VJC813,4.729405293030853,104.82460122664631,9144.0
2230.0,VJC915,15.120935620034208,105.7229997813898,9144.0
2230.0,VJC970,7.011215993667461,104.2198198649365,9144.0
2230.0,VTI105,18.957389998135138,79.13678124637327,9144.0
2230.0,WCM3806,2.2767787425099706,107.43878147027274,9144.0
2230.0,WCM6602,5.363695317108925,115.0623498904186,9144.0
2230.0,XAX674,3.757582155340922,107.12679746555166,9144.0
2240.0,VJC813,4.698580543995433,104.82039447873271,9144.0
2240.0,VJC915,15.090005595698978,105.7161222234252,9144.0
2240.0,VJC970,7.035350895177543,104.2385451959444,9144.0
2240.0,VTI105,18.94840468067769,79.16729236940198,9144.0
2240.0,WCM3806,2.2695559748374605,107.46579502725966,9144.0
2240.0,WCM6602,5.385385458158899,115.0827126671251,9144.0
2240.0,XAX674,3.7545056667298993,107.15746497458296,9144.0
2240.0,VJC813,4.698580543995433,104.82039447873271,9144.0
2240.0,VJC915,15.090005595698978,105.7161222234252,9144.0
2240.0,VJC970,7.035350895177543,104.2385451959444,9144.0
2240.0,VTI105,18.94840468067769,79.16729236940198,9144.0
2240.0,WCM3806,2.2695559748374605,107.46579502725966,9144.0
2240.0,WCM6602,5.385385458158899,115.0827126671251,9144.0
2240.0,XAX674,3.7545056667298993,107.15746497458296,9144.0
2250.0,VJC813,4.667710312740896,104.81653825837932,9144.0
2250.0,VJC915,15.05895563649746,105.70985202989597,9144.0
2250.0,VJC970,7.0617203243414775,104.25379116714068,9144.0
2250.0,VTI105,18.93942836085023,79.19773917192174,9144.0
2250.0,WCM3806,2.262332687881712,107.49280831042478,9144.0
2250.0,WCM6602,5.407065905301076,115.103086584646,9144.0
2250.0,XAX674,3.7514280580628494,107.18813226269444,9144.0
2250.0,VJC813,4.667710312740896,104.81653825837932,9144.0
2250.0,VJC915,15.05895563649746,105.70985202989597,9144.0
2250.0,VJC970,7.0617203243414775,104.25379116714068,9144.0
2250.0,VTI105,18.93942836085023,79.19773917192174,9144.0
2250.0,WCM3806,2.262332687881712,107.49280831042478,9144.0
2250.0,WCM6602,5.407065905301076,115.103086584646,9144.0
2250.0,XAX674,3.7514280580628494,107.18813226269444,9144.0
2260.0,VJC813,4.6367818782332355,104.81267511819117,9144.0
2260.0,VJC915,15.02773402697878,105.70354906460408,9144.0
2260.0,VJC970,7.08879168389398,104.26773301326331,9144.0
2260.0,VTI105,18.930554362027607,79.22821786265334,9144.0
2260.0,WCM3806,2.2551088823505108,107.51982132036939,9144.0
2260.0,WCM6602,5.428308505967534,115.1230514443048,9144.0
2260.0,XAX674,3.748349325697494,107.21879932952798,9144.0
2260.0,VJC813,4.6367818782332355,104.81267511819117,9144.0
2260.0,VJC915,15.02773402697878,105.70354906460408,9144.0
2260.0,VJC970,7.08879168389398,104.26773301326331,9144.0
2260.0,VTI105,18.930554362027607,79.22821786265334,9144.0
2260.0,WCM3806,2.2551088823505108,107.51982132036939,9144.0
2260.0,WCM6602,5.428308505967534,115.1230514443048,9144.0
2260.0,XAX674,3.748349325697494,107.21879932952798,9144.0
2270.0,VJC813,4.605866405456173,104.80870909286305,9144.0
2270.0,VJC915,14.99651223532661,105.69724798748649,9144.0
2270.0,VJC970,7.115862521803157,104.28167670872779,9144.0
2270.0,VTI105,18.921671937570736,79.2586921902767,9144.0
2270.0,WCM3806,2.247884558824864,107.54683405766096,9144.0
2270.0,WCM6602,5.449395668522343,115.14318259169832,9144.0
2270.0,XAX674,3.745269465016011,107.24946617462666,9144.0
2270.0,VJC813,4.605866405456173,104.80870909286305,9144.0
2270.0,VJC915,14.99651223532661,105.69724798748649,9144.0
2270.0,VJC970,7.115862521803157,104.28167670872779,9144.0
2270.0,VTI105,18.921671937570736,79.2586921902767,9144.0
2270.0,WCM3806,2.247884558824864,107.54683405766096,9144.0
2270.0,WCM6602,5.449395668522343,115.14318259169832,9144.0
2270.0,XAX674,3.745269465016011,107.24946617462666,9144.0
2280.0,VJC813,4.574834714853693,104.80472851431121,9144.0
2280.0,VJC915,14.965309830615563,105.69084574676927,9144.0
2280.0,VJC970,7.140997209771864,104.29891365188799,9144.0
2280.0,VTI105,18.912704931402494,79.2891371908981,9144.0
2280.0,WCM3806,2.240659717730258,107.5738465228254,9144.0
2280.0,WCM6602,5.470176499461041,115.16302368595525,9144.0
2280.0,XAX674,3.742188470071773,107.28013279739882,9144.0
2280.0,VJC813,4.574834714853693,104.80472851431121,9144.0
2280.0,VJC915,14.965309830615563,105.69084574676927,9144.0
2280.0,VJC970,7.140997209771864,104.29891365188799,9144.0
2280.0,VTI105,18.912704931402494,79.2891371908981,9144.0
2280.0,WCM3806,2.240659717730258,107.5738465228254,9144.0
2280.0,WCM6602,5.470176499461041,115.16302368595525,9144.0
2280.0,XAX674,3.742188470071773,107.28013279739882,9144.0
2290.0,VJC813,4.543777673207246,104.80095231504457,9144.0
2290.0,VJC915,14.934164323987869,105.68445712257686,9144.0
2290.0,VJC970,7.166082089928383,104.31611933410375,9144.0
2290.0,VTI105,18.903747233279585,79.31951795148923,9144.0
2290.0,WCM3806,2.233434359298518,107.60085871633687,9144.0
2290.0,WCM6602,5.4886809843507125,115.18502246063123,9144.0
2290.0,XAX674,3.7391063330421797,107.31079919706262,9144.0
2290.0,VJC813,4.543777673207246,104.80095231504457,9144.0
2290.0,VJC915,14.934164323987869,105.68445712257686,9144.0
2290.0,VJC970,7.166082089928383,104.31611933410375,9144.0
2290.0,VTI105,18.903747233279585,79.31951795148923,9144.0
2290.0,WCM3806,2.233434359298518,107.60085871633687,9144.0
2290.0,WCM6602,5.4886809843507125,115.18502246063123,9144.0
2290.0,XAX674,3.7391063330421797,107.31079919706262,9144.0
2300.0,VJC813,4.512662525535393,104.79716938389622,9144.0
2300.0,VJC915,14.903021643406799,105.67805468578203,9144.0
2300.0,VJC970,7.192062982686439,104.33191759827689,9144.0
2300.0,VTI105,18.894903480662958,79.3499343795865,9144.0
2300.0,WCM3806,2.2262084835160985,107.62787063860385,9144.0
2300.0,WCM6602,5.5070675423428295,115.20688361859679,9144.0
2300.0,XAX674,3.7360230433333665,107.34146537255525,9144.0
2300.0,VJC813,4.512662525535393,104.79716938389622,9144.0
2300.0,VJC915,14.903021643406799,105.67805468578203,9144.0
2300.0,VJC970,7.192062982686439,104.33191759827689,9144.0
2300.0,VTI105,18.894903480662958,79.3499343795865,9144.0
2300.0,WCM3806,2.2262084835160985,107.62787063860385,9144.0
2300.0,WCM6602,5.5070675423428295,115.20688361859679,9144.0
2300.0,XAX674,3.7360230433333665,107.34146537255525,9144.0
2310.0,VJC813,4.481556906092816,104.79330857546927,9144.0
2310.0,VJC915,14.871935897168306,105.67166587270631,9144.0
2310.0,VJC970,7.217992459545147,104.34768715957297,9144.0
2310.0,VTI105,18.886034058450793,79.38040644758014,9144.0
2310.0,WCM3806,2.218982090052163,107.6548822899499,9144.0
2310.0,WCM6602,5.525452980411487,115.22874640470395,9144.0
2310.0,XAX674,3.7329385860075948,107.37213132237349,9144.0
2310.0,VJC813,4.481556906092816,104.79330857546927,9144.0
2310.0,VJC915,14.871935897168306,105.67166587270631,9144.0
2310.0,VJC970,7.217992459545147,104.34768715957297,9144.0
2310.0,VTI105,18.886034058450793,79.38040644758014,9144.0
2310.0,WCM3806,2.218982090052163,107.6548822899499,9144.0
2310.0,WCM6602,5.525452980411487,115.22874640470395,9144.0
2310.0,XAX674,3.7329385860075948,107.37213132237349,9144.0
2320.0,VJC813,4.4504512661784394,104.7894480966939,9144.0
2320.0,VJC915,14.840839971612736,105.66533122407063,9144.0
2320.0,VJC970,7.24349260737079,104.3641536126577,9144.0
2320.0,VTI105,18.877042570765695,79.41083689545562,9144.0
2320.0,WCM3806,2.2117551781555287,107.68189367058598,9144.0
2320.0,WCM6602,5.543077252710186,115.25123367704795,9144.0
2320.0,XAX674,3.7298529387433685,107.40279704426563,9144.0
2320.0,VJC813,4.4504512661784394,104.7894480966939,9144.0
2320.0,VJC915,14.840839971612736,105.66533122407063,9144.0
2320.0,VJC970,7.24349260737079,104.3641536126577,9144.0
2320.0,VTI105,18.877042570765695,79.41083689545562,9144.0
2320.0,WCM3806,2.2117551781555287,107.68189367058598,9144.0
2320.0,WCM6602,5.543077252710186,115.25123367704795,9144.0
2320.0,XAX674,3.7298529387433685,107.40279704426563,9144.0
2330.0,VJC813,4.419345605481358,104.78558794893212,9144.0
2330.0,VJC915,14.809858259228127,105.65902171356777,9144.0
2330.0,VJC970,7.268892132497205,104.38055784633701,9144.0
2330.0,VTI105,18.868060528772908,79.44120315353078,9144.0
2330.0,WCM3806,2.204527746501564,107.7089047805694,9144.0
2330.0,WCM6602,5.560287049006438,115.27319530268105,9144.0
2330.0,XAX674,3.7267660650965064,107.43346253454847,9144.0
2330.0,VJC813,4.419345605481358,104.78558794893212,9144.0
2330.0,VJC915,14.809858259228127,105.65902171356777,9144.0
2330.0,VJC970,7.268892132497205,104.38055784633701,9144.0
2330.0,VTI105,18.868060528772908,79.44120315353078,9144.0
2330.0,WCM3806,2.204527746501564,107.7089047805694,9144.0
2330.0,WCM6602,5.560287049006438,115.27319530268105,9144.0
2330.0,XAX674,3.7267660650965064,107.43346253454847,9144.0
2340.0,VJC813,4.38872531551801,104.77887706557813,9144.0
2340.0,VJC915,14.77888413017734,105.65267339973718,9144.0
2340.0,VJC970,7.294550230565511,104.39654881992656,9144.0
2340.0,VTI105,18.859153170019866,79.47159235555498,9144.0
2340.0,WCM3806,2.197299792954482,107.73591561974003,9144.0
2340.0,WCM6602,5.578041540237212,115.29471542402443,9144.0
2340.0,XAX674,3.7236778959757784,107.4641277862305,9144.0
2340.0,VJC813,4.38872531551801,104.77887706557813,9144.0
2340.0,VJC915,14.77888413017734,105.65267339973718,9144.0
2340.0,VJC970,7.294550230565511,104.39654881992656,9144.0
2340.0,VTI105,18.859153170019866,79.47159235555498,9144.0
2340.0,WCM3806,2.197299792954482,107.73591561974003,9144.0
2340.0,WCM6602,5.578041540237212,115.29471542402443,9144.0
2340.0,XAX674,3.7236778959757784,107.4641277862305,9144.0
2350.0,VJC813,4.35918607064258,104.76819364240527,9144.0
2350.0,VJC915,14.747909823122297,105.64632691913808,9144.0
2350.0,VJC970,7.320005539414106,104.41241599579297,9144.0
2350.0,VTI105,18.850220104160556,79.50203714525937,9144.0
2350.0,WCM3806,2.1900713141772004,107.76292618761569,9144.0
2350.0,WCM6602,5.595678034563013,115.31609551226252,9144.0
2350.0,XAX674,3.7205882535541517,107.49479278130354,9144.0
2350.0,VJC813,4.35918607064258,104.76819364240527,9144.0
2350.0,VJC915,14.747909823122297,105.64632691913808,9144.0
2350.0,VJC970,7.320005539414106,104.41241599579297,9144.0
2350.0,VTI105,18.850220104160556,79.50203714525937,9144.0
2350.0,WCM3806,2.1900713141772004,107.76292618761569,9144.0
2350.0,WCM6602,5.595678034563013,115.31609551226252,9144.0
2350.0,XAX674,3.7205882535541517,107.49479278130354,9144.0
2360.0,VJC813,4.331180132588744,104.75369328892128,9144.0
2360.0,VJC915,14.71693779283517,105.63996947192518,9144.0
2360.0,VJC970,7.345322803060546,104.42850702684436,9144.0
2360.0,VTI105,18.841277631227445,79.53247722961574,9144.0
2360.0,WCM3806,2.182842304943261,107.7899364832076,9144.0
2360.0,WCM6602,5.613374903859074,115.33742581992134,9144.0
2360.0,XAX674,3.721605727312919,107.52559685149669,9144.0
2360.0,VJC813,4.331180132588744,104.75369328892128,9144.0
2360.0,VJC915,14.71693779283517,105.63996947192518,9144.0
2360.0,VJC970,7.345322803060546,104.42850702684436,9144.0
2360.0,VTI105,18.841277631227445,79.53247722961574,9144.0
2360.0,WCM3806,2.182842304943261,107.7899364832076,9144.0
2360.0,WCM6602,5.613374903859074,115.33742581992134,9144.0
2360.0,XAX674,3.721605727312919,107.52559685149669,9144.0
2370.0,VJC813,4.303883572249675,104.73765872590445,9144.0
2370.0,VJC915,14.686022822557721,105.63362558581971,9144.0
2370.0,VJC970,7.370589126198613,104.44456797623471,9144.0
2370.0,VTI105,18.83234469981755,79.56285319683631,9144.0
2370.0,WCM3806,2.1756127567992976,107.8169465046616,9144.0
2370.0,WCM6602,5.6305990014575755,115.35818943487476,9144.0
2370.0,XAX674,3.7267121522953963,107.55599019271403,9144.0
2370.0,VJC813,4.303883572249675,104.73765872590445,9144.0
2370.0,VJC915,14.686022822557721,105.63362558581971,9144.0
2370.0,VJC970,7.370589126198613,104.44456797623471,9144.0
2370.0,VTI105,18.83234469981755,79.56285319683631,9144.0
2370.0,WCM3806,2.1756127567992976,107.8169465046616,9144.0
2370.0,WCM6602,5.6305990014575755,115.35818943487476,9144.0
2370.0,XAX674,3.7267121522953963,107.55599019271403,9144.0
2380.0,VJC813,4.275709158505292,104.72323233791452,9144.0
2380.0,VJC915,14.655107671161252,105.6272835389666,9144.0
2380.0,VJC970,7.39585476748898,104.46063093399181,9144.0
2380.0,VTI105,18.82340845317366,79.59322646019142,9144.0
2380.0,WCM3806,2.1683826550751433,107.84395624845632,9144.0
2380.0,WCM6602,5.647773770234853,115.37899488316194,9144.0
2380.0,XAX674,3.7346353040641715,107.5857713061905,9144.0
2380.0,VJC813,4.275709158505292,104.72323233791452,9144.0
2380.0,VJC915,14.655107671161252,105.6272835389666,9144.0
2380.0,VJC970,7.39585476748898,104.46063093399181,9144.0
2380.0,VTI105,18.82340845317366,79.59322646019142,9144.0
2380.0,WCM3806,2.1683826550751433,107.84395624845632,9144.0
2380.0,WCM6602,5.647773770234853,115.37899488316194,9144.0
2380.0,XAX674,3.7346353040641715,107.5857713061905,9144.0
2390.0,VJC813,4.247482548300214,104.70878048868384,9144.0
2390.0,VJC915,14.624173253531602,105.62104354892202,9144.0
2390.0,VJC970,7.421178326464374,104.47660179967345,9144.0
2390.0,VTI105,18.81444667401371,79.62365534595673,9144.0
2390.0,WCM3806,2.161151970549799,107.87096570716811,9144.0
2390.0,WCM6602,5.664592113297613,115.39937139556638,9144.0
2390.0,XAX674,3.7425876228304653,107.61566697114068,9144.0
2390.0,VJC813,4.247482548300214,104.70878048868384,9144.0
2390.0,VJC915,14.624173253531602,105.62104354892202,9144.0
2390.0,VJC970,7.421178326464374,104.47660179967345,9144.0
2390.0,VTI105,18.81444667401371,79.62365534595673,9144.0
2390.0,WCM3806,2.161151970549799,107.87096570716811,9144.0
2390.0,WCM6602,5.664592113297613,115.39937139556638,9144.0
2390.0,XAX674,3.7425876228304653,107.61566697114068,9144.0
2400.0,VJC813,4.219255425509067,104.69433017314412,9144.0
2400.0,VJC915,14.593238666461048,105.61480533405634,9144.0
2400.0,VJC970,7.446400235413059,104.4925109801999,9144.0
2400.0,VTI105,18.80541044594519,79.65405801523761,9144.0
2400.0,WCM3806,2.1539206241876188,107.89797486001403,9144.0
2400.0,WCM6602,5.681428928941166,115.4197330911749,9144.0
2400.0,XAX674,3.750538712852822,107.6455632359857,9144.0
2400.0,VJC813,4.219255425509067,104.69433017314412,9144.0
2400.0,VJC915,14.593238666461048,105.61480533405634,9144.0
2400.0,VJC970,7.446400235413059,104.4925109801999,9144.0
2400.0,VTI105,18.80541044594519,79.65405801523761,9144.0
2400.0,WCM3806,2.1539206241876188,107.89797486001403,9144.0
2400.0,WCM6602,5.681428928941166,115.4197330911749,9144.0
2400.0,XAX674,3.750538712852822,107.6455632359857,9144.0
2410.0,VJC813,4.190828661558175,104.6802793649652,9144.0
2410.0,VJC915,14.562327938710144,105.60844297810867,9144.0
2410.0,VJC970,7.471614272187436,104.5084337645565,9144.0
2410.0,VTI105,18.796383917715232,79.68439659092745,9144.0
2410.0,WCM3806,2.1488037091788805,107.92546368959924,9144.0
2410.0,WCM6602,5.697986353892248,115.43975974230378,9144.0
2410.0,XAX674,3.7584883951963914,107.6754601489949,9144.0
2410.0,VJC813,4.190828661558175,104.6802793649652,9144.0
2410.0,VJC915,14.562327938710144,105.60844297810867,9144.0
2410.0,VJC970,7.471614272187436,104.5084337645565,9144.0
2410.0,VTI105,18.796383917715232,79.68439659092745,9144.0
2410.0,WCM3806,2.1488037091788805,107.92546368959924,9144.0
2410.0,WCM6602,5.697986353892248,115.43975974230378,9144.0
2410.0,XAX674,3.7584883951963914,107.6754601489949,9144.0
2420.0,VJC813,4.16245388419893,104.66625547207151,9144.0
2420.0,VJC915,14.531417035842795,105.60208242092979,9144.0
2420.0,VJC970,7.496777159829696,104.52432656513264,9144.0
2420.0,VTI105,18.78743431168477,79.71475897096398,9144.0
2420.0,WCM3806,2.1435861313316495,107.95348957005723,9144.0
2420.0,WCM6602,5.7144220437077164,115.45988799080678,9144.0
2420.0,XAX674,3.766434849739836,107.70535819649064,9144.0
2420.0,VJC813,4.16245388419893,104.66625547207151,9144.0
2420.0,VJC915,14.531417035842795,105.60208242092979,9144.0
2420.0,VJC970,7.496777159829696,104.52432656513264,9144.0
2420.0,VTI105,18.78743431168477,79.71475897096398,9144.0
2420.0,WCM3806,2.1435861313316495,107.95348957005723,9144.0
2420.0,WCM6602,5.7144220437077164,115.45988799080678,9144.0
2420.0,XAX674,3.766434849739836,107.70535819649064,9144.0
2430.0,VJC813,4.13417264826018,104.65204340456727,9144.0
2430.0,VJC915,14.50050593024333,105.59572380353205,9144.0
2430.0,VJC970,7.521939290641648,104.54022150480289,9144.0
2430.0,VTI105,18.77849505576813,79.74505747421159,9144.0
2430.0,WCM3806,2.1383676342347457,107.98151518369636,9144.0
2430.0,WCM6602,5.730499276989259,115.47958028424253,9144.0
2430.0,XAX674,3.7742379853397234,107.7352944007772,9144.0
2430.0,VJC813,4.13417264826018,104.65204340456727,9144.0
2430.0,VJC915,14.50050593024333,105.59572380353205,9144.0
2430.0,VJC970,7.521939290641648,104.54022150480289,9144.0
2430.0,VTI105,18.77849505576813,79.74505747421159,9144.0
2430.0,WCM3806,2.1383676342347457,107.98151518369636,9144.0
2430.0,WCM6602,5.730499276989259,115.47958028424253,9144.0
2430.0,XAX674,3.7742379853397234,107.7352944007772,9144.0
2440.0,VJC813,4.105943258313067,104.63785860923123,9144.0
2440.0,VJC915,14.469592465202997,105.58937832006043,9144.0
2440.0,VJC970,7.547066164807786,104.55617401438953,9144.0
2440.0,VTI105,18.769547689423003,79.77535169846287,9144.0
2440.0,WCM3806,2.1332672444525644,108.0095624693373,9144.0
2440.0,WCM6602,5.746510044750968,115.49932775356717,9144.0
2440.0,XAX674,3.782024774853077,107.76517421510394,9144.0
2440.0,VJC813,4.105943258313067,104.63785860923123,9144.0
2440.0,VJC915,14.469592465202997,105.58937832006043,9144.0
2440.0,VJC970,7.547066164807786,104.55617401438953,9144.0
2440.0,VTI105,18.769547689423003,79.77535169846287,9144.0
2440.0,WCM3806,2.1332672444525644,108.0095624693373,9144.0
2440.0,WCM6602,5.746510044750968,115.49932775356717,9144.0
2440.0,XAX674,3.782024774853077,107.76517421510394,9144.0
2450.0,VJC813,4.077845377863716,104.62341424970826,9144.0
2450.0,VJC915,14.438678803140208,105.58303474272617,9144.0
2450.0,VJC970,7.57214188739541,104.57209646186251,9144.0
2450.0,VTI105,18.760576487832516,79.80570213050575,9144.0
2450.0,WCM3806,2.1281446046801955,108.03772856271544,9144.0
2450.0,WCM6602,5.762201353213013,115.5186842944887,9144.0
2450.0,XAX674,3.7898026937630926,107.7950566182643,9144.0
2450.0,VJC813,4.077845377863716,104.62341424970826,9144.0
2450.0,VJC915,14.438678803140208,105.58303474272617,9144.0
2450.0,VJC970,7.57214188739541,104.57209646186251,9144.0
2450.0,VTI105,18.760576487832516,79.80570213050575,9144.0
2450.0,WCM3806,2.1281446046801955,108.03772856271544,9144.0
2450.0,WCM6602,5.762201353213013,115.5186842944887,9144.0
2450.0,XAX674,3.7898026937630926,107.7950566182643,9144.0
2460.0,VJC813,4.049747206792713,104.60897096163542,9144.0
2460.0,VJC915,14.407741960376814,105.57681369483107,9144.0
2460.0,VJC970,7.597235829466283,104.58799059848857,9144.0
2460.0,VTI105,18.751597432448,79.83604835705344,9144.0
2460.0,WCM3806,2.12302129753518,108.06589444106365,9144.0
2460.0,WCM6602,5.77793485073586,115.53800674548536,9144.0
2460.0,XAX674,3.797634124726598,107.82492525125475,9144.0
2460.0,VJC813,4.049747206792713,104.60897096163542,9144.0
2460.0,VJC915,14.407741960376814,105.57681369483107,9144.0
2460.0,VJC970,7.597235829466283,104.58799059848857,9144.0
2460.0,VTI105,18.751597432448,79.83604835705344,9144.0
2460.0,WCM3806,2.12302129753518,108.06589444106365,9144.0
2460.0,WCM6602,5.77793485073586,115.53800674548536,9144.0
2460.0,XAX674,3.797634124726598,107.82492525125475,9144.0
2470.0,VJC813,4.021639982255086,104.59454588757103,9144.0
2470.0,VJC915,14.376747659299381,105.5705829585856,9144.0
2470.0,VJC970,7.622278594471341,104.6038546349356,9144.0
2470.0,VTI105,18.742631903048572,79.86639743149429,9144.0
2470.0,WCM3806,2.117897081931229,108.09406006065554,9144.0
2470.0,WCM6602,5.793466590759644,115.55708478748748,9144.0
2470.0,XAX674,3.8054495145313827,107.85473737489374,9144.0
2470.0,VJC813,4.021639982255086,104.59454588757103,9144.0
2470.0,VJC915,14.376747659299381,105.5705829585856,9144.0
2470.0,VJC970,7.622278594471341,104.6038546349356,9144.0
2470.0,VTI105,18.742631903048572,79.86639743149429,9144.0
2470.0,WCM3806,2.117897081931229,108.09406006065554,9144.0
2470.0,WCM6602,5.793466590759644,115.55708478748748,9144.0
2470.0,XAX674,3.8054495145313827,107.85473737489374,9144.0
2480.0,VJC813,3.9934286973759097,104.58006860524755,9144.0
2480.0,VJC915,14.345765026078023,105.56429155477896,9144.0
2480.0,VJC970,7.647320687057776,104.61972068133568,9144.0
2480.0,VTI105,18.733642111203498,79.89680251407447,9144.0
2480.0,WCM3806,2.1126988172404157,108.12221199486517,9144.0
2480.0,WCM6602,5.809041977087712,115.57612737209159,9144.0
2480.0,XAX674,3.8132638183429384,107.88455005519931,9144.0
2480.0,VJC813,3.9934286973759097,104.58006860524755,9144.0
2480.0,VJC915,14.345765026078023,105.56429155477896,9144.0
2480.0,VJC970,7.647320687057776,104.61972068133568,9144.0
2480.0,VTI105,18.733642111203498,79.89680251407447,9144.0
2480.0,WCM3806,2.1126988172404157,108.12221199486517,9144.0
2480.0,WCM6602,5.809041977087712,115.57612737209159,9144.0
2480.0,XAX674,3.8132638183429384,107.88455005519931,9144.0
2490.0,VJC813,3.965214862126819,104.56559681377452,9144.0
2490.0,VJC915,14.314782219216278,105.55800193099032,9144.0
2490.0,VJC970,7.672350057537842,104.63560808466194,9144.0
2490.0,VTI105,18.724640327165385,79.92720202088917,9144.0
2490.0,WCM3806,2.1074779088869375,108.15048248415223,9144.0
2490.0,WCM6602,5.824414014191428,115.59492530747063,9144.0
2490.0,XAX674,3.8210770253641613,107.91436329549776,9144.0
2490.0,VJC813,3.965214862126819,104.56559681377452,9144.0
2490.0,VJC915,14.314782219216278,105.55800193099032,9144.0
2490.0,VJC970,7.672350057537842,104.63560808466194,9144.0
2490.0,VTI105,18.724640327165385,79.92720202088917,9144.0
2490.0,WCM3806,2.1074779088869375,108.15048248415223,9144.0
2490.0,WCM6602,5.824414014191428,115.59492530747063,9144.0
2490.0,XAX674,3.8210770253641613,107.91436329549776,9144.0
2500.0,VJC813,3.9370361559603726,104.55105690587179,9144.0
2500.0,VJC915,14.283826716286093,105.55157159253282,9144.0
2500.0,VJC970,7.697429321136517,104.65152952171157,9144.0
2500.0,VTI105,18.715586407900243,79.95758263423622,9144.0
2500.0,WCM3806,2.1022554727131872,108.17875259615555,9144.0
2500.0,WCM6602,5.839753022307299,115.61375099911908,9144.0
2500.0,XAX674,3.82888912192109,107.94417709987076,9144.0
2500.0,VJC813,3.9370361559603726,104.55105690587179,9144.0
2500.0,VJC915,14.283826716286093,105.55157159253282,9144.0
2500.0,VJC970,7.697429321136517,104.65152952171157,9144.0
2500.0,VTI105,18.715586407900243,79.95758263423622,9144.0
2500.0,WCM3806,2.1022554727131872,108.17875259615555,9144.0
2500.0,WCM6602,5.839753022307299,115.61375099911908,9144.0
2500.0,XAX674,3.82888912192109,107.94417709987076,9144.0
2510.0,VJC813,3.9088051074135053,104.53649187395423,9144.0
2510.0,VJC915,14.252871032968997,105.54514306213521,9144.0
2510.0,VJC970,7.722507849669991,104.66745308127773,9144.0
2510.0,VTI105,18.706539786454723,79.9878983885361,9144.0
2510.0,WCM3806,2.097062483714288,108.2070280455327,9144.0
2510.0,WCM6602,5.854395559155728,115.63173615798353,9144.0
2510.0,XAX674,3.8367000897441734,107.97399147360694,9144.0
2510.0,VJC813,3.9088051074135053,104.53649187395423,9144.0
2510.0,VJC915,14.252871032968997,105.54514306213521,9144.0
2510.0,VJC970,7.722507849669991,104.66745308127773,9144.0
2510.0,VTI105,18.706539786454723,79.9878983885361,9144.0
2510.0,WCM3806,2.097062483714288,108.2070280455327,9144.0
2510.0,WCM6602,5.854395559155728,115.63173615798353,9144.0
2510.0,XAX674,3.8367000897441734,107.97399147360694,9144.0
2520.0,VJC813,3.880465968543513,104.52213976452487,9144.0
2520.0,VJC915,14.221884972758533,105.538873117821,9144.0
2520.0,VJC970,7.747577983747258,104.68339104392295,9144.0
2520.0,VTI105,18.69750448347204,80.0182162865729,9144.0
2520.0,WCM3806,2.0918570657722806,108.23536245617734,9144.0
2520.0,WCM6602,5.8688937506520045,115.64983956978396,9144.0
2520.0,XAX674,3.8445099025400693,108.00380642410303,9144.0
2520.0,VJC813,3.880465968543513,104.52213976452487,9144.0
2520.0,VJC915,14.221884972758533,105.538873117821,9144.0
2520.0,VJC970,7.747577983747258,104.68339104392295,9144.0
2520.0,VTI105,18.69750448347204,80.0182162865729,9144.0
2520.0,WCM3806,2.0918570657722806,108.23536245617734,9144.0
2520.0,WCM6602,5.8688937506520045,115.64983956978396,9144.0
2520.0,XAX674,3.8445099025400693,108.00380642410303,9144.0
2530.0,VJC813,3.8520739770566736,104.50776363824868,9144.0
2530.0,VJC915,14.190898742887592,105.53260492413386,9144.0
2530.0,VJC970,7.772596941401384,104.69929891115666,9144.0
2530.0,VTI105,18.688459171915774,80.04852923901032,9144.0
2530.0,WCM3806,2.086770674637385,108.26371841241183,9144.0
2530.0,WCM6602,5.882686221015071,115.66683823285908,9144.0
2530.0,XAX674,3.8523185180252364,108.03362196295775,9144.0
2530.0,VJC813,3.8520739770566736,104.50776363824868,9144.0
2530.0,VJC915,14.190898742887592,105.53260492413386,9144.0
2530.0,VJC970,7.772596941401384,104.69929891115666,9144.0
2530.0,VTI105,18.688459171915774,80.04852923901032,9144.0
2530.0,WCM3806,2.086770674637385,108.26371841241183,9144.0
2530.0,WCM6602,5.882686221015071,115.66683823285908,9144.0
2530.0,XAX674,3.8523185180252364,108.03362196295775,9144.0
2540.0,VJC813,3.823771898610111,104.49321098840349,9144.0
2540.0,VJC915,14.159921646815494,105.5262897433676,9144.0
2540.0,VJC970,7.797614357862009,104.71521019699445,9144.0
2540.0,VTI105,18.67940005600214,80.07883597660805,9144.0
2540.0,WCM3806,2.0816721329435866,108.29213334505604,9144.0
2540.0,WCM6602,5.897298680929938,115.68484948172237,9144.0
2540.0,XAX674,3.8601258541972543,108.0634381122093,9144.0
2540.0,VJC813,3.823771898610111,104.49321098840349,9144.0
2540.0,VJC915,14.159921646815494,105.5262897433676,9144.0
2540.0,VJC970,7.797614357862009,104.71521019699445,9144.0
2540.0,VTI105,18.67940005600214,80.07883597660805,9144.0
2540.0,WCM3806,2.0816721329435866,108.29213334505604,9144.0
2540.0,WCM6602,5.897298680929938,115.68484948172237,9144.0
2540.0,XAX674,3.8601258541972543,108.0634381122093,9144.0
2550.0,VJC813,3.795469158201643,104.47866011040146,9144.0
2550.0,VJC915,14.128944379747683,105.5199763150783,9144.0
2550.0,VJC970,7.8226619658362795,104.7310739705441,9144.0
2550.0,VTI105,18.67034894135438,80.10907805421199,9144.0
2550.0,WCM3806,2.076475759740997,108.32053043274945,9144.0
2550.0,WCM6602,5.912179578273725,115.7026376939126,9144.0
2550.0,XAX674,3.867931672701,108.09325493499601,9144.0
2550.0,VJC813,3.795469158201643,104.47866011040146,9144.0
2550.0,VJC915,14.128944379747683,105.5199763150783,9144.0
2550.0,VJC970,7.8226619658362795,104.7310739705441,9144.0
2550.0,VTI105,18.67034894135438,80.10907805421199,9144.0
2550.0,WCM3806,2.076475759740997,108.32053043274945,9144.0
2550.0,WCM6602,5.912179578273725,115.7026376939126,9144.0
2550.0,XAX674,3.867931672701,108.09325493499601,9144.0
2560.0,VJC813,3.767195119732239,104.46405377124286,9144.0
2560.0,VJC915,14.098367864888097,105.5118478170854,9144.0
2560.0,VJC970,7.84770886687122,104.74693983569894,9144.0
2560.0,VTI105,18.66127443254105,80.13931070208108,9144.0
2560.0,WCM3806,2.0712778700614733,108.3489271492491,9144.0
2560.0,WCM6602,5.926685119895125,115.71997931534109,9144.0
2560.0,XAX674,3.875713890860877,108.12307822854086,9144.0
2560.0,VJC813,3.767195119732239,104.46405377124286,9144.0
2560.0,VJC915,14.098367864888097,105.5118478170854,9144.0
2560.0,VJC970,7.84770886687122,104.74693983569894,9144.0
2560.0,VTI105,18.66127443254105,80.13931070208108,9144.0
2560.0,WCM3806,2.0712778700614733,108.3489271492491,9144.0
2560.0,WCM6602,5.926685119895125,115.71997931534109,9144.0
2560.0,XAX674,3.875713890860877,108.12307822854086,9144.0
2570.0,VJC813,3.7389206197678586,104.44944880211109,9144.0
2570.0,VJC915,14.067734605885537,105.50370650994941,9144.0
2570.0,VJC970,7.872760193043388,104.76279953738164,9144.0
2570.0,VTI105,18.652172355646623,80.16959823033804,9144.0
2570.0,WCM3806,2.0660147264308355,108.37731173388241,9144.0
2570.0,WCM6602,5.940954581429494,115.73751824837687,9144.0
2570.0,XAX674,3.883514920832358,108.15289685967664,9144.0
2570.0,VJC813,3.7389206197678586,104.44944880211109,9144.0
2570.0,VJC915,14.067734605885537,105.50370650994941,9144.0
2570.0,VJC970,7.872760193043388,104.76279953738164,9144.0
2570.0,VTI105,18.652172355646623,80.16959823033804,9144.0
2570.0,WCM3806,2.0660147264308355,108.37731173388241,9144.0
2570.0,WCM6602,5.940954581429494,115.73751824837687,9144.0
2570.0,XAX674,3.883514920832358,108.15289685967664,9144.0
2580.0,VJC813,3.710629062428438,104.43487751241508,9144.0
2580.0,VJC915,14.037101065114046,105.4955674189624,9144.0
2580.0,VJC970,7.898113779574912,104.77885303462776,9144.0
2580.0,VTI105,18.643162055146245,80.19991470280976,9144.0
2580.0,WCM3806,2.0607500932721514,108.40569594795824,9144.0
2580.0,WCM6602,5.954769560587329,115.75450064396074,9144.0
2580.0,XAX674,3.8913742955051696,108.18294419315268,9144.0
2580.0,VJC813,3.710629062428438,104.43487751241508,9144.0
2580.0,VJC915,14.037101065114046,105.4955674189624,9144.0
2580.0,VJC970,7.898113779574912,104.77885303462776,9144.0
2580.0,VTI105,18.643162055146245,80.19991470280976,9144.0
2580.0,WCM3806,2.0607500932721514,108.40569594795824,9144.0
2580.0,WCM6602,5.954769560587329,115.75450064396074,9144.0
2580.0,XAX674,3.8913742955051696,108.18294419315268,9144.0
2590.0,VJC813,3.6823371695265035,104.42030734181981,9144.0
2590.0,VJC915,14.006465020065054,105.48743943462286,9144.0
2590.0,VJC970,7.923466647366782,104.79490867594161,9144.0
2590.0,VTI105,18.634142099700824,80.23022636770581,9144.0
2590.0,WCM3806,2.055604343186784,108.43410189136483,9144.0
2590.0,WCM6602,5.968508606195778,115.77154562410328,9144.0
2590.0,XAX674,3.899232004147513,108.21299224496565,9144.0
2590.0,VJC813,3.6823371695265035,104.42030734181981,9144.0
2590.0,VJC915,14.006465020065054,105.48743943462286,9144.0
2590.0,VJC970,7.923466647366782,104.79490867594161,9144.0
2590.0,VTI105,18.634142099700824,80.23022636770581,9144.0
2590.0,WCM3806,2.055604343186784,108.43410189136483,9144.0
2590.0,WCM6602,5.968508606195778,115.77154562410328,9144.0
2590.0,XAX674,3.899232004147513,108.21299224496565,9144.0
2600.0,VJC813,3.654135508159294,104.40556302888335,9144.0
2600.0,VJC915,13.975828695572531,105.47931365184809,9144.0
2600.0,VJC970,7.948795589525763,104.81100375681808,9144.0
2600.0,VTI105,18.625091641701673,80.26052629146521,9144.0
2600.0,WCM3806,2.050446380440887,108.46256675270897,9144.0
2600.0,WCM6602,5.982205598561935,115.78854061568248,9144.0
2600.0,XAX674,3.907094667413432,108.24303927599124,9144.0
2600.0,VJC813,3.654135508159294,104.40556302888335,9144.0
2600.0,VJC915,13.975828695572531,105.47931365184809,9144.0
2600.0,VJC970,7.948795589525763,104.81100375681808,9144.0
2600.0,VTI105,18.625091641701673,80.26052629146521,9144.0
2600.0,WCM3806,2.050446380440887,108.46256675270897,9144.0
2600.0,WCM6602,5.982205598561935,115.78854061568248,9144.0
2600.0,XAX674,3.907094667413432,108.24303927599124,9144.0
2610.0,VJC813,3.625933576270682,104.3908196971635,9144.0
2610.0,VJC915,13.945191493975052,105.47119246124797,9144.0
2610.0,VJC970,7.974073537423956,104.82706887663831,9144.0
2610.0,VTI105,18.616017522322498,80.290882359648,9144.0
2610.0,WCM3806,2.0452302299314646,108.49102090249332,9144.0
2610.0,WCM6602,5.995994184149059,115.80546098973295,9144.0
2610.0,XAX674,3.9149858222251535,108.27320073442839,9144.0
2610.0,VJC813,3.625933576270682,104.3908196971635,9144.0
2610.0,VJC915,13.945191493975052,105.47119246124797,9144.0
2610.0,VJC970,7.974073537423956,104.82706887663831,9144.0
2610.0,VTI105,18.616017522322498,80.290882359648,9144.0
2610.0,WCM3806,2.0452302299314646,108.49102090249332,9144.0
2610.0,WCM6602,5.995994184149059,115.80546098973295,9144.0
2610.0,XAX674,3.9149858222251535,108.27320073442839,9144.0
2620.0,VJC813,3.5978141530634455,104.37591943758962,9144.0
2620.0,VJC915,13.914548013330167,105.46309753445153,9144.0
2620.0,VJC970,7.999350819235515,104.84313605954101,9144.0
2620.0,VTI105,18.606936805972524,80.32123461119222,9144.0
2620.0,WCM3806,2.0400025141909985,108.51953404113927,9144.0
2620.0,WCM6602,6.009532456282184,115.82207633637273,9144.0
2620.0,XAX674,3.9228755174795453,108.30336286100567,9144.0
2620.0,VJC813,3.5978141530634455,104.37591943758962,9144.0
2620.0,VJC915,13.914548013330167,105.46309753445153,9144.0
2620.0,VJC970,7.999350819235515,104.84313605954101,9144.0
2620.0,VTI105,18.606936805972524,80.32123461119222,9144.0
2620.0,WCM3806,2.0400025141909985,108.51953404113927,9144.0
2620.0,WCM6602,6.009532456282184,115.82207633637273,9144.0
2620.0,XAX674,3.9228755174795453,108.30336286100567,9144.0
2630.0,VJC813,3.5695916714975224,104.36096569002548,9144.0
2630.0,VJC915,13.883960411102453,105.45502103767163,9144.0
2630.0,VJC970,8.024627373226922,104.85920540781659,9144.0
2630.0,VTI105,18.597843299188856,80.35158097794711,9144.0
2630.0,WCM3806,2.034773017093469,108.54804676013329,9144.0
2630.0,WCM6602,6.023073018611171,115.83869020979841,9144.0
2630.0,XAX674,3.930762608509521,108.33352595688332,9144.0
2630.0,VJC813,3.5695916714975224,104.36096569002548,9144.0
2630.0,VJC915,13.883960411102453,105.45502103767163,9144.0
2630.0,VJC970,8.024627373226922,104.85920540781659,9144.0
2630.0,VTI105,18.597843299188856,80.35158097794711,9144.0
2630.0,WCM3806,2.034773017093469,108.54804676013329,9144.0
2630.0,WCM6602,6.023073018611171,115.83869020979841,9144.0
2630.0,XAX674,3.930762608509521,108.33352595688332,9144.0
2640.0,VJC813,3.541171822306726,104.34639247458016,9144.0
2640.0,VJC915,13.853387177630815,105.44688808820777,9144.0
2640.0,VJC970,8.049911851306899,104.87526303757501,9144.0
2640.0,VTI105,18.58874552666575,80.38192430045477,9144.0
2640.0,WCM3806,2.0295067337336334,108.57655260613573,9144.0
2640.0,WCM6602,6.036194337279241,115.85479200446515,9144.0
2640.0,XAX674,3.9386337444627117,108.36369352493811,9144.0
2640.0,VJC813,3.541171822306726,104.34639247458016,9144.0
2640.0,VJC915,13.853387177630815,105.44688808820777,9144.0
2640.0,VJC970,8.049911851306899,104.87526303757501,9144.0
2640.0,VTI105,18.58874552666575,80.38192430045477,9144.0
2640.0,WCM3806,2.0295067337336334,108.57655260613573,9144.0
2640.0,WCM6602,6.036194337279241,115.85479200446515,9144.0
2640.0,XAX674,3.9386337444627117,108.36369352493811,9144.0
2650.0,VJC813,3.512700025090521,104.33179367860481,9144.0
2650.0,VJC915,13.822813575146983,105.43875767919434,9144.0
2650.0,VJC970,8.075145221932713,104.89129081090978,9144.0
2650.0,VTI105,18.57961860428419,80.4123218606785,9144.0
2650.0,WCM3806,2.0242386756726445,108.60505803104809,9144.0
2650.0,WCM6602,6.049400954684567,115.87082351976777,9144.0
2650.0,XAX674,3.946458362561971,108.39369108376906,9144.0
2650.0,VJC813,3.512700025090521,104.33179367860481,9144.0
2650.0,VJC915,13.822813575146983,105.43875767919434,9144.0
2650.0,VJC970,8.075145221932713,104.89129081090978,9144.0
2650.0,VTI105,18.57961860428419,80.4123218606785,9144.0
2650.0,WCM3806,2.0242386756726445,108.60505803104809,9144.0
2650.0,WCM6602,6.049400954684567,115.87082351976777,9144.0
2650.0,XAX674,3.946458362561971,108.39369108376906,9144.0
2660.0,VJC813,3.4842279390644197,104.31719589151848,9144.0
2660.0,VJC915,13.792225059680641,105.43068803650429,9144.0
2660.0,VJC970,8.100358462760097,104.90735187248835,9144.0
2660.0,VTI105,18.570438285659417,80.44269988387465,9144.0
2660.0,WCM3806,2.0190135205806357,108.63357126950865,9144.0
2660.0,WCM6602,6.062479758782426,115.88670212758466,9144.0
2660.0,XAX674,3.9543086231089237,108.42368219414047,9144.0
2660.0,VJC813,3.4842279390644197,104.31719589151848,9144.0
2660.0,VJC915,13.792225059680641,105.43068803650429,9144.0
2660.0,VJC970,8.100358462760097,104.90735187248835,9144.0
2660.0,VTI105,18.570438285659417,80.44269988387465,9144.0
2660.0,WCM3806,2.0190135205806357,108.63357126950865,9144.0
2660.0,WCM6602,6.062479758782426,115.88670212758466,9144.0
2660.0,XAX674,3.9543086231089237,108.42368219414047,9144.0
2670.0,VJC813,3.455570476571647,104.30296728043868,9144.0
2670.0,VJC915,13.761636219966807,105.42262075318652,9144.0
2670.0,VJC970,8.125571044178765,104.92341499774263,9144.0
2670.0,VTI105,18.561246837795817,80.47307252511,9144.0
2670.0,WCM3806,2.0137757699780687,108.6621432641685,9144.0
2670.0,WCM6602,6.075365148082746,115.90274023819252,9144.0
2670.0,XAX674,3.96212701676385,108.4535600743785,9144.0
2670.0,VJC813,3.455570476571647,104.30296728043868,9144.0
2670.0,VJC915,13.761636219966807,105.42262075318652,9144.0
2670.0,VJC970,8.125571044178765,104.92341499774263,9144.0
2670.0,VTI105,18.561246837795817,80.47307252511,9144.0
2670.0,WCM3806,2.0137757699780687,108.6621432641685,9144.0
2670.0,WCM6602,6.075365148082746,115.90274023819252,9144.0
2670.0,XAX674,3.96212701676385,108.4535600743785,9144.0
2680.0,VJC813,3.426964807902357,104.28876542788744,9144.0
2680.0,VJC915,13.731049904307534,105.41454438687254,9144.0
2680.0,VJC970,8.150782945541671,104.9394802229853,9144.0
2680.0,VTI105,18.552158893929192,80.50347818563068,9144.0
2680.0,WCM3806,2.008548507843249,108.69071709039174,9144.0
2680.0,WCM6602,6.088040052199899,115.91851983468008,9144.0
2680.0,XAX674,3.9698843303030324,108.48345422822894,9144.0
2680.0,VJC813,3.426964807902357,104.28876542788744,9144.0
2680.0,VJC915,13.731049904307534,105.41454438687254,9144.0
2680.0,VJC970,8.150782945541671,104.9394802229853,9144.0
2680.0,VTI105,18.552158893929192,80.50347818563068,9144.0
2680.0,WCM3806,2.008548507843249,108.69071709039174,9144.0
2680.0,WCM6602,6.088040052199899,115.91851983468008,9144.0
2680.0,XAX674,3.9698843303030324,108.48345422822894,9144.0
2690.0,VJC813,3.3981578872583507,104.2749782821868,9144.0
2690.0,VJC915,13.700406797728073,105.40645539067135,9144.0
2690.0,VJC970,8.1759940969259,104.9555476634387,9144.0
2690.0,VTI105,18.543060083911527,80.53387861035135,9144.0
2690.0,WCM3806,2.003308591235371,108.71934961901792,9144.0
2690.0,WCM6602,6.100912998281317,115.93413682103608,9144.0
2690.0,XAX674,3.97762513195024,108.51329199060963,9144.0
2690.0,VJC813,3.3981578872583507,104.2749782821868,9144.0
2690.0,VJC915,13.700406797728073,105.40645539067135,9144.0
2690.0,VJC970,8.1759940969259,104.9555476634387,9144.0
2690.0,VTI105,18.543060083911527,80.53387861035135,9144.0
2690.0,WCM3806,2.003308591235371,108.71934961901792,9144.0
2690.0,WCM6602,6.100912998281317,115.93413682103608,9144.0
2690.0,XAX674,3.97762513195024,108.51329199060963,9144.0
2700.0,VJC813,3.3679274886307224,104.26506325792603,9144.0
2700.0,VJC915,13.669739711202068,105.39846429417433,9144.0
2700.0,VJC970,8.201211790845983,104.97160563841285,9144.0
2700.0,VTI105,18.533923061212114,80.56426465683313,9144.0
2700.0,WCM3806,1.998015148583857,108.74797219592239,9144.0
2700.0,WCM6602,6.113564985812332,115.94976318381687,9144.0
2700.0,XAX674,3.9854677896339523,108.54310329809365,9144.0
2700.0,VJC813,3.3679274886307224,104.26506325792603,9144.0
2700.0,VJC915,13.669739711202068,105.39846429417433,9144.0
2700.0,VJC970,8.201211790845983,104.97160563841285,9144.0
2700.0,VTI105,18.533923061212114,80.56426465683313,9144.0
2700.0,WCM3806,1.998015148583857,108.74797219592239,9144.0
2700.0,WCM6602,6.113564985812332,115.94976318381687,9144.0
2700.0,XAX674,3.9854677896339523,108.54310329809365,9144.0
2710.0,VJC813,3.3367848905902155,104.25917191289851,9144.0
2710.0,VJC915,13.63901584479769,105.39046069273887,9144.0
2710.0,VJC970,8.226629967747273,104.9877939863923,9144.0
2710.0,VTI105,18.524775104840046,80.59464541783571,9144.0
2710.0,WCM3806,1.992720061316022,108.77659437609607,9144.0
2710.0,WCM6602,6.125367588850806,115.9643420323389,9144.0
2710.0,XAX674,3.9932786927903754,108.57280109288942,9144.0
2710.0,VJC813,3.3367848905902155,104.25917191289851,9144.0
2710.0,VJC915,13.63901584479769,105.39046069273887,9144.0
2710.0,VJC970,8.226629967747273,104.9877939863923,9144.0
2710.0,VTI105,18.524775104840046,80.59464541783571,9144.0
2710.0,WCM3806,1.992720061316022,108.77659437609607,9144.0
2710.0,WCM6602,6.125367588850806,115.9643420323389,9144.0
2710.0,XAX674,3.9932786927903754,108.57280109288942,9144.0
2720.0,VJC813,3.3056053715965406,104.25597096678948,9144.0
2720.0,VJC915,13.608317679382775,105.3823543915596,9144.0
2720.0,VJC970,8.25206006225955,105.00396425421745,9144.0
2720.0,VTI105,18.515218634750532,80.6248842924353,9144.0
2720.0,WCM3806,1.9875565451273078,108.80524052372463,9144.0
2720.0,WCM6602,6.137267833979047,115.97884069275455,9144.0
2720.0,XAX674,4.001015740636499,108.60251858902618,9144.0
2720.0,VJC813,3.3056053715965406,104.25597096678948,9144.0
2720.0,VJC915,13.608317679382775,105.3823543915596,9144.0
2720.0,VJC970,8.25206006225955,105.00396425421745,9144.0
2720.0,VTI105,18.515218634750532,80.6248842924353,9144.0
2720.0,WCM3806,1.9875565451273078,108.80524052372463,9144.0
2720.0,WCM6602,6.137267833979047,115.97884069275455,9144.0
2720.0,XAX674,4.001015740636499,108.60251858902618,9144.0
2730.0,VJC813,3.2744258422078607,104.2527702224032,9144.0
2730.0,VJC915,13.577562815930946,105.37423541714952,9144.0
2730.0,VJC970,8.277589947802017,105.02020050182207,9144.0
2730.0,VTI105,18.505652333208094,80.65511801945527,9144.0
2730.0,WCM3806,1.9823700436986005,108.83400446769197,9144.0
2730.0,WCM6602,6.148517581392896,115.99254827215462,9144.0
2730.0,XAX674,4.008766020386307,108.63229398128675,9144.0
2730.0,VJC813,3.2744258422078607,104.2527702224032,9144.0
2730.0,VJC915,13.577562815930946,105.37423541714952,9144.0
2730.0,VJC970,8.277589947802017,105.02020050182207,9144.0
2730.0,VTI105,18.505652333208094,80.65511801945527,9144.0
2730.0,WCM3806,1.9823700436986005,108.83400446769197,9144.0
2730.0,WCM6602,6.148517581392896,115.99254827215462,9144.0
2730.0,XAX674,4.008766020386307,108.63229398128675,9144.0
2740.0,VJC813,3.243246302367157,104.24956967933983,9144.0
2740.0,VJC915,13.546789996887647,105.36618981177715,9144.0
2740.0,VJC970,8.303119169868243,105.03643886894945,9144.0
2740.0,VTI105,18.495910050997058,80.68528747539713,9144.0
2740.0,WCM3806,1.9772672034987198,108.86278330059285,9144.0
2740.0,WCM6602,6.15943591610349,116.00652460222095,9144.0
2740.0,XAX674,4.016509496654575,108.66207143460244,9144.0
2740.0,VJC813,3.243246302367157,104.24956967933983,9144.0
2740.0,VJC915,13.546789996887647,105.36618981177715,9144.0
2740.0,VJC970,8.303119169868243,105.03643886894945,9144.0
2740.0,VTI105,18.495910050997058,80.68528747539713,9144.0
2740.0,WCM3806,1.9772672034987198,108.86278330059285,9144.0
2740.0,WCM6602,6.15943591610349,116.00652460222095,9144.0
2740.0,XAX674,4.016509496654575,108.66207143460244,9144.0
2750.0,VJC813,3.212237688425533,104.24499738258895,9144.0
2750.0,VJC915,13.515960493858088,105.358131643584,9144.0
2750.0,VJC970,8.328647725326958,105.0526793640016,9144.0
2750.0,VTI105,18.486160131054827,80.71545247110939,9144.0
2750.0,WCM3806,1.9721836804190456,108.89144350324796,9144.0
2750.0,WCM6602,6.166768902050631,116.02254543112699,9144.0
2750.0,XAX674,4.024251363041897,108.69184959137525,9144.0
2750.0,VJC813,3.212237688425533,104.24499738258895,9144.0
2750.0,VJC915,13.515960493858088,105.358131643584,9144.0
2750.0,VJC970,8.328647725326958,105.0526793640016,9144.0
2750.0,VTI105,18.486160131054827,80.71545247110939,9144.0
2750.0,WCM3806,1.9721836804190456,108.89144350324796,9144.0
2750.0,WCM6602,6.166768902050631,116.02254543112699,9144.0
2750.0,XAX674,4.024251363041897,108.69184959137525,9144.0
2760.0,VJC813,3.18251177055444,104.24061448929686,9144.0
2760.0,VJC915,13.48515920323304,105.34996120557953,9144.0
2760.0,VJC970,8.354175610806772,105.068921995767,9144.0
2760.0,VTI105,18.476437229439398,80.74562544937245,9144.0
2760.0,WCM3806,1.9668724096246601,108.92006223481962,9144.0
2760.0,WCM6602,6.1702579219127145,116.03997051527143,9144.0
2760.0,XAX674,4.032039882325922,108.72161580477771,9144.0
2760.0,VJC813,3.18251177055444,104.24061448929686,9144.0
2760.0,VJC915,13.48515920323304,105.34996120557953,9144.0
2760.0,VJC970,8.354175610806772,105.068921995767,9144.0
2760.0,VTI105,18.476437229439398,80.74562544937245,9144.0
2760.0,WCM3806,1.9668724096246601,108.92006223481962,9144.0
2760.0,WCM6602,6.1702579219127145,116.03997051527143,9144.0
2760.0,XAX674,4.032039882325922,108.72161580477771,9144.0
2770.0,VJC813,3.152731974389306,104.23661538249866,9144.0
2770.0,VJC915,13.454357630468142,105.34179294428897,9144.0
2770.0,VJC970,8.379702822598308,105.08516677357764,9144.0
2770.0,VTI105,18.466745318684342,80.77567576386122,9144.0
2770.0,WCM3806,1.9616032859610546,108.94844388986321,9144.0
2770.0,WCM6602,6.169521268730799,116.05703876105952,9144.0
2770.0,XAX674,4.039841747083579,108.75143985140033,9144.0
2770.0,VJC813,3.152731974389306,104.23661538249866,9144.0
2770.0,VJC915,13.454357630468142,105.34179294428897,9144.0
2770.0,VJC970,8.379702822598308,105.08516677357764,9144.0
2770.0,VTI105,18.466745318684342,80.77567576386122,9144.0
2770.0,WCM3806,1.9616032859610546,108.94844388986321,9144.0
2770.0,WCM6602,6.169521268730799,116.05703876105952,9144.0
2770.0,XAX674,4.039841747083579,108.75143985140033,9144.0
2780.0,VJC813,3.1232469577268622,104.23265609097714,9144.0
2780.0,VJC915,13.423537266773556,105.33370100690237,9144.0
2780.0,VJC970,8.405229356494445,105.10141370756546,9144.0
2780.0,VTI105,18.457080241128196,80.80573399012118,9144.0
2780.0,WCM3806,1.956405741466823,108.97683866779616,9144.0
2780.0,WCM6602,6.164737475902217,116.07343135347891,9144.0
2780.0,XAX674,4.047634995800472,108.78126644865495,9144.0
2780.0,VJC813,3.1232469577268622,104.23265609097714,9144.0
2780.0,VJC915,13.423537266773556,105.33370100690237,9144.0
2780.0,VJC970,8.405229356494445,105.10141370756546,9144.0
2780.0,VTI105,18.457080241128196,80.80573399012118,9144.0
2780.0,WCM3806,1.956405741466823,108.97683866779616,9144.0
2780.0,WCM6602,6.164737475902217,116.07343135347891,9144.0
2780.0,XAX674,4.047634995800472,108.78126644865495,9144.0
2790.0,VJC813,3.0937522001224975,104.22877035861084,9144.0
2790.0,VJC915,13.392660277490206,105.32559643294378,9144.0
2790.0,VJC970,8.43075520751065,105.11766280911115,9144.0
2790.0,VTI105,18.44742713088654,80.83572872671756,9144.0
2790.0,WCM3806,1.9512053235510145,109.0052328310803,9144.0
2790.0,WCM6602,6.156185615271739,116.08819191500093,9144.0
2790.0,XAX674,4.0554417736953425,108.81115079136437,9144.0
2790.0,VJC813,3.0937522001224975,104.22877035861084,9144.0
2790.0,VJC915,13.392660277490206,105.32559643294378,9144.0
2790.0,VJC970,8.43075520751065,105.11766280911115,9144.0
2790.0,VTI105,18.44742713088654,80.83572872671756,9144.0
2790.0,WCM3806,1.9512053235510145,109.0052328310803,9144.0
2790.0,WCM6602,6.156185615271739,116.08819191500093,9144.0
2790.0,XAX674,4.0554417736953425,108.81115079136437,9144.0
2800.0,VJC813,3.0644940873451643,104.22491601981568,9144.0
2800.0,VJC915,13.361775992015975,105.31752232400687,9144.0
2800.0,VJC970,8.456280369346779,105.13391409170804,9144.0
2800.0,VTI105,18.437814712959312,80.86573630331152,9144.0
2800.0,WCM3806,1.9459776141339182,109.03362188839787,9144.0
2800.0,WCM6602,6.146993952640529,116.10112641420747,9144.0
2800.0,XAX674,4.063246756620658,108.84103589418842,9144.0
2800.0,VJC813,3.0644940873451643,104.22491601981568,9144.0
2800.0,VJC915,13.361775992015975,105.31752232400687,9144.0
2800.0,VJC970,8.456280369346779,105.13391409170804,9144.0
2800.0,VTI105,18.437814712959312,80.86573630331152,9144.0
2800.0,WCM3806,1.9459776141339182,109.03362188839787,9144.0
2800.0,WCM6602,6.146993952640529,116.10112641420747,9144.0
2800.0,XAX674,4.063246756620658,108.84103589418842,9144.0
2810.0,VJC813,3.0351702912441945,104.22159993104212,9144.0
2810.0,VJC915,13.330891432395445,105.3094503552888,9144.0
2810.0,VJC970,8.481804833201894,105.15016757286425,9144.0
2810.0,VTI105,18.428233264248217,80.89562100743213,9144.0
2810.0,WCM3806,1.940857210262768,109.06141569868869,9144.0
2810.0,WCM6602,6.13796420724595,116.11383197351192,9144.0
2810.0,XAX674,4.070997233637687,108.87093553818208,9144.0
2810.0,VJC813,3.0351702912441945,104.22159993104212,9144.0
2810.0,VJC915,13.330891432395445,105.3094503552888,9144.0
2810.0,VJC970,8.481804833201894,105.15016757286425,9144.0
2810.0,VTI105,18.428233264248217,80.89562100743213,9144.0
2810.0,WCM3806,1.940857210262768,109.06141569868869,9144.0
2810.0,WCM6602,6.13796420724595,116.11383197351192,9144.0
2810.0,XAX674,4.070997233637687,108.87093553818208,9144.0
2820.0,VJC813,3.006442399226584,104.2183514070189,9144.0
2820.0,VJC915,13.300025888791547,105.30130296770066,9144.0
2820.0,VJC970,8.507328584552038,105.16642327927458,9144.0
2820.0,VTI105,18.418629391919666,80.925496045487,9144.0
2820.0,WCM3806,1.9356615138500177,109.08919543116677,9144.0
2820.0,WCM6602,6.127357548218122,116.12523824578315,9144.0
2820.0,XAX674,4.078775516900352,108.90095006409935,9144.0
2820.0,VJC813,3.006442399226584,104.2183514070189,9144.0
2820.0,VJC915,13.300025888791547,105.30130296770066,9144.0
2820.0,VJC970,8.507328584552038,105.16642327927458,9144.0
2820.0,VTI105,18.418629391919666,80.925496045487,9144.0
2820.0,WCM3806,1.9356615138500177,109.08919543116677,9144.0
2820.0,WCM6602,6.127357548218122,116.12523824578315,9144.0
2820.0,XAX674,4.078775516900352,108.90095006409935,9144.0
2830.0,VJC813,2.9777641495614633,104.21468946171605,9144.0
2830.0,VJC915,13.269216398155299,105.29317258069476,9144.0
2830.0,VJC970,8.532851590216389,105.18268126758002,9144.0
2830.0,VTI105,18.409037591309477,80.95530753237782,9144.0
2830.0,WCM3806,1.9304194518745577,109.11721302820902,9144.0
2830.0,WCM6602,6.114701875383053,116.1328705940298,9144.0
2830.0,XAX674,4.086606897517751,108.93095100210999,9144.0
2830.0,VJC813,2.9777641495614633,104.21468946171605,9144.0
2830.0,VJC915,13.269216398155299,105.29317258069476,9144.0
2830.0,VJC970,8.532851590216389,105.18268126758002,9144.0
2830.0,VTI105,18.409037591309477,80.95530753237782,9144.0
2830.0,WCM3806,1.9304194518745577,109.11721302820902,9144.0
2830.0,WCM6602,6.114701875383053,116.1328705940298,9144.0
2830.0,XAX674,4.086606897517751,108.93095100210999,9144.0
2840.0,VJC813,2.9493250268918434,104.21105824218462,9144.0
2840.0,VJC915,13.238381465613953,105.28514567065152,9144.0
2840.0,VJC970,8.558373627265668,105.19894189897846,9144.0
2840.0,VTI105,18.399437576630472,80.98511442043008,9144.0
2840.0,WCM3806,1.9251694633103467,109.1452290529422,9144.0
2840.0,WCM6602,6.1000079489508625,116.13696763651824,9144.0
2840.0,XAX674,4.094451362906065,108.96100968519885,9144.0
2840.0,VJC813,2.9493250268918434,104.21105824218462,9144.0
2840.0,VJC915,13.238381465613953,105.28514567065152,9144.0
2840.0,VJC970,8.558373627265668,105.19894189897846,9144.0
2840.0,VTI105,18.399437576630472,80.98511442043008,9144.0
2840.0,WCM3806,1.9251694633103467,109.1452290529422,9144.0
2840.0,WCM6602,6.1000079489508625,116.13696763651824,9144.0
2840.0,XAX674,4.094451362906065,108.96100968519885,9144.0
2850.0,VJC813,2.921487647182648,104.20419258238256,9144.0
2850.0,VJC915,13.207546268290022,105.27712084897372,9144.0
2850.0,VJC970,8.583871586524404,105.21524220710461,9144.0
2850.0,VTI105,18.38985068519393,81.01485809633152,9144.0
2850.0,WCM3806,1.9197950850695342,109.17389630636151,9144.0
2850.0,WCM6602,6.085322408787828,116.13682626320887,9144.0
2850.0,XAX674,4.102271193497435,108.99107511339177,9144.0
2850.0,VJC813,2.921487647182648,104.20419258238256,9144.0
2850.0,VJC915,13.207546268290022,105.27712084897372,9144.0
2850.0,VJC970,8.583871586524404,105.21524220710461,9144.0
2850.0,VTI105,18.38985068519393,81.01485809633152,9144.0
2850.0,WCM3806,1.9197950850695342,109.17389630636151,9144.0
2850.0,WCM6602,6.085322408787828,116.13682626320887,9144.0
2850.0,XAX674,4.102271193497435,108.99107511339177,9144.0
2860.0,VJC813,2.894120397651439,104.19744322140988,9144.0
2860.0,VJC915,13.176718418402425,105.26906731434799,9144.0
2860.0,VJC970,8.609268197766973,105.23148111387081,9144.0
2860.0,VTI105,18.38025515238698,81.04459702217527,9144.0
2860.0,WCM3806,1.9145705812769311,109.20259119577497,9144.0
2860.0,WCM6602,6.071247748943032,116.13260870698173,9144.0
2860.0,XAX674,4.110104070110254,109.02119825598521,9144.0
2860.0,VJC813,2.894120397651439,104.19744322140988,9144.0
2860.0,VJC915,13.176718418402425,105.26906731434799,9144.0
2860.0,VJC970,8.609268197766973,105.23148111387081,9144.0
2860.0,VTI105,18.38025515238698,81.04459702217527,9144.0
2860.0,WCM3806,1.9145705812769311,109.20259119577497,9144.0
2860.0,WCM6602,6.071247748943032,116.13260870698173,9144.0
2860.0,XAX674,4.110104070110254,109.02119825598521,9144.0
2870.0,VJC813,2.8667009926481835,104.19090968554077,9144.0
2870.0,VJC915,13.145946704702903,105.26103058741576,9144.0
2870.0,VJC970,8.63470989433813,105.24764875711656,9144.0
2870.0,VTI105,18.37065847690534,81.07433388404543,9144.0
2870.0,WCM3806,1.9092915446916934,109.23158068757189,9144.0
2870.0,WCM6602,6.05888043496348,116.1246437092918,9144.0
2870.0,XAX674,4.117994677137066,109.05130654833593,9144.0
2870.0,VJC813,2.8667009926481835,104.19090968554077,9144.0
2870.0,VJC915,13.145946704702903,105.26103058741576,9144.0
2870.0,VJC970,8.63470989433813,105.24764875711656,9144.0
2870.0,VTI105,18.37065847690534,81.07433388404543,9144.0
2870.0,WCM3806,1.9092915446916934,109.23158068757189,9144.0
2870.0,WCM6602,6.05888043496348,116.1246437092918,9144.0
2870.0,XAX674,4.117994677137066,109.05130654833593,9144.0
2880.0,VJC813,2.8395181022674727,104.18443282941811,9144.0
2880.0,VJC915,13.11517582144034,105.25299151532293,9144.0
2880.0,VJC970,8.660150790797497,105.26381878030182,9144.0
2880.0,VTI105,18.361072525556953,81.10400664017507,9144.0
2880.0,WCM3806,1.9040551539659196,109.26057783322467,9144.0
2880.0,WCM6602,6.0493681196206905,116.11367237079013,9144.0
2880.0,XAX674,4.125868612741346,109.0813586697198,9144.0
2880.0,VJC813,2.8395181022674727,104.18443282941811,9144.0
2880.0,VJC915,13.11517582144034,105.25299151532293,9144.0
2880.0,VJC970,8.660150790797497,105.26381878030182,9144.0
2880.0,VTI105,18.361072525556953,81.10400664017507,9144.0
2880.0,WCM3806,1.9040551539659196,109.26057783322467,9144.0
2880.0,WCM6602,6.0493681196206905,116.11367237079013,9144.0
2880.0,XAX674,4.125868612741346,109.0813586697198,9144.0
2890.0,VJC813,2.812331428351044,104.1779720636281,9144.0
2890.0,VJC915,13.084404676752621,105.24495450275988,9144.0
2890.0,VJC970,8.685573660768325,105.28001888334322,9144.0
2890.0,VTI105,18.35151048145749,81.13368631497855,9144.0
2890.0,WCM3806,1.8988178948794234,109.2895747338857,9144.0
2890.0,WCM6602,6.04421135407695,116.10153422062406,9144.0
2890.0,XAX674,4.133689386125131,109.1114250383954,9144.0
2890.0,VJC813,2.812331428351044,104.1779720636281,9144.0
2890.0,VJC915,13.084404676752621,105.24495450275988,9144.0
2890.0,VJC970,8.685573660768325,105.28001888334322,9144.0
2890.0,VTI105,18.35151048145749,81.13368631497855,9144.0
2890.0,WCM3806,1.8988178948794234,109.2895747338857,9144.0
2890.0,WCM6602,6.04421135407695,116.10153422062406,9144.0
2890.0,XAX674,4.133689386125131,109.1114250383954,9144.0
2900.0,VJC813,2.785619947884465,104.17162453151599,9144.0
2900.0,VJC915,13.053636595910552,105.23690613951456,9144.0
2900.0,VJC970,8.710945460276042,105.29618935030557,9144.0
2900.0,VTI105,18.341923634890335,81.1634217480127,9144.0
2900.0,WCM3806,1.8934867689732102,109.31855441578439,9144.0
2900.0,WCM6602,6.035585336856643,116.0915853762459,9144.0
2900.0,XAX674,4.141508817974023,109.14149205465753,9144.0
2900.0,VJC813,2.785619947884465,104.17162453151599,9144.0
2900.0,VJC915,13.053636595910552,105.23690613951456,9144.0
2900.0,VJC970,8.710945460276042,105.29618935030557,9144.0
2900.0,VTI105,18.341923634890335,81.1634217480127,9144.0
2900.0,WCM3806,1.8934867689732102,109.31855441578439,9144.0
2900.0,WCM6602,6.035585336856643,116.0915853762459,9144.0
2900.0,XAX674,4.141508817974023,109.14149205465753,9144.0
2910.0,VJC813,2.758911389021881,104.16526483186537,9144.0
2910.0,VJC915,13.022924686980959,105.2288745804692,9144.0
2910.0,VJC970,8.736317259783759,105.31236091605825,9144.0
2910.0,VTI105,18.33233002737115,81.19315311073467,9144.0
2910.0,WCM3806,1.8882524636865583,109.34700255062582,9144.0
2910.0,WCM6602,6.0251844857826695,116.08575808416737,9144.0
2910.0,XAX674,4.14932677080207,109.17155975489489,9144.0
2910.0,VJC813,2.758911389021881,104.16526483186537,9144.0
2910.0,VJC915,13.022924686980959,105.2288745804692,9144.0
2910.0,VJC970,8.736317259783759,105.31236091605825,9144.0
2910.0,VTI105,18.33233002737115,81.19315311073467,9144.0
2910.0,WCM3806,1.8882524636865583,109.34700255062582,9144.0
2910.0,WCM6602,6.0251844857826695,116.08575808416737,9144.0
2910.0,XAX674,4.14932677080207,109.17155975489489,9144.0
2920.0,VJC813,2.7327406859073244,104.15903349295967,9144.0
2920.0,VJC915,12.992204289286663,105.22087828643818,9144.0
2920.0,VTI105,18.322800482434733,81.22290568981188,9144.0
2920.0,WCM3806,1.8831019745867896,109.37546591199455,9144.0
2920.0,WCM6602,6.013774098863902,116.08233868222129,9144.0
2920.0,XAX674,4.157142612175827,109.2016283047888,9144.0
2920.0,VJC813,2.7327406859073244,104.15903349295967,9144.0
2920.0,VJC915,12.992204289286663,105.22087828643818,9144.0
2920.0,VTI105,18.322800482434733,81.22290568981188,9144.0
2920.0,WCM3806,1.8831019745867896,109.37546591199455,9144.0
2920.0,WCM6602,6.013774098863902,116.08233868222129,9144.0
2920.0,XAX674,4.157142612175827,109.2016283047888,9144.0
2930.0,VJC813,2.706569779580943,104.15280314470579,9144.0
2930.0,VJC915,12.961483636495455,105.21288401250487,9144.0
2930.0,VTI105,18.313264179336837,81.25265422668967,9144.0
2930.0,WCM3806,1.8779828258137192,109.40375108762767,9144.0
2930.0,WCM6602,6.003056516817082,116.07912703618206,9144.0
2930.0,XAX674,4.164958318543232,109.23169718836516,9144.0
2930.0,VJC813,2.706569779580943,104.15280314470579,9144.0
2930.0,VJC915,12.961483636495455,105.21288401250487,9144.0
2930.0,VTI105,18.313264179336837,81.25265422668967,9144.0
2930.0,WCM3806,1.8779828258137192,109.40375108762767,9144.0
2930.0,WCM6602,6.003056516817082,116.07912703618206,9144.0
2930.0,XAX674,4.164958318543232,109.23169718836516,9144.0
2940.0,VJC813,2.680390463055796,104.14660844294778,9144.0
2940.0,VJC915,12.930787775322871,105.20479108010704,9144.0
2940.0,VTI105,18.303656770089486,81.2823757183444,9144.0
2940.0,WCM3806,1.8727259982053281,109.43201088723995,9144.0
2940.0,WCM6602,5.992800364816914,116.0746438625292,9144.0
2940.0,XAX674,4.17280223354333,109.26188062470821,9144.0
2940.0,VJC813,2.680390463055796,104.14660844294778,9144.0
2940.0,VJC915,12.930787775322871,105.20479108010704,9144.0
2940.0,VTI105,18.303656770089486,81.2823757183444,9144.0
2940.0,WCM3806,1.8727259982053281,109.43201088723995,9144.0
2940.0,WCM6602,5.992800364816914,116.0746438625292,9144.0
2940.0,XAX674,4.17280223354333,109.26188062470821,9144.0
2950.0,VJC813,2.654444343183176,104.14050080343247,9144.0
2950.0,VJC915,12.900091654339,105.1967001792375,9144.0
2950.0,VTI105,18.29402346816575,81.31215250290484,9144.0
2950.0,WCM3806,1.8675125173508191,109.4600328026682,9144.0
2950.0,WCM6602,5.982690436899817,116.07037357673131,9144.0
2950.0,XAX674,4.180644530586685,109.2920647854129,9144.0
2950.0,VJC813,2.654444343183176,104.14050080343247,9144.0
2950.0,VJC915,12.900091654339,105.1967001792375,9144.0
2950.0,VTI105,18.29402346816575,81.31215250290484,9144.0
2950.0,WCM3806,1.8675125173508191,109.4600328026682,9144.0
2950.0,WCM6602,5.982690436899817,116.07037357673131,9144.0
2950.0,XAX674,4.180644530586685,109.2920647854129,9144.0
2960.0,VJC813,2.6289204989325046,104.13449282779881,9144.0
2960.0,VJC915,12.869360099539739,105.18875308013668,9144.0
2960.0,VTI105,18.28438226639567,81.34192479526105,9144.0
2960.0,WCM3806,1.8623935639244162,109.48807207703109,9144.0
2960.0,WCM6602,5.97292863682454,116.06621392057014,9144.0
2960.0,XAX674,4.188482297356381,109.32225043118694,9144.0
2960.0,VJC813,2.6289204989325046,104.13449282779881,9144.0
2960.0,VJC915,12.869360099539739,105.18875308013668,9144.0
2960.0,VTI105,18.28438226639567,81.34192479526105,9144.0
2960.0,WCM3806,1.8623935639244162,109.48807207703109,9144.0
2960.0,WCM6602,5.97292863682454,116.06621392057014,9144.0
2960.0,XAX674,4.188482297356381,109.32225043118694,9144.0
2970.0,VJC813,2.603410672945414,104.12842560560775,9144.0
2970.0,VJC915,12.838684802726025,105.18082257173174,9144.0
2970.0,VTI105,18.274716375069175,81.37175274968138,9144.0
2970.0,WCM3806,1.8572412899612718,109.51628953516897,9144.0
2970.0,WCM6602,5.9630810344933876,116.06207066888706,9144.0
2970.0,XAX674,4.196310603575113,109.35243884733833,9144.0
2970.0,VJC813,2.603410672945414,104.12842560560775,9144.0
2970.0,VJC915,12.838684802726025,105.18082257173174,9144.0
2970.0,VTI105,18.274716375069175,81.37175274968138,9144.0
2970.0,WCM3806,1.8572412899612718,109.51628953516897,9144.0
2970.0,WCM6602,5.9630810344933876,116.06207066888706,9144.0
2970.0,XAX674,4.196310603575113,109.35243884733833,9144.0
2980.0,VJC813,2.57832507436334,104.12245953197919,9144.0
2980.0,VJC915,12.808027182167649,105.1728214584129,9144.0
2980.0,VTI105,18.265044354110163,81.40157683823952,9144.0
2980.0,WCM3806,1.8520936615747898,109.54450775995322,9144.0
2980.0,WCM6602,5.952965190656032,116.05781480142117,9144.0
2980.0,XAX674,4.204136735862307,109.38262813300679,9144.0
2980.0,VJC813,2.57832507436334,104.12245953197919,9144.0
2980.0,VJC915,12.808027182167649,105.1728214584129,9144.0
2980.0,VTI105,18.265044354110163,81.40157683823952,9144.0
2980.0,WCM3806,1.8520936615747898,109.54450775995322,9144.0
2980.0,WCM6602,5.952965190656032,116.05781480142117,9144.0
2980.0,XAX674,4.204136735862307,109.38262813300679,9144.0
2990.0,VJC813,2.55327128822466,104.11636110039825,9144.0
2990.0,VJC915,12.777312836783569,105.1648075928416,9144.0
2990.0,VTI105,18.255362213292806,81.43139562265672,9144.0
2990.0,WCM3806,1.8470322442438478,109.57224916636974,9144.0
2990.0,WCM6602,5.942782387827744,116.05353084275693,9144.0
2990.0,XAX674,4.21203190084137,109.41279964739029,9144.0
2990.0,VJC813,2.55327128822466,104.11636110039825,9144.0
2990.0,VJC915,12.777312836783569,105.1648075928416,9144.0
2990.0,VTI105,18.255362213292806,81.43139562265672,9144.0
2990.0,WCM3806,1.8470322442438478,109.57224916636974,9144.0
2990.0,WCM6602,5.942782387827744,116.05353084275693,9144.0
2990.0,XAX674,4.21203190084137,109.41279964739029,9144.0
3000.0,VJC813,2.5286433910580186,104.11036657933444,9144.0
3000.0,VJC915,12.746605970031258,105.1567646266861,9144.0
3000.0,VTI105,18.245680363663396,81.4612128503562,9144.0
3000.0,WCM3806,1.8419056365876465,109.59997850728278,9144.0
3000.0,XAX674,4.219895634895644,109.44285805247893,9144.0
3000.0,VJC813,2.5286433910580186,104.11036657933444,9144.0
3000.0,VJC915,12.746605970031258,105.1567646266861,9144.0
3000.0,VTI105,18.245680363663396,81.4612128503562,9144.0
3000.0,WCM3806,1.8419056365876465,109.59997850728278,9144.0
3000.0,XAX674,4.219895634895644,109.44285805247893,9144.0
3010.0,VJC813,2.5037477283694405,104.10560770823338,9144.0
3010.0,VJC915,12.715842428743263,105.14870886990985,9144.0
3010.0,VTI105,18.236012981124844,81.49096743561162,9144.0
3010.0,WCM3806,1.8369448642378328,109.62680696555573,9144.0
3010.0,XAX674,4.227753982451337,109.47291817839701,9144.0
3010.0,VJC813,2.5037477283694405,104.10560770823338,9144.0
3010.0,VJC915,12.715842428743263,105.14870886990985,9144.0
3010.0,VTI105,18.236012981124844,81.49096743561162,9144.0
3010.0,WCM3806,1.8369448642378328,109.62680696555573,9144.0
3010.0,XAX674,4.227753982451337,109.47291817839701,9144.0
3020.0,VJC813,2.4796710334923406,104.10517589291902,9144.0
3020.0,VJC915,12.685066106972041,105.140705548686,9144.0
3020.0,VTI105,18.226340818799606,81.52071864449996,9144.0
3020.0,WCM3806,1.8319053113387405,109.65362064641162,9144.0
3020.0,XAX674,4.235507689831736,109.50300591467301,9144.0
3020.0,VJC813,2.4796710334923406,104.10517589291902,9144.0
3020.0,VJC915,12.685066106972041,105.140705548686,9144.0
3020.0,VTI105,18.226340818799606,81.52071864449996,9144.0
3020.0,WCM3806,1.8319053113387405,109.65362064641162,9144.0
3020.0,XAX674,4.235507689831736,109.50300591467301,9144.0
3030.0,VJC813,2.4561674290571847,104.10544366274253,9144.0
3030.0,VJC915,12.654289540579251,105.13270418211798,9144.0
3030.0,VTI105,18.216663861458102,81.55046647098342,9144.0
3030.0,WCM3806,1.8269789218342016,109.67982853087595,9144.0
3030.0,XAX674,4.24325740550093,109.53309498666165,9144.0
3030.0,VJC813,2.4561674290571847,104.10544366274253,9144.0
3030.0,VJC915,12.654289540579251,105.13270418211798,9144.0
3030.0,VTI105,18.216663861458102,81.55046647098342,9144.0
3030.0,WCM3806,1.8269789218342016,109.67982853087595,9144.0
3030.0,XAX674,4.24325740550093,109.53309498666165,9144.0
3040.0,VJC813,2.4326623164461076,104.10541772449058,9144.0
3040.0,VJC915,12.623512720809199,105.12470480294004,9144.0
3040.0,VTI105,18.206982089812048,81.58021090754988,9144.0
3040.0,WCM3806,1.8221967377960857,109.70606306921817,9144.0
3040.0,XAX674,4.251078680707717,109.56316573989197,9144.0
3040.0,VJC813,2.4326623164461076,104.10541772449058,9144.0
3040.0,VJC915,12.623512720809199,105.12470480294004,9144.0
3040.0,VTI105,18.206982089812048,81.58021090754988,9144.0
3040.0,WCM3806,1.8221967377960857,109.70606306921817,9144.0
3040.0,XAX674,4.251078680707717,109.56316573989197,9144.0
3050.0,VJC813,2.409414194954121,104.10539207072271,9144.0
3050.0,VJC915,12.592764021241079,105.1165936280976,9144.0
3050.0,VTI105,18.197295479000736,81.60995194466274,9144.0
3050.0,WCM3806,1.8173917074571626,109.73241901064276,9144.0
3050.0,XAX674,4.258883568525892,109.59318019974097,9144.0
3050.0,VJC813,2.409414194954121,104.10539207072271,9144.0
3050.0,VJC915,12.592764021241079,105.1165936280976,9144.0
3050.0,VTI105,18.197295479000736,81.60995194466274,9144.0
3050.0,WCM3806,1.8173917074571626,109.73241901064276,9144.0
3050.0,XAX674,4.258883568525892,109.59318019974097,9144.0
3060.0,VJC813,2.386166125994016,104.10533634938822,9144.0
3060.0,VJC915,12.562015067153789,105.10848443736606,9144.0
3060.0,VTI105,18.18760399621786,81.63968956989851,9144.0
3060.0,WCM3806,1.8125292979893848,109.75876434509928,9144.0
3060.0,XAX674,4.2666858364175235,109.62319564918366,9144.0
3060.0,VJC813,2.386166125994016,104.10533634938822,9144.0
3060.0,VJC915,12.562015067153789,105.10848443736606,9144.0
3060.0,VTI105,18.18760399621786,81.63968956989851,9144.0
3060.0,WCM3806,1.8125292979893848,109.75876434509928,9144.0
3060.0,XAX674,4.2666858364175235,109.62319564918366,9144.0
3070.0,VJC813,2.3631758160489267,104.10528124771002,9144.0
3070.0,VJC915,12.531255435744011,105.10041882698559,9144.0
3070.0,VTI105,18.177907596768105,81.6694237665143,9144.0
3070.0,WCM3806,1.807677448158657,109.78504873700226,9144.0
3070.0,XAX674,4.274316760889062,109.65325566037457,9144.0
3070.0,VJC813,2.3631758160489267,104.10528124771002,9144.0
3070.0,VJC915,12.531255435744011,105.10041882698559,9144.0
3070.0,VTI105,18.177907596768105,81.6694237665143,9144.0
3070.0,WCM3806,1.807677448158657,109.78504873700226,9144.0
3070.0,XAX674,4.274316760889062,109.65325566037457,9144.0
3080.0,VJC813,2.3401854892943676,104.1052336883374,9144.0
3080.0,VJC915,12.500382835763487,105.09232562958006,9144.0
3080.0,VTI105,18.168206216997415,81.69915451088028,9144.0
3080.0,WCM3806,1.8028278881410897,109.81133348178062,9144.0
3080.0,XAX674,4.281974164591034,109.68343075880888,9144.0
3080.0,VJC813,2.3401854892943676,104.1052336883374,9144.0
3080.0,VJC915,12.500382835763487,105.09232562958006,9144.0
3080.0,VTI105,18.168206216997415,81.69915451088028,9144.0
3080.0,WCM3806,1.8028278881410897,109.81133348178062,9144.0
3080.0,XAX674,4.281974164591034,109.68343075880888,9144.0
3090.0,VJC813,2.3172597226664378,104.1051862640733,9144.0
3090.0,VJC915,12.469494988950983,105.0842946576455,9144.0
3090.0,VTI105,18.158499760233163,81.72888176737479,9144.0
3090.0,WCM3806,1.7980676241097377,109.83713041035558,9144.0
3090.0,XAX674,4.289756835300168,109.713573918715,9144.0
3090.0,VJC813,2.3172597226664378,104.1051862640733,9144.0
3090.0,VJC915,12.469494988950983,105.0842946576455,9144.0
3090.0,VTI105,18.158499760233163,81.72888176737479,9144.0
3090.0,WCM3806,1.7980676241097377,109.83713041035558,9144.0
3090.0,XAX674,4.289756835300168,109.713573918715,9144.0
3100.0,VJC813,2.2943339085507124,104.10519451650927,9144.0
3100.0,VJC915,12.438606897572537,105.07626562840379,9144.0
3100.0,VTI105,18.148788064258692,81.75860547657811,9144.0
3100.0,WCM3806,1.7933750577945065,109.86293968521494,9144.0
3100.0,XAX674,4.297552301602608,109.74377483999834,9144.0
3100.0,VJC813,2.2943339085507124,104.10519451650927,9144.0
3100.0,VJC915,12.438606897572537,105.07626562840379,9144.0
3100.0,VTI105,18.148788064258692,81.75860547657811,9144.0
3100.0,WCM3806,1.7933750577945065,109.86293968521494,9144.0
3100.0,XAX674,4.297552301602608,109.74377483999834,9144.0
3110.0,VJC813,2.2715373595735464,104.10520272215194,9144.0
3110.0,VJC915,12.407718409788412,105.0682391517877,9144.0
3110.0,VTI105,18.139070805189938,81.78832552038911,9144.0
3110.0,WCM3806,1.788748707596179,109.88838099517478,9144.0
3110.0,XAX674,4.3053045217253745,109.77398726128102,9144.0
3110.0,VJC813,2.2715373595735464,104.10520272215194,9144.0
3110.0,VJC915,12.407718409788412,105.0682391517877,9144.0
3110.0,VTI105,18.139070805189938,81.78832552038911,9144.0
3110.0,WCM3806,1.788748707596179,109.88838099517478,9144.0
3110.0,XAX674,4.3053045217253745,109.77398726128102,9144.0
3120.0,VJC813,2.2487408839509984,104.10526117680492,9144.0
3120.0,VJC915,12.376835444960035,105.06019137830175,9144.0
3120.0,VTI105,18.12934703367319,81.81804155374043,9144.0
3120.0,WCM3806,1.7839338537110214,109.91378720369865,9144.0
3120.0,XAX674,4.313069501092334,109.80425741071099,9144.0
3120.0,VJC813,2.2487408839509984,104.10526117680492,9144.0
3120.0,VJC915,12.376835444960035,105.06019137830175,9144.0
3120.0,VTI105,18.12934703367319,81.81804155374043,9144.0
3120.0,WCM3806,1.7839338537110214,109.91378720369865,9144.0
3120.0,XAX674,4.313069501092334,109.80425741071099,9144.0
3130.0,VJC813,2.2263333615300724,104.10531863232278,9144.0
3130.0,VJC915,12.345952234794789,105.05214554218894,9144.0
3130.0,VTI105,18.1195741643419,81.8477380905527,9144.0
3130.0,WCM3806,1.7791648798809163,109.93894746151312,9144.0
3130.0,XAX674,4.320834577964257,109.83452784466904,9144.0
3130.0,VJC813,2.2263333615300724,104.10531863232278,9144.0
3130.0,VJC915,12.345952234794789,105.05214554218894,9144.0
3130.0,VTI105,18.1195741643419,81.8477380905527,9144.0
3130.0,WCM3806,1.7791648798809163,109.93894746151312,9144.0
3130.0,XAX674,4.320834577964257,109.83452784466904,9144.0
3140.0,VJC813,2.203925889558358,104.10524403161013,9144.0
3140.0,VJC915,12.31506107593212,105.0441326903916,9144.0
3140.0,VTI105,18.10984778869999,81.87744987125946,9144.0
3140.0,WCM3806,1.7747750323236844,109.96417663604406,9144.0
3140.0,XAX674,4.328612412048203,109.86485596926111,9144.0
3140.0,VJC813,2.203925889558358,104.10524403161013,9144.0
3140.0,VJC915,12.31506107593212,105.0441326903916,9144.0
3140.0,VTI105,18.10984778869999,81.87744987125946,9144.0
3140.0,WCM3806,1.7747750323236844,109.96417663604406,9144.0
3140.0,XAX674,4.328612412048203,109.86485596926111,9144.0
3150.0,VJC813,2.181909112961332,104.10517073382171,9144.0
3150.0,VJC915,12.284169676244868,105.03612175308483,9144.0
3150.0,VTI105,18.100053833914707,81.90733393810768,9144.0
3150.0,WCM3806,1.7704382713261648,109.98909657234074,9144.0
3150.0,XAX674,4.3363930861720155,109.89518367320802,9144.0
3150.0,VJC813,2.181909112961332,104.10517073382171,9144.0
3150.0,VJC915,12.284169676244868,105.03612175308483,9144.0
3150.0,VTI105,18.100053833914707,81.90733393810768,9144.0
3150.0,WCM3806,1.7704382713261648,109.98909657234074,9144.0
3150.0,XAX674,4.3363930861720155,109.89518367320802,9144.0
3160.0,VJC813,2.1598926676631978,104.10531208910992,9144.0
3160.0,VJC915,12.253277574859515,105.02811458935183,9144.0
3160.0,VTI105,18.090213195337313,81.93719934939381,9144.0
3160.0,WCM3806,1.7656679171856986,110.01393701311682,9144.0
3160.0,XAX674,4.344172257226131,109.92551207747522,9144.0
3160.0,VJC813,2.1598926676631978,104.10531208910992,9144.0
3160.0,VJC915,12.253277574859515,105.02811458935183,9144.0
3160.0,VTI105,18.090213195337313,81.93719934939381,9144.0
3160.0,WCM3806,1.7656679171856986,110.01393701311682,9144.0
3160.0,XAX674,4.344172257226131,109.92551207747522,9144.0
3170.0,VJC813,2.1382031320362,104.10545134148161,9144.0
3170.0,VJC915,12.222397458190134,105.02006010343689,9144.0
3170.0,VTI105,18.08038348094476,81.96700093249198,9144.0
3170.0,WCM3806,1.7609680404283414,110.03840603878777,9144.0
3170.0,XAX674,4.351949605726207,109.95584126488495,9144.0
3170.0,VJC813,2.1382031320362,104.10545134148161,9144.0
3170.0,VJC915,12.222397458190134,105.02006010343689,9144.0
3170.0,VTI105,18.08038348094476,81.96700093249198,9144.0
3170.0,WCM3806,1.7609680404283414,110.03840603878777,9144.0
3170.0,XAX674,4.351949605726207,109.95584126488495,9144.0
3180.0,VJC813,2.116513176875273,104.10541718518304,9144.0
3180.0,VJC915,12.191629630978273,105.01203779314365,9144.0
3180.0,VTI105,18.070610924407422,81.99682164985387,9144.0
3180.0,WCM3806,1.7564149338042658,110.062902765796,9144.0
3180.0,XAX674,4.359719982179587,109.98617256296461,9144.0
3180.0,VJC813,2.116513176875273,104.10541718518304,9144.0
3180.0,VJC915,12.191629630978273,105.01203779314365,9144.0
3180.0,VTI105,18.070610924407422,81.99682164985387,9144.0
3180.0,WCM3806,1.7564149338042658,110.062902765796,9144.0
3180.0,XAX674,4.359719982179587,109.98617256296461,9144.0
3190.0,VJC813,2.094888750803099,104.10538313302953,9144.0
3190.0,VJC915,12.160854444533905,105.00404600953654,9144.0
3190.0,VTI105,18.060829873962327,82.0266376255178,9144.0
3190.0,WCM3806,1.751883968283458,110.08727501642066,9144.0
3190.0,XAX674,4.367444996277702,110.01633372922099,9144.0
3190.0,VJC813,2.094888750803099,104.10538313302953,9144.0
3190.0,VJC915,12.160854444533905,105.00404600953654,9144.0
3190.0,VTI105,18.060829873962327,82.0266376255178,9144.0
3190.0,WCM3806,1.751883968283458,110.08727501642066,9144.0
3190.0,XAX674,4.367444996277702,110.01633372922099,9144.0
3200.0,VJC813,2.073264374184659,104.10532567752443,9144.0
3200.0,VJC915,12.130078991832058,104.99605622258808,9144.0
3200.0,VTI105,18.051504156736375,82.05661298405245,9144.0
3200.0,WCM3806,1.7476836427188918,110.11170642123793,9144.0
3200.0,XAX674,4.3751676443176635,110.04649581568539,9144.0
3200.0,VJC813,2.073264374184659,104.10532567752443,9144.0
3200.0,VJC915,12.130078991832058,104.99605622258808,9144.0
3200.0,VTI105,18.051504156736375,82.05661298405245,9144.0
3200.0,WCM3806,1.7476836427188918,110.11170642123793,9144.0
3200.0,XAX674,4.3751676443176635,110.04649581568539,9144.0
3210.0,VJC813,2.05196837260446,104.10526909604236,9144.0
3210.0,VJC915,12.099297735830591,104.98809077683632,9144.0
3210.0,VTI105,18.042188504384903,82.0865244358452,9144.0
3210.0,WCM3806,1.7435355736447147,110.13582536568269,9144.0
3210.0,XAX674,4.382891224282028,110.07665797348598,9144.0
3210.0,VJC813,2.05196837260446,104.10526909604236,9144.0
3210.0,VJC915,12.099297735830591,104.98809077683632,9144.0
3210.0,VTI105,18.042188504384903,82.0865244358452,9144.0
3210.0,WCM3806,1.7435355736447147,110.13582536568269,9144.0
3210.0,XAX674,4.382891224282028,110.07665797348598,9144.0
3220.0,VJC813,2.0306725747063634,104.10537812573017,9144.0
3220.0,VJC915,12.068629189616528,104.98015643707565,9144.0
3220.0,VTI105,18.03276177140872,82.11639576854218,9144.0
3220.0,WCM3806,1.738931609524626,110.1598613169432,9144.0
3220.0,XAX674,4.390597955758482,110.1067639881463,9144.0
3220.0,VJC813,2.0306725747063634,104.10537812573017,9144.0
3220.0,VJC915,12.068629189616528,104.98015643707565,9144.0
3220.0,VTI105,18.03276177140872,82.11639576854218,9144.0
3220.0,WCM3806,1.738931609524626,110.1598613169432,9144.0
3220.0,XAX674,4.390597955758482,110.1067639881463,9144.0
3230.0,VJC813,2.00997091750216,104.1054841107842,9144.0
3230.0,VJC915,12.037967043664429,104.97219718180352,9144.0
3230.0,VTI105,18.02330820898253,82.14632199748263,9144.0
3230.0,WCM3806,1.7344588418455997,110.1832085987438,9144.0
3230.0,XAX674,4.398356182566247,110.1368570088884,9144.0
3230.0,VJC813,2.00997091750216,104.1054841107842,9144.0
3230.0,VJC915,12.037967043664429,104.97219718180352,9144.0
3230.0,VTI105,18.02330820898253,82.14632199748263,9144.0
3230.0,WCM3806,1.7344588418455997,110.1832085987438,9144.0
3230.0,XAX674,4.398356182566247,110.1368570088884,9144.0
3240.0,VJC813,1.9892696592594026,104.10531746552383,9144.0
3240.0,VJC915,12.007304662068911,104.96423978264136,9144.0
3240.0,VTI105,18.013798774918428,82.17622702974093,9144.0
3240.0,WCM3806,1.7297965913088267,110.2065186904813,9144.0
3240.0,XAX674,4.4060975112626455,110.1668938622427,9144.0
3240.0,VJC813,1.9892696592594026,104.10531746552383,9144.0
3240.0,VJC915,12.007304662068911,104.96423978264136,9144.0
3240.0,VTI105,18.013798774918428,82.17622702974093,9144.0
3240.0,WCM3806,1.7297965913088267,110.2065186904813,9144.0
3240.0,XAX674,4.4060975112626455,110.1668938622427,9144.0
3250.0,VJC813,1.9699700748616786,104.10516210754847,9144.0
3250.0,VJC915,11.976636574937878,104.95630630072702,9144.0
3250.0,VTI105,18.004318922878053,82.20600899193413,9144.0
3250.0,WCM3806,1.7250960117264278,110.23001660703254,9144.0
3250.0,XAX674,4.413745112137356,110.19695516790343,9144.0
3250.0,VJC813,1.9699700748616786,104.10516210754847,9144.0
3250.0,VJC915,11.976636574937878,104.95630630072702,9144.0
3250.0,VTI105,18.004318922878053,82.20600899193413,9144.0
3250.0,WCM3806,1.7250960117264278,110.23001660703254,9144.0
3250.0,XAX674,4.413745112137356,110.19695516790343,9144.0
3260.0,VJC813,1.9510655384791153,104.10905236615226,9144.0
3260.0,VJC915,11.94608135702084,104.94840390495433,9144.0
3260.0,VTI105,17.994889857803454,82.23580718104174,9144.0
3260.0,WCM3806,1.7212255355044483,110.25366552085626,9144.0
3260.0,XAX674,4.421390433994182,110.22701736660294,9144.0
3260.0,VJC813,1.9510655384791153,104.10905236615226,9144.0
3260.0,VJC915,11.94608135702084,104.94840390495433,9144.0
3260.0,VTI105,17.994889857803454,82.23580718104174,9144.0
3260.0,WCM3806,1.7212255355044483,110.25366552085626,9144.0
3260.0,XAX674,4.421390433994182,110.22701736660294,9144.0
3270.0,VJC813,1.932511407641412,104.10870378982453,9144.0
3270.0,VJC915,11.915536468942136,104.94046079158097,9144.0
3270.0,VTI105,17.9854341575967,82.26566036849054,9144.0
3270.0,WCM3806,1.717102823064768,110.27714194494483,9144.0
3270.0,XAX674,4.429126274139272,110.2570565751002,9144.0
3270.0,VJC813,1.932511407641412,104.10870378982453,9144.0
3270.0,VJC915,11.915536468942136,104.94046079158097,9144.0
3270.0,VTI105,17.9854341575967,82.26566036849054,9144.0
3270.0,WCM3806,1.717102823064768,110.27714194494483,9144.0
3270.0,XAX674,4.429126274139272,110.2570565751002,9144.0
3280.0,VJC813,1.914244033411677,104.10584427840027,9144.0
3280.0,VJC915,11.885047941578188,104.93253419982635,9144.0
3280.0,VTI105,17.975967063212227,82.29550796328579,9144.0
3280.0,WCM3806,1.7130239255163304,110.30036594866158,9144.0
3280.0,XAX674,4.436874671828308,110.28715370624147,9144.0
3280.0,VJC813,1.914244033411677,104.10584427840027,9144.0
3280.0,VJC915,11.885047941578188,104.93253419982635,9144.0
3280.0,VTI105,17.975967063212227,82.29550796328579,9144.0
3280.0,WCM3806,1.7130239255163304,110.30036594866158,9144.0
3280.0,XAX674,4.436874671828308,110.28715370624147,9144.0
3290.0,VJC813,1.896209555968099,104.10715026684993,9144.0
3290.0,VJC915,11.854559149180472,104.92460955909364,9144.0
3290.0,VTI105,17.966492140827683,82.3253512117211,9144.0
3290.0,WCM3806,1.7087532354357864,110.32355536722424,9144.0
3290.0,XAX674,4.444584602501195,110.31726108846156,9144.0
3290.0,VJC813,1.896209555968099,104.10715026684993,9144.0
3290.0,VJC915,11.854559149180472,104.92460955909364,9144.0
3290.0,VTI105,17.966492140827683,82.3253512117211,9144.0
3290.0,WCM3806,1.7087532354357864,110.32355536722424,9144.0
3290.0,XAX674,4.444584602501195,110.31726108846156,9144.0
3300.0,VJC813,1.8792829859749725,104.11246466043724,9144.0
3300.0,VJC915,11.824059544233037,104.91672935761028,9144.0
3300.0,VTI105,17.956930953282555,82.35516242584595,9144.0
3300.0,WCM3806,1.704435167967627,110.34640907952898,9144.0
3300.0,XAX674,4.452307342278219,110.34742628590719,9144.0
3300.0,VJC813,1.8792829859749725,104.11246466043724,9144.0
3300.0,VJC915,11.824059544233037,104.91672935761028,9144.0
3300.0,VTI105,17.956930953282555,82.35516242584595,9144.0
3300.0,WCM3806,1.704435167967627,110.34640907952898,9144.0
3300.0,XAX674,4.452307342278219,110.34742628590719,9144.0
3310.0,VJC813,1.864029497848173,104.12152772753524,9144.0
3310.0,VJC915,11.793559709589205,104.90885096102956,9144.0
3310.0,VTI105,17.94736174333757,82.38496918246466,9144.0
3310.0,WCM3806,1.7001525458471682,110.36907268768643,9144.0
3310.0,XAX674,4.460007615413163,110.37759757705155,9144.0
3310.0,VJC813,1.864029497848173,104.12152772753524,9144.0
3310.0,VJC915,11.793559709589205,104.90885096102956,9144.0
3310.0,VTI105,17.94736174333757,82.38496918246466,9144.0
3310.0,WCM3806,1.7001525458471682,110.36907268768643,9144.0
3310.0,XAX674,4.460007615413163,110.37759757705155,9144.0
3320.0,VJC813,1.8497840925223519,104.13115711016646,9144.0
3320.0,VJC915,11.763074746515292,104.90091360445619,9144.0
3320.0,VTI105,17.93787484425737,82.4148033972967,9144.0
3320.0,WCM3806,1.6960096270160652,110.3917622236092,9144.0
3320.0,XAX674,4.467735205425357,110.40788362377997,9144.0
3320.0,VJC813,1.8497840925223519,104.13115711016646,9144.0
3320.0,VJC915,11.763074746515292,104.90091360445619,9144.0
3320.0,VTI105,17.93787484425737,82.4148033972967,9144.0
3320.0,WCM3806,1.6960096270160652,110.3917622236092,9144.0
3320.0,XAX674,4.467735205425357,110.40788362377997,9144.0
3330.0,VJC813,1.8349684412012524,104.13686737752833,9144.0
3330.0,VJC915,11.732532972602442,104.89296331077567,9144.0
3330.0,VTI105,17.9283805636354,82.44463341803743,9144.0
3330.0,WCM3806,1.6919243016400143,110.41413370571249,9144.0
3330.0,XAX674,4.475453589453076,110.43817235137217,9144.0
3330.0,VJC813,1.8349684412012524,104.13686737752833,9144.0
3330.0,VJC915,11.732532972602442,104.89296331077567,9144.0
3330.0,VTI105,17.9283805636354,82.44463341803743,9144.0
3330.0,WCM3806,1.6919243016400143,110.41413370571249,9144.0
3330.0,XAX674,4.475453589453076,110.43817235137217,9144.0
3340.0,VJC813,1.8207723273499248,104.14262519799327,9144.0
3340.0,VJC915,11.701971774183988,104.885092137293,9144.0
3340.0,VTI105,17.918857391905863,82.47445166051186,9144.0
3340.0,WCM3806,1.6878542825019,110.43650793306851,9144.0
3340.0,XAX674,4.483224596939293,110.4684478595933,9144.0
3340.0,VJC813,1.8207723273499248,104.14262519799327,9144.0
3340.0,VJC915,11.701971774183988,104.885092137293,9144.0
3340.0,VTI105,17.918857391905863,82.47445166051186,9144.0
3340.0,WCM3806,1.6878542825019,110.43650793306851,9144.0
3340.0,XAX674,4.483224596939293,110.4684478595933,9144.0
3350.0,VJC813,1.8069528121224463,104.1483768993176,9144.0
3350.0,VJC915,11.671297231188866,104.87719359721974,9144.0
3350.0,VTI105,17.909326837736046,82.50426569439496,9144.0
3350.0,WCM3806,1.6838767365252016,110.45837081204039,9144.0
3350.0,XAX674,4.4910085917431095,110.49878102399215,9144.0
3350.0,VJC813,1.8069528121224463,104.1483768993176,9144.0
3350.0,VJC915,11.671297231188866,104.87719359721974,9144.0
3350.0,VTI105,17.909326837736046,82.50426569439496,9144.0
3350.0,WCM3806,1.6838767365252016,110.45837081204039,9144.0
3350.0,XAX674,4.4910085917431095,110.49878102399215,9144.0
3360.0,VJC813,1.7934189582193212,104.15408229434185,9144.0
3360.0,VJC915,11.640622450609115,104.86929689143203,9144.0
3360.0,VTI105,17.899894173456786,82.53411250369761,9144.0
3360.0,WCM3806,1.6796156779592288,110.48018011356652,9144.0
3360.0,XAX674,4.4987902936338235,110.52911510419712,9144.0
3360.0,VJC813,1.7934189582193212,104.15408229434185,9144.0
3360.0,VJC915,11.640622450609115,104.86929689143203,9144.0
3360.0,VTI105,17.899894173456786,82.53411250369761,9144.0
3360.0,WCM3806,1.6796156779592288,110.48018011356652,9144.0
3360.0,XAX674,4.4987902936338235,110.52911510419712,9144.0
3370.0,VJC813,1.780145029201673,104.1596780191041,9144.0
3370.0,VJC915,11.609978494753205,104.86127728061643,9144.0
3370.0,VTI105,17.890433805034895,82.56401387205489,9144.0
3370.0,WCM3806,1.6717128423248109,110.4993223931166,9144.0
3370.0,XAX674,4.506501460661495,110.55946762471972,9144.0
3370.0,VJC813,1.780145029201673,104.1596780191041,9144.0
3370.0,VJC915,11.609978494753205,104.86127728061643,9144.0
3370.0,VTI105,17.890433805034895,82.56401387205489,9144.0
3370.0,WCM3806,1.6717128423248109,110.4993223931166,9144.0
3370.0,XAX674,4.506501460661495,110.55946762471972,9144.0
3380.0,VJC813,1.7669757125536387,104.16551587942536,9144.0
3380.0,VJC915,11.579390785967238,104.85327428407999,9144.0
3380.0,VTI105,17.880818267764905,82.59385892044754,9144.0
3380.0,WCM3806,1.660371465175541,110.5160898793378,9144.0
3380.0,XAX674,4.514239184227058,110.58993485852335,9144.0
3380.0,VJC813,1.7669757125536387,104.16551587942536,9144.0
3380.0,VJC915,11.579390785967238,104.85327428407999,9144.0
3380.0,VTI105,17.880818267764905,82.59385892044754,9144.0
3380.0,WCM3806,1.660371465175541,110.5160898793378,9144.0
3380.0,XAX674,4.514239184227058,110.58993485852335,9144.0
3390.0,VJC813,1.753893506770366,104.17120045814292,9144.0
3390.0,VJC915,11.548634617679507,104.84597576033876,9144.0
3390.0,VTI105,17.871214752972573,82.62364069005929,9144.0
3390.0,WCM3806,1.6467693966386197,110.52891734638607,9144.0
3390.0,XAX674,4.522079360402318,110.62037605479516,9144.0
3390.0,VJC813,1.753893506770366,104.17120045814292,9144.0
3390.0,VJC915,11.548634617679507,104.84597576033876,9144.0
3390.0,VTI105,17.871214752972573,82.62364069005929,9144.0
3390.0,WCM3806,1.6467693966386197,110.52891734638607,9144.0
3390.0,XAX674,4.522079360402318,110.62037605479516,9144.0
3400.0,VJC813,1.7408112812676209,104.17688495184089,9144.0
3400.0,VJC915,11.517764693559108,104.83865196047289,9144.0
3400.0,VTI105,17.861693706678725,82.65345008027847,9144.0
3400.0,WCM3806,1.6306969518703474,110.53846588786448,9144.0
3400.0,XAX674,4.529931920846964,110.65087495196373,9144.0
3400.0,VJC813,1.7408112812676209,104.17688495184089,9144.0
3400.0,VJC915,11.517764693559108,104.83865196047289,9144.0
3400.0,VTI105,17.861693706678725,82.65345008027847,9144.0
3400.0,WCM3806,1.6306969518703474,110.53846588786448,9144.0
3400.0,XAX674,4.529931920846964,110.65087495196373,9144.0
3410.0,VJC813,1.727760182357408,104.1826405755564,9144.0
3410.0,VJC915,11.486361556475117,104.83428730885282,9144.0
3410.0,VTI105,17.852184516485288,82.68319613485096,9144.0
3410.0,WCM3806,1.6129289367666195,110.54427524824864,9144.0
3410.0,XAX674,4.537694421445983,110.68139736769977,9144.0
3410.0,VJC813,1.727760182357408,104.1826405755564,9144.0
3410.0,VJC915,11.486361556475117,104.83428730885282,9144.0
3410.0,VTI105,17.852184516485288,82.68319613485096,9144.0
3410.0,WCM3806,1.6129289367666195,110.54427524824864,9144.0
3410.0,XAX674,4.537694421445983,110.68139736769977,9144.0
3420.0,VJC813,1.7136119399626506,104.18444568596962,9144.0
3420.0,VJC915,11.45501609393228,104.82993166327422,9144.0
3420.0,VTI105,17.842665782943705,82.71293722934566,9144.0
3420.0,WCM3806,1.5960790124430617,110.54549873737986,9144.0
3420.0,XAX674,4.545454669814141,110.71192068812516,9144.0
3420.0,VJC813,1.7136119399626506,104.18444568596962,9144.0
3420.0,VJC915,11.45501609393228,104.82993166327422,9144.0
3420.0,VTI105,17.842665782943705,82.71293722934566,9144.0
3420.0,WCM3806,1.5960790124430617,110.54549873737986,9144.0
3420.0,XAX674,4.545454669814141,110.71192068812516,9144.0
3430.0,VJC813,1.6995346989128781,104.18215130424298,9144.0
3430.0,VJC915,11.423882853185583,104.82420730965131,9144.0
3430.0,VTI105,17.833140125654086,82.74267428631792,9144.0
3430.0,WCM3806,1.5802625303912705,110.54256705882965,9144.0
3430.0,XAX674,4.55323374015407,110.74243951648158,9144.0
3430.0,VJC813,1.6995346989128781,104.18215130424298,9144.0
3430.0,VJC915,11.423882853185583,104.82420730965131,9144.0
3430.0,VTI105,17.833140125654086,82.74267428631792,9144.0
3430.0,WCM3806,1.5802625303912705,110.54256705882965,9144.0
3430.0,XAX674,4.55323374015407,110.74243951648158,9144.0
3440.0,VJC813,1.6872002182836743,104.17603415491782,9144.0
3440.0,VJC915,11.392749497317464,104.81848423529725,9144.0
3440.0,VTI105,17.823607434551594,82.77240726493218,9144.0
3440.0,WCM3806,1.5660544517033919,110.53579690105009,9144.0
3440.0,XAX674,4.56101065128838,110.77295922879314,9144.0
3440.0,VJC813,1.6872002182836743,104.17603415491782,9144.0
3440.0,VJC915,11.392749497317464,104.81848423529725,9144.0
3440.0,VTI105,17.823607434551594,82.77240726493218,9144.0
3440.0,WCM3806,1.5660544517033919,110.53579690105009,9144.0
3440.0,XAX674,4.56101065128838,110.77295922879314,9144.0
3450.0,VJC813,1.677211520428149,104.16655631984008,9144.0
3450.0,VJC915,11.361519478927944,104.81333886810633,9144.0
3450.0,VTI105,17.814078680591905,82.80214004656315,9144.0
3450.0,WCM3806,1.5540771891850398,110.52558454609583,9144.0
3450.0,XAX674,4.568827224083073,110.80346907504932,9144.0
3450.0,VJC813,1.677211520428149,104.16655631984008,9144.0
3450.0,VJC915,11.361519478927944,104.81333886810633,9144.0
3450.0,VTI105,17.814078680591905,82.80214004656315,9144.0
3450.0,WCM3806,1.5540771891850398,110.52558454609583,9144.0
3450.0,XAX674,4.568827224083073,110.80346907504932,9144.0
3460.0,VJC813,1.6706135908119948,104.15471199830635,9144.0
3460.0,VJC915,11.330231840351168,104.80818516728306,9144.0
3460.0,VTI105,17.80454469306325,82.83186938796759,9144.0
3460.0,WCM3806,1.5451439989057592,110.51262342894468,9144.0
3460.0,XAX674,4.576656245029538,110.83403656866953,9144.0
3460.0,VJC813,1.6706135908119948,104.15471199830635,9144.0
3460.0,VJC915,11.330231840351168,104.80818516728306,9144.0
3460.0,VTI105,17.80454469306325,82.83186938796759,9144.0
3460.0,WCM3806,1.5451439989057592,110.51262342894468,9144.0
3460.0,XAX674,4.576656245029538,110.83403656866953,9144.0
3470.0,VJC813,1.6678189364752394,104.14137127717319,9144.0
3470.0,VJC915,11.298968388485687,104.80288157093446,9144.0
3470.0,VTI105,17.795005050040626,82.8615951389121,9144.0
3470.0,WCM3806,1.5405562389435052,110.4988156428954,9144.0
3470.0,XAX674,4.58446452960156,110.86460973363302,9144.0
3470.0,VJC813,1.6678189364752394,104.14137127717319,9144.0
3470.0,VJC915,11.298968388485687,104.80288157093446,9144.0
3470.0,VTI105,17.795005050040626,82.8615951389121,9144.0
3470.0,WCM3806,1.5405562389435052,110.4988156428954,9144.0
3470.0,XAX674,4.58446452960156,110.86460973363302,9144.0
3480.0,VJC813,1.6631956170653264,104.12854951524716,9144.0
3480.0,VJC915,11.267647394328899,104.79756940278776,9144.0
3480.0,VTI105,17.785458170981055,82.89131673820144,9144.0
3480.0,WCM3806,1.5404567223211858,110.48568521707064,9144.0
3480.0,XAX674,4.592256299985021,110.89512696373956,9144.0
3480.0,VJC813,1.6631956170653264,104.12854951524716,9144.0
3480.0,VJC915,11.267647394328899,104.79756940278776,9144.0
3480.0,VTI105,17.785458170981055,82.89131673820144,9144.0
3480.0,WCM3806,1.5404567223211858,110.48568521707064,9144.0
3480.0,XAX674,4.592256299985021,110.89512696373956,9144.0
3490.0,VJC813,1.6584277036541253,104.11532714844918,9144.0
3490.0,VJC915,11.236322166802196,104.79228382612379,9144.0
3490.0,VTI105,17.775814145751816,82.9210021244576,9144.0
3490.0,WCM3806,1.5363245901030644,110.47367516425648,9144.0
3490.0,XAX674,4.600033833540459,110.92564818179567,9144.0
3490.0,VJC813,1.6584277036541253,104.11532714844918,9144.0
3490.0,VJC915,11.236322166802196,104.79228382612379,9144.0
3490.0,VTI105,17.775814145751816,82.9210021244576,9144.0
3490.0,WCM3806,1.5363245901030644,110.47367516425648,9144.0
3490.0,XAX674,4.600033833540459,110.92564818179567,9144.0
3500.0,VJC813,1.6500490705192021,104.10404346016085,9144.0
3500.0,VJC915,11.204996844212337,104.78699940830629,9144.0
3500.0,VTI105,17.766163040178323,82.95068337057282,9144.0
3500.0,WCM3806,1.5305667172576904,110.46251596863897,9144.0
3500.0,XAX674,4.607824306600028,110.95622692166374,9144.0
3500.0,VJC813,1.6500490705192021,104.10404346016085,9144.0
3500.0,VJC915,11.204996844212337,104.78699940830629,9144.0
3500.0,VTI105,17.766163040178323,82.95068337057282,9144.0
3500.0,WCM3806,1.5305667172576904,110.46251596863897,9144.0
3500.0,XAX674,4.607824306600028,110.95622692166374,9144.0
3510.0,VJC813,1.6387279549248965,104.09559934924233,9144.0
3510.0,VJC915,11.17366314513613,104.78176742116577,9144.0
3510.0,VTI105,17.756638789887035,82.98040818341696,9144.0
3510.0,WCM3806,1.5260456435847491,110.45080063091946,9144.0
3510.0,XAX674,4.61561309754071,110.98680642813189,9144.0
3510.0,VJC813,1.6387279549248965,104.09559934924233,9144.0
3510.0,VJC915,11.17366314513613,104.78176742116577,9144.0
3510.0,VTI105,17.756638789887035,82.98040818341696,9144.0
3510.0,WCM3806,1.5260456435847491,110.45080063091946,9144.0
3510.0,XAX674,4.61561309754071,110.98680642813189,9144.0
3520.0,VJC813,1.6254599965093317,104.09076277431477,9144.0
3520.0,VJC915,11.142271923105413,104.77652698748389,9144.0
3520.0,VTI105,17.747088497635694,83.01018810883646,9144.0
3520.0,WCM3806,1.5218095035871826,110.4398240054619,9144.0
3520.0,XAX674,4.623399602693061,111.0173868563044,9144.0
3520.0,VJC813,1.6254599965093317,104.09076277431477,9144.0
3520.0,VJC915,11.142271923105413,104.77652698748389,9144.0
3520.0,VTI105,17.747088497635694,83.01018810883646,9144.0
3520.0,WCM3806,1.5218095035871826,110.4398240054619,9144.0
3520.0,XAX674,4.623399602693061,111.0173868563044,9144.0
3530.0,VJC813,1.6118772447712983,104.08664717043644,9144.0
3530.0,VJC915,11.11089048055141,104.77122662995133,9144.0
3530.0,VTI105,17.737530729539756,83.03996380079857,9144.0
3530.0,WCM3806,1.5175360329644656,110.42886189172505,9144.0
3530.0,XAX674,4.631210218852743,111.0479614322403,9144.0
3530.0,VJC813,1.6118772447712983,104.08664717043644,9144.0
3530.0,VJC915,11.11089048055141,104.77122662995133,9144.0
3530.0,VTI105,17.737530729539756,83.03996380079857,9144.0
3530.0,WCM3806,1.5175360329644656,110.42886189172505,9144.0
3530.0,XAX674,4.631210218852743,111.0479614322403,9144.0
3540.0,VJC813,1.5982944843510076,104.08253162257408,9144.0
3540.0,VJC915,11.07956635645867,104.76593711530853,9144.0
3540.0,VTI105,17.72796590841539,83.06973540683339,9144.0
3540.0,WCM3806,1.5137895246905124,110.41925247424346,9144.0
3540.0,XAX674,4.639047723697395,111.07865034727782,9144.0
3540.0,VJC813,1.5982944843510076,104.08253162257408,9144.0
3540.0,VJC915,11.07956635645867,104.76593711530853,9144.0
3540.0,VTI105,17.72796590841539,83.06973540683339,9144.0
3540.0,WCM3806,1.5137895246905124,110.41925247424346,9144.0
3540.0,XAX674,4.639047723697395,111.07865034727782,9144.0
3550.0,VJC813,1.585211382544542,104.07702966371981,9144.0
3550.0,VJC915,11.048233682099609,104.76070100745366,9144.0
3550.0,VTI105,17.71835946156826,83.09949064280465,9144.0
3550.0,WCM3806,1.509890887248815,110.4097038243413,9144.0
3550.0,XAX674,4.646874775724868,111.10934228798504,9144.0
3550.0,VJC813,1.585211382544542,104.07702966371981,9144.0
3550.0,VJC915,11.048233682099609,104.76070100745366,9144.0
3550.0,VTI105,17.71835946156826,83.09949064280465,9144.0
3550.0,WCM3806,1.509890887248815,110.4097038243413,9144.0
3550.0,XAX674,4.646874775724868,111.10934228798504,9144.0
3560.0,VJC813,1.5720630710397014,104.07150036107225,9144.0
3560.0,VJC915,11.016900916313677,104.75546602577391,9144.0
3560.0,VTI105,17.708726948438887,83.12930089464821,9144.0
3560.0,WCM3806,1.5026535384322663,110.4025637810922,9144.0
3560.0,XAX674,4.654714258932347,111.1400917700268,9144.0
3560.0,VJC813,1.5720630710397014,104.07150036107225,9144.0
3560.0,VJC915,11.016900916313677,104.75546602577391,9144.0
3560.0,VTI105,17.708726948438887,83.12930089464821,9144.0
3560.0,WCM3806,1.5026535384322663,110.4025637810922,9144.0
3560.0,XAX674,4.654714258932347,111.1400917700268,9144.0
3570.0,VJC813,1.5589141907124775,104.06597244693089,9144.0
3570.0,VJC915,10.985572893707092,104.75020222308912,9144.0
3570.0,VTI105,17.699078944894342,83.15910402379012,9144.0
3570.0,WCM3806,1.4988650679635949,110.39320683424147,9144.0
3570.0,XAX674,4.662543599834628,111.170844195596,9144.0
3570.0,VJC813,1.5589141907124775,104.06597244693089,9144.0
3570.0,VJC915,10.985572893707092,104.75020222308912,9144.0
3570.0,VTI105,17.699078944894342,83.15910402379012,9144.0
3570.0,WCM3806,1.4988650679635949,110.39320683424147,9144.0
3570.0,XAX674,4.662543599834628,111.170844195596,9144.0
3580.0,VJC813,1.54589572890722,104.06049943971361,9144.0
3580.0,VJC915,10.954302237875995,104.74494919680966,9144.0
3580.0,VTI105,17.689423918662047,83.18890304492463,9144.0
3580.0,WCM3806,1.4972929311031455,110.3832348063502,9144.0
3580.0,XAX674,4.670385414228655,111.20165411335331,9144.0
3580.0,VJC813,1.54589572890722,104.06049943971361,9144.0
3580.0,VJC915,10.954302237875995,104.74494919680966,9144.0
3580.0,VTI105,17.689423918662047,83.18890304492463,9144.0
3580.0,WCM3806,1.4972929311031455,110.3832348063502,9144.0
3580.0,XAX674,4.670385414228655,111.20165411335331,9144.0
3590.0,VJC813,1.532871414349779,104.05504041865035,9144.0
3590.0,VJC915,10.923040789562483,104.73964017851917,9144.0
3590.0,VTI105,17.67983885385675,83.21872534807112,9144.0
3590.0,WCM3806,1.495720723902407,110.3732627967049,9144.0
3590.0,XAX674,4.678202917979258,111.2324705935105,9144.0
3590.0,VJC813,1.532871414349779,104.05504041865035,9144.0
3590.0,VJC915,10.923040789562483,104.73964017851917,9144.0
3590.0,VTI105,17.67983885385675,83.21872534807112,9144.0
3590.0,WCM3806,1.495720723902407,110.3732627967049,9144.0
3590.0,XAX674,4.678202917979258,111.2324705935105,9144.0
3600.0,VJC813,1.5199123923289146,104.04960883957844,9144.0
3600.0,VJC915,10.891836728895393,104.73434204438801,9144.0
3600.0,VTI105,17.67022785763067,83.24860267216533,9144.0
3600.0,WCM3806,1.4917374601160844,110.3639871847475,9144.0
3600.0,XAX674,4.686040155835637,111.26328237241351,9144.0
3600.0,VJC813,1.5199123923289146,104.04960883957844,9144.0
3600.0,VJC915,10.891836728895393,104.73434204438801,9144.0
3600.0,VTI105,17.67022785763067,83.24860267216533,9144.0
3600.0,WCM3806,1.4917374601160844,110.3639871847475,9144.0
3600.0,XAX674,4.686040155835637,111.26328237241351,9144.0
3610.0,VJC813,1.5069707764580094,104.04413592065895,9144.0
3610.0,VJC915,10.860632529717742,104.7290453105988,9144.0
3610.0,VTI105,17.662514516821744,83.27907867704934,9144.0
3610.0,WCM3806,1.487493378881251,110.35410952017972,9144.0
3610.0,XAX674,4.69386229375033,111.29409835909317,9144.0
3610.0,VJC813,1.5069707764580094,104.04413592065895,9144.0
3610.0,VJC915,10.860632529717742,104.7290453105988,9144.0
3610.0,VTI105,17.662514516821744,83.27907867704934,9144.0
3610.0,WCM3806,1.487493378881251,110.35410952017972,9144.0
3610.0,XAX674,4.69386229375033,111.29409835909317,9144.0
3620.0,VJC813,1.4942904304844988,104.03877356391436,9144.0
3620.0,VJC915,10.829412286198849,104.72384806870616,9144.0
3620.0,VTI105,17.654810307128212,83.30949142062143,9144.0
3620.0,WCM3806,1.4833067560156268,110.34436560254633,9144.0
3620.0,XAX674,4.701714238112799,111.32490706037997,9144.0
3620.0,VJC813,1.4942904304844988,104.03877356391436,9144.0
3620.0,VJC915,10.829412286198849,104.72384806870616,9144.0
3620.0,VTI105,17.654810307128212,83.30949142062143,9144.0
3620.0,WCM3806,1.4833067560156268,110.34436560254633,9144.0
3620.0,XAX674,4.701714238112799,111.32490706037997,9144.0
3630.0,VJC813,1.4816065042746254,104.03341971779055,9144.0
3630.0,VJC915,10.798191953491115,104.71865192306076,9144.0
3630.0,VTI105,17.647097239356373,83.3399003888189,9144.0
3630.0,XAX674,4.709535379575536,111.35560326475756,9144.0
3630.0,VJC813,1.4816065042746254,104.03341971779055,9144.0
3630.0,VJC915,10.798191953491115,104.71865192306076,9144.0
3630.0,VTI105,17.647097239356373,83.3399003888189,9144.0
3630.0,XAX674,4.709535379575536,111.35560326475756,9144.0
3640.0,VJC813,1.4693814842533774,104.0282596433603,9144.0
3640.0,VJC915,10.766977231053486,104.71342150513664,9144.0
3640.0,VTI105,17.639417766679692,83.3703174220485,9144.0
3640.0,XAX674,4.717349474969188,111.38630162092872,9144.0
3640.0,VJC813,1.4693814842533774,104.0282596433603,9144.0
3640.0,VJC915,10.766977231053486,104.71342150513664,9144.0
3640.0,VTI105,17.639417766679692,83.3703174220485,9144.0
3640.0,XAX674,4.717349474969188,111.38630162092872,9144.0
3650.0,VJC813,1.4570680350483887,104.02331446843317,9144.0
3650.0,VJC915,10.735819958692153,104.70820181709284,9144.0
3650.0,VTI105,17.6317296572906,83.4007307554576,9144.0
3650.0,XAX674,4.725151636962232,111.41700337815811,9144.0
3650.0,VJC813,1.4570680350483887,104.02331446843317,9144.0
3650.0,VJC915,10.735819958692153,104.70820181709284,9144.0
3650.0,VTI105,17.6317296572906,83.4007307554576,9144.0
3650.0,XAX674,4.725151636962232,111.41700337815811,9144.0
3660.0,VJC813,1.4455901466658057,104.01822856198686,9144.0
3660.0,VJC915,10.704655932214498,104.70302460105395,9144.0
3660.0,VTI105,17.624063705178315,83.43114895299408,9144.0
3660.0,XAX674,4.732908386847042,111.44753569826196,9144.0
3660.0,VJC813,1.4455901466658057,104.01822856198686,9144.0
3660.0,VJC915,10.704655932214498,104.70302460105395,9144.0
3660.0,VTI105,17.624063705178315,83.43114895299408,9144.0
3660.0,XAX674,4.732908386847042,111.44753569826196,9144.0
3670.0,VJC813,1.4345630151218822,104.01354897709902,9144.0
3670.0,VJC915,10.673549409664671,104.6978580210662,9144.0
3670.0,VTI105,17.616375845018606,83.46162424380819,9144.0
3670.0,XAX674,4.740675559599437,111.47806569331223,9144.0
3670.0,VJC813,1.4345630151218822,104.01354897709902,9144.0
3670.0,VJC915,10.673549409664671,104.6978580210662,9144.0
3670.0,VTI105,17.616375845018606,83.46162424380819,9144.0
3670.0,XAX674,4.740675559599437,111.47806569331223,9144.0
3680.0,VJC813,1.424334501825248,104.00920834856291,9144.0
3680.0,VJC915,10.642442700555918,104.6926931320681,9144.0
3680.0,VTI105,17.6086478228947,83.4920870460304,9144.0
3680.0,XAX674,4.748440678767299,111.50859655775959,9144.0
3680.0,VJC813,1.424334501825248,104.00920834856291,9144.0
3680.0,VJC915,10.642442700555918,104.6926931320681,9144.0
3680.0,VTI105,17.6086478228947,83.4920870460304,9144.0
3680.0,XAX674,4.748440678767299,111.50859655775959,9144.0
3690.0,VJC813,1.413879822808649,104.0054453435184,9144.0
3690.0,VJC915,10.611357377928023,104.68739715227393,9144.0
3690.0,VTI105,17.60103226943246,83.52257972365827,9144.0
3690.0,XAX674,4.7562018880256645,111.53912876706308,9144.0
3690.0,VJC813,1.413879822808649,104.0054453435184,9144.0
3690.0,VJC915,10.611357377928023,104.68739715227393,9144.0
3690.0,VTI105,17.60103226943246,83.52257972365827,9144.0
3690.0,XAX674,4.7562018880256645,111.53912876706308,9144.0
3700.0,VJC813,1.4043061108501154,104.00123875106117,9144.0
3700.0,VJC915,10.580271932944932,104.68210245332173,9144.0
3700.0,VTI105,17.593373258954866,83.55305912689683,9144.0
3700.0,XAX674,4.76396141186579,111.56966175203912,9144.0
3700.0,VJC813,1.4043061108501154,104.00123875106117,9144.0
3700.0,VJC915,10.580271932944932,104.68210245332173,9144.0
3700.0,VTI105,17.593373258954866,83.55305912689683,9144.0
3700.0,XAX674,4.76396141186579,111.56966175203912,9144.0
3710.0,VJC813,1.3947323910684488,103.99703219359151,9144.0
3710.0,VJC915,10.54916462147572,104.67694289326612,9144.0
3710.0,VTI105,17.585570103494145,83.58349695084809,9144.0
3710.0,XAX674,4.771718840948302,111.60019561779662,9144.0
3710.0,VJC813,1.3947323910684488,103.99703219359151,9144.0
3710.0,VJC915,10.54916462147572,104.67694289326612,9144.0
3710.0,VTI105,17.585570103494145,83.58349695084809,9144.0
3710.0,XAX674,4.771718840948302,111.60019561779662,9144.0
3720.0,VJC813,1.3852253931821281,103.99285499092552,9144.0
3720.0,VJC915,10.518114833522676,104.67179408111673,9144.0
3720.0,VTI105,17.577736902700543,83.61392496284341,9144.0
3720.0,XAX674,4.779488828463792,111.63072661385716,9144.0
3720.0,VJC813,1.3852253931821281,103.99285499092552,9144.0
3720.0,VJC915,10.518114833522676,104.67179408111673,9144.0
3720.0,VTI105,17.577736902700543,83.61392496284341,9144.0
3720.0,XAX674,4.779488828463792,111.63072661385716,9144.0
3730.0,VJC813,1.3757183870553997,103.98867782372804,9144.0
3730.0,VJC915,10.487150186115532,104.66614024939304,9144.0
3730.0,VTI105,17.570144738547928,83.64441884866903,9144.0
3730.0,XAX674,4.787242279625603,111.66120163438036,9144.0
3730.0,VJC813,1.3757183870553997,103.98867782372804,9144.0
3730.0,VJC915,10.487150186115532,104.66614024939304,9144.0
3730.0,VTI105,17.570144738547928,83.64441884866903,9144.0
3730.0,XAX674,4.787242279625603,111.66120163438036,9144.0
3740.0,VJC813,1.3662113809286713,103.98450067311835,9144.0
3740.0,VJC915,10.456185429042494,104.6604876035554,9144.0
3740.0,VTI105,17.56254324574625,83.67484448941109,9144.0
3740.0,XAX674,4.794952720798428,111.69168798556811,9144.0
3740.0,VJC813,1.3662113809286713,103.98450067311835,9144.0
3740.0,VJC915,10.456185429042494,104.6604876035554,9144.0
3740.0,VTI105,17.56254324574625,83.67484448941109,9144.0
3740.0,XAX674,4.794952720798428,111.69168798556811,9144.0
3750.0,VJC915,10.42521549544635,104.65486491905497,9144.0
3750.0,VTI105,17.554748696546632,83.70521503691845,9144.0
3750.0,XAX674,4.8026614913487675,111.7221751065579,9144.0
3750.0,VJC915,10.42521549544635,104.65486491905497,9144.0
3750.0,VTI105,17.554748696546632,83.70521503691845,9144.0
3750.0,XAX674,4.8026614913487675,111.7221751065579,9144.0
3760.0,VJC915,10.394245454387509,104.64924340478161,9144.0
3760.0,VTI105,17.546931729717613,83.73557793524328,9144.0
3760.0,XAX674,4.810368260346777,111.75266308197827,9144.0
3760.0,VJC915,10.394245454387509,104.64924340478161,9144.0
3760.0,VTI105,17.546931729717613,83.73557793524328,9144.0
3760.0,XAX674,4.810368260346777,111.75266308197827,9144.0
3770.0,VJC915,10.363275665445476,104.6436210116335,9144.0
3770.0,VTI105,17.539388787760764,83.76601571273599,9144.0
3770.0,XAX674,4.818232259832089,111.7831109479317,9144.0
3770.0,VJC915,10.363275665445476,104.6436210116335,9144.0
3770.0,VTI105,17.539388787760764,83.76601571273599,9144.0
3770.0,XAX674,4.818232259832089,111.7831109479317,9144.0
3780.0,VJC915,10.332305770921275,104.63799977436715,9144.0
3780.0,VTI105,17.531842343049988,83.79638685037031,9144.0
3780.0,XAX674,4.82608017081101,111.81350269118438,9144.0
3780.0,VJC915,10.332305770921275,104.63799977436715,9144.0
3780.0,VTI105,17.531842343049988,83.79638685037031,9144.0
3780.0,XAX674,4.82608017081101,111.81350269118438,9144.0
3790.0,VJC915,10.301311938723344,104.63251709078233,9144.0
3790.0,VTI105,17.523979743228665,83.82666834105721,9144.0
3790.0,XAX674,4.833926668503942,111.84389515364879,9144.0
3790.0,VJC915,10.301311938723344,104.63251709078233,9144.0
3790.0,VTI105,17.523979743228665,83.82666834105721,9144.0
3790.0,XAX674,4.833926668503942,111.84389515364879,9144.0
3800.0,VJC915,10.27031800865481,104.62703551691452,9144.0
3800.0,VTI105,17.516098253790105,83.85694311636796,9144.0
3800.0,XAX674,4.841771743603972,111.87428833819658,9144.0
3800.0,VJC915,10.27031800865481,104.62703551691452,9144.0
3800.0,VTI105,17.516098253790105,83.85694311636796,9144.0
3800.0,XAX674,4.841771743603972,111.87428833819658,9144.0
3810.0,VJC915,10.239339738870722,104.62146380766715,9144.0
3810.0,VTI105,17.508484673103066,83.88729191444538,9144.0
3810.0,XAX674,4.849615385049481,111.90468224815339,9144.0
3810.0,VJC915,10.239339738870722,104.62146380766715,9144.0
3810.0,VTI105,17.508484673103066,83.88729191444538,9144.0
3810.0,XAX674,4.849615385049481,111.90468224815339,9144.0
3820.0,VJC915,10.208361368506248,104.61589321915989,9144.0
3820.0,VTI105,17.500838507276185,83.91769489220583,9144.0
3820.0,XAX674,4.85745757927782,111.93507688749237,9144.0
3820.0,VJC915,10.208361368506248,104.61589321915989,9144.0
3820.0,VTI105,17.500838507276185,83.91769489220583,9144.0
3820.0,XAX674,4.85745757927782,111.93507688749237,9144.0
3830.0,VJC915,10.17738303889344,104.61032293821711,9144.0
3830.0,VTI105,17.49320938117577,83.94810129945837,9144.0
3830.0,XAX674,4.865298308985872,111.96547226115554,9144.0
3830.0,VJC915,10.17738303889344,104.61032293821711,9144.0
3830.0,VTI105,17.49320938117577,83.94810129945837,9144.0
3830.0,XAX674,4.865298308985872,111.96547226115554,9144.0
3840.0,VJC915,10.146347113793556,104.60474341683123,9144.0
3840.0,VTI105,17.48556595210838,83.97850247966903,9144.0
3840.0,XAX674,4.873137550909651,111.99586837562957,9144.0
3840.0,VJC915,10.146347113793556,104.60474341683123,9144.0
3840.0,VTI105,17.48556595210838,83.97850247966903,9144.0
3840.0,XAX674,4.873137550909651,111.99586837562957,9144.0
3850.0,VJC915,10.115310331196788,104.59916935979776,9144.0
3850.0,VTI105,17.478430490501115,84.00903788225294,9144.0
3850.0,XAX674,4.880975271413064,112.02626524008977,9144.0
3850.0,VJC915,10.115310331196788,104.59916935979776,9144.0
3850.0,VTI105,17.478430490501115,84.00903788225294,9144.0
3850.0,XAX674,4.880975271413064,112.02626524008977,9144.0
3860.0,VJC915,10.08421599234336,104.59358606742403,9144.0
3860.0,VTI105,17.471280720639594,84.03956840646721,9144.0
3860.0,XAX674,4.888811416298888,112.0566628690428,9144.0
3860.0,VJC915,10.08421599234336,104.59358606742403,9144.0
3860.0,VTI105,17.471280720639594,84.03956840646721,9144.0
3860.0,XAX674,4.888811416298888,112.0566628690428,9144.0
3870.0,VJC915,10.053121558088932,104.58800386113398,9144.0
3870.0,VTI105,17.463720625389747,84.06998883185238,9144.0
3870.0,XAX674,4.896645880776826,112.08706129011658,9144.0
3870.0,VJC915,10.053121558088932,104.58800386113398,9144.0
3870.0,VTI105,17.463720625389747,84.06998883185238,9144.0
3870.0,XAX674,4.896645880776826,112.08706129011658,9144.0
3880.0,VJC915,10.021972036943279,104.58274847157719,9144.0
3880.0,VTI105,17.45614689746064,84.10040426572922,9144.0
3880.0,XAX674,4.904478365450152,112.11746058141829,9144.0
3880.0,VJC915,10.021972036943279,104.58274847157719,9144.0
3880.0,VTI105,17.45614689746064,84.10040426572922,9144.0
3880.0,XAX674,4.904478365450152,112.11746058141829,9144.0
3890.0,VJC915,9.990764907090313,104.57748439561918,9144.0
3890.0,VTI105,17.448757410987263,84.13086822487419,9144.0
3890.0,XAX674,4.912297548904766,112.1478636782486,9144.0
3890.0,VJC915,9.990764907090313,104.57748439561918,9144.0
3890.0,VTI105,17.448757410987263,84.13086822487419,9144.0
3890.0,XAX674,4.912297548904766,112.1478636782486,9144.0
3900.0,VJC915,9.959557684093333,104.57222139321684,9144.0
3900.0,VTI105,17.441362119596917,84.16132940065509,9144.0
3900.0,XAX674,4.920235117249001,112.17823621752025,9144.0
3900.0,VJC915,9.959557684093333,104.57222139321684,9144.0
3900.0,VTI105,17.441362119596917,84.16132940065509,9144.0
3900.0,XAX674,4.920235117249001,112.17823621752025,9144.0
3910.0,VJC915,9.92835194263745,104.5669498464389,9144.0
3910.0,VTI105,17.433959665094402,84.1917874287053,9144.0
3910.0,XAX674,4.9281103765869565,112.20838224887102,9144.0
3910.0,VJC915,9.92835194263745,104.5669498464389,9144.0
3910.0,VTI105,17.433959665094402,84.1917874287053,9144.0
3910.0,XAX674,4.9281103765869565,112.20838224887102,9144.0
3920.0,VJC915,9.897146115399039,104.56167932472398,9144.0
3920.0,VTI105,17.426473691474254,84.2222217741863,9144.0
3920.0,XAX674,4.9358657202333,112.23855993549475,9144.0
3920.0,VJC915,9.897146115399039,104.56167932472398,9144.0
3920.0,VTI105,17.426473691474254,84.2222217741863,9144.0
3920.0,XAX674,4.9358657202333,112.23855993549475,9144.0
3930.0,VJC915,9.865933497149692,104.55645090027896,9144.0
3930.0,VTI105,17.418965706682222,84.25271321418882,9144.0
3930.0,XAX674,4.9436332845310895,112.26879562854843,9144.0
3930.0,VJC915,9.865933497149692,104.55645090027896,9144.0
3930.0,VTI105,17.418965706682222,84.25271321418882,9144.0
3930.0,XAX674,4.9436332845310895,112.26879562854843,9144.0
3940.0,VJC915,9.834720795868115,104.55122348102269,9144.0
3940.0,VTI105,17.41152013972215,84.28322021802904,9144.0
3940.0,XAX674,4.951447059314194,112.29901968013762,9144.0
3940.0,VJC915,9.834720795868115,104.55122348102269,9144.0
3940.0,VTI105,17.41152013972215,84.28322021802904,9144.0
3940.0,XAX674,4.951447059314194,112.29901968013762,9144.0
3950.0,VJC915,9.803521069165503,104.54591737937076,9144.0
3950.0,VTI105,17.40409692423795,84.31360341269189,9144.0
3950.0,XAX674,4.9592592066133205,112.329244512899,9144.0
3950.0,VJC915,9.803521069165503,104.54591737937076,9144.0
3950.0,VTI105,17.40409692423795,84.31360341269189,9144.0
3950.0,XAX674,4.9592592066133205,112.329244512899,9144.0
3960.0,VJC915,9.77226378523742,104.54060251632906,9144.0
3960.0,VTI105,17.396665990769154,84.34398330046704,9144.0
3960.0,XAX674,4.967069550703625,112.35947017298709,9144.0
3960.0,VJC915,9.77226378523742,104.54060251632906,9144.0
3960.0,VTI105,17.396665990769154,84.34398330046704,9144.0
3960.0,XAX674,4.967069550703625,112.35947017298709,9144.0
3970.0,VJC915,9.741003919198246,104.53530381025784,9144.0
3970.0,VTI105,17.38924283778147,84.37429969348324,9144.0
3970.0,XAX674,4.974877208526823,112.38969689058308,9144.0
3970.0,VJC915,9.741003919198246,104.53530381025784,9144.0
3970.0,VTI105,17.38924283778147,84.37429969348324,9144.0
3970.0,XAX674,4.974877208526823,112.38969689058308,9144.0
3980.0,VJC915,9.70974396941126,104.53000610824526,9144.0
3980.0,VTI105,17.381818065213434,84.40461442097312,9144.0
3980.0,XAX674,4.982691863885065,112.41992214525564,9144.0
3980.0,VJC915,9.70974396941126,104.53000610824526,9144.0
3980.0,VTI105,17.381818065213434,84.40461442097312,9144.0
3980.0,XAX674,4.982691863885065,112.41992214525564,9144.0
3990.0,VJC915,9.678486085048345,104.52469637213704,9144.0
3990.0,VTI105,17.374401120869063,84.43486562902682,9144.0
3990.0,XAX674,4.990504133635327,112.45014838090474,9144.0
3990.0,VJC915,9.678486085048345,104.52469637213704,9144.0
3990.0,VTI105,17.374401120869063,84.43486562902682,9144.0
3990.0,XAX674,4.990504133635327,112.45014838090474,9144.0
4000.0,VJC915,9.64699860703797,104.5193486591143,9144.0
4000.0,VTI105,17.366855867151553,84.46508073500343,9144.0
4000.0,XAX674,4.998336639582142,112.48036970017957,9144.0
4000.0,VJC915,9.64699860703797,104.5193486591143,9144.0
4000.0,VTI105,17.366855867151553,84.46508073500343,9144.0
4000.0,XAX674,4.998336639582142,112.48036970017957,9144.0
4010.0,VJC915,9.615496763312498,104.51408920665332,9144.0
4010.0,VTI105,17.35928861560603,84.49535303047013,9144.0
4010.0,XAX674,5.006166781551531,112.51059199822697,9144.0
4010.0,VJC915,9.615496763312498,104.51408920665332,9144.0
4010.0,VTI105,17.35928861560603,84.49535303047013,9144.0
4010.0,XAX674,5.006166781551531,112.51059199822697,9144.0
4020.0,VJC915,9.583823029850677,104.50880206604297,9144.0
4020.0,VTI105,17.352108380894038,84.52572744175744,9144.0
4020.0,XAX674,5.013957402521187,112.54082494672484,9144.0
4020.0,VJC915,9.583823029850677,104.50880206604297,9144.0
4020.0,VTI105,17.352108380894038,84.52572744175744,9144.0
4020.0,XAX674,5.013957402521187,112.54082494672484,9144.0
4030.0,VJC915,9.552155621841676,104.50347659377377,9144.0
4030.0,VTI105,17.344921138298954,84.55609884357366,9144.0
4030.0,XAX674,5.021746376543531,112.57105868371016,9144.0
4030.0,VJC915,9.552155621841676,104.50347659377377,9144.0
4030.0,VTI105,17.344921138298954,84.55609884357366,9144.0
4030.0,XAX674,5.021746376543531,112.57105868371016,9144.0
4040.0,VJC915,9.520488131150259,104.49815212151958,9144.0
4040.0,VTI105,17.33787400544692,84.58650509210224,9144.0
4040.0,XAX674,5.02953352907447,112.60129325488343,9144.0
4040.0,VJC915,9.520488131150259,104.49815212151958,9144.0
4040.0,VTI105,17.33787400544692,84.58650509210224,9144.0
4040.0,XAX674,5.02953352907447,112.60129325488343,9144.0
4050.0,VJC915,9.488825035082602,104.49280134135378,9144.0
4050.0,VTI105,17.330819918826972,84.6169084026335,9144.0
4050.0,XAX674,5.037318009139688,112.63152888138822,9144.0
4050.0,VJC915,9.488825035082602,104.49280134135378,9144.0
4050.0,VTI105,17.330819918826972,84.6169084026335,9144.0
4050.0,XAX674,5.037318009139688,112.63152888138822,9144.0
4060.0,VJC915,9.457333607774538,104.48748057380946,9144.0
4060.0,VTI105,17.323708975411037,84.64729599835995,9144.0
4060.0,XAX674,5.045163212695028,112.66174905195103,9144.0
4060.0,VJC915,9.457333607774538,104.48748057380946,9144.0
4060.0,VTI105,17.323708975411037,84.64729599835995,9144.0
4060.0,XAX674,5.045163212695028,112.66174905195103,9144.0
4070.0,VJC915,9.425827297086782,104.4822516226677,9144.0
4070.0,VTI105,17.3165911214831,84.67768064155912,9144.0
4070.0,XAX674,5.053006079015615,112.69197019938639,9144.0
4070.0,VJC915,9.425827297086782,104.4822516226677,9144.0
4070.0,VTI105,17.3165911214831,84.67768064155912,9144.0
4070.0,XAX674,5.053006079015615,112.69197019938639,9144.0
4080.0,VJC915,9.394493086178016,104.47705220143801,9144.0
4080.0,VTI105,17.30940923689786,84.7080475618825,9144.0
4080.0,XAX674,5.060797730941524,112.72220505883234,9144.0
4080.0,VJC915,9.394493086178016,104.47705220143801,9144.0
4080.0,VTI105,17.30940923689786,84.7080475618825,9144.0
4080.0,XAX674,5.060797730941524,112.72220505883234,9144.0
4090.0,VJC915,9.36317593866962,104.47174869212388,9144.0
4090.0,VTI105,17.302220504788984,84.7384115175269,9144.0
4090.0,XAX674,5.06858699937248,112.75244090152955,9144.0
4090.0,VJC915,9.36317593866962,104.47174869212388,9144.0
4090.0,VTI105,17.302220504788984,84.7384115175269,9144.0
4090.0,XAX674,5.06858699937248,112.75244090152955,9144.0
4100.0,VJC915,9.331858711813066,104.46644614122816,9144.0
4100.0,VTI105,17.29507839428277,84.76878636111235,9144.0
4100.0,XAX674,5.076395849233503,112.78267201893554,9144.0
4100.0,VJC915,9.331858711813066,104.46644614122816,9144.0
4100.0,VTI105,17.29507839428277,84.76878636111235,9144.0
4100.0,XAX674,5.076395849233503,112.78267201893554,9144.0
4110.0,VJC915,9.300541405642992,104.46114454683064,9144.0
4110.0,VTI105,17.28790100508426,84.79927920048239,9144.0
4110.0,XAX674,5.084187743292,112.81284706577102,9144.0
4110.0,VJC915,9.300541405642992,104.46114454683064,9144.0
4110.0,VTI105,17.28790100508426,84.79927920048239,9144.0
4110.0,XAX674,5.084187743292,112.81284706577102,9144.0
4120.0,VJC915,9.269224019452377,104.45584391151093,9144.0
4120.0,VTI105,17.28070461030581,84.82976593457951,9144.0
4120.0,XAX674,5.091970371079671,112.84302488775708,9144.0
4120.0,VJC915,9.269224019452377,104.45584391151093,9144.0
4120.0,VTI105,17.28070461030581,84.82976593457951,9144.0
4120.0,XAX674,5.091970371079671,112.84302488775708,9144.0
4130.0,VJC915,9.23789917854822,104.45058916156339,9144.0
4130.0,VTI105,17.273501382695464,84.860249706789,9144.0
4130.0,XAX674,5.0997510017733605,112.87320359425023,9144.0
4130.0,VJC915,9.23789917854822,104.45058916156339,9144.0
4130.0,VTI105,17.273501382695464,84.860249706789,9144.0
4130.0,XAX674,5.0997510017733605,112.87320359425023,9144.0
4140.0,VJC915,9.2066317123839,104.44534499067615,9144.0
4140.0,VTI105,17.266328416543242,84.89074011691767,9144.0
4140.0,XAX674,5.10752419410008,112.90338459847253,9144.0
4140.0,VJC915,9.2066317123839,104.44534499067615,9144.0
4140.0,VTI105,17.266328416543242,84.89074011691767,9144.0
4140.0,XAX674,5.10752419410008,112.90338459847253,9144.0
4150.0,VJC915,9.175366016282853,104.4400904642682,9144.0
4150.0,VTI105,17.259134442911687,84.92128798148087,9144.0
4150.0,XAX674,5.11530049878986,112.93356516091525,9144.0
4150.0,VJC915,9.175366016282853,104.4400904642682,9144.0
4150.0,VTI105,17.259134442911687,84.92128798148087,9144.0
4150.0,XAX674,5.11530049878986,112.93356516091525,9144.0
4160.0,VJC915,9.144042793550176,104.43482721760864,9144.0
4160.0,VTI105,17.251922701323444,84.95183005770556,9144.0
4160.0,XAX674,5.123089011295251,112.96380376479146,9144.0
4160.0,VJC915,9.144042793550176,104.43482721760864,9144.0
4160.0,VTI105,17.251922701323444,84.95183005770556,9144.0
4160.0,XAX674,5.123089011295251,112.96380376479146,9144.0
4170.0,VJC915,9.112719481778427,104.42956497688354,9144.0
4170.0,VTI105,17.244704204662447,84.98236918961233,9144.0
4170.0,XAX674,5.130853631956354,112.99404892951715,9144.0
4170.0,VJC915,9.112719481778427,104.42956497688354,9144.0
4170.0,VTI105,17.244704204662447,84.98236918961233,9144.0
4170.0,XAX674,5.130853631956354,112.99404892951715,9144.0
4180.0,VJC915,9.081399299872142,104.42428412417345,9144.0
4180.0,VTI105,17.237327453837306,85.012865614739,9144.0
4180.0,XAX674,5.138615990438837,113.02429504779903,9144.0
4180.0,VJC915,9.081399299872142,104.42428412417345,9144.0
4180.0,VTI105,17.237327453837306,85.012865614739,9144.0
4180.0,XAX674,5.138615990438837,113.02429504779903,9144.0
4190.0,VJC915,9.050021635061805,104.41899452534831,9144.0
4190.0,VTI105,17.23005728167379,85.04338888331581,9144.0
4190.0,XAX674,5.146456512108894,113.05452120766992,9144.0
4190.0,VJC915,9.050021635061805,104.41899452534831,9144.0
4190.0,VTI105,17.23005728167379,85.04338888331581,9144.0
4190.0,XAX674,5.146456512108894,113.05452120766992,9144.0
4200.0,VJC915,9.018642196902219,104.41371618381054,9144.0
4200.0,VTI105,17.22279799175683,85.07391379175314,9144.0
4200.0,XAX674,5.154294773748103,113.08474833116375,9144.0
4200.0,VJC915,9.018642196902219,104.41371618381054,9144.0
4200.0,VTI105,17.22279799175683,85.07391379175314,9144.0
4200.0,XAX674,5.154294773748103,113.08474833116375,9144.0
4210.0,VJC915,8.987377538820088,104.40845808200392,9144.0
4210.0,VTI105,17.215532002259526,85.10443575336082,9144.0
4210.0,XAX674,5.16204546393042,113.11499858071745,9144.0
4210.0,VJC915,8.987377538820088,104.40845808200392,9144.0
4210.0,VTI105,17.215532002259526,85.10443575336082,9144.0
4210.0,XAX674,5.16204546393042,113.11499858071745,9144.0
4220.0,VJC915,8.956114022354047,104.40319348062692,9144.0
4220.0,VTI105,17.208192967122233,85.13493734429808,9144.0
4220.0,XAX674,5.169779305745319,113.1451927233192,9144.0
4220.0,VJC915,8.956114022354047,104.40319348062692,9144.0
4220.0,VTI105,17.208192967122233,85.13493734429808,9144.0
4220.0,XAX674,5.169779305745319,113.1451927233192,9144.0
4230.0,VJC915,8.924907915088152,104.39793946582321,9144.0
4230.0,VTI105,17.20111781720932,85.1655060231404,9144.0
4230.0,XAX674,5.177565563485781,113.17537365279074,9144.0
4230.0,VJC915,8.924907915088152,104.39793946582321,9144.0
4230.0,VTI105,17.20111781720932,85.1655060231404,9144.0
4230.0,XAX674,5.177565563485781,113.17537365279074,9144.0
4240.0,VJC915,8.893701732437494,104.39268635836136,9144.0
4240.0,VTI105,17.193986931954715,85.19612329280342,9144.0
4240.0,XAX674,5.185349608827481,113.20555552945707,9144.0
4240.0,VJC915,8.893701732437494,104.39268635836136,9144.0
4240.0,VTI105,17.193986931954715,85.19612329280342,9144.0
4240.0,XAX674,5.185349608827481,113.20555552945707,9144.0
4250.0,VJC915,8.862501940088139,104.38739495659215,9144.0
4250.0,VTI105,17.186664353553965,85.22668973513228,9144.0
4250.0,XAX674,5.193121679793916,113.23574088910688,9144.0
4250.0,VJC915,8.862501940088139,104.38739495659215,9144.0
4250.0,VTI105,17.186664353553965,85.22668973513228,9144.0
4250.0,XAX674,5.193121679793916,113.23574088910688,9144.0
4260.0,VJC915,8.831244599649978,104.38209471310205,9144.0
4260.0,VTI105,17.179278836525167,85.25730240827195,9144.0
4260.0,XAX674,5.20087683413308,113.26587012046382,9144.0
4260.0,VJC915,8.831244599649978,104.38209471310205,9144.0
4260.0,VTI105,17.179278836525167,85.25730240827195,9144.0
4260.0,XAX674,5.20087683413308,113.26587012046382,9144.0
4270.0,VJC915,8.799987182142209,104.3767953834896,9144.0
4270.0,VTI105,17.172036683230914,85.28795138648455,9144.0
4270.0,XAX674,5.208603140354605,113.29600719407647,9144.0
4270.0,VJC915,8.799987182142209,104.3767953834896,9144.0
4270.0,VTI105,17.172036683230914,85.28795138648455,9144.0
4270.0,XAX674,5.208603140354605,113.29600719407647,9144.0
4280.0,VJC915,8.768721047673537,104.37154941592344,9144.0
4280.0,VTI105,17.1647875230169,85.31859735204142,9144.0
4280.0,XAX674,5.216327283876994,113.32614519731598,9144.0
4280.0,VJC915,8.768721047673537,104.37154941592344,9144.0
4280.0,VTI105,17.1647875230169,85.31859735204142,9144.0
4280.0,XAX674,5.216327283876994,113.32614519731598,9144.0
4290.0,VJC915,8.737627424046517,104.36633328303357,9144.0
4290.0,VTI105,17.157758998148633,85.34929840244851,9144.0
4290.0,XAX674,5.224053222053734,113.35628310799251,9144.0
4290.0,VJC915,8.737627424046517,104.36633328303357,9144.0
4290.0,VTI105,17.157758998148633,85.34929840244851,9144.0
4290.0,XAX674,5.224053222053734,113.35628310799251,9144.0
4300.0,VJC915,8.706533728472994,104.36111802339447,9144.0
4300.0,VTI105,17.1507095431928,85.38005683192786,9144.0
4300.0,XAX674,5.231791833525238,113.38647899307533,9144.0
4300.0,VJC915,8.706533728472994,104.36111802339447,9144.0
4300.0,VTI105,17.1507095431928,85.38005683192786,9144.0
4300.0,XAX674,5.231791833525238,113.38647899307533,9144.0
4310.0,VJC915,8.675439960648381,104.35590363722275,9144.0
4310.0,VTI105,17.14370404233816,85.41082509744577,9144.0
4310.0,XAX674,5.239526629743448,113.41667623742326,9144.0
4310.0,VJC915,8.675439960648381,104.35590363722275,9144.0
4310.0,VTI105,17.14370404233816,85.41082509744577,9144.0
4310.0,XAX674,5.239526629743448,113.41667623742326,9144.0
4320.0,VJC915,8.644199866799068,104.35167830419294,9144.0
4320.0,VTI105,17.13669283572334,85.441590778506,9144.0
4320.0,XAX674,5.247287966686257,113.44686698916416,9144.0
4320.0,VJC915,8.644199866799068,104.35167830419294,9144.0
4320.0,VTI105,17.13669283572334,85.441590778506,9144.0
4320.0,XAX674,5.247287966686257,113.44686698916416,9144.0
4330.0,VJC915,8.613017603579369,104.347461497824,9144.0
4330.0,VTI105,17.129674968012996,85.4723536348134,9144.0
4330.0,XAX674,5.255046048438421,113.47705896033472,9144.0
4330.0,VJC915,8.613017603579369,104.347461497824,9144.0
4330.0,VTI105,17.129674968012996,85.4723536348134,9144.0
4330.0,XAX674,5.255046048438421,113.47705896033472,9144.0
4340.0,VJC915,8.581835294309505,104.34324538673921,9144.0
4340.0,VTI105,17.12262949104684,85.50310841468476,9144.0
4340.0,XAX674,5.262792621556659,113.50725428717188,9144.0
4340.0,VJC915,8.581835294309505,104.34324538673921,9144.0
4340.0,VTI105,17.12262949104684,85.50310841468476,9144.0
4340.0,XAX674,5.262792621556659,113.50725428717188,9144.0
4350.0,VJC915,8.550652939165344,104.33902996827518,9144.0
4350.0,VTI105,17.11558955032018,85.53386341868747,9144.0
4350.0,XAX674,5.270536834444071,113.53745060078396,9144.0
4350.0,VJC915,8.550652939165344,104.33902996827518,9144.0
4350.0,VTI105,17.11558955032018,85.53386341868747,9144.0
4350.0,XAX674,5.270536834444071,113.53745060078396,9144.0
4360.0,VJC915,8.51947053832259,104.33481523977058,9144.0
4360.0,VTI105,17.108539171931454,85.56455085238197,9144.0
4360.0,XAX674,5.278261190822827,113.56765241903611,9144.0
4360.0,VJC915,8.51947053832259,104.33481523977058,9144.0
4360.0,VTI105,17.108539171931454,85.56455085238197,9144.0
4360.0,XAX674,5.278261190822827,113.56765241903611,9144.0
4370.0,VJC915,8.488288091956782,104.33060119856613,9144.0
4370.0,VTI105,17.101386780222406,85.59521125382014,9144.0
4370.0,XAX674,5.28598317049583,113.5978552265676,9144.0
4370.0,VJC915,8.488288091956782,104.33060119856613,9144.0
4370.0,VTI105,17.101386780222406,85.59521125382014,9144.0
4370.0,XAX674,5.28598317049583,113.5978552265676,9144.0
4380.0,VJC915,8.457105600243288,104.3263878420047,9144.0
4380.0,VTI105,17.094226276164267,85.62580451144503,9144.0
4380.0,XAX674,5.293770339605839,113.62804152857072,9144.0
4380.0,VJC915,8.457105600243288,104.3263878420047,9144.0
4380.0,VTI105,17.094226276164267,85.62580451144503,9144.0
4380.0,XAX674,5.293770339605839,113.62804152857072,9144.0
4390.0,VJC915,8.425923063357294,104.32217516743137,9144.0
4390.0,VTI105,17.087276175513335,85.65644969152092,9144.0
4390.0,XAX674,5.3015551941626216,113.6582288130121,9144.0
4390.0,VJC915,8.425923063357294,104.32217516743137,9144.0
4390.0,VTI105,17.087276175513335,85.65644969152092,9144.0
4390.0,XAX674,5.3015551941626216,113.6582288130121,9144.0
4400.0,VJC915,8.394740481473791,104.31796317219344,9144.0
4400.0,VTI105,17.08030412747297,85.68708826883412,9144.0
4400.0,XAX674,5.3092760366924505,113.68843305231195,9144.0
4400.0,VJC915,8.394740481473791,104.31796317219344,9144.0
4400.0,VTI105,17.08030412747297,85.68708826883412,9144.0
4400.0,XAX674,5.3092760366924505,113.68843305231195,9144.0
4410.0,VJC915,8.363557854767574,104.31375185364061,9144.0
4410.0,VTI105,17.073176591969638,85.71768649709759,9144.0
4410.0,XAX674,5.316994546829133,113.71863827128563,9144.0
4410.0,VJC915,8.363557854767574,104.31375185364061,9144.0
4410.0,VTI105,17.073176591969638,85.71768649709759,9144.0
4410.0,XAX674,5.316994546829133,113.71863827128563,9144.0
4420.0,VJC915,8.332375183413214,104.30954120912502,9144.0
4420.0,VTI105,17.066038228745494,85.74828079258762,9144.0
4420.0,XAX674,5.324743122514242,113.74883610515515,9144.0
4420.0,VJC915,8.332375183413214,104.30954120912502,9144.0
4420.0,VTI105,17.066038228745494,85.74828079258762,9144.0
4420.0,XAX674,5.324743122514242,113.74883610515515,9144.0
4430.0,VJC915,8.30119246758505,104.30533123600138,9144.0
4430.0,VTI105,17.059020332195505,85.77890441875027,9144.0
4430.0,XAX674,5.332474767902295,113.77897780889029,9144.0
4430.0,VJC915,8.30119246758505,104.30533123600138,9144.0
4430.0,VTI105,17.059020332195505,85.77890441875027,9144.0
4430.0,XAX674,5.332474767902295,113.77897780889029,9144.0
4440.0,VJC915,8.27000970745716,104.30112193162722,9144.0
4440.0,VTI105,17.051996800853264,85.8095254798152,9144.0
4440.0,XAX674,5.340199316931853,113.8091217274719,9144.0
4440.0,VJC915,8.27000970745716,104.30112193162722,9144.0
4440.0,VTI105,17.051996800853264,85.8095254798152,9144.0
4440.0,XAX674,5.340199316931853,113.8091217274719,9144.0
4450.0,VJC915,8.238826903203332,104.29691329336302,9144.0
4450.0,VTI105,17.044966672315034,85.84014373242805,9144.0
4450.0,XAX674,5.347906940425873,113.83920947010915,9144.0
4450.0,VJC915,8.238826903203332,104.29691329336302,9144.0
4450.0,VTI105,17.044966672315034,85.84014373242805,9144.0
4450.0,XAX674,5.347906940425873,113.83920947010915,9144.0
4460.0,VJC915,8.207644054997031,104.29270531857253,9144.0
4460.0,VTI105,17.037904940562978,85.87075287141236,9144.0
4460.0,XAX674,5.355624349828425,113.869295061812,9144.0
4460.0,VJC915,8.207644054997031,104.29270531857253,9144.0
4460.0,VTI105,17.037904940562978,85.87075287141236,9144.0
4460.0,XAX674,5.355624349828425,113.869295061812,9144.0
4470.0,VJC915,8.176461163011346,104.28849800462314,9144.0
4470.0,VTI105,17.0307663521823,85.90134133438714,9144.0
4470.0,XAX674,5.363339531677595,113.89938160991811,9144.0
4470.0,VJC915,8.176461163011346,104.28849800462314,9144.0
4470.0,VTI105,17.0307663521823,85.90134133438714,9144.0
4470.0,XAX674,5.363339531677595,113.89938160991811,9144.0
4480.0,VJC915,8.14527822741893,104.28429134888633,9144.0
4480.0,VTI105,17.023634736448564,85.93186650542927,9144.0
4480.0,XAX674,5.370987505320359,113.92948584114266,9144.0
4480.0,VJC915,8.14527822741893,104.28429134888633,9144.0
4480.0,VTI105,17.023634736448564,85.93186650542927,9144.0
4480.0,XAX674,5.370987505320359,113.92948584114266,9144.0
4490.0,VJC915,8.114095248391902,104.28008534873837,9144.0
4490.0,VTI105,17.016568534518164,85.96240715764664,9144.0
4490.0,XAX674,5.378633252259392,113.95959102093872,9144.0
4490.0,VJC915,8.114095248391902,104.28008534873837,9144.0
4490.0,VTI105,17.016568534518164,85.96240715764664,9144.0
4490.0,XAX674,5.378633252259392,113.95959102093872,9144.0
4500.0,VJC915,8.082912226101735,104.27588000156125,9144.0
4500.0,VTI105,17.00949526696594,85.99294486747702,9144.0
4500.0,XAX674,5.386376341385371,113.98967147357902,9144.0
4500.0,VJC915,8.082912226101735,104.27588000156125,9144.0
4500.0,VTI105,17.00949526696594,85.99294486747702,9144.0
4500.0,XAX674,5.386376341385371,113.98967147357902,9144.0
4510.0,VJC915,8.05172916071908,104.27167530474395,9144.0
4510.0,VTI105,17.00239440754101,86.02347441663117,9144.0
4510.0,XAX674,5.394176003659181,114.01998118037926,9144.0
4510.0,VJC915,8.05172916071908,104.27167530474395,9144.0
4510.0,VTI105,17.00239440754101,86.02347441663117,9144.0
4510.0,XAX674,5.394176003659181,114.01998118037926,9144.0
4520.0,VJC915,8.020546052413502,104.26747125568444,9144.0
4520.0,VTI105,16.99527252941333,86.05406134171453,9144.0
4520.0,XAX674,5.401906139276838,114.05030923900927,9144.0
4520.0,VJC915,8.020546052413502,104.26747125568444,9144.0
4520.0,VTI105,16.99527252941333,86.05406134171453,9144.0
4520.0,XAX674,5.401906139276838,114.05030923900927,9144.0
4530.0,VJC915,7.989362901353081,104.26326785179272,9144.0
4530.0,VTI105,16.98811283867019,86.0846374453908,9144.0
4530.0,XAX674,5.409706611240232,114.08092294166477,9144.0
4530.0,VJC915,7.989362901353081,104.26326785179272,9144.0
4530.0,VTI105,16.98811283867019,86.0846374453908,9144.0
4530.0,XAX674,5.409706611240232,114.08092294166477,9144.0
4540.0,VJC915,7.958179707703752,104.25906509049574,9144.0
4540.0,VTI105,16.980919582623226,86.11533145296455,9144.0
4540.0,XAX674,5.417535195879102,114.11152979931117,9144.0
4540.0,VJC915,7.958179707703752,104.25906509049574,9144.0
4540.0,VTI105,16.980919582623226,86.11533145296455,9144.0
4540.0,XAX674,5.417535195879102,114.11152979931117,9144.0
4550.0,VJC915,7.926996471628153,104.25486296924619,9144.0
4550.0,VTI105,16.9737204959995,86.14602278872003,9144.0
4550.0,XAX674,5.425303315273756,114.14191000579594,9144.0
4550.0,VJC915,7.926996471628153,104.25486296924619,9144.0
4550.0,VTI105,16.9737204959995,86.14602278872003,9144.0
4550.0,XAX674,5.425303315273756,114.14191000579594,9144.0
4560.0,VJC915,7.895813193283398,104.25066148553933,9144.0
4560.0,VTI105,16.966513938468434,86.17671102983729,9144.0
4560.0,XAX674,5.433045129095565,114.17229737718637,9144.0
4560.0,VJC915,7.895813193283398,104.25066148553933,9144.0
4560.0,VTI105,16.966513938468434,86.17671102983729,9144.0
4560.0,XAX674,5.433045129095565,114.17229737718637,9144.0
4570.0,VJC915,7.864629872816144,104.24646063695025,9144.0
4570.0,VTI105,16.959355143575326,86.20741031806138,9144.0
4570.0,XAX674,5.440668189526293,114.2022284799015,9144.0
4570.0,VJC915,7.864629872816144,104.24646063695025,9144.0
4570.0,VTI105,16.959355143575326,86.20741031806138,9144.0
4570.0,XAX674,5.440668189526293,114.2022284799015,9144.0
4580.0,VJC915,7.833446510349091,104.24226042123607,9144.0
4580.0,VTI105,16.952188963099797,86.23810655227146,9144.0
4580.0,XAX674,5.448284989571082,114.23216157007951,9144.0
4580.0,VJC915,7.833446510349091,104.24226042123607,9144.0
4580.0,VTI105,16.952188963099797,86.23810655227146,9144.0
4580.0,XAX674,5.448284989571082,114.23216157007951,9144.0
4590.0,VJC915,7.802263105925938,104.23806083675227,9144.0
4590.0,VTI105,16.94502859935298,86.26880310085149,9144.0
4590.0,XAX674,5.455811955363762,114.26175097407717,9144.0
4590.0,VJC915,7.802263105925938,104.23806083675227,9144.0
4590.0,VTI105,16.94502859935298,86.26880310085149,9144.0
4590.0,XAX674,5.455811955363762,114.26175097407717,9144.0
4600.0,VJC915,7.770803408810467,104.2379998664253,9144.0
4600.0,VTI105,16.937860892756014,86.29949660693318,9144.0
4600.0,XAX674,5.463279937102435,114.2913558249722,9144.0
4600.0,VJC915,7.770803408810467,104.2379998664253,9144.0
4600.0,VTI105,16.937860892756014,86.29949660693318,9144.0
4600.0,XAX674,5.463279937102435,114.2913558249722,9144.0
4610.0,VJC915,7.739541654830212,104.23919939015053,9144.0
4610.0,VTI105,16.93071107718359,86.3301935061322,9144.0
4610.0,XAX674,5.470849322110405,114.32093504969603,9144.0
4610.0,VJC915,7.739541654830212,104.23919939015053,9144.0
4610.0,VTI105,16.93071107718359,86.3301935061322,9144.0
4610.0,XAX674,5.470849322110405,114.32093504969603,9144.0
4620.0,VJC915,7.708279897478259,104.24039873561871,9144.0
4620.0,VTI105,16.923555431066905,86.36088775413971,9144.0
4620.0,XAX674,5.478257317059074,114.35012584184072,9144.0
4620.0,VJC915,7.708279897478259,104.24039873561871,9144.0
4620.0,VTI105,16.923555431066905,86.36088775413971,9144.0
4620.0,XAX674,5.478257317059074,114.35012584184072,9144.0
4630.0,VJC915,7.677030939225042,104.24189968069766,9144.0
4630.0,VTI105,16.91639225757088,86.39157891651611,9144.0
4630.0,XAX674,5.4855601981007025,114.37891160403898,9144.0
4630.0,VJC915,7.677030939225042,104.24189968069766,9144.0
4630.0,VTI105,16.91639225757088,86.39157891651611,9144.0
4630.0,XAX674,5.4855601981007025,114.37891160403898,9144.0
4640.0,VJC915,7.645723531074861,104.2434032115754,9144.0
4640.0,VTI105,16.909188326663955,86.42225848213226,9144.0
4640.0,XAX674,5.492854731457182,114.40769985447,9144.0
4640.0,VJC915,7.645723531074861,104.2434032115754,9144.0
4640.0,VTI105,16.909188326663955,86.42225848213226,9144.0
4640.0,XAX674,5.492854731457182,114.40769985447,9144.0
4650.0,VJC915,7.614416117699739,104.24490652164603,9144.0
4650.0,VTI105,16.90199113312672,86.4528748091484,9144.0
4650.0,XAX674,5.5000290945915165,114.43602253594824,9144.0
4650.0,VJC915,7.614416117699739,104.24490652164603,9144.0
4650.0,VTI105,16.90199113312672,86.4528748091484,9144.0
4650.0,XAX674,5.5000290945915165,114.43602253594824,9144.0
4660.0,VJC915,7.583182865828177,104.24226456669743,9144.0
4660.0,VTI105,16.89481224818705,86.48349466561406,9144.0
4660.0,XAX674,5.507175913225486,114.46435258545587,9144.0
4660.0,VJC915,7.583182865828177,104.24226456669743,9144.0
4660.0,VTI105,16.89481224818705,86.48349466561406,9144.0
4660.0,XAX674,5.507175913225486,114.46435258545587,9144.0
4670.0,VJC915,7.552096159999544,104.23739188455536,9144.0
4670.0,VTI105,16.887611940432738,86.51417165065732,9144.0
4670.0,XAX674,5.514395337760563,114.49266439258594,9144.0
4670.0,VJC915,7.552096159999544,104.23739188455536,9144.0
4670.0,VTI105,16.887611940432738,86.51417165065732,9144.0
4670.0,XAX674,5.514395337760563,114.49266439258594,9144.0
4680.0,VJC915,7.521196391645523,104.2314312445866,9144.0
4680.0,VTI105,16.880396319690668,86.54484353342635,9144.0
4680.0,XAX674,5.521519782399462,114.52062648695096,9144.0
4680.0,VJC915,7.521196391645523,104.2314312445866,9144.0
4680.0,VTI105,16.880396319690668,86.54484353342635,9144.0
4680.0,XAX674,5.521519782399462,114.52062648695096,9144.0
4690.0,VJC915,7.490010163353226,104.22541623072,9144.0
4690.0,VTI105,16.87317335800372,86.57551235621621,9144.0
4690.0,XAX674,5.528575395799775,114.5486065249016,9144.0
4690.0,VJC915,7.490010163353226,104.22541623072,9144.0
4690.0,VTI105,16.87317335800372,86.57551235621621,9144.0
4690.0,XAX674,5.528575395799775,114.5486065249016,9144.0
4700.0,VJC915,7.458802351931158,104.21951661374968,9144.0
4700.0,VTI105,16.865933077611196,86.60617554425757,9144.0
4700.0,XAX674,5.535521630348163,114.5762388650361,9144.0
4700.0,VJC915,7.458802351931158,104.21951661374968,9144.0
4700.0,VTI105,16.865933077611196,86.60617554425757,9144.0
4700.0,XAX674,5.535521630348163,114.5762388650361,9144.0
4710.0,VJC915,7.427594460780057,104.21361784554232,9144.0
4710.0,VTI105,16.858671270792104,86.63689575844114,9144.0
4710.0,XAX674,5.542554784362982,114.60384933184324,9144.0
4710.0,VJC915,7.427594460780057,104.21361784554232,9144.0
4710.0,VTI105,16.858671270792104,86.63689575844114,9144.0
4710.0,XAX674,5.542554784362982,114.60384933184324,9144.0
4720.0,VJC915,7.396397851700186,104.2076591163313,9144.0
4720.0,VTI105,16.851399653896877,86.66761225781224,9144.0
4720.0,XAX674,5.549502091575778,114.63116753966403,9144.0
4720.0,VJC915,7.396397851700186,104.2076591163313,9144.0
4720.0,VTI105,16.851399653896877,86.66761225781224,9144.0
4720.0,XAX674,5.549502091575778,114.63116753966403,9144.0
4730.0,VJC915,7.365143982832848,104.2016903173302,9144.0
4730.0,VTI105,16.84412081026344,86.69832570682375,9144.0
4730.0,XAX674,5.556402097655543,114.65849816619337,9144.0
4730.0,VJC915,7.365143982832848,104.2016903173302,9144.0
4730.0,VTI105,16.84412081026344,86.69832570682375,9144.0
4730.0,XAX674,5.556402097655543,114.65849816619337,9144.0
4740.0,VJC915,7.33389001294137,104.19572247607236,9144.0
4740.0,VTI105,16.836853980126367,86.72904108200102,9144.0
4740.0,XAX674,5.563280696234182,114.6853922294791,9144.0
4740.0,VJC915,7.33389001294137,104.19572247607236,9144.0
4740.0,VTI105,16.836853980126367,86.72904108200102,9144.0
4740.0,XAX674,5.563280696234182,114.6853922294791,9144.0
4750.0,VJC915,7.302625773981603,104.18980998158823,9144.0
4750.0,VTI105,16.829581811043365,86.75975389842901,9144.0
4750.0,XAX674,5.570020193016941,114.71175020240901,9144.0
4750.0,VJC915,7.302625773981603,104.18980998158823,9144.0
4750.0,VTI105,16.829581811043365,86.75975389842901,9144.0
4750.0,XAX674,5.570020193016941,114.71175020240901,9144.0
4760.0,VJC915,7.2713614447203465,104.18389838496365,9144.0
4760.0,VTI105,16.822303872586588,86.79046404346175,9144.0
4760.0,XAX674,5.576665034914145,114.73813272375965,9144.0
4760.0,VJC915,7.2713614447203465,104.18389838496365,9144.0
4760.0,VTI105,16.822303872586588,86.79046404346175,9144.0
4760.0,XAX674,5.576665034914145,114.73813272375965,9144.0
4770.0,VJC915,7.240108103461745,104.17792844760183,9144.0
4770.0,VTI105,16.81501862825814,86.82117111758025,9144.0
4770.0,XAX674,5.583293016062281,114.76445606623972,9144.0
4770.0,VJC915,7.240108103461745,104.17792844760183,9144.0
4770.0,VTI105,16.81501862825814,86.82117111758025,9144.0
4770.0,XAX674,5.583293016062281,114.76445606623972,9144.0
4780.0,VJC915,7.2087975368146395,104.17194846475316,9144.0
4780.0,VTI105,16.80778245916337,86.85188968052138,9144.0
4780.0,XAX674,5.589964253602983,114.79076867454803,9144.0
4780.0,VJC915,7.2087975368146395,104.17194846475316,9144.0
4780.0,VTI105,16.80778245916337,86.85188968052138,9144.0
4780.0,XAX674,5.589964253602983,114.79076867454803,9144.0
4790.0,VJC915,7.17748434369783,104.16598288227416,9144.0
4790.0,VTI105,16.800525052098305,86.88266528972467,9144.0
4790.0,XAX674,5.5965270848693285,114.81666147856514,9144.0
4790.0,VJC915,7.17748434369783,104.16598288227416,9144.0
4790.0,VTI105,16.800525052098305,86.88266528972467,9144.0
4790.0,XAX674,5.5965270848693285,114.81666147856514,9144.0
4800.0,VJC915,7.14611396114783,104.16000727333682,9144.0
4800.0,VTI105,16.79322537564798,86.91342880569641,9144.0
4800.0,XAX674,5.603066897146858,114.84256045187594,9144.0
4800.0,VJC915,7.14611396114783,104.16000727333682,9144.0
4800.0,VTI105,16.79322537564798,86.91342880569641,9144.0
4800.0,XAX674,5.603066897146858,114.84256045187594,9144.0
4810.0,VJC915,7.114761394075983,104.15393785306424,9144.0
4810.0,VTI105,16.785920384524832,86.94418976186043,9144.0
4810.0,XAX674,5.609498138994008,114.86803733477772,9144.0
4810.0,VJC915,7.114761394075983,104.15393785306424,9144.0
4810.0,VTI105,16.785920384524832,86.94418976186043,9144.0
4810.0,XAX674,5.609498138994008,114.86803733477772,9144.0
4820.0,VJC915,7.083066323736524,104.15007710692316,9144.0
4820.0,VTI105,16.778609687632247,86.97494805552235,9144.0
4820.0,XAX674,5.616053706517403,114.893482490567,9144.0
4820.0,VJC915,7.083066323736524,104.15007710692316,9144.0
4820.0,VTI105,16.778609687632247,86.97494805552235,9144.0
4820.0,XAX674,5.616053706517403,114.893482490567,9144.0
4830.0,VJC915,7.051313562142206,104.14620987051917,9144.0
4830.0,VTI105,16.77129200878588,87.00570335383921,9144.0
4830.0,XAX674,5.6225294376458965,114.91862539707975,9144.0
4830.0,VJC915,7.051313562142206,104.14620987051917,9144.0
4830.0,VTI105,16.77129200878588,87.00570335383921,9144.0
4830.0,XAX674,5.6225294376458965,114.91862539707975,9144.0
4840.0,VJC915,7.019560768455525,104.14234316612585,9144.0
4840.0,VTI105,16.76399317244403,87.03646235527279,9144.0
4840.0,XAX674,5.632887939488978,114.94242012238574,9144.0
4840.0,VJC915,7.019560768455525,104.14234316612585,9144.0
4840.0,VTI105,16.76399317244403,87.03646235527279,9144.0
4840.0,XAX674,5.632887939488978,114.94242012238574,9144.0
4850.0,VJC915,6.987577881405289,104.14259593971494,9144.0
4850.0,VTI105,16.756675074189427,87.06727883634298,9144.0
4850.0,XAX674,5.645208586139596,114.9648217096357,9144.0
4850.0,VJC915,6.987577881405289,104.14259593971494,9144.0
4850.0,VTI105,16.756675074189427,87.06727883634298,9144.0
4850.0,XAX674,5.645208586139596,114.9648217096357,9144.0
4860.0,VJC915,6.9558275361824435,104.14284684121071,9144.0
4860.0,VTI105,16.749351809068013,87.09809279308284,9144.0
4860.0,XAX674,5.6575278892165795,114.98722451965943,9144.0
4860.0,VJC915,6.9558275361824435,104.14284684121071,9144.0
4860.0,VTI105,16.749351809068013,87.09809279308284,9144.0
4860.0,XAX674,5.6575278892165795,114.98722451965943,9144.0
4870.0,VJC915,6.924288592624951,104.14654004189363,9144.0
4870.0,VTI105,16.742023157530422,87.1289041673701,9144.0
4870.0,XAX674,5.6692985028712775,115.0099237375112,9144.0
4870.0,VJC915,6.924288592624951,104.14654004189363,9144.0
4870.0,VTI105,16.742023157530422,87.1289041673701,9144.0
4870.0,XAX674,5.6692985028712775,115.0099237375112,9144.0
4880.0,VJC915,6.89286535005032,104.15021919842988,9144.0
4880.0,VTI105,16.734688631225136,87.15971283110112,9144.0
4880.0,XAX674,5.681125570152694,115.0327358282574,9144.0
4880.0,VJC915,6.89286535005032,104.15021919842988,9144.0
4880.0,VTI105,16.734688631225136,87.15971283110112,9144.0
4880.0,XAX674,5.681125570152694,115.0327358282574,9144.0
4890.0,VJC915,6.861442078855311,104.15389786360294,9144.0
4890.0,VTI105,16.727346236293748,87.19051826434134,9144.0
4890.0,XAX674,5.693103735106344,115.05546863473101,9144.0
4890.0,VJC915,6.861442078855311,104.15389786360294,9144.0
4890.0,VTI105,16.727346236293748,87.19051826434134,9144.0
4890.0,XAX674,5.693103735106344,115.05546863473101,9144.0
4900.0,VJC915,6.830256215741062,104.15924650585688,9144.0
4900.0,VTI105,16.72018411093954,87.2213687766354,9144.0
4900.0,XAX674,5.704933655778097,115.0779242286892,9144.0
4900.0,VJC915,6.830256215741062,104.15924650585688,9144.0
4900.0,VTI105,16.72018411093954,87.2213687766354,9144.0
4900.0,XAX674,5.704933655778097,115.0779242286892,9144.0
4910.0,VJC915,6.799185302323865,104.1645747193162,9144.0
4910.0,VTI105,16.713030340203698,87.25215669180339,9144.0
4910.0,XAX674,5.716730696355328,115.10039774884756,9144.0
4910.0,VJC915,6.799185302323865,104.1645747193162,9144.0
4910.0,VTI105,16.713030340203698,87.25215669180339,9144.0
4910.0,XAX674,5.716730696355328,115.10039774884756,9144.0
4920.0,VJC915,6.768044660268984,104.16947238860507,9144.0
4920.0,VTI105,16.705870115840646,87.2829418165247,9144.0
4920.0,XAX674,5.728379322953136,115.12259279676444,9144.0
4920.0,VJC915,6.768044660268984,104.16947238860507,9144.0
4920.0,VTI105,16.705870115840646,87.2829418165247,9144.0
4920.0,XAX674,5.728379322953136,115.12259279676444,9144.0
4930.0,VJC915,6.736903967992836,104.17436941892119,9144.0
4930.0,VTI105,16.698689417015387,87.31372058487322,9144.0
4930.0,XAX674,5.73998650370606,115.14481021763373,9144.0
4930.0,VJC915,6.736903967992836,104.17436941892119,9144.0
4930.0,VTI105,16.698689417015387,87.31372058487322,9144.0
4930.0,XAX674,5.73998650370606,115.14481021763373,9144.0
4940.0,VJC915,6.705781155244842,104.17938005433862,9144.0
4940.0,VTI105,16.69156780377567,87.34451316505843,9144.0
4940.0,XAX674,5.751386346891169,115.16663508914041,9144.0
4940.0,VJC915,6.705781155244842,104.17938005433862,9144.0
4940.0,VTI105,16.69156780377567,87.34451316505843,9144.0
4940.0,XAX674,5.751386346891169,115.16663508914041,9144.0
4950.0,VJC915,6.674658290481749,104.18439004296356,9144.0
4950.0,VTI105,16.680540154807463,87.37395642670037,9144.0
4950.0,XAX674,5.762816761771376,115.18844424110264,9144.0
4950.0,VJC915,6.674658290481749,104.18439004296356,9144.0
4950.0,VTI105,16.680540154807463,87.37395642670037,9144.0
4950.0,XAX674,5.762816761771376,115.18844424110264,9144.0
4960.0,VJC915,6.643541299983636,104.18943656420551,9144.0
4960.0,VTI105,16.66599403166589,87.40168238969017,9144.0
4960.0,XAX674,5.774275050767216,115.2103110622245,9144.0
4960.0,VJC915,6.643541299983636,104.18943656420551,9144.0
4960.0,VTI105,16.66599403166589,87.40168238969017,9144.0
4960.0,XAX674,5.774275050767216,115.2103110622245,9144.0
4970.0,VJC915,6.612424257259369,104.1944824405997,9144.0
4970.0,VTI105,16.65144421674696,87.42940413532882,9144.0
4970.0,XAX674,5.785729437327115,115.2321803912475,9144.0
4970.0,VJC915,6.612424257259369,104.1944824405997,9144.0
4970.0,VTI105,16.65144421674696,87.42940413532882,9144.0
4970.0,XAX674,5.785729437327115,115.2321803912475,9144.0
4980.0,VJC915,6.581309897870234,104.19954474059548,9144.0
4980.0,VTI105,16.6368907140104,87.45712166707982,9144.0
4980.0,XAX674,5.797093726928024,115.253881734065,9144.0
4980.0,VJC915,6.581309897870234,104.19954474059548,9144.0
4980.0,VTI105,16.6368907140104,87.45712166707982,9144.0
4980.0,XAX674,5.797093726928024,115.253881734065,9144.0
4990.0,VJC915,6.550253130462139,104.20459702272059,9144.0
4990.0,VTI105,16.62233352741473,87.48483498840872,9144.0
4990.0,XAX674,5.808435372963959,115.27559547837316,9144.0
4990.0,VJC915,6.550253130462139,104.20459702272059,9144.0
4990.0,VTI105,16.62233352741473,87.48483498840872,9144.0
4990.0,XAX674,5.808435372963959,115.27559547837316,9144.0
5000.0,VJC915,6.5191812916764045,104.20955421871592,9144.0
5000.0,VTI105,16.607772660917288,87.5125441027832,9144.0
5000.0,XAX674,5.819598153765329,115.29697063051354,9144.0
5000.0,VJC915,6.5191812916764045,104.20955421871592,9144.0
5000.0,VTI105,16.607772660917288,87.5125441027832,9144.0
5000.0,XAX674,5.819598153765329,115.29697063051354,9144.0
5010.0,VJC915,6.48822486502842,104.2144923777849,9144.0
5010.0,VTI105,16.593208118474198,87.540249013673,9144.0
5010.0,XAX674,5.83078846291526,115.3183316598999,9144.0
5010.0,VJC915,6.48822486502842,104.2144923777849,9144.0
5010.0,VTI105,16.593208118474198,87.540249013673,9144.0
5010.0,XAX674,5.83078846291526,115.3183316598999,9144.0
5020.0,VJC915,6.457275621823712,104.21947563160447,9144.0
5020.0,VTI105,16.5786399040404,87.56794972454999,9144.0
5020.0,XAX674,5.841858252819364,115.33946668319022,9144.0
5020.0,VJC915,6.457275621823712,104.21947563160447,9144.0
5020.0,VTI105,16.5786399040404,87.56794972454999,9144.0
5020.0,XAX674,5.841858252819364,115.33946668319022,9144.0
5030.0,VJC915,6.426441920794461,104.22443966262873,9144.0
5030.0,VTI105,16.56406802156963,87.5956462388881,9144.0
5030.0,XAX674,5.852934973062022,115.3605984555259,9144.0
5030.0,VJC915,6.426441920794461,104.22443966262873,9144.0
5030.0,VTI105,16.56406802156963,87.5956462388881,9144.0
5030.0,XAX674,5.852934973062022,115.3605984555259,9144.0
5040.0,VJC915,6.395610167559217,104.22941562937254,9144.0
5040.0,VTI105,16.549492475014425,87.6233385601633,9144.0
5040.0,XAX674,5.86389074303747,115.38150356655738,9144.0
5040.0,VJC915,6.395610167559217,104.22941562937254,9144.0
5040.0,VTI105,16.549492475014425,87.6233385601633,9144.0
5040.0,XAX674,5.86389074303747,115.38150356655738,9144.0
5050.0,VJC915,6.364894107317575,104.23437231473929,9144.0
5050.0,VTI105,16.534913268326132,87.65102669185369,9144.0
5050.0,XAX674,5.874865889513852,115.40239881566616,9144.0
5050.0,VJC915,6.364894107317575,104.23437231473929,9144.0
5050.0,VTI105,16.534913268326132,87.65102669185369,9144.0
5050.0,XAX674,5.874865889513852,115.40239881566616,9144.0
5060.0,VJC915,6.334185005551301,104.23937216390068,9144.0
5060.0,VTI105,16.520330405454892,87.67871063743938,9144.0
5060.0,XAX674,5.885749443967629,115.42312405637776,9144.0
5060.0,VJC915,6.334185005551301,104.23937216390068,9144.0
5060.0,VTI105,16.520330405454892,87.67871063743938,9144.0
5060.0,XAX674,5.885749443967629,115.42312405637776,9144.0
5070.0,VJC915,6.303533772276178,104.24436198667156,9144.0
5070.0,VTI105,16.505743890349653,87.70639040040258,9144.0
5070.0,XAX674,5.8965396571113144,115.44389896752728,9144.0
5070.0,VJC915,6.303533772276178,104.24436198667156,9144.0
5070.0,VTI105,16.505743890349653,87.70639040040258,9144.0
5070.0,XAX674,5.8965396571113144,115.44389896752728,9144.0
5080.0,VJC915,6.272882487108342,104.24935119265909,9144.0
5080.0,VTI105,16.491153726958153,87.73406598422754,9144.0
5080.0,XAX674,5.90723863772555,115.46450316534494,9144.0
5080.0,VJC915,6.272882487108342,104.24935119265909,9144.0
5080.0,VTI105,16.491153726958153,87.73406598422754,9144.0
5080.0,XAX674,5.90723863772555,115.46450316534494,9144.0
5090.0,VJC915,6.242204131623934,104.25416878314182,9144.0
5090.0,VTI105,16.476559919226943,87.76173739240055,9144.0
5090.0,XAX674,5.918062095002634,115.48504195184753,9144.0
5090.0,VJC915,6.242204131623934,104.25416878314182,9144.0
5090.0,VTI105,16.476559919226943,87.76173739240055,9144.0
5090.0,XAX674,5.918062095002634,115.48504195184753,9144.0
5100.0,VJC915,6.211525729876891,104.25898579406619,9144.0
5100.0,VTI105,16.46196247110137,87.78940462840994,9144.0
5100.0,XAX674,5.928792721412161,115.50541038552687,9144.0
5100.0,VJC915,6.211525729876891,104.25898579406619,9144.0
5100.0,VTI105,16.46196247110137,87.78940462840994,9144.0
5100.0,XAX674,5.928792721412161,115.50541038552687,9144.0
5110.0,VJC915,6.180872183019778,104.26396004538873,9144.0
5110.0,VTI105,16.447361386525575,87.8170676957461,9144.0
5110.0,XAX674,5.939376828606948,115.52585655489224,9144.0
5110.0,VJC915,6.180872183019778,104.26396004538873,9144.0
5110.0,VTI105,16.447361386525575,87.8170676957461,9144.0
5110.0,XAX674,5.939376828606948,115.52585655489224,9144.0
5120.0,VJC915,6.150044942220758,104.26896188394849,9144.0
5120.0,VTI105,16.432756669442508,87.84472659790146,9144.0
5120.0,XAX674,5.949748929670509,115.54590029082684,9144.0
5120.0,VJC915,6.150044942220758,104.26896188394849,9144.0
5120.0,VTI105,16.432756669442508,87.84472659790146,9144.0
5120.0,XAX674,5.949748929670509,115.54590029082684,9144.0
5130.0,VJC915,6.119206522301465,104.27389323299194,9144.0
5130.0,VTI105,16.41814832379391,87.87238133837045,9144.0
5130.0,XAX674,5.960316164967023,115.56584111049993,9144.0
5130.0,VJC915,6.119206522301465,104.27389323299194,9144.0
5130.0,VTI105,16.41814832379391,87.87238133837045,9144.0
5130.0,XAX674,5.960316164967023,115.56584111049993,9144.0
5140.0,VJC915,6.088136994325902,104.27886095000504,9144.0
5140.0,VTI105,16.40353635352033,87.90003192064952,9144.0
5140.0,XAX674,5.97026559198254,115.58484757434398,9144.0
5140.0,VJC915,6.088136994325902,104.27886095000504,9144.0
5140.0,VTI105,16.40353635352033,87.90003192064952,9144.0
5140.0,XAX674,5.97026559198254,115.58484757434398,9144.0
5150.0,VJC915,6.0570783668593,104.28389684317587,9144.0
5150.0,VTI105,16.388920762561103,87.92767834823718,9144.0
5150.0,XAX674,5.979968404035402,115.60338546782417,9144.0
5150.0,VJC915,6.0570783668593,104.28389684317587,9144.0
5150.0,VTI105,16.388920762561103,87.92767834823718,9144.0
5150.0,XAX674,5.979968404035402,115.60338546782417,9144.0
5160.0,VJC915,6.026308517110971,104.28888533122877,9144.0
5160.0,VTI105,16.37430155485437,87.95532062463391,9144.0
5160.0,XAX674,5.989014321169776,115.62225651355224,9144.0
5160.0,VJC915,6.026308517110971,104.28888533122877,9144.0
5160.0,VTI105,16.37430155485437,87.95532062463391,9144.0
5160.0,XAX674,5.989014321169776,115.62225651355224,9144.0
5170.0,VJC915,5.995538617618765,104.29387322695855,9144.0
5170.0,VTI105,16.35967873433707,87.98295875334222,9144.0
5170.0,XAX674,5.994868278440329,115.64215324849185,9144.0
5170.0,VJC915,5.995538617618765,104.29387322695855,9144.0
5170.0,VTI105,16.35967873433707,87.98295875334222,9144.0
5170.0,XAX674,5.994868278440329,115.64215324849185,9144.0
5180.0,VJC915,5.964769264655777,104.29886424939326,9144.0
5180.0,VTI105,16.345052304944936,88.0105927378666,9144.0
5180.0,XAX674,6.000739894967056,115.66211442449946,9144.0
5180.0,VJC915,5.964769264655777,104.29886424939326,9144.0
5180.0,VTI105,16.345052304944936,88.0105927378666,9144.0
5180.0,XAX674,6.000739894967056,115.66211442449946,9144.0
5190.0,VJC915,5.934057745399448,104.30384530424182,9144.0
5190.0,VTI105,16.330422270612498,88.03822258171358,9144.0
5190.0,XAX674,6.00575455715938,115.68231066628569,9144.0
5190.0,VJC915,5.934057745399448,104.30384530424182,9144.0
5190.0,VTI105,16.330422270612498,88.03822258171358,9144.0
5190.0,XAX674,6.00575455715938,115.68231066628569,9144.0
5200.0,VJC915,5.903341170374592,104.30879447216054,9144.0
5200.0,VTI105,16.315788635273087,88.06584828839165,9144.0
5200.0,XAX674,6.010751965978807,115.70244275292019,9144.0
5200.0,VJC915,5.903341170374592,104.30879447216054,9144.0
5200.0,VTI105,16.315788635273087,88.06584828839165,9144.0
5200.0,XAX674,6.010751965978807,115.70244275292019,9144.0
5210.0,VJC915,5.872740450390085,104.31372440198717,9144.0
5210.0,VTI105,16.301151402858824,88.0934698614113,9144.0
5210.0,XAX674,6.015887258632006,115.72253991474206,9144.0
5210.0,VJC915,5.872740450390085,104.31372440198717,9144.0
5210.0,VTI105,16.301151402858824,88.0934698614113,9144.0
5210.0,XAX674,6.015887258632006,115.72253991474206,9144.0
5220.0,VJC915,5.84213319357077,104.31861288325608,9144.0
5220.0,VTI105,16.286510577300632,88.12108730428497,9144.0
5220.0,XAX674,6.021021298756495,115.7426375899912,9144.0
5220.0,VJC915,5.84213319357077,104.31861288325608,9144.0
5220.0,VTI105,16.286510577300632,88.12108730428497,9144.0
5220.0,XAX674,6.021021298756495,115.7426375899912,9144.0
5230.0,VJC915,5.811583914897786,104.32349154999761,9144.0
5230.0,VTI105,16.271866162528227,88.14870062052714,9144.0
5230.0,XAX674,6.02626640237832,115.76270644056262,9144.0
5230.0,VJC915,5.811583914897786,104.32349154999761,9144.0
5230.0,VTI105,16.271866162528227,88.14870062052714,9144.0
5230.0,XAX674,6.02626640237832,115.76270644056262,9144.0
5240.0,VJC915,5.781059523155838,104.32852487201414,9144.0
5240.0,VTI105,16.257218162470114,88.1763098136542,9144.0
5240.0,XAX674,6.031459610956847,115.78258221739391,9144.0
5240.0,VJC915,5.781059523155838,104.32852487201414,9144.0
5240.0,VTI105,16.257218162470114,88.1763098136542,9144.0
5240.0,XAX674,6.031459610956847,115.78258221739391,9144.0
5250.0,VJC915,5.75059310042192,104.33354807481558,9144.0
5250.0,VTI105,16.2425665810536,88.20391488718455,9144.0
5250.0,XAX674,6.036742451330117,115.80243428824171,9144.0
5250.0,VJC915,5.75059310042192,104.33354807481558,9144.0
5250.0,VTI105,16.2425665810536,88.20391488718455,9144.0
5250.0,XAX674,6.036742451330117,115.80243428824171,9144.0
5260.0,VJC915,5.720096641687608,104.33838340473054,9144.0
5260.0,VTI105,16.227911422204787,88.23151584463852,9144.0
5260.0,XAX674,6.042006755862645,115.82222236156996,9144.0
5260.0,VJC915,5.720096641687608,104.33838340473054,9144.0
5260.0,VTI105,16.227911422204787,88.23151584463852,9144.0
5260.0,XAX674,6.042006755862645,115.82222236156996,9144.0
5270.0,VJC915,5.689600140798652,104.34321820901498,9144.0
5270.0,VTI105,16.213252689848566,88.25911268953843,9144.0
5270.0,XAX674,6.04729208251899,115.84200496077408,9144.0
5270.0,VJC915,5.689600140798652,104.34321820901498,9144.0
5270.0,VTI105,16.213252689848566,88.25911268953843,9144.0
5270.0,XAX674,6.04729208251899,115.84200496077408,9144.0
5280.0,VJC915,5.659112924699299,104.34811153526348,9144.0
5280.0,VTI105,16.198590387908624,88.28670542540851,9144.0
5280.0,XAX674,6.05248928624872,115.86146480528971,9144.0
5280.0,VJC915,5.659112924699299,104.34811153526348,9144.0
5280.0,VTI105,16.198590387908624,88.28670542540851,9144.0
5280.0,XAX674,6.05248928624872,115.86146480528971,9144.0
5290.0,VJC915,5.628509595968608,104.35302296419903,9144.0
5290.0,VTI105,16.18392452030744,88.314294055775,9144.0
5290.0,XAX674,6.057626528766301,115.88094092904134,9144.0
5290.0,VJC915,5.628509595968608,104.35302296419903,9144.0
5290.0,VTI105,16.18392452030744,88.314294055775,9144.0
5290.0,XAX674,6.057626528766301,115.88094092904134,9144.0
5300.0,VJC915,5.597911493203394,104.35796690101866,9144.0
5300.0,VTI105,16.169255090966285,88.341878584166,9144.0
5300.0,XAX674,6.0623922088320885,115.89904733657812,9144.0
5300.0,VJC915,5.597911493203394,104.35796690101866,9144.0
5300.0,VTI105,16.169255090966285,88.341878584166,9144.0
5300.0,XAX674,6.0623922088320885,115.89904733657812,9144.0
5310.0,VJC915,5.567197456032369,104.36292903739879,9144.0
5310.0,VTI105,16.154582103805225,88.36945901411161,9144.0
5310.0,XAX674,6.070985577204145,115.91566478978045,9144.0
5310.0,VJC915,5.567197456032369,104.36292903739879,9144.0
5310.0,VTI105,16.154582103805225,88.36945901411161,9144.0
5310.0,XAX674,6.070985577204145,115.91566478978045,9144.0
5320.0,VJC915,5.536483449728616,104.36789110808687,9144.0
5320.0,VTI105,16.139905562743117,88.39703534914383,9144.0
5320.0,XAX674,6.075077835967174,115.93245679851077,9144.0
5320.0,VJC915,5.536483449728616,104.36789110808687,9144.0
5320.0,VTI105,16.139905562743117,88.39703534914383,9144.0
5320.0,XAX674,6.075077835967174,115.93245679851077,9144.0
5330.0,VJC915,5.505711514759464,104.37286201047955,9144.0
5330.0,VTI105,16.125225471697604,88.4246075927966,9144.0
5330.0,XAX674,6.0776542415997525,115.94920022280124,9144.0
5330.0,VJC915,5.505711514759464,104.37286201047955,9144.0
5330.0,VTI105,16.125225471697604,88.4246075927966,9144.0
5330.0,XAX674,6.0776542415997525,115.94920022280124,9144.0
5340.0,VJC915,5.474939532154675,104.37783235864984,9144.0
5340.0,VTI105,16.110541834585128,88.4521757486058,9144.0
5340.0,XAX674,6.080229684268748,115.96594387707216,9144.0
5340.0,VJC915,5.474939532154675,104.37783235864984,9144.0
5340.0,VTI105,16.110541834585128,88.4521757486058,9144.0
5340.0,XAX674,6.080229684268748,115.96594387707216,9144.0
5350.0,VJC915,5.444163805448375,104.38277900302032,9144.0
5350.0,VTI105,16.095854655320917,88.47973982010916,9144.0
5350.0,XAX674,6.085433101209825,115.98205847878224,9144.0
5350.0,VJC915,5.444163805448375,104.38277900302032,9144.0
5350.0,VTI105,16.095854655320917,88.47973982010916,9144.0
5350.0,XAX674,6.085433101209825,115.98205847878224,9144.0
5360.0,VJC915,5.413330179392138,104.3877344114335,9144.0
5360.0,VTI105,16.08116393781899,88.50729981084639,9144.0
5360.0,XAX674,6.090592945067072,115.99804145932671,9144.0
5360.0,VJC915,5.413330179392138,104.3877344114335,9144.0
5360.0,VTI105,16.08116393781899,88.50729981084639,9144.0
5360.0,XAX674,6.090592945067072,115.99804145932671,9144.0
5370.0,VJC915,5.38248571829628,104.39262106236738,9144.0
5370.0,VTI105,16.066469685992153,88.53485572435908,9144.0
5370.0,XAX674,6.09409020955032,116.01447362865568,9144.0
5370.0,VJC915,5.38248571829628,104.39262106236738,9144.0
5370.0,VTI105,16.066469685992153,88.53485572435908,9144.0
5370.0,XAX674,6.09409020955032,116.01447362865568,9144.0
5380.0,VJC915,5.351641214494589,104.39750719421612,9144.0
5380.0,VTI105,16.05177190375201,88.5624075641907,9144.0
5380.0,XAX674,6.0975719263552515,116.03083817106554,9144.0
5380.0,VJC915,5.351641214494589,104.39750719421612,9144.0
5380.0,VTI105,16.05177190375201,88.5624075641907,9144.0
5380.0,XAX674,6.0975719263552515,116.03083817106554,9144.0
5390.0,VJC915,5.320799965335631,104.40241376026029,9144.0
5390.0,VTI105,16.03707059500894,88.58995533388668,9144.0
5390.0,XAX674,6.099496227096819,116.04746091846538,9144.0
5390.0,VJC915,5.320799965335631,104.40241376026029,9144.0
5390.0,VTI105,16.03707059500894,88.58995533388668,9144.0
5390.0,XAX674,6.099496227096819,116.04746091846538,9144.0
5400.0,VJC915,5.290016544738518,104.4073106198903,9144.0
5400.0,VTI105,16.022365763672127,88.61749903699426,9144.0
5400.0,XAX674,6.103243411158882,116.06268839981522,9144.0
5400.0,VJC915,5.290016544738518,104.4073106198903,9144.0
5400.0,VTI105,16.022365763672127,88.61749903699426,9144.0
5400.0,XAX674,6.103243411158882,116.06268839981522,9144.0
5410.0,VJC915,5.259254792601983,104.41234269164457,9144.0
5410.0,VTI105,16.007657413649525,88.64503867706262,9144.0
5410.0,XAX674,6.105500680958077,116.07728288867878,9144.0
5410.0,VJC915,5.259254792601983,104.41234269164457,9144.0
5410.0,VTI105,16.007657413649525,88.64503867706262,9144.0
5410.0,XAX674,6.105500680958077,116.07728288867878,9144.0
5420.0,VJC915,5.228550866183578,104.41736479197496,9144.0
5420.0,VTI105,15.992945548847887,88.6725742576428,9144.0
5420.0,XAX674,6.103540988467417,116.091131428797,9144.0
5420.0,VJC915,5.228550866183578,104.41736479197496,9144.0
5420.0,VTI105,15.992945548847887,88.6725742576428,9144.0
5420.0,XAX674,6.103540988467417,116.091131428797,9144.0
5430.0,VJC915,5.197835019332274,104.42231260113148,9144.0
5430.0,VTI105,15.978230173172749,88.70010578228771,9144.0
5430.0,XAX674,6.0977651527207035,116.10306536791802,9144.0
5430.0,VJC915,5.197835019332274,104.42231260113148,9144.0
5430.0,VTI105,15.978230173172749,88.70010578228771,9144.0
5430.0,XAX674,6.0977651527207035,116.10306536791802,9144.0
5440.0,VJC915,5.167235032152825,104.4272412569339,9144.0
5440.0,VTI105,15.963511290528436,88.72763325455216,9144.0
5440.0,XAX674,6.088763039774167,116.11237388370135,9144.0
5440.0,VJC915,5.167235032152825,104.4272412569339,9144.0
5440.0,VTI105,15.963511290528436,88.72763325455216,9144.0
5440.0,XAX674,6.088763039774167,116.11237388370135,9144.0
5450.0,VJC915,5.136630388025623,104.43214043833643,9144.0
5450.0,VTI105,15.948788904818056,88.7551566779928,9144.0
5450.0,XAX674,6.077474094190409,116.11821809065619,9144.0
5450.0,VJC915,5.136630388025623,104.43214043833643,9144.0
5450.0,VTI105,15.948788904818056,88.7551566779928,9144.0
5450.0,XAX674,6.077474094190409,116.11821809065619,9144.0
5460.0,VJC915,5.106083723909712,104.43702986100087,9144.0
5460.0,VTI105,15.934063019943503,88.78267605616814,9144.0
5460.0,XAX674,6.06492260094724,116.12014518064382,9144.0
5460.0,VJC915,5.106083723909712,104.43702986100087,9144.0
5460.0,VTI105,15.934063019943503,88.78267605616814,9144.0
5460.0,XAX674,6.06492260094724,116.12014518064382,9144.0
5470.0,VJC915,5.075537021628383,104.44191881110923,9144.0
5470.0,VTI105,15.919333639805457,88.81019139263856,9144.0
5470.0,XAX674,6.052413870532441,116.11795493010686,9144.0
5470.0,VJC915,5.075537021628383,104.44191881110923,9144.0
5470.0,VTI105,15.919333639805457,88.81019139263856,9144.0
5470.0,XAX674,6.052413870532441,116.11795493010686,9144.0
5480.0,VJC915,5.0449980864331,104.44685619220768,9144.0
5480.0,VTI105,15.90460076830338,88.83770269096627,9144.0
5480.0,XAX674,6.04124876625231,116.11187528743656,9144.0
5480.0,VJC915,5.0449980864331,104.44685619220768,9144.0
5480.0,VTI105,15.90460076830338,88.83770269096627,9144.0
5480.0,XAX674,6.04124876625231,116.11187528743656,9144.0
5490.0,VJC915,5.014517155708993,104.45178371925066,9144.0
5490.0,VTI105,15.889864409335523,88.86520995471534,9144.0
5490.0,XAX674,6.032654291282117,116.1025754112895,9144.0
5490.0,VJC915,5.014517155708993,104.45178371925066,9144.0
5490.0,VTI105,15.889864409335523,88.86520995471534,9144.0
5490.0,XAX674,6.032654291282117,116.1025754112895,9144.0
5500.0,VJC915,4.984028972301928,104.45666559490142,9144.0
5500.0,VTI105,15.875124566798915,88.89271318745169,9144.0
5500.0,XAX674,6.02468644163036,116.09272761310413,9144.0
5500.0,VJC915,4.984028972301928,104.45666559490142,9144.0
5500.0,VTI105,15.875124566798915,88.89271318745169,9144.0
5500.0,XAX674,6.02468644163036,116.09272761310413,9144.0
5510.0,VJC915,4.953482695044539,104.46155630656466,9144.0
5510.0,VTI105,15.86038124458937,88.92021239274305,9144.0
5510.0,XAX674,6.0139825522713535,116.0858605472897,9144.0
5510.0,VJC915,4.953482695044539,104.46155630656466,9144.0
5510.0,VTI105,15.86038124458937,88.92021239274305,9144.0
5510.0,XAX674,6.0139825522713535,116.0858605472897,9144.0
5520.0,VJC915,4.922950900853443,104.46653707143781,9144.0
5520.0,VTI105,15.845634446601483,88.94770757415901,9144.0
5520.0,XAX674,6.004066694453961,116.07949936060106,9144.0
5520.0,VJC915,4.922950900853443,104.46653707143781,9144.0
5520.0,VTI105,15.845634446601483,88.94770757415901,9144.0
5520.0,XAX674,6.004066694453961,116.07949936060106,9144.0
5530.0,VJC915,4.8924190686322175,104.4715173735693,9144.0
5530.0,VTI105,15.830884176728633,88.97519873527095,9144.0
5530.0,XAX674,5.993220346507263,116.07492430552844,9144.0
5530.0,VJC915,4.8924190686322175,104.4715173735693,9144.0
5530.0,VTI105,15.830884176728633,88.97519873527095,9144.0
5530.0,XAX674,5.993220346507263,116.07492430552844,9144.0
5540.0,VJC915,4.861842621239709,104.4762136560016,9144.0
5540.0,VTI105,15.816130438862977,89.0026858796521,9144.0
5540.0,XAX674,5.983175242833805,116.07068739992759,9144.0
5540.0,VJC915,4.861842621239709,104.4762136560016,9144.0
5540.0,VTI105,15.816130438862977,89.0026858796521,9144.0
5540.0,XAX674,5.983175242833805,116.07068739992759,9144.0
5550.0,VJC915,4.831266140553502,104.48090950760324,9144.0
5550.0,VTI105,15.801373236895458,89.0301690108775,9144.0
5550.0,XAX674,5.973130105374518,116.06645065309365,9144.0
5550.0,VJC915,4.831266140553502,104.48090950760324,9144.0
5550.0,VTI105,15.801373236895458,89.0301690108775,9144.0
5550.0,XAX674,5.973130105374518,116.06645065309365,9144.0
5560.0,VJC915,4.800521208460186,104.4843222039176,9144.0
5560.0,VTI105,15.786612574715793,89.05764813252398,9144.0
5560.0,XAX674,5.96308493278366,116.0622140681183,9144.0
5560.0,VJC915,4.800521208460186,104.4843222039176,9144.0
5560.0,VTI105,15.786612574715793,89.05764813252398,9144.0
5560.0,XAX674,5.96308493278366,116.0622140681183,9144.0
5570.0,VJC915,4.769717864746842,104.48774107186301,9144.0
5570.0,VTI105,15.771848456212481,89.08512324817019,9144.0
5570.0,XAX674,5.953104317259974,116.05782603173216,9144.0
5570.0,VJC915,4.769717864746842,104.48774107186301,9144.0
5570.0,VTI105,15.771848456212481,89.08512324817019,9144.0
5570.0,XAX674,5.953104317259974,116.05782603173216,9144.0
5580.0,VJC915,4.738970265675188,104.49163238654589,9144.0
5580.0,VTI105,15.757080885272801,89.11259436139657,9144.0
5580.0,XAX674,5.942217736572842,116.05744611199967,9144.0
5580.0,VJC915,4.738970265675188,104.49163238654589,9144.0
5580.0,VTI105,15.757080885272801,89.11259436139657,9144.0
5580.0,XAX674,5.942217736572842,116.05744611199967,9144.0
5590.0,VJC915,4.708164395540135,104.49553072364368,9144.0
5590.0,VTI105,15.74230986578281,89.14006147578539,9144.0
5590.0,XAX674,5.9319585274945705,116.06112766387001,9144.0
5590.0,VJC915,4.708164395540135,104.49553072364368,9144.0
5590.0,VTI105,15.74230986578281,89.14006147578539,9144.0
5590.0,XAX674,5.9319585274945705,116.06112766387001,9144.0
5600.0,VJC915,4.677357919437885,104.49942406484584,9144.0
5600.0,VTI105,15.727535401627339,89.16752459492066,9144.0
5600.0,XAX674,5.923771663702987,116.06835203939478,9144.0
5600.0,VJC915,4.677357919437885,104.49942406484584,9144.0
5600.0,VTI105,15.727535401627339,89.16752459492066,9144.0
5600.0,XAX674,5.923771663702987,116.06835203939478,9144.0
5610.0,VJC915,4.6464350403878045,104.50333176780978,9144.0
5610.0,VTI105,15.712757496690001,89.19498372238822,9144.0
5610.0,XAX674,5.91881023629825,116.0781016776337,9144.0
5610.0,VJC915,4.6464350403878045,104.50333176780978,9144.0
5610.0,VTI105,15.712757496690001,89.19498372238822,9144.0
5610.0,XAX674,5.91881023629825,116.0781016776337,9144.0
5620.0,VJC915,4.61550929201791,104.50721637681866,9144.0
5620.0,VTI105,15.697976154853183,89.22243886177564,9144.0
5620.0,XAX674,5.917773044958736,116.08900342060217,9144.0
5620.0,VJC915,4.61550929201791,104.50721637681866,9144.0
5620.0,VTI105,15.697976154853183,89.22243886177564,9144.0
5620.0,XAX674,5.917773044958736,116.08900342060217,9144.0
5630.0,VJC915,4.584525385719384,104.51110794753048,9144.0
5630.0,VTI105,15.683191379998048,89.24989001667231,9144.0
5630.0,XAX674,5.92080617445307,116.09952187200102,9144.0
5630.0,VJC915,4.584525385719384,104.51110794753048,9144.0
5630.0,VTI105,15.683191379998048,89.24989001667231,9144.0
5630.0,XAX674,5.92080617445307,116.09952187200102,9144.0
5640.0,VJC915,4.5535414558057274,104.51499916084617,9144.0
5640.0,VTI105,15.668403176004533,89.27733719066937,9144.0
5640.0,XAX674,5.927482419111953,116.10817558957534,9144.0
5640.0,VJC915,4.5535414558057274,104.51499916084617,9144.0
5640.0,VTI105,15.668403176004533,89.27733719066937,9144.0
5640.0,XAX674,5.927482419111953,116.10817558957534,9144.0
5650.0,VJC915,4.522559009266378,104.51890207460737,9144.0
5650.0,VTI105,15.653611546751351,89.30478038735973,9144.0
5650.0,XAX674,5.936861453250897,116.11374569506624,9144.0
5650.0,VJC915,4.522559009266378,104.51890207460737,9144.0
5650.0,VTI105,15.653611546751351,89.30478038735973,9144.0
5650.0,XAX674,5.936861453250897,116.11374569506624,9144.0
5660.0,VJC915,4.491518445583377,104.52281195718759,9144.0
5660.0,VTI105,15.63881649611599,89.33221961033804,9144.0
5660.0,XAX674,5.947622272750497,116.1154475446927,9144.0
5660.0,VJC915,4.491518445583377,104.52281195718759,9144.0
5660.0,VTI105,15.63881649611599,89.33221961033804,9144.0
5660.0,XAX674,5.947622272750497,116.1154475446927,9144.0
5670.0,VJC915,4.4604766676300365,104.52671196253215,9144.0
5670.0,VTI105,15.624018027974708,89.35965486320075,9144.0
5670.0,VJC915,4.4604766676300365,104.52671196253215,9144.0
5670.0,VTI105,15.624018027974708,89.35965486320075,9144.0
5680.0,VJC915,4.429318792907413,104.53062621139644,9144.0
5680.0,VTI105,15.609216146202538,89.38708614954601,9144.0
5680.0,VJC915,4.429318792907413,104.53062621139644,9144.0
5680.0,VTI105,15.609216146202538,89.38708614954601,9144.0
5690.0,VJC915,4.3981632531612505,104.53455894825389,9144.0
5690.0,VTI105,15.594410854673283,89.41451347297374,9144.0
5690.0,VJC915,4.3981632531612505,104.53455894825389,9144.0
5690.0,VTI105,15.594410854673283,89.41451347297374,9144.0
5700.0,VJC915,4.366949717563311,104.53849866635868,9144.0
5700.0,VTI105,15.579602157259517,89.44193683708559,9144.0
5700.0,VJC915,4.366949717563311,104.53849866635868,9144.0
5700.0,VTI105,15.579602157259517,89.44193683708559,9144.0
5710.0,VJC915,4.335740876077987,104.54247544824885,9144.0
5710.0,VTI105,15.564790057832585,89.46935624548496,9144.0
5710.0,VJC915,4.335740876077987,104.54247544824885,9144.0
5710.0,VTI105,15.564790057832585,89.46935624548496,9144.0
5720.0,VJC915,4.3045320129709825,104.54645189584976,9144.0
5720.0,VTI105,15.549974560262603,89.49677170177696,9144.0
5720.0,VJC915,4.3045320129709825,104.54645189584976,9144.0
5720.0,VTI105,15.549974560262603,89.49677170177696,9144.0
5730.0,VJC915,4.273310969298673,104.55033083460799,9144.0
5730.0,VTI105,15.535155668418454,89.52418320956843,9144.0
5730.0,VJC915,4.273310969298673,104.55033083460799,9144.0
5730.0,VTI105,15.535155668418454,89.52418320956843,9144.0
5740.0,VJC915,4.242089905473009,104.55420945289653,9144.0
5740.0,VTI105,15.520333386167788,89.55159077246795,9144.0
5740.0,VJC915,4.242089905473009,104.55420945289653,9144.0
5740.0,VTI105,15.520333386167788,89.55159077246795,9144.0
5750.0,VJC915,4.210884872216369,104.55821552573077,9144.0
5750.0,VTI105,15.505507717377025,89.57899439408577,9144.0
5750.0,VJC915,4.210884872216369,104.55821552573077,9144.0
5750.0,VTI105,15.505507717377025,89.57899439408577,9144.0
5760.0,VJC915,4.179621898489528,104.56222870769021,9144.0
5760.0,VTI105,15.490678665911348,89.60639407803389,9144.0
5760.0,VJC915,4.179621898489528,104.56222870769021,9144.0
5760.0,VTI105,15.490678665911348,89.60639407803389,9144.0
5770.0,VJC915,4.148220660923826,104.5649480044589,9144.0
5770.0,VTI105,15.475846235634709,89.633789827926,9144.0
5770.0,VJC915,4.148220660923826,104.5649480044589,9144.0
5770.0,VTI105,15.475846235634709,89.633789827926,9144.0
5780.0,VJC915,4.116819413976382,104.5676670846477,9144.0
5780.0,VTI105,15.461010430409821,89.66118164737748,9144.0
5780.0,VJC915,4.116819413976382,104.5676670846477,9144.0
5780.0,VTI105,15.461010430409821,89.66118164737748,9144.0
5790.0,VJC915,4.085418157603879,104.57038594858312,9144.0
5790.0,VTI105,15.446171254098166,89.6885695400054,9144.0
5790.0,VJC915,4.085418157603879,104.57038594858312,9144.0
5790.0,VTI105,15.446171254098166,89.6885695400054,9144.0
5800.0,VJC915,4.05406422364632,104.5736071735683,9144.0
5800.0,VTI105,15.431328710559985,89.71595350942856,9144.0
5800.0,VJC915,4.05406422364632,104.5736071735683,9144.0
5800.0,VTI105,15.431328710559985,89.71595350942856,9144.0
5810.0,VJC915,4.022710276599174,104.57682814605988,9144.0
5810.0,VTI105,15.416482803654281,89.7433335592674,9144.0
5810.0,VJC915,4.022710276599174,104.57682814605988,9144.0
5810.0,VTI105,15.416482803654281,89.7433335592674,9144.0
5820.0,VJC915,3.9913317599553593,104.57979884506341,9144.0
5820.0,VTI105,15.401633537238821,89.77070969314404,9144.0
5820.0,VJC915,3.9913317599553593,104.57979884506341,9144.0
5820.0,VTI105,15.401633537238821,89.77070969314404,9144.0
5830.0,VJC915,3.9599532324090956,104.58276931528061,9144.0
5830.0,VTI105,15.386780915170132,89.7980819146823,9144.0
5830.0,VJC915,3.9599532324090956,104.58276931528061,9144.0
5830.0,VTI105,15.386780915170132,89.7980819146823,9144.0
5840.0,VJC915,3.928582908863799,104.58582549698515,9144.0
5840.0,VTI105,15.371924941303497,89.82545022750766,9144.0
5840.0,VJC915,3.928582908863799,104.58582549698515,9144.0
5840.0,VTI105,15.371924941303497,89.82545022750766,9144.0
5850.0,VJC915,3.8971544949816206,104.58888710478301,9144.0
5850.0,VTI105,15.357065619492964,89.85281463524724,9144.0
5850.0,VJC915,3.8971544949816206,104.58888710478301,9144.0
5850.0,VTI105,15.357065619492964,89.85281463524724,9144.0
5860.0,VJC915,3.865730456411419,104.59199338865211,9144.0
5860.0,VTI105,15.342202953591332,89.88017514152985,9144.0
5860.0,VJC915,3.865730456411419,104.59199338865211,9144.0
5860.0,VTI105,15.342202953591332,89.88017514152985,9144.0
5870.0,VJC915,3.83436447723795,104.59509370101644,9144.0
5870.0,VTI105,15.32733694745016,89.90753174998592,9144.0
5870.0,VJC915,3.83436447723795,104.59509370101644,9144.0
5870.0,VTI105,15.32733694745016,89.90753174998592,9144.0
5880.0,VJC915,3.8029949326541845,104.59815745166505,9144.0
5880.0,VTI105,15.312467604919762,89.93488446424756,9144.0
5880.0,VJC915,3.8029949326541845,104.59815745166505,9144.0
5880.0,VTI105,15.312467604919762,89.93488446424756,9144.0
5890.0,VJC915,3.7716253770528128,104.60122097797036,9144.0
5890.0,VTI105,15.297594929849208,89.96223328794851,9144.0
5890.0,VJC915,3.7716253770528128,104.60122097797036,9144.0
5890.0,VTI105,15.297594929849208,89.96223328794851,9144.0
5900.0,VJC915,3.7402541064402395,104.60426670574869,9144.0
5900.0,VTI105,15.282718926086318,89.98957822472414,9144.0
5900.0,VJC915,3.7402541064402395,104.60426670574869,9144.0
5900.0,VTI105,15.282718926086318,89.98957822472414,9144.0
5910.0,VJC915,3.7089409451186035,104.60730657227933,9144.0
5910.0,VTI105,15.267839597477668,90.01691927821146,9144.0
5910.0,VJC915,3.7089409451186035,104.60730657227933,9144.0
5910.0,VTI105,15.267839597477668,90.01691927821146,9144.0
5920.0,VJC915,3.677634203940947,104.61041202335547,9144.0
5920.0,VTI105,15.252956947868583,90.04425645204911,9144.0
5920.0,VJC915,3.677634203940947,104.61041202335547,9144.0
5920.0,VTI105,15.252956947868583,90.04425645204911,9144.0
5930.0,VJC915,3.6462693437422087,104.61352301856633,9144.0
5930.0,VTI105,15.23807098110314,90.07158974987735,9144.0
5930.0,VJC915,3.6462693437422087,104.61352301856633,9144.0
5930.0,VTI105,15.23807098110314,90.07158974987735,9144.0
5940.0,VJC915,3.6149106551706938,104.61669575719446,9144.0
5940.0,VTI105,15.223181701024167,90.09891917533805,9144.0
5940.0,VJC915,3.6149106551706938,104.61669575719446,9144.0
5940.0,VTI105,15.223181701024167,90.09891917533805,9144.0
5950.0,VJC915,3.583551955382425,104.61986827529314,9144.0
5950.0,VTI105,15.208289111473235,90.12624473207471,9144.0
5950.0,VJC915,3.583551955382425,104.61986827529314,9144.0
5950.0,VTI105,15.208289111473235,90.12624473207471,9144.0
5960.0,VJC915,3.5521848170681336,104.62295580353316,9144.0
5960.0,VTI105,15.193393216290666,90.15356642373241,9144.0
5960.0,VJC915,3.5521848170681336,104.62295580353316,9144.0
5960.0,VTI105,15.193393216290666,90.15356642373241,9144.0
5970.0,VJC915,3.5208176683272066,104.62604312097717,9144.0
5970.0,VTI105,15.178494019315526,90.18088425395786,9144.0
5970.0,VJC915,3.5208176683272066,104.62604312097717,9144.0
5970.0,VTI105,15.178494019315526,90.18088425395786,9144.0
5980.0,VJC915,3.4894484015915754,104.6291086584938,9144.0
5980.0,VTI105,15.163591524385627,90.20819822639933,9144.0
5980.0,VJC915,3.4894484015915754,104.6291086584938,9144.0
5980.0,VTI105,15.163591524385627,90.20819822639933,9144.0
5990.0,VJC915,3.457963009865785,104.63218533657646,9144.0
5990.0,VTI105,15.148685735337523,90.23550834470672,9144.0
5990.0,VJC915,3.457963009865785,104.63218533657646,9144.0
5990.0,VTI105,15.148685735337523,90.23550834470672,9144.0
6000.0,VJC915,3.426474895874898,104.63523382424464,9144.0
6000.0,VTI105,15.13377665600651,90.26281461253149,9144.0
6000.0,VJC915,3.426474895874898,104.63523382424464,9144.0
6000.0,VTI105,15.13377665600651,90.26281461253149,9144.0
6010.0,VJC915,3.394986772089083,104.63828211053094,9144.0
6010.0,VTI105,15.118864290226625,90.29011703352668,9144.0
6010.0,VJC915,3.394986772089083,104.63828211053094,9144.0
6010.0,VTI105,15.118864290226625,90.29011703352668,9144.0
6020.0,VJC915,3.363504716731029,104.64139256005734,9144.0
6020.0,VTI105,15.103948641830646,90.31741561134695,9144.0
6020.0,VJC915,3.363504716731029,104.64139256005734,9144.0
6020.0,VTI105,15.103948641830646,90.31741561134695,9144.0
6030.0,VJC915,3.331964658706264,104.64450853712007,9144.0
6030.0,VTI105,15.089029714650087,90.34471034964845,9144.0
6030.0,VJC915,3.331964658706264,104.64450853712007,9144.0
6030.0,VTI105,15.089029714650087,90.34471034964845,9144.0
6040.0,VJC915,3.3004220525935706,104.64759842691191,9144.0
6040.0,VTI105,15.074107512515198,90.37200125208896,9144.0
6040.0,VJC915,3.3004220525935706,104.64759842691191,9144.0
6040.0,VTI105,15.074107512515198,90.37200125208896,9144.0
6050.0,VJC915,3.2688794367931977,104.650688119858,9144.0
6050.0,VTI105,15.059182039254969,90.3992883223278,9144.0
6050.0,VJC915,3.2688794367931977,104.650688119858,9144.0
6050.0,VTI105,15.059182039254969,90.3992883223278,9144.0
6060.0,VJC915,3.237337796752803,104.65378769356182,9144.0
6060.0,VTI105,15.044253298697118,90.42657156402585,9144.0
6060.0,VJC915,3.237337796752803,104.65378769356182,9144.0
6060.0,VTI105,15.044253298697118,90.42657156402585,9144.0
6070.0,VJC915,3.2057961471479746,104.65688707358525,9144.0
6070.0,VTI105,15.029321294668101,90.45385098084553,9144.0
6070.0,VJC915,3.2057961471479746,104.65688707358525,9144.0
6070.0,VTI105,15.029321294668101,90.45385098084553,9144.0
6080.0,VJC915,3.17425016084292,104.65994176397523,9144.0
6080.0,VTI105,15.0143860309931,90.48112657645079,9144.0
6080.0,VJC915,3.17425016084292,104.65994176397523,9144.0
6080.0,VTI105,15.0143860309931,90.48112657645079,9144.0
6090.0,VJC915,3.142646200866494,104.66300187963962,9144.0
6090.0,VTI105,14.99944751149603,90.50839835450715,9144.0
6090.0,VJC915,3.142646200866494,104.66300187963962,9144.0
6090.0,VTI105,14.99944751149603,90.50839835450715,9144.0
6100.0,VJC915,3.1109061827752114,104.66215345663781,9144.0
6100.0,VTI105,14.984505739999532,90.53566631868165,9144.0
6100.0,VJC915,3.1109061827752114,104.66215345663781,9144.0
6100.0,VTI105,14.984505739999532,90.53566631868165,9144.0
6110.0,VJC915,3.0796567841930025,104.65761364200252,9144.0
6110.0,VTI105,14.969560720324976,90.56293047264285,9144.0
6110.0,VJC915,3.0796567841930025,104.65761364200252,9144.0
6110.0,VTI105,14.969560720324976,90.56293047264285,9144.0
6120.0,VJC915,3.0493190185975165,104.64905672790776,9144.0
6120.0,VTI105,14.954612456292455,90.59019082006083,9144.0
6120.0,VJC915,3.0493190185975165,104.64905672790776,9144.0
6120.0,VTI105,14.954612456292455,90.59019082006083,9144.0
6130.0,VJC915,3.0204075862302484,104.63663603561011,9144.0
6130.0,VTI105,14.939660951720784,90.61744736460719,9144.0
6130.0,VJC915,3.0204075862302484,104.63663603561011,9144.0
6130.0,VTI105,14.939660951720784,90.61744736460719,9144.0
6140.0,VJC915,2.993359633844349,104.62054783243829,9144.0
6140.0,VTI105,14.924706210427502,90.64470010995505,9144.0
6140.0,VJC915,2.993359633844349,104.62054783243829,9144.0
6140.0,VTI105,14.924706210427502,90.64470010995505,9144.0
6150.0,VJC915,2.968890289677617,104.60121785759615,9144.0
6150.0,VTI105,14.909748236228864,90.67194905977905,9144.0
6150.0,VJC915,2.968890289677617,104.60121785759615,9144.0
6150.0,VTI105,14.909748236228864,90.67194905977905,9144.0
6160.0,VJC915,2.947452352566148,104.57905331997353,9144.0
6160.0,VTI105,14.894787032939849,90.69919421775529,9144.0
6160.0,VJC915,2.947452352566148,104.57905331997353,9144.0
6160.0,VTI105,14.894787032939849,90.69919421775529,9144.0
6170.0,VJC915,2.9291504392104346,104.55422990316733,9144.0
6170.0,VTI105,14.879822604374146,90.7264355875614,9144.0
6170.0,VJC915,2.9291504392104346,104.55422990316733,9144.0
6170.0,VTI105,14.879822604374146,90.7264355875614,9144.0
6180.0,VJC915,2.9144864940166335,104.52742879442023,9144.0
6180.0,VTI105,14.864854954344162,90.75367317287647,9144.0
6180.0,VJC915,2.9144864940166335,104.52742879442023,9144.0
6180.0,VTI105,14.864854954344162,90.75367317287647,9144.0
6190.0,VJC915,2.9038670159948827,104.49947655195591,9144.0
6190.0,VTI105,14.849884086661016,90.78090697738112,9144.0
6190.0,VJC915,2.9038670159948827,104.49947655195591,9144.0
6190.0,VTI105,14.849884086661016,90.78090697738112,9144.0
6200.0,VJC915,2.8971797128842147,104.47032957599481,9144.0
6200.0,VTI105,14.834910005134535,90.8081370047574,9144.0
6200.0,VJC915,2.8971797128842147,104.47032957599481,9144.0
6200.0,VTI105,14.834910005134535,90.8081370047574,9144.0
6210.0,VJC915,2.8900572600089602,104.4412863168087,9144.0
6210.0,VTI105,14.819932713573259,90.83536325868884,9144.0
6210.0,VJC915,2.8900572600089602,104.4412863168087,9144.0
6210.0,VTI105,14.819932713573259,90.83536325868884,9144.0
6220.0,VJC915,2.8808854563628676,104.41383459016289,9144.0
6220.0,VTI105,14.804952215784432,90.86258574286049,9144.0
6220.0,VJC915,2.8808854563628676,104.41383459016289,9144.0
6220.0,VTI105,14.804952215784432,90.86258574286049,9144.0
6230.0,VJC915,2.871751040492161,104.38649773321121,9144.0
6230.0,VTI105,14.789968515574003,90.88980446095879,9144.0
6230.0,VJC915,2.871751040492161,104.38649773321121,9144.0
6230.0,VTI105,14.789968515574003,90.88980446095879,9144.0
6240.0,VJC915,2.862615595199858,104.35916143941571,9144.0
6240.0,VTI105,14.774981616746624,90.91701941667168,9144.0
6240.0,VJC915,2.862615595199858,104.35916143941571,9144.0
6240.0,VTI105,14.774981616746624,90.91701941667168,9144.0
6250.0,VJC915,2.8530329296636787,104.33197930241903,9144.0
6250.0,VTI105,14.759991523105649,90.94423061368853,9144.0
6250.0,VJC915,2.8530329296636787,104.33197930241903,9144.0
6250.0,VTI105,14.759991523105649,90.94423061368853,9144.0
6260.0,VJC915,2.8435094731944672,104.30496864680215,9144.0
6260.0,VTI105,14.744998238453126,90.97143805570019,9144.0
6260.0,VJC915,2.8435094731944672,104.30496864680215,9144.0
6260.0,VTI105,14.744998238453126,90.97143805570019,9144.0
6270.0,VJC915,2.834090386838266,104.27792154894125,9144.0
6270.0,VTI105,14.730001766589803,90.9986417463989,9144.0
6270.0,VJC915,2.834090386838266,104.27792154894125,9144.0
6270.0,VTI105,14.730001766589803,90.9986417463989,9144.0
6280.0,VJC915,2.8248098274449647,104.25127572912712,9144.0
6280.0,VTI105,14.71500211131512,91.02584168947837,9144.0
6280.0,VJC915,2.8248098274449647,104.25127572912712,9144.0
6280.0,VTI105,14.71500211131512,91.02584168947837,9144.0
6290.0,VJC915,2.815306136999087,104.22470908413582,9144.0
6290.0,VTI105,14.699999276427212,91.05303788863372,9144.0
6290.0,VJC915,2.815306136999087,104.22470908413582,9144.0
6290.0,VTI105,14.699999276427212,91.05303788863372,9144.0
6300.0,VJC915,2.8021493974869682,104.20009802037927,9144.0
6300.0,VTI105,14.684993265722895,91.08023034756151,9144.0
6300.0,VJC915,2.8021493974869682,104.20009802037927,9144.0
6300.0,VTI105,14.684993265722895,91.08023034756151,9144.0
6310.0,VJC915,2.785668682814991,104.17796260249496,9144.0
6310.0,VTI105,14.66998408299768,91.1074190699597,9144.0
6310.0,VJC915,2.785668682814991,104.17796260249496,9144.0
6310.0,VTI105,14.66998408299768,91.1074190699597,9144.0
6320.0,VJC915,2.7667566169263402,104.15942354078926,9144.0
6320.0,VTI105,14.654971732045757,91.13460405952766,9144.0
6320.0,VJC915,2.7667566169263402,104.15942354078926,9144.0
6320.0,VTI105,14.654971732045757,91.13460405952766,9144.0
6330.0,VJC915,2.7452067668058118,104.14403818508224,9144.0
6330.0,VTI105,14.639956216660002,91.16178531996619,9144.0
6330.0,VJC915,2.7452067668058118,104.14403818508224,9144.0
6330.0,VTI105,14.639956216660002,91.16178531996619,9144.0
6340.0,VJC915,2.722412816867032,104.13279969540697,9144.0
6340.0,VTI105,14.624937540631967,91.18896285497745,9144.0
6340.0,VJC915,2.722412816867032,104.13279969540697,9144.0
6340.0,VTI105,14.624937540631967,91.18896285497745,9144.0
6350.0,VJC915,2.6981077357736427,104.1253856747934,9144.0
6350.0,VTI105,14.609915707751881,91.21613666826502,9144.0
6350.0,VJC915,2.6981077357736427,104.1253856747934,9144.0
6350.0,VTI105,14.609915707751881,91.21613666826502,9144.0
6360.0,VJC915,2.6729268738335925,104.12198977479152,9144.0
6360.0,VTI105,14.594890721808648,91.24330676353387,9144.0
6360.0,VJC915,2.6729268738335925,104.12198977479152,9144.0
6360.0,VTI105,14.594890721808648,91.24330676353387,9144.0
6370.0,VJC915,2.6475284748242447,104.12270059891647,9144.0
6370.0,VTI105,14.57986258658984,91.27047314449032,9144.0
6370.0,VJC915,2.6475284748242447,104.12270059891647,9144.0
6370.0,VTI105,14.57986258658984,91.27047314449032,9144.0
6380.0,VJC915,2.6227538750418042,104.12314860662606,9144.0
6380.0,VTI105,14.5648313058817,91.29763581484211,9144.0
6380.0,VJC915,2.6227538750418042,104.12314860662606,9144.0
6380.0,VTI105,14.5648313058817,91.29763581484211,9144.0
6390.0,VJC915,2.5979161065020375,104.12359773881126,9144.0
6390.0,VTI105,14.549796883469135,91.32479477829833,9144.0
6390.0,VJC915,2.5979161065020375,104.12359773881126,9144.0
6390.0,VTI105,14.549796883469135,91.32479477829833,9144.0
6400.0,VJC915,2.573343978572765,104.11994349483894,9144.0
6400.0,VTI105,14.534759323135715,91.35195003856941,9144.0
6400.0,VJC915,2.573343978572765,104.11994349483894,9144.0
6400.0,VTI105,14.534759323135715,91.35195003856941,9144.0
6410.0,VJC915,2.5492747694788958,104.11523020694075,9144.0
6410.0,VTI105,14.519718628663668,91.37910159936717,9144.0
6410.0,VJC915,2.5492747694788958,104.11523020694075,9144.0
6410.0,VTI105,14.519718628663668,91.37910159936717,9144.0
6420.0,VJC915,2.5252055425379245,104.11051709809864,9144.0
6420.0,VTI105,14.504674803833879,91.40624946440477,9144.0
6420.0,VJC915,2.5252055425379245,104.11051709809864,9144.0
6420.0,VTI105,14.504674803833879,91.40624946440477,9144.0
6430.0,VJC915,2.5010130922496163,104.10648544081356,9144.0
6430.0,VTI105,14.489627852425885,91.4333936373967,9144.0
6430.0,VJC915,2.5010130922496163,104.10648544081356,9144.0
6430.0,VTI105,14.489627852425885,91.4333936373967,9144.0
6440.0,VJC915,2.4767454517199603,104.10605145520213,9144.0
6440.0,VTI105,14.474577778217874,91.46053412205882,9144.0
6440.0,VJC915,2.4767454517199603,104.10605145520213,9144.0
6440.0,VTI105,14.474577778217874,91.46053412205882,9144.0
6450.0,VJC915,2.4528600856057294,104.1056243214653,9144.0
6450.0,VTI105,14.45952458498668,91.4876709221083,9144.0
6450.0,VJC915,2.4528600856057294,104.1056243214653,9144.0
6450.0,VTI105,14.45952458498668,91.4876709221083,9144.0
6460.0,VJC915,2.4289747193504234,104.10519720322218,9144.0
6460.0,VTI105,14.444468276507777,91.51480404126363,9144.0
6460.0,VJC915,2.4289747193504234,104.10519720322218,9144.0
6460.0,VTI105,14.444468276507777,91.51480404126363,9144.0
6470.0,VJC915,2.4050880852257226,104.10554612737697,9144.0
6470.0,VTI105,14.429408856555284,91.54193348324463,9144.0
6470.0,VJC915,2.4050880852257226,104.10554612737697,9144.0
6470.0,VTI105,14.429408856555284,91.54193348324463,9144.0
6480.0,VJC915,2.3815213399968753,104.1058903667068,9144.0
6480.0,VTI105,14.414346328901951,91.56905925177246,9144.0
6480.0,VJC915,2.3815213399968753,104.1058903667068,9144.0
6480.0,VTI105,14.414346328901951,91.56905925177246,9144.0
6490.0,VJC915,2.357953818317243,104.10560429470554,9144.0
6490.0,VTI105,14.399280697319162,91.59618135056954,9144.0
6490.0,VJC915,2.357953818317243,104.10560429470554,9144.0
6490.0,VTI105,14.399280697319162,91.59618135056954,9144.0
6500.0,VJC915,2.33464142418643,104.10555080310128,9144.0
6500.0,VTI105,14.38421196557693,91.6232997833596,9144.0
6500.0,VJC915,2.33464142418643,104.10555080310128,9144.0
6500.0,VTI105,14.38421196557693,91.6232997833596,9144.0
6510.0,VJC915,2.3115865968076337,104.10549790424547,9144.0
6510.0,VTI105,14.369140137443889,91.65041455386769,9144.0
6510.0,VJC915,2.3115865968076337,104.10549790424547,9144.0
6510.0,VTI105,14.369140137443889,91.65041455386769,9144.0
6520.0,VJC915,2.288531764583681,104.10544716537298,9144.0
6520.0,VTI105,14.3540652166873,91.67752566582014,9144.0
6520.0,VJC915,2.288531764583681,104.10544716537298,9144.0
6520.0,VTI105,14.3540652166873,91.67752566582014,9144.0
6530.0,VJC915,2.2657352692493458,104.10539699665208,9144.0
6530.0,VTI105,14.338987207073034,91.70463312294454,9144.0
6530.0,VJC915,2.2657352692493458,104.10539699665208,9144.0
6530.0,VTI105,14.338987207073034,91.70463312294454,9144.0
6540.0,VJC915,2.2429387805671177,104.10534388755319,9144.0
6540.0,VTI105,14.323906112365579,91.73173692896977,9144.0
6540.0,VJC915,2.2429387805671177,104.10534388755319,9144.0
6540.0,VTI105,14.323906112365579,91.73173692896977,9144.0
6550.0,VJC915,2.220531245309746,104.10529168621602,9144.0
6550.0,VTI105,14.308821936328028,91.75883708762596,9144.0
6550.0,VJC915,2.220531245309746,104.10529168621602,9144.0
6550.0,VTI105,14.308821936328028,91.75883708762596,9144.0
6560.0,VJC915,2.198124354853093,104.1054696295884,9144.0
6560.0,VTI105,14.293734682722082,91.78593360264453,9144.0
6560.0,VJC915,2.198124354853093,104.1054696295884,9144.0
6560.0,VTI105,14.293734682722082,91.78593360264453,9144.0
6570.0,VJC915,2.1765899699303213,104.10973222966639,9144.0
6570.0,VTI105,14.278644355308035,91.81302647775814,9144.0
6570.0,VJC915,2.1765899699303213,104.10973222966639,9144.0
6570.0,VTI105,14.278644355308035,91.81302647775814,9144.0
6580.0,VJC915,2.1563600405221797,104.11718969464826,9144.0
6580.0,VTI105,14.263550957844782,91.8401157167007,9144.0
6580.0,VJC915,2.1563600405221797,104.11718969464826,9144.0
6580.0,VTI105,14.263550957844782,91.8401157167007,9144.0
6590.0,VJC915,2.1361300721258556,104.12464695503905,9144.0
6590.0,VTI105,14.248454494089804,91.86720132320733,9144.0
6590.0,VJC915,2.1361300721258556,104.12464695503905,9144.0
6590.0,VTI105,14.248454494089804,91.86720132320733,9144.0
6600.0,VJC915,2.1161076685981612,104.1326454345752,9144.0
6600.0,VTI105,14.23335496779917,91.89428330101441,9144.0
6600.0,VJC915,2.1161076685981612,104.1326454345752,9144.0
6600.0,VTI105,14.23335496779917,91.89428330101441,9144.0
6610.0,VJC915,2.096758154570982,104.14037488803054,9144.0
6610.0,VTI105,14.21825238272753,91.92136165385955,9144.0
6610.0,VJC915,2.096758154570982,104.14037488803054,9144.0
6610.0,VTI105,14.21825238272753,91.92136165385955,9144.0
6620.0,VJC915,2.0773263642301645,104.14789472800148,9144.0
6620.0,VTI105,14.203146742628105,91.94843638548157,9144.0
6620.0,VJC915,2.0773263642301645,104.14789472800148,9144.0
6620.0,VTI105,14.203146742628105,91.94843638548157,9144.0
6630.0,VJC915,2.0590747919267756,104.15495764884419,9144.0
6630.0,VTI105,14.188038051252692,91.9755074996205,9144.0
6630.0,VJC915,2.0590747919267756,104.15495764884419,9144.0
6630.0,VTI105,14.188038051252692,91.9755074996205,9144.0
6640.0,VJC915,2.0407758608485667,104.16189670680416,9144.0
6640.0,VTI105,14.172926312351647,92.00257500001757,9144.0
6640.0,VJC915,2.0407758608485667,104.16189670680416,9144.0
6640.0,VTI105,14.172926312351647,92.00257500001757,9144.0
6650.0,VJC915,2.0234861377773044,104.16845290300307,9144.0
6650.0,VTI105,14.157811529673891,92.02963889041521,9144.0
6650.0,VJC915,2.0234861377773044,104.16845290300307,9144.0
6650.0,VTI105,14.157811529673891,92.02963889041521,9144.0
6660.0,VJC915,2.005267918323688,104.17161096164492,9144.0
6660.0,VTI105,14.142693706966895,92.05669917455704,9144.0
6660.0,VJC915,2.005267918323688,104.17161096164492,9144.0
6660.0,VTI105,14.142693706966895,92.05669917455704,9144.0
6670.0,VJC915,1.9867797284345865,104.17138393808318,9144.0
6670.0,VTI105,14.12757284797668,92.08375585618785,9144.0
6670.0,VJC915,1.9867797284345865,104.17138393808318,9144.0
6670.0,VTI105,14.12757284797668,92.08375585618785,9144.0
6680.0,VJC915,1.9684273118380389,104.17115858676584,9144.0
6680.0,VTI105,14.11244895644781,92.11080893905361,9144.0
6680.0,VJC915,1.9684273118380389,104.17115858676584,9144.0
6680.0,VTI105,14.11244895644781,92.11080893905361,9144.0
6690.0,VJC915,1.9500774294159822,104.17153792824719,9144.0
6690.0,VTI105,14.097322036123384,92.13785842690147,9144.0
6690.0,VJC915,1.9500774294159822,104.17153792824719,9144.0
6690.0,VTI105,14.097322036123384,92.13785842690147,9144.0
6700.0,VJC915,1.931999635975099,104.17191163681389,9144.0
6700.0,VTI105,14.082192090745032,92.16490432347972,9144.0
6700.0,VJC915,1.931999635975099,104.17191163681389,9144.0
6700.0,VTI105,14.082192090745032,92.16490432347972,9144.0
6710.0,VJC915,1.913946554640972,104.17292825977393,9144.0
6710.0,VTI105,14.067059124052907,92.19194663253779,9144.0
6710.0,VJC915,1.913946554640972,104.17292825977393,9144.0
6710.0,VTI105,14.067059124052907,92.19194663253779,9144.0
6720.0,VJC915,1.8963832818179662,104.17661332291834,9144.0
6720.0,VTI105,14.05192313978568,92.21898535782628,9144.0
6720.0,VJC915,1.8963832818179662,104.17661332291834,9144.0
6720.0,VTI105,14.05192313978568,92.21898535782628,9144.0
6730.0,VJC915,1.8789176847100741,104.18042867738716,9144.0
6730.0,VTI105,14.036784141680533,92.24602050309691,9144.0
6730.0,VJC915,1.8789176847100741,104.18042867738716,9144.0
6730.0,VTI105,14.036784141680533,92.24602050309691,9144.0
6740.0,VJC915,1.8614520789937568,104.18424395443078,9144.0
6740.0,VTI105,14.021642133473152,92.27305207210252,9144.0
6740.0,VJC915,1.8614520789937568,104.18424395443078,9144.0
6740.0,VTI105,14.021642133473152,92.27305207210252,9144.0
6750.0,VJC915,1.8439878410332,104.18806545634669,9144.0
6750.0,VTI105,14.006497118897718,92.30008006859705,9144.0
6750.0,VJC915,1.8439878410332,104.18806545634669,9144.0
6750.0,VTI105,14.006497118897718,92.30008006859705,9144.0
6760.0,VJC915,1.8268562336495093,104.19180712078489,9144.0
6760.0,VTI105,13.991349101686904,92.3271044963356,9144.0
6760.0,VJC915,1.8268562336495093,104.19180712078489,9144.0
6760.0,VTI105,13.991349101686904,92.3271044963356,9144.0
6770.0,VJC915,1.8103289812271584,104.19541671914881,9144.0
6770.0,VTI105,13.976198085571863,92.3541253590743,9144.0
6770.0,VJC915,1.8103289812271584,104.19541671914881,9144.0
6770.0,VTI105,13.976198085571863,92.3541253590743,9144.0
6780.0,VJC915,1.7937814304857767,104.19893196340699,9144.0
6780.0,VTI105,13.961044074282222,92.38114266057043,9144.0
6780.0,VJC915,1.7937814304857767,104.19893196340699,9144.0
6780.0,VTI105,13.961044074282222,92.38114266057043,9144.0
6790.0,VJC915,1.7781826032817027,104.20224560634422,9144.0
6790.0,VTI105,13.945887071546078,92.40815640458233,9144.0
6790.0,VJC915,1.7781826032817027,104.20224560634422,9144.0
6790.0,VTI105,13.945887071546078,92.40815640458233,9144.0
6800.0,VJC915,1.7626363387645947,104.20579788242688,9144.0
6800.0,VTI105,13.930727081089984,92.4351665948694,9144.0
6800.0,VJC915,1.7626363387645947,104.20579788242688,9144.0
6800.0,VTI105,13.930727081089984,92.4351665948694,9144.0
6810.0,VJC915,1.7472938447461717,104.2093035357932,9144.0
6810.0,VTI105,13.915564106638943,92.46217323519214,9144.0
6810.0,VJC915,1.7472938447461717,104.2093035357932,9144.0
6810.0,VTI105,13.915564106638943,92.46217323519214,9144.0
6820.0,VJC915,1.7318577845875203,104.21237060950321,9144.0
6820.0,VTI105,13.9003981519164,92.48917632931206,9144.0
6820.0,VJC915,1.7318577845875203,104.21237060950321,9144.0
6820.0,VTI105,13.9003981519164,92.48917632931206,9144.0
6830.0,VJC915,1.7162245650036565,104.21133010804343,9144.0
6830.0,VTI105,13.885229220644236,92.51617588099174,9144.0
6830.0,VJC915,1.7162245650036565,104.21133010804343,9144.0
6830.0,VTI105,13.885229220644236,92.51617588099174,9144.0
6840.0,VJC915,1.7025570009967717,104.2063517280042,9144.0
6840.0,VTI105,13.870057316542752,92.54317189399478,9144.0
6840.0,VJC915,1.7025570009967717,104.2063517280042,9144.0
6840.0,VTI105,13.870057316542752,92.54317189399478,9144.0
6850.0,VJC915,1.6915105288267596,104.19801374188584,9144.0
6850.0,VTI105,13.854882443330666,92.57016437208583,9144.0
6850.0,VJC915,1.6915105288267596,104.19801374188584,9144.0
6850.0,VTI105,13.854882443330666,92.57016437208583,9144.0
6860.0,VJC915,1.6833889285303112,104.18680508399518,9144.0
6860.0,VTI105,13.839704604725101,92.59715331903054,9144.0
6860.0,VJC915,1.6833889285303112,104.18680508399518,9144.0
6860.0,VTI105,13.839704604725101,92.59715331903054,9144.0
6870.0,VJC915,1.6790332830766492,104.1738897547049,9144.0
6870.0,VTI105,13.824523804441577,92.62413873859556,9144.0
6870.0,VJC915,1.6790332830766492,104.1738897547049,9144.0
6870.0,VTI105,13.824523804441577,92.62413873859556,9144.0
6880.0,VJC915,1.6759234839068242,104.16054594237475,9144.0
6880.0,VTI105,13.809340046193997,92.65112063454855,9144.0
6880.0,VJC915,1.6759234839068242,104.16054594237475,9144.0
6880.0,VTI105,13.809340046193997,92.65112063454855,9144.0
6890.0,VJC915,1.6690076440212938,104.14871946000898,9144.0
6890.0,VTI105,13.79415333369464,92.67809901065814,9144.0
6890.0,VJC915,1.6690076440212938,104.14871946000898,9144.0
6890.0,VTI105,13.79415333369464,92.67809901065814,9144.0
6900.0,VJC915,1.6606025204275427,104.13781165068767,9144.0
6900.0,VTI105,13.77896367065415,92.70507387069397,9144.0
6900.0,VJC915,1.6606025204275427,104.13781165068767,9144.0
6900.0,VTI105,13.77896367065415,92.70507387069397,9144.0
6910.0,VJC915,1.652197109828734,104.12690410898593,9144.0
6910.0,VTI105,13.763771060781524,92.73204521842659,9144.0
6910.0,VJC915,1.652197109828734,104.12690410898593,9144.0
6910.0,VTI105,13.763771060781524,92.73204521842659,9144.0
6920.0,VJC915,1.6444964690043966,104.11548771901302,9144.0
6920.0,VTI105,13.748575507784102,92.75901305762754,9144.0
6920.0,VJC915,1.6444964690043966,104.11548771901302,9144.0
6920.0,VTI105,13.748575507784102,92.75901305762754,9144.0
6930.0,VJC915,1.635936091757284,104.10452084592187,9144.0
6930.0,VTI105,13.733377015367553,92.7859773920693,9144.0
6930.0,VJC915,1.635936091757284,104.10452084592187,9144.0
6930.0,VTI105,13.733377015367553,92.7859773920693,9144.0
6940.0,VJC915,1.6243235876308302,104.09623633223447,9144.0
6940.0,VTI105,13.718175587235867,92.81293822552527,9144.0
6940.0,VJC915,1.6243235876308302,104.09623633223447,9144.0
6940.0,VTI105,13.718175587235867,92.81293822552527,9144.0
6950.0,VJC915,1.6125351951555331,104.0891229390955,9144.0
6950.0,VTI105,13.702971227091341,92.83989556176978,9144.0
6950.0,VJC915,1.6125351951555331,104.0891229390955,9144.0
6950.0,VTI105,13.702971227091341,92.83989556176978,9144.0
6960.0,VJC915,1.5999938841954848,104.08344251965318,9144.0
6960.0,VTI105,13.687763938634562,92.86684940457805,9144.0
6960.0,VJC915,1.5999938841954848,104.08344251965318,9144.0
6960.0,VTI105,13.687763938634562,92.86684940457805,9144.0
6970.0,VJC915,1.58784272688863,104.07829063563577,9144.0
6970.0,VTI105,13.6725537255644,92.8937997577262,9144.0
6970.0,VJC915,1.58784272688863,104.07829063563577,9144.0
6970.0,VTI105,13.6725537255644,92.8937997577262,9144.0
6980.0,VJC915,1.5754946497872748,104.07305533137125,9144.0
6980.0,VTI105,13.657340591577992,92.92074662499125,9144.0
6980.0,VJC915,1.5754946497872748,104.07305533137125,9144.0
6980.0,VTI105,13.657340591577992,92.92074662499125,9144.0
6990.0,VJC915,1.563158853805797,104.06779116393855,9144.0
6990.0,VTI105,13.642124540370729,92.94769001015108,9144.0
6990.0,VJC915,1.563158853805797,104.06779116393855,9144.0
6990.0,VTI105,13.642124540370729,92.94769001015108,9144.0
7000.0,VJC915,1.551085402395704,104.06263901786562,9144.0
7000.0,VTI105,13.626905575636238,92.97462991698443,9144.0
7000.0,VJC915,1.551085402395704,104.06263901786562,9144.0
7000.0,VTI105,13.626905575636238,92.97462991698443,9144.0
7010.0,VJC915,1.5389972642100411,104.05752147987788,9144.0
7010.0,VTI105,13.611683701066374,93.00156634927087,9144.0
7010.0,VJC915,1.5389972642100411,104.05752147987788,9144.0
7010.0,VTI105,13.611683701066374,93.00156634927087,9144.0
7020.0,VJC915,1.526741700757596,104.05243428908004,9144.0
7020.0,VTI105,13.5964589203512,93.02849931079083,9144.0
7020.0,VJC915,1.526741700757596,104.05243428908004,9144.0
7020.0,VTI105,13.5964589203512,93.02849931079083,9144.0
7030.0,VJC915,1.5143587888352403,104.04728213112638,9144.0
7030.0,VTI105,13.58123123717897,93.05542880532553,9144.0
7030.0,VJC915,1.5143587888352403,104.04728213112638,9144.0
7030.0,VTI105,13.58123123717897,93.05542880532553,9144.0
7040.0,VJC915,1.501713128842279,104.04202074594038,9144.0
7040.0,VTI105,13.566000655236119,93.08235483665702,9144.0
7040.0,VJC915,1.501713128842279,104.04202074594038,9144.0
7040.0,VTI105,13.566000655236119,93.08235483665702,9144.0
7050.0,VJC915,1.489171075009606,104.03651681791942,9144.0
7050.0,VTI105,13.550767178207238,93.1092774085681,9144.0
7050.0,VJC915,1.489171075009606,104.03651681791942,9144.0
7050.0,VTI105,13.550767178207238,93.1092774085681,9144.0
7060.0,VJC915,1.4765768775844872,104.03131697973285,9144.0
7060.0,VTI105,13.535530809775064,93.1361965248424,9144.0
7060.0,VJC915,1.4765768775844872,104.03131697973285,9144.0
7060.0,VTI105,13.535530809775064,93.1361965248424,9144.0
7070.0,VJC915,1.464601967428787,104.02629890299517,9144.0
7070.0,VTI105,13.52029155362046,93.16311218926427,9144.0
7070.0,VJC915,1.464601967428787,104.02629890299517,9144.0
7070.0,VTI105,13.52029155362046,93.16311218926427,9144.0
7080.0,VJC915,1.4527589765895679,104.02133616895307,9144.0
7080.0,VTI105,13.505049413422395,93.19002440561881,9144.0
7080.0,VJC915,1.4527589765895679,104.02133616895307,9144.0
7080.0,VTI105,13.505049413422395,93.19002440561881,9144.0
7090.0,VJC915,1.4409738018900167,104.01623759787739,9144.0
7090.0,VTI105,13.489804392857925,93.21693317769187,9144.0
7090.0,VJC915,1.4409738018900167,104.01623759787739,9144.0
7090.0,VTI105,13.489804392857925,93.21693317769187,9144.0
7100.0,VJC915,1.4304433861484012,104.01168193500871,9144.0
7100.0,VTI105,13.474556495602176,93.24383850926999,9144.0
7100.0,VJC915,1.4304433861484012,104.01168193500871,9144.0
7100.0,VTI105,13.474556495602176,93.24383850926999,9144.0
7110.0,VJC915,1.4197690518551915,104.00747476966379,9144.0
7110.0,VTI105,13.459305725328322,93.27074040414043,9144.0
7110.0,VJC915,1.4197690518551915,104.00747476966379,9144.0
7110.0,VTI105,13.459305725328322,93.27074040414043,9144.0
7120.0,VJC915,1.4098126226559113,104.00323647998155,9144.0
7120.0,VTI105,13.444052085707565,93.2976388660911,9144.0
7120.0,VJC915,1.4098126226559113,104.00323647998155,9144.0
7120.0,VTI105,13.444052085707565,93.2976388660911,9144.0
7130.0,VJC915,1.400190993628571,103.99914074758317,9144.0
7130.0,VTI105,13.428795580409108,93.32453389891062,9144.0
7130.0,VJC915,1.400190993628571,103.99914074758317,9144.0
7130.0,VTI105,13.428795580409108,93.32453389891062,9144.0
7140.0,VJC915,1.3905693570464395,103.99504504969674,9144.0
7140.0,VTI105,13.413536213100144,93.3514255063882,9144.0
7140.0,VJC915,1.3905693570464395,103.99504504969674,9144.0
7140.0,VTI105,13.413536213100144,93.3514255063882,9144.0
7150.0,VJC915,1.3809477121704203,103.9909493879439,9144.0
7150.0,VTI105,13.398273987445823,93.37831369231371,9144.0
7150.0,VJC915,1.3809477121704203,103.9909493879439,9144.0
7150.0,VTI105,13.398273987445823,93.37831369231371,9144.0
7160.0,VJC915,1.3713118101445123,103.98688741864491,9144.0
7160.0,VTI105,13.383008907109229,93.40519846047765,9144.0
7160.0,VJC915,1.3713118101445123,103.98688741864491,9144.0
7160.0,VTI105,13.383008907109229,93.40519846047765,9144.0
7170.0,VJC915,1.363896297172739,103.97941002831229,9144.0
7170.0,VTI105,13.367740975751362,93.43207981467106,9144.0
7170.0,VJC915,1.363896297172739,103.97941002831229,9144.0
7170.0,VTI105,13.367740975751362,93.43207981467106,9144.0
7180.0,VJC915,1.359777237413882,103.96955891013135,9144.0
7180.0,VTI105,13.352470197031106,93.45895775868557,9144.0
7180.0,VJC915,1.359777237413882,103.96955891013135,9144.0
7180.0,VTI105,13.352470197031106,93.45895775868557,9144.0
7190.0,VJC915,1.3596609654841996,103.95888149449057,9144.0
7190.0,VTI105,13.337196574605203,93.48583229631339,9144.0
7190.0,VJC915,1.3596609654841996,103.95888149449057,9144.0
7190.0,VTI105,13.337196574605203,93.48583229631339,9144.0
7200.0,VJC915,1.36356452548786,103.94894294899682,9144.0
7200.0,VTI105,13.321920112128227,93.51270343134722,9144.0
7200.0,VJC915,1.36356452548786,103.94894294899682,9144.0
7200.0,VTI105,13.321920112128227,93.51270343134722,9144.0
7210.0,VJC915,1.3709157012114686,103.94120014168986,9144.0
7210.0,VTI105,13.306640813252558,93.53957116758028,9144.0
7210.0,VJC915,1.3709157012114686,103.94120014168986,9144.0
7210.0,VTI105,13.306640813252558,93.53957116758028,9144.0
7220.0,VJC915,1.3806368963243396,103.93678808996333,9144.0
7220.0,VTI105,13.291358681628347,93.56643550880628,9144.0
7220.0,VJC915,1.3806368963243396,103.93678808996333,9144.0
7220.0,VTI105,13.291358681628347,93.56643550880628,9144.0
7230.0,VJC915,1.3913030973895244,103.9363535785597,9144.0
7230.0,VTI105,13.27607372090349,93.59329645881938,9144.0
7230.0,VJC915,1.3913030973895244,103.9363535785597,9144.0
7230.0,VTI105,13.27607372090349,93.59329645881938,9144.0
7240.0,VJC915,1.4013507641568161,103.93996033705515,9144.0
7240.0,VTI105,13.260785934723593,93.62015402141421,9144.0
7240.0,VJC915,1.4013507641568161,103.93996033705515,9144.0
7240.0,VTI105,13.260785934723593,93.62015402141421,9144.0
7250.0,VJC915,1.4093070262654075,103.94707968297445,9144.0
7250.0,VTI105,13.245495326731943,93.64700820038578,9144.0
7250.0,VJC915,1.4093070262654075,103.94707968297445,9144.0
7250.0,VTI105,13.245495326731943,93.64700820038578,9144.0
7260.0,VTI105,13.23020190056947,93.67385899952951,9144.0
7260.0,VTI105,13.23020190056947,93.67385899952951,9144.0
7270.0,VTI105,13.214905659874715,93.7007064226412,9144.0
7270.0,VTI105,13.214905659874715,93.7007064226412,9144.0
7280.0,VTI105,13.19960660828379,93.72755047351696,9144.0
7280.0,VTI105,13.19960660828379,93.72755047351696,9144.0
7290.0,VTI105,13.184304749430344,93.75439115595321,9144.0
7290.0,VTI105,13.184304749430344,93.75439115595321,9144.0
7300.0,VTI105,13.169000086945518,93.7812284737467,9144.0
7300.0,VTI105,13.169000086945518,93.7812284737467,9144.0
7310.0,VTI105,13.153692624457909,93.80806243069436,9144.0
7310.0,VTI105,13.153692624457909,93.80806243069436,9144.0
7320.0,VTI105,13.138382365593523,93.83489303059342,9144.0
7320.0,VTI105,13.138382365593523,93.83489303059342,9144.0
7330.0,VTI105,13.123069313975737,93.86172027724125,9144.0
7330.0,VTI105,13.123069313975737,93.86172027724125,9144.0
7340.0,VTI105,13.107753473225245,93.8885441744354,9144.0
7340.0,VTI105,13.107753473225245,93.8885441744354,9144.0
7350.0,VTI105,13.092434846960014,93.91536472597355,9144.0
7350.0,VTI105,13.092434846960014,93.91536472597355,9144.0
7360.0,VTI105,13.077113438795234,93.94218193565347,9144.0
7360.0,VTI105,13.077113438795234,93.94218193565347,9144.0
7370.0,VTI105,13.061789252343265,93.96899580727298,9144.0
7370.0,VTI105,13.061789252343265,93.96899580727298,9144.0
7380.0,VTI105,13.046462291213585,93.99580634462993,9144.0
7380.0,VTI105,13.046462291213585,93.99580634462993,9144.0
7390.0,VTI105,13.031132559012727,94.02261355152214,9144.0
7390.0,VTI105,13.031132559012727,94.02261355152214,9144.0
7400.0,VTI105,13.01580005934423,94.0494174317474,9144.0
7400.0,VTI105,13.01580005934423,94.0494174317474,9144.0
7410.0,VTI105,13.000464795808567,94.07621798910336,9144.0
7410.0,VTI105,13.000464795808567,94.07621798910336,9144.0
7420.0,VTI105,12.985126772003088,94.10301522738753,9144.0
7420.0,VTI105,12.985126772003088,94.10301522738753,9144.0
7430.0,VTI105,12.969785991521952,94.12980915039726,9144.0
7430.0,VTI105,12.969785991521952,94.12980915039726,9144.0
7440.0,VTI105,12.954442457956056,94.15659976192966,9144.0
7440.0,VTI105,12.954442457956056,94.15659976192966,9144.0
7450.0,VTI105,12.93909617489296,94.18338706578152,9144.0
7450.0,VTI105,12.93909617489296,94.18338706578152,9144.0
7460.0,VTI105,12.923747145916815,94.21017106574932,9144.0
7460.0,VTI105,12.923747145916815,94.21017106574932,9144.0
7470.0,VTI105,12.90839537460828,94.23695176562917,9144.0
7470.0,VTI105,12.90839537460828,94.23695176562917,9144.0
7480.0,VTI105,12.893040864544437,94.2637291692167,9144.0
7480.0,VTI105,12.893040864544437,94.2637291692167,9144.0
7490.0,VTI105,12.877683619298711,94.29050328030705,9144.0
7490.0,VTI105,12.877683619298711,94.29050328030705,9144.0
7500.0,VTI105,12.862323642440769,94.31727410269481,9144.0
7500.0,VTI105,12.862323642440769,94.31727410269481,9144.0
7510.0,VTI105,12.846960937536432,94.34404164017394,9144.0
7510.0,VTI105,12.846960937536432,94.34404164017394,9144.0
7520.0,VTI105,12.831595508147567,94.3708058965377,9144.0
7520.0,VTI105,12.831595508147567,94.3708058965377,9144.0
7530.0,VTI105,12.816227357831988,94.39756687557862,9144.0
7530.0,VTI105,12.816227357831988,94.39756687557862,9144.0
7540.0,VTI105,12.800856490143344,94.42432458108837,9144.0
7540.0,VTI105,12.800856490143344,94.42432458108837,9144.0
7550.0,VTI105,12.785482908631,94.45107901685772,9144.0
7550.0,VTI105,12.785482908631,94.45107901685772,9144.0
7560.0,VTI105,12.770106616839916,94.47783018667647,9144.0
7560.0,VTI105,12.770106616839916,94.47783018667647,9144.0
7570.0,VTI105,12.754727618310522,94.50457809433334,9144.0
7570.0,VTI105,12.754727618310522,94.50457809433334,9144.0
7580.0,VTI105,12.739345916578577,94.5313227436159,9144.0
7580.0,VTI105,12.739345916578577,94.5313227436159,9144.0
7590.0,VTI105,12.723961515175032,94.55806413831048,9144.0
7590.0,VTI105,12.723961515175032,94.55806413831048,9144.0
7600.0,VTI105,12.70857441762588,94.58480228220206,9144.0
7600.0,VTI105,12.70857441762588,94.58480228220206,9144.0
7610.0,VTI105,12.693184627451993,94.61153717907418,9144.0
7610.0,VTI105,12.693184627451993,94.61153717907418,9144.0
7620.0,VTI105,12.677792148168963,94.63826883270882,9144.0
7620.0,VTI105,12.677792148168963,94.63826883270882,9144.0
7630.0,VTI105,12.66239698328692,94.66499724688632,9144.0
7630.0,VTI105,12.66239698328692,94.66499724688632,9144.0
7640.0,VTI105,12.64699913631035,94.69172242538524,9144.0
7640.0,VTI105,12.64699913631035,94.69172242538524,9144.0
7650.0,VTI105,12.631598610737901,94.71844437198223,9144.0
7650.0,VTI105,12.631598610737901,94.71844437198223,9144.0
7660.0,VTI105,12.616195410062168,94.74516309045191,9144.0
7660.0,VTI105,12.616195410062168,94.74516309045191,9144.0
7670.0,VTI105,12.600789537769481,94.77187858456672,9144.0
7670.0,VTI105,12.600789537769481,94.77187858456672,9144.0
7680.0,VTI105,12.58538099733967,94.79859085809679,9144.0
7680.0,VTI105,12.58538099733967,94.79859085809679,9144.0
7690.0,VTI105,12.569969792245814,94.82529991480976,9144.0
7690.0,VTI105,12.569969792245814,94.82529991480976,9144.0
7700.0,VTI105,12.55455592595399,94.85200575847065,9144.0
7700.0,VTI105,12.55455592595399,94.85200575847065,9144.0
7710.0,VTI105,12.539139401922982,94.87870839284166,9144.0
7710.0,VTI105,12.539139401922982,94.87870839284166,9144.0
7720.0,VTI105,12.523720223603997,94.90540782168198,9144.0
7720.0,VTI105,12.523720223603997,94.90540782168198,9144.0
7730.0,VTI105,12.508298394440338,94.93210404874759,9144.0
7730.0,VTI105,12.508298394440338,94.93210404874759,9144.0
7740.0,VTI105,12.492873917867081,94.9587970777911,9144.0
7740.0,VTI105,12.492873917867081,94.9587970777911,9144.0
7750.0,VTI105,12.477446797310712,94.98548691256147,9144.0
7750.0,VTI105,12.477446797310712,94.98548691256147,9144.0
7760.0,VTI105,12.462017036188744,95.01217355680377,9144.0
7760.0,VTI105,12.462017036188744,95.01217355680377,9144.0
7770.0,VTI105,12.446584637909313,95.03885701425898,9144.0
7770.0,VTI105,12.446584637909313,95.03885701425898,9144.0
7780.0,VTI105,12.43114960587074,95.06553728866365,9144.0
7780.0,VTI105,12.43114960587074,95.06553728866365,9144.0
7790.0,VTI105,12.415711943461067,95.09221438374966,9144.0
7790.0,VTI105,12.415711943461067,95.09221438374966,9144.0
7800.0,VTI105,12.400271654057551,95.1188883032439,9144.0
7800.0,VTI105,12.400271654057551,95.1188883032439,9144.0
7810.0,VTI105,12.384828741026134,95.14555905086792,9144.0
7810.0,VTI105,12.384828741026134,95.14555905086792,9144.0
7820.0,VTI105,12.369383207720855,95.17222663033756,9144.0
7820.0,VTI105,12.369383207720855,95.17222663033756,9144.0
7830.0,VTI105,12.353935057483241,95.1988910453626,9144.0
7830.0,VTI105,12.353935057483241,95.1988910453626,9144.0
7840.0,VTI105,12.338484293641628,95.22555229964634,9144.0
7840.0,VTI105,12.338484293641628,95.22555229964634,9144.0
7850.0,VTI105,12.32303091951044,95.25221039688509,9144.0
7850.0,VTI105,12.32303091951044,95.25221039688509,9144.0
7860.0,VTI105,12.30757493838941,95.27886534076778,9144.0
7860.0,VTI105,12.30757493838941,95.27886534076778,9144.0
7870.0,VTI105,12.29211635356273,95.30551713497537,9144.0
7870.0,VTI105,12.29211635356273,95.30551713497537,9144.0
7880.0,VTI105,12.276655168298136,95.3321657831803,9144.0
7880.0,VTI105,12.276655168298136,95.3321657831803,9144.0
7890.0,VTI105,12.261191385845914,95.35881128904587,9144.0
7890.0,VTI105,12.261191385845914,95.35881128904587,9144.0
7900.0,VTI105,12.245725009437807,95.38545365622558,9144.0
7900.0,VTI105,12.245725009437807,95.38545365622558,9144.0
7910.0,VTI105,12.230256042285847,95.4120928883624,9144.0
7910.0,VTI105,12.230256042285847,95.4120928883624,9144.0
7920.0,VTI105,12.214784487581053,95.43872898908795,9144.0
7920.0,VTI105,12.214784487581053,95.43872898908795,9144.0
7930.0,VTI105,12.199310348492027,95.46536196202166,9144.0
7930.0,VTI105,12.199310348492027,95.46536196202166,9144.0
7940.0,VTI105,12.1838336281634,95.49199181076979,9144.0
7940.0,VTI105,12.1838336281634,95.49199181076979,9144.0
7950.0,VTI105,12.168354329714138,95.5186185389244,9144.0
7950.0,VTI105,12.168354329714138,95.5186185389244,9144.0
7960.0,VTI105,12.152872456235663,95.54524215006218,9144.0
7960.0,VTI105,12.152872456235663,95.54524215006218,9144.0
7970.0,VTI105,12.137388010789792,95.57186264774319,9144.0
7970.0,VTI105,12.137388010789792,95.57186264774319,9144.0
7980.0,VTI105,12.121900996406444,95.59848003550943,9144.0
7980.0,VTI105,12.121900996406444,95.59848003550943,9144.0
7990.0,VTI105,12.106411416081103,95.62509431688328,9144.0
7990.0,VTI105,12.106411416081103,95.62509431688328,9144.0
8000.0,VTI105,12.090919272771998,95.6517054953658,9144.0
8000.0,VTI105,12.090919272771998,95.6517054953658,9144.0
8010.0,VTI105,12.075424569396946,95.67831357443474,9144.0
8010.0,VTI105,12.075424569396946,95.67831357443474,9144.0
8020.0,VTI105,12.059927308829824,95.70491855754237,9144.0
8020.0,VTI105,12.059927308829824,95.70491855754237,9144.0
8030.0,VTI105,12.044427493896613,95.73152044811309,9144.0
8030.0,VTI105,12.044427493896613,95.73152044811309,9144.0
8040.0,VTI105,12.028925127370929,95.75811924954064,9144.0
8040.0,VTI105,12.028925127370929,95.75811924954064,9144.0
8050.0,VTI105,12.013420211968972,95.784714965185,9144.0
8050.0,VTI105,12.013420211968972,95.784714965185,9144.0
8060.0,VTI105,11.997912750343799,95.81130759836888,9144.0
8060.0,VTI105,11.997912750343799,95.81130759836888,9144.0
8070.0,VTI105,11.98240274507878,95.8378971523737,9144.0
8070.0,VTI105,11.98240274507878,95.8378971523737,9144.0
8080.0,VTI105,11.96689019868011,95.86448363043496,9144.0
8080.0,VTI105,11.96689019868011,95.86448363043496,9144.0
8090.0,VTI105,11.9513751135682,95.89106703573698,9144.0
8090.0,VTI105,11.9513751135682,95.89106703573698,9144.0
8100.0,VTI105,11.935857492067704,95.91764737140676,9144.0
8100.0,VTI105,11.935857492067704,95.91764737140676,9144.0
8110.0,VTI105,11.920337336395924,95.94422464050685,9144.0
8110.0,VTI105,11.920337336395924,95.94422464050685,9144.0
8120.0,VTI105,11.904814648649255,95.97079884602704,9144.0
8120.0,VTI105,11.904814648649255,95.97079884602704,9144.0
8130.0,VTI105,11.889289430787208,95.99736999087455,9144.0
8130.0,VTI105,11.889289430787208,95.99736999087455,9144.0
8140.0,VTI105,11.873761684613475,96.02393807786237,9144.0
8140.0,VTI105,11.873761684613475,96.02393807786237,9144.0
8150.0,VTI105,11.858231411753302,96.0505031096954,9144.0
8150.0,VTI105,11.858231411753302,96.0505031096954,9144.0
8160.0,VTI105,11.842698613626224,96.07706508895372,9144.0
8160.0,VTI105,11.842698613626224,96.07706508895372,9144.0
8170.0,VTI105,11.82716329141293,96.10362401807221,9144.0
8170.0,VTI105,11.82716329141293,96.10362401807221,9144.0
8180.0,VTI105,11.811625446014546,96.1301798993156,9144.0
8180.0,VTI105,11.811625446014546,96.1301798993156,9144.0
8190.0,VTI105,11.796085078002088,96.15673273474748,9144.0
8190.0,VTI105,11.796085078002088,96.15673273474748,9144.0
8200.0,VTI105,11.78054218755289,96.18328252619118,9144.0
8200.0,VTI105,11.78054218755289,96.18328252619118,9144.0
8210.0,VTI105,11.76499677436954,96.20982927518017,9144.0
8210.0,VTI105,11.76499677436954,96.20982927518017,9144.0
8220.0,VTI105,11.749448837574853,96.23637298289357,9144.0
8220.0,VTI105,11.749448837574853,96.23637298289357,9144.0
8230.0,VTI105,11.733898375573345,96.26291365007117,9144.0
8230.0,VTI105,11.733898375573345,96.26291365007117,9144.0
8240.0,VTI105,11.718345385864653,96.28945127689904,9144.0
8240.0,VTI105,11.718345385864653,96.28945127689904,9144.0
8250.0,VTI105,11.702789864786148,96.31598586285169,9144.0
8250.0,VTI105,11.702789864786148,96.31598586285169,9144.0
8260.0,VTI105,11.687231807147555,96.34251740646796,9144.0
8260.0,VTI105,11.687231807147555,96.34251740646796,9144.0
8270.0,VTI105,11.671671205694388,96.36904590502215,9144.0
8270.0,VTI105,11.671671205694388,96.36904590502215,9144.0
8280.0,VTI105,11.656108050286605,96.3955713540204,9144.0
8280.0,VTI105,11.656108050286605,96.3955713540204,9144.0
8290.0,VTI105,11.64054232657466,96.42209374638917,9144.0
8290.0,VTI105,11.64054232657466,96.42209374638917,9144.0
8300.0,VTI105,11.624974013719129,96.44861307107746,9144.0
8300.0,VTI105,11.624974013719129,96.44861307107746,9144.0
8310.0,VTI105,11.609403080099863,96.47512931042704,9144.0
8310.0,VTI105,11.609403080099863,96.47512931042704,9144.0
8320.0,VTI105,11.593829474172916,96.50164243456923,9144.0
8320.0,VTI105,11.593829474172916,96.50164243456923,9144.0
8330.0,VTI105,11.57825310091323,96.52815238698938,9144.0
8330.0,VTI105,11.57825310091323,96.52815238698938,9144.0
8340.0,VTI105,11.559304151430329,96.55226404758699,9144.0
8340.0,VTI105,11.559304151430329,96.55226404758699,9144.0
8350.0,VTI105,11.536847225515562,96.57414874528125,9144.0
8350.0,VTI105,11.536847225515562,96.57414874528125,9144.0
8360.0,VTI105,11.511755246032871,96.5928132406222,9144.0
8360.0,VTI105,11.511755246032871,96.5928132406222,9144.0
8370.0,VTI105,11.484467750583669,96.60793107599211,9144.0
8370.0,VTI105,11.484467750583669,96.60793107599211,9144.0
8380.0,VTI105,11.456529222518926,96.6217539946259,9144.0
8380.0,VTI105,11.456529222518926,96.6217539946259,9144.0
8390.0,VTI105,11.428590036683914,96.63557416497518,9144.0
8390.0,VTI105,11.428590036683914,96.63557416497518,9144.0
8400.0,VTI105,11.400650193728685,96.64939159203237,9144.0
8400.0,VTI105,11.400650193728685,96.64939159203237,9144.0
8410.0,VTI105,11.372709693928982,96.66320627999984,9144.0
8410.0,VTI105,11.372709693928982,96.66320627999984,9144.0
8420.0,VTI105,11.34476853695895,96.67701823181147,9144.0
8420.0,VTI105,11.34476853695895,96.67701823181147,9144.0
8430.0,VTI105,11.316826721432161,96.69082744816663,9144.0
8430.0,VTI105,11.316826721432161,96.69082744816663,9144.0
8440.0,VTI105,11.288884243814866,96.70463392524269,9144.0
8440.0,VTI105,11.288884243814866,96.70463392524269,9144.0
8450.0,VTI105,11.260941095080566,96.71843764765362,9144.0
8450.0,VTI105,11.260941095080566,96.71843764765362,9144.0
8460.0,VTI105,11.23299724289302,96.73223855094896,9144.0
8460.0,VTI105,11.23299724289302,96.73223855094896,9144.0
8470.0,VTI105,11.205195996763454,96.74633428898204,9144.0
8470.0,VTI105,11.205195996763454,96.74633428898204,9144.0
8480.0,VTI105,11.177289036498536,96.76048050799243,9144.0
8480.0,VTI105,11.177289036498536,96.76048050799243,9144.0
8490.0,VTI105,11.149381378092679,96.77462393634099,9144.0
8490.0,VTI105,11.149381378092679,96.77462393634099,9144.0
8500.0,VTI105,11.121472990268414,96.7887645135869,9144.0
8500.0,VTI105,11.121472990268414,96.7887645135869,9144.0
8510.0,VTI105,11.093564853113792,96.80290425243122,9144.0
8510.0,VTI105,11.093564853113792,96.80290425243122,9144.0
8520.0,VTI105,11.06565603334436,96.8170412435621,9144.0
8520.0,VTI105,11.06565603334436,96.8170412435621,9144.0
8530.0,VTI105,11.037746520537967,96.83117546928824,9144.0
8530.0,VTI105,11.037746520537967,96.83117546928824,9144.0
8540.0,VTI105,11.00983627571449,96.84530685337361,9144.0
8540.0,VTI105,11.00983627571449,96.84530685337361,9144.0
8550.0,VTI105,10.981921472498069,96.85942755291552,9144.0
8550.0,VTI105,10.981921472498069,96.85942755291552,9144.0
8560.0,VTI105,10.954058467105575,96.87351889590136,9144.0
8560.0,VTI105,10.954058467105575,96.87351889590136,9144.0
8570.0,VTI105,10.926189821010775,96.88759733799901,9144.0
8570.0,VTI105,10.926189821010775,96.88759733799901,9144.0
8580.0,VTI105,10.898322577870397,96.90167734007937,9144.0
8580.0,VTI105,10.898322577870397,96.90167734007937,9144.0
8590.0,VTI105,10.8704538921155,96.91575306414808,9144.0
8590.0,VTI105,10.8704538921155,96.91575306414808,9144.0
8600.0,VTI105,10.84258891742801,96.92983509069049,9144.0
8600.0,VTI105,10.84258891742801,96.92983509069049,9144.0
8610.0,VTI105,10.814722847431891,96.94391356037723,9144.0
8610.0,VTI105,10.814722847431891,96.94391356037723,9144.0
8620.0,VTI105,10.786894212657659,96.95806725976637,9144.0
8620.0,VTI105,10.786894212657659,96.95806725976637,9144.0
8630.0,VTI105,10.759012055532855,96.9722441339424,9144.0
8630.0,VTI105,10.759012055532855,96.9722441339424,9144.0
8640.0,VTI105,10.731101440094454,96.98636156332854,9144.0
8640.0,VTI105,10.731101440094454,96.98636156332854,9144.0
8650.0,VTI105,10.70303261619269,97.000555375574,9144.0
8650.0,VTI105,10.70303261619269,97.000555375574,9144.0
8660.0,VTI105,10.674972931072618,97.01476657663153,9144.0
8660.0,VTI105,10.674972931072618,97.01476657663153,9144.0
8670.0,VTI105,10.646912359883018,97.02897465590591,9144.0
8670.0,VTI105,10.646912359883018,97.02897465590591,9144.0
8680.0,VTI105,10.618773876254577,97.0430209999406,9144.0
8680.0,VTI105,10.618773876254577,97.0430209999406,9144.0
8690.0,VTI105,10.590529618948661,97.05711672716694,9144.0
8690.0,VTI105,10.590529618948661,97.05711672716694,9144.0
8700.0,VTI105,10.562388008536567,97.07142204643924,9144.0
8700.0,VTI105,10.562388008536567,97.07142204643924,9144.0
8710.0,VTI105,10.534193340312758,97.08575092610113,9144.0
8710.0,VTI105,10.534193340312758,97.08575092610113,9144.0
8720.0,VTI105,10.505980203943448,97.10004084117716,9144.0
8720.0,VTI105,10.505980203943448,97.10004084117716,9144.0
8730.0,VTI105,10.477714025519512,97.11435425396054,9144.0
8730.0,VTI105,10.477714025519512,97.11435425396054,9144.0
8740.0,VTI105,10.449374959837078,97.12851653590572,9144.0
8740.0,VTI105,10.449374959837078,97.12851653590572,9144.0
8750.0,VTI105,10.42103511948823,97.14267592498567,9144.0
8750.0,VTI105,10.42103511948823,97.14267592498567,9144.0
8760.0,VTI105,10.392783705701781,97.15701553747266,9144.0
8760.0,VTI105,10.392783705701781,97.15701553747266,9144.0
8770.0,VTI105,10.364635962719099,97.17129925889353,9144.0
8770.0,VTI105,10.364635962719099,97.17129925889353,9144.0
8780.0,VTI105,10.336402267925104,97.1854053102207,9144.0
8780.0,VTI105,10.336402267925104,97.1854053102207,9144.0
8790.0,VTI105,10.308167834853586,97.1995085687522,9144.0
8790.0,VTI105,10.308167834853586,97.1995085687522,9144.0
8800.0,VTI105,10.279993668293399,97.21373452230434,9144.0
8800.0,VTI105,10.279993668293399,97.21373452230434,9144.0
8810.0,VTI105,10.251871088675717,97.22793127293903,9144.0
8810.0,VTI105,10.251871088675717,97.22793127293903,9144.0
8820.0,VTI105,10.223743464730974,97.2421164418553,9144.0
8820.0,VTI105,10.223743464730974,97.2421164418553,9144.0
8830.0,VTI105,10.195615109463557,97.2562988593297,9144.0
8830.0,VTI105,10.195615109463557,97.2562988593297,9144.0
8840.0,VTI105,10.167488911063707,97.27048444139166,9144.0
8840.0,VTI105,10.167488911063707,97.27048444139166,9144.0
8850.0,VTI105,10.139361999380819,97.2846673166638,9144.0
8850.0,VTI105,10.139361999380819,97.2846673166638,9144.0
8860.0,VTI105,10.111213025443211,97.29880370943617,9144.0
8860.0,VTI105,10.111213025443211,97.29880370943617,9144.0
8870.0,VTI105,10.083010978392819,97.31296374107237,9144.0
8870.0,VTI105,10.083010978392819,97.31296374107237,9144.0
8880.0,VTI105,10.054828073359886,97.32716179478612,9144.0
8880.0,VTI105,10.054828073359886,97.32716179478612,9144.0
8890.0,VTI105,10.02659216737188,97.34138354550495,9144.0
8890.0,VTI105,10.02659216737188,97.34138354550495,9144.0
8900.0,VTI105,9.998343715842292,97.35557834504682,9144.0
8900.0,VTI105,9.998343715842292,97.35557834504682,9144.0
8910.0,VTI105,9.970042280808466,97.3697967840342,9144.0
8910.0,VTI105,9.970042280808466,97.3697967840342,9144.0
8920.0,VTI105,9.941832722274523,97.38420097143803,9144.0
8920.0,VTI105,9.941832722274523,97.38420097143803,9144.0
8930.0,VTI105,9.913674599334325,97.39857590062577,9144.0
8930.0,VTI105,9.913674599334325,97.39857590062577,9144.0
8940.0,VTI105,9.885474674740594,97.41286490650694,9144.0
8940.0,VTI105,9.885474674740594,97.41286490650694,9144.0
8950.0,VTI105,9.857274070434308,97.42715130647083,9144.0
8950.0,VTI105,9.857274070434308,97.42715130647083,9144.0
8960.0,VTI105,9.82908964865059,97.44146934500996,9144.0
8960.0,VTI105,9.82908964865059,97.44146934500996,9144.0
8970.0,VTI105,9.800904551453693,97.45578479570737,9144.0
8970.0,VTI105,9.800904551453693,97.45578479570737,9144.0
8980.0,VTI105,9.772718833179557,97.47009777245168,9144.0
8980.0,VTI105,9.772718833179557,97.47009777245168,9144.0
8990.0,VTI105,9.7444802638921,97.48443467831345,9144.0
8990.0,VTI105,9.7444802638921,97.48443467831345,9144.0
9000.0,VTI105,9.716244779931456,97.49877662666235,9144.0
9000.0,VTI105,9.716244779931456,97.49877662666235,9144.0
9010.0,VTI105,9.688008631686042,97.51311602054444,9144.0
9010.0,VTI105,9.688008631686042,97.51311602054444,9144.0
9020.0,VTI105,9.659762276445027,97.52743350779957,9144.0
9020.0,VTI105,9.659762276445027,97.52743350779957,9144.0
9030.0,VTI105,9.631410973036152,97.54180131729512,9144.0
9030.0,VTI105,9.631410973036152,97.54180131729512,9144.0
9040.0,VTI105,9.603062074935306,97.55617280377409,9144.0
9040.0,VTI105,9.603062074935306,97.55617280377409,9144.0
9050.0,VTI105,9.574660432883366,97.57056816483447,9144.0
9050.0,VTI105,9.574660432883366,97.57056816483447,9144.0
9060.0,VTI105,9.546251695937746,97.58494791965286,9144.0
9060.0,VTI105,9.546251695937746,97.58494791965286,9144.0
9070.0,VTI105,9.517820536916178,97.59928083973347,9144.0
9070.0,VTI105,9.517820536916178,97.59928083973347,9144.0
9080.0,VTI105,9.489388046087004,97.61360985299928,9144.0
9080.0,VTI105,9.489388046087004,97.61360985299928,9144.0
9090.0,VTI105,9.460998697296958,97.6280253360324,9144.0
9090.0,VTI105,9.460998697296958,97.6280253360324,9144.0
9100.0,VTI105,9.432556213392674,97.64246381848619,9144.0
9100.0,VTI105,9.432556213392674,97.64246381848619,9144.0
9110.0,VTI105,9.404515345486487,97.6576869213432,9144.0
9110.0,VTI105,9.404515345486487,97.6576869213432,9144.0
9120.0,VTI105,9.376473690845303,97.6729073032114,9144.0
9120.0,VTI105,9.376473690845303,97.6729073032114,9144.0
9130.0,VTI105,9.350238835325264,97.69113778776725,9144.0
9130.0,VTI105,9.350238835325264,97.69113778776725,9144.0
9140.0,VTI105,9.32414707311975,97.7092653198578,9144.0
9140.0,VTI105,9.32414707311975,97.7092653198578,9144.0
9150.0,VTI105,9.298054269463137,97.72738995908875,9144.0
9150.0,VTI105,9.298054269463137,97.72738995908875,9144.0
9160.0,VTI105,9.271959793171746,97.74551077626055,9144.0
9160.0,VTI105,9.271959793171746,97.74551077626055,9144.0
9170.0,VTI105,9.245745754059227,97.76345221311414,9144.0
9170.0,VTI105,9.245745754059227,97.76345221311414,9144.0
9180.0,VTI105,9.21967581333679,97.7812916038711,9144.0
9180.0,VTI105,9.21967581333679,97.7812916038711,9144.0
9190.0,VTI105,9.193604832042935,97.79912811827761,9144.0
9190.0,VTI105,9.193604832042935,97.79912811827761,9144.0
9200.0,VTI105,9.16757032072681,97.81701790032444,9144.0
9200.0,VTI105,9.16757032072681,97.81701790032444,9144.0
9210.0,VTI105,9.141534845025783,97.83490493241766,9144.0
9210.0,VTI105,9.141534845025783,97.83490493241766,9144.0
9220.0,VTI105,9.115498276687594,97.85278902690695,9144.0
9220.0,VTI105,9.115498276687594,97.85278902690695,9144.0
9230.0,VTI105,9.089492712299656,97.87071802942947,9144.0
9230.0,VTI105,9.089492712299656,97.87071802942947,9144.0
9240.0,VTI105,9.063582699195257,97.88857750580864,9144.0
9240.0,VTI105,9.063582699195257,97.88857750580864,9144.0
9250.0,VTI105,9.03761554828986,97.90635039834363,9144.0
9250.0,VTI105,9.03761554828986,97.90635039834363,9144.0
9260.0,VTI105,9.01174438824017,97.92405415409287,9144.0
9260.0,VTI105,9.01174438824017,97.92405415409287,9144.0
9270.0,VTI105,8.985892936583467,97.94178613200944,9144.0
9270.0,VTI105,8.985892936583467,97.94178613200944,9144.0
9280.0,VTI105,8.96008900916571,97.9594821124946,9144.0
9280.0,VTI105,8.96008900916571,97.9594821124946,9144.0
9290.0,VTI105,8.93427969003662,97.97716877838378,9144.0
9290.0,VTI105,8.93427969003662,97.97716877838378,9144.0
9300.0,VTI105,8.90856653976204,97.99478619178055,9144.0
9300.0,VTI105,8.90856653976204,97.99478619178055,9144.0
9310.0,VTI105,8.88283237936422,98.01237090964909,9144.0
9310.0,VTI105,8.88283237936422,98.01237090964909,9144.0
9320.0,VTI105,8.85712894424146,98.03000036852033,9144.0
9320.0,VTI105,8.85712894424146,98.03000036852033,9144.0
9330.0,VTI105,8.83151734141183,98.04755384306942,9144.0
9330.0,VTI105,8.83151734141183,98.04755384306942,9144.0
9340.0,VTI105,8.805897259132253,98.06509342342679,9144.0
9340.0,VTI105,8.805897259132253,98.06509342342679,9144.0
9350.0,VTI105,8.78032477908205,98.08259682614843,9144.0
9350.0,VTI105,8.78032477908205,98.08259682614843,9144.0
9360.0,VTI105,8.754775143157843,98.10013314576408,9144.0
9360.0,VTI105,8.754775143157843,98.10013314576408,9144.0
9370.0,VTI105,8.72917578861947,98.11770006161782,9144.0
9370.0,VTI105,8.72917578861947,98.11770006161782,9144.0
9380.0,VTI105,8.703580659108443,98.13527207436675,9144.0
9380.0,VTI105,8.703580659108443,98.13527207436675,9144.0
9390.0,VTI105,8.677838740859682,98.15294136666697,9144.0
9390.0,VTI105,8.677838740859682,98.15294136666697,9144.0
9400.0,VTI105,8.652037290933945,98.17052037492881,9144.0
9400.0,VTI105,8.652037290933945,98.17052037492881,9144.0
9410.0,VTI105,8.626186194998287,98.18812977830025,9144.0
9410.0,VTI105,8.626186194998287,98.18812977830025,9144.0
9420.0,VTI105,8.600362496507621,98.20577905284019,9144.0
9420.0,VTI105,8.600362496507621,98.20577905284019,9144.0
9430.0,VTI105,8.574635012407805,98.22335925053427,9144.0
9430.0,VTI105,8.574635012407805,98.22335925053427,9144.0
9440.0,VTI105,8.548931525265116,98.24097412157381,9144.0
9440.0,VTI105,8.548931525265116,98.24097412157381,9144.0
9450.0,VTI105,8.523373064373352,98.25848652222284,9144.0
9450.0,VTI105,8.523373064373352,98.25848652222284,9144.0
9460.0,VTI105,8.497813565807302,98.27599620544323,9144.0
9460.0,VTI105,8.497813565807302,98.27599620544323,9144.0
9470.0,VTI105,8.472256065562416,98.29350770508371,9144.0
9470.0,VTI105,8.472256065562416,98.29350770508371,9144.0
9480.0,VTI105,8.44650307861394,98.3111497569362,9144.0
9480.0,VTI105,8.44650307861394,98.3111497569362,9144.0
9490.0,VTI105,8.42077404542321,98.32882631668335,9144.0
9490.0,VTI105,8.42077404542321,98.32882631668335,9144.0
9500.0,VTI105,8.39518967572212,98.34640013289798,9144.0
9500.0,VTI105,8.39518967572212,98.34640013289798,9144.0
9510.0,VTI105,8.369542076657476,98.3638783706376,9144.0
9510.0,VTI105,8.369542076657476,98.3638783706376,9144.0
9520.0,VTI105,8.343942256664139,98.38132079397293,9144.0
9520.0,VTI105,8.343942256664139,98.38132079397293,9144.0
9530.0,VTI105,8.318349076528442,98.39877202640481,9144.0
9530.0,VTI105,8.318349076528442,98.39877202640481,9144.0
9540.0,VTI105,8.292803703190748,98.41618742998911,9144.0
9540.0,VTI105,8.292803703190748,98.41618742998911,9144.0
9550.0,VTI105,8.267292459561348,98.43365271887458,9144.0
9550.0,VTI105,8.267292459561348,98.43365271887458,9144.0
9560.0,VTI105,8.2418290273823,98.45108213314019,9144.0
9560.0,VTI105,8.2418290273823,98.45108213314019,9144.0
9570.0,VTI105,8.216287732678033,98.46839372344064,9144.0
9570.0,VTI105,8.216287732678033,98.46839372344064,9144.0
9580.0,VTI105,8.190794471045551,98.48566970472642,9144.0
9580.0,VTI105,8.190794471045551,98.48566970472642,9144.0
9590.0,VTI105,8.165382095842789,98.50306579141707,9144.0
9590.0,VTI105,8.165382095842789,98.50306579141707,9144.0
9600.0,VTI105,8.13996882389845,98.52045943583315,9144.0
9600.0,VTI105,8.13996882389845,98.52045943583315,9144.0
9610.0,VTI105,8.114563280254798,98.53786349515937,9144.0
9610.0,VTI105,8.114563280254798,98.53786349515937,9144.0
9620.0,VTI105,8.08920563855897,98.55523171312402,9144.0
9620.0,VTI105,8.08920563855897,98.55523171312402,9144.0
9630.0,VTI105,8.063782018658626,98.57250016130062,9144.0
9630.0,VTI105,8.063782018658626,98.57250016130062,9144.0
9640.0,VTI105,8.038357546386614,98.58976624553237,9144.0
9640.0,VTI105,8.038357546386614,98.58976624553237,9144.0
9650.0,VTI105,8.013007721413414,98.60714283165956,9144.0
9650.0,VTI105,8.013007721413414,98.60714283165956,9144.0
9660.0,VTI105,7.987608258855981,98.62455048804466,9144.0
9660.0,VTI105,7.987608258855981,98.62455048804466,9144.0
9670.0,VTI105,7.962144517175289,98.64186104458805,9144.0
9670.0,VTI105,7.962144517175289,98.64186104458805,9144.0
9680.0,VTI105,7.936679936391869,98.65916926838656,9144.0
9680.0,VTI105,7.936679936391869,98.65916926838656,9144.0
9690.0,VTI105,7.911233277408408,98.67650327011111,9144.0
9690.0,VTI105,7.911233277408408,98.67650327011111,9144.0
9700.0,VTI105,7.885688160508558,98.69390147838179,9144.0
9700.0,VTI105,7.885688160508558,98.69390147838179,9144.0
9710.0,VTI105,7.86014129120077,98.71129599150696,9144.0
9710.0,VTI105,7.86014129120077,98.71129599150696,9144.0
9720.0,VTI105,7.8345955213043945,98.72869108099961,9144.0
9720.0,VTI105,7.8345955213043945,98.72869108099961,9144.0
9730.0,VTI105,7.80904891979351,98.74608386068807,9144.0
9730.0,VTI105,7.80904891979351,98.74608386068807,9144.0
9740.0,VTI105,7.783502430390102,98.76347574637958,9144.0
9740.0,VTI105,7.783502430390102,98.76347574637958,9144.0
9750.0,VTI105,7.758003937139431,98.78083213855977,9144.0
9750.0,VTI105,7.758003937139431,98.78083213855977,9144.0
9760.0,VTI105,7.732503517311799,98.79818459706722,9144.0
9760.0,VTI105,7.732503517311799,98.79818459706722,9144.0
9770.0,VTI105,7.7070300110723995,98.81557621977916,9144.0
9770.0,VTI105,7.7070300110723995,98.81557621977916,9144.0
9780.0,VTI105,7.681555668738092,98.832965550784,9144.0
9780.0,VTI105,7.681555668738092,98.832965550784,9144.0
9790.0,VTI105,7.656053657977171,98.85031250058245,9144.0
9790.0,VTI105,7.656053657977171,98.85031250058245,9144.0
9800.0,VTI105,7.630648613729849,98.86759080172966,9144.0
9800.0,VTI105,7.630648613729849,98.86759080172966,9144.0
9810.0,VTI105,7.605242676247716,98.88486674127131,9144.0
9810.0,VTI105,7.605242676247716,98.88486674127131,9144.0
9820.0,VTI105,7.579861062603859,98.90217801116097,9144.0
9820.0,VTI105,7.579861062603859,98.90217801116097,9144.0
9830.0,VTI105,7.554478708299896,98.91948715712624,9144.0
9830.0,VTI105,7.554478708299896,98.91948715712624,9144.0
9840.0,VTI105,7.52909555676416,98.93679409825916,9144.0
9840.0,VTI105,7.52909555676416,98.93679409825916,9144.0
9850.0,VTI105,7.503687177600493,98.95406232285313,9144.0
9850.0,VTI105,7.503687177600493,98.95406232285313,9144.0
9860.0,VTI105,7.478229188396335,98.9713616850844,9144.0
9860.0,VTI105,7.478229188396335,98.9713616850844,9144.0
9870.0,VTI105,7.452770448307913,98.98865891602989,9144.0
9870.0,VTI105,7.452770448307913,98.98865891602989,9144.0
9880.0,VTI105,7.427310769229892,99.00595373759703,9144.0
9880.0,VTI105,7.427310769229892,99.00595373759703,9144.0
9890.0,VTI105,7.401841667399663,99.02323344421804,9144.0
9890.0,VTI105,7.401841667399663,99.02323344421804,9144.0
9900.0,VTI105,7.37627412364936,99.04057737258253,9144.0
9900.0,VTI105,7.37627412364936,99.04057737258253,9144.0
9910.0,VTI105,7.350705819226264,99.05791916064625,9144.0
9910.0,VTI105,7.350705819226264,99.05791916064625,9144.0
9920.0,VTI105,7.325136147311047,99.07525790230912,9144.0
9920.0,VTI105,7.325136147311047,99.07525790230912,9144.0
9930.0,VTI105,7.299594588369547,99.0926377192122,9144.0
9930.0,VTI105,7.299594588369547,99.0926377192122,9144.0
9940.0,VTI105,7.27395471022987,99.11008164419395,9144.0
9940.0,VTI105,7.27395471022987,99.11008164419395,9144.0
9950.0,VTI105,7.248283081123204,99.12747705261056,9144.0
9950.0,VTI105,7.248283081123204,99.12747705261056,9144.0
9960.0,VTI105,7.222610694337575,99.14487033526724,9144.0
9960.0,VTI105,7.222610694337575,99.14487033526724,9144.0
9970.0,VTI105,7.196936395402231,99.16225976416553,9144.0
9970.0,VTI105,7.196936395402231,99.16225976416553,9144.0
9980.0,VTI105,7.1712431927831375,99.17961982314539,9144.0
9980.0,VTI105,7.1712431927831375,99.17961982314539,9144.0
9990.0,VTI105,7.1456457678725,99.19691001011896,9144.0
9990.0,VTI105,7.1456457678725,99.19691001011896,9144.0
10000.0,VTI105,7.120123459820846,99.21431165108622,9144.0
10000.0,VTI105,7.120123459820846,99.21431165108622,9144.0
10010.0,VTI105,7.094599502821607,99.23170986920297,9144.0
10010.0,VTI105,7.094599502821607,99.23170986920297,9144.0
10020.0,VTI105,7.069022954758909,99.24902851998336,9144.0
10020.0,VTI105,7.069022954758909,99.24902851998336,9144.0
10030.0,VTI105,7.043591993386944,99.26624523739646,9144.0
10030.0,VTI105,7.043591993386944,99.26624523739646,9144.0
10040.0,VTI105,7.01815376014796,99.28345010236532,9144.0
10040.0,VTI105,7.01815376014796,99.28345010236532,9144.0
10050.0,VTI105,6.992763380119371,99.30061921206251,9144.0
10050.0,VTI105,6.992763380119371,99.30061921206251,9144.0
10060.0,VTI105,6.9673766171252565,99.31779281836039,9144.0
10060.0,VTI105,6.9673766171252565,99.31779281836039,9144.0
10070.0,VTI105,6.941988807828984,99.3349639266389,9144.0
10070.0,VTI105,6.941988807828984,99.3349639266389,9144.0
10080.0,VTI105,6.916671321644723,99.35223915515768,9144.0
10080.0,VTI105,6.916671321644723,99.35223915515768,9144.0
10090.0,VTI105,6.891401746940253,99.36947867814102,9144.0
10090.0,VTI105,6.891401746940253,99.36947867814102,9144.0
10100.0,VTI105,6.866052277564421,99.38659786620858,9144.0
10100.0,VTI105,6.866052277564421,99.38659786620858,9144.0
10110.0,VTI105,6.840701894514423,99.40371477139848,9144.0
10110.0,VTI105,6.840701894514423,99.40371477139848,9144.0
10120.0,VTI105,6.815433024850149,99.42095259566312,9144.0
10120.0,VTI105,6.815433024850149,99.42095259566312,9144.0
10130.0,VTI105,6.79016324288717,99.43818815657686,9144.0
10130.0,VTI105,6.79016324288717,99.43818815657686,9144.0
10140.0,VTI105,6.764794720033595,99.45527507769219,9144.0
10140.0,VTI105,6.764794720033595,99.45527507769219,9144.0
10150.0,VTI105,6.7394253417202075,99.47235981513171,9144.0
10150.0,VTI105,6.7394253417202075,99.47235981513171,9144.0
10160.0,VTI105,6.714106348118574,99.4895192772727,9144.0
10160.0,VTI105,6.714106348118574,99.4895192772727,9144.0
10170.0,VTI105,6.688688603522761,99.506742947334,9144.0
10170.0,VTI105,6.688688603522761,99.506742947334,9144.0
10180.0,VTI105,6.6632496318304675,99.52393392476546,9144.0
10180.0,VTI105,6.6632496318304675,99.52393392476546,9144.0
10190.0,VTI105,6.637760900801657,99.54115587076478,9144.0
10190.0,VTI105,6.637760900801657,99.54115587076478,9144.0
10200.0,VTI105,6.612307798968246,99.55843025136322,9144.0
10200.0,VTI105,6.612307798968246,99.55843025136322,9144.0
10210.0,VTI105,6.586902767157914,99.57566936072507,9144.0
10210.0,VTI105,6.586902767157914,99.57566936072507,9144.0
10220.0,VTI105,6.561442086236132,99.59282419597645,9144.0
10220.0,VTI105,6.561442086236132,99.59282419597645,9144.0
10230.0,VTI105,6.535980621067804,99.6099769767578,9144.0
10230.0,VTI105,6.535980621067804,99.6099769767578,9144.0
10240.0,VTI105,6.5105599709683935,99.62719010667556,9144.0
10240.0,VTI105,6.5105599709683935,99.62719010667556,9144.0
10250.0,VTI105,6.485138560914229,99.64440122982285,9144.0
10250.0,VTI105,6.485138560914229,99.64440122982285,9144.0
10260.0,VTI105,6.46055160588564,99.66279847811875,9144.0
10260.0,VTI105,6.46055160588564,99.66279847811875,9144.0
10270.0,VTI105,6.435916533640804,99.68122913607776,9144.0
10270.0,VTI105,6.435916533640804,99.68122913607776,9144.0
10280.0,VTI105,6.411738599847516,99.70026208037952,9144.0
10280.0,VTI105,6.411738599847516,99.70026208037952,9144.0
10290.0,VTI105,6.3876062445108355,99.71925647630907,9144.0
10290.0,VTI105,6.3876062445108355,99.71925647630907,9144.0
10300.0,VTI105,6.364182822422308,99.73912825000339,9144.0
10300.0,VTI105,6.364182822422308,99.73912825000339,9144.0
10310.0,VTI105,6.340803549492848,99.75895972363921,9144.0
10310.0,VTI105,6.340803549492848,99.75895972363921,9144.0
10320.0,VTI105,6.319447683447346,99.78097976794291,9144.0
10320.0,VTI105,6.319447683447346,99.78097976794291,9144.0
10330.0,VTI105,6.298049454468427,99.80304024027261,9144.0
10330.0,VTI105,6.298049454468427,99.80304024027261,9144.0
10340.0,VTI105,6.2765322458246375,99.82498235356427,9144.0
10340.0,VTI105,6.2765322458246375,99.82498235356427,9144.0
10350.0,VTI105,6.255013955571573,99.84692248857236,9144.0
10350.0,VTI105,6.255013955571573,99.84692248857236,9144.0
10360.0,VTI105,6.233494162252903,99.86886023003373,9144.0
10360.0,VTI105,6.233494162252903,99.86886023003373,9144.0
10370.0,VTI105,6.212026852842029,99.89084904629561,9144.0
10370.0,VTI105,6.212026852842029,99.89084904629561,9144.0
10380.0,VTI105,6.190517096385677,99.91287814704987,9144.0
10380.0,VTI105,6.190517096385677,99.91287814704987,9144.0
10390.0,VTI105,6.1689834434125235,99.93488271887192,9144.0
10390.0,VTI105,6.1689834434125235,99.93488271887192,9144.0
10400.0,VTI105,6.147430536494149,99.95686731956526,9144.0
10400.0,VTI105,6.147430536494149,99.95686731956526,9144.0
10410.0,VTI105,6.1258804374422375,99.97877048132362,9144.0
10410.0,VTI105,6.1258804374422375,99.97877048132362,9144.0
10420.0,VTI105,6.104420523384781,100.00076214377236,9144.0
10420.0,VTI105,6.104420523384781,100.00076214377236,9144.0
10430.0,VTI105,6.082952920185266,100.02274533516366,9144.0
10430.0,VTI105,6.082952920185266,100.02274533516366,9144.0
10440.0,VTI105,6.061458999519286,100.04470162690114,9144.0
10440.0,VTI105,6.061458999519286,100.04470162690114,9144.0
10450.0,VTI105,6.039961590811945,100.06665359192822,9144.0
10450.0,VTI105,6.039961590811945,100.06665359192822,9144.0
10460.0,VTI105,6.018449899201553,100.08859053402635,9144.0
10460.0,VTI105,6.018449899201553,100.08859053402635,9144.0
10470.0,VTI105,5.9969771838321835,100.11048194985035,9144.0
10470.0,VTI105,5.9969771838321835,100.11048194985035,9144.0
10480.0,VTI105,5.975540859425902,100.13240853405551,9144.0
10480.0,VTI105,5.975540859425902,100.13240853405551,9144.0
10490.0,VTI105,5.954142932886301,100.1542889834085,9144.0
10490.0,VTI105,5.954142932886301,100.1542889834085,9144.0
10500.0,VTI105,5.932716413022552,100.17614027791201,9144.0
10500.0,VTI105,5.932716413022552,100.17614027791201,9144.0
10510.0,VTI105,5.911328406049644,100.19794549834566,9144.0
10510.0,VTI105,5.911328406049644,100.19794549834566,9144.0
10520.0,VTI105,5.889959022351803,100.21976832450214,9144.0
10520.0,VTI105,5.889959022351803,100.21976832450214,9144.0
10530.0,VTI105,5.868587452918729,100.2415881492303,9144.0
10530.0,VTI105,5.868587452918729,100.2415881492303,9144.0
10540.0,VTI105,5.847252039085316,100.2634428664414,9144.0
10540.0,VTI105,5.847252039085316,100.2634428664414,9144.0
10550.0,VTI105,5.825956129313042,100.2852524658487,9144.0
10550.0,VTI105,5.825956129313042,100.2852524658487,9144.0
10560.0,VTI105,5.804645892563294,100.30704709514515,9144.0
10560.0,VTI105,5.804645892563294,100.30704709514515,9144.0
10570.0,VTI105,5.783292423521172,100.3288815039899,9144.0
10570.0,VTI105,5.783292423521172,100.3288815039899,9144.0
10580.0,VTI105,5.761911395418947,100.35068782708815,9144.0
10580.0,VTI105,5.761911395418947,100.35068782708815,9144.0
10590.0,VTI105,5.740528653954211,100.37249163344147,9144.0
10590.0,VTI105,5.740528653954211,100.37249163344147,9144.0
10600.0,VTI105,5.718722831522237,100.39386718393884,9144.0
10600.0,VTI105,5.718722831522237,100.39386718393884,9144.0
10610.0,VTI105,5.694563262034811,100.41251145773147,9144.0
10610.0,VTI105,5.694563262034811,100.41251145773147,9144.0
10620.0,VTI105,5.668031832899009,100.42779023363941,9144.0
10620.0,VTI105,5.668031832899009,100.42779023363941,9144.0
10630.0,VTI105,5.640688084828737,100.44180900437073,9144.0
10630.0,VTI105,5.640688084828737,100.44180900437073,9144.0
10640.0,VTI105,5.613343939106109,100.45582633275178,9144.0
10640.0,VTI105,5.613343939106109,100.45582633275178,9144.0
10650.0,VTI105,5.584856417790741,100.46731630180598,9144.0
10650.0,VTI105,5.584856417790741,100.46731630180598,9144.0
10660.0,VTI105,5.556041178326917,100.47893715189913,9144.0
10660.0,VTI105,5.556041178326917,100.47893715189913,9144.0
10670.0,VTI105,5.5274660508844535,100.4911412600551,9144.0
10670.0,VTI105,5.5274660508844535,100.4911412600551,9144.0
10680.0,VTI105,5.498890658230415,100.50334415395818,9144.0
10680.0,VTI105,5.498890658230415,100.50334415395818,9144.0
10690.0,VTI105,5.470314942741505,100.51554570052646,9144.0
10690.0,VTI105,5.470314942741505,100.51554570052646,9144.0
10700.0,VTI105,5.441680525284642,100.5276069899405,9144.0
10700.0,VTI105,5.441680525284642,100.5276069899405,9144.0
10710.0,VTI105,5.412991705955471,100.53968978645116,9144.0
10710.0,VTI105,5.412991705955471,100.53968978645116,9144.0
10720.0,VTI105,5.384287511799028,100.55173511341711,9144.0
10720.0,VTI105,5.384287511799028,100.55173511341711,9144.0
10730.0,VTI105,5.355637163898964,100.56375646212004,9144.0
10730.0,VTI105,5.355637163898964,100.56375646212004,9144.0
10740.0,VTI105,5.327018840239596,100.575853951894,9144.0
10740.0,VTI105,5.327018840239596,100.575853951894,9144.0
10750.0,VTI105,5.298346178121228,100.58797310954716,9144.0
10750.0,VTI105,5.298346178121228,100.58797310954716,9144.0
10760.0,VTI105,5.26962933652934,100.59998574288947,9144.0
10760.0,VTI105,5.26962933652934,100.59998574288947,9144.0
10770.0,VTI105,5.24091224147389,100.61199721138706,9144.0
10770.0,VTI105,5.24091224147389,100.61199721138706,9144.0
10780.0,VTI105,5.212220359929031,100.62406873512302,9144.0
10780.0,VTI105,5.212220359929031,100.62406873512302,9144.0
10790.0,VTI105,5.183528227111966,100.63613910676219,9144.0
10790.0,VTI105,5.183528227111966,100.63613910676219,9144.0
10800.0,VTI105,5.154852594041879,100.64824839807652,9144.0
10800.0,VTI105,5.154852594041879,100.64824839807652,9144.0
10810.0,VTI105,5.126122665666736,100.66037936689814,9144.0
10810.0,VTI105,5.126122665666736,100.66037936689814,9144.0
10820.0,VTI105,5.097394479275932,100.67251394936497,9144.0
10820.0,VTI105,5.097394479275932,100.67251394936497,9144.0
10830.0,VTI105,5.068612043254611,100.68467021725657,9144.0
10830.0,VTI105,5.068612043254611,100.68467021725657,9144.0
10840.0,VTI105,5.039829208522838,100.69682499360755,9144.0
10840.0,VTI105,5.039829208522838,100.69682499360755,9144.0
10850.0,VTI105,5.0109988938081464,100.7088653014291,9144.0
10850.0,VTI105,5.0109988938081464,100.7088653014291,9144.0
10860.0,VTI105,4.982114060820507,100.72092654559916,9144.0
10860.0,VTI105,4.982114060820507,100.72092654559916,9144.0
10870.0,VTI105,4.953263300536841,100.73306915079917,9144.0
10870.0,VTI105,4.953263300536841,100.73306915079917,9144.0
10880.0,VTI105,4.92446621914017,100.74518774488526,9144.0
10880.0,VTI105,4.92446621914017,100.74518774488526,9144.0
10890.0,VTI105,4.895678171114087,100.75732741742279,9144.0
10890.0,VTI105,4.895678171114087,100.75732741742279,9144.0
10900.0,VTI105,4.866835821014474,100.76948855965752,9144.0
10900.0,VTI105,4.866835821014474,100.76948855965752,9144.0
10910.0,VTI105,4.837937288385907,100.78151409281196,9144.0
10910.0,VTI105,4.837937288385907,100.78151409281196,9144.0
10920.0,VTI105,4.809092572815909,100.7935159600548,9144.0
10920.0,VTI105,4.809092572815909,100.7935159600548,9144.0
10930.0,VTI105,4.780326445973044,100.80570578824945,9144.0
10930.0,VTI105,4.780326445973044,100.80570578824945,9144.0
10940.0,VTI105,4.751560052629227,100.81789447290427,9144.0
10940.0,VTI105,4.751560052629227,100.81789447290427,9144.0
10950.0,VTI105,4.722707133376443,100.82987495889972,9144.0
10950.0,VTI105,4.722707133376443,100.82987495889972,9144.0
10960.0,VTI105,4.69390811338698,100.8418318912335,9144.0
10960.0,VTI105,4.69390811338698,100.8418318912335,9144.0
10970.0,VTI105,4.66518324875624,100.85396657734876,9144.0
10970.0,VTI105,4.66518324875624,100.85396657734876,9144.0
10980.0,VTI105,4.63645814311847,100.86610019426378,9144.0
10980.0,VTI105,4.63645814311847,100.86610019426378,9144.0
10990.0,VTI105,4.607726933456174,100.87821876389788,9144.0
10990.0,VTI105,4.607726933456174,100.87821876389788,9144.0
11000.0,VTI105,4.5789954914931155,100.89033629099193,9144.0
11000.0,VTI105,4.5789954914931155,100.89033629099193,9144.0
11010.0,VTI105,4.550219392598705,100.90234621657675,9144.0
11010.0,VTI105,4.550219392598705,100.90234621657675,9144.0
11020.0,VTI105,4.521497203883723,100.9143325373633,9144.0
11020.0,VTI105,4.521497203883723,100.9143325373633,9144.0
11030.0,VTI105,4.492797589347142,100.92637266999982,9144.0
11030.0,VTI105,4.492797589347142,100.92637266999982,9144.0
11040.0,VTI105,4.464097753898318,100.93841180045528,9144.0
11040.0,VTI105,4.464097753898318,100.93841180045528,9144.0
11050.0,VTI105,4.4353912101639965,100.95043436028725,9144.0
11050.0,VTI105,4.4353912101639965,100.95043436028725,9144.0
11060.0,VTI105,4.4067927724618405,100.96241058637176,9144.0
11060.0,VTI105,4.4067927724618405,100.96241058637176,9144.0
11070.0,VTI105,4.378209471588239,100.9744226479352,9144.0
11070.0,VTI105,4.378209471588239,100.9744226479352,9144.0
11080.0,VTI105,4.34968014828295,100.98641098394029,9144.0
11080.0,VTI105,4.34968014828295,100.98641098394029,9144.0
11090.0,VTI105,4.321152539753595,100.99840297080998,9144.0
11090.0,VTI105,4.321152539753595,100.99840297080998,9144.0
11100.0,VTI105,4.292624727085653,101.01039401962566,9144.0
11100.0,VTI105,4.292624727085653,101.01039401962566,9144.0
11110.0,VTI105,4.26407637945051,101.02233537466155,9144.0
11110.0,VTI105,4.26407637945051,101.02233537466155,9144.0
11120.0,VTI105,4.235473608616082,101.03429848355515,9144.0
11120.0,VTI105,4.235473608616082,101.03429848355515,9144.0
11130.0,VTI105,4.2068636616543635,101.04624388596527,9144.0
11130.0,VTI105,4.2068636616543635,101.04624388596527,9144.0
11140.0,VTI105,4.178579495594668,101.05805228580502,9144.0
11140.0,VTI105,4.178579495594668,101.05805228580502,9144.0
11150.0,VTI105,4.150316392007916,101.06991085179916,9144.0
11150.0,VTI105,4.150316392007916,101.06991085179916,9144.0
11160.0,VTI105,4.122216469973949,101.081699993402,9144.0
11160.0,VTI105,4.122216469973949,101.081699993402,9144.0
11170.0,VTI105,4.0941248624123725,101.09350862025218,9144.0
11170.0,VTI105,4.0941248624123725,101.09350862025218,9144.0
11180.0,VTI105,4.066251368665095,101.10522464320242,9144.0
11180.0,VTI105,4.066251368665095,101.10522464320242,9144.0
11190.0,VTI105,4.03837767626474,101.11693978737046,9144.0
11190.0,VTI105,4.03837767626474,101.11693978737046,9144.0
11200.0,VTI105,4.0104930208048115,101.12862828246985,9144.0
11200.0,VTI105,4.0104930208048115,101.12862828246985,9144.0
11210.0,VTI105,3.98244432590304,101.14038458854775,9144.0
11210.0,VTI105,3.98244432590304,101.14038458854775,9144.0
11220.0,VTI105,3.9544038458942627,101.15216016991272,9144.0
11220.0,VTI105,3.9544038458942627,101.15216016991272,9144.0
11230.0,VTI105,3.9262541721159785,101.16398068978046,9144.0
11230.0,VTI105,3.9262541721159785,101.16398068978046,9144.0
11240.0,VTI105,3.8980978485396762,101.17578488975089,9144.0
11240.0,VTI105,3.8980978485396762,101.17578488975089,9144.0
11250.0,VTI105,3.8698868818720027,101.18761109207593,9144.0
11250.0,VTI105,3.8698868818720027,101.18761109207593,9144.0
11260.0,VTI105,3.8416607570574235,101.19940051254964,9144.0
11260.0,VTI105,3.8416607570574235,101.19940051254964,9144.0
11270.0,VTI105,3.813325584834052,101.21123458730082,9144.0
11270.0,VTI105,3.813325584834052,101.21123458730082,9144.0
11280.0,VTI105,3.7851275404766986,101.22339281015792,9144.0
11280.0,VTI105,3.7851275404766986,101.22339281015792,9144.0
11290.0,VTI105,3.75687519053154,101.23557352880434,9144.0
11290.0,VTI105,3.75687519053154,101.23557352880434,9144.0
11300.0,VTI105,3.7296012582405837,101.24981850723871,9144.0
11300.0,VTI105,3.7296012582405837,101.24981850723871,9144.0
11310.0,VTI105,3.7023270730420386,101.26406255899904,9144.0
11310.0,VTI105,3.7023270730420386,101.26406255899904,9144.0
11320.0,VTI105,3.6750524562723954,101.27830534379913,9144.0
11320.0,VTI105,3.6750524562723954,101.27830534379913,9144.0
11330.0,VTI105,3.6475231019251106,101.29204678049162,9144.0
11330.0,VTI105,3.6475231019251106,101.29204678049162,9144.0
11340.0,VTI105,3.619993476516698,101.3057872526466,9144.0
11340.0,VTI105,3.619993476516698,101.3057872526466,9144.0
11350.0,VTI105,3.5926567209989697,101.31990861975505,9144.0
11350.0,VTI105,3.5926567209989697,101.31990861975505,9144.0
11360.0,VTI105,3.5652673555450756,101.33405604359018,9144.0
11360.0,VTI105,3.5652673555450756,101.33405604359018,9144.0
11370.0,VTI105,3.537757180135639,101.34796574922827,9144.0
11370.0,VTI105,3.537757180135639,101.34796574922827,9144.0
11380.0,VTI105,3.510194214323571,101.36190106508697,9144.0
11380.0,VTI105,3.510194214323571,101.36190106508697,9144.0
11390.0,VTI105,3.4827445468049794,101.37605866315769,9144.0
11390.0,VTI105,3.4827445468049794,101.37605866315769,9144.0
11400.0,VTI105,3.455294608706971,101.3902153235052,9144.0
11400.0,VTI105,3.455294608706971,101.3902153235052,9144.0
11410.0,VTI105,3.427736315768706,101.40415869636871,9144.0
11410.0,VTI105,3.427736315768706,101.40415869636871,9144.0
11420.0,VTI105,3.400230286786551,101.41807460599118,9144.0
11420.0,VTI105,3.400230286786551,101.41807460599118,9144.0
11430.0,VTI105,3.3727973540172247,101.4321341701989,9144.0
11430.0,VTI105,3.3727973540172247,101.4321341701989,9144.0
11440.0,VTI105,3.3454690318215534,101.44613912042757,9144.0
11440.0,VTI105,3.3454690318215534,101.44613912042757,9144.0
11450.0,VTI105,3.3180950240969964,101.46005386855512,9144.0
11450.0,VTI105,3.3180950240969964,101.46005386855512,9144.0
11460.0,VTI105,3.290773344722977,101.47394103322057,9144.0
11460.0,VTI105,3.290773344722977,101.47394103322057,9144.0
11470.0,VTI105,3.262748147462686,101.48634177848702,9144.0
11470.0,VTI105,3.262748147462686,101.48634177848702,9144.0
11480.0,VTI105,3.234722773380221,101.49874177855412,9144.0
11480.0,VTI105,3.234722773380221,101.49874177855412,9144.0
11490.0,VTI105,3.2070395419302824,101.51188984954257,9144.0
11490.0,VTI105,3.2070395419302824,101.51188984954257,9144.0
11500.0,VTI105,3.179302843571755,101.52506244116032,9144.0
11500.0,VTI105,3.179302843571755,101.52506244116032,9144.0
11510.0,VTI105,3.151457535201706,101.53800279588384,9144.0
11510.0,VTI105,3.151457535201706,101.53800279588384,9144.0
11520.0,VTI105,3.1236120389034223,101.55094240027168,9144.0
11520.0,VTI105,3.1236120389034223,101.55094240027168,9144.0
11530.0,VTI105,3.0958149681479843,101.56398567206993,9144.0
11530.0,VTI105,3.0958149681479843,101.56398567206993,9144.0
11540.0,VTI105,3.0679643642205194,101.57705323466986,9144.0
11540.0,VTI105,3.0679643642205194,101.57705323466986,9144.0
11550.0,VTI105,3.040103482725625,101.59009846899244,9144.0
11550.0,VTI105,3.040103482725625,101.59009846899244,9144.0
11560.0,VTI105,3.0121890898316703,101.60316794838984,9144.0
11560.0,VTI105,3.0121890898316703,101.60316794838984,9144.0
11570.0,VTI105,2.984278509853129,101.6162452573653,9144.0
11570.0,VTI105,2.984278509853129,101.6162452573653,9144.0
11580.0,VTI105,2.95636775059031,101.62932185211532,9144.0
11580.0,VTI105,2.95636775059031,101.62932185211532,9144.0
11590.0,VTI105,2.928431431597536,101.6423432801442,9144.0
11590.0,VTI105,2.928431431597536,101.6423432801442,9144.0
11600.0,VTI105,2.900494941159881,101.65536401616242,9144.0
11600.0,VTI105,2.900494941159881,101.65536401616242,9144.0
11610.0,VTI105,2.8725984428258697,101.66847011180715,9144.0
11610.0,VTI105,2.8725984428258697,101.66847011180715,9144.0
11620.0,VTI105,2.844648515114654,101.6816005469267,9144.0
11620.0,VTI105,2.844648515114654,101.6816005469267,9144.0
11630.0,VTI105,2.816695295914532,101.6947236394985,9144.0
11630.0,VTI105,2.816695295914532,101.6947236394985,9144.0
11640.0,VTI105,2.78874190815108,101.70784605871646,9144.0
11640.0,VTI105,2.78874190815108,101.70784605871646,9144.0
11650.0,VTI105,2.7607692703396225,101.7209269858669,9144.0
11650.0,VTI105,2.7607692703396225,101.7209269858669,9144.0
11660.0,VTI105,2.732903114699549,101.73395739521736,9144.0
11660.0,VTI105,2.732903114699549,101.73395739521736,9144.0
11670.0,VTI105,2.705132810642178,101.74719100769836,9144.0
11670.0,VTI105,2.705132810642178,101.74719100769836,9144.0
11680.0,VTI105,2.6775220356923644,101.76034788811037,9144.0
11680.0,VTI105,2.6775220356923644,101.76034788811037,9144.0
11690.0,VTI105,2.650112920203773,101.77392046520335,9144.0
11690.0,VTI105,2.650112920203773,101.77392046520335,9144.0
11700.0,VTI105,2.62280950514112,101.78743999074432,9144.0
11700.0,VTI105,2.62280950514112,101.78743999074432,9144.0
11710.0,VTI105,2.596532045968022,101.80286252601934,9144.0
11710.0,VTI105,2.596532045968022,101.80286252601934,9144.0
11720.0,VTI105,2.570305342855204,101.81825440254076,9144.0
11720.0,VTI105,2.570305342855204,101.81825440254076,9144.0
11730.0,VTI105,2.5463918871655413,101.83704581057033,9144.0
11730.0,VTI105,2.5463918871655413,101.83704581057033,9144.0
11740.0,VTI105,2.524179346386972,101.85756229449416,9144.0
11740.0,VTI105,2.524179346386972,101.85756229449416,9144.0
11750.0,VTI105,2.5034764111070116,101.87944043895874,9144.0
11750.0,VTI105,2.5034764111070116,101.87944043895874,9144.0
11760.0,VTI105,2.4827321865817678,101.90136087697566,9144.0
11760.0,VTI105,2.4827321865817678,101.90136087697566,9144.0
11770.0,VTI105,2.4646105743505142,101.92549822006715,9144.0
11770.0,VTI105,2.4646105743505142,101.92549822006715,9144.0
11780.0,VTI105,2.446595429280778,101.9494923489731,9144.0
11780.0,VTI105,2.446595429280778,101.9494923489731,9144.0
11790.0,VTI105,2.428579658544673,101.97348568608761,9144.0
11790.0,VTI105,2.428579658544673,101.97348568608761,9144.0
11800.0,VTI105,2.4104264527004595,101.9973747027493,9144.0
11800.0,VTI105,2.4104264527004595,101.9973747027493,9144.0
11810.0,VTI105,2.392272625332995,102.0212629288581,9144.0
11810.0,VTI105,2.392272625332995,102.0212629288581,9144.0
11820.0,VTI105,2.3742635336645836,102.04526033455073,9144.0
11820.0,VTI105,2.3742635336645836,102.04526033455073,9144.0
11830.0,VTI105,2.3562895388209886,102.06920940436513,9144.0
11830.0,VTI105,2.3562895388209886,102.06920940436513,9144.0
11840.0,VTI105,2.3381870690619517,102.09306103829256,9144.0
11840.0,VTI105,2.3381870690619517,102.09306103829256,9144.0
11850.0,VTI105,2.320119967302217,102.11686449032497,9144.0
11850.0,VTI105,2.320119967302217,102.11686449032497,9144.0
11860.0,VTI105,2.3021539118338894,102.1407441236833,9144.0
11860.0,VTI105,2.3021539118338894,102.1407441236833,9144.0
11870.0,VTI105,2.2842588975939697,102.16452778911615,9144.0
11870.0,VTI105,2.2842588975939697,102.16452778911615,9144.0
11880.0,VTI105,2.266341995254874,102.18829464845358,9144.0
11880.0,VTI105,2.266341995254874,102.18829464845358,9144.0
11890.0,VTI105,2.2484245174169684,102.21206078028476,9144.0
11890.0,VTI105,2.2484245174169684,102.21206078028476,9144.0
11900.0,VTI105,2.23054995202366,102.23585896287904,9144.0
11900.0,VTI105,2.23054995202366,102.23585896287904,9144.0
11910.0,VTI105,2.2125675202313904,102.25979929190612,9144.0
11910.0,VTI105,2.2125675202313904,102.25979929190612,9144.0
11920.0,VTI105,2.194531240549243,102.28369872892658,9144.0
11920.0,VTI105,2.194531240549243,102.28369872892658,9144.0
11930.0,VTI105,2.1764944059158355,102.30759745939926,9144.0
11930.0,VTI105,2.1764944059158355,102.30759745939926,9144.0
11940.0,VTI105,2.15849703454707,102.3315256809296,9144.0
11940.0,VTI105,2.15849703454707,102.3315256809296,9144.0
11950.0,VTI105,2.140463382934046,102.35550074722775,9144.0
11950.0,VTI105,2.140463382934046,102.35550074722775,9144.0
11960.0,VTI105,2.122350044092277,102.37941530072014,9144.0
11960.0,VTI105,2.122350044092277,102.37941530072014,9144.0
11970.0,VTI105,2.1042361797294724,102.40332917663582,9144.0
11970.0,VTI105,2.1042361797294724,102.40332917663582,9144.0
11980.0,VTI105,2.0861893925040307,102.42729350540289,9144.0
11980.0,VTI105,2.0861893925040307,102.42729350540289,9144.0
11990.0,VTI105,2.068142092150797,102.45125717345908,9144.0
11990.0,VTI105,2.068142092150797,102.45125717345908,9144.0
12000.0,VTI105,2.050148060307904,102.47526064709298,9144.0
12000.0,VTI105,2.050148060307904,102.47526064709298,9144.0
12010.0,VTI105,2.03211788639523,102.49931102900932,9144.0
12010.0,VTI105,2.03211788639523,102.49931102900932,9144.0
12020.0,VTI105,2.014014272954744,102.5233058415505,9144.0
12020.0,VTI105,2.014014272954744,102.5233058415505,9144.0
12030.0,VTI105,1.995910173666895,102.54730002165458,9144.0
12030.0,VTI105,1.995910173666895,102.54730002165458,9144.0
12040.0,VTI105,1.9777781329826751,102.57127280501989,9144.0
12040.0,VTI105,1.9777781329826751,102.57127280501989,9144.0
12050.0,VTI105,1.959645616555599,102.59524496733533,9144.0
12050.0,VTI105,1.959645616555599,102.59524496733533,9144.0
12060.0,VTI105,1.9415934723766346,102.61927752479303,9144.0
12060.0,VTI105,1.9415934723766346,102.61927752479303,9144.0
12070.0,VTI105,1.923540866401935,102.64330947946881,9144.0
12070.0,VTI105,1.923540866401935,102.64330947946881,9144.0
12080.0,VTI105,1.9054760669636577,102.66733200615663,9144.0
12080.0,VTI105,1.9054760669636577,102.66733200615663,9144.0
12090.0,VTI105,1.8873751346030652,102.69140140896496,9144.0
12090.0,VTI105,1.8873751346030652,102.69140140896496,9144.0
12100.0,VTI105,1.8692686975370758,102.71546641717994,9144.0
12100.0,VTI105,1.8692686975370758,102.71546641717994,9144.0
12110.0,VTI105,1.8511878416408578,102.73955042493635,9144.0
12110.0,VTI105,1.8511878416408578,102.73955042493635,9144.0
12120.0,VTI105,1.8331027519709482,102.76363100585573,9144.0
12120.0,VTI105,1.8331027519709482,102.76363100585573,9144.0
12130.0,VTI105,1.8149062271742729,102.78762716267956,9144.0
12130.0,VTI105,1.8149062271742729,102.78762716267956,9144.0
12140.0,VTI105,1.7967444945500328,102.81157493910783,9144.0
12140.0,VTI105,1.7967444945500328,102.81157493910783,9144.0
12150.0,VTI105,1.7786831887298118,102.83559838563319,9144.0
12150.0,VTI105,1.7786831887298118,102.83559838563319,9144.0
12160.0,VTI105,1.7606923611694043,102.85952584987628,9144.0
12160.0,VTI105,1.7606923611694043,102.85952584987628,9144.0
12170.0,VTI105,1.7430191658612677,102.88368886452072,9144.0
12170.0,VTI105,1.7430191658612677,102.88368886452072,9144.0
12180.0,VTI105,1.728070572696884,102.90969596343584,9144.0
12180.0,VTI105,1.728070572696884,102.90969596343584,9144.0
12190.0,VTI105,1.7130031462091388,102.93590842787316,9144.0
12190.0,VTI105,1.7130031462091388,102.93590842787316,9144.0
12200.0,VTI105,1.6988678213745028,102.96263532579756,9144.0
12200.0,VTI105,1.6988678213745028,102.96263532579756,9144.0
12210.0,VTI105,1.68475970762381,102.98930933813078,9144.0
12210.0,VTI105,1.68475970762381,102.98930933813078,9144.0
12220.0,VTI105,1.6705008750481851,103.01590282403824,9144.0
12220.0,VTI105,1.6705008750481851,103.01590282403824,9144.0
12230.0,VTI105,1.6561295671860634,103.04270466878032,9144.0
12230.0,VTI105,1.6561295671860634,103.04270466878032,9144.0
12240.0,VTI105,1.6388091349914515,103.0677004084969,9144.0
12240.0,VTI105,1.6388091349914515,103.0677004084969,9144.0
12250.0,VTI105,1.6218264051969469,103.09220778457306,9144.0
12250.0,VTI105,1.6218264051969469,103.09220778457306,9144.0
12260.0,VTI105,1.6024062178663192,103.11483078216986,9144.0
12260.0,VTI105,1.6024062178663192,103.11483078216986,9144.0
12270.0,VTI105,1.583964201950625,103.13631338375784,9144.0
12270.0,VTI105,1.583964201950625,103.13631338375784,9144.0
12280.0,VTI105,1.5626075266019426,103.15489850597056,9144.0
12280.0,VTI105,1.5626075266019426,103.15489850597056,9144.0
12290.0,VTI105,1.5389850135531897,103.1701670938098,9144.0
12290.0,VTI105,1.5389850135531897,103.1701670938098,9144.0
12300.0,VTI105,1.5154134140429767,103.18540232730021,9144.0
12300.0,VTI105,1.5154134140429767,103.18540232730021,9144.0
12310.0,VTI105,1.492026006139835,103.20091885682005,9144.0
12310.0,VTI105,1.492026006139835,103.20091885682005,9144.0
12320.0,VTI105,1.468486651793179,103.21653574889379,9144.0
12320.0,VTI105,1.468486651793179,103.21653574889379,9144.0
12330.0,VTI105,1.4449165571899782,103.23210601342186,9144.0
12330.0,VTI105,1.4449165571899782,103.23210601342186,9144.0
12340.0,VTI105,1.4216506973798397,103.24747487155818,9144.0
12340.0,VTI105,1.4216506973798397,103.24747487155818,9144.0
12350.0,VTI105,1.3983826819144398,103.26284031029414,9144.0
12350.0,VTI105,1.3983826819144398,103.26284031029414,9144.0
12360.0,VTI105,1.3753692177346206,103.27803724739246,9144.0
12360.0,VTI105,1.3753692177346206,103.27803724739246,9144.0
12370.0,VTI105,1.3523445723998333,103.29321708375291,9144.0
12370.0,VTI105,1.3523445723998333,103.29321708375291,9144.0
12380.0,VTI105,1.3296780857837105,103.30816041085806,9144.0
12380.0,VTI105,1.3296780857837105,103.30816041085806,9144.0
12390.0,VTI105,1.3070439052914682,103.32315251596577,9144.0
12390.0,VTI105,1.3070439052914682,103.32315251596577,9144.0
12400.0,VTI105,1.2846148749580304,103.33800837486199,9144.0
12400.0,VTI105,1.2846148749580304,103.33800837486199,9144.0
12410.0,VTI105,1.2621506365677897,103.35281078428547,9144.0
12410.0,VTI105,1.2621506365677897,103.35281078428547,9144.0
12420.0,VTI105,1.2399957987171255,103.36740898022069,9144.0
12420.0,VTI105,1.2399957987171255,103.36740898022069,9144.0
12430.0,VTI105,1.2178918154110965,103.38208397857399,9144.0
12430.0,VTI105,1.2178918154110965,103.38208397857399,9144.0
12440.0,VTI105,1.1959943530538888,103.39662153920303,9144.0
12440.0,VTI105,1.1959943530538888,103.39662153920303,9144.0
12450.0,VTI105,1.1740935521179103,103.4111539526833,9144.0
12450.0,VTI105,1.1740935521179103,103.4111539526833,9144.0
12460.0,VTI105,1.1523999191180865,103.42554858889763,9144.0
12460.0,VTI105,1.1523999191180865,103.42554858889763,9144.0
12470.0,VTI105,1.1306121315578608,103.43980014471211,9144.0
12470.0,VTI105,1.1306121315578608,103.43980014471211,9144.0
12480.0,VTI105,1.1090330327544955,103.45391490257087,9144.0
12480.0,VTI105,1.1090330327544955,103.45391490257087,9144.0
12490.0,VTI105,1.0875572702139245,103.46818635162414,9144.0
12490.0,VTI105,1.0875572702139245,103.46818635162414,9144.0
12500.0,VTI105,1.0688491660836403,103.48510232727014,9144.0
12500.0,VTI105,1.0688491660836403,103.48510232727014,9144.0
12510.0,VTI105,1.0539906587394998,103.50405541822583,9144.0
12510.0,VTI105,1.0539906587394998,103.50405541822583,9144.0
12520.0,VTI105,1.042888367000613,103.52484945904462,9144.0
12520.0,VTI105,1.042888367000613,103.52484945904462,9144.0
12530.0,VTI105,1.0356557261169692,103.547082807204,9144.0
12530.0,VTI105,1.0356557261169692,103.547082807204,9144.0
12540.0,VTI105,1.0324253135024748,103.57023901355102,9144.0
12540.0,VTI105,1.0324253135024748,103.57023901355102,9144.0
12550.0,VTI105,1.0332968501755764,103.59360328806748,9144.0
12550.0,VTI105,1.0332968501755764,103.59360328806748,9144.0
12560.0,VTI105,1.0382434322899154,103.61645441807251,9144.0
12560.0,VTI105,1.0382434322899154,103.61645441807251,9144.0
12570.0,VTI105,1.0471123616409164,103.63808702652496,9144.0
12570.0,VTI105,1.0471123616409164,103.63808702652496,9144.0
12580.0,VTI105,1.0587654036833898,103.65722944225953,9144.0
12580.0,VTI105,1.0587654036833898,103.65722944225953,9144.0
12590.0,VTI105,1.0667297657679533,103.67817750622645,9144.0
12590.0,VTI105,1.0667297657679533,103.67817750622645,9144.0
12600.0,VTI105,1.0706443641297974,103.69997993458341,9144.0
12600.0,VTI105,1.0706443641297974,103.69997993458341,9144.0
12610.0,VTI105,1.0704671172161426,103.72213041607895,9144.0
12610.0,VTI105,1.0704671172161426,103.72213041607895,9144.0
12620.0,VTI105,1.0735952304961307,103.74405956862576,9144.0
12620.0,VTI105,1.0735952304961307,103.74405956862576,9144.0
12630.0,VTI105,1.0766674518321386,103.76560081840175,9144.0
12630.0,VTI105,1.0766674518321386,103.76560081840175,9144.0
12640.0,VTI105,1.0793396570675875,103.78719537639965,9144.0
12640.0,VTI105,1.0793396570675875,103.78719537639965,9144.0
12650.0,VTI105,1.0819948497304472,103.80866002638716,9144.0
12650.0,VTI105,1.0819948497304472,103.80866002638716,9144.0
12660.0,VTI105,1.0848726858375504,103.83009597143358,9144.0
12660.0,VTI105,1.0848726858375504,103.83009597143358,9144.0
12670.0,VTI105,1.08763586124235,103.85141470371629,9144.0
12670.0,VTI105,1.08763586124235,103.85141470371629,9144.0
12680.0,VTI105,1.09036499903038,103.87247262667523,9144.0
12680.0,VTI105,1.09036499903038,103.87247262667523,9144.0
12690.0,VTI105,1.0941549151694483,103.89336567441995,9144.0
12690.0,VTI105,1.0941549151694483,103.89336567441995,9144.0
12700.0,VTI105,1.0979563384786095,103.9143235687911,9144.0
12700.0,VTI105,1.0979563384786095,103.9143235687911,9144.0
12710.0,VTI105,1.102007650527933,103.93523460637606,9144.0
12710.0,VTI105,1.102007650527933,103.93523460637606,9144.0
12720.0,VTI105,1.1060336503775965,103.95601641185692,9144.0
12720.0,VTI105,1.1060336503775965,103.95601641185692,9144.0
12730.0,VTI105,1.1101912349870713,103.97677231251217,9144.0
12730.0,VTI105,1.1101912349870713,103.97677231251217,9144.0
12740.0,VTI105,1.1143355943496547,103.99746365087604,9144.0
12740.0,VTI105,1.1143355943496547,103.99746365087604,9144.0
12750.0,VTI105,1.118296426714986,104.01819094508039,9144.0
12750.0,VTI105,1.118296426714986,104.01819094508039,9144.0
12760.0,VTI105,1.1222073923239793,104.03865880298409,9144.0
12760.0,VTI105,1.1222073923239793,104.03865880298409,9144.0
12770.0,VTI105,1.12616031257938,104.05911862427992,9144.0
12770.0,VTI105,1.12616031257938,104.05911862427992,9144.0
12780.0,VTI105,1.1301129899256839,104.07957852031844,9144.0
12780.0,VTI105,1.1301129899256839,104.07957852031844,9144.0
12790.0,VTI105,1.134201372306424,104.10001175027635,9144.0
12790.0,VTI105,1.134201372306424,104.10001175027635,9144.0
12800.0,VTI105,1.1418553492232513,104.11932186024534,9144.0
12800.0,VTI105,1.1418553492232513,104.11932186024534,9144.0
12810.0,VTI105,1.15303244400186,104.13643458891383,9144.0
12810.0,VTI105,1.15303244400186,104.13643458891383,9144.0
12820.0,VTI105,1.167589394964326,104.1512501871732,9144.0
12820.0,VTI105,1.167589394964326,104.1512501871732,9144.0
12830.0,VTI105,1.1847759267208264,104.16291195809248,9144.0
12830.0,VTI105,1.1847759267208264,104.16291195809248,9144.0
12840.0,VTI105,1.2039203166923587,104.17096407503506,9144.0
12840.0,VTI105,1.2039203166923587,104.17096407503506,9144.0
12850.0,VTI105,1.224274320894196,104.1750917769467,9144.0
12850.0,VTI105,1.224274320894196,104.1750917769467,9144.0
12860.0,VTI105,1.2441078404832417,104.18147291045136,9144.0
12860.0,VTI105,1.2441078404832417,104.18147291045136,9144.0
12870.0,VTI105,1.2634361659180047,104.18769160422019,9144.0
12870.0,VTI105,1.2634361659180047,104.18769160422019,9144.0
12880.0,VTI105,1.2827644747403069,104.19391039626869,9144.0
12880.0,VTI105,1.2827644747403069,104.19391039626869,9144.0
12890.0,VTI105,1.3011803946242455,104.20246195278234,9144.0
12890.0,VTI105,1.3011803946242455,104.20246195278234,9144.0
12900.0,VTI105,1.3191727878603596,104.21081699979447,9144.0
12900.0,VTI105,1.3191727878603596,104.21081699979447,9144.0
12910.0,VTI105,1.3384992172755599,104.21528869563798,9144.0
12910.0,VTI105,1.3384992172755599,104.21528869563798,9144.0
12920.0,VTI105,1.3586641595208362,104.21576133758867,9144.0
12920.0,VTI105,1.3586641595208362,104.21576133758867,9144.0
12930.0,VTI105,1.3785070923429126,104.21214004401425,9144.0
12930.0,VTI105,1.3785070923429126,104.21214004401425,9144.0
12940.0,VTI105,1.3969380929438129,104.20462443997536,9144.0
12940.0,VTI105,1.3969380929438129,104.20462443997536,9144.0
12950.0,VTI105,1.4135403735019094,104.19477957707876,9144.0
12950.0,VTI105,1.4135403735019094,104.19477957707876,9144.0
12960.0,VTI105,1.431848463015164,104.18866932047524,9144.0
12960.0,VTI105,1.431848463015164,104.18866932047524,9144.0
12970.0,VTI105,1.4505099552718408,104.18674318685967,9144.0
12970.0,VTI105,1.4505099552718408,104.18674318685967,9144.0
12980.0,VTI105,1.4689399326930708,104.183235634455,9144.0
12980.0,VTI105,1.4689399326930708,104.183235634455,9144.0
12990.0,VTI105,1.486651123511072,104.17959300271704,9144.0
12990.0,VTI105,1.486651123511072,104.17959300271704,9144.0
13000.0,VTI105,1.5035580697567075,104.1761157221246,9144.0
13000.0,VTI105,1.5035580697567075,104.1761157221246,9144.0
13010.0,VTI105,1.5204388617668434,104.17251350288745,9144.0
13010.0,VTI105,1.5204388617668434,104.17251350288745,9144.0
13020.0,VTI105,1.5356079365373168,104.16584017846263,9144.0
13020.0,VTI105,1.5356079365373168,104.16584017846263,9144.0
13030.0,VTI105,1.5475582447360101,104.15614188967405,9144.0
13030.0,VTI105,1.5475582447360101,104.15614188967405,9144.0
13040.0,VTI105,1.5559619125964907,104.1440932278142,9144.0
13040.0,VTI105,1.5559619125964907,104.1440932278142,9144.0
13050.0,VTI105,1.562366781350818,104.13087231839785,9144.0
13050.0,VTI105,1.562366781350818,104.13087231839785,9144.0
13060.0,VTI105,1.5700495148168638,104.11885098876351,9144.0
13060.0,VTI105,1.5700495148168638,104.11885098876351,9144.0
13070.0,VTI105,1.5739588126872768,104.10520277045292,9144.0
13070.0,VTI105,1.5739588126872768,104.10520277045292,9144.0
13080.0,VTI105,1.573767291769595,104.09114823888812,9144.0
13080.0,VTI105,1.573767291769595,104.09114823888812,9144.0
13090.0,VTI105,1.5695467146920314,104.07848870514978,9144.0
13090.0,VTI105,1.5695467146920314,104.07848870514978,9144.0
13100.0,VTI105,1.5615645539957193,104.06735528521787,9144.0
13100.0,VTI105,1.5615645539957193,104.06735528521787,9144.0
13110.0,VTI105,1.5506476978853287,104.05908193919822,9144.0
13110.0,VTI105,1.5506476978853287,104.05908193919822,9144.0
13120.0,VTI105,1.5377730943678372,104.05440901840979,9144.0
13120.0,VTI105,1.5377730943678372,104.05440901840979,9144.0
13130.0,VTI105,1.5242148190131846,104.05202077748591,9144.0
13130.0,VTI105,1.5242148190131846,104.05202077748591,9144.0
13140.0,VTI105,1.5116647274129402,104.04602289652678,9144.0
13140.0,VTI105,1.5116647274129402,104.04602289652678,9144.0
13150.0,VTI105,1.49875335498081,104.04066121186447,9144.0
13150.0,VTI105,1.49875335498081,104.04066121186447,9144.0
13160.0,VTI105,1.4859074465061688,104.03532678505795,9144.0
13160.0,VTI105,1.4859074465061688,104.03532678505795,9144.0
13170.0,VTI105,1.47312531119586,104.02984123642919,9144.0
13170.0,VTI105,1.47312531119586,104.02984123642919,9144.0
13180.0,VTI105,1.4615886076405862,104.02489024435573,9144.0
13180.0,VTI105,1.4615886076405862,104.02489024435573,9144.0
13190.0,VTI105,1.4499825802643103,104.02010414994857,9144.0
13190.0,VTI105,1.4499825802643103,104.02010414994857,9144.0
13200.0,VTI105,1.4392133918186938,104.01555544573515,9144.0
13200.0,VTI105,1.4392133918186938,104.01555544573515,9144.0
13210.0,VTI105,1.4291781775810668,104.01131680415757,9144.0
13210.0,VTI105,1.4291781775810668,104.01131680415757,9144.0
13220.0,VTI105,1.4192089574465165,104.00692511746458,9144.0
13220.0,VTI105,1.4192089574465165,104.00692511746458,9144.0
13230.0,VTI105,1.410168566205883,104.00314259682041,9144.0
13230.0,VTI105,1.410168566205883,104.00314259682041,9144.0
13240.0,VTI105,1.4011281686158756,103.99936010600561,9144.0
13240.0,VTI105,1.4011281686158756,103.99936010600561,9144.0
13250.0,VTI105,1.3920877645934544,103.99557764512444,9144.0
13250.0,VTI105,1.3920877645934544,103.99557764512444,9144.0
13260.0,VTI105,1.383047353562065,103.99179521546142,9144.0
13260.0,VTI105,1.383047353562065,103.99179521546142,9144.0
13270.0,VTI105,1.3740164675435675,103.9879901012726,9144.0
13270.0,VTI105,1.3740164675435675,103.9879901012726,9144.0
13280.0,VTI105,1.3673917432421077,103.98086689873428,9144.0
13280.0,VTI105,1.3673917432421077,103.98086689873428,9144.0
13290.0,VTI105,1.364272583947577,103.9716518526849,9144.0
13290.0,VTI105,1.364272583947577,103.9716518526849,9144.0
13300.0,VTI105,1.365208393283525,103.96196807327055,9144.0
13300.0,VTI105,1.365208393283525,103.96196807327055,9144.0
13310.0,VTI105,1.3700343393219951,103.9535212321807,9144.0
13310.0,VTI105,1.3700343393219951,103.9535212321807,9144.0
13320.0,VTI105,1.3779003878100915,103.9477991428395,9144.0
13320.0,VTI105,1.3779003878100915,103.9477991428395,9144.0
13330.0,VTI105,1.3874210258149056,103.94580970455264,9144.0
13330.0,VTI105,1.3874210258149056,103.94580970455264,9144.0
13340.0,VTI105,1.39691930370853,103.9479033651152,9144.0
13340.0,VTI105,1.39691930370853,103.9479033651152,9144.0
13350.0,VTI105,1.4047222103365211,103.95371137793263,9144.0
13350.0,VTI105,1.4047222103365211,103.95371137793263,9144.0
