sim_time,acid,lat,lon,alt
10.0,AXM5432,5.312857681577863,100.32898985461661,9144.0
10.0,AXM5433,1.487305288172475,110.32479208134224,9144.0
10.0,AXM6056,1.4923,110.37652157690185,9144.0
10.0,AXM6057,3.1008822254669757,113.02539804051264,9144.0
10.0,AXM6063,1.517342318422137,110.41455279478049,9144.0
10.0,AXM6064,3.115946120676742,113.01109176090321,9144.0
10.0,AXM6190,1.4556183954560722,110.29933321275286,9144.0
10.0,AXM6191,4.312,113.99416781554994,9144.0
10.0,AXM6351,5.928187546599853,116.05562212825319,9144.0
10.0,AXM6354,1.475629135877795,110.34626358888809,9144.0
10.0,AXM6355,5.936968610724157,116.04737360007182,9144.0
10.0,AXM6358,1.4576215852620564,110.3005,9144.0
10.0,AXM6465,2.1395749155851655,111.92581280051135,9144.0
10.0,AXM6468,1.5081473420005858,110.3975100397469,9144.0
10.0,AXM6469,2.2422806299053555,111.86302024976715,9144.0
10.0,AXM705,2.6992226645224595,101.72093146670503,9144.0
10.0,AXM710,1.3739711511681063,103.97698615771411,9144.0
10.0,AXM711,2.726172430151393,101.70812603703689,9144.0
10.0,AXM712,1.326574985804214,104.01214710754203,9144.0
10.0,AXM713,2.716702479590444,101.68493711759257,9144.0
10.0,AXM5432,5.312857681577863,100.32898985461661,9144.0,"(AXM5433),(AXM6056)"
10.0,AXM5433,1.487305288172475,110.32479208134224,9144.0,"(AXM5433),(AXM6063)"
10.0,AXM6056,1.4923,110.37652157690185,9144.0,"(AXM5433),(AXM6190)"
10.0,AXM6057,3.1008822254669757,113.02539804051264,9144.0,"(AXM5433),(AXM6354)"
10.0,AXM6063,1.517342318422137,110.41455279478049,9144.0,"(AXM5433),(AXM6358)"
10.0,AXM6064,3.115946120676742,113.01109176090321,9144.0,"(AXM6056),(AXM5433)"
10.0,AXM6190,1.4556183954560722,110.29933321275286,9144.0,"(AXM6056),(AXM6063)"
10.0,AXM6191,4.312,113.99416781554994,9144.0,"(AXM6056),(AXM6190)"
10.0,AXM6351,5.928187546599853,116.05562212825319,9144.0,"(AXM6056),(AXM6354)"
10.0,AXM6354,1.475629135877795,110.34626358888809,9144.0,"(AXM6056),(AXM6358)"
10.0,AXM6355,5.936968610724157,116.04737360007182,9144.0,"(AXM6056),(AXM6468)"
10.0,AXM6358,1.4576215852620564,110.3005,9144.0,"(AXM6057),(AXM6064)"
10.0,AXM6465,2.1395749155851655,111.92581280051135,9144.0,"(AXM6063),(AXM5433)"
10.0,AXM6468,1.5081473420005858,110.3975100397469,9144.0,"(AXM6063),(AXM6056)"
10.0,AXM6469,2.2422806299053555,111.86302024976715,9144.0,"(AXM6063),(AXM6354)"
10.0,AXM705,2.6992226645224595,101.72093146670503,9144.0,"(AXM6063),(AXM6468)"
10.0,AXM710,1.3739711511681063,103.97698615771411,9144.0,"(AXM6064),(AXM6057)"
10.0,AXM711,2.726172430151393,101.70812603703689,9144.0,"(AXM6190),(AXM5433)"
10.0,AXM712,1.326574985804214,104.01214710754203,9144.0,"(AXM6190),(AXM6056)"
10.0,AXM713,2.716702479590444,101.68493711759257,9144.0,"(AXM6190),(AXM6354)"
20.0,AXM5432,5.30476617007078,100.34112870321393,9144.0
20.0,AXM5433,1.4917339194493762,110.3146776559006,9144.0
20.0,AXM6056,1.4963271695915423,110.3874226036279,9144.0
20.0,AXM6057,3.0885755770065377,113.02451511794544,9144.0
20.0,AXM6063,1.5254338299292192,110.42664393784443,9144.0
20.0,AXM6064,3.116065128487365,112.99895195009813,9144.0
20.0,AXM6190,1.4505733402332088,110.28799132319321,9144.0
20.0,AXM6191,4.307969753489329,114.00532615292602,9144.0
20.0,AXM6351,5.929017184512361,116.06698076969316,9144.0
20.0,AXM6354,1.4673073015360794,110.35457855230958,9144.0
20.0,AXM6355,5.947637943123344,116.04425564776702,9144.0
20.0,AXM6358,1.4463422345625652,110.29646651114277,9144.0
20.0,AXM6465,2.116793480002147,111.92975384315773,9144.0
20.0,AXM6468,1.5087672249509119,110.38417978221581,9144.0
20.0,AXM6469,2.227168067438743,111.85621712844997,9144.0
20.0,AXM705,2.688328032567885,101.72573966334856,9144.0
20.0,AXM710,1.380959695949941,103.96716629995709,9144.0
20.0,AXM711,2.7371153412911893,101.70444106669935,9144.0
20.0,AXM712,1.3150482267764338,104.01482786044608,9144.0
20.0,AXM713,2.72489076391676,101.67731138164393,9144.0
20.0,AXM5432,5.30476617007078,100.34112870321393,9144.0,"(AXM5433),(AXM6056)"
20.0,AXM5433,1.4917339194493762,110.3146776559006,9144.0,"(AXM5433),(AXM6190)"
20.0,AXM6056,1.4963271695915423,110.3874226036279,9144.0,"(AXM5433),(AXM6354)"
20.0,AXM6057,3.0885755770065377,113.02451511794544,9144.0,"(AXM5433),(AXM6358)"
20.0,AXM6063,1.5254338299292192,110.42664393784443,9144.0,"(AXM5433),(AXM6468)"
20.0,AXM6064,3.116065128487365,112.99895195009813,9144.0,"(AXM6056),(AXM5433)"
20.0,AXM6190,1.4505733402332088,110.28799132319321,9144.0,"(AXM6056),(AXM6063)"
20.0,AXM6191,4.307969753489329,114.00532615292602,9144.0,"(AXM6056),(AXM6354)"
20.0,AXM6351,5.929017184512361,116.06698076969316,9144.0,"(AXM6056),(AXM6468)"
20.0,AXM6354,1.4673073015360794,110.35457855230958,9144.0,"(AXM6057),(AXM6064)"
20.0,AXM6355,5.947637943123344,116.04425564776702,9144.0,"(AXM6063),(AXM6056)"
20.0,AXM6358,1.4463422345625652,110.29646651114277,9144.0,"(AXM6063),(AXM6354)"
20.0,AXM6465,2.116793480002147,111.92975384315773,9144.0,"(AXM6063),(AXM6468)"
20.0,AXM6468,1.5087672249509119,110.38417978221581,9144.0,"(AXM6064),(AXM6057)"
20.0,AXM6469,2.227168067438743,111.85621712844997,9144.0,"(AXM6190),(AXM5433)"
20.0,AXM705,2.688328032567885,101.72573966334856,9144.0,"(AXM6190),(AXM6354)"
20.0,AXM710,1.380959695949941,103.96716629995709,9144.0,"(AXM6190),(AXM6358)"
20.0,AXM711,2.7371153412911893,101.70444106669935,9144.0,"(AXM6351),(AXM6355)"
20.0,AXM712,1.3150482267764338,104.01482786044608,9144.0,"(AXM6354),(AXM5433)"
20.0,AXM713,2.72489076391676,101.67731138164393,9144.0,"(AXM6354),(AXM6056)"
30.0,AXM5432,5.300368016834118,100.35505261720351,9144.0
30.0,AXM5433,1.492178250465452,110.30364451659744,9144.0
30.0,AXM6056,1.5038821172935277,110.39625130126744,9144.0
30.0,AXM6057,3.0772347103971742,113.0196485091233,9144.0
30.0,AXM6063,1.5298319831658813,110.44051325821812,9144.0
30.0,AXM6064,3.112143457731302,112.98746442870967,9144.0
30.0,AXM6190,1.4421138179246062,110.27890851855517,9144.0
30.0,AXM6191,4.300391090256801,114.01444096680963,9144.0
30.0,AXM6351,5.925780770182088,116.07789524240708,9144.0
30.0,AXM6354,1.4566415200170313,110.35953871489029,9144.0
30.0,AXM6355,5.956462916419087,116.03746831839693,9144.0
30.0,AXM6358,1.4370784807856531,110.28887035568664,9144.0
30.0,AXM6465,2.093674646763006,111.92959887279402,9144.0
30.0,AXM6468,1.5134012009086308,110.37166609670747,9144.0
30.0,AXM6469,2.2141883330367627,111.84590755740945,9144.0
30.0,AXM705,2.6794993391674176,101.73373684073437,9144.0
30.0,AXM710,1.3842595556575037,103.95557308129378,9144.0
30.0,AXM711,2.7486548891796017,101.70480779395481,9144.0
30.0,AXM712,1.3032977864801116,104.01342180200596,9144.0
30.0,AXM713,2.7352699840427643,101.6731424741547,9144.0
30.0,AXM5432,5.300368016834118,100.35505261720351,9144.0,"(AXM5433),(AXM6056)"
30.0,AXM5433,1.492178250465452,110.30364451659744,9144.0,"(AXM5433),(AXM6190)"
30.0,AXM6056,1.5038821172935277,110.39625130126744,9144.0,"(AXM5433),(AXM6354)"
30.0,AXM6057,3.0772347103971742,113.0196485091233,9144.0,"(AXM5433),(AXM6358)"
30.0,AXM6063,1.5298319831658813,110.44051325821812,9144.0,"(AXM5433),(AXM6468)"
30.0,AXM6064,3.112143457731302,112.98746442870967,9144.0,"(AXM6056),(AXM5433)"
30.0,AXM6190,1.4421138179246062,110.27890851855517,9144.0,"(AXM6056),(AXM6063)"
30.0,AXM6191,4.300391090256801,114.01444096680963,9144.0,"(AXM6056),(AXM6354)"
30.0,AXM6351,5.925780770182088,116.07789524240708,9144.0,"(AXM6056),(AXM6468)"
30.0,AXM6354,1.4566415200170313,110.35953871489029,9144.0,"(AXM6057),(AXM6064)"
30.0,AXM6355,5.956462916419087,116.03746831839693,9144.0,"(AXM6063),(AXM6056)"
30.0,AXM6358,1.4370784807856531,110.28887035568664,9144.0,"(AXM6063),(AXM6468)"
30.0,AXM6465,2.093674646763006,111.92959887279402,9144.0,"(AXM6064),(AXM6057)"
30.0,AXM6468,1.5134012009086308,110.37166609670747,9144.0,"(AXM6190),(AXM5433)"
30.0,AXM6469,2.2141883330367627,111.84590755740945,9144.0,"(AXM6190),(AXM6354)"
30.0,AXM705,2.6794993391674176,101.73373684073437,9144.0,"(AXM6190),(AXM6358)"
30.0,AXM710,1.3842595556575037,103.95557308129378,9144.0,"(AXM6351),(AXM6355)"
30.0,AXM711,2.7486548891796017,101.70480779395481,9144.0,"(AXM6354),(AXM5433)"
30.0,AXM712,1.3032977864801116,104.01342180200596,9144.0,"(AXM6354),(AXM6056)"
30.0,AXM713,2.7352699840427643,101.6731424741547,9144.0,"(AXM6354),(AXM6190)"
40.0,AXM5432,5.29946039640386,100.37144135590923,9144.0
40.0,AXM5433,1.4885830579361659,110.29297465204534,9144.0
40.0,AXM6056,1.512376712370784,110.4042849734911,9144.0
40.0,AXM6057,3.0686645136962714,113.01158101546524,9144.0
40.0,AXM6063,1.5307396035961396,110.45683776999043,9144.0
40.0,AXM6064,3.104628139665761,112.97793868196952,9144.0
40.0,AXM6190,1.4311603613586579,110.2730731405603,9144.0
40.0,AXM6191,4.290170065476753,114.02042258088852,9144.0
40.0,AXM6351,5.918900171206047,116.08694279544551,9144.0
40.0,AXM6354,1.444922454810392,110.36054388292384,9144.0
40.0,AXM6355,5.962248254393241,116.02793085418723,9144.0
40.0,AXM6358,1.4255025143921973,110.28459962093608,9144.0
40.0,AXM6465,2.069843173452021,111.92534359468543,9144.0
40.0,AXM6468,1.5216123384184168,110.3611488705653,9144.0
40.0,AXM6469,2.203748640743021,111.83241201996044,9144.0
40.0,AXM705,2.6706705901025356,101.74173389895728,9144.0
40.0,AXM710,1.3834901150601997,103.94354371418403,9144.0
40.0,AXM711,2.759342323918755,101.70918025226777,9144.0
40.0,AXM712,1.2927284703412878,104.00809706614979,9144.0
40.0,AXM713,2.7464523174106548,101.67298789101609,9144.0
40.0,AXM5432,5.29946039640386,100.37144135590923,9144.0,"(AXM5433),(AXM6190)"
40.0,AXM5433,1.4885830579361659,110.29297465204534,9144.0,"(AXM5433),(AXM6354)"
40.0,AXM6056,1.512376712370784,110.4042849734911,9144.0,"(AXM5433),(AXM6358)"
40.0,AXM6057,3.0686645136962714,113.01158101546524,9144.0,"(AXM5433),(AXM6468)"
40.0,AXM6063,1.5307396035961396,110.45683776999043,9144.0,"(AXM6056),(AXM6063)"
40.0,AXM6064,3.104628139665761,112.97793868196952,9144.0,"(AXM6056),(AXM6354)"
40.0,AXM6190,1.4311603613586579,110.2730731405603,9144.0,"(AXM6056),(AXM6468)"
40.0,AXM6191,4.290170065476753,114.02042258088852,9144.0,"(AXM6057),(AXM6064)"
40.0,AXM6351,5.918900171206047,116.08694279544551,9144.0,"(AXM6063),(AXM6056)"
40.0,AXM6354,1.444922454810392,110.36054388292384,9144.0,"(AXM6063),(AXM6468)"
40.0,AXM6355,5.962248254393241,116.02793085418723,9144.0,"(AXM6064),(AXM6057)"
40.0,AXM6358,1.4255025143921973,110.28459962093608,9144.0,"(AXM6190),(AXM5433)"
40.0,AXM6465,2.069843173452021,111.92534359468543,9144.0,"(AXM6190),(AXM6354)"
40.0,AXM6468,1.5216123384184168,110.3611488705653,9144.0,"(AXM6190),(AXM6358)"
40.0,AXM6469,2.203748640743021,111.83241201996044,9144.0,"(AXM6351),(AXM6355)"
40.0,AXM705,2.6706705901025356,101.74173389895728,9144.0,"(AXM6354),(AXM5433)"
40.0,AXM710,1.3834901150601997,103.94354371418403,9144.0,"(AXM6354),(AXM6056)"
40.0,AXM711,2.759342323918755,101.70918025226777,9144.0,"(AXM6354),(AXM6190)"
40.0,AXM712,1.2927284703412878,104.00809706614979,9144.0,"(AXM6354),(AXM6358)"
40.0,AXM713,2.7464523174106548,101.67298789101609,9144.0,"(AXM6354),(AXM6468)"
50.0,AXM5432,5.302549767819618,100.38939577145611,9144.0
50.0,AXM5433,1.4809339764128713,110.28292694473429,9144.0
50.0,AXM6056,1.5186174253486973,110.41575535324927,9144.0
50.0,AXM6057,3.0632625992032367,113.00095545029474,9144.0
50.0,AXM6063,1.5283015967474127,110.47434700297937,9144.0
50.0,AXM6064,3.0943758454118377,112.97146053071089,9144.0
50.0,AXM6190,1.4189048837410398,110.27112013954455,9144.0
50.0,AXM6191,4.278528637706361,114.02255596234082,9144.0
50.0,AXM6351,5.909272275763503,116.09294410900442,9144.0
50.0,AXM6354,1.433568226995155,110.3574724622708,9144.0
50.0,AXM6355,5.964210376556358,116.0169350650959,9144.0
50.0,AXM6358,1.412457452730483,110.28409939954875,9144.0
50.0,AXM6465,2.0470737260115963,111.91711793437004,9144.0
50.0,AXM6468,1.5326264202001714,110.35361976803594,9144.0
50.0,AXM6469,2.1965735842884677,111.81647557167982,9144.0
50.0,AXM705,2.6618417841288,101.7497308368308,9144.0
50.0,AXM710,1.3787401236311358,103.93246571852191,9144.0
50.0,AXM711,2.7678358754378793,101.71700954751572,9144.0
50.0,AXM712,1.284603876343265,103.99949026488342,9144.0
50.0,AXM713,2.756942555872956,101.67686837489278,9144.0
50.0,AXM5432,5.302549767819618,100.38939577145611,9144.0,"(AXM5433),(AXM6190)"
50.0,AXM5433,1.4809339764128713,110.28292694473429,9144.0,"(AXM5433),(AXM6354)"
50.0,AXM6056,1.5186174253486973,110.41575535324927,9144.0,"(AXM5433),(AXM6358)"
50.0,AXM6057,3.0632625992032367,113.00095545029474,9144.0,"(AXM5433),(AXM6468)"
50.0,AXM6063,1.5283015967474127,110.47434700297937,9144.0,"(AXM6056),(AXM6063)"
50.0,AXM6064,3.0943758454118377,112.97146053071089,9144.0,"(AXM6056),(AXM6354)"
50.0,AXM6190,1.4189048837410398,110.27112013954455,9144.0,"(AXM6056),(AXM6468)"
50.0,AXM6191,4.278528637706361,114.02255596234082,9144.0,"(AXM6057),(AXM6064)"
50.0,AXM6351,5.909272275763503,116.09294410900442,9144.0,"(AXM6063),(AXM6056)"
50.0,AXM6354,1.433568226995155,110.3574724622708,9144.0,"(AXM6064),(AXM6057)"
50.0,AXM6355,5.964210376556358,116.0169350650959,9144.0,"(AXM6190),(AXM5433)"
50.0,AXM6358,1.412457452730483,110.28409939954875,9144.0,"(AXM6190),(AXM6358)"
50.0,AXM6465,2.0470737260115963,111.91711793437004,9144.0,"(AXM6351),(AXM6355)"
50.0,AXM6468,1.5326264202001714,110.35361976803594,9144.0,"(AXM6354),(AXM5433)"
50.0,AXM6469,2.1965735842884677,111.81647557167982,9144.0,"(AXM6354),(AXM6056)"
50.0,AXM705,2.6618417841288,101.7497308368308,9144.0,"(AXM6354),(AXM6358)"
50.0,AXM710,1.3787401236311358,103.93246571852191,9144.0,"(AXM6354),(AXM6468)"
50.0,AXM711,2.7678358754378793,101.71700954751572,9144.0,"(AXM6355),(AXM6351)"
50.0,AXM712,1.284603876343265,103.99949026488342,9144.0,"(AXM6358),(AXM5433)"
50.0,AXM713,2.756942555872956,101.67686837489278,9144.0,"(AXM6358),(AXM6190)"
60.0,AXM5432,5.307879321832835,100.40788471583603,9144.0
60.0,AXM5433,1.4761860240008238,110.27000044751911,9144.0
60.0,AXM6056,1.521764958265994,110.43003321274173,9144.0
60.0,AXM6057,3.061738464624539,112.98905741302339,9144.0
60.0,AXM6063,1.525615247952808,110.49363826199327,9144.0
60.0,AXM6064,3.082555234011732,112.96876835707972,9144.0
60.0,AXM6190,1.4066809792231834,110.27326199128058,9144.0
60.0,AXM6191,4.266858579550421,114.02058617912228,9144.0
60.0,AXM6351,5.898152082967715,116.09511702390594,9144.0
60.0,AXM6354,1.423952808771028,110.35069615812631,9144.0
60.0,AXM6355,5.962083528227933,116.00597032463486,9144.0
60.0,AXM6358,1.3981981695732475,110.28761579793839,9144.0
60.0,AXM6465,2.0259006212024433,111.90511479662689,9144.0
60.0,AXM6468,1.5454049430709074,110.3497887291675,9144.0
60.0,AXM6469,2.193139874105485,111.79891853849834,9144.0
60.0,AXM705,2.653012917990391,101.75772765094297,9144.0
60.0,AXM710,1.3705574589297584,103.9236168682059,9144.0
60.0,AXM711,2.7730692080351846,101.72731275330143,9144.0
60.0,AXM712,1.2782636915389973,103.98949523627589,9144.0
60.0,AXM713,2.7653380324279118,101.68426511354848,9144.0
60.0,AXM5432,5.307879321832835,100.40788471583603,9144.0,"(AXM5433),(AXM6190)"
60.0,AXM5433,1.4761860240008238,110.27000044751911,9144.0,"(AXM5433),(AXM6358)"
60.0,AXM6056,1.521764958265994,110.43003321274173,9144.0,"(AXM6056),(AXM6063)"
60.0,AXM6057,3.061738464624539,112.98905741302339,9144.0,"(AXM6056),(AXM6468)"
60.0,AXM6063,1.525615247952808,110.49363826199327,9144.0,"(AXM6057),(AXM6064)"
60.0,AXM6064,3.082555234011732,112.96876835707972,9144.0,"(AXM6063),(AXM6056)"
60.0,AXM6190,1.4066809792231834,110.27326199128058,9144.0,"(AXM6064),(AXM6057)"
60.0,AXM6191,4.266858579550421,114.02058617912228,9144.0,"(AXM6190),(AXM5433)"
60.0,AXM6351,5.898152082967715,116.09511702390594,9144.0,"(AXM6190),(AXM6358)"
60.0,AXM6354,1.423952808771028,110.35069615812631,9144.0,"(AXM6354),(AXM6358)"
60.0,AXM6355,5.962083528227933,116.00597032463486,9144.0,"(AXM6358),(AXM5433)"
60.0,AXM6358,1.3981981695732475,110.28761579793839,9144.0,"(AXM6358),(AXM6190)"
60.0,AXM6465,2.0259006212024433,111.90511479662689,9144.0,"(AXM6358),(AXM6354)"
60.0,AXM6468,1.5454049430709074,110.3497887291675,9144.0,"(AXM6468),(AXM6056)"
60.0,AXM6469,2.193139874105485,111.79891853849834,9144.0,"(AXM711),(AXM713)"
60.0,AXM705,2.653012917990391,101.75772765094297,9144.0,"(AXM713),(AXM711)"
70.0,AXM5432,5.309392878873418,100.42788345863215,9144.0
70.0,AXM5433,1.4748326062871853,110.25452631246316,9144.0
70.0,AXM6056,1.5259477373466694,110.44404263817185,9144.0
70.0,AXM6057,3.058263898175447,112.97757765183421,9144.0
70.0,AXM6063,1.526990299627381,110.513367229886,9144.0
70.0,AXM6064,3.070513736982227,112.97016895402076,9144.0
70.0,AXM6190,1.3958188062926888,110.27926558954576,9144.0
70.0,AXM6191,4.256555086474485,114.01474883625886,9144.0
70.0,AXM6351,5.8869891133479895,116.09317845945131,9144.0
70.0,AXM6354,1.4172397594344681,110.34103498453452,9144.0
70.0,AXM6355,5.95615577500787,115.99652178378508,9144.0
70.0,AXM6358,1.38546588580703,110.29493735102224,9144.0
70.0,AXM6465,2.007046719784703,111.88971944833483,9144.0
70.0,AXM6468,1.5587430370343704,110.35001702409633,9144.0
70.0,AXM6469,2.193030489307341,111.78102873575683,9144.0
70.0,AXM705,2.644183971674438,101.76572431934103,9144.0
70.0,AXM710,1.3598859328414803,103.91801780175842,9144.0
70.0,AXM711,2.7743852950975656,101.73879631633015,9144.0
70.0,AXM712,1.2719234593187934,103.97950026237919,9144.0
70.0,AXM713,2.770516174126396,101.69418909285659,9144.0
70.0,AXM5432,5.309392878873418,100.42788345863215,9144.0,"(AXM5433),(AXM6190)"
70.0,AXM5433,1.4748326062871853,110.25452631246316,9144.0,"(AXM5433),(AXM6358)"
70.0,AXM6056,1.5259477373466694,110.44404263817185,9144.0,"(AXM6056),(AXM6063)"
70.0,AXM6057,3.058263898175447,112.97757765183421,9144.0,"(AXM6057),(AXM6064)"
70.0,AXM6063,1.526990299627381,110.513367229886,9144.0,"(AXM6063),(AXM6056)"
70.0,AXM6064,3.070513736982227,112.97016895402076,9144.0,"(AXM6064),(AXM6057)"
70.0,AXM6190,1.3958188062926888,110.27926558954576,9144.0,"(AXM6190),(AXM5433)"
70.0,AXM6191,4.256555086474485,114.01474883625886,9144.0,"(AXM6190),(AXM6354)"
70.0,AXM6351,5.8869891133479895,116.09317845945131,9144.0,"(AXM6190),(AXM6358)"
70.0,AXM6354,1.4172397594344681,110.34103498453452,9144.0,"(AXM6354),(AXM6190)"
70.0,AXM6355,5.95615577500787,115.99652178378508,9144.0,"(AXM6354),(AXM6358)"
70.0,AXM6358,1.38546588580703,110.29493735102224,9144.0,"(AXM6358),(AXM5433)"
70.0,AXM6465,2.007046719784703,111.88971944833483,9144.0,"(AXM6358),(AXM6190)"
70.0,AXM6468,1.5587430370343704,110.35001702409633,9144.0,"(AXM6358),(AXM6354)"
70.0,AXM6469,2.193030489307341,111.78102873575683,9144.0,"(AXM711),(AXM713)"
70.0,AXM705,2.644183971674438,101.76572431934103,9144.0,"(AXM713),(AXM711)"
80.0,AXM5432,5.30682752336501,100.44811107581563,9144.0
80.0,AXM5433,1.4775755228898186,110.23923730309295,9144.0
80.0,AXM6056,1.530645116787569,110.45977616638703,9144.0
80.0,AXM6057,3.0542674109442753,112.96437423067484,9144.0
80.0,AXM6063,1.529723274210196,110.5333588239093,9144.0
80.0,AXM6064,3.0596239645934356,112.97550258279433,9144.0
80.0,AXM6190,1.387500345019523,110.28847762320392,9144.0
80.0,AXM6191,4.248849976403262,114.00574187177772,9144.0
80.0,AXM6351,5.877238463405705,116.08738125344483,9144.0
80.0,AXM6354,1.4142414233662461,110.32965803266218,9144.0
80.0,AXM6355,5.94722998645889,115.98986916593067,9144.0
80.0,AXM6358,1.3736451211705571,110.30643064989565,9144.0
80.0,AXM6465,1.991049200335558,111.87137056797475,9144.0
80.0,AXM6468,1.5713830708771281,110.35428317707536,9144.0
80.0,AXM6469,2.1929174991921605,111.76259386713507,9144.0
80.0,AXM705,2.634070919425896,101.77201484006933,9144.0
80.0,AXM710,1.3479564296228583,103.91631430057792,9144.0
80.0,AXM711,2.7716189064950676,101.75001847769707,9144.0
80.0,AXM712,1.2625591895314958,103.9722625342284,9144.0
80.0,AXM713,2.7717846031433493,101.70531334085729,9144.0
80.0,AXM5432,5.30682752336501,100.44811107581563,9144.0,"(AXM5433),(AXM6190)"
80.0,AXM5433,1.4775755228898186,110.23923730309295,9144.0,"(AXM6056),(AXM6063)"
80.0,AXM6056,1.530645116787569,110.45977616638703,9144.0,"(AXM6057),(AXM6064)"
80.0,AXM6057,3.0542674109442753,112.96437423067484,9144.0,"(AXM6063),(AXM6056)"
80.0,AXM6063,1.529723274210196,110.5333588239093,9144.0,"(AXM6064),(AXM6057)"
80.0,AXM6064,3.0596239645934356,112.97550258279433,9144.0,"(AXM6190),(AXM5433)"
80.0,AXM6190,1.387500345019523,110.28847762320392,9144.0,"(AXM6190),(AXM6354)"
80.0,AXM6191,4.248849976403262,114.00574187177772,9144.0,"(AXM6190),(AXM6358)"
80.0,AXM6351,5.877238463405705,116.08738125344483,9144.0,"(AXM6354),(AXM6190)"
80.0,AXM6354,1.4142414233662461,110.32965803266218,9144.0,"(AXM6354),(AXM6358)"
80.0,AXM6355,5.94722998645889,115.98986916593067,9144.0,"(AXM6358),(AXM6190)"
80.0,AXM6358,1.3736451211705571,110.30643064989565,9144.0,"(AXM6358),(AXM6354)"
80.0,AXM6465,1.991049200335558,111.87137056797475,9144.0,"(AXM711),(AXM713)"
80.0,AXM6468,1.5713830708771281,110.35428317707536,9144.0,"(AXM713),(AXM711)"
90.0,AXM5432,5.300201802773332,100.46787846602676,9144.0
90.0,AXM5433,1.484560302302436,110.22337546663623,9144.0
90.0,AXM6056,1.5368783697628872,110.47682813181675,9144.0
90.0,AXM6057,3.046568485772211,112.95243500407652,9144.0
90.0,AXM6063,1.5364460653517762,110.55238282003909,9144.0
90.0,AXM6064,3.051127242021407,112.98416120876179,9144.0
90.0,AXM6190,1.382630778510287,110.29989567173446,9144.0
90.0,AXM6191,4.2446644216642,113.99464210100301,9144.0
90.0,AXM6351,5.870171133340676,116.07848115241222,9144.0
90.0,AXM6354,1.4153206284459992,110.31794200659607,9144.0
90.0,AXM6355,5.936515093466475,115.98691342217357,9144.0
90.0,AXM6358,1.3642557642995565,110.32124423026876,9144.0
90.0,AXM6465,1.978363858424624,111.85059095463849,9144.0
90.0,AXM6468,1.5821332325499442,110.36218497762493,9144.0
90.0,AXM6469,2.188728942165177,111.74464155170928,9144.0
90.0,AXM705,2.6224300887304732,101.77925551294318,9144.0
90.0,AXM710,1.3361449322006902,103.91870281226102,9144.0
90.0,AXM711,2.7651173526460973,101.75957030871719,9144.0
90.0,AXM712,1.2500260897553241,103.96769217522022,9144.0
90.0,AXM713,2.7689737157531225,101.71615037973174,9144.0
90.0,AXM5432,5.300201802773332,100.46787846602676,9144.0,"(AXM6056),(AXM6063)"
90.0,AXM5433,1.484560302302436,110.22337546663623,9144.0,"(AXM6057),(AXM6064)"
90.0,AXM6056,1.5368783697628872,110.47682813181675,9144.0,"(AXM6063),(AXM6056)"
90.0,AXM6057,3.046568485772211,112.95243500407652,9144.0,"(AXM6064),(AXM6057)"
90.0,AXM6063,1.5364460653517762,110.55238282003909,9144.0,"(AXM6190),(AXM6354)"
90.0,AXM6064,3.051127242021407,112.98416120876179,9144.0,"(AXM6190),(AXM6358)"
90.0,AXM6190,1.382630778510287,110.29989567173446,9144.0,"(AXM6354),(AXM6190)"
90.0,AXM6191,4.2446644216642,113.99464210100301,9144.0,"(AXM6354),(AXM6358)"
90.0,AXM6351,5.870171133340676,116.07848115241222,9144.0,"(AXM6358),(AXM6190)"
90.0,AXM6354,1.4153206284459992,110.31794200659607,9144.0,"(AXM6358),(AXM6354)"
90.0,AXM6355,5.936515093466475,115.98691342217357,9144.0,"(AXM711),(AXM713)"
90.0,AXM6358,1.3642557642995565,110.32124423026876,9144.0,"(AXM713),(AXM711)"
100.0,AXM5432,5.289833368607796,100.4859501871051,9144.0
100.0,AXM5433,1.4933771566603187,110.20837202183279,9144.0
100.0,AXM6056,1.5437291377882916,110.49557008262502,9144.0
100.0,AXM6057,3.0378936121769433,112.93898290584649,9144.0
100.0,AXM6063,1.5469485946627735,110.56984310537386,9144.0
100.0,AXM6064,3.0459921106888648,112.9951578248613,9144.0
100.0,AXM6190,1.3817399943482598,110.31227728109845,9144.0
100.0,AXM6191,4.244498819677322,113.9827764932755,9144.0
100.0,AXM6351,5.866708351786684,116.06763828103443,9144.0
100.0,AXM6354,1.4203467803434482,110.307304641846,9144.0
100.0,AXM6355,5.925462347648577,115.98805473340512,9144.0
100.0,AXM6358,1.3552961187468535,110.33838134018144,9144.0
100.0,AXM6465,1.9693521202505329,111.82797263542273,9144.0
100.0,AXM6468,1.58997990354734,110.3729773943287,9144.0
100.0,AXM6469,2.1816236930030626,111.7271928415969,9144.0
100.0,AXM705,2.609261447174822,101.78744625840079,9144.0
100.0,AXM710,1.3258138123766323,103.92490780483521,9144.0
100.0,AXM711,2.755696880908507,101.76625261899827,9144.0
100.0,AXM712,1.23648688786643,103.9670664058623,9144.0
100.0,AXM713,2.762459360321994,101.72525114764832,9144.0
100.0,AXM5432,5.289833368607796,100.4859501871051,9144.0,"(AXM6056),(AXM6063)"
100.0,AXM5433,1.4933771566603187,110.20837202183279,9144.0,"(AXM6057),(AXM6064)"
100.0,AXM6056,1.5437291377882916,110.49557008262502,9144.0,"(AXM6063),(AXM6056)"
100.0,AXM6057,3.0378936121769433,112.93898290584649,9144.0,"(AXM6064),(AXM6057)"
100.0,AXM6063,1.5469485946627735,110.56984310537386,9144.0,"(AXM6190),(AXM6354)"
100.0,AXM6064,3.0459921106888648,112.9951578248613,9144.0,"(AXM6190),(AXM6358)"
100.0,AXM6190,1.3817399943482598,110.31227728109845,9144.0,"(AXM6354),(AXM6190)"
100.0,AXM6191,4.244498819677322,113.9827764932755,9144.0,"(AXM6354),(AXM6358)"
100.0,AXM6351,5.866708351786684,116.06763828103443,9144.0,"(AXM6358),(AXM6190)"
100.0,AXM6354,1.4203467803434482,110.307304641846,9144.0,"(AXM6358),(AXM6354)"
100.0,AXM6355,5.925462347648577,115.98805473340512,9144.0,"(AXM711),(AXM713)"
100.0,AXM6358,1.3552961187468535,110.33838134018144,9144.0,"(AXM713),(AXM711)"
110.0,AXM5432,5.27602610025941,100.50179555506942,9144.0
110.0,AXM5433,1.50247125739008,110.1928963843754,9144.0
110.0,AXM6056,1.5507925081487268,110.51489573517779,9144.0
110.0,AXM6057,3.028266736998292,112.92530631283348,9144.0
110.0,AXM6063,1.5609478599982038,110.58518947170371,9144.0
110.0,AXM6064,3.04480392422652,113.00723895480232,9144.0
110.0,AXM6190,1.3849249242553807,110.32427515235926,9144.0
110.0,AXM6191,4.248373018192215,113.9721019301822,9144.0
110.0,AXM6351,5.867301493377531,116.05626594352513,9144.0
110.0,AXM6354,1.428711665704856,110.29903315860373,9144.0
110.0,AXM6355,5.91556876024575,115.9931383673421,9144.0
110.0,AXM6358,1.342745694213492,110.35357402522492,9144.0
110.0,AXM6465,1.9642707450156935,111.80416000322708,9144.0
110.0,AXM6468,1.5941832316539322,110.38564282037174,9144.0
110.0,AXM6469,2.174518154720161,111.70974433168898,9144.0
110.0,AXM705,2.5949808423878205,101.7972252585419,9144.0
110.0,AXM710,1.318154690977813,103.93421355805833,9144.0
110.0,AXM711,2.7445401985772224,101.76922651574966,9144.0
110.0,AXM712,1.2233792451063616,103.97051553863682,9144.0
110.0,AXM713,2.7531125820062576,101.73139877720648,9144.0
110.0,AXM5432,5.27602610025941,100.50179555506942,9144.0,"(AXM6056),(AXM6063)"
110.0,AXM5433,1.50247125739008,110.1928963843754,9144.0,"(AXM6057),(AXM6064)"
110.0,AXM6056,1.5507925081487268,110.51489573517779,9144.0,"(AXM6063),(AXM6056)"
110.0,AXM6057,3.028266736998292,112.92530631283348,9144.0,"(AXM6064),(AXM6057)"
110.0,AXM6063,1.5609478599982038,110.58518947170371,9144.0,"(AXM6190),(AXM6354)"
110.0,AXM6064,3.04480392422652,113.00723895480232,9144.0,"(AXM6190),(AXM6358)"
110.0,AXM6190,1.3849249242553807,110.32427515235926,9144.0,"(AXM6354),(AXM6190)"
110.0,AXM6191,4.248373018192215,113.9721019301822,9144.0,"(AXM6354),(AXM6358)"
110.0,AXM6351,5.867301493377531,116.05626594352513,9144.0,"(AXM6358),(AXM6190)"
110.0,AXM6354,1.428711665704856,110.29903315860373,9144.0,"(AXM6358),(AXM6354)"
110.0,AXM6355,5.91556876024575,115.9931383673421,9144.0,"(AXM711),(AXM713)"
110.0,AXM6358,1.342745694213492,110.35357402522492,9144.0,"(AXM713),(AXM711)"
120.0,AXM5432,5.259408536934947,100.51463436273957,9144.0
120.0,AXM5433,1.5078132139090652,110.17575869997005,9144.0
120.0,AXM6056,1.5571606375733436,110.53446172935283,9144.0
120.0,AXM6057,3.0176033429548403,112.91015786552687,9144.0
120.0,AXM6063,1.5743721979018273,110.60104167886885,9144.0
120.0,AXM6064,3.0476981240115566,113.01902751438134,9144.0
120.0,AXM6190,1.3918389963533944,110.33458373663203,9144.0
120.0,AXM6191,4.252862144187554,113.9600388731636,9144.0
120.0,AXM6351,5.871883530403592,116.04569211237853,9144.0
120.0,AXM6354,1.4394580984326835,110.29407548590878,9144.0
120.0,AXM6355,5.908174343214797,116.00147569304428,9144.0
120.0,AXM6358,1.3334304611245085,110.37109226276986,9144.0
120.0,AXM6465,1.9632645094354557,111.7798314647664,9144.0
120.0,AXM6468,1.594346890629882,110.39898702856259,9144.0
120.0,AXM6469,2.165630250445972,111.69313409427852,9144.0
120.0,AXM705,2.579608256210653,101.80775165758045,9144.0
120.0,AXM710,1.3140509929118676,103.94554672030446,9144.0
120.0,AXM711,2.733047988117828,101.76811870976265,9144.0
120.0,AXM712,1.2111870646910914,103.97791847694289,9144.0
120.0,AXM713,2.742183153874785,101.73377130856194,9144.0
120.0,AXM5432,5.259408536934947,100.51463436273957,9144.0,"(AXM6056),(AXM6063)"
120.0,AXM5433,1.5078132139090652,110.17575869997005,9144.0,"(AXM6063),(AXM6056)"
120.0,AXM6056,1.5571606375733436,110.53446172935283,9144.0,"(AXM6190),(AXM6354)"
120.0,AXM6057,3.0176033429548403,112.91015786552687,9144.0,"(AXM6190),(AXM6358)"
120.0,AXM6063,1.5743721979018273,110.60104167886885,9144.0,"(AXM6351),(AXM6355)"
120.0,AXM6064,3.0476981240115566,113.01902751438134,9144.0,"(AXM6354),(AXM6190)"
120.0,AXM6190,1.3918389963533944,110.33458373663203,9144.0,"(AXM6355),(AXM6351)"
120.0,AXM6191,4.252862144187554,113.9600388731636,9144.0,"(AXM6358),(AXM6190)"
120.0,AXM6351,5.871883530403592,116.04569211237853,9144.0,"(AXM711),(AXM713)"
120.0,AXM6354,1.4394580984326835,110.29407548590878,9144.0,"(AXM713),(AXM711)"
130.0,AXM5432,5.240778505002915,100.52385099280072,9144.0
130.0,AXM5433,1.5098834331127422,110.15751569650446,9144.0
130.0,AXM6056,1.5673285621550066,110.55250131347191,9144.0
130.0,AXM6057,3.006775404845716,112.89473349499627,9144.0
130.0,AXM6063,1.587366992709325,110.61638703133829,9144.0
130.0,AXM6064,3.0543448002047766,113.02917975596586,9144.0
130.0,AXM6190,1.401729847788712,110.34208128971358,9144.0
130.0,AXM6191,4.25735102675283,113.94797565473947,9144.0
130.0,AXM6351,5.8773967833570975,116.03582706805167,9144.0
130.0,AXM6354,1.4507593747380694,110.29329322329411,9144.0
130.0,AXM6355,5.90428061469384,116.01193747687662,9144.0
130.0,AXM6358,1.327824049721025,110.39033423283468,9144.0
130.0,AXM6465,1.9663620828120147,111.75568012087525,9144.0
130.0,AXM6468,1.590455449287115,110.41175178607709,9144.0
130.0,AXM6469,2.1558930323640353,111.67493734874783,9144.0
130.0,AXM705,2.5640779818474635,101.81804338194307,9144.0
130.0,AXM710,1.31397605041837,103.95760010726639,9144.0
130.0,AXM711,2.722663056379466,101.76306835435548,9144.0
130.0,AXM712,1.201602832758156,103.98848350683251,9144.0
130.0,AXM713,2.731132467700812,101.73205157878768,9144.0
130.0,AXM5432,5.240778505002915,100.52385099280072,9144.0,"(AXM6056),(AXM6063)"
130.0,AXM5433,1.5098834331127422,110.15751569650446,9144.0,"(AXM6063),(AXM6056)"
130.0,AXM6056,1.5673285621550066,110.55250131347191,9144.0,"(AXM6190),(AXM6354)"
130.0,AXM6057,3.006775404845716,112.89473349499627,9144.0,"(AXM6190),(AXM6358)"
130.0,AXM6063,1.587366992709325,110.61638703133829,9144.0,"(AXM6351),(AXM6355)"
130.0,AXM6064,3.0543448002047766,113.02917975596586,9144.0,"(AXM6354),(AXM6190)"
130.0,AXM6190,1.401729847788712,110.34208128971358,9144.0,"(AXM6355),(AXM6351)"
130.0,AXM6191,4.25735102675283,113.94797565473947,9144.0,"(AXM6358),(AXM6190)"
130.0,AXM6351,5.8773967833570975,116.03582706805167,9144.0,"(AXM711),(AXM713)"
130.0,AXM6354,1.4507593747380694,110.29329322329411,9144.0,"(AXM713),(AXM711)"
140.0,AXM5432,5.224318143233522,100.53656763126803,9144.0
140.0,AXM5433,1.512022017710328,110.13866681093006,9144.0
140.0,AXM6056,1.5809218722402418,110.56829624870794,9144.0
140.0,AXM6057,2.994912764285544,112.87783605286536,9144.0
140.0,AXM6063,1.6003616252474344,110.63173261816732,9144.0
140.0,AXM6064,3.0649471204239815,113.03797398089363,9144.0
140.0,AXM6190,1.4135211939775438,110.34595193276606,9144.0
140.0,AXM6191,4.25782414558304,113.93510871685609,9144.0
140.0,AXM6351,5.879333139016583,116.024090600917,9144.0
140.0,AXM6354,1.461832111142421,110.29656382189465,9144.0
140.0,AXM6355,5.899271398379466,116.02239493001383,9144.0
140.0,AXM6358,1.32619934960773,110.41051139373903,9144.0
140.0,AXM6465,1.9734752101989657,111.73239402864479,9144.0
140.0,AXM6468,1.5828758264756038,110.42273350579053,9144.0
140.0,AXM6469,2.1459325056596694,111.6563250167701,9144.0
140.0,AXM705,2.548209387732003,101.82855893149771,9144.0
140.0,AXM710,1.3179385075782726,103.96898346533757,9144.0
140.0,AXM711,2.7146891952386354,101.7547095496677,9144.0
140.0,AXM712,1.1954178681629364,104.00133832724659,9144.0
140.0,AXM713,2.72143812886945,101.72646960262115,9144.0
140.0,AXM5432,5.224318143233522,100.53656763126803,9144.0,"(AXM6056),(AXM6063)"
140.0,AXM5433,1.512022017710328,110.13866681093006,9144.0,"(AXM6063),(AXM6056)"
140.0,AXM6056,1.5809218722402418,110.56829624870794,9144.0,"(AXM6190),(AXM6354)"
140.0,AXM6057,2.994912764285544,112.87783605286536,9144.0,"(AXM6351),(AXM6355)"
140.0,AXM6063,1.6003616252474344,110.63173261816732,9144.0,"(AXM6354),(AXM6190)"
140.0,AXM6064,3.0649471204239815,113.03797398089363,9144.0,"(AXM6355),(AXM6351)"
140.0,AXM6190,1.4135211939775438,110.34595193276606,9144.0,"(AXM711),(AXM713)"
140.0,AXM6191,4.25782414558304,113.93510871685609,9144.0,"(AXM713),(AXM711)"
150.0,AXM5432,5.209065254533859,100.55130092203395,9144.0
150.0,AXM5433,1.5147223213096215,110.11989019312752,9144.0
150.0,AXM6056,1.5959167762978554,110.58333127202015,9144.0
150.0,AXM6057,2.9830400663709717,112.8608540067205,9144.0
150.0,AXM6063,1.6122013740689176,110.64798664250775,9144.0
150.0,AXM6064,3.079111559934559,113.0444372723376,9144.0
150.0,AXM6190,1.4261334760487545,110.3465246306705,9144.0
150.0,AXM6191,4.254286509627277,113.92086456637686,9144.0
150.0,AXM6351,5.877385268710149,116.01104128091143,9144.0
150.0,AXM6354,1.4710696221190331,110.30349169082486,9144.0
150.0,AXM6355,5.890274966066794,116.0318055624777,9144.0
150.0,AXM6358,1.328679172896011,110.43060136331391,9144.0
150.0,AXM6465,1.9844012269294904,111.71063660680676,9144.0
150.0,AXM6468,1.5723226947909918,110.43089674126107,9144.0
150.0,AXM6469,2.1359078935323144,111.63774729267807,9144.0
150.0,AXM705,2.532484010256698,101.83928775824532,9144.0
150.0,AXM710,1.3254813232809546,103.97838381493376,9144.0
150.0,AXM711,2.710127495086846,101.74409172108153,9144.0
150.0,AXM712,1.1923453785426321,104.01710659724917,9144.0
150.0,AXM713,2.7143963833365428,101.71777179214794,9144.0
150.0,AXM5432,5.209065254533859,100.55130092203395,9144.0,"(AXM6056),(AXM6063)"
150.0,AXM5433,1.5147223213096215,110.11989019312752,9144.0,"(AXM6063),(AXM6056)"
150.0,AXM6056,1.5959167762978554,110.58333127202015,9144.0,"(AXM6190),(AXM6354)"
150.0,AXM6057,2.9830400663709717,112.8608540067205,9144.0,"(AXM6351),(AXM6355)"
150.0,AXM6063,1.6122013740689176,110.64798664250775,9144.0,"(AXM6354),(AXM6190)"
150.0,AXM6064,3.079111559934559,113.0444372723376,9144.0,"(AXM6355),(AXM6351)"
150.0,AXM6190,1.4261334760487545,110.3465246306705,9144.0,"(AXM711),(AXM713)"
150.0,AXM6191,4.254286509627277,113.92086456637686,9144.0,"(AXM713),(AXM711)"
160.0,AXM5432,5.19381176395395,100.56603322744692,9144.0
160.0,AXM5433,1.5174989469358522,110.10058032674056,9144.0
160.0,AXM6056,1.608164674517053,110.600679175431,9144.0
160.0,AXM6057,2.971015309623844,112.84365536665524,9144.0
160.0,AXM6063,1.6248592065049272,110.66536426632014,9144.0
160.0,AXM6064,3.094632198780234,113.04704493217417,9144.0
160.0,AXM6190,1.4391673295401424,110.3511741772884,9144.0
160.0,AXM6191,4.246595992561418,113.9067769383534,9144.0
160.0,AXM6351,5.871531447800855,115.99923086681213,9144.0
160.0,AXM6354,1.4773121704569336,110.31320707410092,9144.0
160.0,AXM6355,5.8776705055905625,116.03910287013399,9144.0
160.0,AXM6358,1.335161461729402,110.44977736316166,9144.0
160.0,AXM6465,1.998828832865143,111.69102774172721,9144.0
160.0,AXM6468,1.5597910950421374,110.43547182017817,9144.0
160.0,AXM6469,2.1252297994588805,111.61796012726562,9144.0
160.0,AXM705,2.5159821250481538,101.85054600094516,9144.0
160.0,AXM710,1.3357828146692674,103.98477561995156,9144.0
160.0,AXM711,2.709550661431536,101.73254787383075,9144.0
160.0,AXM712,1.193281076798281,104.03358553705384,9144.0
160.0,AXM713,2.7047020445051806,101.7121898932458,9144.0
160.0,AXM5432,5.19381176395395,100.56603322744692,9144.0,"(AXM6056),(AXM6063)"
160.0,AXM5433,1.5174989469358522,110.10058032674056,9144.0,"(AXM6063),(AXM6056)"
160.0,AXM6056,1.608164674517053,110.600679175431,9144.0,"(AXM6190),(AXM6354)"
160.0,AXM6057,2.971015309623844,112.84365536665524,9144.0,"(AXM6351),(AXM6355)"
160.0,AXM6063,1.6248592065049272,110.66536426632014,9144.0,"(AXM6354),(AXM6190)"
160.0,AXM6064,3.094632198780234,113.04704493217417,9144.0,"(AXM6355),(AXM6351)"
160.0,AXM6190,1.4391673295401424,110.3511741772884,9144.0,"(AXM711),(AXM713)"
160.0,AXM6191,4.246595992561418,113.9067769383534,9144.0,"(AXM713),(AXM711)"
170.0,AXM5432,5.179629211418207,100.5818070756691,9144.0
170.0,AXM5433,1.519784791016377,110.08120616755136,9144.0
170.0,AXM6056,1.6205262288821196,110.61818854587422,9144.0
170.0,AXM6057,2.958989937859781,112.82645734472482,9144.0
170.0,AXM6063,1.6371516928751026,110.68300253285199,9144.0
170.0,AXM6064,3.1102986319307715,113.0455483465679,9144.0
170.0,AXM6190,1.4520233516904286,110.36007773802689,9144.0
170.0,AXM6191,4.235589726231136,113.89510981639178,9144.0
170.0,AXM6351,5.862341619743445,115.98980926981743,9144.0
170.0,AXM6354,1.4797760260347634,110.32449023241361,9144.0
170.0,AXM6355,5.863541353780446,116.04257527636095,9144.0
170.0,AXM6358,1.3453794356052537,110.46725021942862,9144.0
170.0,AXM6465,2.016614163600091,111.67376413420334,9144.0
170.0,AXM6468,1.5478258999504895,110.44137235739981,9144.0
170.0,AXM6469,2.114577653804488,111.59815909782947,9144.0
170.0,AXM705,2.4994801023608217,101.86180389973512,9144.0
170.0,AXM710,1.3473626810811894,103.98721668800101,9144.0
170.0,AXM711,2.7049889612797466,101.7219300902775,9144.0
170.0,AXM712,1.198251403734033,104.04932457758622,9144.0
170.0,AXM713,2.6936513583312074,101.71047021676793,9144.0
170.0,AXM5432,5.179629211418207,100.5818070756691,9144.0,"(AXM6056),(AXM6063)"
170.0,AXM5433,1.519784791016377,110.08120616755136,9144.0,"(AXM6063),(AXM6056)"
170.0,AXM6056,1.6205262288821196,110.61818854587422,9144.0,"(AXM6190),(AXM6354)"
170.0,AXM6057,2.958989937859781,112.82645734472482,9144.0,"(AXM6351),(AXM6355)"
170.0,AXM6063,1.6371516928751026,110.68300253285199,9144.0,"(AXM6354),(AXM6190)"
170.0,AXM6064,3.1102986319307715,113.0455483465679,9144.0,"(AXM6355),(AXM6351)"
170.0,AXM6190,1.4520233516904286,110.36007773802689,9144.0,"(AXM711),(AXM713)"
170.0,AXM6191,4.235589726231136,113.89510981639178,9144.0,"(AXM713),(AXM711)"
180.0,AXM5432,5.164787249686274,100.59831246405554,9144.0
180.0,AXM5433,1.5221486367977561,110.06116761150938,9144.0
180.0,AXM6056,1.632887552837694,110.63569818639438,9144.0
180.0,AXM6057,2.9470431030805226,112.80920471332622,9144.0
180.0,AXM6063,1.6504726461658423,110.70211712201272,9144.0
180.0,AXM6064,3.1250471086477813,113.04004901792554,9144.0
180.0,AXM6190,1.4621497138803592,110.37203721715719,9144.0
180.0,AXM6191,4.22243889362473,113.88305951732298,9144.0
180.0,AXM6351,5.854104945679106,115.9795355837503,9144.0
180.0,AXM6354,1.4781518603977792,110.33592458552792,9144.0
180.0,AXM6355,5.84900951431126,116.04194723684543,9144.0
180.0,AXM6358,1.3555233407373752,110.48484317001872,9144.0
180.0,AXM6465,2.0370054429392908,111.65967770406483,9144.0
180.0,AXM6468,1.536541480568179,110.45146765693399,9144.0
180.0,AXM6469,2.103710279188284,111.57795902280104,9144.0
180.0,AXM705,2.483381269030353,101.87363209607676,9144.0
180.0,AXM710,1.359231102133615,103.9855966638986,9144.0
180.0,AXM711,2.697015100138916,101.7135714074494,9144.0
180.0,AXM712,1.2069492565283282,104.06335126171153,9144.0
180.0,AXM713,2.682721930199735,101.71284263147555,9144.0
180.0,AXM5432,5.164787249686274,100.59831246405554,9144.0,"(AXM6056),(AXM6063)"
180.0,AXM5433,1.5221486367977561,110.06116761150938,9144.0,"(AXM6063),(AXM6056)"
180.0,AXM6056,1.632887552837694,110.63569818639438,9144.0,"(AXM6190),(AXM6354)"
180.0,AXM6057,2.9470431030805226,112.80920471332622,9144.0,"(AXM6351),(AXM6355)"
180.0,AXM6063,1.6504726461658423,110.70211712201272,9144.0,"(AXM6354),(AXM6190)"
180.0,AXM6064,3.1250471086477813,113.04004901792554,9144.0,"(AXM6355),(AXM6351)"
180.0,AXM6190,1.4621497138803592,110.37203721715719,9144.0,"(AXM711),(AXM713)"
180.0,AXM6191,4.22243889362473,113.88305951732298,9144.0,"(AXM713),(AXM711)"
190.0,AXM5432,5.149674196113821,100.61456756664835,9144.0
190.0,AXM5433,1.5243917448409647,110.04111515052742,9144.0
190.0,AXM6056,1.6457073331038394,110.65287484124666,9144.0
190.0,AXM6057,2.934758205075458,112.7914651733609,9144.0
190.0,AXM6063,1.6641649218507046,110.72177913551351,9144.0
190.0,AXM6064,3.1378762074304594,113.03092025979417,9144.0
190.0,AXM6190,1.4688270103882322,110.38621554647861,9144.0
190.0,AXM6191,4.2079600748844515,113.86979308074045,9144.0
190.0,AXM6351,5.84473932859055,115.96785453654495,9144.0
190.0,AXM6354,1.4726435818640076,110.34607457350717,9144.0
190.0,AXM6355,5.83522896850512,116.03726883001414,9144.0
190.0,AXM6358,1.3658329740858772,110.50272399479134,9144.0
190.0,AXM6465,2.0595271807378506,111.64889232226477,9144.0
190.0,AXM6468,1.5270699400855456,110.46540557039734,9144.0
190.0,AXM6469,2.093103977273765,111.55762060656231,9144.0
190.0,AXM705,2.4667994161075018,101.8858146900574,9144.0
190.0,AXM710,1.3698616953125933,103.98007485858767,9144.0
190.0,AXM711,2.686630168400554,101.70852120208069,9144.0
190.0,AXM712,1.218837218796053,104.07479891935441,9144.0
190.0,AXM713,2.6733751518839988,101.71898985559609,9144.0
190.0,AXM5432,5.149674196113821,100.61456756664835,9144.0,"(AXM6056),(AXM6063)"
190.0,AXM5433,1.5243917448409647,110.04111515052742,9144.0,"(AXM6063),(AXM6056)"
190.0,AXM6056,1.6457073331038394,110.65287484124666,9144.0,"(AXM6190),(AXM6354)"
190.0,AXM6057,2.934758205075458,112.7914651733609,9144.0,"(AXM6351),(AXM6355)"
190.0,AXM6063,1.6641649218507046,110.72177913551351,9144.0,"(AXM6354),(AXM6190)"
190.0,AXM6064,3.1378762074304594,113.03092025979417,9144.0,"(AXM6355),(AXM6351)"
190.0,AXM6190,1.4688270103882322,110.38621554647861,9144.0,"(AXM711),(AXM713)"
190.0,AXM6191,4.2079600748844515,113.86979308074045,9144.0,"(AXM713),(AXM711)"
200.0,AXM5432,5.136858079536367,100.63294270515415,9144.0
200.0,AXM5433,1.526671434176607,110.02073204615671,9144.0
200.0,AXM6056,1.6589185162721327,110.67057647894417,9144.0
200.0,AXM6057,2.922362065076144,112.77380358823083,9144.0
200.0,AXM6063,1.6779502206431658,110.74137612403874,9144.0
200.0,AXM6064,3.147914832530857,113.01878186539889,9144.0
200.0,AXM6190,1.4722303823152632,110.40300253083143,9144.0
200.0,AXM6191,4.193217435104252,113.85628582248653,9144.0
200.0,AXM6351,5.834331586739819,115.9551618938148,9144.0
200.0,AXM6354,1.4639427355477317,110.35366589960658,9144.0
200.0,AXM6355,5.823294037043355,116.02891173298326,9144.0
200.0,AXM6358,1.37614238780937,110.52060502326546,9144.0
200.0,AXM6465,2.0792239281940987,111.634919478788,9144.0
200.0,AXM6468,1.5212465923416492,110.48122019763163,9144.0
200.0,AXM6469,2.085432869069248,111.53410071086456,9144.0
200.0,AXM705,2.449917555498188,101.8975770916903,9144.0
200.0,AXM710,1.3780136511184664,103.9712957578471,9144.0
200.0,AXM711,2.6751379579411596,101.70741344897546,9144.0
200.0,AXM712,1.2345177691297473,104.08423672304987,9144.0
200.0,AXM713,2.6644377505205155,101.72571957675719,9144.0
200.0,AXM5432,5.136858079536367,100.63294270515415,9144.0,"(AXM6056),(AXM6063)"
200.0,AXM5433,1.526671434176607,110.02073204615671,9144.0,"(AXM6063),(AXM6056)"
200.0,AXM6056,1.6589185162721327,110.67057647894417,9144.0,"(AXM6190),(AXM6354)"
200.0,AXM6057,2.922362065076144,112.77380358823083,9144.0,"(AXM6351),(AXM6355)"
200.0,AXM6063,1.6779502206431658,110.74137612403874,9144.0,"(AXM6354),(AXM6190)"
200.0,AXM6064,3.147914832530857,113.01878186539889,9144.0,"(AXM6355),(AXM6351)"
200.0,AXM6190,1.4722303823152632,110.40300253083143,9144.0,"(AXM711),(AXM713)"
200.0,AXM6191,4.193217435104252,113.85628582248653,9144.0,"(AXM713),(AXM711)"
210.0,AXM5432,5.124040782017692,100.65131664423265,9144.0
210.0,AXM5433,1.5288335492470986,110.00033610553163,9144.0
210.0,AXM6056,1.6720157000664204,110.68836281739246,9144.0
210.0,AXM6057,2.909179480983781,112.75502271875871,9144.0
210.0,AXM6063,1.6922454009043508,110.76170157972707,9144.0
210.0,AXM6064,3.1544813613511327,113.00445802910806,9144.0
210.0,AXM6190,1.4715442323692849,110.42011749919543,9144.0
210.0,AXM6191,4.181540845422394,113.84004155441106,9144.0
210.0,AXM6351,5.822779436116051,115.94107471129055,9144.0
210.0,AXM6354,1.4531416822878704,110.35774551929832,9144.0
210.0,AXM6355,5.814152479362533,116.01753967281105,9144.0
210.0,AXM6358,1.3827087658292483,110.54017378503457,9144.0
210.0,AXM6465,2.0971573308258447,111.61717522540336,9144.0
210.0,AXM6468,1.5194167096928104,110.49797389639888,9144.0
210.0,AXM6469,2.0775491297407065,111.50993053748614,9144.0
210.0,AXM705,2.4330355429463313,101.90933912707932,9144.0
210.0,AXM710,1.382735468159504,103.96028406079398,9144.0
210.0,AXM711,2.663981275609875,101.71038714823412,9144.0
210.0,AXM712,1.2534858328101732,104.09088590637657,9144.0
210.0,AXM713,2.6554423901143953,101.73249279997673,9144.0
210.0,AXM5432,5.124040782017692,100.65131664423265,9144.0,"(AXM6056),(AXM6063)"
210.0,AXM5433,1.5288335492470986,110.00033610553163,9144.0,"(AXM6063),(AXM6056)"
210.0,AXM6056,1.6720157000664204,110.68836281739246,9144.0,"(AXM6190),(AXM6354)"
210.0,AXM6057,2.909179480983781,112.75502271875871,9144.0,"(AXM6351),(AXM6355)"
210.0,AXM6063,1.6922454009043508,110.76170157972707,9144.0,"(AXM6354),(AXM6190)"
210.0,AXM6064,3.1544813613511327,113.00445802910806,9144.0,"(AXM6355),(AXM6351)"
210.0,AXM6190,1.4715442323692849,110.42011749919543,9144.0,"(AXM711),(AXM713)"
210.0,AXM6191,4.181540845422394,113.84004155441106,9144.0,"(AXM713),(AXM711)"
220.0,AXM5432,5.112643282270281,100.67061029425423,9144.0
220.0,AXM5433,1.5311687029273562,109.97830436404794,9144.0
220.0,AXM6056,1.6849964848634893,110.7059916880949,9144.0
220.0,AXM6057,2.896086605947834,112.73617925666072,9144.0
220.0,AXM6063,1.7066174248167703,110.78197287593368,9144.0
220.0,AXM6064,3.157129926614791,112.98892137633077,9144.0
220.0,AXM6190,1.4668079503044484,110.43657790424092,9144.0
220.0,AXM6191,4.171241856747956,113.82180649140295,9144.0
220.0,AXM6351,5.811121496716824,115.92569870800337,9144.0
220.0,AXM6354,1.4415964565632857,110.35780128674516,9144.0
220.0,AXM6355,5.807369106581513,116.00259322391223,9144.0
220.0,AXM6358,1.3891377561548315,110.56167350711334,9144.0
220.0,AXM6465,2.111974073196644,111.59675282592828,9144.0
220.0,AXM6468,1.5217035597115334,110.51453190212315,9144.0
220.0,AXM6469,2.0696647947305498,111.48576067909227,9144.0
220.0,AXM705,2.416242430061362,101.92122782257027,9144.0
220.0,AXM710,1.3834760129907964,103.94832507331301,9144.0
220.0,AXM711,2.6545608038722848,101.71706890122641,9144.0
220.0,AXM712,1.2743714448241026,104.09387604145371,9144.0
220.0,AXM713,2.64610367714016,101.73878305938797,9144.0
220.0,AXM5432,5.112643282270281,100.67061029425423,9144.0,"(AXM6056),(AXM6063)"
220.0,AXM5433,1.5311687029273562,109.97830436404794,9144.0,"(AXM6063),(AXM6056)"
220.0,AXM6056,1.6849964848634893,110.7059916880949,9144.0,"(AXM6190),(AXM6354)"
220.0,AXM6057,2.896086605947834,112.73617925666072,9144.0,"(AXM6351),(AXM6355)"
220.0,AXM6063,1.7066174248167703,110.78197287593368,9144.0,"(AXM6354),(AXM6190)"
220.0,AXM6064,3.157129926614791,112.98892137633077,9144.0,"(AXM6355),(AXM6351)"
220.0,AXM6190,1.4668079503044484,110.43657790424092,9144.0,"(AXM711),(AXM713)"
220.0,AXM6191,4.171241856747956,113.82180649140295,9144.0,"(AXM713),(AXM711)"
230.0,AXM5432,5.101145266886437,100.69007117785843,9144.0
230.0,AXM5433,1.5335783749847915,109.9562806292403,9144.0
230.0,AXM6056,1.6979965049559536,110.72360648469491,9144.0
230.0,AXM6057,2.881966052599572,112.71585801764948,9144.0
230.0,AXM6063,1.7212433814991401,110.80260497273262,9144.0
230.0,AXM6064,3.1556806907526918,112.97322690411693,9144.0
230.0,AXM6190,1.458293431480095,110.45143878473459,9144.0
230.0,AXM6191,4.1575860854721585,113.80594237564421,9144.0
230.0,AXM6351,5.7989755180244735,115.90968056132513,9144.0
230.0,AXM6354,1.4307565211043358,110.3538262401645,9144.0
230.0,AXM6355,5.804288562529098,115.98594442029304,9144.0
230.0,AXM6358,1.3969906461691948,110.58294315878251,9144.0
230.0,AXM6465,2.123281040292639,111.5741941276281,9144.0
230.0,AXM6468,1.52795431590965,110.53003360515254,9144.0
230.0,AXM6469,2.060840196072021,111.46191860662265,9144.0
230.0,AXM705,2.399017206280102,101.93342198012138,9144.0
230.0,AXM710,1.3801488487554228,103.93681467547911,9144.0
230.0,AXM711,2.6480592500233144,101.72661980974428,9144.0
230.0,AXM712,1.2972525058198314,104.09301869534873,9144.0
230.0,AXM713,2.6352726122244747,101.74607832042444,9144.0
230.0,AXM5432,5.101145266886437,100.69007117785843,9144.0,"(AXM6056),(AXM6063)"
230.0,AXM5433,1.5335783749847915,109.9562806292403,9144.0,"(AXM6063),(AXM6056)"
230.0,AXM6056,1.6979965049559536,110.72360648469491,9144.0,"(AXM6190),(AXM6354)"
230.0,AXM6057,2.881966052599572,112.71585801764948,9144.0,"(AXM6351),(AXM6355)"
230.0,AXM6063,1.7212433814991401,110.80260497273262,9144.0,"(AXM6354),(AXM6190)"
230.0,AXM6064,3.1556806907526918,112.97322690411693,9144.0,"(AXM6355),(AXM6351)"
230.0,AXM6190,1.458293431480095,110.45143878473459,9144.0,"(AXM711),(AXM713)"
230.0,AXM6191,4.1575860854721585,113.80594237564421,9144.0,"(AXM713),(AXM711)"
240.0,AXM5432,5.088958204714634,100.70910436131616,9144.0
240.0,AXM5433,1.536183354207057,109.93246821673755,9144.0
240.0,AXM6056,1.7111126221043156,110.741379212037,9144.0
240.0,AXM6057,2.865675647669316,112.69617144375052,9144.0
240.0,AXM6063,1.73566051642337,110.82338381488707,9144.0
240.0,AXM6064,3.150232056873162,112.9584403228443,9144.0
240.0,AXM6190,1.4464894681859732,110.46384702095813,9144.0
240.0,AXM6191,4.145567777094318,113.78855602282597,9144.0
240.0,AXM6351,5.7868767429780394,115.89362670742896,9144.0
240.0,AXM6354,1.4219827919140553,110.34631946164625,9144.0
240.0,AXM6355,5.805302498344086,115.96904078720978,9144.0
240.0,AXM6358,1.4053108376235672,110.60547951194741,9144.0
240.0,AXM6465,2.130778237795552,111.55009768554937,9144.0
240.0,AXM6468,1.5377922448277968,110.54354473088979,9144.0
240.0,AXM6469,2.0486173547011424,111.43962914965331,9144.0
240.0,AXM705,2.381775887138431,101.94559317691863,9144.0
240.0,AXM710,1.3731423241485754,103.92709637995088,9144.0
240.0,AXM711,2.644892881311441,101.73773432761485,9144.0
240.0,AXM712,1.3217881502692477,104.09021039622529,9144.0
240.0,AXM713,2.624243853193284,101.75333428330339,9144.0
240.0,AXM5432,5.088958204714634,100.70910436131616,9144.0,"(AXM6056),(AXM6063)"
240.0,AXM5433,1.536183354207057,109.93246821673755,9144.0,"(AXM6063),(AXM6056)"
240.0,AXM6056,1.7111126221043156,110.741379212037,9144.0,"(AXM6351),(AXM6355)"
240.0,AXM6057,2.865675647669316,112.69617144375052,9144.0,"(AXM6355),(AXM6351)"
240.0,AXM6063,1.73566051642337,110.82338381488707,9144.0,"(AXM711),(AXM713)"
240.0,AXM6064,3.150232056873162,112.9584403228443,9144.0,"(AXM713),(AXM711)"
250.0,AXM5432,5.075797611445398,100.72965551079051,9144.0
250.0,AXM5433,1.5388412298043561,109.90807841036546,9144.0
250.0,AXM6056,1.7241941315631573,110.75917757216838,9144.0
250.0,AXM6057,2.8486307330736556,112.67557433381941,9144.0
250.0,AXM6063,1.750398324163466,110.84462647870035,9144.0
250.0,AXM6064,3.140503980988628,112.94382788722437,9144.0
250.0,AXM6190,1.4320736895830095,110.47309031349589,9144.0
250.0,AXM6191,4.132685947180758,113.7713059907462,9144.0
250.0,AXM6351,5.774616435451398,115.87736014482242,9144.0
250.0,AXM6354,1.41529242757981,110.33527296365759,9144.0
250.0,AXM6355,5.8103507967153725,115.95288444384308,9144.0
250.0,AXM6358,1.4173483760026342,110.62626819634546,9144.0
250.0,AXM6465,2.1342667514753524,111.52510287491333,9144.0
250.0,AXM6468,1.5506244138868044,110.55425095637048,9144.0
250.0,AXM6469,2.036333834006635,111.41723007858207,9144.0
250.0,AXM705,2.363837253000441,101.95825617309904,9144.0
250.0,AXM710,1.3632742451144189,103.92030450638725,9144.0
250.0,AXM711,2.641233093092195,101.75058029214594,9144.0
250.0,AXM712,1.3464695608036659,104.09150680638257,9144.0
250.0,AXM713,2.611912060165828,101.76144732282708,9144.0
250.0,AXM5432,5.075797611445398,100.72965551079051,9144.0,"(AXM6351),(AXM6355)"
250.0,AXM5433,1.5388412298043561,109.90807841036546,9144.0,"(AXM6355),(AXM6351)"
250.0,AXM6056,1.7241941315631573,110.75917757216838,9144.0,"(AXM711),(AXM713)"
250.0,AXM6057,2.8486307330736556,112.67557433381941,9144.0,"(AXM713),(AXM711)"
260.0,AXM5432,5.062827506378006,100.7505522817855,9144.0
260.0,AXM5433,1.5415534258676031,109.88318569681287,9144.0
260.0,AXM6056,1.7376602899138838,110.77749990997904,9144.0
260.0,AXM6057,2.8300502184279686,112.65635488550669,9144.0
260.0,AXM6063,1.7652917161154176,110.86576041916933,9144.0
260.0,AXM6064,3.1275739256445734,112.93176364410512,9144.0
260.0,AXM6190,1.4158736611011724,110.47863807285252,9144.0
260.0,AXM6191,4.119685758810925,113.75389868535966,9144.0
260.0,AXM6351,5.762305086869968,115.86113292578995,9144.0
260.0,AXM6354,1.4046611028082028,110.32555129521181,9144.0
260.0,AXM6355,5.819134138771626,115.93843324251817,9144.0
260.0,AXM6358,1.43115947969044,110.64607838139602,9144.0
260.0,AXM6465,2.133654024745089,111.49987291800639,9144.0
260.0,AXM6468,1.565677427470604,110.56150698700826,9144.0
260.0,AXM6469,2.0240499026736587,111.39483140322174,9144.0
260.0,AXM705,2.345920517890685,101.97095002451401,9144.0
260.0,AXM710,1.3516964200236437,103.9172317812647,9144.0
260.0,AXM711,2.6370798040379455,101.76515766418125,9144.0
260.0,AXM712,1.372414482801847,104.0969724704364,9144.0
260.0,AXM713,2.5996703883777683,101.76969591584597,9144.0
260.0,AXM5432,5.062827506378006,100.7505522817855,9144.0,"(AXM6351),(AXM6355)"
260.0,AXM5433,1.5415534258676031,109.88318569681287,9144.0,"(AXM6355),(AXM6351)"
260.0,AXM6056,1.7376602899138838,110.77749990997904,9144.0,"(AXM711),(AXM713)"
260.0,AXM6057,2.8300502184279686,112.65635488550669,9144.0,"(AXM713),(AXM711)"
270.0,AXM5432,5.0494227131475595,100.77214676261077,9144.0
270.0,AXM5433,1.5444592155832393,109.85831482059181,9144.0
270.0,AXM6056,1.7511791520099205,110.79578349131778,9144.0
270.0,AXM6057,2.8112549032679426,112.63691434354205,9144.0
270.0,AXM6063,1.7808276450028497,110.88780741376446,9144.0
270.0,AXM6064,3.1122143077614646,112.92301110234001,9144.0
270.0,AXM6190,1.3988193764581314,110.48017187300769,9144.0
270.0,AXM6191,4.10668501860384,113.73649207828099,9144.0
270.0,AXM6351,5.749471271040905,115.84421856598806,9144.0
270.0,AXM6354,1.3903402910902418,110.31796985609702,9144.0
270.0,AXM6355,5.831131751009099,115.92654400826223,9144.0
270.0,AXM6358,1.4479836713417777,110.66340129698654,9144.0
270.0,AXM6465,2.128956314354797,111.47507727698579,9144.0
270.0,AXM6468,1.5820440395274329,110.56487545131651,9144.0
270.0,AXM6469,2.0117651081706773,111.37243337106166,9144.0
270.0,AXM705,2.3268929276264663,101.98443041540182,9144.0
270.0,AXM710,1.3399081595544418,103.91827405466825,9144.0
270.0,AXM711,2.6286533430789247,101.77987015384812,9144.0
270.0,AXM712,1.3984109905869178,104.10285690701409,9144.0
270.0,AXM713,2.5857869780940987,101.77872329282519,9144.0
270.0,AXM5432,5.0494227131475595,100.77214676261077,9144.0,"(AXM711),(AXM713)"
270.0,AXM5433,1.5444592155832393,109.85831482059181,9144.0,"(AXM713),(AXM711)"
280.0,AXM5432,5.0359374841408595,100.79369026552433,9144.0
280.0,AXM5433,1.547268957703367,109.83426175311638,9144.0
280.0,AXM6056,1.7657674314759366,110.81551409209823,9144.0
280.0,AXM6057,2.7924589249082126,112.61747475644005,9144.0
280.0,AXM6063,1.7963138039971909,110.90988961610617,9144.0
280.0,AXM6064,3.0952531942038366,112.91804203195647,9144.0
280.0,AXM6190,1.3818898695855342,110.47760372220704,9144.0
280.0,AXM6191,4.093840441672511,113.71896960708793,9144.0
280.0,AXM6351,5.736636843101709,115.82730505639245,9144.0
280.0,AXM6354,1.3744283793367076,110.31415160930523,9144.0
280.0,AXM6355,5.845632282495368,115.91792175175603,9144.0
280.0,AXM6358,1.464984885578198,110.68090700110062,9144.0
280.0,AXM6465,2.120298259070472,111.45137388102053,9144.0
280.0,AXM6468,1.5987378333450075,110.56415326895322,9144.0
280.0,AXM6469,1.9990728704368959,111.35026413695692,9144.0
280.0,AXM705,2.3082939712676462,101.99849705617476,9144.0
280.0,AXM710,1.3291794206976943,103.92326969434092,9144.0
280.0,AXM711,2.6160166488736087,101.79372290885509,9144.0
280.0,AXM712,1.4255499857001712,104.10479825862903,9144.0
280.0,AXM713,2.5703949699468094,101.78873096013443,9144.0
280.0,AXM5432,5.0359374841408595,100.79369026552433,9144.0,"(AXM711),(AXM713)"
280.0,AXM5433,1.547268957703367,109.83426175311638,9144.0,"(AXM713),(AXM711)"
290.0,AXM5432,5.022284524636488,100.8154989882951,9144.0
290.0,AXM5433,1.554103359838522,109.8110300760573,9144.0
290.0,AXM6056,1.7804465303560388,110.83548632780436,9144.0
290.0,AXM6057,2.773915834475461,112.59779353639013,9144.0
290.0,AXM6063,1.812222054118243,110.93257507247796,9144.0
290.0,AXM6064,3.077604991581904,112.91712419995322,9144.0
290.0,AXM6190,1.3646711879069566,110.47086522096377,9144.0
290.0,AXM6191,4.079930174572812,113.69999482023725,9144.0
290.0,AXM6351,5.723801509154786,115.81039262146253,9144.0
290.0,AXM6354,1.3580670827640327,110.31441154952152,9144.0
290.0,AXM6355,5.8611600838709546,115.91343995184081,9144.0
290.0,AXM6358,1.4812861345452062,110.69906685562019,9144.0
290.0,AXM6465,2.1079095727818413,111.42939166059568,9144.0
290.0,AXM6468,1.614396509636275,110.55940107600053,9144.0
290.0,AXM6469,1.9863799619436056,111.32809545822965,9144.0
290.0,AXM705,2.2909965037416993,102.01671504875203,9144.0
290.0,AXM710,1.3207928609692432,103.93162143070289,9144.0
290.0,AXM711,2.606122887870186,101.80991742597205,9144.0
290.0,AXM712,1.4528574333903477,104.10264281005514,9144.0
290.0,AXM713,2.554732759639036,101.79943280024813,9144.0
290.0,AXM5432,5.022284524636488,100.8154989882951,9144.0,"(AXM711),(AXM713)"
290.0,AXM5433,1.554103359838522,109.8110300760573,9144.0,"(AXM713),(AXM711)"
300.0,AXM5432,5.0086126423329125,100.83729530530339,9144.0
300.0,AXM5433,1.5649298994568062,109.78873348657781,9144.0
300.0,AXM6056,1.7955726337933495,110.85606754880418,9144.0
300.0,AXM6057,2.7552457478540395,112.57797872700114,9144.0
300.0,AXM6063,1.828116725730895,110.955270254364,9144.0
300.0,AXM6064,3.060221148813279,112.92030695413625,9144.0
300.0,AXM6190,1.3446761938473317,110.4674273722184,9144.0
300.0,AXM6191,4.0658713569994225,113.68094993623845,9144.0
300.0,AXM6351,5.710854276335208,115.79356693811754,9144.0
300.0,AXM6354,1.3422844225056583,110.31873328998982,9144.0
300.0,AXM6355,5.876292950595659,115.90481068443758,9144.0
300.0,AXM6358,1.4980097477632688,110.71769781725132,9144.0
300.0,AXM6465,2.0921503351758433,111.40976935673922,9144.0
300.0,AXM6468,1.6325043813359943,110.55816818349751,9144.0
300.0,AXM6469,1.973964349833593,111.30577027681235,9144.0
300.0,AXM705,2.2766475937511004,102.03777644361445,9144.0
300.0,AXM710,1.3157511223395364,103.94233078026343,9144.0
300.0,AXM711,2.597157334144176,101.82725395012568,9144.0
300.0,AXM712,1.4795354121424684,104.09642582620145,9144.0
300.0,AXM713,2.5387921128472546,101.81032438436473,9144.0
300.0,AXM5432,5.0086126423329125,100.83729530530339,9144.0,"(AXM711),(AXM713)"
300.0,AXM5433,1.5649298994568062,109.78873348657781,9144.0,"(AXM713),(AXM711)"
310.0,AXM5432,4.994673899623881,100.85951431423305,9144.0
310.0,AXM5433,1.5719254312500976,109.76495389157398,9144.0
310.0,AXM6056,1.810749785135479,110.87661128894308,9144.0
310.0,AXM6057,2.736852333716757,112.55790654565143,9144.0
310.0,AXM6063,1.8439757878511573,110.97791598604826,9144.0
310.0,AXM6064,3.0440388626618735,112.92741858401119,9144.0
310.0,AXM6190,1.322592142912078,110.46778024343837,9144.0
310.0,AXM6191,4.050741949026742,113.66045646793678,9144.0
310.0,AXM6351,5.697544613481652,115.7762724029392,9144.0
310.0,AXM6354,1.328072062529991,110.32684523974943,9144.0
310.0,AXM6355,5.890595006806697,115.89193806642497,9144.0
310.0,AXM6358,1.5149976446341702,110.73608810032748,9144.0
310.0,AXM6465,2.073369865052458,111.39292568965469,9144.0
310.0,AXM6468,1.651944075119208,110.56093826742816,9144.0
310.0,AXM6469,1.9615783937871254,111.28350050485012,9144.0
310.0,AXM705,2.2658684273573813,102.06087226483882,9144.0
310.0,AXM710,1.3073645626110852,103.95068247172514,9144.0
310.0,AXM711,2.588068200722028,101.84482847607099,9144.0
310.0,AXM712,1.5049837224923102,104.08628708475163,9144.0
310.0,AXM713,2.5228423815437853,101.82120250067585,9144.0
310.0,AXM5432,4.994673899623881,100.85951431423305,9144.0,"(AXM711),(AXM713)"
310.0,AXM5433,1.5719254312500976,109.76495389157398,9144.0,"(AXM713),(AXM711)"
320.0,AXM5432,4.980756494519856,100.88174632550137,9144.0
320.0,AXM5433,1.5779215407515108,109.74064238019254,9144.0
320.0,AXM6056,1.8260381902989526,110.89730647608975,9144.0
320.0,AXM6057,2.7182512599029325,112.53760899844636,9144.0
320.0,AXM6063,1.8598080510428991,111.00058068362536,9144.0
320.0,AXM6064,3.029930551638121,112.938075596489,9144.0
320.0,AXM6190,1.30003683409209,110.47223284173253,9144.0
320.0,AXM6191,4.03545331947772,113.63987670156982,9144.0
320.0,AXM6351,5.684351332679546,115.75888843770076,9144.0
320.0,AXM6354,1.3163230009161357,110.33823767579976,9144.0
320.0,AXM6355,5.902839336438428,115.87540505757288,9144.0
320.0,AXM6358,1.5322413379566078,110.75475590881354,9144.0
320.0,AXM6465,2.0521058436893704,111.37935655908892,9144.0
320.0,AXM6468,1.6703832755133174,110.56769129047471,9144.0
320.0,AXM6469,1.9490914608889238,111.26128742607952,9144.0
320.0,AXM705,2.258332623835024,102.08548412111021,9144.0
320.0,AXM710,1.295714604696426,103.95657483432562,9144.0
320.0,AXM711,2.5784916221710388,101.86214154459059,9144.0
320.0,AXM712,1.5287448205760588,104.07240864570609,9144.0
320.0,AXM713,2.5088183975759275,101.8357138590992,9144.0
320.0,AXM5432,4.980756494519856,100.88174632550137,9144.0,"(AXM711),(AXM713)"
320.0,AXM5433,1.5779215407515108,109.74064238019254,9144.0,"(AXM713),(AXM711)"
330.0,AXM5432,4.966771933397864,100.90408282651786,9144.0
330.0,AXM5433,1.583947398373561,109.71620837883715,9144.0
330.0,AXM6056,1.8408521874911077,110.9183443807372,9144.0
330.0,AXM6057,2.699979534906018,112.51701412022562,9144.0
330.0,AXM6063,1.8757446248162029,111.0233961461263,9144.0
330.0,AXM6064,3.018656822220791,112.95170340254236,9144.0
330.0,AXM6190,1.2786334644209003,110.48062856968545,9144.0
330.0,AXM6191,4.020271005498167,113.61921837354534,9144.0
330.0,AXM6351,5.6706044204747394,115.7407770588792,9144.0
330.0,AXM6354,1.3077754605539165,110.35219477363033,9144.0
330.0,AXM6355,5.911561620741977,115.85675067260802,9144.0
330.0,AXM6358,1.549405820633621,110.77349677800485,9144.0
330.0,AXM6465,2.028922444090579,111.36942189673049,9144.0
330.0,AXM6468,1.6870161055595705,110.57813217777753,9144.0
330.0,AXM6469,1.936603715889491,111.23907496860053,9144.0
330.0,AXM705,2.2469776076124197,102.10858119645442,9144.0
330.0,AXM710,1.2813530662267287,103.95928967532487,9144.0
330.0,AXM711,2.568527447504774,101.8801544665531,9144.0
330.0,AXM712,1.5501750979852937,104.05514524287587,9144.0
330.0,AXM713,2.496406210274639,101.85162820045305,9144.0
330.0,AXM5432,4.966771933397864,100.90408282651786,9144.0,"(AXM711),(AXM713)"
330.0,AXM5433,1.583947398373561,109.71620837883715,9144.0,"(AXM713),(AXM711)"
340.0,AXM5432,4.952851511650511,100.92645918656073,9144.0
340.0,AXM5433,1.5914045555311707,109.69217274692643,9144.0
340.0,AXM6056,1.8559529173635372,110.93979051899615,9144.0
340.0,AXM6057,2.6817887442204125,112.49651155820482,9144.0
340.0,AXM6063,1.8916446692710682,111.04623731662225,9144.0
340.0,AXM6064,3.003567921288786,112.96353680381351,9144.0
340.0,AXM6190,1.2590650770667176,110.49269944156148,9144.0
340.0,AXM6191,4.004828690694703,113.59820829266602,9144.0
340.0,AXM6351,5.656820560248362,115.72269449260196,9144.0
340.0,AXM6354,1.3029665047556613,110.36783958292443,9144.0
340.0,AXM6355,5.916412111638718,115.83672300395614,9144.0
340.0,AXM6358,1.566654757488849,110.79233050045568,9144.0
340.0,AXM6465,2.004434763841401,111.36338518240085,9144.0
340.0,AXM6468,1.701115634902712,110.59180465710882,9144.0
340.0,AXM6469,1.9240485728906962,111.21690074405468,9144.0
340.0,AXM705,2.232037046553477,102.12968778501973,9144.0
340.0,AXM710,1.266802643070643,103.95790888529164,9144.0
340.0,AXM711,2.5585628137170184,101.89816699376888,9144.0
340.0,AXM712,1.569036946066502,104.03468781229958,9144.0
340.0,AXM713,2.484707510067397,101.86807499230349,9144.0
340.0,AXM5432,4.952851511650511,100.92645918656073,9144.0,"(AXM711),(AXM713)"
340.0,AXM5433,1.5914045555311707,109.69217274692643,9144.0,"(AXM713),(AXM711)"
350.0,AXM5432,4.938897184826645,100.94888726993581,9144.0
350.0,AXM5433,1.5989729682966447,109.66777700315264,9144.0
350.0,AXM6056,1.8675200516146766,110.96333359684307,9144.0
350.0,AXM6057,2.6635975381315076,112.47600966942741,9144.0
350.0,AXM6063,1.9074743636204512,111.0689789405932,9144.0
350.0,AXM6064,2.9853914337009573,112.97259635351097,9144.0
350.0,AXM6190,1.24195615562724,110.50806020445934,9144.0
350.0,AXM6191,3.9893210912196593,113.57724698497915,9144.0
350.0,AXM6351,5.641942184615945,115.70317815380336,9144.0
350.0,AXM6354,1.3021982922267292,110.38418912294331,9144.0
350.0,AXM6355,5.917196313075498,115.81612525985977,9144.0
350.0,AXM6358,1.583945307890466,110.81112615366138,9144.0
350.0,AXM6465,1.9792925054553565,111.36140646175484,9144.0
350.0,AXM6468,1.7120656499551656,110.60811119577114,9144.0
350.0,AXM6469,1.9114926012807596,111.19472715192728,9144.0
350.0,AXM705,2.2191935004154972,102.15213397623629,9144.0
350.0,AXM710,1.2532077462616806,103.95254110863101,9144.0
350.0,AXM711,2.545222867048782,101.91383954057152,9144.0
350.0,AXM712,1.584681090190746,104.01167416848449,9144.0
350.0,AXM713,2.472432048202944,101.88533182918019,9144.0
350.0,AXM5432,4.938897184826645,100.94888726993581,9144.0,"(AXM711),(AXM713)"
350.0,AXM5433,1.5989729682966447,109.66777700315264,9144.0,"(AXM713),(AXM711)"
360.0,AXM5432,4.9249116425701915,100.97129528419822,9144.0
360.0,AXM5433,1.60653875858421,109.64338035517486,9144.0
360.0,AXM6056,1.8765200127954245,110.98843540409925,9144.0
360.0,AXM6057,2.6454057179677846,112.45550862850008,9144.0
360.0,AXM6063,1.9234378072458331,111.09162698673315,9144.0
360.0,AXM6064,2.965766509744201,112.97780908930358,9144.0
360.0,AXM6190,1.227852695059532,110.52622063451439,9144.0
360.0,AXM6191,3.9734431364477487,113.55578710996151,9144.0
360.0,AXM6351,5.626871345756611,115.68341439698511,9144.0
360.0,AXM6354,1.305519091679273,110.40021613715928,9144.0
360.0,AXM6355,5.913882779970245,115.7957835235029,9144.0
360.0,AXM6358,1.6015317740514878,110.8302441432786,9144.0
360.0,AXM6465,1.954162738589627,111.36353810960227,9144.0
360.0,AXM6468,1.7200293016554546,110.62730045409143,9144.0
360.0,AXM6469,1.899045901480325,111.17249213061929,9144.0
360.0,AXM705,2.206194648176305,102.17485016732552,9144.0
360.0,AXM710,1.239519931184741,103.9434793868265,9144.0
360.0,AXM711,2.5308392869917498,101.92919983555907,9144.0
360.0,AXM712,1.5967662921414887,103.98660630394224,9144.0
360.0,AXM713,2.4600876520905635,101.90253917087128,9144.0
360.0,AXM5432,4.9249116425701915,100.97129528419822,9144.0,"(AXM711),(AXM713)"
360.0,AXM5433,1.60653875858421,109.64338035517486,9144.0,"(AXM713),(AXM711)"
370.0,AXM5432,4.910793496006765,100.99391294262533,9144.0
370.0,AXM5433,1.6141199961191717,109.61898841603599,9144.0
370.0,AXM6056,1.885561070770665,111.0136539112321,9144.0
370.0,AXM6057,2.6268731601189628,112.43531604467944,9144.0
370.0,AXM6063,1.9391890258788864,111.11397550435379,9144.0
370.0,AXM6064,2.9454955507687655,112.97896201907429,9144.0
370.0,AXM6190,1.2172047774084709,110.54660118077999,9144.0
370.0,AXM6191,3.9575685830182676,113.53432511881539,9144.0
370.0,AXM6351,5.611790448818972,115.66365890013108,9144.0
370.0,AXM6354,1.3127202489884824,110.41491362888026,9144.0
370.0,AXM6355,5.906604379103805,115.77651359229782,9144.0
370.0,AXM6358,1.620294910900769,110.84820795476377,9144.0
370.0,AXM6465,1.9297122014787333,111.36972345016532,9144.0
370.0,AXM6468,1.7247621876339785,110.6493753478643,9144.0
370.0,AXM6469,1.8865986505194074,111.1502575778218,9144.0
370.0,AXM705,2.1937529404731775,102.1978764913198,9144.0
370.0,AXM710,1.2226382644628555,103.93719342777119,9144.0
370.0,AXM711,2.5165457818304975,101.94446326499894,9144.0
370.0,AXM712,1.6050289432017937,103.96003103967972,9144.0
370.0,AXM713,2.4478583763634414,101.91958523276169,9144.0
370.0,AXM5432,4.910793496006765,100.99391294262533,9144.0,"(AXM711),(AXM713)"
370.0,AXM5433,1.6141199961191717,109.61898841603599,9144.0,"(AXM713),(AXM711)"
380.0,AXM5432,4.89659593299128,101.0164799868402,9144.0
380.0,AXM5433,1.6218662571487994,109.59405904127526,9144.0
380.0,AXM6056,1.8948637517998432,111.03877711802889,9144.0
380.0,AXM6057,2.6078448549556628,112.4145844715935,9144.0
380.0,AXM6063,1.954790507448872,111.13642913694548,9144.0
380.0,AXM6064,2.92540737246273,112.97600815148068,9144.0
380.0,AXM6190,1.210352208392452,110.56855145772846,9144.0
380.0,AXM6191,3.941472930796831,113.51256606547472,9144.0
380.0,AXM6351,5.596783245402372,115.64400730483821,9144.0
380.0,AXM6354,1.3233492974524539,110.4273581250716,9144.0
380.0,AXM6355,5.895652961398471,115.75908823295181,9144.0
380.0,AXM6358,1.6409164438837862,110.86470828749029,9144.0
380.0,AXM6465,1.9065896111614566,111.37979826982942,9144.0
380.0,AXM6468,1.7254936916496895,110.67229988515636,9144.0
380.0,AXM6469,1.874003782313379,111.12810655986155,9144.0
380.0,AXM705,2.181104187625413,102.2212844911143,9144.0
380.0,AXM710,1.2044448706171427,103.93477166602271,9144.0
380.0,AXM711,2.5029762942255833,101.96037487349855,9144.0
380.0,AXM712,1.6092888141249027,103.93252809285904,9144.0
380.0,AXM713,2.4355826464817936,101.9365976546314,9144.0
380.0,AXM5432,4.89659593299128,101.0164799868402,9144.0,"(AXM6063),(AXM6469)"
380.0,AXM5433,1.6218662571487994,109.59405904127526,9144.0,"(AXM6469),(AXM6063)"
380.0,AXM6056,1.8948637517998432,111.03877711802889,9144.0,"(AXM711),(AXM713)"
380.0,AXM6057,2.6078448549556628,112.4145844715935,9144.0,"(AXM713),(AXM711)"
390.0,AXM5432,4.882101049273232,101.03951679541171,9144.0
390.0,AXM5433,1.6294302468633959,109.56907362031305,9144.0
390.0,AXM6056,1.904058397548434,111.06361059407124,9144.0
390.0,AXM6057,2.5891023947674086,112.39359390176769,9144.0
390.0,AXM6063,1.9704612532163974,111.15898414470698,9144.0
390.0,AXM6064,2.906323317188099,112.96906839933358,9144.0
390.0,AXM6190,1.2075136732242704,110.59137099659286,9144.0
390.0,AXM6191,3.9253763102622985,113.49080815215572,9144.0
390.0,AXM6351,5.581753436024069,115.62437366356514,9144.0
390.0,AXM6354,1.3374338371453847,110.4375742881269,9144.0
390.0,AXM6355,5.881467659215374,115.74420617068928,9144.0
390.0,AXM6358,1.6617312006432678,110.88136372393602,9144.0
390.0,AXM6465,1.8854668461406903,111.39346963964043,9144.0
390.0,AXM6468,1.72212503881851,110.69498710738192,9144.0
390.0,AXM6469,1.8620642724458396,111.10710992235983,9144.0
390.0,AXM705,2.16833743776024,102.2446280540171,9144.0
390.0,AXM710,1.1861682931589577,103.93645388103106,9144.0
390.0,AXM711,2.4892779433974526,101.97643685095689,9144.0
390.0,AXM712,1.6094810714513956,103.90451482970258,9144.0
390.0,AXM713,2.423345290714457,101.95355609512157,9144.0
390.0,AXM5432,4.882101049273232,101.03951679541171,9144.0,"(AXM6063),(AXM6469)"
390.0,AXM5433,1.6294302468633959,109.56907362031305,9144.0,"(AXM6469),(AXM6063)"
390.0,AXM6056,1.904058397548434,111.06361059407124,9144.0,"(AXM711),(AXM713)"
390.0,AXM6057,2.5891023947674086,112.39359390176769,9144.0,"(AXM713),(AXM711)"
400.0,AXM5432,4.867661426188056,101.06258803879541,9144.0
400.0,AXM5433,1.6371365386920136,109.5436123957322,9144.0
400.0,AXM6056,1.9123076005458257,111.0887744171977,9144.0
400.0,AXM6057,2.5699561551152943,112.37215227222396,9144.0
400.0,AXM6063,1.9862565501696592,111.18145221577471,9144.0
400.0,AXM6064,2.8873030031430336,112.95779628061125,9144.0
400.0,AXM6190,1.208779757736163,110.61433159381599,9144.0
400.0,AXM6191,3.9093324883220144,113.46901151176799,9144.0
400.0,AXM6351,5.5660696700079715,115.60389055340765,9144.0
400.0,AXM6354,1.3535185352232162,110.4442071172499,9144.0
400.0,AXM6355,5.864617277928264,115.73246405999923,9144.0
400.0,AXM6358,1.682545726938519,110.89801962527496,9144.0
400.0,AXM6465,1.8624019229505464,111.40351907796264,9144.0
400.0,AXM6468,1.7228185230726105,110.71817098085128,9144.0
400.0,AXM6469,1.8503638041454267,111.0859791441842,9144.0
400.0,AXM705,2.1554515086240684,102.26818801145838,9144.0
400.0,AXM710,1.1683765353180657,103.94218897643454,9144.0
400.0,AXM711,2.4753999595479153,101.99234341638599,9144.0
400.0,AXM712,1.6070633084732064,103.87611830092264,9144.0
400.0,AXM713,2.411200507680152,101.97058092054012,9144.0
400.0,AXM5432,4.867661426188056,101.06258803879541,9144.0,"(AXM6056),(AXM6469)"
400.0,AXM5433,1.6371365386920136,109.5436123957322,9144.0,"(AXM6469),(AXM6056)"
400.0,AXM6056,1.9123076005458257,111.0887744171977,9144.0,"(AXM711),(AXM713)"
400.0,AXM6057,2.5699561551152943,112.37215227222396,9144.0,"(AXM713),(AXM711)"
410.0,AXM5432,4.852960033612159,101.0860747381078,9144.0
410.0,AXM5433,1.6451777602546032,109.51825494102341,9144.0
410.0,AXM6056,1.9205368421705862,111.11387965218434,9144.0
410.0,AXM6057,2.5508094186450094,112.35071140761418,9144.0
410.0,AXM6063,2.0021567739250377,111.20407113233276,9144.0
410.0,AXM6064,2.8696926272299925,112.94259992291832,9144.0
410.0,AXM6190,1.2141100575250146,110.63670054398617,9144.0
410.0,AXM6191,3.89303260262375,113.44686940541695,9144.0
410.0,AXM6351,5.550484658152043,115.58333203513989,9144.0
410.0,AXM6354,1.3705781123304133,110.44683442859684,9144.0
410.0,AXM6355,5.845777487840262,115.72433256261968,9144.0
410.0,AXM6358,1.7041197494191453,110.91367857761814,9144.0
410.0,AXM6465,1.8378929662960801,111.40972944718625,9144.0
410.0,AXM6468,1.726955652840641,110.74216269931209,9144.0
410.0,AXM6469,1.8391271313496436,111.06569002729277,9144.0
410.0,AXM705,2.1425890856890937,102.29176062980905,9144.0
410.0,AXM710,1.1522649550445385,103.95166935710466,9144.0
410.0,AXM711,2.461132606456176,102.0086955116958,9144.0
410.0,AXM712,1.6086827374311645,103.84682078143196,9144.0
410.0,AXM713,2.3989403446248705,101.98776670357363,9144.0
410.0,AXM5432,4.852960033612159,101.0860747381078,9144.0,"(AXM6056),(AXM6469)"
410.0,AXM5433,1.6451777602546032,109.51825494102341,9144.0,"(AXM6469),(AXM6056)"
410.0,AXM6056,1.9205368421705862,111.11387965218434,9144.0,"(AXM711),(AXM713)"
410.0,AXM6057,2.5508094186450094,112.35071140761418,9144.0,"(AXM713),(AXM711)"
420.0,AXM5432,4.83825674536177,101.10955973125391,9144.0
420.0,AXM5433,1.6534596921296187,109.49213373596935,9144.0
420.0,AXM6056,1.92899585139668,111.13890844178898,9144.0
420.0,AXM6057,2.5315866725796092,112.3293391163164,9144.0
420.0,AXM6063,2.0179236729008276,111.22678351930882,9144.0
420.0,AXM6064,2.8550279062260677,112.92453805349551,9144.0
420.0,AXM6190,1.2233344673732256,110.65776401645248,9144.0
420.0,AXM6191,3.8766870588291065,113.42476156732101,9144.0
420.0,AXM6351,5.534595754158455,115.5623769924213,9144.0
420.0,AXM6354,1.386814401427728,110.45345911113483,9144.0
420.0,AXM6355,5.825703731007102,115.72013749140883,9144.0
420.0,AXM6358,1.7259931231682997,110.9295554041429,9144.0
420.0,AXM6465,1.8127023127622794,111.41188666794937,9144.0
420.0,AXM6468,1.7350672386418626,110.7651165841279,9144.0
420.0,AXM6469,1.8276169475781652,111.04555510438053,9144.0
420.0,AXM705,2.129844520448221,102.31511574049374,9144.0
420.0,AXM710,1.1386102448433497,103.96443797323656,9144.0
420.0,AXM711,2.4469238783317784,102.02509849298598,9144.0
420.0,AXM712,1.6144095090712594,103.81749532169083,9144.0
420.0,AXM713,2.3866113039113963,102.00490290030352,9144.0
420.0,AXM5432,4.83825674536177,101.10955973125391,9144.0,"(AXM711),(AXM713)"
420.0,AXM5433,1.6534596921296187,109.49213373596935,9144.0,"(AXM713),(AXM711)"
430.0,AXM5432,4.823521363411208,101.13302394663465,9144.0
430.0,AXM5433,1.6613710677714175,109.46589772284224,9144.0
430.0,AXM6056,1.937592892262154,111.16434786564693,9144.0
430.0,AXM6057,2.512041523448501,112.30760967942443,9144.0
430.0,AXM6063,2.033585176989122,111.24934582168426,9144.0
430.0,AXM6064,2.843766540473196,112.90417440576495,9144.0
430.0,AXM6190,1.2361586097961117,110.67684983023231,9144.0
430.0,AXM6191,3.8600861919774605,113.40231045963388,9144.0
430.0,AXM6351,5.5185638423661425,115.5415327485747,9144.0
430.0,AXM6354,1.4010020704065902,110.46364983514928,9144.0
430.0,AXM6355,5.803406809643871,115.71967621450936,9144.0
430.0,AXM6358,1.7471279281954444,110.94640394438359,9144.0
430.0,AXM6465,1.7874950045108606,111.40993390287561,9144.0
430.0,AXM6468,1.7470727354852102,110.78680266847455,9144.0
430.0,AXM6469,1.8166474263206316,111.02593185902718,9144.0
430.0,AXM705,2.117150568737469,102.33849824519461,9144.0
430.0,AXM710,1.1280706586468139,103.97987927590177,9144.0
430.0,AXM711,2.4325434648218276,102.04169889705716,9144.0
430.0,AXM712,1.6241055598880272,103.78923361411934,9144.0
430.0,AXM713,2.374128046258878,102.02225263863716,9144.0
430.0,AXM5432,4.823521363411208,101.13302394663465,9144.0,"(AXM711),(AXM713)"
430.0,AXM5433,1.6613710677714175,109.46589772284224,9144.0,"(AXM713),(AXM711)"
440.0,AXM5432,4.80868665913461,101.15664202173498,9144.0
440.0,AXM5433,1.6693873849366747,109.43930992578149,9144.0
440.0,AXM6056,1.9458618195594888,111.18989607419292,9144.0
440.0,AXM6057,2.492291584557186,112.28606689116658,9144.0
440.0,AXM6063,2.0493769853867234,111.27181721997208,9144.0
440.0,AXM6064,2.8362600082541474,112.88214451565581,9144.0
440.0,AXM6190,1.2523926972597095,110.69367424700252,9144.0
440.0,AXM6191,3.8434262780069424,113.37990377125516,9144.0
440.0,AXM6351,5.502302706996869,115.5203947427762,9144.0
440.0,AXM6354,1.4128197785848502,110.47715857604067,9144.0
440.0,AXM6355,5.780835101280703,115.7233214276525,9144.0
440.0,AXM6358,1.7686464419787395,110.96355905057177,9144.0
440.0,AXM6465,1.7633181859100173,111.4039529352563,9144.0
440.0,AXM6468,1.761084410332465,110.80724891210625,9144.0
440.0,AXM6469,1.8059956826968664,111.00687792555208,9144.0
440.0,AXM705,2.1042792689318497,102.36220590352585,9144.0
440.0,AXM710,1.1211542793037517,103.99724889003828,9144.0
440.0,AXM711,2.418110598898095,102.05825345877977,9144.0
440.0,AXM712,1.6375873571230812,103.76257057520596,9144.0
440.0,AXM713,2.36162058107577,102.03958474737567,9144.0
440.0,AXM5432,4.80868665913461,101.15664202173498,9144.0,"(AXM711),(AXM713)"
440.0,AXM5433,1.6693873849366747,109.43930992578149,9144.0,"(AXM713),(AXM711)"
450.0,AXM5432,4.793937724724202,101.18031362035786,9144.0
450.0,AXM5433,1.6777638649254798,109.41283337294254,9144.0
450.0,AXM6056,1.9542438562139737,111.21579613446268,9144.0
450.0,AXM6057,2.472379261943473,112.26434816238104,9144.0
450.0,AXM6063,2.065097567608699,111.2941890419862,9144.0
450.0,AXM6064,2.8327425958102017,112.85913589525548,9144.0
450.0,AXM6190,1.2713200839999528,110.70739715143401,9144.0
450.0,AXM6191,3.826475201556939,113.35710756744574,9144.0
450.0,AXM6351,5.486196656240032,115.49913781249346,9144.0
450.0,AXM6354,1.4212606773874286,110.49299962952925,9144.0
450.0,AXM6355,5.75895310019309,115.73101959725629,9144.0
450.0,AXM6358,1.7903217734833075,110.98051559526759,9144.0
450.0,AXM6465,1.7404529210423938,111.39407739542034,9144.0
450.0,AXM6468,1.7740053257337554,110.82840215901955,9144.0
450.0,AXM6469,1.7952529699810642,110.98787529534631,9144.0
450.0,AXM705,2.0913856963105224,102.38590124433235,9144.0
450.0,AXM710,1.1181945253805676,104.01570949493423,9144.0
450.0,AXM711,2.403677431991876,102.07480758204852,9144.0
450.0,AXM712,1.6547352563099733,103.73774336570213,9144.0
450.0,AXM713,2.3488440240400186,102.0572889132684,9144.0
450.0,AXM5432,4.793937724724202,101.18031362035786,9144.0,"(AXM6358),(AXM6469)"
450.0,AXM5433,1.6777638649254798,109.41283337294254,9144.0,"(AXM6469),(AXM6358)"
450.0,AXM6056,1.9542438562139737,111.21579613446268,9144.0,"(AXM711),(AXM713)"
450.0,AXM6057,2.472379261943473,112.26434816238104,9144.0,"(AXM713),(AXM711)"
460.0,AXM5432,4.778929341415692,101.2043974698708,9144.0
460.0,AXM5433,1.686450501433047,109.38537320227644,9144.0
460.0,AXM6056,1.9631292106090668,111.24152780837362,9144.0
460.0,AXM6057,2.4544894505024364,112.24093264986286,9144.0
460.0,AXM6063,2.0807163472190764,111.31663236921241,9144.0
460.0,AXM6064,2.8333240850375088,112.83586658755164,9144.0
460.0,AXM6190,1.2923564922456985,110.7175948865486,9144.0
460.0,AXM6191,3.809518626504021,113.33431592182536,9144.0
460.0,AXM6351,5.469939273230668,115.47768524093449,9144.0
460.0,AXM6354,1.4258833968647415,110.51034466119984,9144.0
460.0,AXM6355,5.736520906566137,115.73946090825221,9144.0
460.0,AXM6358,1.8118592543799525,110.99823020124778,9144.0
460.0,AXM6465,1.7195212727124036,111.38057602913378,9144.0
460.0,AXM6468,1.7869917167742124,110.84966362406956,9144.0
460.0,AXM6469,1.784833162493978,110.96944465959135,9144.0
460.0,AXM705,2.0781981135711383,102.41013538043934,9144.0
460.0,AXM710,1.1193340780202456,104.03437118321294,9144.0
460.0,AXM711,2.389267167275533,102.09138150602922,9144.0
460.0,AXM712,1.6723613264229347,103.71325338263276,9144.0
460.0,AXM713,2.3360842957933907,102.07500507084352,9144.0
460.0,AXM5432,4.778929341415692,101.2043974698708,9144.0,"(AXM6358),(AXM6469)"
460.0,AXM5433,1.686450501433047,109.38537320227644,9144.0,"(AXM6469),(AXM6358)"
460.0,AXM6056,1.9631292106090668,111.24152780837362,9144.0,"(AXM711),(AXM713)"
460.0,AXM6057,2.4544894505024364,112.24093264986286,9144.0,"(AXM713),(AXM711)"
470.0,AXM5432,4.763876844368784,101.22845305261936,9144.0
470.0,AXM5433,1.69484617718855,109.35782248305256,9144.0
470.0,AXM6056,1.9721339727660632,111.26760755399816,9144.0
470.0,AXM6057,2.436853988364583,112.21785152272805,9144.0
470.0,AXM6063,2.0965443060297173,111.33937782603086,9144.0
470.0,AXM6064,2.8379863270863157,112.8130627701313,9144.0
470.0,AXM6190,1.3148525399194646,110.72395259806915,9144.0
470.0,AXM6191,3.7927075271819723,113.31141673356198,9144.0
470.0,AXM6351,5.453544646222005,115.45633891790258,9144.0
470.0,AXM6354,1.4344155290664773,110.52652299438328,9144.0
470.0,AXM6355,5.712319122793484,115.74417492540228,9144.0
470.0,AXM6358,1.8334905708634632,111.01602264402682,9144.0
470.0,AXM6465,1.7010926985640555,111.3638162008993,9144.0
470.0,AXM6468,1.8002364743081631,110.8707651049618,9144.0
470.0,AXM6469,1.7744525999122576,110.95099197409557,9144.0
470.0,AXM705,2.0650035660931576,102.43436551839005,9144.0
470.0,AXM710,1.1245090609404542,104.05219585875788,9144.0
470.0,AXM711,2.3748995321215505,102.1079057023582,9144.0
470.0,AXM712,1.6901944930586512,103.68847464088718,9144.0
470.0,AXM713,2.3232478159920897,102.09282696762581,9144.0
470.0,AXM5432,4.763876844368784,101.22845305261936,9144.0,"(AXM6358),(AXM6469)"
470.0,AXM5433,1.69484617718855,109.35782248305256,9144.0,"(AXM6469),(AXM6358)"
470.0,AXM6056,1.9721339727660632,111.26760755399816,9144.0,"(AXM711),(AXM713)"
470.0,AXM6057,2.436853988364583,112.21785152272805,9144.0,"(AXM713),(AXM711)"
480.0,AXM5432,4.748822905099306,101.25250720072276,9144.0
480.0,AXM5433,1.70339862912137,109.32975395180692,9144.0
480.0,AXM6056,1.9816240222578039,111.29351459679316,9144.0
480.0,AXM6057,2.4226510034874393,112.1925097077122,9144.0
480.0,AXM6063,2.1124264055378053,111.36208569262173,9144.0
480.0,AXM6064,2.8469235834662654,112.78978792391514,9144.0
480.0,AXM6190,1.3381137866965118,110.72627395772903,9144.0
480.0,AXM6191,3.7757858810032006,113.28837365805599,9144.0
480.0,AXM6351,5.43692302629455,115.43470060112011,9144.0
480.0,AXM6354,1.4457264655887339,110.54157981613592,9144.0
480.0,AXM6355,5.687360002843108,115.74484548138355,9144.0
480.0,AXM6358,1.8553372784411264,111.03354988535301,9144.0
480.0,AXM6465,1.685668558655168,111.34425389759686,9144.0
480.0,AXM6468,1.813447362446445,110.89181343388847,9144.0
480.0,AXM6469,1.7641040706051978,110.9325970321542,9144.0
480.0,AXM705,2.051896318085633,102.4584338034762,9144.0
480.0,AXM710,1.1336696315310955,104.06911038820354,9144.0
480.0,AXM711,2.3605065401681635,102.12440760756662,9144.0
480.0,AXM712,1.7080271389445163,103.66369529526752,9144.0
480.0,AXM713,2.310431969292732,102.11066357057854,9144.0
480.0,AXM5432,4.748822905099306,101.25250720072276,9144.0,"(AXM711),(AXM713)"
480.0,AXM5433,1.70339862912137,109.32975395180692,9144.0,"(AXM713),(AXM711)"
490.0,AXM5432,4.733744597192229,101.27654545078842,9144.0
490.0,AXM5433,1.712079075328536,109.30172464784317,9144.0
490.0,AXM6056,1.9949409707299572,111.31795523439139,9144.0
490.0,AXM6057,2.4098097544397006,112.16624955313759,9144.0
490.0,AXM6063,2.128968526641732,111.38573877957118,9144.0
490.0,AXM6064,2.857401224273638,112.7669575380603,9144.0
490.0,AXM6190,1.3605079142223138,110.72439773588816,9144.0
490.0,AXM6191,3.7587854716318794,113.26538933209982,9144.0
490.0,AXM6351,5.42036327805316,115.41301506436086,9144.0
490.0,AXM6354,1.4570372347596883,110.55663683899547,9144.0
490.0,AXM6355,5.662629278659536,115.74139437497045,9144.0
490.0,AXM6358,1.8773259956928723,111.0511917225445,9144.0
490.0,AXM6465,1.6736684756659481,111.32242132374886,9144.0
490.0,AXM6468,1.8266578737813817,110.91286215376209,9144.0
490.0,AXM6469,1.7538403502125757,110.9141546920738,9144.0
490.0,AXM705,2.0386864233632402,102.48244563423897,9144.0
490.0,AXM710,1.1462101642725548,104.08369550143826,9144.0
490.0,AXM711,2.3462854864230156,102.14071172091835,9144.0
490.0,AXM712,1.7225854258200266,103.63685911110606,9144.0
490.0,AXM713,2.2975396210798786,102.12860585188292,9144.0
490.0,AXM5432,4.733744597192229,101.27654545078842,9144.0,"(AXM6468),(AXM6469)"
490.0,AXM5433,1.712079075328536,109.30172464784317,9144.0,"(AXM6469),(AXM6468)"
490.0,AXM6056,1.9949409707299572,111.31795523439139,9144.0,"(AXM711),(AXM713)"
490.0,AXM6057,2.4098097544397006,112.16624955313759,9144.0,"(AXM713),(AXM711)"
500.0,AXM5432,4.718439510845117,101.30094174755648,9144.0
500.0,AXM5433,1.7208294114893297,109.27346634561307,9144.0
500.0,AXM6056,2.011006903746438,111.34186035967791,9144.0
500.0,AXM6057,2.3969670946967905,112.13999033670635,9144.0
500.0,AXM6063,2.1455085861555205,111.40939356501863,9144.0
500.0,AXM6064,2.864071366597037,112.74260525622618,9144.0
500.0,AXM6190,1.3831020292121983,110.71839787634855,9144.0
500.0,AXM6191,3.741531657019256,113.24206724086055,9144.0
500.0,AXM6351,5.403615487892137,115.39108701223569,9144.0
500.0,AXM6354,1.4697637107776182,110.57051719976707,9144.0
500.0,AXM6355,5.63879637602363,115.73391535932329,9144.0
500.0,AXM6358,1.899310811535753,111.06883864980017,9144.0
500.0,AXM6465,1.6654189188203772,111.29891242571561,9144.0
500.0,AXM6468,1.8398062092399845,110.93394996285046,9144.0
500.0,AXM6469,1.7435442503204766,110.89565500707536,9144.0
500.0,AXM705,2.025269424663845,102.50683187789154,9144.0
500.0,AXM710,1.161559461415172,104.09528686278412,9144.0
500.0,AXM711,2.33206368649202,102.15701501698935,9144.0
500.0,AXM712,1.737395805633608,103.60955647115053,9144.0
500.0,AXM713,2.284640163087734,102.146542852555,9144.0
500.0,AXM5432,4.718439510845117,101.30094174755648,9144.0,"(AXM6468),(AXM6469)"
500.0,AXM5433,1.7208294114893297,109.27346634561307,9144.0,"(AXM6469),(AXM6468)"
500.0,AXM6056,2.011006903746438,111.34186035967791,9144.0,"(AXM711),(AXM713)"
500.0,AXM6057,2.3969670946967905,112.13999033670635,9144.0,"(AXM713),(AXM711)"
510.0,AXM5432,4.703169877935667,101.3253598652253,9144.0
510.0,AXM5433,1.7295830056628543,109.24520892333044,9144.0
510.0,AXM6056,2.027072411780289,111.36576600723406,9144.0
510.0,AXM6057,2.382828409783811,112.11440707670921,9144.0
510.0,AXM6063,2.1625974115779663,111.43383464032785,9144.0
510.0,AXM6064,2.8670206537732477,112.71633142724697,9144.0
510.0,AXM6190,1.4063141150501235,110.71562748511217,9144.0
510.0,AXM6191,3.724272179279988,113.21874981649937,9144.0
510.0,AXM6351,5.386847678475626,115.36917500714199,9144.0
510.0,AXM6354,1.4837058124646163,110.58572375116992,9144.0
510.0,AXM6355,5.616567420190315,115.72263041240113,9144.0
510.0,AXM6358,1.921578883900754,111.08671363308527,9144.0
510.0,AXM6465,1.6611443221014526,111.27436673826698,9144.0
510.0,AXM6468,1.8528872795829583,110.95493084887669,9144.0
510.0,AXM6469,1.7329478664743734,110.87732592954403,9144.0
510.0,AXM705,2.0090610898865866,102.52945666536246,9144.0
510.0,AXM710,1.1790183912579668,104.10335647900014,9144.0
510.0,AXM711,2.317938996318728,102.1734024930921,9144.0
510.0,AXM712,1.753583965486549,103.58304802373281,9144.0
510.0,AXM713,2.2717444539309453,102.16448239227877,9144.0
510.0,AXM5432,4.703169877935667,101.3253598652253,9144.0,"(AXM711),(AXM713)"
510.0,AXM5433,1.7295830056628543,109.24520892333044,9144.0,"(AXM713),(AXM711)"
520.0,AXM5432,4.687770897628457,101.34998136569166,9144.0
520.0,AXM5433,1.738300299210151,109.21706529835973,9144.0
520.0,AXM6056,2.043137353992252,111.38967227369496,9144.0
520.0,AXM6057,2.3686308048044658,112.088719612778,9144.0
520.0,AXM6063,2.17969913453873,111.45826695641242,9144.0
520.0,AXM6064,2.86586395552304,112.68991757703391,9144.0
520.0,AXM6190,1.4307297561854613,110.71271338811894,9144.0
520.0,AXM6191,3.7068321203466748,113.195192566391,9144.0
520.0,AXM6351,5.370041373903304,115.34721584100477,9144.0
520.0,AXM6354,1.497730080202279,110.60184287098411,9144.0
520.0,AXM6355,5.596486945878482,115.70782787511472,9144.0
520.0,AXM6358,1.945100250433725,111.1029022110508,9144.0
520.0,AXM6465,1.6609609783943915,111.24945199246166,9144.0
520.0,AXM6468,1.8660312630199534,110.97587249362665,9144.0
520.0,AXM6469,1.7226686843956303,110.85889251527848,9144.0
520.0,AXM705,1.9927102428075398,102.55227880099798,9144.0
520.0,AXM710,1.197791732286568,104.10753675045964,9144.0
520.0,AXM711,2.3036000691112837,102.19003726131261,9144.0
520.0,AXM712,1.7698320952160886,103.5564384754622,9144.0
520.0,AXM713,2.257797742629163,102.18388252081341,9144.0
520.0,AXM5432,4.687770897628457,101.34998136569166,9144.0,"(AXM711),(AXM713)"
520.0,AXM5433,1.738300299210151,109.21706529835973,9144.0,"(AXM713),(AXM711)"
530.0,AXM5432,4.672312957396887,101.37456510083491,9144.0
530.0,AXM5433,1.746902513973709,109.18888612476982,9144.0
530.0,AXM6056,2.061994640549703,111.41144109916516,9144.0
530.0,AXM6057,2.3550876660514573,112.06268081430396,9144.0
530.0,AXM6063,2.1974114508830698,111.48357303254635,9144.0
530.0,AXM6064,2.8606292712018733,112.66400317835499,9144.0
530.0,AXM6190,1.4552896689913293,110.71390578038644,9144.0
530.0,AXM6191,3.6894537644112906,113.17159003245727,9144.0
530.0,AXM6351,5.353258118590299,115.3252395019658,9144.0
530.0,AXM6354,1.5129350109613189,110.61931946706676,9144.0
530.0,AXM6355,5.579101254048853,115.68991060275968,9144.0
530.0,AXM6358,1.9688203419058292,111.1192281835818,9144.0
530.0,AXM6465,1.6648738756711785,111.22484595735995,9144.0
530.0,AXM6468,1.8791748736095368,110.99681452970513,9144.0
530.0,AXM6469,1.712421310523294,110.84051701945121,9144.0
530.0,AXM705,1.975637749961934,102.57456535769687,9144.0
530.0,AXM710,1.217024394021949,104.10763721949742,9144.0
530.0,AXM711,2.289091418641521,102.20652380023728,9144.0
530.0,AXM712,1.7859110222991514,103.52972601514686,9144.0
530.0,AXM713,2.2438025437308067,102.20333661232092,9144.0
530.0,AXM5432,4.672312957396887,101.37456510083491,9144.0,"(AXM711),(AXM713)"
530.0,AXM5433,1.746902513973709,109.18888612476982,9144.0,"(AXM713),(AXM711)"
540.0,AXM5432,4.656279719023106,101.40006018695834,9144.0
540.0,AXM5433,1.7555561884273179,109.16053507248274,9144.0
540.0,AXM6056,2.080969780775353,111.43334714113843,9144.0
540.0,AXM6057,2.3415158854211606,112.03658964530308,9144.0
540.0,AXM6063,2.215120136184345,111.50888195484485,9144.0
540.0,AXM6064,2.8513311001254995,112.63866351490475,9144.0
540.0,AXM6190,1.4799472718836604,110.71920343663241,9144.0
540.0,AXM6191,3.671931630817204,113.14779617702247,9144.0
540.0,AXM6351,5.336213864232331,115.30292446092469,9144.0
540.0,AXM6354,1.5285139870874493,110.6372673513998,9144.0
540.0,AXM6355,5.564883332540354,115.66936610305855,9144.0
540.0,AXM6358,1.9930166795616027,111.13483899762392,9144.0
540.0,AXM6465,1.6727866995506024,111.20115485360144,9144.0
540.0,AXM6468,1.8922779789704596,111.0177821182462,9144.0
540.0,AXM6469,1.7020772872262206,110.8221959029745,9144.0
540.0,AXM705,1.9585278873756216,102.59689963553707,9144.0
540.0,AXM710,1.2364574119355676,104.10365460387798,9144.0
540.0,AXM711,2.273393575238011,102.2243606434547,9144.0
540.0,AXM712,1.801837600533974,103.50326437252728,9144.0
540.0,AXM713,2.228993121762628,102.22392106370232,9144.0
540.0,AXM5432,4.656279719023106,101.40006018695834,9144.0,"(AXM711),(AXM713)"
540.0,AXM5433,1.7555561884273179,109.16053507248274,9144.0,"(AXM713),(AXM711)"
550.0,AXM5432,4.640289388834065,101.42558180610588,9144.0
550.0,AXM5433,1.7644099619477964,109.1322457944684,9144.0
550.0,AXM6056,2.0992435335449127,111.45584262635897,9144.0
550.0,AXM6057,2.3276969117488355,112.01062902664326,9144.0
550.0,AXM6063,2.232897248386526,111.5341430931768,9144.0
550.0,AXM6064,2.8382955924403372,112.61503280638742,9144.0
550.0,AXM6190,1.5034180094011602,110.72843528198645,9144.0
550.0,AXM6191,3.6543210480199315,113.1240684476725,9144.0
550.0,AXM6351,5.319148991668459,115.2806259401057,9144.0
550.0,AXM6354,1.5449252489770897,110.65617462727405,9144.0
550.0,AXM6355,5.55385704759565,115.64622726601833,9144.0
550.0,AXM6358,2.017415166526771,111.15058084627044,9144.0
550.0,AXM6465,1.6844956844715446,111.17902167197849,9144.0
550.0,AXM6468,1.9053807047319198,111.03875010323189,9144.0
550.0,AXM6469,1.6917978132171914,110.8039901695247,9144.0
550.0,AXM705,1.9416146077857812,102.61938309606897,9144.0
550.0,AXM710,1.2549217121508796,104.09570074955008,9144.0
550.0,AXM711,2.2577036341290735,102.24238903702475,9144.0
550.0,AXM712,1.8178197498528184,103.476836056558,9144.0
550.0,AXM713,2.214184436318346,102.24450583936053,9144.0
550.0,AXM5432,4.640289388834065,101.42558180610588,9144.0,"(AXM711),(AXM713)"
550.0,AXM5433,1.7644099619477964,109.1322457944684,9144.0,"(AXM713),(AXM711)"
560.0,AXM5432,4.623888857857622,101.45175483279074,9144.0
560.0,AXM5433,1.7733519548932006,109.10367175727639,9144.0
560.0,AXM6056,2.1174028649489434,111.4781985307831,9144.0
560.0,AXM6057,2.313877270894401,111.98466901749059,9144.0
560.0,AXM6063,2.251145431687186,111.56007556648828,9144.0
560.0,AXM6064,2.8218254314151703,112.59365977288361,9144.0
560.0,AXM6190,1.52507916036305,110.74135645148884,9144.0
560.0,AXM6191,3.6364956346887425,113.10005448432211,9144.0
560.0,AXM6351,5.301787234070415,115.25794253804129,9144.0
560.0,AXM6354,1.5613719903427306,110.67505117343131,9144.0
560.0,AXM6355,5.546448873174998,115.6211528205386,9144.0
560.0,AXM6358,2.0407631503419728,111.16784452080609,9144.0
560.0,AXM6465,1.699289717832174,111.15691515547603,9144.0
560.0,AXM6468,1.9184646128015554,111.05973000843348,9144.0
560.0,AXM6469,1.6823740322944534,110.78532683641272,9144.0
560.0,AXM705,1.9248839216009965,102.64162279429308,9144.0
560.0,AXM710,1.271260694536692,104.08421516805777,9144.0
560.0,AXM711,2.240832005651249,102.26177425854561,9144.0
560.0,AXM712,1.833801063553783,103.45040699977956,9144.0
560.0,AXM713,2.1991920707591106,102.26534443455013,9144.0
560.0,AXM5432,4.623888857857622,101.45175483279074,9144.0,"(AXM711),(AXM713)"
560.0,AXM5433,1.7733519548932006,109.10367175727639,9144.0,"(AXM713),(AXM711)"
570.0,AXM5432,4.607485869880533,101.47792570474553,9144.0
570.0,AXM5433,1.7821318083432938,109.075047299886,9144.0
570.0,AXM6056,2.1357830879030177,111.50037319798002,9144.0
570.0,AXM6057,2.3002451274055282,111.95861014956056,9144.0
570.0,AXM6063,2.2692309940891695,111.58612221373457,9144.0
570.0,AXM6064,2.802303052647974,112.5750406700547,9144.0
570.0,AXM6190,1.5449005301387904,110.75795000905542,9144.0
570.0,AXM6191,3.618722390007447,113.07600220135176,9144.0
570.0,AXM6351,5.284467024093217,115.23522775893045,9144.0
570.0,AXM6354,1.577983878989046,110.6941178669897,9144.0
570.0,AXM6355,5.537103842025054,115.59674064303252,9144.0
570.0,AXM6358,2.0641592302127694,111.18514447222638,9144.0
570.0,AXM6465,1.7105034578407332,111.13279250506442,9144.0
570.0,AXM6468,1.931581605489675,111.0807639864278,9144.0
570.0,AXM6469,1.6733989477473894,110.7675541118656,9144.0
570.0,AXM705,1.9081474521968842,102.66385791843226,9144.0
570.0,AXM710,1.2876745519426736,104.07283682627497,9144.0
570.0,AXM711,2.223822283731528,102.28133204146319,9144.0
570.0,AXM712,1.8495033546345507,103.42381081559637,9144.0
570.0,AXM713,2.184260935653098,102.28622680229405,9144.0
570.0,AXM5432,4.607485869880533,101.47792570474553,9144.0,"(AXM6190),(AXM6354)"
570.0,AXM5433,1.7821318083432938,109.075047299886,9144.0,"(AXM6354),(AXM6190)"
570.0,AXM6056,2.1357830879030177,111.50037319798002,9144.0,"(AXM711),(AXM713)"
570.0,AXM6057,2.3002451274055282,111.95861014956056,9144.0,"(AXM713),(AXM711)"
580.0,AXM5432,4.591012227098416,101.50405126667187,9144.0
580.0,AXM5433,1.791015290621664,109.0460819012504,9144.0
580.0,AXM6056,2.1543548618875104,111.52278023497693,9144.0
580.0,AXM6057,2.2867792943221317,111.93287086061436,9144.0
580.0,AXM6063,2.287614004494356,111.61259936661904,9144.0
580.0,AXM6064,2.7798665101888513,112.55930779232287,9144.0
580.0,AXM6190,1.5618433253007191,110.77747582882103,9144.0
580.0,AXM6191,3.600595088860112,113.05147374617064,9144.0
580.0,AXM6351,5.266815727171925,115.2120819015802,9144.0
580.0,AXM6354,1.5945652932626373,110.713211241738,9144.0
580.0,AXM6355,5.527646011118738,115.57203790450532,9144.0
580.0,AXM6358,2.0875316363537646,111.20247669150788,9144.0
580.0,AXM6465,1.7178428959055074,111.10728639514558,9144.0
580.0,AXM6468,1.9446808838964567,111.10180917623248,9144.0
580.0,AXM6469,1.6645180795364005,110.74973416158976,9144.0
580.0,AXM705,1.8914263185020663,102.68610437499083,9144.0
580.0,AXM710,1.3044715384059633,104.06119269199434,9144.0
580.0,AXM711,2.2064448983420726,102.30131154081622,9144.0
580.0,AXM712,1.8653243050525778,103.39701153171404,9144.0
580.0,AXM713,2.168786358592874,102.30786796547562,9144.0
580.0,AXM5432,4.591012227098416,101.50405126667187,9144.0,"(AXM6190),(AXM6354)"
580.0,AXM5433,1.791015290621664,109.0460819012504,9144.0,"(AXM6354),(AXM6190)"
580.0,AXM6056,2.1543548618875104,111.52278023497693,9144.0,"(AXM711),(AXM713)"
580.0,AXM6057,2.2867792943221317,111.93287086061436,9144.0,"(AXM713),(AXM711)"
590.0,AXM5432,4.575136830502945,101.52921979271818,9144.0
590.0,AXM5433,1.7999920441788406,109.01714515873935,9144.0
590.0,AXM6056,2.1729202162387686,111.54519287314861,9144.0
590.0,AXM6057,2.2733127232764128,111.90713219923603,9144.0
590.0,AXM6063,2.306122434727846,111.6389892012042,9144.0
590.0,AXM6064,2.758411858518232,112.54157680112276,9144.0
590.0,AXM6190,1.5762442756796784,110.79894660318176,9144.0
590.0,AXM6191,3.5824302330090267,113.02697368726766,9144.0
590.0,AXM6351,5.249126599288789,115.18896584602852,9144.0
590.0,AXM6354,1.6114341613797323,110.73263624901296,9144.0
590.0,AXM6355,5.518186676566354,115.54733614145046,9144.0
590.0,AXM6358,2.111048414862338,111.21991670239619,9144.0
590.0,AXM6465,1.720862839942458,111.08198361095279,9144.0
590.0,AXM6468,1.9577463410832865,111.12280107678104,9144.0
590.0,AXM6469,1.655629759615549,110.73221780997585,9144.0
590.0,AXM705,1.8750719271935095,102.70786057441425,9144.0
590.0,AXM710,1.3232563768433716,104.05314168207579,9144.0
590.0,AXM711,2.1890299217059184,102.3212580012239,9144.0
590.0,AXM712,1.880705481717654,103.36995694063373,9144.0
590.0,AXM713,2.1532466066219476,102.32946208837755,9144.0
590.0,AXM5432,4.575136830502945,101.52921979271818,9144.0,"(AXM6190),(AXM6354)"
590.0,AXM5433,1.7999920441788406,109.01714515873935,9144.0,"(AXM6354),(AXM6190)"
590.0,AXM6056,2.1729202162387686,111.54519287314861,9144.0,"(AXM6354),(AXM6469)"
590.0,AXM6057,2.2733127232764128,111.90713219923603,9144.0,"(AXM6469),(AXM6354)"
590.0,AXM6063,2.306122434727846,111.6389892012042,9144.0,"(AXM711),(AXM713)"
590.0,AXM6064,2.758411858518232,112.54157680112276,9144.0,"(AXM713),(AXM711)"
600.0,AXM5432,4.559441821086925,101.5545013688819,9144.0
600.0,AXM5433,1.8089679663242073,108.98820801524782,9144.0
600.0,AXM6056,2.1916763411831957,111.56783715984228,9144.0
600.0,AXM6057,2.259876144221363,111.88137808253738,9144.0
600.0,AXM6063,2.3245302955937714,111.6652374038561,9144.0
600.0,AXM6064,2.7365818596624805,112.5235365539482,9144.0
600.0,AXM6190,1.5908877125333352,110.82077971158803,9144.0
600.0,AXM6191,3.563878080287824,113.0019541035347,9144.0
600.0,AXM6351,5.231326530410111,115.16570797277461,9144.0
600.0,AXM6354,1.6283646177278719,110.75200772007672,9144.0
600.0,AXM6355,5.505019674727889,115.52441279353978,9144.0
600.0,AXM6358,2.1347049504300157,111.23716666837305,9144.0
600.0,AXM6465,1.7197777108937875,111.0565242339649,9144.0
600.0,AXM6468,1.9708813097259816,111.14374966698966,9144.0
600.0,AXM6469,1.6467108925720724,110.71464188901622,9144.0
600.0,AXM705,1.858656591735439,102.72957057549424,9144.0
600.0,AXM710,1.343414431600842,104.04669134145276,9144.0
600.0,AXM711,2.1714517205349817,102.341390337635,9144.0
600.0,AXM712,1.8925630897557348,103.340801487523,9144.0
600.0,AXM713,2.136988626314129,102.35205300917377,9144.0
600.0,AXM5432,4.559441821086925,101.5545013688819,9144.0,"(AXM6190),(AXM6354)"
600.0,AXM5433,1.8089679663242073,108.98820801524782,9144.0,"(AXM6354),(AXM6190)"
600.0,AXM6056,2.1916763411831957,111.56783715984228,9144.0,"(AXM6354),(AXM6469)"
600.0,AXM6057,2.259876144221363,111.88137808253738,9144.0,"(AXM6469),(AXM6354)"
600.0,AXM6063,2.3245302955937714,111.6652374038561,9144.0,"(AXM711),(AXM713)"
600.0,AXM6064,2.7365818596624805,112.5235365539482,9144.0,"(AXM713),(AXM711)"
610.0,AXM5432,4.543838966323628,101.57962832773107,9144.0
610.0,AXM5433,1.817882021212506,108.95925159210012,9144.0
610.0,AXM6056,2.210415351719876,111.59049591696258,9144.0
610.0,AXM6057,2.2464388767960357,111.8556245631902,9144.0
610.0,AXM6063,2.3429177917758452,111.69150024347006,9144.0
610.0,AXM6064,2.717590644763133,112.50252265521695,9144.0
610.0,AXM6190,1.6086898023028386,110.84012209784906,9144.0
610.0,AXM6191,3.5454488917165414,112.97684395834578,9144.0
610.0,AXM6351,5.213500980851371,115.14247044746719,9144.0
610.0,AXM6354,1.6455820753118002,110.77170822759241,9144.0
610.0,AXM6355,5.48821441130643,115.50338996342879,9144.0
610.0,AXM6358,2.1583128163390652,111.25438187240533,9144.0
610.0,AXM6465,1.7146157355216187,111.03157057554279,9144.0
610.0,AXM6468,1.9840159115751987,111.16469865325917,9144.0
610.0,AXM6469,1.6378579591736693,110.6970327158895,9144.0
610.0,AXM705,1.8422397756927222,102.75127925485945,9144.0
610.0,AXM710,1.3635724666297295,104.04024088552185,9144.0
610.0,AXM711,2.1538936538638414,102.36154002846183,9144.0
610.0,AXM712,1.9022301447330745,103.31029671125447,9144.0
610.0,AXM713,2.1207465582421725,102.37465515076114,9144.0
610.0,AXM5432,4.543838966323628,101.57962832773107,9144.0,"(AXM6190),(AXM6354)"
610.0,AXM5433,1.817882021212506,108.95925159210012,9144.0,"(AXM6354),(AXM6190)"
610.0,AXM6056,2.210415351719876,111.59049591696258,9144.0,"(AXM6354),(AXM6469)"
610.0,AXM6057,2.2464388767960357,111.8556245631902,9144.0,"(AXM6469),(AXM6354)"
610.0,AXM6063,2.3429177917758452,111.69150024347006,9144.0,"(AXM711),(AXM713)"
610.0,AXM6064,2.717590644763133,112.50252265521695,9144.0,"(AXM713),(AXM711)"
620.0,AXM5432,4.528022236469964,101.604619814211,9144.0
620.0,AXM5433,1.8269169891714632,108.929899371048,9144.0
620.0,AXM6056,2.2292681871157916,111.613293656486,9144.0
620.0,AXM6057,2.2330096518407805,111.82986707882901,9144.0
620.0,AXM6063,2.3614376620365984,111.71795384856253,9144.0
620.0,AXM6064,2.7017563381837038,112.47888695264433,9144.0
620.0,AXM6190,1.6267852917360965,110.85978391536746,9144.0
620.0,AXM6191,3.526534479964537,112.9510754973098,9144.0
620.0,AXM6351,5.195674244762445,115.11923449850694,9144.0
620.0,AXM6354,1.6627900850979598,110.79141716586557,9144.0
620.0,AXM6355,5.470584997734727,115.4830603383547,9144.0
620.0,AXM6358,2.181920321025912,111.2715978412846,9144.0
620.0,AXM6465,1.705511188962252,111.00777178324908,9144.0
620.0,AXM6468,1.9971341931377282,111.18565804222776,9144.0
620.0,AXM6469,1.6290349001357456,110.679483607584,9144.0
620.0,AXM705,1.8259428075100401,102.77307794373604,9144.0
620.0,AXM710,1.3836032423592033,104.03340520978175,9144.0
620.0,AXM711,2.136011368629646,102.3820607602037,9144.0
620.0,AXM712,1.9092484351371686,103.27907502610744,9144.0
620.0,AXM713,2.10518495586526,102.39630910290111,9144.0
620.0,AXM5432,4.528022236469964,101.604619814211,9144.0,"(AXM6190),(AXM6354)"
620.0,AXM5433,1.8269169891714632,108.929899371048,9144.0,"(AXM6354),(AXM6190)"
620.0,AXM6056,2.2292681871157916,111.613293656486,9144.0,"(AXM6354),(AXM6469)"
620.0,AXM6057,2.2330096518407805,111.82986707882901,9144.0,"(AXM6469),(AXM6354)"
620.0,AXM6063,2.3614376620365984,111.71795384856253,9144.0,"(AXM711),(AXM713)"
620.0,AXM6064,2.7017563381837038,112.47888695264433,9144.0,"(AXM713),(AXM711)"
630.0,AXM5432,4.511979660425185,101.62996273029918,9144.0
630.0,AXM5433,1.8359778037954708,108.90055497809645,9144.0
630.0,AXM6056,2.248161367692268,111.63605821469244,9144.0
630.0,AXM6057,2.219579855837781,111.8041101273615,9144.0
630.0,AXM6063,2.379956135412715,111.7444087871935,9144.0
630.0,AXM6064,2.688068228694307,112.45394432922923,9144.0
630.0,AXM6190,1.6448957094683572,110.87943214962112,9144.0
630.0,AXM6191,3.5074642886583063,112.92542307123917,9144.0
630.0,AXM6351,5.177911210137039,115.09595006865001,9144.0
630.0,AXM6354,1.68028344226185,110.8114536172992,9144.0
630.0,AXM6355,5.452631512050208,115.46235944749641,9144.0
630.0,AXM6358,2.205384096437017,111.28900974634674,9144.0
630.0,AXM6465,1.692700901913641,110.98574694741181,9144.0
630.0,AXM6468,2.0101176104951044,111.20640296420066,9144.0
630.0,AXM6469,1.6202061803274137,110.66193742544073,9144.0
630.0,AXM705,1.8100396073561542,102.79424625740396,9144.0
630.0,AXM710,1.4040073544087934,104.02644199127323,9144.0
630.0,AXM711,2.118143849879504,102.40259413054535,9144.0
630.0,AXM712,1.916304070054907,103.24768316562836,9144.0
630.0,AXM713,2.0896108912431393,102.41795386603279,9144.0
630.0,AXM5432,4.511979660425185,101.62996273029918,9144.0,"(AXM6190),(AXM6354)"
630.0,AXM5433,1.8359778037954708,108.90055497809645,9144.0,"(AXM6354),(AXM6190)"
630.0,AXM6056,2.248161367692268,111.63605821469244,9144.0,"(AXM711),(AXM713)"
630.0,AXM6057,2.219579855837781,111.8041101273615,9144.0,"(AXM713),(AXM711)"
640.0,AXM5432,4.496101036464772,101.65540877639167,9144.0
640.0,AXM5433,1.8451767538355528,108.87076078342938,9144.0
640.0,AXM6056,2.2672444999005146,111.6590529425166,9144.0
640.0,AXM6057,2.206149254679986,111.77835382964771,9144.0
640.0,AXM6063,2.3984077837451347,111.77091081447375,9144.0
640.0,AXM6064,2.6729795994754397,112.42982527268435,9144.0
640.0,AXM6190,1.6632148681942485,110.8993075269806,9144.0
640.0,AXM6191,3.4884624847909267,112.89986538598346,9144.0
640.0,AXM6351,5.159856059810251,115.07228588943687,9144.0
640.0,AXM6354,1.6977291780613102,110.83153176223495,9144.0
640.0,AXM6355,5.436046961097646,115.44053717163139,9144.0
640.0,AXM6358,2.229183888985508,111.30667201473281,9144.0
640.0,AXM6465,1.6769688710661257,110.96684140585315,9144.0
640.0,AXM6468,2.0230557883407507,111.22717633115798,9144.0
640.0,AXM6469,1.6116189829426912,110.64487190593445,9144.0
640.0,AXM705,1.7945847399424775,102.81481694749291,9144.0
640.0,AXM710,1.4244660949105263,104.01964099045426,9144.0
640.0,AXM711,2.100155079897742,102.42326579463469,9144.0
640.0,AXM712,1.9234897931182398,103.21632072840329,9144.0
640.0,AXM713,2.0738921121312446,102.43979858927949,9144.0
640.0,AXM5432,4.496101036464772,101.65540877639167,9144.0,"(AXM6190),(AXM6354)"
640.0,AXM5433,1.8451767538355528,108.87076078342938,9144.0,"(AXM6354),(AXM6190)"
640.0,AXM6056,2.2672444999005146,111.6590529425166,9144.0,"(AXM711),(AXM713)"
640.0,AXM6057,2.206149254679986,111.77835382964771,9144.0,"(AXM713),(AXM711)"
650.0,AXM5432,4.480188809188047,101.68090351452851,9144.0
650.0,AXM5433,1.8543746462465234,108.84096610742897,9144.0
650.0,AXM6056,2.2862445566847067,111.68211677286119,9144.0
650.0,AXM6057,2.1926928538450805,111.75261125379251,9144.0
650.0,AXM6063,2.415813330753888,111.79594856507012,9144.0
650.0,AXM6064,2.656429820085036,112.40706120766293,9144.0
650.0,AXM6190,1.6814935565054019,110.91922034673544,9144.0
650.0,AXM6191,3.46871080696265,112.87488537591956,9144.0
650.0,AXM6351,5.141781404939149,115.04863739838089,9144.0
650.0,AXM6354,1.7153771953600156,110.8518434385707,9144.0
650.0,AXM6355,5.41931279095913,115.41852071188355,9144.0
650.0,AXM6358,2.2528606234148882,111.32449944382886,9144.0
650.0,AXM6465,1.6588901505740388,110.95151424162744,9144.0
650.0,AXM6468,2.0356230155634827,111.24735504270896,9144.0
650.0,AXM6469,1.6030589573034713,110.6277928017698,9144.0
650.0,AXM705,1.779121911637955,102.83538147509886,9144.0
650.0,AXM710,1.4449870420754416,104.01281916653531,9144.0
650.0,AXM711,2.082136578684276,102.44391127663762,9144.0
650.0,AXM712,1.930700558679766,103.18484502084922,9144.0
650.0,AXM713,2.058178283690345,102.46164666253128,9144.0
650.0,AXM5432,4.480188809188047,101.68090351452851,9144.0,"(AXM6190),(AXM6354)"
650.0,AXM5433,1.8543746462465234,108.84096610742897,9144.0,"(AXM6190),(AXM6465)"
650.0,AXM6056,2.2862445566847067,111.68211677286119,9144.0,"(AXM6354),(AXM6190)"
650.0,AXM6057,2.1926928538450805,111.75261125379251,9144.0,"(AXM6465),(AXM6190)"
650.0,AXM6063,2.415813330753888,111.79594856507012,9144.0,"(AXM711),(AXM713)"
650.0,AXM6064,2.656429820085036,112.40706120766293,9144.0,"(AXM713),(AXM711)"
660.0,AXM5432,4.464157105817819,101.70632227581538,9144.0
660.0,AXM5433,1.8635921577203565,108.81117734590602,9144.0
660.0,AXM6056,2.3053575646716182,111.70531903018184,9144.0
660.0,AXM6057,2.179263521599962,111.72692263500448,9144.0
660.0,AXM6063,2.4321910618776204,111.81950924153995,9144.0
660.0,AXM6064,2.640382508822293,112.38498965416805,9144.0
660.0,AXM6190,1.6998967360409876,110.93926949324955,9144.0
660.0,AXM6191,3.448777847245496,112.84967861481852,9144.0
660.0,AXM6351,5.123633006390786,115.02489556501612,9144.0
660.0,AXM6354,1.7330201847448918,110.87215967460371,9144.0
660.0,AXM6355,5.402576624007404,115.39650639276887,9144.0
660.0,AXM6358,2.276775015893864,111.34250684613818,9144.0
660.0,AXM6465,1.642503646167174,110.93225274497497,9144.0
660.0,AXM6468,2.048185890509803,111.2675366253808,9144.0
660.0,AXM6469,1.5946500324419226,110.61101582762872,9144.0
660.0,AXM705,1.7638092876179166,102.8557454136342,9144.0
660.0,AXM710,1.4656585042642079,104.00646826113956,9144.0
660.0,AXM711,2.0641580060041322,102.46450998078609,9144.0
660.0,AXM712,1.9379057667079158,103.15336790550512,9144.0
660.0,AXM713,2.0421052913863775,102.48399295423647,9144.0
660.0,AXM5432,4.464157105817819,101.70632227581538,9144.0,"(AXM6190),(AXM6354)"
660.0,AXM5433,1.8635921577203565,108.81117734590602,9144.0,"(AXM6190),(AXM6465)"
660.0,AXM6056,2.3053575646716182,111.70531903018184,9144.0,"(AXM6354),(AXM6190)"
660.0,AXM6057,2.179263521599962,111.72692263500448,9144.0,"(AXM6465),(AXM6190)"
660.0,AXM6063,2.4321910618776204,111.81950924153995,9144.0,"(AXM711),(AXM713)"
660.0,AXM6064,2.640382508822293,112.38498965416805,9144.0,"(AXM713),(AXM711)"
670.0,AXM5432,4.447965147235038,101.73199082388258,9144.0
670.0,AXM5433,1.8727739663757184,108.78150022860815,9144.0
670.0,AXM6056,2.324536264356009,111.72846724225424,9144.0
670.0,AXM6057,2.1658796921008348,111.70121047334574,9144.0
670.0,AXM6063,2.4485640945657234,111.84306494368849,9144.0
670.0,AXM6064,2.6243343234242102,112.36291902181517,9144.0
670.0,AXM6190,1.71829631992814,110.95932213467808,9144.0
670.0,AXM6191,3.4280336898282573,112.8251380855577,9144.0
670.0,AXM6351,5.105507112037466,115.00113708081854,9144.0
670.0,AXM6354,1.750782013413385,110.89237219089384,9144.0
670.0,AXM6355,5.385796341782529,115.3745265903814,9144.0
670.0,AXM6358,2.3005670618879135,111.36067614541896,9144.0
670.0,AXM6465,1.6267203591957733,110.91265497497469,9144.0
670.0,AXM6468,2.0607943028582905,111.28768991271916,9144.0
670.0,AXM6469,1.5862618539540005,110.59422853126321,9144.0
670.0,AXM705,1.748851576720769,102.87637153076889,9144.0
670.0,AXM710,1.4864551834103612,104.00007875732948,9144.0
670.0,AXM711,2.04623965525158,102.48516092823677,9144.0
670.0,AXM712,1.9449698077573574,103.12185864112368,9144.0
670.0,AXM713,2.026073483145786,102.50636862604617,9144.0
670.0,AXM5432,4.447965147235038,101.73199082388258,9144.0,"(AXM6190),(AXM6354)"
670.0,AXM5433,1.8727739663757184,108.78150022860815,9144.0,"(AXM6190),(AXM6465)"
670.0,AXM6056,2.324536264356009,111.72846724225424,9144.0,"(AXM6354),(AXM6190)"
670.0,AXM6057,2.1658796921008348,111.70121047334574,9144.0,"(AXM6465),(AXM6190)"
670.0,AXM6063,2.4485640945657234,111.84306494368849,9144.0,"(AXM711),(AXM713)"
670.0,AXM6064,2.6243343234242102,112.36291902181517,9144.0,"(AXM713),(AXM711)"
680.0,AXM5432,4.431856066897113,101.75771121904958,9144.0
680.0,AXM5433,1.8819024611546022,108.75180649632362,9144.0
680.0,AXM6056,2.344167453840332,111.75216289468545,9144.0
680.0,AXM6057,2.1525228149278166,111.67555237066857,9144.0
680.0,AXM6063,2.4650025894153123,111.86657521528394,9144.0
680.0,AXM6064,2.6075481380229535,112.34140582241557,9144.0
680.0,AXM6190,1.7367948831312676,110.97928361629296,9144.0
680.0,AXM6191,3.407138966689739,112.80042176990374,9144.0
680.0,AXM6351,5.087163239736863,114.97709600130688,9144.0
680.0,AXM6354,1.7689084332159517,110.91300075292367,9144.0
680.0,AXM6355,5.368828586167271,115.35230554690405,9144.0
680.0,AXM6358,2.324500413532149,111.37895443227826,9144.0
680.0,AXM6465,1.6143356917594411,110.89074890071052,9144.0
680.0,AXM6468,2.073194482574203,111.30751972693449,9144.0
680.0,AXM6469,1.5779642653824177,110.57762322330898,9144.0
680.0,AXM705,1.7340041066456913,102.89684479126312,9144.0
680.0,AXM710,1.5080816438263267,103.99771227493335,9144.0
680.0,AXM711,2.027960304852035,102.50622696047539,9144.0
680.0,AXM712,1.952093758064717,103.09006648518543,9144.0
680.0,AXM713,2.0099343845835094,102.52889286325778,9144.0
680.0,AXM5432,4.431856066897113,101.75771121904958,9144.0,"(AXM6190),(AXM6354)"
680.0,AXM5433,1.8819024611546022,108.75180649632362,9144.0,"(AXM6354),(AXM6190)"
680.0,AXM6056,2.344167453840332,111.75216289468545,9144.0,"(AXM711),(AXM713)"
680.0,AXM6057,2.1525228149278166,111.67555237066857,9144.0,"(AXM713),(AXM711)"
690.0,AXM5432,4.415745200244597,101.783429929129,9144.0
690.0,AXM5433,1.8910644568328026,108.72200012668819,9144.0
690.0,AXM6056,2.3637978109400963,111.77585957160026,9144.0
690.0,AXM6057,2.139096182746174,111.64993097762196,9144.0
690.0,AXM6063,2.4814057763560218,111.89003674806213,9144.0
690.0,AXM6064,2.590048629620101,112.31897984049155,9144.0
690.0,AXM6190,1.755542450847901,110.99951592365252,9144.0
690.0,AXM6191,3.38640786670823,112.77556810181352,9144.0
690.0,AXM6351,5.068751017091189,114.95310832864661,9144.0
690.0,AXM6354,1.7868542418825888,110.93378697991463,9144.0
690.0,AXM6355,5.351871076612378,115.33007723162022,9144.0
690.0,AXM6358,2.3484949072209633,111.39715256000979,9144.0
690.0,AXM6465,1.6058681629567357,110.86745280115505,9144.0
690.0,AXM6468,2.085526108134102,111.32724082932295,9144.0
690.0,AXM6469,1.5698456411691741,110.56092968477523,9144.0
690.0,AXM705,1.7221500334449154,102.91918645038574,9144.0
690.0,AXM710,1.530071183260262,103.9950723646077,9144.0
690.0,AXM711,2.010981957885104,102.52835602234791,9144.0
690.0,AXM712,1.9594317337442226,103.05832296335772,9144.0
690.0,AXM713,1.9931435118549483,102.55093468649517,9144.0
690.0,AXM5432,4.415745200244597,101.783429929129,9144.0,"(AXM6190),(AXM6354)"
690.0,AXM5433,1.8910644568328026,108.72200012668819,9144.0,"(AXM6354),(AXM6190)"
690.0,AXM6056,2.3637978109400963,111.77585957160026,9144.0,"(AXM711),(AXM713)"
690.0,AXM6057,2.139096182746174,111.64993097762196,9144.0,"(AXM713),(AXM711)"
700.0,AXM5432,4.399634212662355,101.80914800557446,9144.0
700.0,AXM5433,1.9002749916265556,108.69220857827767,9144.0
700.0,AXM6056,2.3833911222375477,111.79958727704846,9144.0
700.0,AXM6057,2.125696769470277,111.62436355143525,9144.0
700.0,AXM6063,2.497783601296393,111.91351631740984,9144.0
700.0,AXM6064,2.5726513554170594,112.29647460236039,9144.0
700.0,AXM6190,1.7741717120335632,111.01985752213288,9144.0
700.0,AXM6191,3.3655277692462975,112.7505381254985,9144.0
700.0,AXM6351,5.050192997883035,114.92893392433643,9144.0
700.0,AXM6354,1.8049594359568206,110.95475900827005,9144.0
700.0,AXM6355,5.334653193484772,115.30751169314789,9144.0
700.0,AXM6358,2.372725103867139,111.41553053137612,9144.0
700.0,AXM6465,1.6013642165202095,110.84307741276879,9144.0
700.0,AXM6468,2.0978344453478694,111.34697664894813,9144.0
700.0,AXM6469,1.5632778660619868,110.54393061377304,9144.0
700.0,AXM705,1.7105615695874956,102.94102642063675,9144.0
700.0,AXM710,1.5522546041673242,103.99240912281684,9144.0
700.0,AXM711,1.9938920201007273,102.55062943460442,9144.0
700.0,AXM712,1.96675415902302,103.02663495648827,9144.0
700.0,AXM713,1.976426295987833,102.57287872526814,9144.0
700.0,AXM5432,4.399634212662355,101.80914800557446,9144.0,"(AXM6190),(AXM6354)"
700.0,AXM5433,1.9002749916265556,108.69220857827767,9144.0,"(AXM6354),(AXM6190)"
700.0,AXM6056,2.3833911222375477,111.79958727704846,9144.0,"(AXM711),(AXM713)"
700.0,AXM6057,2.125696769470277,111.62436355143525,9144.0,"(AXM713),(AXM711)"
710.0,AXM5432,4.383584507691575,101.83476376508276,9144.0
710.0,AXM5433,1.909622743211678,108.6619695916698,9144.0
710.0,AXM6056,2.4023423010437748,111.82253883522654,9144.0
710.0,AXM6057,2.11231453773586,111.59878733671479,9144.0
710.0,AXM6063,2.5146081490248973,111.93763810558814,9144.0
710.0,AXM6064,2.554299266485554,112.27273571766726,9144.0
710.0,AXM6190,1.7932118188709918,111.0406493892128,9144.0
710.0,AXM6191,3.344631541651471,112.72552219525946,9144.0
710.0,AXM6351,5.031673214447204,114.90473067685743,9144.0
710.0,AXM6354,1.8232441447223735,110.9755747648755,9144.0
710.0,AXM6355,5.317477126507916,115.28491466353037,9144.0
710.0,AXM6358,2.3969336401420613,111.43393739850849,9144.0
710.0,AXM6465,1.6009476344705031,110.81829259844879,9144.0
710.0,AXM6468,2.110108356214507,111.36665819755922,9144.0
710.0,AXM6469,1.5567098059358253,110.52693170604513,9144.0
710.0,AXM705,1.698861862256756,102.96280681473483,9144.0
710.0,AXM710,1.574469609354148,103.99002382300533,9144.0
710.0,AXM711,1.9769677908277121,102.57302894099371,9144.0
710.0,AXM712,1.9738221438884171,102.99488902520999,9144.0
710.0,AXM713,1.9597380842708347,102.59484463587953,9144.0
710.0,AXM5432,4.383584507691575,101.83476376508276,9144.0,"(AXM6190),(AXM6354)"
710.0,AXM5433,1.909622743211678,108.6619695916698,9144.0,"(AXM6354),(AXM6190)"
710.0,AXM6056,2.4023423010437748,111.82253883522654,9144.0,"(AXM711),(AXM713)"
710.0,AXM6057,2.11231453773586,111.59878733671479,9144.0,"(AXM713),(AXM711)"
720.0,AXM5432,4.367493289338965,101.86035276415019,9144.0
720.0,AXM5433,1.9189499181018712,108.63172408024926,9144.0
720.0,AXM6056,2.421297009625888,111.84548779303597,9144.0
720.0,AXM6057,2.0989036491047184,111.5731583533044,9144.0
720.0,AXM6063,2.532263733912932,111.9611575901392,9144.0
720.0,AXM6064,2.535723111484333,112.24917244517586,9144.0
720.0,AXM6190,1.8122934037134528,111.06140337689888,9144.0
720.0,AXM6191,3.3235497020817637,112.70028634171263,9144.0
720.0,AXM6351,5.013080256276765,114.88043493798845,9144.0
720.0,AXM6354,1.8416089411942513,110.99648284289124,9144.0
720.0,AXM6355,5.300006148050879,115.26193343906205,9144.0
720.0,AXM6358,2.4213768664456254,111.45252376934624,9144.0
720.0,AXM6465,1.5994398783800587,110.79393115975806,9144.0
720.0,AXM6468,2.1224330011467596,111.38630812923998,9144.0
720.0,AXM6469,1.549891795002367,110.51003162645002,9144.0
720.0,AXM705,1.687307731881201,102.98437755705613,9144.0
720.0,AXM710,1.5984729830013822,103.98744644251693,9144.0
720.0,AXM711,1.9607445025530417,102.59449965591729,9144.0
720.0,AXM712,1.9808882358803608,102.96314253688514,9144.0
720.0,AXM713,1.9425340435511196,102.61748841144639,9144.0
720.0,AXM5432,4.367493289338965,101.86035276415019,9144.0,"(AXM6190),(AXM6354)"
720.0,AXM5433,1.9189499181018712,108.63172408024926,9144.0,"(AXM6354),(AXM6190)"
720.0,AXM6056,2.421297009625888,111.84548779303597,9144.0,"(AXM711),(AXM713)"
720.0,AXM6057,2.0989036491047184,111.5731583533044,9144.0,"(AXM713),(AXM711)"
730.0,AXM5432,4.351495401072934,101.8857890954001,9144.0
730.0,AXM5433,1.9284132743742566,108.6010334320804,9144.0
730.0,AXM6056,2.43987013493813,111.86797620326584,9144.0
730.0,AXM6057,2.0855072398154717,111.54752200730024,9144.0
730.0,AXM6063,2.5494489810003578,111.98405258314257,9144.0
730.0,AXM6064,2.5165242643670345,112.22482082666886,9144.0
730.0,AXM6190,1.831374384503043,111.08215814035148,9144.0
730.0,AXM6191,3.302476187744747,112.67504404966103,9144.0
730.0,AXM6351,4.994457187773172,114.85616313982489,9144.0
730.0,AXM6354,1.8598415819574945,111.01750660031743,9144.0
730.0,AXM6355,5.282471982187049,115.23900145378086,9144.0
730.0,AXM6358,2.4458590168493988,111.4710590836747,9144.0
730.0,AXM6465,1.5979553193608798,110.76995094746941,9144.0
730.0,AXM6468,2.1347572872826746,111.40595844336649,9144.0
730.0,AXM6469,1.5436798354885284,110.49443981030994,9144.0
730.0,AXM705,1.6758132042298233,103.00583601150413,9144.0
730.0,AXM710,1.6226690723101458,103.98484830756638,9144.0
730.0,AXM711,1.9445521087636222,102.61599350006415,9144.0
730.0,AXM712,1.9881207762500837,102.93143346112798,9144.0
730.0,AXM713,1.9254330808386204,102.64020999423701,9144.0
730.0,AXM5432,4.351495401072934,101.8857890954001,9144.0,"(AXM6190),(AXM6354)"
730.0,AXM5433,1.9284132743742566,108.6010334320804,9144.0,"(AXM6354),(AXM6190)"
730.0,AXM6056,2.43987013493813,111.86797620326584,9144.0,"(AXM711),(AXM713)"
730.0,AXM6057,2.0855072398154717,111.54752200730024,9144.0,"(AXM713),(AXM711)"
740.0,AXM5432,4.335500127589331,101.91122654113795,9144.0
740.0,AXM5433,1.9379021041228828,108.57035048755687,9144.0
740.0,AXM6056,2.458471401707331,111.89044161156555,9144.0
740.0,AXM6057,2.0721101366607133,111.52188624195198,9144.0
740.0,AXM6063,2.569274170839966,112.00469948973503,9144.0
740.0,AXM6064,2.4973237460138584,112.20047088566702,9144.0
740.0,AXM6190,1.8504682730759816,111.10290123960439,9144.0
740.0,AXM6191,3.281217742082039,112.6495825017985,9144.0
740.0,AXM6351,4.975931211126832,114.83181727432816,9144.0
740.0,AXM6354,1.878352757922543,111.03885265975349,9144.0
740.0,AXM6355,5.264679905461362,115.2157361708291,9144.0
740.0,AXM6358,2.4702938023476237,111.48955960070252,9144.0
740.0,AXM6465,1.5964700255748312,110.745970798049,9144.0
740.0,AXM6468,2.1469914557403666,111.42566522573092,9144.0
740.0,AXM6469,1.5381336257220697,110.48051953342285,9144.0
740.0,AXM705,1.664389290782267,103.02733204945122,9144.0
740.0,AXM710,1.6468377571001271,103.98200630533208,9144.0
740.0,AXM711,1.9284336077713178,102.63738830264087,9144.0
740.0,AXM712,1.9953646674715013,102.89966762400363,9144.0
740.0,AXM713,1.9086238061778649,102.66254287999212,9144.0
740.0,AXM5432,4.335500127589331,101.91122654113795,9144.0,"(AXM6190),(AXM6354)"
740.0,AXM5433,1.9379021041228828,108.57035048755687,9144.0,"(AXM6354),(AXM6190)"
740.0,AXM6056,2.458471401707331,111.89044161156555,9144.0,"(AXM711),(AXM713)"
740.0,AXM6057,2.0721101366607133,111.52188624195198,9144.0,"(AXM713),(AXM711)"
750.0,AXM5432,4.319662541629155,101.93641029419076,9144.0
750.0,AXM5433,1.9474070988757495,108.53961166591293,9144.0
750.0,AXM6056,2.4770721802256954,111.91290773920042,9144.0
750.0,AXM6057,2.0587434961527933,111.49623477504356,9144.0
750.0,AXM6063,2.586263033554629,112.02736404282469,9144.0
750.0,AXM6064,2.478114855161509,112.17612791605791,9144.0
750.0,AXM6190,1.8698892996821521,111.12400176840688,9144.0
750.0,AXM6191,3.2599473670026393,112.62413149151965,9144.0
750.0,AXM6351,4.957185382673425,114.80719404783683,9144.0
750.0,AXM6354,1.8969756563544227,111.06010144217444,9144.0
750.0,AXM6355,5.246976989397972,115.19240305980614,9144.0
750.0,AXM6358,2.4950274207887846,111.5076582444722,9144.0
750.0,AXM6465,1.591410495067379,110.7224839095207,9144.0
750.0,AXM6468,2.159157164480805,111.44526289276259,9144.0
750.0,AXM6469,1.5328408854983395,110.46711824533452,9144.0
750.0,AXM705,1.6530545840267872,103.04865921860495,9144.0
750.0,AXM710,1.6724453570198692,103.97899502472177,9144.0
750.0,AXM711,1.9123117925252842,102.65878040325444,9144.0
750.0,AXM712,2.0025322935773584,102.86788433185724,9144.0
750.0,AXM713,1.89178372690725,102.684852303409,9144.0
750.0,AXM5432,4.319662541629155,101.93641029419076,9144.0,"(AXM6190),(AXM6354)"
750.0,AXM5433,1.9474070988757495,108.53961166591293,9144.0,"(AXM6354),(AXM6190)"
750.0,AXM6056,2.4770721802256954,111.91290773920042,9144.0,"(AXM711),(AXM713)"
750.0,AXM6057,2.0587434961527933,111.49623477504356,9144.0,"(AXM713),(AXM711)"
760.0,AXM5432,4.30382317079802,101.96159239339522,9144.0
760.0,AXM5433,1.9568933046203782,108.50886686045213,9144.0
760.0,AXM6056,2.495705621330382,111.93534705002098,9144.0
760.0,AXM6057,2.0453483543986137,111.47053050145047,9144.0
760.0,AXM6063,2.6029595313263743,112.04963986826789,9144.0
760.0,AXM6064,2.458650753020296,112.15146394830879,9144.0
760.0,AXM6190,1.8893323557505046,111.1450822130399,9144.0
760.0,AXM6191,3.238602663512822,112.59859374458007,9144.0
760.0,AXM6351,4.938240251632273,114.78272568891481,9144.0
760.0,AXM6354,1.9159171530420145,111.08171485197902,9144.0
760.0,AXM6355,5.229199997252288,115.1689759784989,9144.0
760.0,AXM6358,2.5196177321780913,111.52565306852357,9144.0
760.0,AXM6465,1.588102111310325,110.70037912027749,9144.0
760.0,AXM6468,2.1713864219707637,111.46482106889705,9144.0
760.0,AXM6469,1.5280057305071586,110.4551418135436,9144.0
760.0,AXM705,1.6416676600162419,103.06995840893748,9144.0
760.0,AXM710,1.6980704850700696,103.97613683536687,9144.0
760.0,AXM711,1.8958193597428348,102.68066335134814,9144.0
760.0,AXM712,2.0097114919420633,102.83604437034855,9144.0
760.0,AXM713,1.8750166567440323,102.70706391141061,9144.0
760.0,AXM5432,4.30382317079802,101.96159239339522,9144.0,"(AXM6190),(AXM6354)"
760.0,AXM5433,1.9568933046203782,108.50886686045213,9144.0,"(AXM6354),(AXM6190)"
760.0,AXM6056,2.495705621330382,111.93534705002098,9144.0,"(AXM711),(AXM713)"
760.0,AXM6057,2.0453483543986137,111.47053050145047,9144.0,"(AXM713),(AXM711)"
770.0,AXM5432,4.2879885187923925,101.98677695405455,9144.0
770.0,AXM5433,1.9663272452816232,108.47828795177257,9144.0
770.0,AXM6056,2.514184912542118,111.95760203881174,9144.0
770.0,AXM6057,2.031893199252388,111.4448578461643,9144.0
770.0,AXM6063,2.619655323145513,112.07191651997469,9144.0
770.0,AXM6064,2.4393205340560042,112.12669507503806,9144.0
770.0,AXM6190,1.908897368941882,111.16629654368025,9144.0
770.0,AXM6191,3.2172556965354757,112.57305843227714,9144.0
770.0,AXM6351,4.919112317105304,114.7580274741375,9144.0
770.0,AXM6354,1.934750762415744,111.10342268265181,9144.0
770.0,AXM6355,5.211308947414836,115.14563728170104,9144.0
770.0,AXM6358,2.545498737650351,111.5417327095033,9144.0
770.0,AXM6465,1.5850362971769056,110.67989762692882,9144.0
770.0,AXM6468,2.1835124556122745,111.48421540095728,9144.0
770.0,AXM6469,1.5233178508171445,110.44310695613048,9144.0
770.0,AXM705,1.6299811793420227,103.09181690472158,9144.0
770.0,AXM710,1.724437184110283,103.9731958525154,9144.0
770.0,AXM711,1.8793262213959239,102.70254555948874,9144.0
770.0,AXM712,2.016905653257787,102.80420764998004,9144.0
770.0,AXM713,1.8583230958170385,102.72933066724406,9144.0
770.0,AXM5432,4.2879885187923925,101.98677695405455,9144.0,"(AXM6190),(AXM6354)"
770.0,AXM5433,1.9663272452816232,108.47828795177257,9144.0,"(AXM6354),(AXM6190)"
770.0,AXM6056,2.514184912542118,111.95760203881174,9144.0,"(AXM711),(AXM713)"
770.0,AXM6057,2.031893199252388,111.4448578461643,9144.0,"(AXM713),(AXM711)"
780.0,AXM5432,4.271993494714001,102.01221243575878,9144.0
780.0,AXM5433,1.9757556789382877,108.44770716947629,9144.0
780.0,AXM6056,2.5326109249428654,111.9799015608431,9144.0
780.0,AXM6057,2.018325821403381,111.41897287757986,9144.0
780.0,AXM6063,2.6348703332636463,112.09523205791206,9144.0
780.0,AXM6064,2.419595111759612,112.1014219627667,9144.0
780.0,AXM6190,1.9283825185019805,111.18758457557809,9144.0
780.0,AXM6191,3.1959631573326757,112.54747810716646,9144.0
780.0,AXM6351,4.900198696638456,114.73316424857381,9144.0
780.0,AXM6354,1.9537024810032184,111.12526765129628,9144.0
780.0,AXM6355,5.193270533249587,115.12211004934164,9144.0
780.0,AXM6358,2.5713794871747955,111.55781308780526,9144.0
780.0,AXM6465,1.581999303343266,110.659411867013,9144.0
780.0,AXM6468,2.1956462706582185,111.50360501555224,9144.0
780.0,AXM6469,1.5187598760901253,110.43140597547803,9144.0
780.0,AXM705,1.6182974062615085,103.11367672266306,9144.0
780.0,AXM710,1.7508127963613769,103.97033594357674,9144.0
780.0,AXM711,1.8628409012197982,102.7244334587875,9144.0
780.0,AXM712,2.0241114044011845,102.77231430032,9144.0
780.0,AXM713,1.8418123712426226,102.75135249043669,9144.0
780.0,AXM5432,4.271993494714001,102.01221243575878,9144.0,"(AXM6190),(AXM6354)"
780.0,AXM5433,1.9757556789382877,108.44770716947629,9144.0,"(AXM6354),(AXM6190)"
780.0,AXM6056,2.5326109249428654,111.9799015608431,9144.0,"(AXM711),(AXM713)"
780.0,AXM6057,2.018325821403381,111.41897287757986,9144.0,"(AXM713),(AXM711)"
790.0,AXM5432,4.255980612921465,102.03763608645158,9144.0
790.0,AXM5433,1.9850802650758805,108.41745966911819,9144.0
790.0,AXM6056,2.551227885864636,112.00243351433306,9144.0
790.0,AXM6057,2.0048376051103745,111.39304673429137,9144.0
790.0,AXM6063,2.649581632482724,112.11777781018628,9144.0
790.0,AXM6064,2.399888241081559,112.07613472227831,9144.0
790.0,AXM6190,1.948110496645738,111.20913957594067,9144.0
790.0,AXM6191,3.174668033258135,112.52190046963467,9144.0
790.0,AXM6351,4.880928610144875,114.70783730588923,9144.0
790.0,AXM6354,1.9726915368309852,111.14708038182627,9144.0
790.0,AXM6355,5.175291325123852,115.09853783904151,9144.0
790.0,AXM6358,2.5970884009374027,111.57416766600144,9144.0
790.0,AXM6465,1.5791972051310499,110.64051316177705,9144.0
790.0,AXM6468,2.2075205858041076,111.52269838372636,9144.0
790.0,AXM6469,1.514009837355334,110.41978171790855,9144.0
790.0,AXM705,1.6063459399283413,103.13603635098153,9144.0
790.0,AXM710,1.7773728394139694,103.96745595483723,9144.0
790.0,AXM711,1.8459874705044856,102.74680849361279,9144.0
790.0,AXM712,2.0312981681763413,102.74041651972581,9144.0
790.0,AXM713,1.825241586394471,102.77332890540151,9144.0
790.0,AXM5432,4.255980612921465,102.03763608645158,9144.0,"(AXM6190),(AXM6354)"
790.0,AXM5433,1.9850802650758805,108.41745966911819,9144.0,"(AXM6354),(AXM6190)"
790.0,AXM6056,2.551227885864636,112.00243351433306,9144.0,"(AXM711),(AXM713)"
790.0,AXM6057,2.0048376051103745,111.39304673429137,9144.0,"(AXM713),(AXM711)"
800.0,AXM5432,4.239997934242853,102.06300783688974,9144.0
800.0,AXM5433,1.9944314927791555,108.38722023299368,9144.0
800.0,AXM6056,2.5698172866542337,112.0249885833474,9144.0
800.0,AXM6057,1.9912381289853343,111.36690854195325,9144.0
800.0,AXM6063,2.6649699462332004,112.13986630477562,9144.0
800.0,AXM6064,2.3798959592273836,112.05048305013872,9144.0
800.0,AXM6190,1.9679005464008867,111.23063778911688,9144.0
800.0,AXM6191,3.153361387073684,112.4963329845546,9144.0
800.0,AXM6351,4.8615404797909525,114.68260200022871,9144.0
800.0,AXM6354,1.991838104829991,111.16907507227273,9144.0
800.0,AXM6355,5.157201818524888,115.07482478666326,9144.0
800.0,AXM6358,2.6225472329525807,111.59036408155308,9144.0
800.0,AXM6465,1.5763559410702899,110.62162033537557,9144.0
800.0,AXM6468,2.219394502773977,111.54179215283318,9144.0
800.0,AXM6469,1.5097232171950041,110.40929212049126,9144.0
800.0,AXM705,1.5944859766628239,103.15844455713084,9144.0
800.0,AXM710,1.8035903516263025,103.96231879238312,9144.0
800.0,AXM711,1.8291836458496658,102.76922063471518,9144.0
800.0,AXM712,2.038483857199945,102.70851835455952,9144.0
800.0,AXM713,1.8086335729883642,102.79535367503831,9144.0
800.0,AXM5432,4.239997934242853,102.06300783688974,9144.0,"(AXM6190),(AXM6354)"
800.0,AXM5433,1.9944314927791555,108.38722023299368,9144.0,"(AXM6354),(AXM6190)"
800.0,AXM6056,2.5698172866542337,112.0249885833474,9144.0,"(AXM711),(AXM713)"
800.0,AXM6057,1.9912381289853343,111.36690854195325,9144.0,"(AXM713),(AXM711)"
810.0,AXM5432,4.224129590944445,102.08845112481183,9144.0
810.0,AXM5433,2.003781801740997,108.35698034017379,9144.0
810.0,AXM6056,2.5885586197576282,112.04772936757702,9144.0
810.0,AXM6057,1.9775339864304995,111.34082535587856,9144.0
810.0,AXM6063,2.6804982609766195,112.16215779713039,9144.0
810.0,AXM6064,2.3618186932266436,112.02344568895182,9144.0
810.0,AXM6190,1.9877711690765913,111.2522250483829,9144.0
810.0,AXM6191,3.132016274774662,112.47072354915205,9144.0
810.0,AXM6351,4.8418669245855,114.65699967905952,9144.0
810.0,AXM6354,2.0110227949768227,111.19103673563426,9144.0
810.0,AXM6355,5.139153165791272,115.0510810451338,9144.0
810.0,AXM6358,2.647477549838825,111.60736475072946,9144.0
810.0,AXM6465,1.5735745873675957,110.60312854749692,9144.0
810.0,AXM6468,2.231329158199875,111.56084811330153,9144.0
810.0,AXM6469,1.5094396370828842,110.39796343905121,9144.0
810.0,AXM705,1.5824205417408574,103.18123996902293,9144.0
810.0,AXM710,1.8287371923843725,103.95329429342995,9144.0
810.0,AXM711,1.8124887548395494,102.79148582149668,9144.0
810.0,AXM712,2.045658857137117,102.67661763786026,9144.0
810.0,AXM713,1.7920373126768707,102.81738711052847,9144.0
810.0,AXM5432,4.224129590944445,102.08845112481183,9144.0,"(AXM6190),(AXM6354)"
810.0,AXM5433,2.003781801740997,108.35698034017379,9144.0,"(AXM6354),(AXM6190)"
810.0,AXM6056,2.5885586197576282,112.04772936757702,9144.0,"(AXM711),(AXM713)"
810.0,AXM6057,1.9775339864304995,111.34082535587856,9144.0,"(AXM713),(AXM711)"
820.0,AXM5432,4.208228198494693,102.11394346989543,9144.0
820.0,AXM5433,2.013079411426208,108.3267240107302,9144.0
820.0,AXM6056,2.6072980836018345,112.07047203283703,9144.0
820.0,AXM6057,1.9637735885034395,111.3146368711026,9144.0
820.0,AXM6063,2.6957558979102147,112.18463611124056,9144.0
820.0,AXM6064,2.3436445211357424,111.99626528193284,9144.0
820.0,AXM6190,2.0076472179204714,111.27380756684686,9144.0
820.0,AXM6191,3.1106264613928327,112.44515207011618,9144.0
820.0,AXM6351,4.822263534261128,114.63134395047418,9144.0
820.0,AXM6354,2.0304042177480754,111.21322466979886,9144.0
820.0,AXM6355,5.120778770763037,115.02691234410587,9144.0
820.0,AXM6358,2.672309474649182,111.62429932019857,9144.0
820.0,AXM6465,1.570800497778076,110.58463569223201,9144.0
820.0,AXM6468,2.243194403288209,111.57979429253288,9144.0
820.0,AXM6469,1.5051560969311497,110.38755091393509,9144.0
820.0,AXM705,1.5702498881173936,103.2039792021282,9144.0
820.0,AXM710,1.8540001870040808,103.9442278323965,9144.0
820.0,AXM711,1.7956796468843053,102.81366461531135,9144.0
820.0,AXM712,2.0528327965145055,102.64471653941662,9144.0
820.0,AXM713,1.7754038844515432,102.8394688931416,9144.0
820.0,AXM5432,4.208228198494693,102.11394346989543,9144.0,"(AXM6190),(AXM6354)"
820.0,AXM5433,2.013079411426208,108.3267240107302,9144.0,"(AXM6354),(AXM6190)"
820.0,AXM6056,2.6072980836018345,112.07047203283703,9144.0,"(AXM711),(AXM713)"
820.0,AXM6057,1.9637735885034395,111.3146368711026,9144.0,"(AXM713),(AXM711)"
830.0,AXM5432,4.192160494028359,102.13933022787816,9144.0
830.0,AXM5433,2.022444550726577,108.29624451158064,9144.0
830.0,AXM6056,2.626161124779195,112.09311243466077,9144.0
830.0,AXM6057,1.9500577092232938,111.28842522979096,9144.0
830.0,AXM6063,2.7107006953727026,112.2066558582631,9144.0
830.0,AXM6064,2.325642161862538,111.96897093375743,9144.0
830.0,AXM6190,2.0275631658134734,111.29543501592421,9144.0
830.0,AXM6191,3.089308604016851,112.41967026182243,9144.0
830.0,AXM6351,4.8023422637258975,114.6052765041242,9144.0
830.0,AXM6354,2.049791215173556,111.23540799445657,9144.0
830.0,AXM6355,5.10231983731397,115.00280936115549,9144.0
830.0,AXM6358,2.696030306687933,111.64276163355918,9144.0
830.0,AXM6465,1.5680660533889235,110.56641122840766,9144.0
830.0,AXM6468,2.2550689736800376,111.59873477370112,9144.0
830.0,AXM6469,1.4994141898442546,110.3777822789331,9144.0
830.0,AXM705,1.5581083478255406,103.22666299933927,9144.0
830.0,AXM710,1.8792631182938175,103.9351610644293,9144.0
830.0,AXM711,1.7790542507909295,102.83559914704107,9144.0
830.0,AXM712,2.0600576084738993,102.61282679422803,9144.0
830.0,AXM713,1.758804773965608,102.8615763115341,9144.0
830.0,AXM5432,4.192160494028359,102.13933022787816,9144.0,"(AXM6057),(AXM6190)"
830.0,AXM5433,2.022444550726577,108.29624451158064,9144.0,"(AXM6190),(AXM6057)"
830.0,AXM6056,2.626161124779195,112.09311243466077,9144.0,"(AXM6190),(AXM6354)"
830.0,AXM6057,1.9500577092232938,111.28842522979096,9144.0,"(AXM6354),(AXM6190)"
830.0,AXM6063,2.7107006953727026,112.2066558582631,9144.0,"(AXM711),(AXM713)"
830.0,AXM6064,2.325642161862538,111.96897093375743,9144.0,"(AXM713),(AXM711)"
840.0,AXM5432,4.176091318995025,102.16471552920363,9144.0
840.0,AXM5433,2.031906751920275,108.26579486442589,9144.0
840.0,AXM6056,2.6451375245760342,112.11589214756187,9144.0
840.0,AXM6057,1.936368965634919,111.26226705392065,9144.0
840.0,AXM6063,2.7258667813406663,112.22852371480053,9144.0
840.0,AXM6064,2.3077027005204767,111.94177361635626,9144.0
840.0,AXM6190,2.0474310601084573,111.31710694002803,9144.0
840.0,AXM6191,3.0680082243690117,112.39417430924574,9144.0
840.0,AXM6351,4.782340525660432,114.57927194694727,9144.0
840.0,AXM6354,2.0691384304848754,111.2575468792642,9144.0
840.0,AXM6355,5.0837153536471344,114.97851986958206,9144.0
840.0,AXM6358,2.719609958847931,111.66111522438065,9144.0
840.0,AXM6465,1.5659127018872174,110.54810896666888,9144.0
840.0,AXM6468,2.2668394027037424,111.61751008997254,9144.0
840.0,AXM6469,1.4936722247977021,110.36801370359893,9144.0
840.0,AXM705,1.5460283415531495,103.24937952001969,9144.0
840.0,AXM710,1.9040325385565393,103.92482049219886,9144.0
840.0,AXM711,1.7625668668868169,102.85763750942147,9144.0
840.0,AXM712,2.067268645178487,102.58099289892,9144.0
840.0,AXM713,1.7421319236726176,102.88378090794176,9144.0
840.0,AXM5432,4.176091318995025,102.16471552920363,9144.0,"(AXM6057),(AXM6190)"
840.0,AXM5433,2.031906751920275,108.26579486442589,9144.0,"(AXM6190),(AXM6057)"
840.0,AXM6056,2.6451375245760342,112.11589214756187,9144.0,"(AXM6190),(AXM6354)"
840.0,AXM6057,1.936368965634919,111.26226705392065,9144.0,"(AXM6354),(AXM6190)"
840.0,AXM6063,2.7258667813406663,112.22852371480053,9144.0,"(AXM711),(AXM713)"
840.0,AXM6064,2.3077027005204767,111.94177361635626,9144.0,"(AXM713),(AXM711)"
850.0,AXM5432,4.160096146367059,102.19014725536329,9144.0
850.0,AXM5433,2.0414197773032496,108.23517826952087,9144.0
850.0,AXM6056,2.6639680157405508,112.13879322675815,9144.0
850.0,AXM6057,1.9226991136727183,111.2360991996699,9144.0
850.0,AXM6063,2.7407129714254914,112.24993338821005,9144.0
850.0,AXM6064,2.2897625770065813,111.91457707828346,9144.0
850.0,AXM6190,2.0675003417108115,111.33899986625876,9144.0
850.0,AXM6191,3.046853635938677,112.36885616730615,9144.0
850.0,AXM6351,4.7622666733208385,114.55317816782919,9144.0
850.0,AXM6354,2.0884056653455647,111.27975576698066,9144.0
850.0,AXM6355,5.065166485178261,114.9541882439629,9144.0
850.0,AXM6358,2.7415084616371668,111.68144986129255,9144.0
850.0,AXM6465,1.5597874847467093,110.53094537132301,9144.0
850.0,AXM6468,2.2784966911994537,111.6363561244205,9144.0
850.0,AXM6469,1.4891890838525996,110.35760673552988,9144.0
850.0,AXM705,1.5341244677252392,103.27176376847763,9144.0
850.0,AXM710,1.928744942965981,103.91450337281024,9144.0
850.0,AXM711,1.7462622158641374,102.87942950149768,9144.0
850.0,AXM712,2.0744285118039567,102.54914729681076,9144.0
850.0,AXM713,1.7282327265863877,102.90782067310441,9144.0
850.0,AXM5432,4.160096146367059,102.19014725536329,9144.0,"(AXM6190),(AXM6354)"
850.0,AXM5433,2.0414197773032496,108.23517826952087,9144.0,"(AXM6354),(AXM6190)"
850.0,AXM6056,2.6639680157405508,112.13879322675815,9144.0,"(AXM711),(AXM713)"
850.0,AXM6057,1.9226991136727183,111.2360991996699,9144.0,"(AXM713),(AXM711)"
860.0,AXM5432,4.14400456104721,102.21572859601186,9144.0
860.0,AXM5433,2.050840435410531,108.2045329111161,9144.0
860.0,AXM6056,2.6829112969126907,112.16183359822075,9144.0
860.0,AXM6057,1.909250779697977,111.2103569633534,9144.0
860.0,AXM6063,2.7553341717358717,112.27149795549424,9144.0
860.0,AXM6064,2.271821320410653,111.88738162804749,9144.0
860.0,AXM6190,2.087683203674107,111.36078827006932,9144.0
860.0,AXM6191,3.0257220858498695,112.34351923465758,9144.0
860.0,AXM6351,4.742266979331422,114.52702787083274,9144.0
860.0,AXM6354,2.1077900503510785,111.30210081051179,9144.0
860.0,AXM6355,5.046437113772909,114.92962337743472,9144.0
860.0,AXM6358,2.763450087390858,111.70182590302801,9144.0
860.0,AXM6465,1.551352260559605,110.5148689839917,9144.0
860.0,AXM6468,2.2898745281678483,111.65460540444849,9144.0
860.0,AXM6469,1.484877105702803,110.34760001205478,9144.0
860.0,AXM705,1.522175719501668,103.29412395353992,9144.0
860.0,AXM710,1.9536341038300482,103.90462063589648,9144.0
860.0,AXM711,1.7309683841781582,102.90194289197268,9144.0
860.0,AXM712,2.0815622446479796,102.51741398017937,9144.0
860.0,AXM713,1.7151036977450682,102.93052699178577,9144.0
860.0,AXM5432,4.14400456104721,102.21572859601186,9144.0,"(AXM6190),(AXM6354)"
860.0,AXM5433,2.050840435410531,108.2045329111161,9144.0,"(AXM6354),(AXM6190)"
860.0,AXM6056,2.6829112969126907,112.16183359822075,9144.0,"(AXM711),(AXM713)"
860.0,AXM6057,1.909250779697977,111.2103569633534,9144.0,"(AXM713),(AXM711)"
870.0,AXM5432,4.127909505769334,102.24130722255379,9144.0
870.0,AXM5433,2.0601920508355382,108.17410941852246,9144.0
870.0,AXM6056,2.7019527467204525,112.18479308637647,9144.0
870.0,AXM6057,1.8958065463397147,111.1846127834774,9144.0
870.0,AXM6063,2.76984978484258,112.29290823709854,9144.0
870.0,AXM6064,2.2538557529154213,111.86020259371698,9144.0
870.0,AXM6190,2.107906027623878,111.38262122555587,9144.0
870.0,AXM6191,3.004515815086085,112.31809557572008,9144.0
870.0,AXM6351,4.722265922734538,114.50087937883127,9144.0
870.0,AXM6354,2.127224081615362,111.32440291010377,9144.0
870.0,AXM6355,5.027664664593604,114.90509238035071,9144.0
870.0,AXM6358,2.784267950961073,111.72335176750776,9144.0
870.0,AXM6465,1.5454264092095902,110.49894505177231,9144.0
870.0,AXM6468,2.300832976446891,111.67218323802068,9144.0
870.0,AXM6469,1.481277108896265,110.33924558336777,9144.0
870.0,AXM705,1.510256204738811,103.31642840848403,9144.0
870.0,AXM710,1.9768931800457417,103.89097502864851,9144.0
870.0,AXM711,1.7185238294301703,102.92573313469157,9144.0
870.0,AXM712,2.088694911769112,102.4856802798425,9144.0
870.0,AXM713,1.7030187419668459,102.95380614409294,9144.0
870.0,AXM5432,4.127909505769334,102.24130722255379,9144.0,"(AXM6190),(AXM6354)"
870.0,AXM5433,2.0601920508355382,108.17410941852246,9144.0,"(AXM6354),(AXM6190)"
870.0,AXM6056,2.7019527467204525,112.18479308637647,9144.0,"(AXM711),(AXM713)"
870.0,AXM6057,1.8958065463397147,111.1846127834774,9144.0,"(AXM713),(AXM711)"
880.0,AXM5432,4.111813120494794,102.2668844902277,9144.0
880.0,AXM5433,2.069542812886989,108.1436854842736,9144.0
880.0,AXM6056,2.720419703097158,112.20706199511902,9144.0
880.0,AXM6057,1.8823061463338682,111.15876257634324,9144.0
880.0,AXM6063,2.7844629878914744,112.314252137805,9144.0
880.0,AXM6064,2.2358577143226337,111.8329762074388,9144.0
880.0,AXM6190,2.128011128926638,111.40456306645933,9144.0
880.0,AXM6191,2.983312947489384,112.29266956283055,9144.0
880.0,AXM6351,4.702224301669613,114.47476292987301,9144.0
880.0,AXM6354,2.1468535760003444,111.34693047186981,9144.0
880.0,AXM6355,5.008783439606042,114.88042271627485,9144.0
880.0,AXM6358,2.8036053248856554,111.74519164329111,9144.0
880.0,AXM6465,1.5399843461866203,110.48432195926605,9144.0
880.0,AXM6468,2.311831984310364,111.68973581544151,9144.0
880.0,AXM705,1.4982850348104013,103.33870504040222,9144.0
880.0,AXM710,1.9987792968825193,103.87490442001226,9144.0
880.0,AXM711,1.706222122503133,102.94924914265502,9144.0
880.0,AXM712,2.0958403683712037,102.45394931611558,9144.0
880.0,AXM713,1.6912785487845998,102.976420009418,9144.0
880.0,AXM5432,4.111813120494794,102.2668844902277,9144.0,"(AXM6190),(AXM6354)"
880.0,AXM5433,2.069542812886989,108.1436854842736,9144.0,"(AXM6354),(AXM6190)"
880.0,AXM6056,2.720419703097158,112.20706199511902,9144.0,"(AXM711),(AXM713)"
880.0,AXM6057,1.8823061463338682,111.15876257634324,9144.0,"(AXM713),(AXM711)"
890.0,AXM5432,4.095722117307767,102.29246464625379,9144.0
890.0,AXM5433,2.0789159368660086,108.11326826070167,9144.0
890.0,AXM6056,2.738477980524951,112.22966465967708,9144.0
890.0,AXM6057,1.8687953755920113,111.13291799344695,9144.0
890.0,AXM6063,2.798969794211101,112.33544180187239,9144.0
890.0,AXM6064,2.2189947418066263,111.80503183233415,9144.0
890.0,AXM6190,2.148115681846024,111.42650569796909,9144.0
890.0,AXM6191,2.962182460557203,112.26733321063804,9144.0
890.0,AXM6351,4.68235701645592,114.44887711893054,9144.0
890.0,AXM6354,2.166496954208409,111.3694462020555,9144.0
890.0,AXM6355,4.989921440803132,114.85573894702479,9144.0
890.0,AXM6358,2.8227028054660774,111.76676199606034,9144.0
890.0,AXM6465,1.5339831226061806,110.46991951470622,9144.0
890.0,AXM6468,2.322334866818775,111.7064987923266,9144.0
890.0,AXM705,1.4864326437835562,103.36075958354829,9144.0
890.0,AXM710,2.017990968605566,103.85571273496201,9144.0
890.0,AXM711,1.69374642401672,102.97267307601854,9144.0
890.0,AXM712,2.1029847848736263,102.42221797282969,9144.0
890.0,AXM713,1.6792454237926235,102.99887909752732,9144.0
890.0,AXM5432,4.095722117307767,102.29246464625379,9144.0,"(AXM6190),(AXM6354)"
890.0,AXM5433,2.0789159368660086,108.11326826070167,9144.0,"(AXM6354),(AXM6190)"
890.0,AXM6056,2.738477980524951,112.22966465967708,9144.0,"(AXM711),(AXM713)"
890.0,AXM6057,1.8687953755920113,111.13291799344695,9144.0,"(AXM713),(AXM711)"
900.0,AXM5432,4.079629805536499,102.318043461438,9144.0
900.0,AXM5433,2.0882540906934524,108.08296198754651,9144.0
900.0,AXM6056,2.7558543091165744,112.25141595670168,9144.0
900.0,AXM6057,1.8555632051302535,111.10760783464568,9144.0
900.0,AXM6063,2.81347616427444,112.35663202829153,9144.0
900.0,AXM6064,2.2027913916606767,111.77818242161352,9144.0
900.0,AXM6190,2.16828369725587,111.4483902219611,9144.0
900.0,AXM6191,2.9410144110663294,112.24202879893947,9144.0
900.0,AXM6351,4.662466049477591,114.42301035693497,9144.0
900.0,AXM6354,2.1863352381306633,111.39218651646023,9144.0
900.0,AXM6355,4.970879703653713,114.8308234260346,9144.0
900.0,AXM6358,2.8410222025931695,111.78899890205707,9144.0
900.0,AXM6465,1.528832478318912,110.4571129214839,9144.0
900.0,AXM6468,2.3327665945806193,111.72314832689717,9144.0
900.0,AXM705,1.474702302413088,103.3828792105264,9144.0
900.0,AXM710,2.037152914268058,103.83621182223139,9144.0
900.0,AXM711,1.6815039030854921,102.99565809360993,9144.0
900.0,AXM712,2.1101069944590742,102.39048148590729,9144.0
900.0,AXM713,1.66700515916769,103.0217237718232,9144.0
900.0,AXM5432,4.079629805536499,102.318043461438,9144.0,"(AXM6190),(AXM6354)"
900.0,AXM5433,2.0882540906934524,108.08296198754651,9144.0,"(AXM6354),(AXM6190)"
900.0,AXM6056,2.7558543091165744,112.25141595670168,9144.0,"(AXM711),(AXM713)"
900.0,AXM6057,1.8555632051302535,111.10760783464568,9144.0,"(AXM713),(AXM711)"
910.0,AXM5432,4.063569842175127,102.34364219191643,9144.0
910.0,AXM5433,2.0975915474772813,108.05265531884162,9144.0
910.0,AXM6056,2.773500108333684,112.2729490338626,9144.0
910.0,AXM6057,1.8423064570292258,111.08231074270645,9144.0
910.0,AXM6063,2.8279820549069625,112.37782284803949,9144.0
910.0,AXM6064,2.1880496767098547,111.75050259035659,9144.0
910.0,AXM6190,2.188693095539256,111.47053798466396,9144.0
910.0,AXM6191,2.9205129966083896,112.2175235524911,9144.0
910.0,AXM6351,4.642503409254035,114.39705373208572,9144.0
910.0,AXM6354,2.206166177304019,111.41493354748762,9144.0
910.0,AXM6355,4.951861294532379,114.8058906775936,9144.0
910.0,AXM6358,2.8571223834904718,111.81325839504241,9144.0
910.0,AXM6465,1.524353006679111,110.44597567118043,9144.0
910.0,AXM705,1.465975491089719,103.40573913692677,9144.0
910.0,AXM710,2.053176931506341,103.8140567747363,9144.0
910.0,AXM711,1.669228355971352,103.01862533085061,9144.0
910.0,AXM712,2.117164835875476,102.35902683691056,9144.0
910.0,AXM713,1.6547510643572458,103.04456088255604,9144.0
910.0,AXM5432,4.063569842175127,102.34364219191643,9144.0,"(AXM6190),(AXM6354)"
910.0,AXM5433,2.0975915474772813,108.05265531884162,9144.0,"(AXM6354),(AXM6190)"
910.0,AXM6056,2.773500108333684,112.2729490338626,9144.0,"(AXM711),(AXM713)"
910.0,AXM6057,1.8423064570292258,111.08231074270645,9144.0,"(AXM713),(AXM711)"
920.0,AXM5432,4.047508757069104,102.36923970630338,9144.0
920.0,AXM5433,2.10692821675258,108.02234822590297,9144.0
920.0,AXM6056,2.7909898063602743,112.29429438737735,9144.0
920.0,AXM6057,1.8293308618507937,111.05755160572645,9144.0
920.0,AXM6063,2.8424871895097286,112.39901445225414,9144.0
920.0,AXM6064,2.174153248027526,111.72441180114454,9144.0
920.0,AXM6190,2.20905072527686,111.49273371323847,9144.0
920.0,AXM6191,2.9000162494937687,112.1930148376051,9144.0
920.0,AXM6351,4.6225528498561514,114.37108849201063,9144.0
920.0,AXM6354,2.2262689000498144,111.43799354778531,9144.0
920.0,AXM6355,4.932416309187345,114.78040218408087,9144.0
920.0,AXM6358,2.8732883216009393,111.83761876903363,9144.0
920.0,AXM6465,1.5202796608827285,110.4353237458546,9144.0
920.0,AXM705,1.4614019914528595,103.42919406705941,9144.0
920.0,AXM710,2.0658458762246505,103.78954735168631,9144.0
920.0,AXM711,1.657099503109986,103.04131701976041,9144.0
920.0,AXM712,2.124204640047917,102.32756799746754,9144.0
920.0,AXM713,1.6423493985058053,103.06767200290936,9144.0
920.0,AXM5432,4.047508757069104,102.36923970630338,9144.0,"(AXM6190),(AXM6354)"
920.0,AXM5433,2.10692821675258,108.02234822590297,9144.0,"(AXM6354),(AXM6190)"
920.0,AXM6056,2.7909898063602743,112.29429438737735,9144.0,"(AXM711),(AXM713)"
920.0,AXM6057,1.8293308618507937,111.05755160572645,9144.0,"(AXM713),(AXM711)"
930.0,AXM5432,4.031364788872095,102.39478425866422,9144.0
930.0,AXM5433,2.116263456164679,107.9920405098384,9144.0
930.0,AXM6056,2.8085657425733794,112.3155689381996,9144.0
930.0,AXM6057,1.8163753216187357,111.0327821363796,9144.0
930.0,AXM6063,2.857052335021025,112.42016502142096,9144.0
930.0,AXM6064,2.1582914357231924,111.69965137973333,9144.0
930.0,AXM6190,2.2296081287438025,111.51514859611193,9144.0
930.0,AXM6191,2.8800434396900125,112.16913451743918,9144.0
930.0,AXM6351,4.602565932330542,114.34507916189918,9144.0
930.0,AXM6354,2.2463712483394103,111.4610541909604,9144.0
930.0,AXM6355,4.912973265027878,114.75491294373941,9144.0
930.0,AXM6358,2.887873790478317,111.86295980997672,9144.0
930.0,AXM6465,1.516241949898518,110.42535975381102,9144.0
930.0,AXM705,1.4609372585519458,103.45295859881197,9144.0
930.0,AXM710,2.0783287014004874,103.7649422975439,9144.0
930.0,AXM711,1.645026113179019,103.0640381536448,9144.0
930.0,AXM712,2.1311037222375977,102.29673306960328,9144.0
930.0,AXM713,1.6299464296139226,103.09078228051708,9144.0
930.0,AXM5432,4.031364788872095,102.39478425866422,9144.0,"(AXM6190),(AXM6354)"
930.0,AXM5433,2.116263456164679,107.9920405098384,9144.0,"(AXM6354),(AXM6190)"
930.0,AXM6056,2.8085657425733794,112.3155689381996,9144.0,"(AXM711),(AXM713)"
930.0,AXM6057,1.8163753216187357,111.0327821363796,9144.0,"(AXM713),(AXM711)"
940.0,AXM5432,4.015156299325164,102.42042797163606,9144.0
940.0,AXM5433,2.123287336818968,107.96111431123859,9144.0
940.0,AXM6056,2.825670924529519,112.33627614404729,9144.0
940.0,AXM6057,1.8035890157613,111.0083375937639,9144.0
940.0,AXM6063,2.8715101912183476,112.44116145807064,9144.0
940.0,AXM6064,2.143079625933598,111.67590704699066,9144.0
940.0,AXM6190,2.250182306061618,111.53754837484996,9144.0
940.0,AXM6191,2.8600836650505324,112.14524369076432,9144.0
940.0,AXM6351,4.582576303059222,114.31907265821003,9144.0
940.0,AXM6354,2.2665506776923046,111.48420449900955,9144.0
940.0,AXM6355,4.893493584167276,114.72937923414774,9144.0
940.0,AXM6358,2.9025781828313186,111.88850938330965,9144.0
940.0,AXM6465,1.5123683288671996,110.41580091013097,9144.0
940.0,AXM705,1.4645707070641447,103.47644817816966,9144.0
940.0,AXM710,2.090838539401477,103.74028217929384,9144.0
940.0,AXM711,1.6331287577020719,103.08642693933821,9144.0
940.0,AXM712,2.138047669132003,102.26590808886807,9144.0
940.0,AXM713,1.6163072309442594,103.1131844676702,9144.0
940.0,AXM5432,4.015156299325164,102.42042797163606,9144.0,"(AXM6190),(AXM6354)"
940.0,AXM5433,2.123287336818968,107.96111431123859,9144.0,"(AXM6354),(AXM6190)"
940.0,AXM6056,2.825670924529519,112.33627614404729,9144.0,"(AXM711),(AXM713)"
940.0,AXM6057,1.8035890157613,111.0083375937639,9144.0,"(AXM713),(AXM711)"
950.0,AXM5432,3.999009082519923,102.44610999381086,9144.0
950.0,AXM5433,2.130271823398326,107.93035853849834,9144.0
950.0,AXM6056,2.8426042247502723,112.35712478762952,9144.0
950.0,AXM6057,1.7907696500461556,110.98391056106101,9144.0
950.0,AXM6063,2.8859385382559815,112.4621785009397,9144.0
950.0,AXM6064,2.1254737053039934,111.65388199493036,9144.0
950.0,AXM6190,2.2708758922494434,111.56007953489438,9144.0
950.0,AXM6191,2.840274089025571,112.1215341330293,9144.0
950.0,AXM6351,4.562615707110484,114.29304444618975,9144.0
950.0,AXM6354,2.286728844970557,111.50735623297945,9144.0
950.0,AXM6355,4.873976701008976,114.70387489992335,9144.0
950.0,AXM6358,2.9172817369748674,111.91405977356838,9144.0
950.0,AXM6465,1.508644281228577,110.40618278263021,9144.0
950.0,AXM705,1.4690125470089295,103.49979834394733,9144.0
950.0,AXM710,2.1040005687462306,103.71596415928907,9144.0
950.0,AXM711,1.6211803648775795,103.10878837460999,9144.0
950.0,AXM712,2.1449392512145122,102.2353108353129,9144.0
950.0,AXM713,1.5993703211910446,103.13312642513334,9144.0
950.0,AXM5432,3.999009082519923,102.44610999381086,9144.0,"(AXM6190),(AXM6354)"
950.0,AXM5433,2.130271823398326,107.93035853849834,9144.0,"(AXM6354),(AXM6190)"
950.0,AXM6056,2.8426042247502723,112.35712478762952,9144.0,"(AXM711),(AXM713)"
950.0,AXM6057,1.7907696500461556,110.98391056106101,9144.0,"(AXM713),(AXM711)"
960.0,AXM5432,3.982829222461751,102.47184102967039,9144.0
960.0,AXM5433,2.1372556875193465,107.8996024845341,9144.0
960.0,AXM6056,2.859067826505816,112.37739675582151,9144.0
960.0,AXM6057,1.777949806710554,110.95948394953034,9144.0
960.0,AXM6063,2.900188323409249,112.48293716175057,9144.0
960.0,AXM6064,2.1080953682004946,111.63214274729121,9144.0
960.0,AXM6190,2.291599954862307,111.58258294617657,9144.0
960.0,AXM6191,2.82046397770889,112.09782542892201,9144.0
960.0,AXM6351,4.542583506665824,114.2669266060356,9144.0
960.0,AXM6354,2.3068667248208485,111.53054340106145,9144.0
960.0,AXM6355,4.854884313566184,114.67892870715417,9144.0
960.0,AXM6358,2.9320054756466667,111.93959884265664,9144.0
960.0,AXM6465,1.504843035441523,110.39667349658058,9144.0
960.0,AXM705,1.473477945147944,103.52327423483689,9144.0
960.0,AXM710,2.1135989294124173,103.69002973509022,9144.0
960.0,AXM711,1.6095584717914773,103.1305376952393,9144.0
960.0,AXM712,2.151798363800173,102.20470613890296,9144.0
960.0,AXM713,1.5794803518964167,103.15021728532206,9144.0
960.0,AXM5432,3.982829222461751,102.47184102967039,9144.0,"(AXM6190),(AXM6354)"
960.0,AXM5433,2.1372556875193465,107.8996024845341,9144.0,"(AXM6354),(AXM6190)"
960.0,AXM6056,2.859067826505816,112.37739675582151,9144.0,"(AXM711),(AXM713)"
960.0,AXM6057,1.777949806710554,110.95948394953034,9144.0,"(AXM713),(AXM711)"
970.0,AXM5432,3.966642180342996,102.49756702108299,9144.0
970.0,AXM5433,2.14423892675789,107.86884614836099,9144.0
970.0,AXM6056,2.8752290015355566,112.39791152606553,9144.0
970.0,AXM6057,1.7651571592949056,110.93504323908638,9144.0
970.0,AXM6063,2.9144204993995153,112.5037081924047,9144.0
970.0,AXM6064,2.0915440535756087,111.60976680289998,9144.0
970.0,AXM6190,2.3125231393966605,111.60530392803119,9144.0
970.0,AXM6191,2.8006533109029954,112.07411759252874,9144.0
970.0,AXM6351,4.522512089511114,114.24083980636303,9144.0
970.0,AXM6354,2.326693102623126,111.55337496988957,9144.0
970.0,AXM6355,4.835836893890067,114.65394861913083,9144.0
970.0,AXM6358,2.9469073720879475,111.96544924240008,9144.0
970.0,AXM6465,1.501014652996181,110.38709648206607,9144.0
970.0,AXM705,1.4779426614088806,103.54675030263054,9144.0
970.0,AXM710,2.1232603549149935,103.66392313812703,9144.0
970.0,AXM711,1.597967856704017,103.15230359047219,9144.0
970.0,AXM712,2.1586308798591767,102.17421539055091,9144.0
970.0,AXM713,1.557213661302947,103.16394916525604,9144.0
970.0,AXM5432,3.966642180342996,102.49756702108299,9144.0,"(AXM6190),(AXM6354)"
970.0,AXM5433,2.14423892675789,107.86884614836099,9144.0,"(AXM6354),(AXM6190)"
970.0,AXM6056,2.8752290015355566,112.39791152606553,9144.0,"(AXM711),(AXM713)"
970.0,AXM6057,1.7651571592949056,110.93504323908638,9144.0,"(AXM713),(AXM711)"
980.0,AXM5432,3.950477796734424,102.5233068214744,9144.0
980.0,AXM5433,2.1512215386592857,107.83808952898751,9144.0
980.0,AXM6056,2.8910028210305114,112.41793601641189,9144.0
980.0,AXM6057,1.7524206543778664,110.9107114842738,9144.0
980.0,AXM6063,2.92865221775531,112.52447980074231,9144.0
980.0,AXM6064,2.0781678095652767,111.58542696955642,9144.0
980.0,AXM6190,2.333402619603228,111.62806548049326,9144.0
980.0,AXM6191,2.780842020815554,112.0504106778065,9144.0
980.0,AXM6351,4.502439250017309,114.21475482919043,9144.0
980.0,AXM6354,2.3465656911163353,111.57616658442713,9144.0
980.0,AXM6355,4.817001917348258,114.62925046282426,9144.0
980.0,AXM6358,2.961742633508444,111.99133838812884,9144.0
980.0,AXM6465,1.4971862179409396,110.37751950534373,9144.0
980.0,AXM705,1.4805337349163366,103.57050647881236,9144.0
980.0,AXM710,2.132921167374929,103.63781615041403,9144.0
980.0,AXM711,1.5870067551122164,103.17288634471849,9144.0
980.0,AXM712,2.1654922081501082,102.14373098425817,9144.0
980.0,AXM713,1.5330723538504811,103.17402392132033,9144.0
980.0,AXM5432,3.950477796734424,102.5233068214744,9144.0,"(AXM6190),(AXM6354)"
980.0,AXM5433,2.1512215386592857,107.83808952898751,9144.0,"(AXM6354),(AXM6190)"
980.0,AXM6056,2.8910028210305114,112.41793601641189,9144.0,"(AXM711),(AXM713)"
980.0,AXM6057,1.7524206543778664,110.9107114842738,9144.0,"(AXM713),(AXM711)"
990.0,AXM5432,3.934309266207319,102.54904350421879,9144.0
990.0,AXM5433,2.1582035207347294,107.8073326254147,9144.0
990.0,AXM6056,2.9067827833257445,112.43795593324411,9144.0
990.0,AXM6057,1.7397662375704255,110.88633706046832,9144.0
990.0,AXM6063,2.9428833666577154,112.5452520648446,9144.0
990.0,AXM6064,2.06470297017988,111.56092730704422,9144.0
990.0,AXM6190,2.3542417681938663,111.65078449869114,9144.0
990.0,AXM6191,2.7610642476200207,112.02667612461605,9144.0
990.0,AXM6351,4.482430373044323,114.18862116930109,9144.0
990.0,AXM6354,2.366397916051389,111.59891503254846,9144.0
990.0,AXM6355,4.798096029806936,114.6046076145748,9144.0
990.0,AXM6358,2.9765770453386877,112.01722836966047,9144.0
990.0,AXM6465,1.4933577152865474,110.3679425723675,9144.0
990.0,AXM705,1.483130902070159,103.59432625963291,9144.0
990.0,AXM710,2.1425798023256637,103.61170819161995,9144.0
990.0,AXM711,1.576030501650507,103.19346090783026,9144.0
990.0,AXM712,2.172223435510101,102.11381998385065,9144.0
990.0,AXM713,1.5076519270076412,103.18019312132759,9144.0
990.0,AXM5432,3.934309266207319,102.54904350421879,9144.0,"(AXM6190),(AXM6354)"
990.0,AXM5433,2.1582035207347294,107.8073326254147,9144.0,"(AXM6354),(AXM6190)"
990.0,AXM6056,2.9067827833257445,112.43795593324411,9144.0,"(AXM711),(AXM713)"
990.0,AXM6057,1.7397662375704255,110.88633706046832,9144.0,"(AXM713),(AXM711)"
1000.0,AXM5432,3.91808711029942,102.57474576065289,9144.0
1000.0,AXM5433,2.165184870457092,107.77657543663521,9144.0
1000.0,AXM6056,2.9222190293898254,112.45832183804538,9144.0
1000.0,AXM6057,1.7281924124121626,110.861634076115,9144.0
1000.0,AXM6063,2.957151828176292,112.56599891516456,9144.0
1000.0,AXM6064,2.0512371405817555,111.53642839638016,9144.0
1000.0,AXM6190,2.375110784531736,111.67347637924246,9144.0
1000.0,AXM6191,2.7412105846811086,112.00285210137451,9144.0
1000.0,AXM6351,4.462525157810662,114.16262669327809,9144.0
1000.0,AXM6354,2.3861890076758527,111.62169966324906,9144.0
1000.0,AXM6355,4.779260641819789,114.5800598374464,9144.0
1000.0,AXM6358,2.9914027450023313,112.04312370390703,9144.0
1000.0,AXM6465,1.489597096084745,110.35833877853815,9144.0
1000.0,AXM705,1.4869571583066843,103.61797966622792,9144.0
1000.0,AXM710,2.151251721950282,103.58525548271257,9144.0
1000.0,AXM711,1.5642070643750694,103.21562257676572,9144.0
1000.0,AXM712,2.178999886849288,102.0839190770125,9144.0
1000.0,AXM713,1.4820089516325226,103.18220104003352,9144.0
1000.0,AXM5432,3.91808711029942,102.57474576065289,9144.0,"(AXM6190),(AXM6354)"
1000.0,AXM5433,2.165184870457092,107.77657543663521,9144.0,"(AXM6354),(AXM6190)"
1000.0,AXM6056,2.9222190293898254,112.45832183804538,9144.0,"(AXM711),(AXM713)"
1000.0,AXM6057,1.7281924124121626,110.861634076115,9144.0,"(AXM713),(AXM711)"
1010.0,AXM5432,3.901784946631397,102.60053705375702,9144.0
1010.0,AXM5433,2.172165585256016,107.74581796163218,9144.0
1010.0,AXM6056,2.9347373126291285,112.4798803057842,9144.0
1010.0,AXM6057,1.7167222283645998,110.83715424517098,9144.0
1010.0,AXM6063,2.9716334063698815,112.58705705997045,9144.0
1010.0,AXM6064,2.0391374761337433,111.51122604461176,9144.0
1010.0,AXM6190,2.3957796158514753,111.6959520517641,9144.0
1010.0,AXM6191,2.7213557847198775,111.97902942171609,9144.0
1010.0,AXM6351,4.442580459745454,114.13666338709324,9144.0
1010.0,AXM6354,2.405822789302082,111.64430647875466,9144.0
1010.0,AXM6355,4.760469201637194,114.55547883939536,9144.0
1010.0,AXM6358,3.006316347019503,112.06917491805716,9144.0
1010.0,AXM6465,1.4822835247666475,110.35066028586456,9144.0
1010.0,AXM705,1.4907307424280472,103.64131768698206,9144.0
1010.0,AXM710,2.159884722092218,103.55891835599644,9144.0
1010.0,AXM711,1.5522230860782678,103.2381775615869,9144.0
1010.0,AXM712,2.1854994350383747,102.0552353113334,9144.0
1010.0,AXM713,1.4569435288239911,103.18005563102335,9144.0
1010.0,AXM5432,3.901784946631397,102.60053705375702,9144.0,"(AXM6190),(AXM6354)"
1010.0,AXM5433,2.172165585256016,107.74581796163218,9144.0,"(AXM6354),(AXM6190)"
1020.0,AXM5432,3.885540493706219,102.62636440519609,9144.0
1020.0,AXM5433,2.179145662512139,107.71506019937793,9144.0
1020.0,AXM6056,2.946551327713177,112.50022764054775,9144.0
1020.0,AXM6057,1.7056376231876267,110.81249740924896,9144.0
1020.0,AXM6063,2.9859802585588615,112.60820774615676,9144.0
1020.0,AXM6064,2.0269840857429444,111.48591464570055,9144.0
1020.0,AXM6190,2.416430004659226,111.71844504052441,9144.0
1020.0,AXM6191,2.7014216147507577,111.95527365855996,9144.0
1020.0,AXM6351,4.422634370638566,114.11070185660854,9144.0
1020.0,AXM6354,2.425406691378648,111.66695692059916,9144.0
1020.0,AXM6355,4.741426606317996,114.53057245479785,9144.0
1020.0,AXM6358,3.0211124658008264,112.095293576702,9144.0
1020.0,AXM6465,1.4728855036782218,110.34659805384722,9144.0
1020.0,AXM705,1.4936314683985707,103.6647803026962,9144.0
1020.0,AXM710,2.1692166364232626,103.5328208688444,9144.0
1020.0,AXM711,1.5401506422728322,103.26089804229998,9144.0
1020.0,AXM712,2.191902250683289,102.02652964380395,9144.0
1020.0,AXM713,1.4318402484827386,103.17841178547471,9144.0
1020.0,AXM5432,3.885540493706219,102.62636440519609,9144.0,"(AXM6190),(AXM6354)"
1020.0,AXM5433,2.179145662512139,107.71506019937793,9144.0,"(AXM6354),(AXM6190)"
1030.0,AXM5432,3.8692897891656126,102.65218730898626,9144.0
1030.0,AXM5433,2.186125099550243,107.6843021488324,9144.0
1030.0,AXM6056,2.9589342544788244,112.52023315380255,9144.0
1030.0,AXM6057,1.6950859859196548,110.78902964251147,9144.0
1030.0,AXM6063,3.0004410780807653,112.62920455996836,9144.0
1030.0,AXM6064,2.01395301747198,111.46104447362029,9144.0
1030.0,AXM6190,2.4369999001473563,111.74085174726261,9144.0
1030.0,AXM6191,2.681524454025444,111.93156397293185,9144.0
1030.0,AXM6351,4.402718590503063,114.08471762596056,9144.0
1030.0,AXM6354,2.4450277920963788,111.68965415683589,9144.0
1030.0,AXM6355,4.722375341508446,114.50567343193632,9144.0
1030.0,AXM6358,3.0359955894284556,112.1215682024032,9144.0
1030.0,AXM6465,1.4626478460108818,110.34653484846369,9144.0
1030.0,AXM705,1.4968367971527132,103.68768419434203,9144.0
1030.0,AXM710,2.1785476480933865,103.50672289713751,9144.0
1030.0,AXM711,1.5279845556322291,103.28356835312796,9144.0
1030.0,AXM712,2.198160132944372,101.99846908558415,9144.0
1030.0,AXM713,1.4071776194606194,103.17679683042353,9144.0
1030.0,AXM5432,3.8692897891656126,102.65218730898626,9144.0,"(AXM6190),(AXM6354)"
1030.0,AXM5433,2.186125099550243,107.6843021488324,9144.0,"(AXM6354),(AXM6190)"
1040.0,AXM5432,3.853057768401252,102.67802152105581,9144.0
1040.0,AXM5433,2.193103893631069,107.65354380894132,9144.0
1040.0,AXM6056,2.970120072486189,112.5388605660346,9144.0
1040.0,AXM6057,1.6844388758758004,110.76560520262701,9144.0
1040.0,AXM6063,3.0145320107943725,112.6498449752954,9144.0
1040.0,AXM6064,2.001005666129895,111.43633684286714,9144.0
1040.0,AXM6190,2.45757464222024,111.76325433951354,9144.0
1040.0,AXM6191,2.661632238159173,111.90785051352442,9144.0
1040.0,AXM6351,4.382801426832547,114.05873515591492,9144.0
1040.0,AXM6354,2.464813875299769,111.71220778726195,9144.0
1040.0,AXM6355,4.70328726606738,114.48072943420006,9144.0
1040.0,AXM6358,3.050948875410722,112.1478032128902,9144.0
1040.0,AXM6465,1.453200416755654,110.35048069703822,9144.0
1040.0,AXM705,1.4997923512464248,103.70880629053849,9144.0
1040.0,AXM710,2.187610765691032,103.4805303942028,9144.0
1040.0,AXM711,1.5159958934288764,103.30590708427627,9144.0
1040.0,AXM712,2.204445530741996,101.97041456862723,9144.0
1040.0,AXM713,1.3825882227536626,103.17929021491575,9144.0
1040.0,AXM5432,3.853057768401252,102.67802152105581,9144.0,"(AXM6190),(AXM6354)"
1040.0,AXM5433,2.193103893631069,107.65354380894132,9144.0,"(AXM6354),(AXM6190)"
1050.0,AXM5432,3.8367590893983614,102.70395305718999,9144.0
1050.0,AXM5433,2.2000820419414517,107.62278517863399,9144.0
1050.0,AXM6056,2.980836932292354,112.55698245822067,9144.0
1050.0,AXM6057,1.6740891217843568,110.74402792308106,9144.0
1050.0,AXM6063,3.0281929267305157,112.66985797129702,9144.0
1050.0,AXM6064,1.9886900521236022,111.4113081258122,9144.0
1050.0,AXM6190,2.4780687644879795,111.78557054416574,9144.0
1050.0,AXM6191,2.6418149665901702,111.88422818954307,9144.0
1050.0,AXM6351,4.362831376580443,114.03279424251889,9144.0
1050.0,AXM6354,2.4845986111668674,111.73476293841756,9144.0
1050.0,AXM6355,4.684201697757092,114.45578418738333,9144.0
1050.0,AXM6358,3.065960145428889,112.17414210779994,9144.0
1050.0,AXM6465,1.4460472742331658,110.35780738554429,9144.0
1050.0,AXM705,1.5015362077048608,103.7295746148726,9144.0
1050.0,AXM710,2.1966329857324998,103.45445297155648,9144.0
1050.0,AXM711,1.5039839093691074,103.32823315128962,9144.0
1050.0,AXM712,2.210677123069231,101.94259563652128,9144.0
1050.0,AXM713,1.3582254330619532,103.18414652835341,9144.0
1050.0,AXM5432,3.8367590893983614,102.70395305718999,9144.0,"(AXM6190),(AXM6354)"
1050.0,AXM5433,2.2000820419414517,107.62278517863399,9144.0,"(AXM6354),(AXM6190)"
1060.0,AXM5432,3.82041925525298,102.72985806958584,9144.0
1060.0,AXM5433,2.2070595415823213,107.59202625682052,9144.0
1060.0,AXM6056,2.9917437160549163,112.57499055177261,9144.0
1060.0,AXM6057,1.6631141846126007,110.72480972980586,9144.0
1060.0,AXM6063,3.0419704565113,112.6897908959,9144.0
1060.0,AXM6064,1.9765354081974198,111.38660885255928,9144.0
1060.0,AXM6190,2.4985635635290597,111.80788647300658,9144.0
1060.0,AXM6191,2.622047818749467,111.8605641921812,9144.0
1060.0,AXM6351,4.3428600317910755,114.00685501977864,9144.0
1060.0,AXM6354,2.5042987017297955,111.75739253590521,9144.0
1060.0,AXM6355,4.664724629444631,114.4303303695381,9144.0
1060.0,AXM6358,3.080970492794245,112.20048190055235,9144.0
1060.0,AXM6465,1.4423272196176762,110.36734848062896,9144.0
1060.0,AXM705,1.5031511354425675,103.74881376183156,9144.0
1060.0,AXM710,2.206154472625732,103.42855376959955,9144.0
1060.0,AXM711,1.4920907543875888,103.35033736675726,9144.0
1060.0,AXM712,2.2169516611433377,101.91478625598168,9144.0
1060.0,AXM713,1.3338626332244583,103.18900274234352,9144.0
1060.0,AXM5432,3.82041925525298,102.72985806958584,9144.0,"(AXM6190),(AXM6354)"
1060.0,AXM5433,2.2070595415823213,107.59202625682052,9144.0,"(AXM6354),(AXM6190)"
1070.0,AXM5432,3.8041393871526283,102.75566054555323,9144.0
1070.0,AXM5433,2.214036389553964,107.56126704238851,9144.0
1070.0,AXM6056,3.0027858580368214,112.59322531045835,9144.0
1070.0,AXM6057,1.652778829181862,110.70671218696405,9144.0
1070.0,AXM6063,3.055237629580598,112.70898723697171,9144.0
1070.0,AXM6064,1.9640778571577149,111.36206132729278,9144.0
1070.0,AXM6190,2.5190978895629987,111.83024686836967,9144.0
1070.0,AXM6191,2.602355548529895,111.83699158302481,9144.0
1070.0,AXM6351,4.322931355400207,113.98088349668163,9144.0
1070.0,AXM6354,2.5239587153292007,111.77997850678362,9144.0
1070.0,AXM6355,4.645242387094427,114.40488124263612,9144.0
1070.0,AXM6358,3.09598835147712,112.22681777143366,9144.0
1070.0,AXM6465,1.4426324964652317,110.37758502546448,9144.0
1070.0,AXM705,1.504469837521764,103.76807550730996,9144.0
1070.0,AXM710,2.215759445666662,103.40242472368215,9144.0
1070.0,AXM711,1.4803187836426488,103.37250628391145,9144.0
1070.0,AXM712,2.2230915503571627,101.88756910975455,9144.0
1070.0,AXM713,1.3097971831841047,103.19516634644336,9144.0
1070.0,AXM5432,3.8041393871526283,102.75566054555323,9144.0,"(AXM6190),(AXM6354)"
1070.0,AXM5433,2.214036389553964,107.56126704238851,9144.0,"(AXM6354),(AXM6190)"
1080.0,AXM5432,3.7879383314867967,102.7815123135244,9144.0
1080.0,AXM5433,2.2210125827377127,107.53050753419892,9144.0
1080.0,AXM6056,3.0136988354930314,112.61153805912205,9144.0
1080.0,AXM6057,1.6425047650630795,110.68857984306561,9144.0
1080.0,AXM6063,3.0683099069192408,112.72831743876218,9144.0
1080.0,AXM6064,1.9517025863557178,111.33767839321378,9144.0
1080.0,AXM6190,2.5396370061684523,111.85260320894106,9144.0
1080.0,AXM6191,2.582675387870554,111.81340920885445,9144.0
1080.0,AXM6351,4.302896110089426,113.95477645552319,9144.0
1080.0,AXM6354,2.5435811419788985,111.80259754663065,9144.0
1080.0,AXM6355,4.625717118214646,114.37946603212687,9144.0
1080.0,AXM6358,3.111005395323813,112.25315448257305,9144.0
1080.0,AXM6465,1.4469145038103999,110.38688734847996,9144.0
1080.0,AXM705,1.5057650213711575,103.78700105848831,9144.0
1080.0,AXM710,2.2253142650967006,103.37627709943521,9144.0
1080.0,AXM711,1.468664784643072,103.39445205199637,9144.0
1080.0,AXM712,2.2291907619076055,101.86034269258393,9144.0
1080.0,AXM713,1.2854263764365155,103.20140802962162,9144.0
1080.0,AXM5432,3.7879383314867967,102.7815123135244,9144.0,"(AXM6190),(AXM6354)"
1080.0,AXM5433,2.2210125827377127,107.53050753419892,9144.0,"(AXM6354),(AXM6190)"
1090.0,AXM5432,3.771640772886246,102.80751244238265,9144.0
1090.0,AXM5433,2.2279881178729117,107.49974773108083,9144.0
1090.0,AXM6056,3.0245434915309715,112.6297382466574,9144.0
1090.0,AXM6057,1.6321327322754595,110.67027523325436,9144.0
1090.0,AXM6063,3.080372711299417,112.74615705371232,9144.0
1090.0,AXM6064,1.9396154476766867,111.31315135828179,9144.0
1090.0,AXM6190,2.5600954289861106,111.87487312323402,9144.0
1090.0,AXM6191,2.563183814184161,111.7900544920388,9144.0
1090.0,AXM6351,4.282846587743,113.92868112469807,9144.0
1090.0,AXM6354,2.5632025985189903,111.82521777513922,9144.0
1090.0,AXM6355,4.605835650010423,114.35359399286634,9144.0
1090.0,AXM6358,3.126021290967827,112.27949222637274,9144.0
1090.0,AXM6465,1.4544915335818633,110.3937744964622,9144.0
1090.0,AXM705,1.50744829854147,103.8058960398217,9144.0
1090.0,AXM710,2.234993537025311,103.34978591045015,9144.0
1090.0,AXM711,1.4604584230563136,103.41790688175351,9144.0
1090.0,AXM712,2.235114910368534,101.83389298765898,9144.0
1090.0,AXM713,1.2609737909474206,103.20732100008824,9144.0
1090.0,AXM5432,3.771640772886246,102.80751244238265,9144.0,"(AXM6190),(AXM6191)"
1090.0,AXM5433,2.2279881178729117,107.49974773108083,9144.0,"(AXM6190),(AXM6354)"
1090.0,AXM6056,3.0245434915309715,112.6297382466574,9144.0,"(AXM6191),(AXM6190)"
1090.0,AXM6057,1.6321327322754595,110.67027523325436,9144.0,"(AXM6191),(AXM6354)"
1090.0,AXM6063,3.080372711299417,112.74615705371232,9144.0,"(AXM6354),(AXM6190)"
1090.0,AXM6064,1.9396154476766867,111.31315135828179,9144.0,"(AXM6354),(AXM6191)"
1100.0,AXM5432,3.7560557724051256,102.83394724134662,9144.0
1100.0,AXM5433,2.234962991527531,107.46898763182482,9144.0
1100.0,AXM6056,3.0356510316680847,112.64777893710401,9144.0
1100.0,AXM6057,1.6216865898003128,110.65201294409958,9144.0
1100.0,AXM6063,3.0923505038502035,112.76379112009184,9144.0
1100.0,AXM6064,1.9281546903253755,111.28990217489131,9144.0
1100.0,AXM6190,2.5805398463900944,111.89715627821481,9144.0
1100.0,AXM6191,2.5436055384212266,111.76677291020644,9144.0
1100.0,AXM6351,4.262830906166412,113.90263312523638,9144.0
1100.0,AXM6354,2.5829001874949125,111.84777195439123,9144.0
1100.0,AXM6355,4.586021610271199,114.32767066303555,9144.0
1100.0,AXM6358,3.1409401449660725,112.3058856003417,9144.0
1100.0,AXM705,1.5103512042033251,103.82477889994591,9144.0
1100.0,AXM710,2.2446573847672213,103.32328890753719,9144.0
1100.0,AXM711,1.4565885579402458,103.4413585632207,9144.0
1100.0,AXM712,2.2413733945159713,101.80752039704427,9144.0
1100.0,AXM713,1.236582373199891,103.21321906222389,9144.0
1100.0,AXM5432,3.7560557724051256,102.83394724134662,9144.0,"(AXM6190),(AXM6354)"
1100.0,AXM5433,2.234962991527531,107.46898763182482,9144.0,"(AXM6191),(AXM6354)"
1100.0,AXM6056,3.0356510316680847,112.64777893710401,9144.0,"(AXM6354),(AXM6190)"
1100.0,AXM6057,1.6216865898003128,110.65201294409958,9144.0,"(AXM6354),(AXM6191)"
1110.0,AXM5432,3.7435876942539608,102.86212275242953,9144.0
1110.0,AXM5433,2.241937200060078,107.4382272351743,9144.0
1110.0,AXM6056,3.0465168575701913,112.66604365286375,9144.0
1110.0,AXM6057,1.6115031844915377,110.63421064312392,9144.0
1110.0,AXM6063,3.104198926047455,112.77997349473063,9144.0
1110.0,AXM6064,1.91620215776754,111.26690239236774,9144.0
1110.0,AXM6190,2.6010237943369745,111.9194839647149,9144.0
1110.0,AXM6191,2.5242555877729913,111.74376449835374,9144.0
1110.0,AXM6351,4.242828563630815,113.87657550085144,9144.0
1110.0,AXM6354,2.602440431472604,111.8701474659923,9144.0
1110.0,AXM6355,4.566170891108169,114.30170337987332,9144.0
1110.0,AXM6358,3.155623780862632,112.33186597210054,9144.0
1110.0,AXM705,1.5170803383489164,103.84171433039204,9144.0
1110.0,AXM710,2.2540483804525304,103.2975367285179,9144.0
1110.0,AXM711,1.4568243632149767,103.46506241925566,9144.0
1110.0,AXM712,2.251660919475313,101.78191547139986,9144.0
1110.0,AXM713,1.2121668007371866,103.2190162215743,9144.0
1110.0,AXM5432,3.7435876942539608,102.86212275242953,9144.0,"(AXM6190),(AXM6354)"
1110.0,AXM5433,2.241937200060078,107.4382272351743,9144.0,"(AXM6354),(AXM6190)"
1120.0,AXM5432,3.7311898606077385,102.8901352035365,9144.0
1120.0,AXM5433,2.248910739569326,107.40746653981412,9144.0
1120.0,AXM6056,3.05738222403197,112.68430882739001,9144.0
1120.0,AXM6057,1.6014093314436348,110.61635746183907,9144.0
1120.0,AXM6063,3.1152190213237505,112.79673277391575,9144.0
1120.0,AXM6064,1.9051033710613967,111.244877833856,9144.0
1120.0,AXM6190,2.6215424761874426,111.94178003392538,9144.0
1120.0,AXM6191,2.5049645628722037,111.72070690379142,9144.0
1120.0,AXM6351,4.222965520996355,113.85070257152678,9144.0
1120.0,AXM6354,2.621970856938476,111.8925319139906,9144.0
1120.0,AXM6355,4.546340132348972,114.27572146951914,9144.0
1120.0,AXM6358,3.170387445951094,112.35780118109307,9144.0
1120.0,AXM705,1.5274280603931898,103.85671344754658,9144.0
1120.0,AXM710,2.26340563019515,103.27177208348556,9144.0
1120.0,AXM711,1.4611483340909084,103.48836953624816,9144.0
1120.0,AXM712,2.265566293931811,101.75829658064502,9144.0
1120.0,AXM713,1.1879352162313404,103.22476958584323,9144.0
1120.0,AXM5432,3.7311898606077385,102.8901352035365,9144.0,"(AXM6190),(AXM6354)"
1120.0,AXM5433,2.248910739569326,107.40746653981412,9144.0,"(AXM6354),(AXM6190)"
1130.0,AXM5432,3.721023846568977,102.91903590798778,9144.0
1130.0,AXM5433,2.2558836058265683,107.37670554435529,9144.0
1130.0,AXM6056,3.068354992945334,112.7025096853144,9144.0
1130.0,AXM6057,1.5915117775152663,110.5988520729301,9144.0
1130.0,AXM6063,3.126201919482587,112.81343671915542,9144.0
1130.0,AXM6064,1.894491702274805,111.2238210809857,9144.0
1130.0,AXM6190,2.642100803039704,111.96412048351162,9144.0
1130.0,AXM6191,2.4859787856216236,111.69801574043835,9144.0
1130.0,AXM6351,4.2030676803333105,113.82485720153257,9144.0
1130.0,AXM6354,2.642086068081198,111.91558811704586,9144.0
1130.0,AXM6355,4.526263118041268,114.24942085005384,9144.0
1130.0,AXM6358,3.1852383669516846,112.38389268334163,9144.0
1130.0,AXM705,1.5400775486438871,103.87038906697784,9144.0
1130.0,AXM710,2.2727827739237263,103.24594928229563,9144.0
1130.0,AXM711,1.4678354491984684,103.5111112836472,9144.0
1130.0,AXM712,2.2830338184434966,101.73670496778357,9144.0
1130.0,AXM713,1.1637203506882459,103.23059289544939,9144.0
1130.0,AXM5432,3.721023846568977,102.91903590798778,9144.0,"(AXM6190),(AXM6354)"
1130.0,AXM5433,2.2558836058265683,107.37670554435529,9144.0,"(AXM6354),(AXM6190)"
1140.0,AXM5432,3.7109940930877845,102.94754442477031,9144.0
1140.0,AXM5433,2.2628557941820784,107.34594424731368,9144.0
1140.0,AXM6056,3.079259227109547,112.72059799832401,9144.0
1140.0,AXM6057,1.5809899042440239,110.58171504958034,9144.0
1140.0,AXM6063,3.1377906803072424,112.82972510582589,9144.0
1140.0,AXM6064,1.8838089411164198,111.20280047493445,9144.0
1140.0,AXM6190,2.6626585343953826,111.98646185359219,9144.0
1140.0,AXM6191,2.467045273902095,111.67528119123423,9144.0
1140.0,AXM6351,4.1832039169155415,113.79905919226164,9144.0
1140.0,AXM6354,2.6621314605376605,111.93870555098157,9144.0
1140.0,AXM6355,4.506130950101779,114.22316341808681,9144.0
1140.0,AXM6358,3.200048938279746,112.41000755829991,9144.0
1140.0,AXM705,1.5527268219001793,103.88406496692079,9144.0
1140.0,AXM710,2.2822801574748737,103.22017036108471,9144.0
1140.0,AXM711,1.474540304757329,103.53391459666106,9144.0
1140.0,AXM712,2.3034945793057426,101.71793000943568,9144.0
1140.0,AXM713,1.1395668549492233,103.23640134095918,9144.0
1140.0,AXM5432,3.7109940930877845,102.94754442477031,9144.0,"(AXM6190),(AXM6354)"
1140.0,AXM5433,2.2628557941820784,107.34594424731368,9144.0,"(AXM6354),(AXM6190)"
1150.0,AXM5432,3.7006137591029646,102.97592630533532,9144.0
1150.0,AXM5433,2.269827299432213,107.31518264708001,9144.0
1150.0,AXM6056,3.0900953173795562,112.73872751913488,9144.0
1150.0,AXM6057,1.5724854766124006,110.56400969851963,9144.0
1150.0,AXM6063,3.1488657155449573,112.84612638051622,9144.0
1150.0,AXM6064,1.8733881519163502,111.18229647945074,9144.0
1150.0,AXM6190,2.6831877059035447,112.00882990064052,9144.0
1150.0,AXM6191,2.4482259913457196,111.65268534481186,9144.0
1150.0,AXM6351,4.163379800537206,113.77323119343815,9144.0
1150.0,AXM6354,2.6822921911582314,111.96195758725221,9144.0
1150.0,AXM6355,4.4861023195716205,114.19704485585585,9144.0
1150.0,AXM6358,3.214858364024572,112.43612346322864,9144.0
1150.0,AXM705,1.562399151204392,103.89998764109349,9144.0
1150.0,AXM710,2.291819121043036,103.19427608003052,9144.0
1150.0,AXM711,1.4782236777464963,103.55739653783115,9144.0
1150.0,AXM712,2.326500316117525,101.70238308936447,9144.0
1150.0,AXM713,1.116700585396341,103.24611141712906,9144.0
1150.0,AXM5432,3.7006137591029646,102.97592630533532,9144.0,"(AXM6190),(AXM6354)"
1150.0,AXM5433,2.269827299432213,107.31518264708001,9144.0,"(AXM6354),(AXM6190)"
1160.0,AXM5432,3.6902728771282085,103.00419567878886,9144.0
1160.0,AXM5433,2.276798115624021,107.2844207418755,9144.0
1160.0,AXM6056,3.1008970959967566,112.75680079769153,9144.0
1160.0,AXM6057,1.563980819443315,110.54630452974791,9144.0
1160.0,AXM6063,3.1599403488539615,112.86252810213887,9144.0
1160.0,AXM6064,1.8630824275609488,111.16173446801784,9144.0
1160.0,AXM6190,2.7034756667595956,112.03093647036502,9144.0
1160.0,AXM6191,2.429357539738049,111.63013093176677,9144.0
1160.0,AXM6351,4.1436602474550295,113.74754242650901,9144.0
1160.0,AXM6354,2.702492777408018,111.98517531558856,9144.0
1160.0,AXM6355,4.466090002707263,114.17091442936015,9144.0
1160.0,AXM6358,3.229690667701486,112.46222672107322,9144.0
1160.0,AXM705,1.5729995658024647,103.91497638418099,9144.0
1160.0,AXM710,2.301229646503688,103.16833459990147,9144.0
1160.0,AXM711,1.481866986078248,103.58062535932842,9144.0
1160.0,AXM712,2.351547012391942,101.69040490497608,9144.0
1160.0,AXM713,1.0956879277140426,103.25948266441877,9144.0
1160.0,AXM5432,3.6902728771282085,103.00419567878886,9144.0,"(AXM6190),(AXM6354)"
1160.0,AXM5433,2.276798115624021,107.2844207418755,9144.0,"(AXM6354),(AXM6190)"
1170.0,AXM5432,3.6800356844802393,103.03250259730613,9144.0
1170.0,AXM5433,2.2837682357557316,107.25365852968402,9144.0
1170.0,AXM6056,3.1117476160736697,112.77484495542126,9144.0
1170.0,AXM6057,1.5568997220543388,110.52798310692236,9144.0
1170.0,AXM6063,3.171223665201203,112.87878670862858,9144.0
1170.0,AXM6064,1.852747382920237,111.14111508090248,9144.0
1170.0,AXM6190,2.723762919189266,112.05304406267886,9144.0
1170.0,AXM6191,2.4112233746348415,111.60845578536852,9144.0
1170.0,AXM6351,4.123881997332387,113.7218997011577,9144.0
1170.0,AXM6354,2.72269275921768,112.00839395881201,9144.0
1170.0,AXM6355,4.446076279187098,114.14478579807374,9144.0
1170.0,AXM6358,3.2444630213666255,112.48822746977199,9144.0
1170.0,AXM705,1.5834426570377464,103.92974305138594,9144.0
1170.0,AXM710,2.310660408738056,103.1423352240755,9144.0
1170.0,AXM711,1.485509461870505,103.60385434972595,9144.0
1170.0,AXM712,2.376956366153049,101.67921775330508,9144.0
1170.0,AXM713,1.0774829321331818,103.27591956289218,9144.0
1170.0,AXM5432,3.6800356844802393,103.03250259730613,9144.0,"(AXM6190),(AXM6354)"
1170.0,AXM5433,2.2837682357557316,107.25365852968402,9144.0,"(AXM6354),(AXM6190)"
1180.0,AXM5432,3.6697971190034506,103.06080869237077,9144.0
1180.0,AXM5433,2.2907376512931155,107.2228960081425,9144.0
1180.0,AXM6056,3.1225295563030806,112.79277624686274,9144.0
1180.0,AXM6057,1.5499636811880666,110.5100378481423,9144.0
1180.0,AXM6063,3.1822706188911343,112.89488274245757,9144.0
1180.0,AXM6064,1.841933849109493,111.12074294017502,9144.0
1180.0,AXM6190,2.744062218293528,112.0751409429849,9144.0
1180.0,AXM6191,2.3929932231510156,111.58686173861363,9144.0
1180.0,AXM6351,4.104102642273864,113.69625846919361,9144.0
1180.0,AXM6354,2.7429317618333005,112.0315789106,9144.0
1180.0,AXM6355,4.4261117877987965,114.11862000993612,9144.0
1180.0,AXM6358,3.259229885973476,112.51423172712327,9144.0
1180.0,AXM705,1.591071165835811,103.94614303068143,9144.0
1180.0,AXM710,2.320090154240657,103.11633530585739,9144.0
1180.0,AXM711,1.4884351748410545,103.62718455412781,9144.0
1180.0,AXM712,2.402309759445461,101.66805477569409,9144.0
1180.0,AXM713,1.0627064620041216,103.2947749431374,9144.0
1180.0,AXM5432,3.6697971190034506,103.06080869237077,9144.0,"(AXM6190),(AXM6354)"
1180.0,AXM5433,2.2907376512931155,107.2228960081425,9144.0,"(AXM6354),(AXM6190)"
1190.0,AXM5432,3.6595769843422996,103.08912115117346,9144.0
1190.0,AXM5433,2.2977063513345066,107.19213317435162,9144.0
1190.0,AXM6056,3.1333089341082263,112.81070926777284,9144.0
1190.0,AXM6057,1.542882352516892,110.49214952420283,9144.0
1190.0,AXM6063,3.1920584998994803,112.9104329533572,9144.0
1190.0,AXM6064,1.8278025739192814,111.1028455760171,9144.0
1190.0,AXM6190,2.764401049180833,112.09728260176635,9144.0
1190.0,AXM6191,2.3753528752934856,111.56596788209336,9144.0
1190.0,AXM6351,4.084347771090384,113.67059890545193,9144.0
1190.0,AXM6354,2.763170152436512,112.05476479166967,9144.0
1190.0,AXM6355,4.40607609169132,114.0923644690922,9144.0
1190.0,AXM6358,3.2739663074130396,112.54018511441268,9144.0
1190.0,AXM705,1.5947774257171259,103.9637779526922,9144.0
1190.0,AXM710,2.329627789254704,103.09037466033034,9144.0
1190.0,AXM711,1.4913425216188143,103.65038764402847,9144.0
1190.0,AXM712,2.4262400653766667,101.65409492676449,9144.0
1190.0,AXM713,1.0513681137769313,103.31587799827412,9144.0
1190.0,AXM5432,3.6595769843422996,103.08912115117346,9144.0,"(AXM6190),(AXM6354)"
1190.0,AXM5433,2.2977063513345066,107.19213317435162,9144.0,"(AXM6354),(AXM6190)"
1200.0,AXM5432,3.6493959124989312,103.117320805544,9144.0
1200.0,AXM5433,2.304674321034683,107.16137002451863,9144.0
1200.0,AXM6056,3.143920672402116,112.82851134863871,9144.0
1200.0,AXM6057,1.5364628770903235,110.47593429933897,9144.0
1200.0,AXM6063,3.1979527772089327,112.9263140318206,9144.0
1200.0,AXM6064,1.8111012064879706,111.08829291776672,9144.0
1200.0,AXM6190,2.784698426665424,112.11946273661648,9144.0
1200.0,AXM6191,2.357871216879038,111.54494110935364,9144.0
1200.0,AXM6351,4.064521179050228,113.64484909915782,9144.0
1200.0,AXM6354,2.7833226980687313,112.07802589555183,9144.0
1200.0,AXM6355,4.385944383080628,114.06618361874547,9144.0
1200.0,AXM6358,3.288716923863545,112.56613079315622,9144.0
1200.0,AXM705,1.5943129230994963,103.9813821768785,9144.0
1200.0,AXM710,2.339122003175436,103.06452825881738,9144.0
1200.0,AXM711,1.4947697015120949,103.67351965476557,9144.0
1200.0,AXM712,2.4500646413037845,101.64019615057616,9144.0
1200.0,AXM713,1.0442005978835798,103.33786189359012,9144.0
1200.0,AXM5432,3.6493959124989312,103.117320805544,9144.0,"(AXM6190),(AXM6354)"
1200.0,AXM5433,2.304674321034683,107.16137002451863,9144.0,"(AXM6354),(AXM6190)"
1210.0,AXM5432,3.6391667667251157,103.14550266591144,9144.0
1210.0,AXM5433,2.311641538230749,107.13060655319245,9144.0
1210.0,AXM6056,3.15415658062992,112.84568502299575,9144.0
1210.0,AXM6057,1.530228707932211,110.46057508479517,9144.0
1210.0,AXM6063,3.2033628104709027,112.94089199871217,9144.0
1210.0,AXM6064,1.7920015198727313,111.0770755642318,9144.0
1210.0,AXM6190,2.8049951353901226,112.14164386847443,9144.0
1210.0,AXM6191,2.34050675411266,111.52405677957522,9144.0
1210.0,AXM6351,4.0446963685571475,113.61909854588049,9144.0
1210.0,AXM6354,2.8034746256006886,112.10128793538598,9144.0
1210.0,AXM6355,4.365846552011169,114.04005000518059,9144.0
1210.0,AXM6358,3.303466522586921,112.59207743705409,9144.0
1210.0,AXM705,1.592913093663511,103.99893675404918,9144.0
1210.0,AXM710,2.3486480108001957,103.03869340207328,9144.0
1210.0,AXM711,1.4981652508164502,103.69646125678109,9144.0
1210.0,AXM712,2.473889017132489,101.62629678227137,9144.0
1210.0,AXM713,1.0413807957708452,103.35970108028496,9144.0
1210.0,AXM5432,3.6391667667251157,103.14550266591144,9144.0,"(AXM6190),(AXM6354)"
1210.0,AXM5433,2.311641538230749,107.13060655319245,9144.0,"(AXM6354),(AXM6190)"
1220.0,AXM5432,3.6289566127420674,103.1736277025028,9144.0
1220.0,AXM5433,2.318607964683177,107.09984275127808,9144.0
1220.0,AXM6056,3.16460827204563,112.86272800830125,9144.0
1220.0,AXM6057,1.5247676480322525,110.44684422661358,9144.0
1220.0,AXM6063,3.2076071219714914,112.95585222959342,9144.0
1220.0,AXM6064,1.7728458806108045,111.06595423945764,9144.0
1220.0,AXM6190,2.82538248323905,112.1637419063838,9144.0
1220.0,AXM6191,2.3230382699537273,111.50325978300287,9144.0
1220.0,AXM6351,4.02487050101372,113.5933494389906,9144.0
1220.0,AXM6354,2.8236599624713254,112.12452132334087,9144.0
1220.0,AXM6355,4.345731289078759,114.01393058339116,9144.0
1220.0,AXM6358,3.3181430892125414,112.61806598376857,9144.0
1220.0,AXM705,1.5929642989972708,104.0165470240313,9144.0
1220.0,AXM710,2.3581939640924094,103.01280048325467,9144.0
1220.0,AXM711,1.50107864871505,103.7194691350158,9144.0
1220.0,AXM712,2.4971606215282223,101.61148860621687,9144.0
1220.0,AXM713,1.0426650201204455,103.38168413293091,9144.0
1220.0,AXM5432,3.6289566127420674,103.1736277025028,9144.0,"(AXM6190),(AXM6354)"
1220.0,AXM5433,2.318607964683177,107.09984275127808,9144.0,"(AXM6354),(AXM6190)"
1230.0,AXM5432,3.618739435823727,103.20174986072115,9144.0
1230.0,AXM5433,2.3255735140586022,107.0690785987782,9144.0
1230.0,AXM6056,3.1738027557108683,112.87863710031404,9144.0
1230.0,AXM6057,1.5197306847125869,110.43418026289106,9144.0
1230.0,AXM6063,3.2103431697677194,112.97144537697977,9144.0
1230.0,AXM6064,1.7552458513566342,111.0557363251947,9144.0
1230.0,AXM6190,2.8457288472431164,112.18579726874574,9144.0
1230.0,AXM6191,2.3059262452928366,111.48288867182545,9144.0
1230.0,AXM6351,4.005039842350268,113.5676046654961,9144.0
1230.0,AXM6354,2.8438446735302714,112.14775566146722,9144.0
1230.0,AXM6355,4.3257556751147375,113.98770428337042,9144.0
1230.0,AXM6358,3.3327600436434337,112.64395153337254,9144.0
1230.0,AXM705,1.5930118579958439,104.03298597004297,9144.0
1230.0,AXM710,2.3676340298899334,102.98686853037655,9144.0
1230.0,AXM711,1.5027291075721088,103.74273109333028,9144.0
1230.0,AXM712,2.519392433663082,101.59734127353755,9144.0
1230.0,AXM713,1.047956018693054,103.40217991407573,9144.0
1230.0,AXM5432,3.618739435823727,103.20174986072115,9144.0,"(AXM6190),(AXM6354)"
1230.0,AXM5433,2.3255735140586022,107.0690785987782,9144.0,"(AXM6354),(AXM6190)"
1240.0,AXM5432,3.608541304401117,103.22981517402461,9144.0
1240.0,AXM5433,2.328480389451276,107.03766885211986,9144.0
1240.0,AXM6056,3.183096132533839,112.89369136708719,9144.0
1240.0,AXM6057,1.5146703627239066,110.42152565097321,9144.0
1240.0,AXM6063,3.208671637390198,112.98537575552145,9144.0
1240.0,AXM6064,1.738150846779255,111.04477690752043,9144.0
1240.0,AXM6190,2.865983831162288,112.20793717885097,9144.0
1240.0,AXM6191,2.288869695489771,111.46247125809562,9144.0
1240.0,AXM6351,3.985232586501013,113.54184241600615,9144.0
1240.0,AXM6354,2.864065435275714,112.17095896237606,9144.0
1240.0,AXM6355,4.305810790336414,113.96152765404139,9144.0
1240.0,AXM6358,3.3474509796463474,112.66979541216283,9144.0
1240.0,AXM705,1.592275442661137,104.0494084634543,9144.0
1240.0,AXM710,2.3770313102905942,102.96105115486253,9144.0
1240.0,AXM711,1.50425175588723,103.76419835291429,9144.0
1240.0,AXM712,2.541981075057685,101.58377185106033,9144.0
1240.0,AXM713,1.049232416223511,103.42330931790515,9144.0
1240.0,AXM5432,3.608541304401117,103.22981517402461,9144.0,"(AXM6190),(AXM6354)"
1240.0,AXM5433,2.328480389451276,107.03766885211986,9144.0,"(AXM6354),(AXM6190)"
1250.0,AXM5432,3.5983844575923722,103.25789520065146,9144.0
1250.0,AXM5433,2.3292845588312376,107.0048586641506,9144.0
1250.0,AXM6056,3.1919354871328904,112.90877945301914,9144.0
1250.0,AXM6057,1.5102768379579723,110.41054212441965,9144.0
1250.0,AXM6063,3.2032232754716166,112.99686224809224,9144.0
1250.0,AXM6064,1.7219572742153277,111.0343956317142,9144.0
1250.0,AXM6190,2.886157767031024,112.22999032476064,9144.0
1250.0,AXM6191,2.272011260271239,111.44229254283931,9144.0
1250.0,AXM6351,3.965454947803163,113.51613101729303,9144.0
1250.0,AXM6354,2.8842856202902154,112.19416317825994,9144.0
1250.0,AXM6355,4.28577785192561,113.93541941838957,9144.0
1250.0,AXM6358,3.3621115597943914,112.69558822858211,9144.0
1250.0,AXM705,1.5875617588765956,104.06384162648202,9144.0
1250.0,AXM710,2.3864899614408253,102.93525606193046,9144.0
1250.0,AXM711,1.5060979731238402,103.78542158364978,9144.0
1250.0,AXM712,2.5628399089008798,101.57082094910876,9144.0
1250.0,AXM713,1.0505639697827485,103.44535497672742,9144.0
1250.0,AXM5432,3.5983844575923722,103.25789520065146,9144.0,"(AXM6190),(AXM6354)"
1250.0,AXM5433,2.3292845588312376,107.0048586641506,9144.0,"(AXM6354),(AXM6190)"
1260.0,AXM5432,3.588185743050524,103.28608654840073,9144.0
1260.0,AXM5433,2.3300874682537427,106.97204842656784,9144.0
1260.0,AXM6056,3.197309120949564,112.92425940960729,9144.0
1260.0,AXM6057,1.5061317083936556,110.40015170066614,9144.0
1260.0,AXM6063,3.1949095956259668,113.00498981600104,9144.0
1260.0,AXM6064,1.7057387836761722,111.0240534509679,9144.0
1260.0,AXM6190,2.906342047969267,112.2520343714854,9144.0
1260.0,AXM6191,2.2551201915205623,111.4221414141753,9144.0
1260.0,AXM6351,3.945650781296543,113.49044075823636,9144.0
1260.0,AXM6354,2.9045046955794764,112.21736877759831,9144.0
1260.0,AXM6355,4.265601943923505,113.9091316172148,9144.0
1260.0,AXM6358,3.376771024996375,112.72138206943733,9144.0
1260.0,AXM705,1.579204576358522,104.07634809019693,9144.0
1260.0,AXM710,2.3959056466852737,102.90957566862953,9144.0
1260.0,AXM711,1.507532605329193,103.80487289751645,9144.0
1260.0,AXM712,2.5823221246248487,101.55872411737191,9144.0
1260.0,AXM713,1.04779114836634,103.46726599516413,9144.0
1260.0,AXM5432,3.588185743050524,103.28608654840073,9144.0,"(AXM6190),(AXM6354)"
1260.0,AXM5433,2.3300874682537427,106.97204842656784,9144.0,"(AXM6354),(AXM6190)"
1270.0,AXM5432,3.5779166260039625,103.31425191061598,9144.0
1270.0,AXM5433,2.330329100710935,106.93922923541527,9144.0
1270.0,AXM6056,3.2024997187234954,112.93921351462417,9144.0
1270.0,AXM6057,1.502094108553299,110.39003099900475,9144.0
1270.0,AXM6063,3.1845773578843266,113.00946208384538,9144.0
1270.0,AXM6064,1.688898355568763,111.01331491549412,9144.0
1270.0,AXM6190,2.926485407012558,112.27403551430835,9144.0
1270.0,AXM6191,2.23834825930054,111.40213408180797,9144.0
1270.0,AXM6351,3.9258428389228635,113.46475403519037,9144.0
1270.0,AXM6354,2.924660827012202,112.24062962743979,9144.0
1270.0,AXM6355,4.245459650310754,113.88281859614817,9144.0
1270.0,AXM6358,3.3914572979973423,112.74716099372955,9144.0
1270.0,AXM705,1.5679042033284167,104.08595069438392,9144.0
1270.0,AXM710,2.40581174178215,102.88408057412528,9144.0
1270.0,AXM711,1.5099817669234188,103.82354760296604,9144.0
1270.0,AXM712,2.601846147185504,101.54669482985621,9144.0
1270.0,AXM713,1.0441744217003712,103.48918567735019,9144.0
1270.0,AXM5432,3.5779166260039625,103.31425191061598,9144.0,"(AXM6056),(AXM6063)"
1270.0,AXM5433,2.330329100710935,106.93922923541527,9144.0,"(AXM6063),(AXM6056)"
1270.0,AXM6056,3.2024997187234954,112.93921351462417,9144.0,"(AXM6190),(AXM6354)"
1270.0,AXM6057,1.502094108553299,110.39003099900475,9144.0,"(AXM6354),(AXM6190)"
1280.0,AXM5432,3.567625825019454,103.34247243044435,9144.0
1280.0,AXM5433,2.330571316572036,106.90618004887928,9144.0
1280.0,AXM6056,3.206940415496772,112.95440800011771,9144.0
1280.0,AXM6057,1.4980564501169344,110.37991033941314,9144.0
1280.0,AXM6063,3.173331684940983,113.00994180866294,9144.0
1280.0,AXM6064,1.6718923503909373,111.00284089200224,9144.0
1280.0,AXM6190,2.946671108730851,112.29599811017064,9144.0
1280.0,AXM6191,2.2215618284175944,111.38213915916592,9144.0
1280.0,AXM6351,3.906052522983623,113.43905427311606,9144.0
1280.0,AXM6354,2.9447774975984524,112.26384708047676,9144.0
1280.0,AXM6355,4.225419674004844,113.8566451519936,9144.0
1280.0,AXM6358,3.4060833684565752,112.77283696996764,9144.0
1280.0,AXM705,1.5544072893758396,104.09209076430506,9144.0
1280.0,AXM710,2.4157168747928077,102.85858491960167,9144.0
1280.0,AXM711,1.5164179719024409,103.84124775902521,9144.0
1280.0,AXM712,2.622097003941336,101.53755857693115,9144.0
1280.0,AXM713,1.0439118999227113,103.51140027843394,9144.0
1280.0,AXM5432,3.567625825019454,103.34247243044435,9144.0,"(AXM6056),(AXM6063)"
1280.0,AXM5433,2.330571316572036,106.90618004887928,9144.0,"(AXM6063),(AXM6056)"
1280.0,AXM6056,3.206940415496772,112.95440800011771,9144.0,"(AXM6190),(AXM6354)"
1280.0,AXM6057,1.4980564501169344,110.37991033941314,9144.0,"(AXM6354),(AXM6190)"
1290.0,AXM5432,3.557400300033567,103.37071644647416,9144.0
1290.0,AXM5433,2.330809542401055,106.87313082770058,9144.0
1290.0,AXM6056,3.210890698644757,112.96806069122513,9144.0
1290.0,AXM6057,1.4940187173239072,110.3697897281338,9144.0
1290.0,AXM6063,3.1621854121672395,113.01196751309155,9144.0
1290.0,AXM6064,1.6548294389589355,110.99233205793409,9144.0
1290.0,AXM6190,2.9668966028985255,112.318005445303,9144.0
1290.0,AXM6191,2.204935262725441,111.36233586312339,9144.0
1290.0,AXM6351,3.8862946746219142,113.41340319158057,9144.0
1290.0,AXM6354,2.96496504408699,112.28700319138154,9144.0
1290.0,AXM6355,4.205317590123943,113.83052031428926,9144.0
1290.0,AXM6358,3.4207660402096596,112.79848089847796,9144.0
1290.0,AXM705,1.5401466943780837,104.09411993060127,9144.0
1290.0,AXM710,2.4281590189115794,102.83422833727175,9144.0
1290.0,AXM711,1.5266306806015153,103.85739170909649,9144.0
1290.0,AXM712,2.643014018694343,101.53260980937075,9144.0
1290.0,AXM713,1.0465760709619203,103.5333904471735,9144.0
1290.0,AXM5432,3.557400300033567,103.37071644647416,9144.0,"(AXM6056),(AXM6063)"
1290.0,AXM5433,2.330809542401055,106.87313082770058,9144.0,"(AXM6063),(AXM6056)"
1290.0,AXM6056,3.210890698644757,112.96806069122513,9144.0,"(AXM6190),(AXM6354)"
1290.0,AXM6057,1.4940187173239072,110.3697897281338,9144.0,"(AXM6354),(AXM6190)"
1300.0,AXM5432,3.5471734917812747,103.39895968312742,9144.0
1300.0,AXM5433,2.3311571035523464,106.84008256894798,9144.0
1300.0,AXM6056,3.210900832028888,112.98269942947316,9144.0
1300.0,AXM6057,1.4900687747039172,110.35963452657403,9144.0
1300.0,AXM6063,3.151039135391673,113.01399317370037,9144.0
1300.0,AXM6064,1.6376795274982563,110.98196601993743,9144.0
1300.0,AXM6190,2.9871213070261105,112.34001391244503,9144.0
1300.0,AXM6191,2.1883714118671436,111.34248022393233,9144.0
1300.0,AXM6351,3.866544871477291,113.38774648587231,9144.0
1300.0,AXM6354,2.9851518318035515,112.31016038956157,9144.0
1300.0,AXM6355,4.1852835016579935,113.80448915026092,9144.0
1300.0,AXM6358,3.4354477271245503,112.82412578649793,9144.0
1300.0,AXM705,1.5258920926529893,104.09204906565046,9144.0
1300.0,AXM710,2.440207344107326,102.81064001953814,9144.0
1300.0,AXM711,1.538053240706381,103.87270299814041,9144.0
1300.0,AXM712,2.663506848501917,101.53196339621906,9144.0
1300.0,AXM713,1.049224316726162,103.55525116196324,9144.0
1300.0,AXM5432,3.5471734917812747,103.39895968312742,9144.0,"(AXM6056),(AXM6063)"
1300.0,AXM5433,2.3311571035523464,106.84008256894798,9144.0,"(AXM6063),(AXM6056)"
1300.0,AXM6056,3.210900832028888,112.98269942947316,9144.0,"(AXM6190),(AXM6354)"
1300.0,AXM6057,1.4900687747039172,110.35963452657403,9144.0,"(AXM6354),(AXM6190)"
1310.0,AXM5432,3.536915622877582,103.42719129729997,9144.0
1310.0,AXM5433,2.3315056332794595,106.80686220418167,9144.0
1310.0,AXM6056,3.206855575982712,112.99625018174214,9144.0
1310.0,AXM6057,1.4827726710404887,110.3519394214064,9144.0
1310.0,AXM6063,3.1398928544614124,113.01601878972303,9144.0
1310.0,AXM6064,1.6208156244379592,110.9717730820414,9144.0
1310.0,AXM6190,3.007263888402288,112.36209817561485,9144.0
1310.0,AXM6191,2.1720474999608856,111.32291358333059,9144.0
1310.0,AXM6351,3.846790719415318,113.36209373995948,9144.0
1310.0,AXM6354,3.0053141176479934,112.33333940871113,9144.0
1310.0,AXM6355,4.165385798172516,113.77835369301873,9144.0
1310.0,AXM6358,3.4523517061157563,112.84835873095857,9144.0
1310.0,AXM705,1.5127975884671083,104.08604588409234,9144.0
1310.0,AXM710,2.451324049353595,102.78659758806172,9144.0
1310.0,AXM711,1.549556180503321,103.88812251840375,9144.0
1310.0,AXM712,2.6833103548936617,101.53542912798387,9144.0
1310.0,AXM713,1.051994684215271,103.57709675065051,9144.0
1310.0,AXM5432,3.536915622877582,103.42719129729997,9144.0,"(AXM6056),(AXM6063)"
1310.0,AXM5433,2.3315056332794595,106.80686220418167,9144.0,"(AXM6063),(AXM6056)"
1310.0,AXM6056,3.206855575982712,112.99625018174214,9144.0,"(AXM6190),(AXM6354)"
1310.0,AXM6057,1.4827726710404887,110.3519394214064,9144.0,"(AXM6354),(AXM6190)"
1320.0,AXM5432,3.526636160129848,103.45547806018958,9144.0
1320.0,AXM5433,2.3318533047502266,106.7736418221992,9144.0
1320.0,AXM6056,3.1994024592547583,113.00707188313913,9144.0
1320.0,AXM6057,1.4733287234386956,110.34779986017575,9144.0
1320.0,AXM6063,3.128746573531152,113.01804438416744,9144.0
1320.0,AXM6064,1.6039903296793392,110.96151657347718,9144.0
1320.0,AXM6190,3.0274057187098817,112.38418353492652,9144.0
1320.0,AXM6191,2.155696874844776,111.30336950265003,9144.0
1320.0,AXM6351,3.8271228523778955,113.3363750731003,9144.0
1320.0,AXM6354,3.0253981985640768,112.3564304371585,9144.0
1320.0,AXM6355,4.1456258791037355,113.75240405333956,9144.0
1320.0,AXM6358,3.469186316171839,112.87249449241646,9144.0
1320.0,AXM705,1.5019233603817754,104.07659645992318,9144.0
1320.0,AXM710,2.462517862857789,102.76238591530361,9144.0
1320.0,AXM711,1.5597564672662783,103.90443376111773,9144.0
1320.0,AXM712,2.7019976923163767,101.5428500200027,9144.0
1320.0,AXM713,1.0547154235812743,103.5985529973771,9144.0
1320.0,AXM5432,3.526636160129848,103.45547806018958,9144.0,"(AXM6056),(AXM6063)"
1320.0,AXM5433,2.3318533047502266,106.7736418221992,9144.0,"(AXM6063),(AXM6056)"
1320.0,AXM6056,3.1994024592547583,113.00707188313913,9144.0,"(AXM6190),(AXM6354)"
1320.0,AXM6057,1.4733287234386956,110.34779986017575,9144.0,"(AXM6354),(AXM6190)"
1330.0,AXM5432,3.516393014052947,103.48377773291075,9144.0
1330.0,AXM5433,2.332200099846614,106.74042142285278,9144.0
1330.0,AXM6056,3.1897670017096744,113.01395326356054,9144.0
1330.0,AXM6057,1.4630189435224537,110.34765413079393,9144.0
1330.0,AXM6064,1.5871078052591951,110.95122540461755,9144.0
1330.0,AXM6190,3.0477102540987997,112.40611939499108,9144.0
1330.0,AXM6191,2.1400336184506275,111.28464941391087,9144.0
1330.0,AXM6351,3.8074528168235346,113.31065866121929,9144.0
1330.0,AXM6354,3.0454615038070285,112.37953999896062,9144.0
1330.0,AXM6355,4.125672564992474,113.72660425517985,9144.0
1330.0,AXM6358,3.487027862608562,112.89589343894461,9144.0
1330.0,AXM705,1.4945366018230613,104.06480728344971,9144.0
1330.0,AXM710,2.474002178821755,102.73831072316099,9144.0
1330.0,AXM711,1.5661553715070056,103.92236319618426,9144.0
1330.0,AXM712,2.7186630944733867,101.55386607123214,9144.0
1330.0,AXM713,1.0574554525429283,103.6200068073742,9144.0
1330.0,AXM5432,3.516393014052947,103.48377773291075,9144.0,"(AXM6190),(AXM6354)"
1330.0,AXM5433,2.332200099846614,106.74042142285278,9144.0,"(AXM6354),(AXM6190)"
1340.0,AXM5432,3.506250013207471,103.51179650286194,9144.0
1340.0,AXM5433,2.3325459891704385,106.70720100587911,9144.0
1340.0,AXM6056,3.178367637506601,113.01713673255703,9144.0
1340.0,AXM6057,1.4534618407683133,110.35152507546525,9144.0
1340.0,AXM6064,1.5703906826385,110.94066756050782,9144.0
1340.0,AXM6190,3.0680140634425297,112.42805634426323,9144.0
1340.0,AXM6191,2.1242925702205837,111.26599497224835,9144.0
1340.0,AXM6351,3.787583895782817,113.28509686929391,9144.0
1340.0,AXM6354,3.065524139981972,112.40265057522188,9144.0
1340.0,AXM6355,4.105752835878013,113.70085218863625,9144.0
1340.0,AXM6358,3.5048686116112697,112.91929344087426,9144.0
1340.0,AXM705,1.491059757334749,104.05162914584993,9144.0
1340.0,AXM710,2.4855653959743207,102.71406755997222,9144.0
1340.0,AXM711,1.571865075058152,103.94045330923352,9144.0
1340.0,AXM712,2.737158299110001,101.56241220892255,9144.0
1340.0,AXM713,1.0601786170598995,103.6413304977029,9144.0
1340.0,AXM5432,3.506250013207471,103.51179650286194,9144.0,"(AXM6190),(AXM6354)"
1340.0,AXM5433,2.3325459891704385,106.70720100587911,9144.0,"(AXM6354),(AXM6190)"
1350.0,AXM5432,3.496057935835663,103.53979708645655,9144.0
1350.0,AXM5433,2.3328909166009613,106.67398057074075,9144.0
1350.0,AXM6056,3.1676103658673376,113.01596712060619,9144.0
1350.0,AXM6057,1.4461577635349794,110.35880497906652,9144.0
1350.0,AXM6064,1.5544697363061426,110.9306127745816,9144.0
1350.0,AXM6190,3.0881569895262504,112.45014195229314,9144.0
1350.0,AXM6191,2.10936252592947,111.24816240652827,9144.0
1350.0,AXM6351,3.7676778087598306,113.2594912405599,9144.0
1350.0,AXM6354,3.0855851926915627,112.42576296476064,9144.0
1350.0,AXM6355,4.08593369420886,113.67502286987676,9144.0
1350.0,AXM6358,3.522569174442103,112.94280050673076,9144.0
1350.0,AXM705,1.4916197274967822,104.03786901428666,9144.0
1350.0,AXM710,2.4970476023435424,102.68978563894109,9144.0
1350.0,AXM711,1.5755184576211603,103.95906839485909,9144.0
1350.0,AXM712,2.7569278985695074,101.56704363170635,9144.0
1350.0,AXM713,1.0629019981317684,103.66265417914632,9144.0
1350.0,AXM5432,3.496057935835663,103.53979708645655,9144.0,"(AXM6190),(AXM6354)"
1350.0,AXM5433,2.3328909166009613,106.67398057074075,9144.0,"(AXM6354),(AXM6190)"
1360.0,AXM5432,3.4858850652276154,103.56774081451839,9144.0
1360.0,AXM5433,2.333234732008444,106.64076011593394,9144.0
1360.0,AXM6056,3.1573031285147564,113.01470715727403,9144.0
1360.0,AXM6057,1.4422533627030378,110.36835098177107,9144.0
1360.0,AXM6064,1.5387214028989002,110.92028961174096,9144.0
1360.0,AXM6190,3.10829916313833,112.47222866884695,9144.0
1360.0,AXM6191,2.094680698283065,111.23062702727016,9144.0
1360.0,AXM6351,3.7479785332162385,113.23372605853744,9144.0
1360.0,AXM6354,3.105606839975358,112.44883176048477,9144.0
1360.0,AXM6355,4.066042554034541,113.6491038151348,9144.0
1360.0,AXM6358,3.5402689187246628,112.9663086394207,9144.0
1360.0,AXM705,1.4881090141989826,104.02447939942142,9144.0
1360.0,AXM710,2.5087131760355055,102.66511345834216,9144.0
1360.0,AXM711,1.578949169932069,103.97655019127669,9144.0
1360.0,AXM712,2.777157794525263,101.56758343421669,9144.0
1360.0,AXM713,1.0656334483832,103.68404301977144,9144.0
1360.0,AXM5432,3.4858850652276154,103.56774081451839,9144.0,"(AXM6190),(AXM6354)"
1360.0,AXM5433,2.333234732008444,106.64076011593394,9144.0,"(AXM6354),(AXM6190)"
1370.0,AXM5432,3.4757673756257548,103.59570434340242,9144.0
1370.0,AXM5433,2.3376777018818187,106.60783670289693,9144.0
1370.0,AXM6056,3.1469958896172034,113.01344721910144,9144.0
1370.0,AXM6057,1.4423615814970856,110.3786644907899,9144.0
1370.0,AXM6064,1.5261633429053016,110.90718118607965,9144.0
1370.0,AXM6190,3.12852020815389,112.49424340921473,9144.0
1370.0,AXM6191,2.08000362590313,111.21308782610171,9144.0
1370.0,AXM6351,3.7282776702007667,113.20796267432124,9144.0
1370.0,AXM6354,3.125651913345764,112.47188058256901,9144.0
1370.0,AXM6355,4.046189292143208,113.62315622625691,9144.0
1370.0,AXM6358,3.5580136074062776,112.98978318619238,9144.0
1370.0,AXM705,1.4808325353552816,104.01270521483538,9144.0
1370.0,AXM710,2.5201039914023005,102.64031276620908,9144.0
1370.0,AXM711,1.5817495037537326,103.99414408063473,9144.0
1370.0,AXM712,2.7970802225400893,101.5640244430679,9144.0
1370.0,AXM713,1.0684139743125287,103.70542555311636,9144.0
1370.0,AXM5432,3.4757673756257548,103.59570434340242,9144.0,"(AXM6190),(AXM6354)"
1370.0,AXM5433,2.3376777018818187,106.60783670289693,9144.0,"(AXM6354),(AXM6190)"
1380.0,AXM5432,3.4655673113516725,103.62389148273279,9144.0
1380.0,AXM5433,2.3461981750092473,106.57537227767853,9144.0
1380.0,AXM6056,3.136543993759597,113.01216961111726,9144.0
1380.0,AXM6057,1.4464654308887313,110.38812642785766,9144.0
1380.0,AXM6064,1.517596426620897,110.89235007039743,9144.0
1380.0,AXM6190,3.148700319047782,112.51621528041227,9144.0
1380.0,AXM6191,2.0653262826378174,111.19554901451778,9144.0
1380.0,AXM6351,3.7083952048226325,113.1823403519159,9144.0
1380.0,AXM6354,3.1456963167314216,112.4949304307952,9144.0
1380.0,AXM6355,4.026369592315999,113.59725630810439,9144.0
1380.0,AXM6358,3.575757528446725,113.01325876863312,9144.0
1380.0,AXM705,1.4704282633322117,104.00357877224943,9144.0
1380.0,AXM710,2.531724037382811,102.61501087543346,9144.0
1380.0,AXM711,1.5844201269366918,104.01092460336126,9144.0
1380.0,AXM712,2.815875269232094,101.55651299966043,9144.0
1380.0,AXM713,1.0712533170535061,103.72726241698797,9144.0
1380.0,AXM5432,3.4655673113516725,103.62389148273279,9144.0,"(AXM6190),(AXM6354)"
1380.0,AXM5433,2.3461981750092473,106.57537227767853,9144.0,"(AXM6354),(AXM6190)"
1390.0,AXM5432,3.45531612068867,103.65205969569072,9144.0
1390.0,AXM5433,2.3559461274942706,106.5432554354214,9144.0
1390.0,AXM6057,1.4539206566664713,110.39525138930904,9144.0
1390.0,AXM6064,1.5128372216081787,110.87596762751573,9144.0
1390.0,AXM6190,3.168882389341539,112.53818577347512,9144.0
1390.0,AXM6191,2.0506403175772117,111.17801759254725,9144.0
1390.0,AXM6351,3.68851127816027,113.15671974301662,9144.0
1390.0,AXM6354,3.165736686414769,112.5179842413121,9144.0
1390.0,AXM6355,4.0064935300728575,113.57140046238986,9144.0
1390.0,AXM6358,3.5934986732200787,113.03673691285366,9144.0
1390.0,AXM705,1.4578084028083242,103.99790021829352,9144.0
1390.0,AXM710,2.5428060259896395,102.58946805377427,9144.0
1390.0,AXM711,1.5864792556636966,104.02779116610634,9144.0
1390.0,AXM712,2.832263462773114,101.54556201777737,9144.0
1390.0,AXM713,1.0741243211675122,103.7490951597741,9144.0
1390.0,AXM5432,3.45531612068867,103.65205969569072,9144.0,"(AXM6190),(AXM6354)"
1390.0,AXM5433,2.3559461274942706,106.5432554354214,9144.0,"(AXM6354),(AXM6190)"
1400.0,AXM5432,3.4450026927459487,103.68039489985783,9144.0
1400.0,AXM5433,2.365693273056422,106.51113812259025,9144.0
1400.0,AXM6064,1.51212670243719,110.85892225026778,9144.0
1400.0,AXM6190,3.1889831329032674,112.56006943338694,9144.0
1400.0,AXM6191,2.0359956219277113,111.16053613581313,9144.0
1400.0,AXM6351,3.668772196374693,113.13098748101187,9144.0
1400.0,AXM6354,3.1857763753663177,112.54103909277268,9144.0
1400.0,AXM6355,3.9866869326425762,113.5456376586653,9144.0
1400.0,AXM6358,3.6112160147580994,113.0602335531867,9144.0
1400.0,AXM705,1.444829376280558,103.99649671343234,9144.0
1400.0,AXM710,2.5538386761665506,102.56403672675356,9144.0
1400.0,AXM711,1.5842864509811496,104.0433811530108,9144.0
1400.0,AXM712,2.845858941940302,101.5315632642595,9144.0
1400.0,AXM713,1.077003552033095,103.77099265194073,9144.0
1400.0,AXM5432,3.4450026927459487,103.68039489985783,9144.0,"(AXM6190),(AXM6354)"
1400.0,AXM5433,2.365693273056422,106.51113812259025,9144.0,"(AXM6354),(AXM6190)"
1410.0,AXM5432,3.434678893737566,103.7087260064872,9144.0
1410.0,AXM5433,2.3754395905147976,106.47902033185186,9144.0
1410.0,AXM6064,1.5155059861219324,110.84220030568395,9144.0
1410.0,AXM6190,3.209084792477378,112.58195267837483,9144.0
1410.0,AXM6191,2.0213093009673884,111.14308983687074,9144.0
1410.0,AXM6351,3.6490320087686836,113.1052566377017,9144.0
1410.0,AXM6354,3.2058190026614337,112.56409183218392,9144.0
1410.0,AXM6355,3.966878939071127,113.51987655272528,9144.0
1410.0,AXM6358,3.628930845499544,113.08373255373886,9144.0
1410.0,AXM705,1.433791734252893,103.99935177142807,9144.0
1410.0,AXM710,2.564773909665979,102.53882973957096,9144.0
1410.0,AXM711,1.5782471821428095,104.0571581829729,9144.0
1410.0,AXM712,2.856226639269513,101.51502515456242,9144.0
1410.0,AXM713,1.0798369567953177,103.79289614336928,9144.0
1410.0,AXM5432,3.434678893737566,103.7087260064872,9144.0,"(AXM6190),(AXM6354)"
1410.0,AXM5433,2.3754395905147976,106.47902033185186,9144.0,"(AXM6354),(AXM6190)"
1420.0,AXM5432,3.424514108890467,103.73711445795571,9144.0
1420.0,AXM5433,2.3851850461572015,106.44690205206675,9144.0
1420.0,AXM6064,1.5228081785181165,110.82663081148307,9144.0
1420.0,AXM6190,3.229145429773101,112.60379296729384,9144.0
1420.0,AXM6191,2.0066643970940863,111.12569343920251,9144.0
1420.0,AXM6351,3.62918902818982,113.0796058698414,9144.0
1420.0,AXM6354,3.2258609458062115,112.58714562134959,9144.0
1420.0,AXM6355,3.94707780073488,113.4941107677876,9144.0
1420.0,AXM6358,3.646685886474073,113.10720152774364,9144.0
1420.0,AXM705,1.4232857156250582,103.9979259559843,9144.0
1420.0,AXM711,1.568831759057062,104.06852499836293,9144.0
1420.0,AXM712,2.864733314555145,101.49745453388138,9144.0
1420.0,AXM713,1.0826951587057334,103.81499353202805,9144.0
1420.0,AXM5432,3.424514108890467,103.73711445795571,9144.0,"(AXM6190),(AXM6354)"
1420.0,AXM5433,2.3851850461572015,106.44690205206675,9144.0,"(AXM6351),(AXM6358)"
1420.0,AXM6064,1.5228081785181165,110.82663081148307,9144.0,"(AXM6354),(AXM6190)"
1420.0,AXM6190,3.229145429773101,112.60379296729384,9144.0,"(AXM6358),(AXM6351)"
1430.0,AXM5432,3.4143863873055476,103.76538952815153,9144.0
1430.0,AXM5433,2.39492957384822,106.41478326224582,9144.0
1430.0,AXM6064,1.5340413962011845,110.81228329010119,9144.0
1430.0,AXM6190,3.2491007935071115,112.62573022389677,9144.0
1430.0,AXM6191,1.9921239549044667,111.10820968307026,9144.0
1430.0,AXM6351,3.6092742169287555,113.0538650246986,9144.0
1430.0,AXM6354,3.245863891632013,112.61023381837063,9144.0
1430.0,AXM6355,3.9273458562447474,113.46843840644308,9144.0
1430.0,AXM6358,3.664474564126897,113.1307206374658,9144.0
1430.0,AXM705,1.4127373423711116,103.99628583684283,9144.0
1430.0,AXM711,1.556653816616581,104.07686207520248,9144.0
1430.0,AXM712,2.8766947067787028,101.48211756872182,9144.0
1430.0,AXM713,1.0855609795492827,103.83708995443774,9144.0
1430.0,AXM5432,3.4143863873055476,103.76538952815153,9144.0,"(AXM6190),(AXM6354)"
1430.0,AXM5433,2.39492957384822,106.41478326224582,9144.0,"(AXM6351),(AXM6358)"
1430.0,AXM6064,1.5340413962011845,110.81228329010119,9144.0,"(AXM6354),(AXM6190)"
1430.0,AXM6190,3.2491007935071115,112.62573022389677,9144.0,"(AXM6358),(AXM6351)"
1440.0,AXM5432,3.403898395297442,103.7935321764132,9144.0
1440.0,AXM5433,2.404672965725891,106.3826638983421,9144.0
1440.0,AXM6064,1.5440438211528345,110.79705144957188,9144.0
1440.0,AXM6190,3.2692561140738428,112.64788903439518,9144.0
1440.0,AXM6191,1.977832221214762,111.09102568197456,9144.0
1440.0,AXM6351,3.5893979328526693,113.02809486243426,9144.0
1440.0,AXM6354,3.265866150412959,112.63332307106002,9144.0
1440.0,AXM6355,3.9076296338783054,113.4427545169637,9144.0
1440.0,AXM6358,3.682205332688018,113.15428408202332,9144.0
1440.0,AXM705,1.4024048058074776,103.99467929182968,9144.0
1440.0,AXM711,1.542895925782696,104.08136237447832,9144.0
1440.0,AXM712,2.8915640536116505,101.46969205642661,9144.0
1440.0,AXM713,1.0884348750837574,103.85925095055264,9144.0
1440.0,AXM5432,3.403898395297442,103.7935321764132,9144.0,"(AXM6190),(AXM6354)"
1440.0,AXM5433,2.404672965725891,106.3826638983421,9144.0,"(AXM6354),(AXM6190)"
1450.0,AXM5432,3.393483421715644,103.82144730373082,9144.0
1450.0,AXM5433,2.41781674358335,106.35178171081333,9144.0
1450.0,AXM6064,1.554008745672134,110.78187635649724,9144.0
1450.0,AXM6190,3.289535328226606,112.6699345933596,9144.0
1450.0,AXM6191,1.9634336153075471,111.07393138516619,9144.0
1450.0,AXM6351,3.5695206102410766,113.00232606360322,9144.0
1450.0,AXM6354,3.2858982530620473,112.65638681335606,9144.0
1450.0,AXM6355,3.88794743387202,113.4171181480244,9144.0
1450.0,AXM6358,3.699934080436399,113.17784952373117,9144.0
1450.0,AXM705,1.3920722681301325,103.99307276105027,9144.0
1450.0,AXM711,1.5284285735109764,104.08182437141649,9144.0
1450.0,AXM712,2.908714776309726,101.46068319230031,9144.0
1450.0,AXM713,1.0917451801055584,103.8813509732833,9144.0
1450.0,AXM5432,3.393483421715644,103.82144730373082,9144.0,"(AXM6190),(AXM6354)"
1450.0,AXM5433,2.41781674358335,106.35178171081333,9144.0,"(AXM6354),(AXM6190)"
1460.0,AXM5432,3.3835977634575753,103.84955462322209,9144.0
1460.0,AXM5433,2.430512430323978,106.32071200379137,9144.0
1460.0,AXM6064,1.5603110563671083,110.76484962354117,9144.0
1460.0,AXM6190,3.309733249738529,112.69189352527894,9144.0
1460.0,AXM6191,1.9491605747324119,111.0569868736723,9144.0
1460.0,AXM6351,3.549673155777002,112.97653471917988,9144.0
1460.0,AXM6354,3.3059685130682404,112.67949614722451,9144.0
1460.0,AXM6355,3.8682942187235283,113.39146004612952,9144.0
1460.0,AXM6358,3.7177108922816524,113.20137905056332,9144.0
1460.0,AXM705,1.3817397293391291,103.99146624445191,9144.0
1460.0,AXM711,1.514411769673352,104.0782110764832,9144.0
1460.0,AXM712,2.927376465047997,101.455495756488,9144.0
1460.0,AXM713,1.0950358853165278,103.90332234528209,9144.0
1460.0,AXM5432,3.3835977634575753,103.84955462322209,9144.0,"(AXM6190),(AXM6354)"
1460.0,AXM5433,2.430512430323978,106.32071200379137,9144.0,"(AXM6354),(AXM6190)"
1470.0,AXM5432,3.373696057442942,103.87676373440759,9144.0
1470.0,AXM5433,2.4432071183652653,106.28964159500102,9144.0
1470.0,AXM6064,1.5661682522521048,110.74795302963717,9144.0
1470.0,AXM6190,3.3299355780112525,112.71384883851377,9144.0
1470.0,AXM6191,1.9349476641913272,111.03999197867581,9144.0
1470.0,AXM6351,3.529789463603503,112.95069893059299,9144.0
1470.0,AXM6354,3.3260381392165748,112.70260650244018,9144.0
1470.0,AXM6355,3.848710306598368,113.36589554327593,9144.0
1470.0,AXM6358,3.735522905684145,113.22495748550901,9144.0
1470.0,AXM705,1.3714071905481258,103.98985973481548,9144.0
1470.0,AXM711,1.5021824121815275,104.07086886052535,9144.0
1470.0,AXM712,2.946710837463273,101.45436289837097,9144.0
1470.0,AXM713,1.0997034450304657,103.92504287206307,9144.0
1470.0,AXM5432,3.373696057442942,103.87676373440759,9144.0,"(AXM6190),(AXM6354)"
1470.0,AXM5433,2.4432071183652653,106.28964159500102,9144.0,"(AXM6354),(AXM6190)"
1480.0,AXM5432,3.3638551962054093,103.90380207986983,9144.0
1480.0,AXM5433,2.4558961894921048,106.2585685932922,9144.0
1480.0,AXM6064,1.5680198025450762,110.73016547686052,9144.0
1480.0,AXM6190,3.349975597832431,112.73562950481359,9144.0
1480.0,AXM6191,1.9209019894636883,111.02319778112974,9144.0
1480.0,AXM6351,3.509000462758378,112.92558920368003,9144.0
1480.0,AXM6354,3.346106942094432,112.72571804686937,9144.0
1480.0,AXM6355,3.8290559166456033,113.34038601756434,9144.0
1480.0,AXM6358,3.7533091250172808,113.24855594645624,9144.0
1480.0,AXM711,1.492859756137319,104.06054341690624,9144.0
1480.0,AXM712,2.965505614311294,101.45735468805425,9144.0
1480.0,AXM713,1.104329587355853,103.94657226581832,9144.0
1480.0,AXM5432,3.3638551962054093,103.90380207986983,9144.0,"(AXM6190),(AXM6354)"
1480.0,AXM5433,2.4558961894921048,106.2585685932922,9144.0,"(AXM6354),(AXM6190)"
1490.0,AXM5432,3.354010502721428,103.93083875276842,9144.0
1490.0,AXM5433,2.4687332875282646,106.22755626579648,9144.0
1490.0,AXM6064,1.5657541826570491,110.71256378777862,9144.0
1490.0,AXM6190,3.3699395071126985,112.75748064006585,9144.0
1490.0,AXM6191,1.9068492291015324,111.00640965639357,9144.0
1490.0,AXM6351,3.4881738063573073,112.90043627805849,9144.0
1490.0,AXM6354,3.366185406109085,112.7488216446434,9144.0
1490.0,AXM6355,3.8094358013236347,113.31492394450856,9144.0
1490.0,AXM6358,3.771058523350656,113.27210768181972,9144.0
1490.0,AXM711,1.4869493528744995,104.04794864468928,9144.0
1490.0,AXM712,2.983222609859879,101.4643123940959,9144.0
1490.0,AXM713,1.1083722638588904,103.96821888013584,9144.0
1490.0,AXM5432,3.354010502721428,103.93083875276842,9144.0,"(AXM6190),(AXM6354)"
1490.0,AXM5433,2.4687332875282646,106.22755626579648,9144.0,"(AXM6354),(AXM6190)"
1500.0,AXM5432,3.344238662467593,103.95790166277423,9144.0
1500.0,AXM5433,2.4814599221929567,106.19680733805447,9144.0
1500.0,AXM6064,1.5655334893087898,110.69481815397765,9144.0
1500.0,AXM6190,3.3897412543525722,112.77915606588972,9144.0
1500.0,AXM6191,1.8926285628473924,110.9894216772227,9144.0
1500.0,AXM6351,3.467345345353287,112.87528540796447,9144.0
1500.0,AXM6354,3.386224358533481,112.77188176974119,9144.0
1500.0,AXM6355,3.7899194317585345,113.28938249010012,9144.0
1500.0,AXM6358,3.788806533675777,113.29566094973495,9144.0
1500.0,AXM711,1.4782856341349522,104.03780146104631,9144.0
1500.0,AXM712,2.99903768070522,101.47491246894425,9144.0
1500.0,AXM713,1.1123545587245016,103.98954417108428,9144.0
1500.0,AXM5432,3.344238662467593,103.95790166277423,9144.0,"(AXM6190),(AXM6354)"
1500.0,AXM5433,2.4814599221929567,106.19680733805447,9144.0,"(AXM6354),(AXM6190)"
1500.0,AXM6064,1.5655334893087898,110.69481815397765,9144.0,"(AXM6355),(AXM6358)"
1500.0,AXM6190,3.3897412543525722,112.77915606588972,9144.0,"(AXM6358),(AXM6355)"
1510.0,AXM5432,3.33444212637747,103.98501957654693,9144.0
1510.0,AXM5433,2.49408272572801,106.1660152658252,9144.0
1510.0,AXM6064,1.5653116702561363,110.67700415530625,9144.0
1510.0,AXM6190,3.4096138707814787,112.80076675248688,9144.0
1510.0,AXM6191,1.878378309649942,110.97245867521649,9144.0
1510.0,AXM6351,3.4464598461974387,112.85018260947159,9144.0
1510.0,AXM6354,3.4062588623773538,112.79494625198399,9144.0
1510.0,AXM6355,3.770401938721316,113.26384247278803,9144.0
1510.0,AXM6358,3.80664763572018,113.31914395730483,9144.0
1510.0,AXM711,1.4702725169920932,104.02841642904608,9144.0
1510.0,AXM712,3.012215155481244,101.48866189345202,9144.0
1510.0,AXM713,1.1165738150115825,104.01082385969836,9144.0
1510.0,AXM5432,3.33444212637747,103.98501957654693,9144.0,"(AXM6190),(AXM6354)"
1510.0,AXM5433,2.49408272572801,106.1660152658252,9144.0,"(AXM6354),(AXM6190)"
1510.0,AXM6064,1.5653116702561363,110.67700415530625,9144.0,"(AXM6355),(AXM6358)"
1510.0,AXM6190,3.4096138707814787,112.80076675248688,9144.0,"(AXM6358),(AXM6355)"
1520.0,AXM5432,3.324482291535004,104.01207746444167,9144.0
1520.0,AXM5433,2.5066392114987974,106.13538158748074,9144.0
1520.0,AXM6064,1.5655717991717777,110.65919067304532,9144.0
1520.0,AXM6190,3.4293639883868288,112.82224596876627,9144.0
1520.0,AXM6191,1.8644642399740599,110.95589648963026,9144.0
1520.0,AXM6351,3.4255361167676073,112.82503714009242,9144.0
1520.0,AXM6354,3.426253844004451,112.8179672183323,9144.0
1520.0,AXM6355,3.750720317973231,113.23842984365503,9144.0
1520.0,AXM6358,3.8243785585674823,113.34248529909651,9144.0
1520.0,AXM711,1.459630849415848,104.02217054166051,9144.0
1520.0,AXM712,3.0221420561643515,101.50492110462157,9144.0
1520.0,AXM713,1.1207543482976414,104.03191065618982,9144.0
1520.0,AXM5432,3.324482291535004,104.01207746444167,9144.0,"(AXM6190),(AXM6351)"
1520.0,AXM5433,2.5066392114987974,106.13538158748074,9144.0,"(AXM6190),(AXM6354)"
1520.0,AXM6064,1.5655717991717777,110.65919067304532,9144.0,"(AXM6351),(AXM6190)"
1520.0,AXM6190,3.4293639883868288,112.82224596876627,9144.0,"(AXM6351),(AXM6354)"
1520.0,AXM6191,1.8644642399740599,110.95589648963026,9144.0,"(AXM6354),(AXM6190)"
1520.0,AXM6351,3.4255361167676073,112.82503714009242,9144.0,"(AXM6354),(AXM6351)"
1520.0,AXM6354,3.426253844004451,112.8179672183323,9144.0,"(AXM6355),(AXM6358)"
1520.0,AXM6355,3.750720317973231,113.23842984365503,9144.0,"(AXM6358),(AXM6355)"
1530.0,AXM5432,3.3145699051204893,104.0392168269901,9144.0
1530.0,AXM5433,2.5192362067777427,106.10476428140811,9144.0
1530.0,AXM6064,1.5658296285283415,110.64151396860741,9144.0
1530.0,AXM6190,3.4477639937435915,112.84489698295624,9144.0
1530.0,AXM6191,1.8505704681871802,110.93931738511013,9144.0
1530.0,AXM6351,3.4045799361333295,112.79991935423976,9144.0
1530.0,AXM6354,3.4452648424383963,112.84181058948586,9144.0
1530.0,AXM6355,3.730966579729972,113.21292687159867,9144.0
1530.0,AXM6358,3.841984493015985,113.36592196453995,9144.0
1530.0,AXM711,1.4486553141025398,104.01858708287075,9144.0
1530.0,AXM712,3.0283566120386323,101.52293374865518,9144.0
1530.0,AXM713,1.1248385624272488,104.05301635658321,9144.0
1530.0,AXM5432,3.3145699051204893,104.0392168269901,9144.0,"(AXM6190),(AXM6351)"
1530.0,AXM5433,2.5192362067777427,106.10476428140811,9144.0,"(AXM6190),(AXM6354)"
1530.0,AXM6064,1.5658296285283415,110.64151396860741,9144.0,"(AXM6351),(AXM6190)"
1530.0,AXM6190,3.4477639937435915,112.84489698295624,9144.0,"(AXM6351),(AXM6354)"
1530.0,AXM6191,1.8505704681871802,110.93931738511013,9144.0,"(AXM6354),(AXM6190)"
1530.0,AXM6351,3.4045799361333295,112.79991935423976,9144.0,"(AXM6354),(AXM6351)"
1540.0,AXM5432,3.3046151593808903,104.06646877595323,9144.0
1540.0,AXM5433,2.531832252683676,106.0741462871006,9144.0
1540.0,AXM6064,1.5659589131197142,110.62383585453959,9144.0
1540.0,AXM6190,3.4660115043037627,112.8673622593586,9144.0
1540.0,AXM6191,1.836718584449865,110.92278889293024,9144.0
1540.0,AXM6351,3.3835857967589296,112.77475871980157,9144.0
1540.0,AXM6354,3.4642381439502876,112.86560880583264,9144.0
1540.0,AXM6355,3.711326260617101,113.18733665035606,9144.0
1540.0,AXM6358,3.8595168912629174,113.38926412897042,9144.0
1540.0,AXM711,1.4378173003549168,104.0150485611963,9144.0
1540.0,AXM712,3.0305697399343505,101.54186187492684,9144.0
1540.0,AXM713,1.1288734517797012,104.07379659888801,9144.0
1540.0,AXM5432,3.3046151593808903,104.06646877595323,9144.0,"(AXM6190),(AXM6351)"
1540.0,AXM5433,2.531832252683676,106.0741462871006,9144.0,"(AXM6190),(AXM6354)"
1540.0,AXM6064,1.5659589131197142,110.62383585453959,9144.0,"(AXM6351),(AXM6190)"
1540.0,AXM6190,3.4660115043037627,112.8673622593586,9144.0,"(AXM6351),(AXM6354)"
1540.0,AXM6191,1.836718584449865,110.92278889293024,9144.0,"(AXM6354),(AXM6190)"
1540.0,AXM6351,3.3835857967589296,112.77475871980157,9144.0,"(AXM6354),(AXM6351)"
1550.0,AXM5432,3.2946584577771185,104.09371973498146,9144.0
1550.0,AXM5433,2.5444266019960136,106.04352729517188,9144.0
1550.0,AXM6064,1.566086316240367,110.60636328963099,9144.0
1550.0,AXM6190,3.483231437800342,112.8906278482649,9144.0
1550.0,AXM6191,1.8229009629380737,110.90623184538869,9144.0
1550.0,AXM6351,3.362589197124675,112.74960068898946,9144.0
1550.0,AXM6354,3.4826091101026155,112.88987718503022,9144.0
1550.0,AXM6355,3.6914734995464644,113.16147239052933,9144.0
1550.0,AXM6358,3.877109695999041,113.41256107576461,9144.0
1550.0,AXM711,1.4273374254030093,104.01055851396582,9144.0
1550.0,AXM712,3.0286784915411094,101.56082493178249,9144.0
1550.0,AXM713,1.132908100865505,104.09457691674807,9144.0
1550.0,AXM5432,3.2946584577771185,104.09371973498146,9144.0,"(AXM6190),(AXM6354)"
1550.0,AXM5433,2.5444266019960136,106.04352729517188,9144.0,"(AXM6354),(AXM6190)"
1560.0,AXM5432,3.2847614514567605,104.12099223208494,9144.0
1560.0,AXM5433,2.556964812517698,106.01288492791758,9144.0
1560.0,AXM6064,1.5661257748993276,110.5888903041528,9144.0
1560.0,AXM6190,3.5002709897947937,112.91365187722425,9144.0
1560.0,AXM6191,1.8092515062064078,110.88987697340401,9144.0
1560.0,AXM6351,3.341591655039195,112.72444398748095,9144.0
1560.0,AXM6354,3.500943487730226,112.91409945524369,9144.0
1560.0,AXM6355,3.6716498439023773,113.13558629954898,9144.0
1560.0,AXM6358,3.8946287206694903,113.43576349497425,9144.0
1560.0,AXM711,1.4175914754909824,104.00638295963576,9144.0
1560.0,AXM712,3.0228636652955814,101.57804195652601,9144.0
1560.0,AXM713,1.1376627842226408,104.11520437209984,9144.0
1560.0,AXM5432,3.2847614514567605,104.12099223208494,9144.0,"(AXM6190),(AXM6354)"
1560.0,AXM5433,2.556964812517698,106.01288492791758,9144.0,"(AXM6354),(AXM6190)"
1570.0,AXM5432,3.27482145396536,104.14837690405646,9144.0
1570.0,AXM5433,2.5693928508684643,105.9825077116265,9144.0
1570.0,AXM6064,1.5662720873052411,110.57169264373343,9144.0
1570.0,AXM6190,3.5175840881361378,112.9364705757906,9144.0
1570.0,AXM6191,1.7955669601288249,110.87355160228853,9144.0
1570.0,AXM6351,3.320617842480574,112.6992679676083,9144.0
1570.0,AXM6354,3.5192741152443867,112.93832504957544,9144.0
1570.0,AXM6355,3.651825148781528,113.1097015810914,9144.0
1570.0,AXM6358,3.9120826573643113,113.45901562610013,9144.0
1570.0,AXM711,1.4078121816123463,104.0022861724931,9144.0
1570.0,AXM712,3.0133349781284626,101.59351060743066,9144.0
1570.0,AXM713,1.1463406602489687,104.13465607608549,9144.0
1570.0,AXM5432,3.27482145396536,104.14837690405646,9144.0,"(AXM6190),(AXM6354)"
1570.0,AXM5433,2.5693928508684643,105.9825077116265,9144.0,"(AXM6354),(AXM6190)"
1580.0,AXM5432,3.2648695095270464,104.17575695070136,9144.0
1580.0,AXM5433,2.5819458106282274,105.95218170873191,9144.0
1580.0,AXM6064,1.564003318660468,110.5549924042582,9144.0
1580.0,AXM6190,3.5349694360791353,112.95938659061743,9144.0
1580.0,AXM6191,1.7820091072340924,110.857378079024,9144.0
1580.0,AXM6351,3.2996432565978404,112.67409312719653,9144.0
1580.0,AXM6354,3.5376396339560485,112.96259899680145,9144.0
1580.0,AXM6355,3.631980543478782,113.08383275615006,9144.0
1580.0,AXM6358,3.9295353184711574,113.48226920461657,9144.0
1580.0,AXM711,1.3983690105725302,103.9983302317134,9144.0
1580.0,AXM712,3.0005795644839797,101.60644008144232,9144.0
1580.0,AXM713,1.1585070690198065,104.15189687888162,9144.0
1580.0,AXM5432,3.2648695095270464,104.17575695070136,9144.0,"(AXM6190),(AXM6354)"
1580.0,AXM5433,2.5819458106282274,105.95218170873191,9144.0,"(AXM6354),(AXM6190)"
1590.0,AXM5432,3.2549363083958873,104.20307952465357,9144.0
1590.0,AXM5433,2.5946734903308726,105.92143052106037,9144.0
1590.0,AXM6064,1.561715731950229,110.53815552802341,9144.0
1590.0,AXM6190,3.552331449404458,112.98232078749099,9144.0
1590.0,AXM6191,1.7685093901646596,110.84115607088407,9144.0
1590.0,AXM6351,3.2786676055539736,112.64891970685662,9144.0
1590.0,AXM6354,3.5559403961113474,112.98692247098239,9144.0
1590.0,AXM6355,3.6121349252711052,113.05796527856434,9144.0
1590.0,AXM6358,3.947076187309383,113.50545649235423,9144.0
1590.0,AXM711,1.3889258324408928,103.99437432373463,9144.0
1590.0,AXM712,2.9852495185307837,101.61616943070504,9144.0
1590.0,AXM713,1.1738982136638152,104.1666185129843,9144.0
1590.0,AXM5432,3.2549363083958873,104.20307952465357,9144.0,"(AXM6190),(AXM6354)"
1590.0,AXM5433,2.5946734903308726,105.92143052106037,9144.0,"(AXM6354),(AXM6190)"
1600.0,AXM5432,3.2449824801734652,104.23039429700694,9144.0
1600.0,AXM5433,2.6073989964932283,105.89067812174163,9144.0
1600.0,AXM6064,1.5554595155872424,110.52235848638497,9144.0
1600.0,AXM6190,3.569619689692383,113.00515968075408,9144.0
1600.0,AXM6191,1.755086101610695,110.82521487060173,9144.0
1600.0,AXM6351,3.257717112606236,112.62372580227233,9144.0
1600.0,AXM6354,3.5742402991437925,113.01124707806669,9144.0
1600.0,AXM6355,3.591423688858114,113.03278888293084,9144.0
1600.0,AXM6358,3.9645796336988957,113.52859708529387,9144.0
1600.0,AXM711,1.379482645628483,103.99041845224441,9144.0
1600.0,AXM712,2.968128557194869,101.62220134948184,9144.0
1600.0,AXM713,1.1918279550822393,104.17811218106735,9144.0
1600.0,AXM5432,3.2449824801734652,104.23039429700694,9144.0,"(AXM6190),(AXM6354)"
1600.0,AXM5433,2.6073989964932283,105.89067812174163,9144.0,"(AXM6354),(AXM6190)"
1610.0,AXM5432,3.2350269279577493,104.25770817036823,9144.0
1610.0,AXM5433,2.620075572954141,105.85990516792839,9144.0
1610.0,AXM6064,1.5488941381335826,110.50698733359967,9144.0
1610.0,AXM6190,3.5868954314102752,113.02800849721993,9144.0
1610.0,AXM6191,1.7417478276990896,110.8093752979942,9144.0
1610.0,AXM6351,3.236802467152042,112.59857757189882,9144.0
1610.0,AXM6354,3.5925772189006455,113.03554417061969,9144.0
1610.0,AXM6355,3.5707482993017416,113.00765836434933,9144.0
1610.0,AXM6358,3.982045550548544,113.55176664424958,9144.0
1610.0,AXM711,1.3701544853307845,103.98619835333142,9144.0
1610.0,AXM712,2.9500919542509663,101.62422758659308,9144.0
1610.0,AXM713,1.211062224043098,104.18558872098419,9144.0
1610.0,AXM5432,3.2350269279577493,104.25770817036823,9144.0,"(AXM6190),(AXM6354)"
1610.0,AXM5433,2.620075572954141,105.85990516792839,9144.0,"(AXM6190),(AXM6355)"
1610.0,AXM6064,1.5488941381335826,110.50698733359967,9144.0,"(AXM6354),(AXM6190)"
1610.0,AXM6190,3.5868954314102752,113.02800849721993,9144.0,"(AXM6354),(AXM6355)"
1610.0,AXM6191,1.7417478276990896,110.8093752979942,9144.0,"(AXM6355),(AXM6190)"
1610.0,AXM6351,3.236802467152042,112.59857757189882,9144.0,"(AXM6355),(AXM6354)"
1620.0,AXM5432,3.2250968341617487,104.28503107190942,9144.0
1620.0,AXM5433,2.6328382980940557,105.82891991787177,9144.0
1620.0,AXM6064,1.5423557346175798,110.49167988308386,9144.0
1620.0,AXM6190,3.603877719525282,113.05047136203117,9144.0
1620.0,AXM6191,1.728473380075877,110.7934822593677,9144.0
1620.0,AXM6351,3.2158678272776373,112.57344655428858,9144.0
1620.0,AXM6354,3.6109489337589915,113.05988965129933,9144.0
1620.0,AXM6355,3.5500715752377983,112.982529512282,9144.0
1620.0,AXM6358,3.99954673429157,113.57498551936376,9144.0
1620.0,AXM711,1.3631474138043076,103.97863223604863,9144.0
1620.0,AXM712,2.93206179375921,101.62214468668257,9144.0
1620.0,AXM713,1.230825846721183,104.18888882489084,9144.0
1620.0,AXM5432,3.2250968341617487,104.28503107190942,9144.0,"(AXM6190),(AXM6354)"
1620.0,AXM5433,2.6328382980940557,105.82891991787177,9144.0,"(AXM6190),(AXM6355)"
1620.0,AXM6064,1.5423557346175798,110.49167988308386,9144.0,"(AXM6354),(AXM6190)"
1620.0,AXM6190,3.603877719525282,113.05047136203117,9144.0,"(AXM6354),(AXM6355)"
1620.0,AXM6191,1.728473380075877,110.7934822593677,9144.0,"(AXM6355),(AXM6190)"
1620.0,AXM6351,3.2158678272776373,112.57344655428858,9144.0,"(AXM6355),(AXM6354)"
1630.0,AXM5432,3.215226644300354,104.31218317502608,9144.0
1630.0,AXM5433,2.645599201464216,105.7979335977933,9144.0
1630.0,AXM6064,1.5364463195915918,110.47611865209589,9144.0
1630.0,AXM6190,3.618996742115067,113.07423371958753,9144.0
1630.0,AXM6191,1.7155393323940313,110.77799763903997,9144.0
1630.0,AXM6351,3.1950061715689957,112.54840542394946,9144.0
1630.0,AXM6354,3.629313023227612,113.08424140112469,9144.0
1630.0,AXM6355,3.5292908342944505,112.95748750371185,9144.0
1630.0,AXM6358,4.0170818965742665,113.59817911611425,9144.0
1630.0,AXM711,1.359627929549735,103.96893796317988,9144.0
1630.0,AXM712,2.914959830422679,101.61605925922713,9144.0
1630.0,AXM713,1.2507798354941766,104.18807972687016,9144.0
1630.0,AXM5432,3.215226644300354,104.31218317502608,9144.0,"(AXM6190),(AXM6354)"
1630.0,AXM5433,2.645599201464216,105.7979335977933,9144.0,"(AXM6354),(AXM6190)"
1640.0,AXM5432,3.2054024222967263,104.33935173539606,9144.0
1640.0,AXM5433,2.658352795278484,105.76694394254146,9144.0
1640.0,AXM6064,1.5302501390492635,110.46059502186971,9144.0
1640.0,AXM6190,3.6337870670972143,113.09748196920732,9144.0
1640.0,AXM6191,1.702339269884288,110.7627394619212,9144.0
1640.0,AXM6351,3.1740868356365852,112.52341311743731,9144.0
1640.0,AXM6354,3.6477118543854967,113.10864153655284,9144.0
1640.0,AXM6355,3.508620016787448,112.9325803003446,9144.0
1640.0,AXM6358,4.03461612455982,113.6213739222543,9144.0
1640.0,AXM711,1.36014854859213,103.95863740384887,9144.0
1640.0,AXM712,2.899660366782638,101.6062825099665,9144.0
1640.0,AXM713,1.2704776206416801,104.19136888700599,9144.0
1640.0,AXM5432,3.2054024222967263,104.33935173539606,9144.0,"(AXM6190),(AXM6354)"
1640.0,AXM5433,2.658352795278484,105.76694394254146,9144.0,"(AXM6354),(AXM6190)"
1650.0,AXM5432,3.195658529004084,104.36629219334671,9144.0
1650.0,AXM5433,2.6712139801590955,105.73568983194211,9144.0
1650.0,AXM6064,1.5241050416553077,110.44519997231718,9144.0
1650.0,AXM6190,3.6484681670622603,113.12080000602941,9144.0
1650.0,AXM6191,1.6897365049826125,110.74741397457706,9144.0
1650.0,AXM6351,3.153166776752359,112.49842192229164,9144.0
1650.0,AXM6354,3.6661580948461663,113.13300620646359,9144.0
1650.0,AXM6355,3.4879521069035198,112.90767122441842,9144.0
1650.0,AXM6358,4.052059198984907,113.64463819729593,9144.0
1650.0,AXM711,1.3646275401030328,103.94934760483277,9144.0
1650.0,AXM712,2.886945556307506,101.59331431793102,9144.0
1650.0,AXM713,1.2886330779859052,104.19811427900979,9144.0
1650.0,AXM5432,3.195658529004084,104.36629219334671,9144.0,"(AXM6190),(AXM6354)"
1650.0,AXM5433,2.6712139801590955,105.73568983194211,9144.0,"(AXM6354),(AXM6190)"
1660.0,AXM5432,3.1857746595762775,104.39318119455007,9144.0
1660.0,AXM5433,2.684074027816821,105.70443492429483,9144.0
1660.0,AXM6064,1.517867688670117,110.42984213952137,9144.0
1660.0,AXM6190,3.663343785948581,113.14442947991546,9144.0
1660.0,AXM6191,1.6768791184335705,110.73177951523131,9144.0
1660.0,AXM6351,3.1322457670949335,112.4734320264911,9144.0
1660.0,AXM6354,3.684603467982142,113.15737203955725,9144.0
1660.0,AXM6355,3.467357433630593,112.88285247567983,9144.0
1660.0,AXM6358,4.069573499919325,113.66799994063697,9144.0
1660.0,AXM711,1.3723617571418998,103.94252694822501,9144.0
1660.0,AXM712,2.877660622317464,101.57801830354965,9144.0
1660.0,AXM713,1.306788515180938,104.20485977369314,9144.0
1660.0,AXM5432,3.1857746595762775,104.39318119455007,9144.0,"(AXM6190),(AXM6354)"
1660.0,AXM5433,2.684074027816821,105.70443492429483,9144.0,"(AXM6354),(AXM6190)"
1670.0,AXM5432,3.1759517039219793,104.41989881118805,9144.0
1670.0,AXM5433,2.6969353046069298,105.67318019383265,9144.0
1670.0,AXM6064,1.5122447159303132,110.41581465876823,9144.0
1670.0,AXM6190,3.678111381228501,113.16812728362954,9144.0
1670.0,AXM6191,1.663761577607272,110.71636297004183,9144.0
1670.0,AXM6351,3.111381222744803,112.44839532359201,9144.0
1670.0,AXM6354,3.702996690807762,113.1817779327448,9144.0
1670.0,AXM6355,3.4467619495949493,112.85803494112717,9144.0
1670.0,AXM6358,4.087200921253429,113.69127652659147,9144.0
1670.0,AXM711,1.38213702213435,103.93924621027497,9144.0
1670.0,AXM712,2.8725031918321893,101.56166985111838,9144.0
1670.0,AXM713,1.3246977444669628,104.21223449444487,9144.0
1670.0,AXM5432,3.1759517039219793,104.41989881118805,9144.0,"(AXM6190),(AXM6354)"
1670.0,AXM5433,2.6969353046069298,105.67318019383265,9144.0,"(AXM6354),(AXM6190)"
1680.0,AXM5432,3.1663052401200518,104.44668060409266,9144.0
1680.0,AXM5433,2.7099253259436202,105.64160930483392,9144.0
1680.0,AXM6064,1.5075186565959353,110.40336837545456,9144.0
1680.0,AXM6190,3.6932635517062744,113.19244480096103,9144.0
1680.0,AXM6191,1.6501281584927323,110.70034083711442,9144.0
1680.0,AXM6351,3.090478886693538,112.42331549400716,9144.0
1680.0,AXM6354,3.721389032964824,113.20618500071836,9144.0
1680.0,AXM6355,3.4261648918923515,112.8332192530484,9144.0
1680.0,AXM6358,4.104899923649497,113.71465012002311,9144.0
1680.0,AXM711,1.392418737915885,103.9400204580971,9144.0
1680.0,AXM712,2.863674793984429,101.54722178245022,9144.0
1680.0,AXM713,1.3436311897435291,104.21561625507854,9144.0
1680.0,AXM5432,3.1663052401200518,104.44668060409266,9144.0,"(AXM6190),(AXM6354)"
1680.0,AXM5433,2.7099253259436202,105.64160930483392,9144.0,"(AXM6354),(AXM6190)"
1690.0,AXM5432,3.1566365984137077,104.4735185553737,9144.0
1690.0,AXM5433,2.7229137915114348,105.61003743474323,9144.0
1690.0,AXM6064,1.5031706867987964,110.39259133827564,9144.0
1690.0,AXM6190,3.708524691761833,113.21669421284648,9144.0
1690.0,AXM6191,1.6367446047213088,110.68410934242912,9144.0
1690.0,AXM6351,3.06961217199233,112.39820642495684,9144.0
1690.0,AXM6354,3.7398137637725344,113.2305680357725,9144.0
1690.0,AXM6355,3.4055435868782573,112.80842431519713,9144.0
1690.0,AXM6358,4.122550460923325,113.73806104053848,9144.0
1690.0,AXM711,1.401592800736201,103.94472817688364,9144.0
1690.0,AXM712,2.8521584861467915,101.53617779255528,9144.0
1690.0,AXM713,1.3627151469440857,104.2148783918991,9144.0
1690.0,AXM5432,3.1566365984137077,104.4735185553737,9144.0,"(AXM6190),(AXM6354)"
1690.0,AXM5433,2.7229137915114348,105.61003743474323,9144.0,"(AXM6354),(AXM6190)"
1700.0,AXM5432,3.1468422196558232,104.50031048418961,9144.0
1700.0,AXM5433,2.735966690869117,105.5784918667922,9144.0
1700.0,AXM6064,1.4989309415714522,110.38208274598735,9144.0
1700.0,AXM6190,3.7237203506863477,113.24084220924429,9144.0
1700.0,AXM6191,1.6238243122243672,110.66844088065903,9144.0
1700.0,AXM6351,3.048744641823567,112.37309852428427,9144.0
1700.0,AXM6354,3.7582376101423645,113.25495225575213,9144.0
1700.0,AXM6355,3.3849209150294253,112.78363104763581,9144.0
1700.0,AXM6358,4.140236156633955,113.76152112912814,9144.0
1700.0,AXM711,1.4082189948260209,103.9526303316961,9144.0
1700.0,AXM712,2.8382098097975903,101.52843994426391,9144.0
1700.0,AXM713,1.3812695981873573,104.21007572608649,9144.0
1700.0,AXM5432,3.1468422196558232,104.50031048418961,9144.0,"(AXM6190),(AXM6354)"
1700.0,AXM5433,2.735966690869117,105.5784918667922,9144.0,"(AXM6354),(AXM6190)"
1710.0,AXM5432,3.1369430009660797,104.52738567960789,9144.0
1710.0,AXM5433,2.7490180605497163,105.54694532026959,9144.0
1710.0,AXM6064,1.4946911321954366,110.37157419991748,9144.0
1710.0,AXM6190,3.738839917540099,113.26503853954054,9144.0
1710.0,AXM6191,1.6106409647253639,110.65299337657683,9144.0
1710.0,AXM6351,3.027835368706423,112.34802595982538,9144.0
1710.0,AXM6354,3.776645706204713,113.27934893555147,9144.0
1710.0,AXM6355,3.3643244434968302,112.75881646031874,9144.0
1710.0,AXM6358,4.1578842682098545,113.78501017681381,9144.0
1710.0,AXM712,2.8227513503716217,101.52451994861467,9144.0
1710.0,AXM713,1.3983761652165283,104.20143109036603,9144.0
1710.0,AXM5432,3.1369430009660797,104.52738567960789,9144.0,"(AXM6190),(AXM6354)"
1710.0,AXM5433,2.7490180605497163,105.54694532026959,9144.0,"(AXM6354),(AXM6190)"
1720.0,AXM5432,3.127065431455897,104.55446854883976,9144.0
1720.0,AXM5433,2.761945142887029,105.51534717921183,9144.0
1720.0,AXM6064,1.4904512356386805,110.36106570930825,9144.0
1720.0,AXM6190,3.7538298862867014,113.28903012896593,9144.0
1720.0,AXM6191,1.5993482391663385,110.6363544508018,9144.0
1720.0,AXM6351,3.006888363355981,112.32291026057523,9144.0
1720.0,AXM6354,3.795116516723997,113.30369848097139,9144.0
1720.0,AXM6355,3.3436896682717125,112.7339588896716,9144.0
1720.0,AXM6358,4.175567426001257,113.80854843016674,9144.0
1720.0,AXM712,2.8068055525190974,101.52467697436923,9144.0
1720.0,AXM713,1.413966895652534,104.19087183518326,9144.0
1720.0,AXM5432,3.127065431455897,104.55446854883976,9144.0,"(AXM6190),(AXM6354)"
1720.0,AXM5433,2.761945142887029,105.51534717921183,9144.0,"(AXM6354),(AXM6190)"
1730.0,AXM5432,3.1170836833470306,104.58183377350727,9144.0
1730.0,AXM5433,2.7748277441473803,105.48385317647742,9144.0
1730.0,AXM6064,1.4865617334109045,110.3504224767687,9144.0
1730.0,AXM6190,3.7688622707716726,113.31299546379879,9144.0
1730.0,AXM6191,1.591273145709733,110.61822871649423,9144.0
1730.0,AXM6351,2.985962425635526,112.29777743753064,9144.0
1730.0,AXM6354,3.8135808190227207,113.32805350557538,9144.0
1730.0,AXM6355,3.323064123456952,112.70909415476847,9144.0
1730.0,AXM6358,4.193311195173882,113.83204131548202,9144.0
1730.0,AXM712,2.791427094151859,101.5289005265545,9144.0
1730.0,AXM713,1.4295015746038093,104.18035035470005,9144.0
1730.0,AXM5432,3.1170836833470306,104.58183377350727,9144.0,"(AXM6190),(AXM6354)"
1730.0,AXM5433,2.7748277441473803,105.48385317647742,9144.0,"(AXM6354),(AXM6190)"
1740.0,AXM5432,3.1070991130137675,104.60919770625567,9144.0
1740.0,AXM5433,2.787782939377869,105.45238869040783,9144.0
1740.0,AXM6064,1.4868564488813978,110.33952965983151,9144.0
1740.0,AXM6190,3.7838290404709736,113.33685883603202,9144.0
1740.0,AXM6191,1.583252105646019,110.6002255381552,9144.0
1740.0,AXM6351,2.964998892275053,112.2726014102928,9144.0
1740.0,AXM6354,3.831876165538561,113.35253678871561,9144.0
1740.0,AXM6355,3.3024746791128123,112.68427527682294,9144.0
1740.0,AXM6358,4.211053977152146,113.85553548493071,9144.0
1740.0,AXM712,2.777633128535495,101.53691116163847,9144.0
1740.0,AXM713,1.44695178257542,104.17345982330764,9144.0
1740.0,AXM5432,3.1070991130137675,104.60919770625567,9144.0,"(AXM6190),(AXM6354)"
1740.0,AXM5433,2.787782939377869,105.45238869040783,9144.0,"(AXM6354),(AXM6190)"
1750.0,AXM5432,3.09712438609372,104.63656498103693,9144.0
1750.0,AXM5433,2.800693472402648,105.42102841970129,9144.0
1750.0,AXM6064,1.4910501066378619,110.33145704109735,9144.0
1750.0,AXM6190,3.7987293809805776,113.36076433659304,9144.0
1750.0,AXM6191,1.5777278682387113,110.58130575359282,9144.0
1750.0,AXM6351,2.944033769154956,112.24742718587711,9144.0
1750.0,AXM6354,3.8502987002541795,113.37692460945269,9144.0
1750.0,AXM6355,3.2818384046442115,112.65949596637897,9144.0
1750.0,AXM6358,4.228727570962686,113.87908256362186,9144.0
1750.0,AXM712,2.766336008315313,101.54817898662623,9144.0
1750.0,AXM713,1.4647160617826689,104.1676394444843,9144.0
1750.0,AXM5432,3.09712438609372,104.63656498103693,9144.0,"(AXM6190),(AXM6354)"
1750.0,AXM5433,2.800693472402648,105.42102841970129,9144.0,"(AXM6354),(AXM6190)"
1760.0,AXM5432,3.087124993394631,104.66398698185169,9144.0
1760.0,AXM5433,2.8136073692941546,105.38966919080391,9144.0
1760.0,AXM6064,1.497812429966343,110.32698366838524,9144.0
1760.0,AXM6190,3.8135320400846395,113.3845158204338,9144.0
1760.0,AXM6191,1.570582782824061,110.56315322252557,9144.0
1760.0,AXM6351,2.9230639296445022,112.22225737248709,9144.0
1760.0,AXM6354,3.8687559765693096,113.40136081081232,9144.0
1760.0,AXM6355,3.2612383755497216,112.63476243523147,9144.0
1760.0,AXM6358,4.246328167555728,113.90253495471742,9144.0
1760.0,AXM712,2.75828294120546,101.56195871445946,9144.0
1760.0,AXM713,1.4807823688195767,104.15808125020563,9144.0
1760.0,AXM5432,3.087124993394631,104.66398698185169,9144.0,"(AXM6190),(AXM6354)"
1760.0,AXM5433,2.8136073692941546,105.38966919080391,9144.0,"(AXM6354),(AXM6190)"
1770.0,AXM5432,3.0772624478741015,104.69145838689312,9144.0
1770.0,AXM5433,2.8265199937849497,105.35830908854969,9144.0
1770.0,AXM6064,1.5058955900954119,110.32635981017724,9144.0
1770.0,AXM6190,3.828430011434465,113.40820778253216,9144.0
1770.0,AXM6191,1.5634865514315048,110.54512592748769,9144.0
1770.0,AXM6351,2.90227742270998,112.19731079525654,9144.0
1770.0,AXM6354,3.8872106413514294,113.42579952711469,9144.0
1770.0,AXM6355,3.2406858241612366,112.60998981468512,9144.0
1770.0,AXM6358,4.263972120797059,113.92595510144272,9144.0
1770.0,AXM712,2.754006568600359,101.57733895535002,9144.0
1770.0,AXM713,1.4940782791551934,104.14542464762282,9144.0
1770.0,AXM5432,3.0772624478741015,104.69145838689312,9144.0,"(AXM6190),(AXM6354)"
1770.0,AXM5433,2.8265199937849497,105.35830908854969,9144.0,"(AXM6354),(AXM6190)"
1780.0,AXM5432,3.067459544244171,104.71875921533866,9144.0
1780.0,AXM5433,2.8394311156910543,105.32694801642853,9144.0
1780.0,AXM6064,1.5132638346639642,110.32974261382836,9144.0
1780.0,AXM6190,3.8431970421489825,113.43169396051725,9144.0
1780.0,AXM6191,1.556607238533383,110.52701474216705,9144.0
1780.0,AXM6351,2.8813866538744777,112.17245214623671,9144.0
1780.0,AXM6354,3.9056499156091933,113.45025044738335,9144.0
1780.0,AXM6355,3.220132589006887,112.58521826480411,9144.0
1780.0,AXM6358,4.281542822517727,113.94928053897267,9144.0
1780.0,AXM712,2.7537897359098866,101.59330248473931,9144.0
1780.0,AXM713,1.5050441198997528,104.13070181543438,9144.0
1780.0,AXM5432,3.067459544244171,104.71875921533866,9144.0,"(AXM6190),(AXM6354)"
1780.0,AXM5433,2.8394311156910543,105.32694801642853,9144.0,"(AXM6354),(AXM6190)"
1790.0,AXM5432,3.057424580110786,104.74597510310045,9144.0
1790.0,AXM5433,2.8523626362199317,105.29553349238805,9144.0
1790.0,AXM6064,1.5180614635450553,110.33628013328767,9144.0
1790.0,AXM6190,3.8579028295173097,113.45521911379731,9144.0
1790.0,AXM6191,1.5497512307705221,110.50896670978543,9144.0
1790.0,AXM6351,2.8606436237244206,112.14777216365931,9144.0
1790.0,AXM6354,3.9240867914108097,113.47470372313298,9144.0
1790.0,AXM6355,3.199578616453069,112.56044782705047,9144.0
1790.0,AXM6358,4.298277771633017,113.97321655532662,9144.0
1790.0,AXM712,2.7576467847587964,101.6087935049209,9144.0
1790.0,AXM713,1.5184724811108663,104.11931521209566,9144.0
1790.0,AXM5432,3.057424580110786,104.74597510310045,9144.0,"(AXM6190),(AXM6354)"
1790.0,AXM5433,2.8523626362199317,105.29553349238805,9144.0,"(AXM6354),(AXM6190)"
1800.0,AXM5432,3.0474091614793593,104.77313374166084,9144.0
1800.0,AXM5433,2.865273136054124,105.26410994853505,9144.0
1800.0,AXM6064,1.5190801888702734,110.34432588371634,9144.0
1800.0,AXM6190,3.872445549902759,113.47848535389747,9144.0
1800.0,AXM6191,1.5423811995510486,110.49112262416405,9144.0
1800.0,AXM6351,2.8400351177950545,112.12297990281816,9144.0
1800.0,AXM6354,3.942375903345664,113.49926876925251,9144.0
1800.0,AXM6355,3.179023498913587,112.5356788375392,9144.0
1800.0,AXM6358,4.31501175969307,113.99715377385155,9144.0
1800.0,AXM712,2.7650354110892246,101.6216633554572,9144.0
1800.0,AXM713,1.5311131978531805,104.10859623746303,9144.0
1800.0,AXM5432,3.0474091614793593,104.77313374166084,9144.0,"(AXM6190),(AXM6354)"
1800.0,AXM5433,2.865273136054124,105.26410994853505,9144.0,"(AXM6354),(AXM6190)"
1810.0,AXM5432,3.0374645775991027,104.80031822037067,9144.0
1810.0,AXM5433,2.8782256860959574,105.2325804807787,9144.0
1810.0,AXM6064,1.5160634435973952,110.35185352084373,9144.0
1810.0,AXM6190,3.8869875632256816,113.50175243844286,9144.0
1810.0,AXM6191,1.5357827556454056,110.47464911064765,9144.0
1810.0,AXM6351,2.819351510295908,112.09809991033055,9144.0
1810.0,AXM6354,3.960698263187116,113.52388327233398,9144.0
1810.0,AXM6355,3.158422204907826,112.5109488522349,9144.0
1810.0,AXM6358,4.330637337301309,114.02183347054054,9144.0
1810.0,AXM712,2.7750671600316617,101.6309984590905,9144.0
1810.0,AXM713,1.5424737758330482,104.09652789432472,9144.0
1810.0,AXM5432,3.0374645775991027,104.80031822037067,9144.0,"(AXM6190),(AXM6354)"
1810.0,AXM5433,2.8782256860959574,105.2325804807787,9144.0,"(AXM6354),(AXM6190)"
1820.0,AXM5432,3.0275604011342736,104.82738881418612,9144.0
1820.0,AXM5433,2.8911763403476014,105.20104987319131,9144.0
1820.0,AXM6064,1.5097709981892165,110.3569671977499,9144.0
1820.0,AXM6190,3.901528833809442,113.52502039131063,9144.0
1820.0,AXM6191,1.529853044558953,110.45984594286796,9144.0
1820.0,AXM6351,2.798571750517494,112.07330080404962,9144.0
1820.0,AXM6354,3.9789299327871626,113.54856589078855,9144.0
1820.0,AXM6355,3.137745655980537,112.48613118824213,9144.0
1820.0,AXM6358,4.346229720262198,114.04646349644467,9144.0
1820.0,AXM712,2.7872433784841215,101.63679472591917,9144.0
1820.0,AXM713,1.5497397680714438,104.08287881149856,9144.0
1820.0,AXM5432,3.0275604011342736,104.82738881418612,9144.0,"(AXM6190),(AXM6354)"
1820.0,AXM5433,2.8911763403476014,105.20104987319131,9144.0,"(AXM6354),(AXM6190)"
1830.0,AXM5432,3.017701375951931,104.85447568455876,9144.0
1830.0,AXM5433,2.9010016293021517,105.16840691982298,9144.0
1830.0,AXM6190,3.9160692696571955,113.54828927173054,9144.0
1830.0,AXM6191,1.5241965728304063,110.4453796244895,9144.0
1830.0,AXM6351,2.777754138502366,112.04845838242699,9144.0
1830.0,AXM6354,3.997159658889175,113.57325049916622,9144.0
1830.0,AXM6355,3.1170725177863177,112.46131116380583,9144.0
1830.0,AXM6358,4.361820375387649,114.07109513272414,9144.0
1830.0,AXM712,2.7998491104819014,101.63831566077272,9144.0
1830.0,AXM713,1.5530956010913592,104.06792718016028,9144.0
1830.0,AXM5432,3.017701375951931,104.85447568455876,9144.0,"(AXM6190),(AXM6354)"
1830.0,AXM5433,2.9010016293021517,105.16840691982298,9144.0,"(AXM6354),(AXM6190)"
1840.0,AXM5432,3.00782074334973,104.88161863566148,9144.0
1840.0,AXM5433,2.9107924360614255,105.13587197750047,9144.0
1840.0,AXM6190,3.930607788699608,113.57155976040075,9144.0
1840.0,AXM6191,1.519044963739675,110.43237919261234,9144.0
1840.0,AXM6351,2.7569686109439777,112.02358948261327,9144.0
1840.0,AXM6354,4.015506927829237,113.59784799238031,9144.0
1840.0,AXM6355,3.0963983811332136,112.43649245957457,9144.0
1840.0,AXM6358,4.3773890518376195,114.09574125929177,9144.0
1840.0,AXM712,2.8099580034214764,101.64359325649667,9144.0
1840.0,AXM713,1.552258294179557,104.05311842456823,9144.0
1840.0,AXM5432,3.00782074334973,104.88161863566148,9144.0
1840.0,AXM5433,2.9107924360614255,105.13587197750047,9144.0
1840.0,AXM6190,3.930607788699608,113.57155976040075,9144.0
1840.0,AXM6191,1.519044963739675,110.43237919261234,9144.0
1840.0,AXM6351,2.7569686109439777,112.02358948261327,9144.0
1840.0,AXM6354,4.015506927829237,113.59784799238031,9144.0
1840.0,AXM6355,3.0963983811332136,112.43649245957457,9144.0
1840.0,AXM6358,4.3773890518376195,114.09574125929177,9144.0
1840.0,AXM712,2.8099580034214764,101.64359325649667,9144.0
1840.0,AXM713,1.552258294179557,104.05311842456823,9144.0
1850.0,AXM5432,2.997945688769316,104.9087633768175,9144.0
1850.0,AXM5433,2.9196750059606074,105.10307650295128,9144.0
1850.0,AXM6190,3.9452076358320207,113.59479204700453,9144.0
1850.0,AXM6191,1.514471662124494,110.42083854483758,9144.0
1850.0,AXM6351,2.7361453279182117,111.99867723102166,9144.0
1850.0,AXM6354,4.033887589516171,113.62249480308738,9144.0
1850.0,AXM6355,3.0757772793990474,112.41163002629351,9144.0
1850.0,AXM6358,4.392956294469136,114.12038881037141,9144.0
1850.0,AXM712,2.8163242834743185,101.65143314956116,9144.0
1850.0,AXM713,1.5473994750297155,104.03910505670395,9144.0
1850.0,AXM5432,2.997945688769316,104.9087633768175,9144.0
1850.0,AXM5433,2.9196750059606074,105.10307650295128,9144.0
1850.0,AXM6190,3.9452076358320207,113.59479204700453,9144.0
1850.0,AXM6191,1.514471662124494,110.42083854483758,9144.0
1850.0,AXM6351,2.7361453279182117,111.99867723102166,9144.0
1850.0,AXM6354,4.033887589516171,113.62249480308738,9144.0
1850.0,AXM6355,3.0757772793990474,112.41163002629351,9144.0
1850.0,AXM6358,4.392956294469136,114.12038881037141,9144.0
1850.0,AXM712,2.8163242834743185,101.65143314956116,9144.0
1850.0,AXM713,1.5473994750297155,104.03910505670395,9144.0
1860.0,AXM5432,2.9880284218986155,104.93602075245575,9144.0
1860.0,AXM5433,2.928556258289946,105.07028041097227,9144.0
1860.0,AXM6190,3.9590158488053735,113.61676695904193,9144.0
1860.0,AXM6191,1.5098155031590907,110.40933112463516,9144.0
1860.0,AXM6351,2.7153369466198027,111.97375293369302,9144.0
1860.0,AXM6354,4.052145243999913,113.64723388222676,9144.0
1860.0,AXM6355,3.0551183792181873,112.38672420683221,9144.0
1860.0,AXM6358,4.408523537100653,114.14503687682878,9144.0
1860.0,AXM712,2.8190658436250113,101.661157224401,9144.0
1860.0,AXM713,1.5391360075059306,104.02764983388776,9144.0
1860.0,AXM5432,2.9880284218986155,104.93602075245575,9144.0
1860.0,AXM5433,2.928556258289946,105.07028041097227,9144.0
1860.0,AXM6190,3.9590158488053735,113.61676695904193,9144.0
1860.0,AXM6191,1.5098155031590907,110.40933112463516,9144.0
1860.0,AXM6351,2.7153369466198027,111.97375293369302,9144.0
1860.0,AXM6354,4.052145243999913,113.64723388222676,9144.0
1860.0,AXM6355,3.0551183792181873,112.38672420683221,9144.0
1860.0,AXM6358,4.408523537100653,114.14503687682878,9144.0
1860.0,AXM712,2.8190658436250113,101.661157224401,9144.0
1860.0,AXM713,1.5391360075059306,104.02764983388776,9144.0
1870.0,AXM5432,2.9781046792835926,104.96327551868195,9144.0
1870.0,AXM5433,2.9374345207614008,105.03748324698067,9144.0
1870.0,AXM6190,3.9727544805692214,113.6387860144735,9144.0
1870.0,AXM6191,1.505621115294259,110.39880430163225,9144.0
1870.0,AXM6351,2.694121964263874,111.94834341588184,9144.0
1870.0,AXM6354,4.070401107286073,113.6719748495238,9144.0
1870.0,AXM6355,3.0344503372630767,112.36182647247409,9144.0
1870.0,AXM712,2.817733673987738,101.67117285216928,9144.0
1870.0,AXM713,1.5279325663474452,104.01905054103966,9144.0
1870.0,AXM5432,2.9781046792835926,104.96327551868195,9144.0
1870.0,AXM5433,2.9374345207614008,105.03748324698067,9144.0
1870.0,AXM6190,3.9727544805692214,113.6387860144735,9144.0
1870.0,AXM6191,1.505621115294259,110.39880430163225,9144.0
1870.0,AXM6351,2.694121964263874,111.94834341588184,9144.0
1870.0,AXM6354,4.070401107286073,113.6719748495238,9144.0
1870.0,AXM6355,3.0344503372630767,112.36182647247409,9144.0
1870.0,AXM712,2.817733673987738,101.67117285216928,9144.0
1870.0,AXM713,1.5279325663474452,104.01905054103966,9144.0
1880.0,AXM5432,2.968138899014721,104.99064279797635,9144.0
1880.0,AXM5433,2.9465961496978226,105.00476404465512,9144.0
1880.0,AXM6190,3.9864593933501604,113.66075281351621,9144.0
1880.0,AXM6191,1.5015071663746655,110.38847954902002,9144.0
1880.0,AXM6351,2.6729034848185833,111.9229372657391,9144.0
1880.0,AXM6354,4.0887370214958025,113.69665681121235,9144.0
1880.0,AXM6355,3.013781479760217,112.3369298915205,9144.0
1880.0,AXM712,2.8125459559277957,101.6798396562531,9144.0
1880.0,AXM713,1.5147326565504204,104.01403134387695,9144.0
1880.0,AXM5432,2.968138899014721,104.99064279797635,9144.0
1880.0,AXM5433,2.9465961496978226,105.00476404465512,9144.0
1880.0,AXM6190,3.9864593933501604,113.66075281351621,9144.0
1880.0,AXM6191,1.5015071663746655,110.38847954902002,9144.0
1880.0,AXM6351,2.6729034848185833,111.9229372657391,9144.0
1880.0,AXM6354,4.0887370214958025,113.69665681121235,9144.0
1880.0,AXM6355,3.013781479760217,112.3369298915205,9144.0
1880.0,AXM712,2.8125459559277957,101.6798396562531,9144.0
1880.0,AXM713,1.5147326565504204,104.01403134387695,9144.0
1890.0,AXM5432,2.958171922309923,105.01800939396435,9144.0
1890.0,AXM5433,2.9557410967539792,104.9720989647587,9144.0
1890.0,AXM6190,4.000163649748845,113.68272039084292,9144.0
1890.0,AXM6191,1.497393155125193,110.37815484066643,9144.0
1890.0,AXM6351,2.6517098967140202,111.8975107398496,9144.0
1890.0,AXM6354,4.107035997652307,113.7212932235493,9144.0
1890.0,AXM6355,2.993064918007032,112.31207357304667,9144.0
1890.0,AXM712,2.8043523285432546,101.68573819965586,9144.0
1890.0,AXM713,1.5006479170002827,104.01301489127506,9144.0
1890.0,AXM5432,2.958171922309923,105.01800939396435,9144.0,"(AXM5432),(AXM5433)"
1890.0,AXM5433,2.9557410967539792,104.9720989647587,9144.0,"(AXM5433),(AXM5432)"
1900.0,AXM5432,2.9481821703279274,105.04536741614794,9144.0
1900.0,AXM5433,2.964881865226039,104.93943244268971,9144.0
1900.0,AXM6190,4.013867207842628,113.70468877396978,9144.0
1900.0,AXM6191,1.4932790575131294,110.36783018610178,9144.0
1900.0,AXM6351,2.6302578952296924,111.87177840393795,9144.0
1900.0,AXM6354,4.125391441069244,113.7458879436747,9144.0
1900.0,AXM6355,2.9723846374672926,112.28726284984735,9144.0
1900.0,AXM712,2.7944947356522825,101.68790246763238,9144.0
1900.0,AXM713,1.4870855697079124,104.01610090639014,9144.0
1900.0,AXM5432,2.9481821703279274,105.04536741614794,9144.0,"(AXM5432),(AXM5433)"
1900.0,AXM5433,2.964881865226039,104.93943244268971,9144.0,"(AXM5433),(AXM5432)"
1910.0,AXM5432,2.938170615747729,105.07278121510723,9144.0
1910.0,AXM5433,2.973855021800962,104.90671909212617,9144.0
1910.0,AXM6190,4.027569932540695,113.72665804880442,9144.0
1910.0,AXM6191,1.4892675127172017,110.35746524644728,9144.0
1910.0,AXM6351,2.608765599581438,111.84608022525454,9144.0
1910.0,AXM6354,4.143709902257852,113.7704371040858,9144.0
1910.0,AXM6355,2.951774483428694,112.26239414817,9144.0
1910.0,AXM712,2.784820347101806,101.68593212582577,9144.0
1910.0,AXM713,1.4758796679339925,104.02280025276035,9144.0
1910.0,AXM5432,2.938170615747729,105.07278121510723,9144.0
1910.0,AXM5433,2.973855021800962,104.90671909212617,9144.0
1910.0,AXM6190,4.027569932540695,113.72665804880442,9144.0
1910.0,AXM6191,1.4892675127172017,110.35746524644728,9144.0
1910.0,AXM6351,2.608765599581438,111.84608022525454,9144.0
1910.0,AXM6354,4.143709902257852,113.7704371040858,9144.0
1910.0,AXM6355,2.951774483428694,112.26239414817,9144.0
1910.0,AXM712,2.784820347101806,101.68593212582577,9144.0
1910.0,AXM713,1.4758796679339925,104.02280025276035,9144.0
1920.0,AXM5432,2.9281714440670554,105.10019929987769,9144.0
1920.0,AXM5433,2.98284169908071,104.8739502037037,9144.0
1920.0,AXM6190,4.041246476847409,113.74864408224151,9144.0
1920.0,AXM6191,1.489409914245894,110.34671477958713,9144.0
1920.0,AXM6351,2.5874187375854123,111.82055905240856,9144.0
1920.0,AXM6354,4.161949736020451,113.79504561568643,9144.0
1920.0,AXM6355,2.9312005278574804,112.23757114675004,9144.0
1920.0,AXM712,2.77676955616149,101.68021124720848,9144.0
1920.0,AXM713,1.4644596211547192,104.0249344869554,9144.0
1920.0,AXM5432,2.9281714440670554,105.10019929987769,9144.0
1920.0,AXM5433,2.98284169908071,104.8739502037037,9144.0
1920.0,AXM6190,4.041246476847409,113.74864408224151,9144.0
1920.0,AXM6191,1.489409914245894,110.34671477958713,9144.0
1920.0,AXM6351,2.5874187375854123,111.82055905240856,9144.0
1920.0,AXM6354,4.161949736020451,113.79504561568643,9144.0
1920.0,AXM6355,2.9312005278574804,112.23757114675004,9144.0
1920.0,AXM712,2.77676955616149,101.68021124720848,9144.0
1920.0,AXM713,1.4644596211547192,104.0249344869554,9144.0
1930.0,AXM5432,2.9181919901039546,105.12756035631851,9144.0
1930.0,AXM5433,2.9919092615369207,104.84120339506414,9144.0
1930.0,AXM6190,4.054019550832872,113.76907017049608,9144.0
1930.0,AXM6191,1.4935521812271892,110.33687283042296,9144.0
1930.0,AXM6351,2.56610108891154,111.79501385075609,9144.0
1930.0,AXM6354,4.180187984803978,113.81965587951541,9144.0
1930.0,AXM6355,2.9105425429297145,112.21281867052059,9144.0
1930.0,AXM712,2.7717192832944884,101.67171829199351,9144.0
1930.0,AXM713,1.4534630413541636,104.02289823525305,9144.0
1930.0,AXM5432,2.9181919901039546,105.12756035631851,9144.0
1930.0,AXM5433,2.9919092615369207,104.84120339506414,9144.0
1930.0,AXM6190,4.054019550832872,113.76907017049608,9144.0
1930.0,AXM6191,1.4935521812271892,110.33687283042296,9144.0
1930.0,AXM6351,2.56610108891154,111.79501385075609,9144.0
1930.0,AXM6354,4.180187984803978,113.81965587951541,9144.0
1930.0,AXM6355,2.9105425429297145,112.21281867052059,9144.0
1930.0,AXM712,2.7717192832944884,101.67171829199351,9144.0
1930.0,AXM713,1.4534630413541636,104.02289823525305,9144.0
1940.0,AXM5432,2.908211203050059,105.15492068269559,9144.0
1940.0,AXM5433,3.000975330600042,104.80845590057348,9144.0
1940.0,AXM6190,4.065829584319839,113.78797359360115,9144.0
1940.0,AXM6191,1.5010880695009166,110.32930935381759,9144.0
1940.0,AXM6351,2.5450027087081017,111.76973442854299,9144.0
1940.0,AXM6354,4.198383443920713,113.84429853867344,9144.0
1940.0,AXM6355,2.8898466991772347,112.18802279189276,9144.0
1940.0,AXM712,2.7636684923541726,101.66599747667193,9144.0
1940.0,AXM713,1.443475525330694,104.0178649440233,9144.0
1940.0,AXM5432,2.908211203050059,105.15492068269559,9144.0
1940.0,AXM5433,3.000975330600042,104.80845590057348,9144.0
1940.0,AXM6190,4.065829584319839,113.78797359360115,9144.0
1940.0,AXM6191,1.5010880695009166,110.32930935381759,9144.0
1940.0,AXM6351,2.5450027087081017,111.76973442854299,9144.0
1940.0,AXM6354,4.198383443920713,113.84429853867344,9144.0
1940.0,AXM6355,2.8898466991772347,112.18802279189276,9144.0
1940.0,AXM712,2.7636684923541726,101.66599747667193,9144.0
1940.0,AXM713,1.443475525330694,104.0178649440233,9144.0
1950.0,AXM5432,2.898635051584333,105.18242538211534,9144.0
1950.0,AXM5433,3.0099918853431844,104.77569443019715,9144.0
1950.0,AXM6190,4.076684373106471,113.80534938956569,9144.0
1950.0,AXM6191,1.510912906038223,110.32513308193535,9144.0
1950.0,AXM6351,2.523861694200599,111.74449113304554,9144.0
1950.0,AXM6354,4.216542154983091,113.86889540142002,9144.0
1950.0,AXM6355,2.8692070677522925,112.16318043459125,9144.0
1950.0,AXM712,2.7539285549664836,101.6639827112256,9144.0
1950.0,AXM713,1.4337472203942525,104.01296233638654,9144.0
1950.0,AXM5432,2.898635051584333,105.18242538211534,9144.0
1950.0,AXM5433,3.0099918853431844,104.77569443019715,9144.0
1950.0,AXM6190,4.076684373106471,113.80534938956569,9144.0
1950.0,AXM6191,1.510912906038223,110.32513308193535,9144.0
1950.0,AXM6351,2.523861694200599,111.74449113304554,9144.0
1950.0,AXM6354,4.216542154983091,113.86889540142002,9144.0
1950.0,AXM6355,2.8692070677522925,112.16318043459125,9144.0
1950.0,AXM712,2.7539285549664836,101.6639827112256,9144.0
1950.0,AXM713,1.4337472203942525,104.01296233638654,9144.0
1960.0,AXM5432,2.889037777256657,105.20998613349448,9144.0
1960.0,AXM5433,3.019022045857002,104.74287747460986,9144.0
1960.0,AXM6190,4.087354609126502,113.82243131972231,9144.0
1960.0,AXM6191,1.5215864847822473,110.3249562405854,9144.0
1960.0,AXM6351,2.5030525413547515,111.71964710222241,9144.0
1960.0,AXM6354,4.2348144087226025,113.89340815361676,9144.0
1960.0,AXM6355,2.848566820104595,112.13833903745825,9144.0
1960.0,AXM712,2.7442008648184713,101.66605591794332,9144.0
1960.0,AXM713,1.4236190274283158,104.00895109346716,9144.0
1960.0,AXM5432,2.889037777256657,105.20998613349448,9144.0
1960.0,AXM5433,3.019022045857002,104.74287747460986,9144.0
1960.0,AXM6190,4.087354609126502,113.82243131972231,9144.0
1960.0,AXM6191,1.5215864847822473,110.3249562405854,9144.0
1960.0,AXM6351,2.5030525413547515,111.71964710222241,9144.0
1960.0,AXM6354,4.2348144087226025,113.89340815361676,9144.0
1960.0,AXM6355,2.848566820104595,112.13833903745825,9144.0
1960.0,AXM712,2.7442008648184713,101.66605591794332,9144.0
1960.0,AXM713,1.4236190274283158,104.00895109346716,9144.0
1970.0,AXM5432,2.8816839976573942,105.23822991423273,9144.0
1970.0,AXM5433,3.0280653727957607,104.71006388136149,9144.0
1970.0,AXM6190,4.098009591111644,113.83952304487514,9144.0
1970.0,AXM6191,1.5315441840014057,110.32880479105835,9144.0
1970.0,AXM6351,2.4822993332746948,111.69475662273204,9144.0
1970.0,AXM6354,4.253049673971909,113.91787525152058,9144.0
1970.0,AXM6355,2.827925893050309,112.1134986499062,9144.0
1970.0,AXM712,2.7362021849712543,101.67184940450996,9144.0
1970.0,AXM713,1.4143201575958189,104.00502866405509,9144.0
1970.0,AXM5432,2.8816839976573942,105.23822991423273,9144.0
1970.0,AXM5433,3.0280653727957607,104.71006388136149,9144.0
1970.0,AXM6190,4.098009591111644,113.83952304487514,9144.0
1970.0,AXM6191,1.5315441840014057,110.32880479105835,9144.0
1970.0,AXM6351,2.4822993332746948,111.69475662273204,9144.0
1970.0,AXM6354,4.253049673971909,113.91787525152058,9144.0
1970.0,AXM6355,2.827925893050309,112.1134986499062,9144.0
1970.0,AXM712,2.7362021849712543,101.67184940450996,9144.0
1970.0,AXM713,1.4143201575958189,104.00502866405509,9144.0
1980.0,AXM5432,2.8743291870486973,105.26647324356473,9144.0
1980.0,AXM5433,3.0370921390389847,104.67730441243904,9144.0
1980.0,AXM6190,4.108487023733478,113.85633138016578,9144.0
1980.0,AXM6191,1.5393263215245618,110.33611460832635,9144.0
1980.0,AXM6351,2.461916323195352,111.6703132030095,9144.0
1980.0,AXM6354,4.271297163182953,113.942333764284,9144.0
1980.0,AXM6355,2.807283032641338,112.08866031334223,9144.0
1980.0,AXM712,2.7310398149971213,101.68053076956113,9144.0
1980.0,AXM713,1.4051559606993484,104.00116307610199,9144.0
1980.0,AXM5432,2.8743291870486973,105.26647324356473,9144.0
1980.0,AXM5433,3.0370921390389847,104.67730441243904,9144.0
1980.0,AXM6190,4.108487023733478,113.85633138016578,9144.0
1980.0,AXM6191,1.5393263215245618,110.33611460832635,9144.0
1980.0,AXM6351,2.461916323195352,111.6703132030095,9144.0
1980.0,AXM6354,4.271297163182953,113.942333764284,9144.0
1980.0,AXM6355,2.807283032641338,112.08866031334223,9144.0
1980.0,AXM712,2.7310398149971213,101.68053076956113,9144.0
1980.0,AXM713,1.4051559606993484,104.00116307610199,9144.0
1990.0,AXM5432,2.865770282445186,105.2943742126917,9144.0
1990.0,AXM5433,3.0461040889460786,104.64454057921841,9144.0
1990.0,AXM6190,4.119047653152283,113.87308752080499,9144.0
1990.0,AXM6191,1.5437921270647377,110.34581416505836,9144.0
1990.0,AXM6351,2.4415304431696963,111.64587255354122,9144.0
1990.0,AXM6354,4.289542749509153,113.96679428751433,9144.0
1990.0,AXM6355,2.7866244553847763,112.06383551601576,9144.0
1990.0,AXM712,2.729736918307551,101.6905495111911,9144.0
1990.0,AXM713,1.3959917571310132,103.99729751909214,9144.0
1990.0,AXM5432,2.865770282445186,105.2943742126917,9144.0
1990.0,AXM5433,3.0461040889460786,104.64454057921841,9144.0
1990.0,AXM6190,4.119047653152283,113.87308752080499,9144.0
1990.0,AXM6191,1.5437921270647377,110.34581416505836,9144.0
1990.0,AXM6351,2.4415304431696963,111.64587255354122,9144.0
1990.0,AXM6354,4.289542749509153,113.96679428751433,9144.0
1990.0,AXM6355,2.7866244553847763,112.06383551601576,9144.0
1990.0,AXM712,2.729736918307551,101.6905495111911,9144.0
1990.0,AXM713,1.3959917571310132,103.99729751909214,9144.0
2000.0,AXM5432,2.8572104444396222,105.32227468640659,9144.0
2000.0,AXM5433,3.0550844191600626,104.61188579861187,9144.0
2000.0,AXM6190,4.129755057989038,113.8895900218622,9144.0
2000.0,AXM6191,1.5442869657928138,110.35648160690121,9144.0
2000.0,AXM6351,2.421479878981196,111.62183682659771,9144.0
2000.0,AXM6354,4.3076408993350785,113.99136529490868,9144.0
2000.0,AXM6355,2.765927526495467,112.0389677620664,9144.0
2000.0,AXM713,1.3868275466513893,103.99343199349447,9144.0
2000.0,AXM5432,2.8572104444396222,105.32227468640659,9144.0
2000.0,AXM5433,3.0550844191600626,104.61188579861187,9144.0
2000.0,AXM6190,4.129755057989038,113.8895900218622,9144.0
2000.0,AXM6191,1.5442869657928138,110.35648160690121,9144.0
2000.0,AXM6351,2.421479878981196,111.62183682659771,9144.0
2000.0,AXM6354,4.3076408993350785,113.99136529490868,9144.0
2000.0,AXM6355,2.765927526495467,112.0389677620664,9144.0
2000.0,AXM713,1.3868275466513893,103.99343199349447,9144.0
2010.0,AXM5432,2.8465071718555928,105.3494229948346,9144.0
2010.0,AXM5433,3.064044664711073,104.57922521248442,9144.0
2010.0,AXM6190,4.143613100881931,113.90344270712447,9144.0
2010.0,AXM6351,2.4013536819811203,111.59786486270787,9144.0
2010.0,AXM6354,4.325772633309183,114.0159856640266,9144.0
2010.0,AXM6355,2.7451739039337286,112.01414784591624,9144.0
2010.0,AXM713,1.3776709856445266,103.9895483871543,9144.0
2010.0,AXM5432,2.8465071718555928,105.3494229948346,9144.0
2010.0,AXM5433,3.064044664711073,104.57922521248442,9144.0
2010.0,AXM6190,4.143613100881931,113.90344270712447,9144.0
2010.0,AXM6351,2.4013536819811203,111.59786486270787,9144.0
2010.0,AXM6354,4.325772633309183,114.0159856640266,9144.0
2010.0,AXM6355,2.7451739039337286,112.01414784591624,9144.0
2010.0,AXM713,1.3776709856445266,103.9895483871543,9144.0
2020.0,AXM5432,2.835759008486197,105.37668241279918,9144.0
2020.0,AXM5433,3.0730894806963325,104.54658773623352,9144.0
2020.0,AXM6190,4.159362710779384,113.91341113586785,9144.0
2020.0,AXM6351,2.3815658650284006,111.57429943439233,9144.0
2020.0,AXM6354,4.3440818261391,114.04047418911293,9144.0
2020.0,AXM6355,2.7244562641844996,111.9893737287412,9144.0
2020.0,AXM713,1.371135640178785,103.9824422677889,9144.0
2020.0,AXM5432,2.835759008486197,105.37668241279918,9144.0
2020.0,AXM5433,3.0730894806963325,104.54658773623352,9144.0
2020.0,AXM6190,4.159362710779384,113.91341113586785,9144.0
2020.0,AXM6351,2.3815658650284006,111.57429943439233,9144.0
2020.0,AXM6354,4.3440818261391,114.04047418911293,9144.0
2020.0,AXM6355,2.7244562641844996,111.9893737287412,9144.0
2020.0,AXM713,1.371135640178785,103.9824422677889,9144.0
2030.0,AXM5432,2.8250093135025245,105.40394097248415,9144.0
2030.0,AXM5433,3.082128725230382,104.51394843517286,9144.0
2030.0,AXM6190,4.1768264523557725,113.91990253772077,9144.0
2030.0,AXM6351,2.3619040851572177,111.55062890003367,9144.0
2030.0,AXM6354,4.362389936456992,114.06496412389032,9144.0
2030.0,AXM6355,2.703836704701596,111.96451815902266,9144.0
2030.0,AXM713,1.3680678745822323,103.9732099608027,9144.0
2030.0,AXM5432,2.8250093135025245,105.40394097248415,9144.0
2030.0,AXM5433,3.082128725230382,104.51394843517286,9144.0
2030.0,AXM6190,4.1768264523557725,113.91990253772077,9144.0
2030.0,AXM6351,2.3619040851572177,111.55062890003367,9144.0
2030.0,AXM6354,4.362389936456992,114.06496412389032,9144.0
2030.0,AXM6355,2.703836704701596,111.96451815902266,9144.0
2030.0,AXM713,1.3680678745822323,103.9732099608027,9144.0
2040.0,AXM5432,2.8140314901594716,105.43110798215925,9144.0
2040.0,AXM5433,3.0910990984820224,104.48128980806807,9144.0
2040.0,AXM6190,4.193267985157062,113.92601428974328,9144.0
2040.0,AXM6351,2.3425418238456963,111.52732436813149,9144.0
2040.0,AXM6354,4.382924654281953,114.08760907839431,9144.0
2040.0,AXM6355,2.6831793672800144,111.93961914176484,9144.0
2040.0,AXM713,1.3690576263459084,103.9635315334674,9144.0
2040.0,AXM5432,2.8140314901594716,105.43110798215925,9144.0
2040.0,AXM5433,3.0910990984820224,104.48128980806807,9144.0
2040.0,AXM6190,4.193267985157062,113.92601428974328,9144.0
2040.0,AXM6351,2.3425418238456963,111.52732436813149,9144.0
2040.0,AXM6354,4.382924654281953,114.08760907839431,9144.0
2040.0,AXM6355,2.6831793672800144,111.93961914176484,9144.0
2040.0,AXM713,1.3690576263459084,103.9635315334674,9144.0
2050.0,AXM5432,2.8029851113930673,105.45844093100393,9144.0
2050.0,AXM5433,3.1000765975989295,104.44857382859603,9144.0
2050.0,AXM6190,4.208157705439113,113.93530075246863,9144.0
2050.0,AXM6351,2.3230875227119183,111.50409706450763,9144.0
2050.0,AXM6354,4.405398027886881,114.10832023779089,9144.0
2050.0,AXM6355,2.662428073512462,111.91479896690801,9144.0
2050.0,AXM713,1.373930562210742,103.95511171483147,9144.0
2050.0,AXM5432,2.8029851113930673,105.45844093100393,9144.0
2050.0,AXM5433,3.1000765975989295,104.44857382859603,9144.0
2050.0,AXM6190,4.208157705439113,113.93530075246863,9144.0
2050.0,AXM6351,2.3230875227119183,111.50409706450763,9144.0
2050.0,AXM6354,4.405398027886881,114.10832023779089,9144.0
2050.0,AXM6355,2.662428073512462,111.91479896690801,9144.0
2050.0,AXM713,1.373930562210742,103.95511171483147,9144.0
2060.0,AXM5432,2.792220849497412,105.48588622498123,9144.0
2060.0,AXM5433,3.1091299647236585,104.41587854365794,9144.0
2060.0,AXM6190,4.223727871754137,113.94056884763837,9144.0
2060.0,AXM6351,2.3044297156915516,111.48199521676906,9144.0
2060.0,AXM6354,4.427957627490412,114.12911286875172,9144.0
2060.0,AXM6355,2.6416018688484746,111.8898910936011,9144.0
2060.0,AXM713,1.3818283712125714,103.9494335588783,9144.0
2060.0,AXM5432,2.792220849497412,105.48588622498123,9144.0
2060.0,AXM5433,3.1091299647236585,104.41587854365794,9144.0
2060.0,AXM6190,4.223727871754137,113.94056884763837,9144.0
2060.0,AXM6351,2.3044297156915516,111.48199521676906,9144.0
2060.0,AXM6354,4.427957627490412,114.12911286875172,9144.0
2060.0,AXM6355,2.6416018688484746,111.8898910936011,9144.0
2060.0,AXM713,1.3818283712125714,103.9494335588783,9144.0
2070.0,AXM5432,2.7813899636297807,105.51349783517763,9144.0
2070.0,AXM5433,3.118195450703242,104.38312730603708,9144.0
2070.0,AXM6190,4.236762794664527,113.94723878674606,9144.0
2070.0,AXM6351,2.286593271738366,111.4608675131655,9144.0
2070.0,AXM6354,4.450515990963615,114.14990748445328,9144.0
2070.0,AXM6355,2.6208774409204842,111.86489870923825,9144.0
2070.0,AXM713,1.3913599461734738,103.94749722684256,9144.0
2070.0,AXM5432,2.7813899636297807,105.51349783517763,9144.0
2070.0,AXM5433,3.118195450703242,104.38312730603708,9144.0
2070.0,AXM6190,4.236762794664527,113.94723878674606,9144.0
2070.0,AXM6351,2.286593271738366,111.4608675131655,9144.0
2070.0,AXM6354,4.450515990963615,114.14990748445328,9144.0
2070.0,AXM6355,2.6208774409204842,111.86489870923825,9144.0
2070.0,AXM713,1.3913599461734738,103.94749722684256,9144.0
2080.0,AXM5432,2.770597884689703,105.54112441979473,9144.0
2080.0,AXM5433,3.1271813873164525,104.35035380780113,9144.0
2080.0,AXM6190,4.248195547980729,113.95308915588308,9144.0
2080.0,AXM6351,2.2688644606691097,111.43964952852829,9144.0
2080.0,AXM6354,4.473291177685687,114.17046358675114,9144.0
2080.0,AXM6355,2.6000417483248444,111.8397740161472,9144.0
2080.0,AXM713,1.4008464110479604,103.9496438126127,9144.0
2080.0,AXM5432,2.770597884689703,105.54112441979473,9144.0
2080.0,AXM5433,3.1271813873164525,104.35035380780113,9144.0
2080.0,AXM6190,4.248195547980729,113.95308915588308,9144.0
2080.0,AXM6351,2.2688644606691097,111.43964952852829,9144.0
2080.0,AXM6354,4.473291177685687,114.17046358675114,9144.0
2080.0,AXM6355,2.6000417483248444,111.8397740161472,9144.0
2080.0,AXM713,1.4008464110479604,103.9496438126127,9144.0
2090.0,AXM5432,2.75976124471471,105.56886151482585,9144.0
2090.0,AXM5433,3.1361797064368937,104.31752447372757,9144.0
2090.0,AXM6190,4.259422220265743,113.95804493941112,9144.0
2090.0,AXM6351,2.2514496966828936,111.4188084937616,9144.0
2090.0,AXM6354,4.496109454428323,114.19106070261971,9144.0
2090.0,AXM6355,2.5791861608728057,111.81466628240446,9144.0
2090.0,AXM713,1.408616835407484,103.95549524735064,9144.0
2090.0,AXM5432,2.75976124471471,105.56886151482585,9144.0
2090.0,AXM5433,3.1361797064368937,104.31752447372757,9144.0
2090.0,AXM6190,4.259422220265743,113.95804493941112,9144.0
2090.0,AXM6351,2.2514496966828936,111.4188084937616,9144.0
2090.0,AXM6354,4.496109454428323,114.19106070261971,9144.0
2090.0,AXM6355,2.5791861608728057,111.81466628240446,9144.0
2090.0,AXM713,1.408616835407484,103.95549524735064,9144.0
2100.0,AXM5432,2.748979647351233,105.59661985012599,9144.0
2100.0,AXM5433,3.1451338267518922,104.2846827391261,9144.0
2100.0,AXM6190,4.270055115249168,113.96273888693581,9144.0
2100.0,AXM6351,2.2340656076463477,111.39794207371592,9144.0
2100.0,AXM6354,4.51895923370738,114.21162329517249,9144.0
2100.0,AXM6355,2.5581826781700014,111.78938231366637,9144.0
2100.0,AXM5432,2.748979647351233,105.59661985012599,9144.0
2100.0,AXM5433,3.1451338267518922,104.2846827391261,9144.0
2100.0,AXM6190,4.270055115249168,113.96273888693581,9144.0
2100.0,AXM6351,2.2340656076463477,111.39794207371592,9144.0
2100.0,AXM6354,4.51895923370738,114.21162329517249,9144.0
2100.0,AXM6355,2.5581826781700014,111.78938231366637,9144.0
2110.0,AXM5432,2.738196937553111,105.62437750199105,9144.0
2110.0,AXM5433,3.1540705221705534,104.25189489508774,9144.0
2110.0,AXM6190,4.280519423124309,113.96779955756445,9144.0
2110.0,AXM6351,2.216799301256085,111.37721810452189,9144.0
2110.0,AXM6354,4.541764396576825,114.23214786641235,9144.0
2110.0,AXM6355,2.5371083858636814,111.76415786539417,9144.0
2110.0,AXM5432,2.738196937553111,105.62437750199105,9144.0
2110.0,AXM5433,3.1540705221705534,104.25189489508774,9144.0
2110.0,AXM6190,4.280519423124309,113.96779955756445,9144.0
2110.0,AXM6351,2.216799301256085,111.37721810452189,9144.0
2110.0,AXM6354,4.541764396576825,114.23214786641235,9144.0
2110.0,AXM6355,2.5371083858636814,111.76415786539417,9144.0
2120.0,AXM5432,2.727574910757974,105.65219693376352,9144.0
2120.0,AXM5433,3.162924306923545,104.21908421731857,9144.0
2120.0,AXM6190,4.291108933688826,113.97259124421272,9144.0
2120.0,AXM6351,2.199553723100575,111.35647709789492,9144.0
2120.0,AXM6354,4.564597033082829,114.25264232748849,9144.0
2120.0,AXM6355,2.5159965463355145,111.73889027004815,9144.0
2120.0,AXM5432,2.727574910757974,105.65219693376352,9144.0
2120.0,AXM5433,3.162924306923545,104.21908421731857,9144.0
2120.0,AXM6190,4.291108933688826,113.97259124421272,9144.0
2120.0,AXM6351,2.199553723100575,111.35647709789492,9144.0
2120.0,AXM6354,4.564597033082829,114.25264232748849,9144.0
2120.0,AXM6355,2.5159965463355145,111.73889027004815,9144.0
2130.0,AXM5432,2.716951806646091,105.6800157079902,9144.0
2130.0,AXM5433,3.1717165087298604,104.18649255392383,9144.0
2130.0,AXM6190,4.30156661757856,113.9773234338191,9144.0
2130.0,AXM6351,2.1827031326756208,111.33621217615728,9144.0
2130.0,AXM6354,4.587428966646378,114.27313823035541,9144.0
2130.0,AXM6355,2.494911373573548,111.71360078196193,9144.0
2130.0,AXM5432,2.716951806646091,105.6800157079902,9144.0
2130.0,AXM5433,3.1717165087298604,104.18649255392383,9144.0
2130.0,AXM6190,4.30156661757856,113.9773234338191,9144.0
2130.0,AXM6351,2.1827031326756208,111.33621217615728,9144.0
2130.0,AXM6354,4.587428966646378,114.27313823035541,9144.0
2130.0,AXM6355,2.494911373573548,111.71360078196193,9144.0
2140.0,AXM5432,2.7063578175637653,105.70784536414745,9144.0
2140.0,AXM5433,3.180647823131574,104.15393857227016,9144.0
2140.0,AXM6190,4.311948275964576,113.98222114331061,9144.0
2140.0,AXM6351,2.16572217248632,111.31605675771644,9144.0
2140.0,AXM6354,4.610257561763378,114.2936385325042,9144.0
2140.0,AXM6355,2.4737152245478113,111.68817993031487,9144.0
2140.0,AXM5432,2.7063578175637653,105.70784536414745,9144.0
2140.0,AXM5433,3.180647823131574,104.15393857227016,9144.0
2140.0,AXM6190,4.311948275964576,113.98222114331061,9144.0
2140.0,AXM6351,2.16572217248632,111.31605675771644,9144.0
2140.0,AXM6354,4.610257561763378,114.2936385325042,9144.0
2140.0,AXM6355,2.4737152245478113,111.68817993031487,9144.0
2150.0,AXM5432,2.695763027715659,105.73567447200543,9144.0
2150.0,AXM5433,3.1895469101276173,104.12149378456543,9144.0
2150.0,AXM6190,4.323383461239028,113.98315510342289,9144.0
2150.0,AXM6351,2.148860937538442,111.29604444626962,9144.0
2150.0,AXM6354,4.632877575135482,114.31437090368937,9144.0
2150.0,AXM6355,2.452514494542556,111.66276331071927,9144.0
2150.0,AXM5432,2.695763027715659,105.73567447200543,9144.0
2150.0,AXM5433,3.1895469101276173,104.12149378456543,9144.0
2150.0,AXM6190,4.323383461239028,113.98315510342289,9144.0
2150.0,AXM6351,2.148860937538442,111.29604444626962,9144.0
2150.0,AXM6354,4.632877575135482,114.31437090368937,9144.0
2150.0,AXM6355,2.452514494542556,111.66276331071927,9144.0
2160.0,AXM5432,2.6851672171663776,105.76350294855104,9144.0
2160.0,AXM5433,3.1986040903081827,104.08909262420815,9144.0
2160.0,AXM6190,4.334188117112506,113.9799910585717,9144.0
2160.0,AXM6351,2.1320228701781394,111.27601283062701,9144.0
2160.0,AXM6354,4.6555812379861266,114.33518740190935,9144.0
2160.0,AXM6355,2.4311663682893507,111.637171609394,9144.0
2160.0,AXM5432,2.6851672171663776,105.76350294855104,9144.0
2160.0,AXM5433,3.1986040903081827,104.08909262420815,9144.0
2160.0,AXM6190,4.334188117112506,113.9799910585717,9144.0
2160.0,AXM6351,2.1320228701781394,111.27601283062701,9144.0
2160.0,AXM6354,4.6555812379861266,114.33518740190935,9144.0
2160.0,AXM6355,2.4311663682893507,111.637171609394,9144.0
2170.0,AXM5432,2.6744116783758454,105.79126970283714,9144.0
2170.0,AXM5433,3.20769013958731,104.05658076669316,9144.0
2170.0,AXM6190,4.343152332142522,113.9731642938003,9144.0
2170.0,AXM6351,2.115304638560353,111.25612475801458,9144.0
2170.0,AXM6354,4.678573922236071,114.3556827504806,9144.0
2170.0,AXM6355,2.4098172492251426,111.61158114084716,9144.0
2170.0,AXM5432,2.6744116783758454,105.79126970283714,9144.0
2170.0,AXM5433,3.20769013958731,104.05658076669316,9144.0
2170.0,AXM6190,4.343152332142522,113.9731642938003,9144.0
2170.0,AXM6351,2.115304638560353,111.25612475801458,9144.0
2170.0,AXM6354,4.678573922236071,114.3556827504806,9144.0
2170.0,AXM6355,2.4098172492251426,111.61158114084716,9144.0
2180.0,AXM5432,2.6636769393014035,105.81898028309125,9144.0
2180.0,AXM5433,3.216722935478943,104.02405373913963,9144.0
2180.0,AXM6190,4.349092699593659,113.96357600333484,9144.0
2180.0,AXM6351,2.0986234623281974,111.23620576584852,9144.0
2180.0,AXM6354,4.7015204135737685,114.37614194244482,9144.0
2180.0,AXM6355,2.3884682788923706,111.58599094750225,9144.0
2180.0,AXM5432,2.6636769393014035,105.81898028309125,9144.0
2180.0,AXM5433,3.216722935478943,104.02405373913963,9144.0
2180.0,AXM6190,4.349092699593659,113.96357600333484,9144.0
2180.0,AXM6351,2.0986234623281974,111.23620576584852,9144.0
2180.0,AXM6354,4.7015204135737685,114.37614194244482,9144.0
2180.0,AXM6355,2.3884682788923706,111.58599094750225,9144.0
2190.0,AXM5432,2.6529413471512977,105.84669029107755,9144.0
2190.0,AXM5433,3.225708395174031,103.9916909706102,9144.0
2190.0,AXM6190,4.3512250045816225,113.95249200335635,9144.0
2190.0,AXM6351,2.0821424502033077,111.21652668888066,9144.0
2190.0,AXM6354,4.723938614089765,114.397183210084,9144.0
2190.0,AXM6355,2.3670085757135526,111.56027020505324,9144.0
2190.0,AXM5432,2.6529413471512977,105.84669029107755,9144.0
2190.0,AXM5433,3.225708395174031,103.9916909706102,9144.0
2190.0,AXM6190,4.3512250045816225,113.95249200335635,9144.0
2190.0,AXM6351,2.0821424502033077,111.21652668888066,9144.0
2190.0,AXM6354,4.723938614089765,114.397183210084,9144.0
2190.0,AXM6355,2.3670085757135526,111.56027020505324,9144.0
2200.0,AXM5432,2.642203640271834,105.87439923778015,9144.0
2200.0,AXM5433,3.2347038345842556,103.95933069666019,9144.0
2200.0,AXM6190,4.349267751841487,113.94137559907062,9144.0
2200.0,AXM6351,2.06575419101557,111.19677040543098,9144.0
2200.0,AXM6354,4.746397803785214,114.41826772566203,9144.0
2200.0,AXM6355,2.3455931297246453,111.53451293500682,9144.0
2200.0,AXM5432,2.642203640271834,105.87439923778015,9144.0
2200.0,AXM5433,3.2347038345842556,103.95933069666019,9144.0
2200.0,AXM6190,4.349267751841487,113.94137559907062,9144.0
2200.0,AXM6351,2.06575419101557,111.19677040543098,9144.0
2200.0,AXM6354,4.746397803785214,114.41826772566203,9144.0
2200.0,AXM6355,2.3455931297246453,111.53451293500682,9144.0
2210.0,AXM5432,2.631507549656029,105.90212407148921,9144.0
2210.0,AXM5433,3.243682472151496,103.92702477591529,9144.0
2210.0,AXM6190,4.3434793271959755,113.9316943630245,9144.0
2210.0,AXM6351,2.0495657325881513,111.17725583234629,9144.0
2210.0,AXM6354,4.769289632410917,114.43887911013043,9144.0
2210.0,AXM6355,2.32424989943554,111.50884464324552,9144.0
2210.0,AXM5432,2.631507549656029,105.90212407148921,9144.0
2210.0,AXM5433,3.243682472151496,103.92702477591529,9144.0
2210.0,AXM6190,4.3434793271959755,113.9316943630245,9144.0
2210.0,AXM6351,2.0495657325881513,111.17725583234629,9144.0
2210.0,AXM6354,4.769289632410917,114.43887911013043,9144.0
2210.0,AXM6355,2.32424989943554,111.50884464324552,9144.0
2220.0,AXM5432,2.620853798386997,105.92973696305584,9144.0
2220.0,AXM5433,3.2526238170890966,103.89470819436026,9144.0
2220.0,AXM6190,4.334623886869591,113.92472635551208,9144.0
2220.0,AXM6351,2.033287438811954,111.15781642619775,9144.0
2220.0,AXM6354,4.7922235912493925,114.45953252705188,9144.0
2220.0,AXM6355,2.3028946833506247,111.48318672522834,9144.0
2220.0,AXM5432,2.620853798386997,105.92973696305584,9144.0
2220.0,AXM5433,3.2526238170890966,103.89470819436026,9144.0
2220.0,AXM6190,4.334623886869591,113.92472635551208,9144.0
2220.0,AXM6351,2.033287438811954,111.15781642619775,9144.0
2220.0,AXM6354,4.7922235912493925,114.45953252705188,9144.0
2220.0,AXM6355,2.3028946833506247,111.48318672522834,9144.0
2230.0,AXM5432,2.6101993857191297,105.95734936433576,9144.0
2230.0,AXM5433,3.26158609190627,103.86239714208347,9144.0
2230.0,AXM6190,4.323870477755146,113.92139138870111,9144.0
2230.0,AXM6351,2.0174541972334734,111.13890929433109,9144.0
2230.0,AXM6354,4.814955956004345,114.48040987024744,9144.0
2230.0,AXM6355,2.2816118988872156,111.4576177857361,9144.0
2230.0,AXM5432,2.6101993857191297,105.95734936433576,9144.0
2230.0,AXM5433,3.26158609190627,103.86239714208347,9144.0
2230.0,AXM6190,4.323870477755146,113.92139138870111,9144.0
2230.0,AXM6351,2.0174541972334734,111.13890929433109,9144.0
2230.0,AXM6354,4.814955956004345,114.48040987024744,9144.0
2230.0,AXM6355,2.2816118988872156,111.4576177857361,9144.0
2240.0,AXM5432,2.5995443015655146,105.9849612723587,9144.0
2240.0,AXM5433,3.270527359371358,103.83013931295486,9144.0
2240.0,AXM6190,4.312638706224436,113.9221296167752,9144.0
2240.0,AXM6351,2.0016156338967415,111.12000680917002,9144.0
2240.0,AXM6354,4.83768693096032,114.50128943677619,9144.0
2240.0,AXM6355,2.2610321877783424,111.43147911080895,9144.0
2240.0,AXM5432,2.5995443015655146,105.9849612723587,9144.0
2240.0,AXM5433,3.270527359371358,103.83013931295486,9144.0
2240.0,AXM6190,4.312638706224436,113.9221296167752,9144.0
2240.0,AXM6351,2.0016156338967415,111.12000680917002,9144.0
2240.0,AXM6354,4.83768693096032,114.50128943677619,9144.0
2240.0,AXM6355,2.2610321877783424,111.43147911080895,9144.0
2250.0,AXM5432,2.5888885276559335,106.01257268098884,9144.0
2250.0,AXM5433,3.279500871416448,103.79789017901076,9144.0
2250.0,AXM6351,1.9857767787557785,111.10110475071322,9144.0
2250.0,AXM6354,4.8604541832009565,114.52212985914818,9144.0
2250.0,AXM6355,2.2407001797648904,111.40565701741895,9144.0
2250.0,AXM5432,2.5888885276559335,106.01257268098884,9144.0
2250.0,AXM5433,3.279500871416448,103.79789017901076,9144.0
2250.0,AXM6351,1.9857767787557785,111.10110475071322,9144.0
2250.0,AXM6354,4.8604541832009565,114.52212985914818,9144.0
2250.0,AXM6355,2.2407001797648904,111.40565701741895,9144.0
2260.0,AXM5432,2.5782320256921625,106.04018357634268,9144.0
2260.0,AXM5433,3.2884704757650423,103.76563966471859,9144.0
2260.0,AXM6351,1.9689220447547102,111.08310395687437,9144.0
2260.0,AXM6354,4.883263520699404,114.54301229831594,9144.0
2260.0,AXM6355,2.220405089805784,111.37980621014594,9144.0
2260.0,AXM5432,2.5782320256921625,106.04018357634268,9144.0
2260.0,AXM5433,3.2884704757650423,103.76563966471859,9144.0
2260.0,AXM6351,1.9689220447547102,111.08310395687437,9144.0
2260.0,AXM6354,4.883263520699404,114.54301229831594,9144.0
2260.0,AXM6355,2.220405089805784,111.37980621014594,9144.0
2270.0,AXM5432,2.5675746813337956,106.06779391512082,9144.0
2270.0,AXM5433,3.2973779627151147,103.7333715931367,9144.0
2270.0,AXM6351,1.9493580047118013,111.06820041548056,9144.0
2270.0,AXM6354,4.906139028603489,114.56382241190457,9144.0
2270.0,AXM6355,2.200180325979086,111.35404687945103,9144.0
2270.0,AXM5432,2.5675746813337956,106.06779391512082,9144.0
2270.0,AXM5433,3.2973779627151147,103.7333715931367,9144.0
2270.0,AXM6351,1.9493580047118013,111.06820041548056,9144.0
2270.0,AXM6354,4.906139028603489,114.56382241190457,9144.0
2270.0,AXM6355,2.200180325979086,111.35404687945103,9144.0
2280.0,AXM5432,2.55691316468925,106.09540240993785,9144.0
2280.0,AXM5433,3.306329252319612,103.70093746225673,9144.0
2280.0,AXM6351,1.9284113503306344,111.05738931938772,9144.0
2280.0,AXM6354,4.928969689447884,114.58459497471563,9144.0
2280.0,AXM6355,2.1798572969623256,111.32836546774193,9144.0
2280.0,AXM5432,2.55691316468925,106.09540240993785,9144.0
2280.0,AXM5433,3.306329252319612,103.70093746225673,9144.0
2280.0,AXM6351,1.9284113503306344,111.05738931938772,9144.0
2280.0,AXM6354,4.928969689447884,114.58459497471563,9144.0
2280.0,AXM6355,2.1798572969623256,111.32836546774193,9144.0
2290.0,AXM5432,2.5463327321509746,106.12304191484967,9144.0
2290.0,AXM5433,3.31538692522336,103.66853268166494,9144.0
2290.0,AXM6351,1.9059069823497206,111.0503809295651,9144.0
2290.0,AXM6354,4.951898757791858,114.60525876708434,9144.0
2290.0,AXM6355,2.160000098930707,111.30327455280805,9144.0
2290.0,AXM5432,2.5463327321509746,106.12304191484967,9144.0
2290.0,AXM5433,3.31538692522336,103.66853268166494,9144.0
2290.0,AXM6351,1.9059069823497206,111.0503809295651,9144.0
2290.0,AXM6354,4.951898757791858,114.60525876708434,9144.0
2290.0,AXM6355,2.160000098930707,111.30327455280805,9144.0
2300.0,AXM5432,2.5357279231169976,106.15073583335328,9144.0
2300.0,AXM5433,3.324489051379788,103.6359623478446,9144.0
2300.0,AXM6351,1.8841150428020472,111.04642716288404,9144.0
2300.0,AXM6354,4.974782959259642,114.62588498307187,9144.0
2300.0,AXM6355,2.1400701701945044,111.2782417786289,9144.0
2300.0,AXM5432,2.5357279231169976,106.15073583335328,9144.0
2300.0,AXM5433,3.324489051379788,103.6359623478446,9144.0
2300.0,AXM6351,1.8841150428020472,111.04642716288404,9144.0
2300.0,AXM6354,4.974782959259642,114.62588498307187,9144.0
2300.0,AXM6355,2.1400701701945044,111.2782417786289,9144.0
2310.0,AXM5432,2.5249668306143565,106.17836905177661,9144.0
2310.0,AXM5433,3.3335162688665774,103.60337080382195,9144.0
2310.0,AXM6351,1.862323093758939,111.04247349777681,9144.0
2310.0,AXM6354,4.997639480636294,114.64654281913238,9144.0
2310.0,AXM6355,2.120575593907764,111.2537572459873,9144.0
2310.0,AXM5432,2.5249668306143565,106.17836905177661,9144.0
2310.0,AXM5433,3.3335162688665774,103.60337080382195,9144.0
2310.0,AXM6351,1.862323093758939,111.04247349777681,9144.0
2310.0,AXM6354,4.997639480636294,114.64654281913238,9144.0
2310.0,AXM6355,2.120575593907764,111.2537572459873,9144.0
2320.0,AXM5432,2.5141614305015194,106.20611288222283,9144.0
2320.0,AXM5433,3.342557150652866,103.57072363010974,9144.0
2320.0,AXM6351,1.8408026968096343,111.03723853882592,9144.0
2320.0,AXM6354,5.0204511846118445,114.6671629609976,9144.0
2320.0,AXM6355,2.1011465070061863,111.22922094897447,9144.0
2320.0,AXM5432,2.5141614305015194,106.20611288222283,9144.0
2320.0,AXM5433,3.342557150652866,103.57072363010974,9144.0
2320.0,AXM6351,1.8408026968096343,111.03723853882592,9144.0
2320.0,AXM6354,5.0204511846118445,114.6671629609976,9144.0
2320.0,AXM6355,2.1011465070061863,111.22922094897447,9144.0
2330.0,AXM5432,2.5032911756043927,106.23383108697591,9144.0
2330.0,AXM5433,3.351589900496674,103.5380738968247,9144.0
2330.0,AXM6351,1.8196630528154139,111.0320963346562,9144.0
2330.0,AXM6354,5.0432601445151635,114.68778688448631,9144.0
2330.0,AXM6355,2.0821549023845645,111.20523847972687,9144.0
2330.0,AXM5432,2.5032911756043927,106.23383108697591,9144.0
2330.0,AXM5433,3.351589900496674,103.5380738968247,9144.0
2330.0,AXM6351,1.8196630528154139,111.0320963346562,9144.0
2330.0,AXM6354,5.0432601445151635,114.68778688448631,9144.0
2330.0,AXM6355,2.0821549023845645,111.20523847972687,9144.0
2340.0,AXM5432,2.4923982547329318,106.26160421173931,9144.0
2340.0,AXM5433,3.3600998770119657,103.50528325586586,9144.0
2340.0,AXM6351,1.798478842083209,111.02714118074476,9144.0
2340.0,AXM6354,5.065716811186416,114.70809501688501,9144.0
2340.0,AXM6355,2.063182562631909,111.18124103474273,9144.0
2340.0,AXM5432,2.4923982547329318,106.26160421173931,9144.0
2340.0,AXM5433,3.3600998770119657,103.50528325586586,9144.0
2340.0,AXM6351,1.798478842083209,111.02714118074476,9144.0
2340.0,AXM6354,5.065716811186416,114.70809501688501,9144.0
2340.0,AXM6355,2.063182562631909,111.18124103474273,9144.0
2350.0,AXM5432,2.4814380714755044,106.28935058068714,9144.0
2350.0,AXM5433,3.3663039256980154,103.472093263689,9144.0
2350.0,AXM6351,1.7772946161961614,111.02218614887444,9144.0
2350.0,AXM6354,5.088002893704658,114.72859237416735,9144.0
2350.0,AXM6355,2.0443196860290134,111.15738334064581,9144.0
2350.0,AXM5432,2.4814380714755044,106.28935058068714,9144.0
2350.0,AXM5433,3.3663039256980154,103.472093263689,9144.0
2350.0,AXM6351,1.7772946161961614,111.02218614887444,9144.0
2350.0,AXM6354,5.088002893704658,114.72859237416735,9144.0
2350.0,AXM6355,2.0443196860290134,111.15738334064581,9144.0
2360.0,AXM5432,2.47047709214616,106.317096405054,9144.0
2360.0,AXM5433,3.372485461690477,103.43901495726418,9144.0
2360.0,AXM6351,1.7561332308574498,111.017134427622,9144.0
2360.0,AXM6354,5.1109832797410295,114.74973102280582,9144.0
2360.0,AXM6355,2.0254081283791883,111.13356454515262,9144.0
2360.0,AXM5432,2.47047709214616,106.317096405054,9144.0
2360.0,AXM5433,3.372485461690477,103.43901495726418,9144.0
2360.0,AXM6351,1.7561332308574498,111.017134427622,9144.0
2360.0,AXM6354,5.1109832797410295,114.74973102280582,9144.0
2360.0,AXM6355,2.0254081283791883,111.13356454515262,9144.0
2370.0,AXM5432,2.4595141412140644,106.34484122047519,9144.0
2370.0,AXM5433,3.375484254623189,103.40549628510804,9144.0
2370.0,AXM6351,1.7350355223436238,111.0120980332404,9144.0
2370.0,AXM6354,5.13099379464559,114.7737222150868,9144.0
2370.0,AXM6355,2.006680346729899,111.10997845217216,9144.0
2370.0,AXM5432,2.4595141412140644,106.34484122047519,9144.0
2370.0,AXM5433,3.375484254623189,103.40549628510804,9144.0
2370.0,AXM6351,1.7350355223436238,111.0120980332404,9144.0
2370.0,AXM6354,5.13099379464559,114.7737222150868,9144.0
2370.0,AXM6355,2.006680346729899,111.10997845217216,9144.0
2380.0,AXM5432,2.448559770877588,106.3725892037451,9144.0
2380.0,AXM5433,3.3784865921148155,103.37192051235195,9144.0
2380.0,AXM6351,1.7139123861884975,111.00716952762751,9144.0
2380.0,AXM6354,5.149684507829405,114.79905740003709,9144.0
2380.0,AXM6355,1.987950503673033,111.08639426700822,9144.0
2380.0,AXM5432,2.448559770877588,106.3725892037451,9144.0
2380.0,AXM5433,3.3784865921148155,103.37192051235195,9144.0
2380.0,AXM6351,1.7139123861884975,111.00716952762751,9144.0
2380.0,AXM6354,5.149684507829405,114.79905740003709,9144.0
2380.0,AXM6355,1.987950503673033,111.08639426700822,9144.0
2390.0,AXM5432,2.4376265932531234,106.40028123295727,9144.0
2390.0,AXM5433,3.3814865548209783,103.33834442275888,9144.0
2390.0,AXM6351,1.6943562859614139,110.99840785236734,9144.0
2390.0,AXM6354,5.168373613752679,114.82439452644502,9144.0
2390.0,AXM6355,1.9694792772908558,111.06313690014379,9144.0
2390.0,AXM5432,2.4376265932531234,106.40028123295727,9144.0
2390.0,AXM5433,3.3814865548209783,103.33834442275888,9144.0
2390.0,AXM6351,1.6943562859614139,110.99840785236734,9144.0
2390.0,AXM6354,5.168373613752679,114.82439452644502,9144.0
2390.0,AXM6355,1.9694792772908558,111.06313690014379,9144.0
2400.0,AXM5432,2.4266925964242643,106.42797271367883,9144.0
2400.0,AXM5433,3.38037818374623,103.3046524412349,9144.0
2400.0,AXM6351,1.6761970691720387,110.98740466313139,9144.0
2400.0,AXM6354,5.18698917527409,114.84978692558713,9144.0
2400.0,AXM6355,1.9510338626509836,111.03985928896549,9144.0
2400.0,AXM5432,2.4266925964242643,106.42797271367883,9144.0
2400.0,AXM5433,3.38037818374623,103.3046524412349,9144.0
2400.0,AXM6351,1.6761970691720387,110.98740466313139,9144.0
2400.0,AXM6354,5.18698917527409,114.84978692558713,9144.0
2400.0,AXM6355,1.9510338626509836,111.03985928896549,9144.0
2410.0,AXM5432,2.4158204850153058,106.45568837137488,9144.0
2410.0,AXM5433,3.378164524953619,103.27095808816152,9144.0
2410.0,AXM6351,1.6580377817572407,110.97640169205069,9144.0
2410.0,AXM6354,5.205776160368183,114.87541716068526,9144.0
2410.0,AXM6355,1.93288526663327,111.01695733727298,9144.0
2410.0,AXM5432,2.4158204850153058,106.45568837137488,9144.0
2410.0,AXM5433,3.378164524953619,103.27095808816152,9144.0
2410.0,AXM6351,1.6580377817572407,110.97640169205069,9144.0
2410.0,AXM6354,5.205776160368183,114.87541716068526,9144.0
2410.0,AXM6355,1.93288526663327,111.01695733727298,9144.0
2420.0,AXM5432,2.4049476239675496,106.48340351308154,9144.0
2420.0,AXM5433,3.3800607925312893,103.23724425018602,9144.0
2420.0,AXM6351,1.640146396702846,110.96496800608885,9144.0
2420.0,AXM6354,5.224532323420139,114.90107091361963,9144.0
2420.0,AXM6355,1.9147355673174502,110.99405650459617,9144.0
2420.0,AXM5432,2.4049476239675496,106.48340351308154,9144.0
2420.0,AXM5433,3.3800607925312893,103.23724425018602,9144.0
2420.0,AXM6351,1.640146396702846,110.96496800608885,9144.0
2420.0,AXM6354,5.224532323420139,114.90107091361963,9144.0
2420.0,AXM6355,1.9147355673174502,110.99405650459617,9144.0
2430.0,AXM5432,2.3940734713559424,106.51111792675782,9144.0
2430.0,AXM5433,3.384254936024034,103.20379669233897,9144.0
2430.0,AXM6351,1.6224772247615005,110.95367659606532,9144.0
2430.0,AXM6354,5.243459020855138,114.92696196822216,9144.0
2430.0,AXM6355,1.896561002893272,110.9711756639183,9144.0
2430.0,AXM5432,2.3940734713559424,106.51111792675782,9144.0
2430.0,AXM5433,3.384254936024034,103.20379669233897,9144.0
2430.0,AXM6351,1.6224772247615005,110.95367659606532,9144.0
2430.0,AXM6354,5.243459020855138,114.92696196822216,9144.0
2430.0,AXM6355,1.896561002893272,110.9711756639183,9144.0
2440.0,AXM5432,2.3832469678469685,106.53885080300445,9144.0
2440.0,AXM5433,3.388594500325535,103.17036760583788,9144.0
2440.0,AXM6351,1.6048860461506227,110.94226406059711,9144.0
2440.0,AXM6354,5.262606041978408,114.95268993337413,9144.0
2440.0,AXM6355,1.8786848833302374,110.94867263700233,9144.0
2440.0,AXM5432,2.3832469678469685,106.53885080300445,9144.0
2440.0,AXM5433,3.388594500325535,103.17036760583788,9144.0
2440.0,AXM6351,1.6048860461506227,110.94226406059711,9144.0
2440.0,AXM6354,5.262606041978408,114.95268993337413,9144.0
2440.0,AXM6355,1.8786848833302374,110.94867263700233,9144.0
2450.0,AXM5432,2.372398068669768,106.5666387136136,9144.0
2450.0,AXM5433,3.3929250474259463,103.13699476294562,9144.0
2450.0,AXM6351,1.5881304442358324,110.93139407643157,9144.0
2450.0,AXM6354,5.281994272317337,114.9787460186967,9144.0
2450.0,AXM6355,1.8608615632021177,110.92612795169673,9144.0
2450.0,AXM5432,2.372398068669768,106.5666387136136,9144.0
2450.0,AXM5433,3.3929250474259463,103.13699476294562,9144.0
2450.0,AXM6351,1.5881304442358324,110.93139407643157,9144.0
2450.0,AXM6354,5.281994272317337,114.9787460186967,9144.0
2450.0,AXM6355,1.8608615632021177,110.92612795169673,9144.0
2460.0,AXM5432,2.3615481720476286,106.59442601660841,9144.0
2460.0,AXM5433,3.3972479422257034,103.1036207750946,9144.0
2460.0,AXM6351,1.5711525973530047,110.9208749559751,9144.0
2460.0,AXM6354,5.301496057821439,115.00471731443689,9144.0
2460.0,AXM6355,1.84322447875529,110.90382148455673,9144.0
2460.0,AXM5432,2.3615481720476286,106.59442601660841,9144.0
2460.0,AXM5433,3.3972479422257034,103.1036207750946,9144.0
2460.0,AXM6351,1.5711525973530047,110.9208749559751,9144.0
2460.0,AXM6354,5.301496057821439,115.00471731443689,9144.0
2460.0,AXM6355,1.84322447875529,110.90382148455673,9144.0
2470.0,AXM5432,2.350349155348085,106.62207400212547,9144.0
2470.0,AXM5433,3.4016218268256946,103.07025330361643,9144.0
2470.0,AXM6351,1.5547471226198577,110.9105775587132,9144.0
2470.0,AXM6354,5.320891872874974,115.03055138943729,9144.0
2470.0,AXM6355,1.825576876425426,110.88152356621823,9144.0
2470.0,AXM5432,2.350349155348085,106.62207400212547,9144.0
2470.0,AXM5433,3.4016218268256946,103.07025330361643,9144.0
2470.0,AXM6351,1.5547471226198577,110.9105775587132,9144.0
2470.0,AXM6354,5.320891872874974,115.03055138943729,9144.0
2470.0,AXM6355,1.825576876425426,110.88152356621823,9144.0
2480.0,AXM5432,2.3391268018447375,106.6497765847408,9144.0
2480.0,AXM5433,3.4060042111589177,103.03677167959708,9144.0
2480.0,AXM6351,1.5387411295223288,110.900531112668,9144.0
2480.0,AXM6354,5.3401599516538285,115.05648251454079,9144.0
2480.0,AXM6355,1.8081936383641455,110.85979213195584,9144.0
2480.0,AXM5432,2.3391268018447375,106.6497765847408,9144.0
2480.0,AXM5433,3.4060042111589177,103.03677167959708,9144.0
2480.0,AXM6351,1.5387411295223288,110.900531112668,9144.0
2480.0,AXM6354,5.3401599516538285,115.05648251454079,9144.0
2480.0,AXM6355,1.8081936383641455,110.85979213195584,9144.0
2490.0,AXM5432,2.327800955435181,106.67743672366765,9144.0
2490.0,AXM5433,3.410341041738756,103.00328395263499,9144.0
2490.0,AXM6351,1.5227703249208742,110.89042885623189,9144.0
2490.0,AXM6354,5.358974363003148,115.08180697378513,9144.0
2490.0,AXM6355,1.7909621629478916,110.83825233594965,9144.0
2490.0,AXM5432,2.327800955435181,106.67743672366765,9144.0
2490.0,AXM5433,3.410341041738756,103.00328395263499,9144.0
2490.0,AXM6351,1.5227703249208742,110.89042885623189,9144.0
2490.0,AXM6354,5.358974363003148,115.08180697378513,9144.0
2490.0,AXM6355,1.7909621629478916,110.83825233594965,9144.0
2500.0,AXM5432,2.3164290700312455,106.70520639353792,9144.0
2500.0,AXM5433,3.414681690739646,102.96973907735452,9144.0
2500.0,AXM6351,1.50685657938509,110.88036289259438,9144.0
2500.0,AXM6354,5.377753374196842,115.10715870643777,9144.0
2500.0,AXM6355,1.7739595747385193,110.81653143591672,9144.0
2500.0,AXM5432,2.3164290700312455,106.70520639353792,9144.0
2500.0,AXM5433,3.414681690739646,102.96973907735452,9144.0
2500.0,AXM6351,1.50685657938509,110.88036289259438,9144.0
2500.0,AXM6354,5.377753374196842,115.10715870643777,9144.0
2500.0,AXM6355,1.7739595747385193,110.81653143591672,9144.0
2510.0,AXM5432,2.3051165275445493,106.73300010898294,9144.0
2510.0,AXM5433,3.41901131020072,102.93619262028665,9144.0
2510.0,AXM6351,1.4909545470733945,110.87027849523736,9144.0
2510.0,AXM6354,5.396181074530389,115.13203996569953,9144.0
2510.0,AXM6355,1.7571983940167055,110.79532353272988,9144.0
2510.0,AXM5432,2.3051165275445493,106.73300010898294,9144.0
2510.0,AXM5433,3.41901131020072,102.93619262028665,9144.0
2510.0,AXM6351,1.4909545470733945,110.87027849523736,9144.0
2510.0,AXM6354,5.396181074530389,115.13203996569953,9144.0
2510.0,AXM6355,1.7571983940167055,110.79532353272988,9144.0
2520.0,AXM5432,2.293825476559726,106.7607381267844,9144.0
2520.0,AXM5433,3.423337832287964,102.90264561074103,9144.0
2520.0,AXM6351,1.475281164358139,110.86033929541718,9144.0
2520.0,AXM6354,5.414704677118464,115.15685003198116,9144.0
2520.0,AXM6355,1.7409740605724415,110.77479572877732,9144.0
2520.0,AXM5432,2.293825476559726,106.7607381267844,9144.0
2520.0,AXM5433,3.423337832287964,102.90264561074103,9144.0
2520.0,AXM6351,1.475281164358139,110.86033929541718,9144.0
2520.0,AXM6354,5.414704677118464,115.15685003198116,9144.0
2520.0,AXM6355,1.7409740605724415,110.77479572877732,9144.0
2530.0,AXM5432,2.2825619223726505,106.78848712152174,9144.0
2530.0,AXM5433,3.427735013173707,102.86910766847376,9144.0
2530.0,AXM6351,1.4594743052678891,110.85061398304893,9144.0
2530.0,AXM6354,5.4332268549101315,115.18166193311507,9144.0
2530.0,AXM6355,1.7246912540115966,110.75431449414154,9144.0
2530.0,AXM5432,2.2825619223726505,106.78848712152174,9144.0
2530.0,AXM5433,3.427735013173707,102.86910766847376,9144.0
2530.0,AXM6351,1.4594743052678891,110.85061398304893,9144.0
2530.0,AXM6354,5.4332268549101315,115.18166193311507,9144.0
2530.0,AXM6355,1.7246912540115966,110.75431449414154,9144.0
2540.0,AXM5432,2.2712751315933914,106.8162906652378,9144.0
2540.0,AXM5433,3.432129504550936,102.83556921825469,9144.0
2540.0,AXM6351,1.4439566398505332,110.84106678665158,9144.0
2540.0,AXM6354,5.449159855695215,115.20822667326114,9144.0
2540.0,AXM6355,1.709527787396858,110.73524195361381,9144.0
2540.0,AXM5432,2.2712751315933914,106.8162906652378,9144.0
2540.0,AXM5433,3.432129504550936,102.83556921825469,9144.0
2540.0,AXM6351,1.4439566398505332,110.84106678665158,9144.0
2540.0,AXM6354,5.449159855695215,115.20822667326114,9144.0
2540.0,AXM6355,1.709527787396858,110.73524195361381,9144.0
2550.0,AXM5432,2.2594003860163703,106.84384761051223,9144.0
2550.0,AXM5433,3.4364282588908224,102.8020181670215,9144.0
2550.0,AXM6351,1.4282873776783516,110.83177071581652,9144.0
2550.0,AXM6354,5.4648472308965905,115.23438746109557,9144.0
2550.0,AXM6355,1.6944522376448101,110.7162116930802,9144.0
2550.0,AXM5432,2.2594003860163703,106.84384761051223,9144.0
2550.0,AXM5433,3.4364282588908224,102.8020181670215,9144.0
2550.0,AXM6351,1.4282873776783516,110.83177071581652,9144.0
2550.0,AXM6354,5.4648472308965905,115.23438746109557,9144.0
2550.0,AXM6355,1.6944522376448101,110.7162116930802,9144.0
2560.0,AXM5432,2.247548363856181,106.8713493514878,9144.0
2560.0,AXM5433,3.440717270696975,102.76852319719119,9144.0
2560.0,AXM6351,1.4127351862914985,110.82254427545676,9144.0
2560.0,AXM6354,5.478349561562039,115.26175140087541,9144.0
2560.0,AXM6355,1.6804935866591681,110.69859201784038,9144.0
2560.0,AXM5432,2.247548363856181,106.8713493514878,9144.0
2560.0,AXM5433,3.440717270696975,102.76852319719119,9144.0
2560.0,AXM6351,1.4127351862914985,110.82254427545676,9144.0
2560.0,AXM6354,5.478349561562039,115.26175140087541,9144.0
2560.0,AXM6355,1.6804935866591681,110.69859201784038,9144.0
2570.0,AXM5432,2.235548271701334,106.89878648309987,9144.0
2570.0,AXM5433,3.4451098584954267,102.73504154715451,9144.0
2570.0,AXM6351,1.3975119839422343,110.81278431207478,9144.0
2570.0,AXM6354,5.491586402409935,115.28858277952786,9144.0
2570.0,AXM6355,1.6665470927157922,110.68104619074715,9144.0
2570.0,AXM5432,2.235548271701334,106.89878648309987,9144.0
2570.0,AXM5433,3.4451098584954267,102.73504154715451,9144.0
2570.0,AXM6351,1.3975119839422343,110.81278431207478,9144.0
2570.0,AXM6354,5.491586402409935,115.28858277952786,9144.0
2570.0,AXM6355,1.6665470927157922,110.68104619074715,9144.0
2580.0,AXM5432,2.2236192682702134,106.92605944209659,9144.0
2580.0,AXM5433,3.4495074754529784,102.70150289647991,9144.0
2580.0,AXM6351,1.3850571922970722,110.7999561136249,9144.0
2580.0,AXM6354,5.505374883974429,115.31513291084866,9144.0
2580.0,AXM6355,1.6533740888050135,110.66447417243668,9144.0
2580.0,AXM5432,2.2236192682702134,106.92605944209659,9144.0
2580.0,AXM5433,3.4495074754529784,102.70150289647991,9144.0
2580.0,AXM6351,1.3850571922970722,110.7999561136249,9144.0
2580.0,AXM6354,5.505374883974429,115.31513291084866,9144.0
2580.0,AXM6355,1.6533740888050135,110.66447417243668,9144.0
2590.0,AXM5432,2.211689751569204,106.95333195635338,9144.0
2590.0,AXM5433,3.4538675316936316,102.66795917042457,9144.0
2590.0,AXM6351,1.375952064930923,110.7847261570382,9144.0
2590.0,AXM6354,5.519326566367244,115.3420021513781,9144.0
2590.0,AXM6355,1.6402305789356793,110.64787884221374,9144.0
2590.0,AXM5432,2.211689751569204,106.95333195635338,9144.0
2590.0,AXM5433,3.4538675316936316,102.66795917042457,9144.0
2590.0,AXM6351,1.375952064930923,110.7847261570382,9144.0
2590.0,AXM6354,5.519326566367244,115.3420021513781,9144.0
2590.0,AXM6355,1.6402305789356793,110.64787884221374,9144.0
2600.0,AXM5432,2.199759723993786,106.98060402808824,9144.0
2600.0,AXM5433,3.4582258619991806,102.63441506516016,9144.0
2600.0,AXM6351,1.3706601314159428,110.76793206899383,9144.0
2600.0,AXM6354,5.533178319076815,115.36892415582545,9144.0
2600.0,AXM6355,1.6274151098416623,110.6316984313982,9144.0
2600.0,AXM5432,2.199759723993786,106.98060402808824,9144.0
2600.0,AXM5433,3.4582258619991806,102.63441506516016,9144.0
2600.0,AXM6351,1.3706601314159428,110.76793206899383,9144.0
2600.0,AXM6354,5.533178319076815,115.36892415582545,9144.0
2600.0,AXM6355,1.6274151098416623,110.6316984313982,9144.0
2610.0,AXM5432,2.187829187911501,107.00787565950719,9144.0
2610.0,AXM5433,3.462573797369028,102.60086945207907,9144.0
2610.0,AXM6351,1.3694404226266106,110.75050322694277,9144.0
2610.0,AXM6354,5.546946536936103,115.39568875605923,9144.0
2610.0,AXM6355,1.61466166523082,110.61546915061895,9144.0
2610.0,AXM5432,2.187829187911501,107.00787565950719,9144.0
2610.0,AXM5433,3.462573797369028,102.60086945207907,9144.0
2610.0,AXM6351,1.3694404226266106,110.75050322694277,9144.0
2610.0,AXM6354,5.546946536936103,115.39568875605923,9144.0
2610.0,AXM6355,1.61466166523082,110.61546915061895,9144.0
2620.0,AXM5432,2.175898145658087,107.03514685280257,9144.0
2620.0,AXM5433,3.4669883797752727,102.56733242005853,9144.0
2620.0,AXM6351,1.3723190491559396,110.73327062520246,9144.0
2620.0,AXM6354,5.560731219903119,115.42244542590794,9144.0
2620.0,AXM6355,1.6021126360615086,110.59950172511195,9144.0
2620.0,AXM5432,2.175898145658087,107.03514685280257,9144.0
2620.0,AXM5433,3.4669883797752727,102.56733242005853,9144.0
2620.0,AXM6351,1.3723190491559396,110.73327062520246,9144.0
2620.0,AXM6354,5.560731219903119,115.42244542590794,9144.0
2620.0,AXM6355,1.6021126360615086,110.59950172511195,9144.0
2630.0,AXM5432,2.1639665995328667,107.062417610151,9144.0
2630.0,AXM5433,3.4714103913166854,102.53368129783033,9144.0
2630.0,AXM6351,1.3791371626867288,110.71718516787709,9144.0
2630.0,AXM6354,5.574404733089746,115.44899123449994,9144.0
2630.0,AXM6355,1.5894317878740303,110.58363896384607,9144.0
2630.0,AXM5432,2.1639665995328667,107.062417610151,9144.0
2630.0,AXM5433,3.4714103913166854,102.53368129783033,9144.0
2630.0,AXM6351,1.3791371626867288,110.71718516787709,9144.0
2630.0,AXM6354,5.574404733089746,115.44899123449994,9144.0
2630.0,AXM6355,1.5894317878740303,110.58363896384607,9144.0
2640.0,AXM5432,2.1520345517931925,107.08968793371098,9144.0
2640.0,AXM5433,3.4757722500909836,102.5000221413306,9144.0
2640.0,AXM6351,1.3896293801059578,110.70287590611125,9144.0
2640.0,AXM6354,5.588061172016969,115.47554653315215,9144.0
2640.0,AXM6355,1.5773113681194217,110.5680992573359,9144.0
2640.0,AXM5432,2.1520345517931925,107.08968793371098,9144.0
2640.0,AXM5433,3.4757722500909836,102.5000221413306,9144.0
2640.0,AXM6351,1.3896293801059578,110.70287590611125,9144.0
2640.0,AXM6354,5.588061172016969,115.47554653315215,9144.0
2640.0,AXM6355,1.5773113681194217,110.5680992573359,9144.0
2650.0,AXM5432,2.1401020046477037,107.11695782561986,9144.0
2650.0,AXM5433,3.4801366990198472,102.46630577773857,9144.0
2650.0,AXM6351,1.4031274694724272,110.69136060022768,9144.0
2650.0,AXM6354,5.601578853027737,115.50183690664811,9144.0
2650.0,AXM6355,1.5677822122745428,110.55107776629362,9144.0
2650.0,AXM5432,2.1401020046477037,107.11695782561986,9144.0
2650.0,AXM5433,3.4801366990198472,102.46630577773857,9144.0
2650.0,AXM6351,1.4031274694724272,110.69136060022768,9144.0
2650.0,AXM6354,5.601578853027737,115.50183690664811,9144.0
2650.0,AXM6355,1.5677822122745428,110.55107776629362,9144.0
2660.0,AXM5432,2.128168960248052,107.1442272879903,9144.0
2660.0,AXM5433,3.484519168517822,102.43259160345566,9144.0
2660.0,AXM6351,1.4189092979757467,110.68325533350173,9144.0
2660.0,AXM6354,5.615106570377469,115.52812267710851,9144.0
2660.0,AXM6355,1.5582528185472964,110.53405648577474,9144.0
2660.0,AXM5432,2.128168960248052,107.1442272879903,9144.0
2660.0,AXM5433,3.484519168517822,102.43259160345566,9144.0
2660.0,AXM6351,1.4189092979757467,110.68325533350173,9144.0
2660.0,AXM6354,5.615106570377469,115.52812267710851,9144.0
2660.0,AXM6355,1.5582528185472964,110.53405648577474,9144.0
2670.0,AXM5432,2.116235420678639,107.1714963229057,9144.0
2670.0,AXM5433,3.4889055683290513,102.39882042927653,9144.0
2670.0,AXM6351,1.4361305552945978,110.67899377492252,9144.0
2670.0,AXM6354,5.628605060469308,115.55435657106516,9144.0
2670.0,AXM6355,1.5524961028326667,110.51541689509975,9144.0
2670.0,AXM5432,2.116235420678639,107.1714963229057,9144.0
2670.0,AXM5433,3.4889055683290513,102.39882042927653,9144.0
2670.0,AXM6351,1.4361305552945978,110.67899377492252,9144.0
2670.0,AXM6354,5.628605060469308,115.55435657106516,9144.0
2670.0,AXM6355,1.5524961028326667,110.51541689509975,9144.0
2680.0,AXM5432,2.1043013879437313,107.19876493241455,9144.0
2680.0,AXM5433,3.4932919370001922,102.3650490933103,9144.0
2680.0,AXM6351,1.4538699232624994,110.67880397237522,9144.0
2680.0,AXM6354,5.642078557998388,115.58060404350769,9144.0
2680.0,AXM6355,1.5452634910743988,110.49817364028384,9144.0
2680.0,AXM5432,2.1043013879437313,107.19876493241455,9144.0
2680.0,AXM5433,3.4932919370001922,102.3650490933103,9144.0
2680.0,AXM6351,1.4538699232624994,110.67880397237522,9144.0
2680.0,AXM6354,5.642078557998388,115.58060404350769,9144.0
2680.0,AXM6355,1.5452634910743988,110.49817364028384,9144.0
2690.0,AXM5432,2.0923668639510504,107.22603311852326,9144.0
2690.0,AXM5433,3.4976825602123083,102.3312208349857,9144.0
2690.0,AXM6351,1.4711783653678827,110.68269614338796,9144.0
2690.0,AXM6354,5.655330229022019,115.60642424821474,9144.0
2690.0,AXM6355,1.5385049141057991,110.48206192129435,9144.0
2690.0,AXM5432,2.0923668639510504,107.22603311852326,9144.0
2690.0,AXM5433,3.4976825602123083,102.3312208349857,9144.0
2690.0,AXM6351,1.4711783653678827,110.68269614338796,9144.0
2690.0,AXM6354,5.655330229022019,115.60642424821474,9144.0
2690.0,AXM6355,1.5385049141057991,110.48206192129435,9144.0
2700.0,AXM5432,2.0804318504905575,107.25330088318684,9144.0
2700.0,AXM5433,3.5020618389614024,102.29739094254307,9144.0
2700.0,AXM6351,1.48794654591702,110.69064899856434,9144.0
2700.0,AXM6354,5.668559384354821,115.6322567007238,9144.0
2700.0,AXM6355,1.532391910631878,110.46569422439066,9144.0
2700.0,AXM5432,2.0804318504905575,107.25330088318684,9144.0
2700.0,AXM5433,3.5020618389614024,102.29739094254307,9144.0
2700.0,AXM6351,1.48794654591702,110.69064899856434,9144.0
2700.0,AXM6354,5.668559384354821,115.6322567007238,9144.0
2700.0,AXM6355,1.532391910631878,110.46569422439066,9144.0
2710.0,AXM5432,2.0684963492065203,107.28056822829663,9144.0
2710.0,AXM5433,3.506445485614635,102.26350417904781,9144.0
2710.0,AXM6351,1.5026198075659,110.70212431857607,9144.0
2710.0,AXM6354,5.68156584270102,115.65765919842266,9144.0
2710.0,AXM6355,1.5265347695833962,110.45115717850449,9144.0
2710.0,AXM5432,2.0684963492065203,107.28056822829663,9144.0
2710.0,AXM5433,3.506445485614635,102.26350417904781,9144.0
2710.0,AXM6351,1.5026198075659,110.70212431857607,9144.0
2710.0,AXM6354,5.68156584270102,115.65765919842266,9144.0
2710.0,AXM6355,1.5265347695833962,110.45115717850449,9144.0
2720.0,AXM5432,2.0565603615599866,107.30783515566387,9144.0
2720.0,AXM5433,3.510809436238143,102.2296147056543,9144.0
2720.0,AXM6351,1.5191194816218516,110.70985036075177,9144.0
2720.0,AXM6354,5.694559570280052,115.68306884886255,9144.0
2720.0,AXM6355,1.5213497967211278,110.43828908063396,9144.0
2720.0,AXM5432,2.0565603615599866,107.30783515566387,9144.0
2720.0,AXM5433,3.510809436238143,102.2296147056543,9144.0
2720.0,AXM6351,1.5191194816218516,110.70985036075177,9144.0
2720.0,AXM6354,5.694559570280052,115.68306884886255,9144.0
2720.0,AXM6355,1.5213497967211278,110.43828908063396,9144.0
2730.0,AXM5432,2.04462388877715,107.33510166699699,9144.0
2730.0,AXM5433,3.5151640615998976,102.19578114466961,9144.0
2730.0,AXM6351,1.5368025628232667,110.7136272661713,9144.0
2730.0,AXM6354,5.707357343606006,115.70810031918353,9144.0
2730.0,AXM6355,1.5164567421618296,110.42556880117525,9144.0
2730.0,AXM5432,2.04462388877715,107.33510166699699,9144.0
2730.0,AXM5433,3.5151640615998976,102.19578114466961,9144.0
2730.0,AXM6351,1.5368025628232667,110.7136272661713,9144.0
2730.0,AXM6354,5.707357343606006,115.70810031918353,9144.0
2730.0,AXM6355,1.5164567421618296,110.42556880117525,9144.0
2740.0,AXM5432,2.0326869317763,107.36236776386966,9144.0
2740.0,AXM5433,3.519549282078651,102.16195139132621,9144.0
2740.0,AXM6351,1.5548815741704094,110.71331818026152,9144.0
2740.0,AXM6354,5.720747467263205,115.73281743313098,9144.0
2740.0,AXM6355,1.5116885559723776,110.41418523973252,9144.0
2740.0,AXM5432,2.0326869317763,107.36236776386966,9144.0
2740.0,AXM5433,3.519549282078651,102.16195139132621,9144.0
2740.0,AXM6351,1.5548815741704094,110.71331818026152,9144.0
2740.0,AXM6354,5.720747467263205,115.73281743313098,9144.0
2740.0,AXM6355,1.5116885559723776,110.41418523973252,9144.0
2750.0,AXM5432,2.0207494910609562,107.38963344767382,9144.0
2750.0,AXM5433,3.5239325767849476,102.12812122818323,9144.0
2750.0,AXM6351,1.5721453851266638,110.70894483074945,9144.0
2750.0,AXM6354,5.737237222291116,115.75464598056683,9144.0
2750.0,AXM6355,1.5081247417722048,110.40312389133562,9144.0
2750.0,AXM5432,2.0207494910609562,107.38963344767382,9144.0
2750.0,AXM5433,3.5239325767849476,102.12812122818323,9144.0
2750.0,AXM6351,1.5721453851266638,110.70894483074945,9144.0
2750.0,AXM6354,5.737237222291116,115.75464598056683,9144.0
2750.0,AXM6355,1.5081247417722048,110.40312389133562,9144.0
2760.0,AXM5432,2.008811566557075,107.41689871954833,9144.0
2760.0,AXM5433,3.5283076286781903,102.09428983482788,9144.0
2760.0,AXM6351,1.5879503242450232,110.70073467724153,9144.0
2760.0,AXM6354,5.756614587578817,115.77348889579547,9144.0
2760.0,AXM6355,1.5038324694196665,110.39310860733411,9144.0
2760.0,AXM5432,2.008811566557075,107.41689871954833,9144.0
2760.0,AXM5433,3.5283076286781903,102.09428983482788,9144.0
2760.0,AXM6351,1.5879503242450232,110.70073467724153,9144.0
2760.0,AXM6354,5.756614587578817,115.77348889579547,9144.0
2760.0,AXM6355,1.5038324694196665,110.39310860733411,9144.0
2770.0,AXM5432,1.996873157352226,107.44416358026454,9144.0
2770.0,AXM5433,3.5326735073025644,102.060514408803,9144.0
2770.0,AXM6351,1.601457293962968,110.68912356079268,9144.0
2770.0,AXM6354,5.7786154968841466,115.78915457489549,9144.0
2770.0,AXM6355,1.4994829216600865,110.38295986310293,9144.0
2770.0,AXM5432,1.996873157352226,107.44416358026454,9144.0
2770.0,AXM5433,3.5326735073025644,102.060514408803,9144.0
2770.0,AXM6351,1.601457293962968,110.68912356079268,9144.0
2770.0,AXM6354,5.7786154968841466,115.78915457489549,9144.0
2770.0,AXM6355,1.4994829216600865,110.38295986310293,9144.0
2780.0,AXM5432,1.984934261249864,107.47142803003085,9144.0
2780.0,AXM5433,3.5370324464895284,102.02673792434689,9144.0
2780.0,AXM6351,1.611949197853712,110.67472790532102,9144.0
2780.0,AXM6354,5.8019409293214235,115.80287085064043,9144.0
2780.0,AXM6355,1.495133294540063,110.37281117304622,9144.0
2780.0,AXM5432,1.984934261249864,107.47142803003085,9144.0
2780.0,AXM5433,3.5370324464895284,102.02673792434689,9144.0
2780.0,AXM6351,1.611949197853712,110.67472790532102,9144.0
2780.0,AXM6354,5.8019409293214235,115.80287085064043,9144.0
2780.0,AXM6355,1.495133294540063,110.37281117304622,9144.0
2790.0,AXM5432,1.9729948739395684,107.49869206812869,9144.0
2790.0,AXM5433,3.541389572859768,101.99296104623146,9144.0
2790.0,AXM6351,1.6188690118809719,110.65831199205701,9144.0
2790.0,AXM6354,5.823002749069303,115.81989056936597,9144.0
2790.0,AXM6355,1.491328188746828,110.36244589500207,9144.0
2790.0,AXM5432,1.9729948739395684,107.49869206812869,9144.0
2790.0,AXM5433,3.541389572859768,101.99296104623146,9144.0
2790.0,AXM6351,1.6188690118809719,110.65831199205701,9144.0
2790.0,AXM6354,5.823002749069303,115.81989056936597,9144.0
2790.0,AXM6355,1.491328188746828,110.36244589500207,9144.0
2800.0,AXM5432,1.961054987256099,107.52595569214907,9144.0
2800.0,AXM5433,3.5457218058628954,101.95918079583157,9144.0
2800.0,AXM6351,1.621849357275372,110.64074737888276,9144.0
2800.0,AXM6354,5.843146208519937,115.8361700202654,9144.0
2800.0,AXM6355,1.4872724014301106,110.35280463154797,9144.0
2800.0,AXM5432,1.961054987256099,107.52595569214907,9144.0
2800.0,AXM5433,3.5457218058628954,101.95918079583157,9144.0
2800.0,AXM6351,1.621849357275372,110.64074737888276,9144.0
2800.0,AXM6354,5.843146208519937,115.8361700202654,9144.0
2800.0,AXM6355,1.4872724014301106,110.35280463154797,9144.0
2810.0,AXM5432,1.9491145848032214,107.55321889607325,9144.0
2810.0,AXM5433,3.5501573652986895,101.92541384690558,9144.0
2810.0,AXM6351,1.6207205410553405,110.6230358603185,9144.0
2810.0,AXM6354,5.863273572611687,115.85247016195277,9144.0
2810.0,AXM6355,1.487219871173634,110.34234462705616,9144.0
2810.0,AXM5432,1.9491145848032214,107.55321889607325,9144.0
2810.0,AXM5433,3.5501573652986895,101.92541384690558,9144.0
2810.0,AXM6351,1.6207205410553405,110.6230358603185,9144.0
2810.0,AXM6354,5.863273572611687,115.85247016195277,9144.0
2810.0,AXM6355,1.487219871173634,110.34234462705616,9144.0
2820.0,AXM5432,1.9371736269207183,107.58048166367983,9144.0
2820.0,AXM5433,3.5545838926589117,101.8916455462533,9144.0
2820.0,AXM6351,1.6155449114727263,110.60591762046333,9144.0
2820.0,AXM6354,5.882173940230453,115.86777845161797,9144.0
2820.0,AXM6355,1.491140752272946,110.33462274207594,9144.0
2820.0,AXM5432,1.9371736269207183,107.58048166367983,9144.0
2820.0,AXM5433,3.5545838926589117,101.8916455462533,9144.0
2820.0,AXM6351,1.6155449114727263,110.60591762046333,9144.0
2820.0,AXM6354,5.882173940230453,115.86777845161797,9144.0
2820.0,AXM6355,1.491140752272946,110.33462274207594,9144.0
2830.0,AXM5432,1.9252319420732764,107.6077439209121,9144.0
2830.0,AXM5433,3.5588628234066535,101.85785799556429,9144.0
2830.0,AXM6351,1.6065423098103484,110.59023027816349,9144.0
2830.0,AXM6354,5.901053770489117,115.88311285295848,9144.0
2830.0,AXM6355,1.4979415876965514,110.32994207611316,9144.0
2830.0,AXM5432,1.9252319420732764,107.6077439209121,9144.0
2830.0,AXM5433,3.5588628234066535,101.85785799556429,9144.0
2830.0,AXM6351,1.6065423098103484,110.59023027816349,9144.0
2830.0,AXM6354,5.901053770489117,115.88311285295848,9144.0
2830.0,AXM6355,1.4979415876965514,110.32994207611316,9144.0
2840.0,AXM5432,1.9127474720233708,107.63476144994596,9144.0
2840.0,AXM5433,3.5631274558091364,101.8241258072932,9144.0
2840.0,AXM6351,1.5944816434908025,110.57740248379868,9144.0
2840.0,AXM6354,5.918533530807971,115.89731256211324,9144.0
2840.0,AXM6355,1.5061515981236384,110.3290811081295,9144.0
2840.0,AXM5432,1.9127474720233708,107.63476144994596,9144.0
2840.0,AXM5433,3.5631274558091364,101.8241258072932,9144.0
2840.0,AXM6351,1.5944816434908025,110.57740248379868,9144.0
2840.0,AXM6354,5.918533530807971,115.89731256211324,9144.0
2840.0,AXM6355,1.5061515981236384,110.3290811081295,9144.0
2850.0,AXM5432,1.9004630179662958,107.66134432979281,9144.0
2850.0,AXM5433,3.5676893443902857,101.79043251599921,9144.0
2850.0,AXM6351,1.5811908187017651,110.56585518640134,9144.0
2850.0,AXM6354,5.935488481294405,115.91133055861306,9144.0
2850.0,AXM6355,1.5137749461906174,110.33224916644404,9144.0
2850.0,AXM5432,1.9004630179662958,107.66134432979281,9144.0
2850.0,AXM5433,3.5676893443902857,101.79043251599921,9144.0
2850.0,AXM6351,1.5811908187017651,110.56585518640134,9144.0
2850.0,AXM6354,5.935488481294405,115.91133055861306,9144.0
2850.0,AXM6355,1.5137749461906174,110.33224916644404,9144.0
2860.0,AXM5432,1.8862204115195063,107.6869302150456,9144.0
2860.0,AXM5433,3.5746264868861632,101.75709025021612,9144.0
2860.0,AXM6351,1.5679516300272787,110.55435298079037,9144.0
2860.0,AXM6354,5.9509974225296975,115.92429698171128,9144.0
2860.0,AXM6355,1.5189584109980931,110.33867612073192,9144.0
2860.0,AXM5432,1.8862204115195063,107.6869302150456,9144.0
2860.0,AXM5433,3.5746264868861632,101.75709025021612,9144.0
2860.0,AXM6351,1.5679516300272787,110.55435298079037,9144.0
2860.0,AXM6354,5.9509974225296975,115.92429698171128,9144.0
2860.0,AXM6355,1.5189584109980931,110.33867612073192,9144.0
2870.0,AXM5432,1.8708049488264695,107.71182608232715,9144.0
2870.0,AXM5433,3.585529082383445,101.72483017038161,9144.0
2870.0,AXM6351,1.5577468539358013,110.54008796344752,9144.0
2870.0,AXM6354,5.96635213183737,115.93713558719978,9144.0
2870.0,AXM6355,1.520441902461225,110.34679958905792,9144.0
2870.0,AXM5432,1.8708049488264695,107.71182608232715,9144.0
2870.0,AXM5433,3.585529082383445,101.72483017038161,9144.0
2870.0,AXM6351,1.5577468539358013,110.54008796344752,9144.0
2870.0,AXM6354,5.96635213183737,115.93713558719978,9144.0
2870.0,AXM6355,1.520441902461225,110.34679958905792,9144.0
2880.0,AXM5432,1.8550745340159271,107.73722935403764,9144.0
2880.0,AXM5433,3.600005115061723,101.69401300201798,9144.0
2880.0,AXM6351,1.5518323951984418,110.52482527762598,9144.0
2880.0,AXM6354,5.98177429794102,115.94989255286501,9144.0
2880.0,AXM6355,1.5178647867273545,110.35464475849979,9144.0
2880.0,AXM5432,1.8550745340159271,107.73722935403764,9144.0
2880.0,AXM5433,3.600005115061723,101.69401300201798,9144.0
2880.0,AXM6351,1.5518323951984418,110.52482527762598,9144.0
2880.0,AXM6354,5.98177429794102,115.94989255286501,9144.0
2880.0,AXM6355,1.5178647867273545,110.35464475849979,9144.0
2890.0,AXM5432,1.8429779046971535,107.76455223126439,9144.0
2890.0,AXM5433,3.6172683720288896,101.66467163364294,9144.0
2890.0,AXM6351,1.550051321547418,110.50897268393375,9144.0
2890.0,AXM6354,5.99709287918168,115.96256496545247,9144.0
2890.0,AXM5432,1.8429779046971535,107.76455223126439,9144.0
2890.0,AXM5433,3.6172683720288896,101.66467163364294,9144.0
2890.0,AXM6351,1.550051321547418,110.50897268393375,9144.0
2890.0,AXM6354,5.99709287918168,115.96256496545247,9144.0
2900.0,AXM5432,1.8327732841040867,107.79238336284378,9144.0
2900.0,AXM5433,3.634357192969447,101.63562349941218,9144.0
2900.0,AXM6351,1.544287509953629,110.49409880682555,9144.0
2900.0,AXM6354,6.01236770851261,115.9752910180958,9144.0
2900.0,AXM5432,1.8327732841040867,107.79238336284378,9144.0
2900.0,AXM5433,3.634357192969447,101.63562349941218,9144.0
2900.0,AXM6351,1.544287509953629,110.49409880682555,9144.0
2900.0,AXM6354,6.01236770851261,115.9752910180958,9144.0
2910.0,AXM5432,1.8225678979417677,107.82021405523744,9144.0
2910.0,AXM5433,3.6514443041668034,101.60657380379972,9144.0
2910.0,AXM6351,1.5381856313346038,110.48011969489993,9144.0
2910.0,AXM6354,6.027590645726922,115.98797497281878,9144.0
2910.0,AXM5432,1.8225678979417677,107.82021405523744,9144.0
2910.0,AXM5433,3.6514443041668034,101.60657380379972,9144.0
2910.0,AXM6351,1.5381856313346038,110.48011969489993,9144.0
2910.0,AXM6354,6.027590645726922,115.98797497281878,9144.0
2920.0,AXM5432,1.814629329450036,107.84877470901388,9144.0
2920.0,AXM5433,3.6692055187591124,101.57793239484951,9144.0
2920.0,AXM6351,1.5327047700972936,110.46756386654332,9144.0
2920.0,AXM6354,6.0427644234367985,116.00071870655349,9144.0
2920.0,AXM5432,1.814629329450036,107.84877470901388,9144.0
2920.0,AXM5433,3.6692055187591124,101.57793239484951,9144.0
2920.0,AXM6351,1.5327047700972936,110.46756386654332,9144.0
2920.0,AXM6354,6.0427644234367985,116.00071870655349,9144.0
2930.0,AXM5432,1.8067541343658768,107.87710464264332,9144.0
2930.0,AXM5433,3.68684466681199,101.54948359909626,9144.0
2930.0,AXM6351,1.5284980113896185,110.45452546109344,9144.0
2930.0,AXM6354,6.057886407657751,116.01342014016588,9144.0
2930.0,AXM5432,1.8067541343658768,107.87710464264332,9144.0
2930.0,AXM5433,3.68684466681199,101.54948359909626,9144.0
2930.0,AXM6351,1.5284980113896185,110.45452546109344,9144.0
2930.0,AXM6354,6.057886407657751,116.01342014016588,9144.0
2940.0,AXM5432,1.7987797606192477,107.90540666763209,9144.0
2940.0,AXM5433,3.704250312944983,101.52089018960429,9144.0
2940.0,AXM6351,1.523306895114949,110.44324934591428,9144.0
2940.0,AXM6354,6.0730500367145765,116.02607162125246,9144.0
2940.0,AXM5432,1.7987797606192477,107.90540666763209,9144.0
2940.0,AXM5433,3.704250312944983,101.52089018960429,9144.0
2940.0,AXM6351,1.523306895114949,110.44324934591428,9144.0
2940.0,AXM6354,6.0730500367145765,116.02607162125246,9144.0
2950.0,AXM5432,1.7908698801794762,107.93347758548123,9144.0
2950.0,AXM5433,3.72159491252084,101.49239307645634,9144.0
2950.0,AXM6351,1.518756424208457,110.43185430718285,9144.0
2950.0,AXM6354,6.087747726575147,116.038335842768,9144.0
2950.0,AXM5432,1.7908698801794762,107.93347758548123,9144.0
2950.0,AXM5433,3.72159491252084,101.49239307645634,9144.0
2950.0,AXM6351,1.518756424208457,110.43185430718285,9144.0
2950.0,AXM6354,6.087747726575147,116.038335842768,9144.0
2960.0,AXM5432,1.7829593359879525,107.96154819519676,9144.0
2960.0,AXM5433,3.739056921846164,101.46396749567081,9144.0
2960.0,AXM6351,1.514634496957929,110.42153267707756,9144.0
2960.0,AXM6354,6.102608591895472,116.05039988424947,9144.0
2960.0,AXM5432,1.7829593359879525,107.96154819519676,9144.0
2960.0,AXM5433,3.739056921846164,101.46396749567081,9144.0
2960.0,AXM6351,1.514634496957929,110.42153267707756,9144.0
2960.0,AXM6354,6.102608591895472,116.05039988424947,9144.0
2970.0,AXM5432,1.777763998219791,107.99024617672467,9144.0
2970.0,AXM5433,3.7564575098660233,101.43563814641031,9144.0
2970.0,AXM6351,1.5105890961399486,110.41118081241919,9144.0
2970.0,AXM6354,6.115918194297663,116.06151436221317,9144.0
2970.0,AXM5432,1.777763998219791,107.99024617672467,9144.0
2970.0,AXM5433,3.7564575098660233,101.43563814641031,9144.0
2970.0,AXM6351,1.5105890961399486,110.41118081241919,9144.0
2970.0,AXM6354,6.115918194297663,116.06151436221317,9144.0
2980.0,AXM5432,1.7726000875575938,108.01876652405505,9144.0
2980.0,AXM5433,3.773827905299838,101.40728962885338,9144.0
2980.0,AXM6351,1.5066828003216048,110.40139937482367,9144.0
2980.0,AXM6354,6.126172814488578,116.0746062251363,9144.0
2980.0,AXM5432,1.7726000875575938,108.01876652405505,9144.0
2980.0,AXM5433,3.773827905299838,101.40728962885338,9144.0
2980.0,AXM6351,1.5066828003216048,110.40139937482367,9144.0
2980.0,AXM6354,6.126172814488578,116.0746062251363,9144.0
2990.0,AXM5432,1.771276837754986,108.04772076138882,9144.0
2990.0,AXM5433,3.791196952024623,101.37893971314587,9144.0
2990.0,AXM6351,1.5027764536857005,110.39161797505477,9144.0
2990.0,AXM6354,6.132959629798229,116.08988704113067,9144.0
2990.0,AXM5432,1.771276837754986,108.04772076138882,9144.0
2990.0,AXM5433,3.791196952024623,101.37893971314587,9144.0
2990.0,AXM6351,1.5027764536857005,110.39161797505477,9144.0
2990.0,AXM6354,6.132959629798229,116.08988704113067,9144.0
3000.0,AXM5432,1.769947453582523,108.07679507552879,9144.0
3000.0,AXM5433,3.80857126868999,101.35059247008837,9144.0
3000.0,AXM6351,1.4988700524719898,110.3818366145702,9144.0
3000.0,AXM6354,6.135880827651445,116.10650444668576,9144.0
3000.0,AXM5432,1.769947453582523,108.07679507552879,9144.0
3000.0,AXM5433,3.80857126868999,101.35059247008837,9144.0
3000.0,AXM6351,1.4988700524719898,110.3818366145702,9144.0
3000.0,AXM6354,6.135880827651445,116.10650444668576,9144.0
3010.0,AXM5432,1.7686163906903567,108.10586929192569,9144.0
3010.0,AXM5433,3.82579419998787,101.32248877475976,9144.0
3010.0,AXM6351,1.4949635827286667,110.37205529890089,9144.0
3010.0,AXM6354,6.134596749872097,116.1227012585318,9144.0
3010.0,AXM5432,1.7686163906903567,108.10586929192569,9144.0
3010.0,AXM5433,3.82579419998787,101.32248877475976,9144.0
3010.0,AXM6351,1.4949635827286667,110.37205529890089,9144.0
3010.0,AXM6354,6.134596749872097,116.1227012585318,9144.0
3020.0,AXM5432,1.76764803816475,108.13495784625884,9144.0
3020.0,AXM5433,3.8430128824363803,101.29438189826568,9144.0
3020.0,AXM6351,1.4911424138612888,110.36224033967439,9144.0
3020.0,AXM6354,6.12941613700965,116.13667360237255,9144.0
3020.0,AXM5432,1.76764803816475,108.13495784625884,9144.0
3020.0,AXM5433,3.8430128824363803,101.29438189826568,9144.0
3020.0,AXM6351,1.4911424138612888,110.36224033967439,9144.0
3020.0,AXM6354,6.12941613700965,116.13667360237255,9144.0
3030.0,AXM5432,1.7666906299750202,108.16368527900222,9144.0
3030.0,AXM5433,3.860230334197855,101.26627369581249,9144.0
3030.0,AXM6351,1.4838735441148225,110.35461984119685,9144.0
3030.0,AXM6354,6.1206294288901475,116.14868498454189,9144.0
3030.0,AXM5432,1.7666906299750202,108.16368527900222,9144.0
3030.0,AXM5433,3.860230334197855,101.26627369581249,9144.0
3030.0,AXM6351,1.4838735441148225,110.35461984119685,9144.0
3030.0,AXM6354,6.1206294288901475,116.14868498454189,9144.0
3040.0,AXM5432,1.765528959602523,108.19240515193553,9144.0
3040.0,AXM5433,3.877442317968707,101.23816155836646,9144.0
3040.0,AXM6351,1.474196847325192,110.35028600994434,9144.0
3040.0,AXM6354,6.108908287995425,116.15781727587863,9144.0
3040.0,AXM5432,1.765528959602523,108.19240515193553,9144.0
3040.0,AXM5433,3.877442317968707,101.23816155836646,9144.0
3040.0,AXM6351,1.474196847325192,110.35028600994434,9144.0
3040.0,AXM6354,6.108908287995425,116.15781727587863,9144.0
3050.0,AXM5432,1.7643735760744852,108.22094389755468,9144.0
3050.0,AXM5433,3.8946300081506022,101.21003391990924,9144.0
3050.0,AXM6351,1.4636003713532555,110.34993543895948,9144.0
3050.0,AXM6354,6.095148687023816,116.16337251787711,9144.0
3050.0,AXM5432,1.7643735760744852,108.22094389755468,9144.0
3050.0,AXM5433,3.8946300081506022,101.21003391990924,9144.0
3050.0,AXM6351,1.4636003713532555,110.34993543895948,9144.0
3050.0,AXM6354,6.095148687023816,116.16337251787711,9144.0
3060.0,AXM5432,1.7632499026467874,108.24948389326907,9144.0
3060.0,AXM5433,3.9116329347826113,101.18219823583884,9144.0
3060.0,AXM6351,1.4536585634657284,110.35362018000228,9144.0
3060.0,AXM6354,6.080674671557713,116.16481855913484,9144.0
3060.0,AXM5432,1.7632499026467874,108.24948389326907,9144.0
3060.0,AXM5433,3.9116329347826113,101.18219823583884,9144.0
3060.0,AXM6351,1.4536585634657284,110.35362018000228,9144.0
3060.0,AXM6354,6.080674671557713,116.16481855913484,9144.0
3070.0,AXM5432,1.762108620161678,108.27844573839205,9144.0
3070.0,AXM5433,3.928639574765181,101.15436426480925,9144.0
3070.0,AXM6351,1.4458485989325958,110.36079272000445,9144.0
3070.0,AXM6354,6.066374193157396,116.16214633834353,9144.0
3070.0,AXM5432,1.762108620161678,108.27844573839205,9144.0
3070.0,AXM5433,3.928639574765181,101.15436426480925,9144.0
3070.0,AXM6351,1.4458485989325958,110.36079272000445,9144.0
3070.0,AXM6354,6.066374193157396,116.16214633834353,9144.0
3080.0,AXM5432,1.7610063140023813,108.3074090774577,9144.0
3080.0,AXM5433,3.9456428798040055,101.12652767823965,9144.0
3080.0,AXM6351,1.4413308991378069,110.37038734114093,9144.0
3080.0,AXM6354,6.053382860635934,116.15556825476357,9144.0
3080.0,AXM5432,1.7610063140023813,108.3074090774577,9144.0
3080.0,AXM5433,3.9456428798040055,101.12652767823965,9144.0
3080.0,AXM6351,1.4413308991378069,110.37038734114093,9144.0
3080.0,AXM6354,6.053382860635934,116.15556825476357,9144.0
3090.0,AXM5432,1.7598939205468382,108.33661252242855,9144.0
3090.0,AXM5433,3.962700210164692,101.09872374907772,9144.0
3090.0,AXM6351,1.4407767136659013,110.3809784655735,9144.0
3090.0,AXM6354,6.042732322815968,116.1456068094823,9144.0
3090.0,AXM5432,1.7598939205468382,108.33661252242855,9144.0
3090.0,AXM5433,3.962700210164692,101.09872374907772,9144.0
3090.0,AXM6351,1.4407767136659013,110.3809784655735,9144.0
3090.0,AXM6354,6.042732322815968,116.1456068094823,9144.0
3100.0,AXM5432,1.7588550904829265,108.3658186630287,9144.0
3100.0,AXM5433,3.9796026014565435,101.07116366214724,9144.0
3100.0,AXM6351,1.444268384590207,110.39099245888103,9144.0
3100.0,AXM6354,6.035268344732322,116.13305308977667,9144.0
3100.0,AXM5432,1.7588550904829265,108.3658186630287,9144.0
3100.0,AXM5433,3.9796026014565435,101.07116366214724,9144.0
3100.0,AXM6351,1.444268384590207,110.39099245888103,9144.0
3100.0,AXM6354,6.035268344732322,116.13305308977667,9144.0
3110.0,AXM5432,1.7578195546584936,108.39490474741196,9144.0
3110.0,AXM5433,3.9964638922483755,101.0435777230266,9144.0
3110.0,AXM6351,1.4512871119098927,110.39894142868496,9144.0
3110.0,AXM6354,6.031583644967905,116.11890395228646,9144.0
3110.0,AXM5432,1.7578195546584936,108.39490474741196,9144.0
3110.0,AXM5433,3.9964638922483755,101.0435777230266,9144.0
3110.0,AXM6351,1.4512871119098927,110.39894142868496,9144.0
3110.0,AXM6354,6.031583644967905,116.11890395228646,9144.0
3120.0,AXM5432,1.756547939407497,108.4239814385849,9144.0
3120.0,AXM5433,4.012926187846386,101.01663441841973,9144.0
3120.0,AXM6354,6.03229746338765,116.10558063379403,9144.0
3120.0,AXM5432,1.756547939407497,108.4239814385849,9144.0
3120.0,AXM5433,4.012926187846386,101.01663441841973,9144.0
3120.0,AXM6354,6.03229746338765,116.10558063379403,9144.0
3130.0,AXM5432,1.7552832374000942,108.45287779850513,9144.0
3130.0,AXM5433,4.029420380590727,100.98971018005263,9144.0
3130.0,AXM6354,6.029530882156837,116.09401032934144,9144.0
3130.0,AXM5432,1.7552832374000942,108.45287779850513,9144.0
3130.0,AXM5433,4.029420380590727,100.98971018005263,9144.0
3130.0,AXM6354,6.029530882156837,116.09401032934144,9144.0
3140.0,AXM5432,1.7541313889222954,108.48177886354021,9144.0
3140.0,AXM5433,4.045660986174828,100.96318015194272,9144.0
3140.0,AXM6354,6.023105724017168,116.08445240304512,9144.0
3140.0,AXM5432,1.7541313889222954,108.48177886354021,9144.0
3140.0,AXM5433,4.045660986174828,100.96318015194272,9144.0
3140.0,AXM6354,6.023105724017168,116.08445240304512,9144.0
3150.0,AXM5432,1.7529738148848566,108.51080011484486,9144.0
3150.0,AXM5433,4.061843682287662,100.93661405224006,9144.0
3150.0,AXM6354,6.0141527489113695,116.07834201727573,9144.0
3150.0,AXM5432,1.7529738148848566,108.51080011484486,9144.0
3150.0,AXM5433,4.061843682287662,100.93661405224006,9144.0
3150.0,AXM6354,6.0141527489113695,116.07834201727573,9144.0
3160.0,AXM5432,1.7518650334636192,108.53982325586749,9144.0
3160.0,AXM5433,4.077771096644931,100.91044419842454,9144.0
3160.0,AXM6354,6.003584285872887,116.07600751196304,9144.0
3160.0,AXM5432,1.7518650334636192,108.53982325586749,9144.0
3160.0,AXM5433,4.077771096644931,100.91044419842454,9144.0
3160.0,AXM6354,6.003584285872887,116.07600751196304,9144.0
3170.0,AXM5432,1.7507484777706794,108.56902639899604,9144.0
3170.0,AXM5433,4.09386717723467,100.88437774902216,9144.0
3170.0,AXM6354,5.992908682279952,116.07778191793709,9144.0
3170.0,AXM5432,1.7507484777706794,108.56902639899604,9144.0
3170.0,AXM5433,4.09386717723467,100.88437774902216,9144.0
3170.0,AXM6354,5.992908682279952,116.07778191793709,9144.0
3180.0,AXM5432,1.7495644538396313,108.59822686355939,9144.0
3180.0,AXM5433,4.1097237274616845,100.85865040578838,9144.0
3180.0,AXM6354,5.982726173420062,116.07539039135959,9144.0
3180.0,AXM5432,1.7495644538396313,108.59822686355939,9144.0
3180.0,AXM5433,4.1097237274616845,100.85865040578838,9144.0
3180.0,AXM6354,5.982726173420062,116.07539039135959,9144.0
3190.0,AXM5432,1.7483771394222987,108.62748720199507,9144.0
3190.0,AXM5433,4.125550940566763,100.83290439906598,9144.0
3190.0,AXM6354,5.974384609958986,116.06929667438227,9144.0
3190.0,AXM5432,1.7483771394222987,108.62748720199507,9144.0
3190.0,AXM5433,4.125550940566763,100.83290439906598,9144.0
3190.0,AXM6354,5.974384609958986,116.06929667438227,9144.0
3200.0,AXM5432,1.7472965747905647,108.65675166407495,9144.0
3200.0,AXM5433,4.141387311066973,100.80744377892091,9144.0
3200.0,AXM6354,5.968277758150287,116.06103483735993,9144.0
3200.0,AXM5432,1.7472965747905647,108.65675166407495,9144.0
3200.0,AXM5433,4.141387311066973,100.80744377892091,9144.0
3200.0,AXM6354,5.968277758150287,116.06103483735993,9144.0
3210.0,AXM5432,1.7462107763980717,108.68613582341442,9144.0
3210.0,AXM5433,4.160329768105911,100.78475582767959,9144.0
3210.0,AXM6354,5.959444304355357,116.05583141706498,9144.0
3210.0,AXM5432,1.7462107763980717,108.68613582341442,9144.0
3210.0,AXM5433,4.160329768105911,100.78475582767959,9144.0
3210.0,AXM6354,5.959444304355357,116.05583141706498,9144.0
3220.0,AXM5432,1.7450827772230417,108.71551837390375,9144.0
3220.0,AXM5433,4.181881712745348,100.76534409483192,9144.0
3220.0,AXM6354,5.94922199325449,116.05447610385893,9144.0
3220.0,AXM5432,1.7450827772230417,108.71551837390375,9144.0
3220.0,AXM5433,4.181881712745348,100.76534409483192,9144.0
3220.0,AXM6354,5.94922199325449,116.05447610385893,9144.0
3230.0,AXM5432,1.7439494873115138,108.74502044833115,9144.0
3230.0,AXM5433,4.204156217055983,100.74812711743498,9144.0
3230.0,AXM6354,5.939200574106268,116.05720978324229,9144.0
3230.0,AXM5432,1.7439494873115138,108.74502044833115,9144.0
3230.0,AXM5433,4.204156217055983,100.74812711743498,9144.0
3230.0,AXM6354,5.939200574106268,116.05720978324229,9144.0
3240.0,AXM5432,1.74277478145955,108.77452088278449,9144.0
3240.0,AXM5433,4.228694863591969,100.73434771448365,9144.0
3240.0,AXM6354,5.931003851441963,116.06361869344393,9144.0
3240.0,AXM5432,1.74277478145955,108.77452088278449,9144.0
3240.0,AXM5433,4.228694863591969,100.73434771448365,9144.0
3240.0,AXM6354,5.931003851441963,116.06361869344393,9144.0
3250.0,AXM5432,1.741594625910567,108.80414066448313,9144.0
3250.0,AXM5433,4.254112465660229,100.72315812879658,9144.0
3250.0,AXM6354,5.925900837086483,116.07271056729067,9144.0
3250.0,AXM5432,1.741594625910567,108.80414066448313,9144.0
3250.0,AXM5433,4.254112465660229,100.72315812879658,9144.0
3250.0,AXM6354,5.925900837086483,116.07271056729067,9144.0
3260.0,AXM5432,1.7404257966936627,108.83376087734204,9144.0
3260.0,AXM5433,4.279529883154945,100.711967751166,9144.0
3260.0,AXM6354,5.924681576747728,116.08307784254963,9144.0
3260.0,AXM5432,1.7404257966936627,108.83376087734204,9144.0
3260.0,AXM5433,4.279529883154945,100.711967751166,9144.0
3260.0,AXM6354,5.924681576747728,116.08307784254963,9144.0
3270.0,AXM5432,1.7392539263110505,108.86344067920535,9144.0
3270.0,AXM5433,4.304973389235232,100.70083678128515,9144.0
3270.0,AXM6354,5.927534835600622,116.09311553567461,9144.0
3270.0,AXM5432,1.7392539263110505,108.86344067920535,9144.0
3270.0,AXM5433,4.304973389235232,100.70083678128515,9144.0
3270.0,AXM6354,5.927534835600622,116.09311553567461,9144.0
3280.0,AXM5432,1.738076503139556,108.89312024258702,9144.0
3280.0,AXM5433,4.330248772815508,100.68977850307817,9144.0
3280.0,AXM5432,1.738076503139556,108.89312024258702,9144.0
3280.0,AXM5433,4.330248772815508,100.68977850307817,9144.0
3290.0,AXM5432,1.7369813314887197,108.92280294053188,9144.0
3290.0,AXM5433,4.355532994423268,100.67874019369044,9144.0
3290.0,AXM5432,1.7369813314887197,108.92280294053188,9144.0
3290.0,AXM5433,4.355532994423268,100.67874019369044,9144.0
3300.0,AXM5432,1.7358869666296528,108.95236616572456,9144.0
3300.0,AXM5433,4.38047993516234,100.66784827910676,9144.0
3300.0,AXM5432,1.7358869666296528,108.95236616572456,9144.0
3300.0,AXM5433,4.38047993516234,100.66784827910676,9144.0
3310.0,AXM5432,1.7346884417009478,108.98192532893052,9144.0
3310.0,AXM5433,4.405338278894539,100.65675411397741,9144.0
3310.0,AXM5432,1.7346884417009478,108.98192532893052,9144.0
3310.0,AXM5433,4.405338278894539,100.65675411397741,9144.0
3320.0,AXM5432,1.733491181797277,109.01136485443962,9144.0
3320.0,AXM5433,4.429746281806224,100.64586009633962,9144.0
3320.0,AXM5432,1.733491181797277,109.01136485443962,9144.0
3320.0,AXM5433,4.429746281806224,100.64586009633962,9144.0
3330.0,AXM5432,1.7324789408299182,109.04081131278646,9144.0
3330.0,AXM5433,4.452200271543288,100.63134076658095,9144.0
3330.0,AXM5432,1.7324789408299182,109.04081131278646,9144.0
3330.0,AXM5433,4.452200271543288,100.63134076658095,9144.0
3340.0,AXM5432,1.731457122373855,109.07043682592001,9144.0
3340.0,AXM5433,4.4731566778905485,100.61616636783043,9144.0
3340.0,AXM5432,1.731457122373855,109.07043682592001,9144.0
3340.0,AXM5433,4.4731566778905485,100.61616636783043,9144.0
3350.0,AXM5432,1.7301322459370756,109.10005030204884,9144.0
3350.0,AXM5433,4.493960751302679,100.60110109120333,9144.0
3350.0,AXM5432,1.7301322459370756,109.10005030204884,9144.0
3350.0,AXM5433,4.493960751302679,100.60110109120333,9144.0
3360.0,AXM5432,1.728801919290778,109.1297232536902,9144.0
3360.0,AXM5433,4.514764155344755,100.58603445360586,9144.0
3360.0,AXM5432,1.728801919290778,109.1297232536902,9144.0
3360.0,AXM5433,4.514764155344755,100.58603445360586,9144.0
3370.0,AXM5432,1.7277496229836822,109.1594073593269,9144.0
3370.0,AXM5433,4.5357471609945605,100.5712201162211,9144.0
3370.0,AXM5432,1.7277496229836822,109.1594073593269,9144.0
3370.0,AXM5433,4.5357471609945605,100.5712201162211,9144.0
3380.0,AXM5432,1.7267068356885278,109.18867287423029,9144.0
3380.0,AXM5433,4.556473163513011,100.55658515209012,9144.0
3380.0,AXM5432,1.7267068356885278,109.18867287423029,9144.0
3380.0,AXM5433,4.556473163513011,100.55658515209012,9144.0
3390.0,AXM5432,1.7255271207251328,109.21793316646172,9144.0
3390.0,AXM5433,4.577002215266315,100.54167301874254,9144.0
3390.0,AXM5432,1.7255271207251328,109.21793316646172,9144.0
3390.0,AXM5433,4.577002215266315,100.54167301874254,9144.0
3400.0,AXM5432,1.7243493037342044,109.24689296657144,9144.0
3400.0,AXM5433,4.597233749714045,100.52732068771654,9144.0
3400.0,AXM5432,1.7243493037342044,109.24689296657144,9144.0
3400.0,AXM5433,4.597233749714045,100.52732068771654,9144.0
3410.0,AXM5432,1.7231868151657577,109.27585336891462,9144.0
3410.0,AXM5433,4.616946982689513,100.51333494477686,9144.0
3410.0,AXM5432,1.7231868151657577,109.27585336891462,9144.0
3410.0,AXM5433,4.616946982689513,100.51333494477686,9144.0
3420.0,AXM5432,1.7220346233635166,109.30451255089588,9144.0
3420.0,AXM5433,4.636588998495252,100.49924831766172,9144.0
3420.0,AXM5432,1.7220346233635166,109.30451255089588,9144.0
3420.0,AXM5433,4.636588998495252,100.49924831766172,9144.0
3430.0,AXM5432,1.7208892474483761,109.33317198911435,9144.0
3430.0,AXM5433,4.655971200166666,100.48534695243339,9144.0
3430.0,AXM5432,1.7208892474483761,109.33317198911435,9144.0
3430.0,AXM5433,4.655971200166666,100.48534695243339,9144.0
3440.0,AXM5432,1.7197566589605047,109.36146855948112,9144.0
3440.0,AXM5433,4.677261224166369,100.47461639358909,9144.0
3440.0,AXM5432,1.7197566589605047,109.36146855948112,9144.0
3440.0,AXM5433,4.677261224166369,100.47461639358909,9144.0
3450.0,AXM5432,1.7187475431203383,109.3897697913971,9144.0
3450.0,AXM5433,4.698092816842165,100.46411615707011,9144.0
3450.0,AXM5432,1.7187475431203383,109.3897697913971,9144.0
3450.0,AXM5433,4.698092816842165,100.46411615707011,9144.0
3460.0,AXM5432,1.7177452453966662,109.41782817892447,9144.0
3460.0,AXM5433,4.718924231431133,100.45361525040965,9144.0
3460.0,AXM5432,1.7177452453966662,109.41782817892447,9144.0
3460.0,AXM5433,4.718924231431133,100.45361525040965,9144.0
3470.0,AXM5432,1.7165237494460832,109.44587785298523,9144.0
3470.0,AXM5433,4.740315148118231,100.44431525427129,9144.0
3470.0,AXM5432,1.7165237494460832,109.44587785298523,9144.0
3470.0,AXM5433,4.740315148118231,100.44431525427129,9144.0
3480.0,AXM5432,1.715261741492386,109.47483396527797,9144.0
3480.0,AXM5433,4.761113759468618,100.43527212266532,9144.0
3480.0,AXM5432,1.715261741492386,109.47483396527797,9144.0
3480.0,AXM5433,4.761113759468618,100.43527212266532,9144.0
3490.0,AXM5432,1.7141180081502123,109.50379497751791,9144.0
3490.0,AXM5433,4.781830974785545,100.42604249446892,9144.0
3490.0,AXM5432,1.7141180081502123,109.50379497751791,9144.0
3490.0,AXM5433,4.781830974785545,100.42604249446892,9144.0
3500.0,AXM5432,1.712916804936742,109.53418668319753,9144.0
3500.0,AXM5433,4.802548047675163,100.41681226455027,9144.0
3500.0,AXM5432,1.712916804936742,109.53418668319753,9144.0
3500.0,AXM5433,4.802548047675163,100.41681226455027,9144.0
3510.0,AXM5432,1.709945290362468,109.56445645885708,9144.0
3510.0,AXM5433,4.823315735109168,100.40769702117626,9144.0
3510.0,AXM5432,1.709945290362468,109.56445645885708,9144.0
3510.0,AXM5433,4.823315735109168,100.40769702117626,9144.0
3520.0,AXM5432,1.7070132000560667,109.59431292216024,9144.0
3520.0,AXM5433,4.843964497294303,100.39863332224473,9144.0
3520.0,AXM5432,1.7070132000560667,109.59431292216024,9144.0
3520.0,AXM5433,4.843964497294303,100.39863332224473,9144.0
3530.0,AXM5432,1.7046195522568637,109.62421737544673,9144.0
3530.0,AXM5433,4.86453744269907,100.3893973283691,9144.0
3530.0,AXM5432,1.7046195522568637,109.62421737544673,9144.0
3530.0,AXM5433,4.86453744269907,100.3893973283691,9144.0
3540.0,AXM5432,1.7022581393076754,109.65370586454625,9144.0
3540.0,AXM5433,4.885169438914436,100.3801341456933,9144.0
3540.0,AXM5432,1.7022581393076754,109.65370586454625,9144.0
3540.0,AXM5433,4.885169438914436,100.3801341456933,9144.0
3550.0,AXM5432,1.6992775587233395,109.68313812240169,9144.0
3550.0,AXM5433,4.905869765592929,100.37102553439048,9144.0
3550.0,AXM5432,1.6992775587233395,109.68313812240169,9144.0
3550.0,AXM5433,4.905869765592929,100.37102553439048,9144.0
3560.0,AXM5432,1.696331981908815,109.71221282932785,9144.0
3560.0,AXM5433,4.925614321419533,100.36233679595746,9144.0
3560.0,AXM5432,1.696331981908815,109.71221282932785,9144.0
3560.0,AXM5433,4.925614321419533,100.36233679595746,9144.0
3570.0,AXM5432,1.6926919086257608,109.74120865144606,9144.0
3570.0,AXM5433,4.945361041659428,100.35365275577223,9144.0
3570.0,AXM5432,1.6926919086257608,109.74120865144606,9144.0
3570.0,AXM5433,4.945361041659428,100.35365275577223,9144.0
3580.0,AXM5432,1.6890806927854538,109.76996583311428,9144.0
3580.0,AXM5433,4.96377482819192,100.34555415483403,9144.0
3580.0,AXM5432,1.6890806927854538,109.76996583311428,9144.0
3580.0,AXM5433,4.96377482819192,100.34555415483403,9144.0
3590.0,AXM5432,1.6859256442193624,109.79877663033778,9144.0
3590.0,AXM5433,4.982125823887531,100.33731297606712,9144.0
3590.0,AXM5432,1.6859256442193624,109.79877663033778,9144.0
3590.0,AXM5433,4.982125823887531,100.33731297606712,9144.0
3600.0,AXM5432,1.6828548297786543,109.82680611049386,9144.0
3600.0,AXM5433,5.000780135294693,100.32893416576026,9144.0
3600.0,AXM5432,1.6828548297786543,109.82680611049386,9144.0
3600.0,AXM5433,5.000780135294693,100.32893416576026,9144.0
3610.0,AXM5432,1.679639087179421,109.85481927323448,9144.0
3610.0,AXM5433,5.019504905908776,100.32071501330238,9144.0
3610.0,AXM5432,1.679639087179421,109.85481927323448,9144.0
3610.0,AXM5433,5.019504905908776,100.32071501330238,9144.0
3620.0,AXM5432,1.6764898476634984,109.88222654598984,9144.0
3620.0,AXM5433,5.038274826021958,100.31243297603193,9144.0
3620.0,AXM5432,1.6764898476634984,109.88222654598984,9144.0
3620.0,AXM5433,5.038274826021958,100.31243297603193,9144.0
3630.0,AXM5432,1.6728372452664124,109.90957118138408,9144.0
3630.0,AXM5433,5.0564346863922465,100.30441959206642,9144.0
3630.0,AXM5432,1.6728372452664124,109.90957118138408,9144.0
3630.0,AXM5433,5.0564346863922465,100.30441959206642,9144.0
3640.0,AXM5432,1.6692294079951797,109.93636450274197,9144.0
3640.0,AXM5433,5.074585551413344,100.29638546906872,9144.0
3640.0,AXM5432,1.6692294079951797,109.93636450274197,9144.0
3640.0,AXM5433,5.074585551413344,100.29638546906872,9144.0
3650.0,AXM5432,1.665703478945709,109.96254526528317,9144.0
3650.0,AXM5433,5.092306902064108,100.28854095028241,9144.0
3650.0,AXM5432,1.665703478945709,109.96254526528317,9144.0
3650.0,AXM5433,5.092306902064108,100.28854095028241,9144.0
3660.0,AXM5432,1.6621258713351552,109.98871896259637,9144.0
3660.0,AXM5433,5.109984568564172,100.28059748715857,9144.0
3660.0,AXM5432,1.6621258713351552,109.98871896259637,9144.0
3660.0,AXM5433,5.109984568564172,100.28059748715857,9144.0
3670.0,AXM5432,1.6547765420845237,110.01225994028285,9144.0
3670.0,AXM5433,5.126736915947319,100.27306931909227,9144.0
3670.0,AXM5432,1.6547765420845237,110.01225994028285,9144.0
3670.0,AXM5433,5.126736915947319,100.27306931909227,9144.0
3680.0,AXM5432,1.6450559170406334,110.03437006342162,9144.0
3680.0,AXM5433,5.141404417579744,100.26199178448566,9144.0
3680.0,AXM5432,1.6450559170406334,110.03437006342162,9144.0
3680.0,AXM5433,5.141404417579744,100.26199178448566,9144.0
3690.0,AXM5432,1.635334966036425,110.05647993571718,9144.0
3690.0,AXM5433,5.154997418422994,100.25250335384874,9144.0
3690.0,AXM5432,1.635334966036425,110.05647993571718,9144.0
3690.0,AXM5433,5.154997418422994,100.25250335384874,9144.0
3700.0,AXM5432,1.6240910057036162,110.07785481746727,9144.0
3700.0,AXM5433,5.168773594497631,100.24288647601442,9144.0
3700.0,AXM5432,1.6240910057036162,110.07785481746727,9144.0
3700.0,AXM5433,5.168773594497631,100.24288647601442,9144.0
3710.0,AXM5432,1.613114530355531,110.09872038179954,9144.0
3710.0,AXM5433,5.182865859421652,100.2337427852094,9144.0
3710.0,AXM5432,1.613114530355531,110.09872038179954,9144.0
3710.0,AXM5433,5.182865859421652,100.2337427852094,9144.0
3720.0,AXM5432,1.6021374730872888,110.11958552756342,9144.0
3720.0,AXM5433,5.197237493089484,100.22478280932152,9144.0
3720.0,AXM5432,1.6021374730872888,110.11958552756342,9144.0
3720.0,AXM5433,5.197237493089484,100.22478280932152,9144.0
3730.0,AXM5432,1.592957416337544,110.1413018986818,9144.0
3730.0,AXM5433,5.212543684476688,100.22004755076875,9144.0
3730.0,AXM5432,1.592957416337544,110.1413018986818,9144.0
3730.0,AXM5433,5.212543684476688,100.22004755076875,9144.0
3740.0,AXM5432,1.5876096818223764,110.16446254055847,9144.0
3740.0,AXM5433,5.2270168329702,100.21983324977394,9144.0
3740.0,AXM5432,1.5876096818223764,110.16446254055847,9144.0
3740.0,AXM5433,5.2270168329702,100.21983324977394,9144.0
3750.0,AXM5432,1.5864306675206332,110.18775409053487,9144.0
3750.0,AXM5433,5.239711653736014,100.2237096942423,9144.0
3750.0,AXM5432,1.5864306675206332,110.18775409053487,9144.0
3750.0,AXM5433,5.239711653736014,100.2237096942423,9144.0
3760.0,AXM5432,1.589375079354096,110.21049879179837,9144.0
3760.0,AXM5433,5.2496920499685595,100.23099439252535,9144.0
3760.0,AXM5432,1.589375079354096,110.21049879179837,9144.0
3760.0,AXM5433,5.2496920499685595,100.23099439252535,9144.0
3770.0,AXM5432,1.5963630047926143,110.23261293926156,9144.0
3770.0,AXM5433,5.258034790219294,100.2394231615454,9144.0
3770.0,AXM5432,1.5963630047926143,110.23261293926156,9144.0
3770.0,AXM5433,5.258034790219294,100.2394231615454,9144.0
3780.0,AXM5432,1.5997497660795437,110.25555694113004,9144.0
3780.0,AXM5433,5.2661227919281215,100.24759491426843,9144.0
3780.0,AXM5432,1.5997497660795437,110.25555694113004,9144.0
3780.0,AXM5433,5.2661227919281215,100.24759491426843,9144.0
3790.0,AXM5432,1.603022792828527,110.27773288524497,9144.0
3790.0,AXM5433,5.274210669576025,100.25576689722803,9144.0
3790.0,AXM5432,1.603022792828527,110.27773288524497,9144.0
3790.0,AXM5433,5.274210669576025,100.25576689722803,9144.0
3800.0,AXM5432,1.606295086010759,110.29990897318238,9144.0
3800.0,AXM5433,5.282298388890602,100.26393914479515,9144.0
3800.0,AXM5432,1.606295086010759,110.29990897318238,9144.0
3800.0,AXM5433,5.282298388890602,100.26393914479515,9144.0
3810.0,AXM5432,1.6072121112687139,110.32230660817329,9144.0
3810.0,AXM5433,5.2914004313786815,100.27095356278635,9144.0
3810.0,AXM5432,1.6072121112687139,110.32230660817329,9144.0
3810.0,AXM5433,5.2914004313786815,100.27095356278635,9144.0
3820.0,AXM5432,1.608112319373622,110.34431376291724,9144.0
3820.0,AXM5433,5.30175342284613,100.27385219001032,9144.0
3820.0,AXM5432,1.608112319373622,110.34431376291724,9144.0
3820.0,AXM5433,5.30175342284613,100.27385219001032,9144.0
3830.0,AXM5432,1.6105676373074829,110.36620197182646,9144.0
3830.0,AXM5433,5.312435342137132,100.27265906842236,9144.0
3830.0,AXM5432,1.6105676373074829,110.36620197182646,9144.0
3830.0,AXM5433,5.312435342137132,100.27265906842236,9144.0
3840.0,AXM5432,1.6120810385030335,110.38659052150996,9144.0
3840.0,AXM5433,5.32190120851973,100.26754663650435,9144.0
3840.0,AXM5432,1.6120810385030335,110.38659052150996,9144.0
3840.0,AXM5433,5.32190120851973,100.26754663650435,9144.0
3850.0,AXM5432,1.613756657416342,110.4060952480802,9144.0
3850.0,AXM5433,5.32878192522639,100.2592542570063,9144.0
3850.0,AXM5432,1.613756657416342,110.4060952480802,9144.0
3850.0,AXM5433,5.32878192522639,100.2592542570063,9144.0
3860.0,AXM5432,1.6154319819091914,110.42560001603727,9144.0
3860.0,AXM5433,5.332082298936114,100.24898130129134,9144.0
3860.0,AXM5432,1.6154319819091914,110.42560001603727,9144.0
3860.0,AXM5433,5.332082298936114,100.24898130129134,9144.0
3870.0,AXM5432,1.6169328958541664,110.44511900541546,9144.0
3870.0,AXM5433,5.3313249796848305,100.23821365744314,9144.0
3870.0,AXM5432,1.6169328958541664,110.44511900541546,9144.0
3870.0,AXM5433,5.3313249796848305,100.23821365744314,9144.0
3880.0,AXM5432,1.618438632237123,110.46470490438602,9144.0
3880.0,AXM5433,5.326619502437119,100.22850876664806,9144.0
3880.0,AXM5432,1.618438632237123,110.46470490438602,9144.0
3880.0,AXM5433,5.326619502437119,100.22850876664806,9144.0
3890.0,AXM5432,1.6199888534385798,110.4842873448066,9144.0
3890.0,AXM5433,5.318646444482913,100.22127030835837,9144.0
3890.0,AXM5432,1.6199888534385798,110.4842873448066,9144.0
3890.0,AXM5433,5.318646444482913,100.22127030835837,9144.0
3900.0,AXM5432,1.621538725847685,110.50386982784623,9144.0
3900.0,AXM5433,5.308558990056098,100.2175451530735,9144.0
3900.0,AXM5432,1.621538725847685,110.50386982784623,9144.0
3900.0,AXM5433,5.308558990056098,100.2175451530735,9144.0
3910.0,AXM5432,1.6189849447062443,110.52334672930276,9144.0
3910.0,AXM5432,1.6189849447062443,110.52334672930276,9144.0
3920.0,AXM5432,1.6126419941403871,110.54035878366821,9144.0
3920.0,AXM5432,1.6126419941403871,110.54035878366821,9144.0
3930.0,AXM5432,1.6026655173396767,110.55544500432259,9144.0
3930.0,AXM5432,1.6026655173396767,110.55544500432259,9144.0
3940.0,AXM5432,1.5895455712896607,110.56789218656695,9144.0
3940.0,AXM5432,1.5895455712896607,110.56789218656695,9144.0
3950.0,AXM5432,1.574469145675339,110.57657813701638,9144.0
3950.0,AXM5432,1.574469145675339,110.57657813701638,9144.0
3960.0,AXM5432,1.5577786130624571,110.58149050325967,9144.0
3960.0,AXM5432,1.5577786130624571,110.58149050325967,9144.0
3970.0,AXM5432,1.540402232571183,110.58235614166902,9144.0
3970.0,AXM5432,1.540402232571183,110.58235614166902,9144.0
3980.0,AXM5432,1.52330640737394,110.5791269750342,9144.0
3980.0,AXM5432,1.52330640737394,110.5791269750342,9144.0
3990.0,AXM5432,1.5074419373058325,110.57198265562725,9144.0
3990.0,AXM5432,1.5074419373058325,110.57198265562725,9144.0
4000.0,AXM5432,1.495247732567894,110.56203081616195,9144.0
4000.0,AXM5432,1.495247732567894,110.56203081616195,9144.0
4010.0,AXM5432,1.4870465537227742,110.55009959220067,9144.0
4010.0,AXM5432,1.4870465537227742,110.55009959220067,9144.0
4020.0,AXM5432,1.482517485716338,110.5363470756819,9144.0
4020.0,AXM5432,1.482517485716338,110.5363470756819,9144.0
4030.0,AXM5432,1.4820236747206992,110.52187593886025,9144.0
4030.0,AXM5432,1.4820236747206992,110.52187593886025,9144.0
4040.0,AXM5432,1.4856047151010918,110.50784646927701,9144.0
4040.0,AXM5432,1.4856047151010918,110.50784646927701,9144.0
4050.0,AXM5432,1.492973474691587,110.49538354859486,9144.0
4050.0,AXM5432,1.492973474691587,110.49538354859486,9144.0
4060.0,AXM5432,1.5035391174008041,110.48548646810174,9144.0
4060.0,AXM5432,1.5035391174008041,110.48548646810174,9144.0
4070.0,AXM5432,1.5164544771671322,110.47894880899325,9144.0
4070.0,AXM5432,1.5164544771671322,110.47894880899325,9144.0
4080.0,AXM5432,1.53068398476221,110.47629480999322,9144.0
4080.0,AXM5432,1.53068398476221,110.47629480999322,9144.0
4090.0,AXM5432,1.5446521044206498,110.477814961091,9144.0
4090.0,AXM5432,1.5446521044206498,110.477814961091,9144.0
4100.0,AXM5432,1.5575877009053152,110.48330223156941,9144.0
4100.0,AXM5432,1.5575877009053152,110.48330223156941,9144.0
4110.0,AXM5432,1.5717600133984027,110.48490715186303,9144.0
4110.0,AXM5432,1.5717600133984027,110.48490715186303,9144.0
4120.0,AXM5432,1.5846972639484016,110.48229853040294,9144.0
4120.0,AXM5432,1.5846972639484016,110.48229853040294,9144.0
4130.0,AXM5432,1.5962119619335968,110.47584747040648,9144.0
4130.0,AXM5432,1.5962119619335968,110.47584747040648,9144.0
4140.0,AXM5432,1.605195001066767,110.46617531607832,9144.0
4140.0,AXM5432,1.605195001066767,110.46617531607832,9144.0
4150.0,AXM5432,1.610781126766875,110.45421369373415,9144.0
4150.0,AXM5432,1.610781126766875,110.45421369373415,9144.0
4160.0,AXM5432,1.6124322782751268,110.44111477367728,9144.0
4160.0,AXM5432,1.6124322782751268,110.44111477367728,9144.0
4170.0,AXM5432,1.6099894151615162,110.42814028117876,9144.0
4170.0,AXM5432,1.6099894151615162,110.42814028117876,9144.0
4180.0,AXM5432,1.6036878362451357,110.41653995135493,9144.0
4180.0,AXM5432,1.6036878362451357,110.41653995135493,9144.0
4190.0,AXM5432,1.594134515395779,110.40743114099537,9144.0
4190.0,AXM5432,1.594134515395779,110.40743114099537,9144.0
4200.0,AXM5432,1.582249637253242,110.40169119810292,9144.0
4200.0,AXM5432,1.582249637253242,110.40169119810292,9144.0
4210.0,AXM5432,1.5691779641975443,110.39987295827363,9144.0
4210.0,AXM5432,1.5691779641975443,110.39987295827363,9144.0
4220.0,AXM5432,1.55617857178492,110.40215150591204,9144.0
4220.0,AXM5432,1.55617857178492,110.40215150591204,9144.0
4230.0,AXM5432,1.5445799985782702,110.40782672864962,9144.0
4230.0,AXM5432,1.5445799985782702,110.40782672864962,9144.0
4240.0,AXM5432,1.5336212918289822,110.40967305551021,9144.0
4240.0,AXM5432,1.5336212918289822,110.40967305551021,9144.0
4250.0,AXM5432,1.5235091137179748,110.40731305030377,9144.0
4250.0,AXM5432,1.5235091137179748,110.40731305030377,9144.0
4260.0,AXM5432,1.5148622712671866,110.40117574122478,9144.0
4260.0,AXM5432,1.5148622712671866,110.40117574122478,9144.0
4270.0,AXM5432,1.5088870184196275,110.39241459414872,9144.0
4270.0,AXM5432,1.5088870184196275,110.39241459414872,9144.0
4280.0,AXM5432,1.5029117250067245,110.38365349877803,9144.0
4280.0,AXM5432,1.5029117250067245,110.38365349877803,9144.0
4290.0,AXM5432,1.496936387203304,110.37489245762828,9144.0
4290.0,AXM5432,1.496936387203304,110.37489245762828,9144.0
4300.0,AXM5432,1.4925238246825778,110.3652487805119,9144.0
4300.0,AXM5432,1.4925238246825778,110.3652487805119,9144.0
4310.0,AXM5432,1.488202128528679,110.3558039435816,9144.0
4310.0,AXM5432,1.488202128528679,110.3558039435816,9144.0
4320.0,AXM5432,1.4842150936439962,110.34709050677503,9144.0
4320.0,AXM5432,1.4842150936439962,110.34709050677503,9144.0
