sim_time,acid,lat,lon,alt
10.0,MAS632,1.3313424654397985,104.01351353659724,9144.0
10.0,MAS642,1.3360180952658898,103.99263154213637,9144.0
10.0,MAS643,1.489235949372405,110.33813846135276,9144.0
10.0,MAS8792,-8.560842036992106,125.51478818384102,9144.0
10.0,MMA231,16.88381780404928,96.11895077091363,9144.0
10.0,MMA232,1.3249309393595479,103.99644193286329,9144.0
10.0,MWG3415,1.4887795429131554,110.3684,9144.0
10.0,MWG3417,1.4885279358523398,110.37372569883262,9144.0
10.0,MWG3420,2.7038534862930232,111.91384708465607,9144.0
10.0,MWG3421,1.841173822768086,110.88015490469563,9144.0
10.0,MWG3752,1.484134920589368,110.3331536115156,9144.0
10.0,MWG3753,3.766072536664558,114.23570263520362,9144.0
10.0,MXD1636,2.8084389703535786,101.66918367449529,9144.0
10.0,MXD801,2.6995831616543042,101.72575802539797,9144.0
10.0,MXD803,2.8243463790662955,101.69294872892827,9144.0
10.0,MXD804,1.3265931347365196,103.99137521750458,9144.0
10.0,MYU2211,22.617989691841345,113.83689296679083,9144.0
10.0,NEP341,2.762382943359341,101.71038999945833,9144.0
10.0,NEP345,2.753391869723972,101.71008316495397,9144.0
10.0,NEP347,2.770245606794544,101.69064054460226,9144.0
10.0,MAS632,1.3313424654397985,104.01351353659724,9144.0,"(MAS632),(MAS642)"
10.0,MAS642,1.3360180952658898,103.99263154213637,9144.0,"(MAS632),(MMA232)"
10.0,MAS643,1.489235949372405,110.33813846135276,9144.0,"(MAS632),(MXD804)"
10.0,MAS8792,-8.560842036992106,125.51478818384102,9144.0,"(MAS642),(MAS632)"
10.0,MMA231,16.88381780404928,96.11895077091363,9144.0,"(MAS642),(MMA232)"
10.0,MMA232,1.3249309393595479,103.99644193286329,9144.0,"(MAS642),(MXD804)"
10.0,MWG3415,1.4887795429131554,110.3684,9144.0,"(MAS643),(MWG3415)"
10.0,MWG3417,1.4885279358523398,110.37372569883262,9144.0,"(MAS643),(MWG3417)"
10.0,MWG3420,2.7038534862930232,111.91384708465607,9144.0,"(MAS643),(MWG3752)"
10.0,MWG3421,1.841173822768086,110.88015490469563,9144.0,"(MMA232),(MAS632)"
10.0,MWG3752,1.484134920589368,110.3331536115156,9144.0,"(MMA232),(MAS642)"
10.0,MWG3753,3.766072536664558,114.23570263520362,9144.0,"(MMA232),(MXD804)"
10.0,MXD1636,2.8084389703535786,101.66918367449529,9144.0,"(MWG3415),(MAS643)"
10.0,MXD801,2.6995831616543042,101.72575802539797,9144.0,"(MWG3415),(MWG3417)"
10.0,MXD803,2.8243463790662955,101.69294872892827,9144.0,"(MWG3415),(MWG3752)"
10.0,MXD804,1.3265931347365196,103.99137521750458,9144.0,"(MWG3417),(MAS643)"
10.0,MYU2211,22.617989691841345,113.83689296679083,9144.0,"(MWG3417),(MWG3415)"
10.0,NEP341,2.762382943359341,101.71038999945833,9144.0,"(MWG3417),(MWG3752)"
10.0,NEP345,2.753391869723972,101.71008316495397,9144.0,"(MWG3752),(MAS643)"
10.0,NEP347,2.770245606794544,101.69064054460226,9144.0,"(MWG3752),(MWG3415)"
20.0,MAS632,1.320531653205819,104.01574378937514,9144.0
20.0,MAS642,1.3394414484984434,103.98069977570766,9144.0
20.0,MAS643,1.500552893582322,110.34002525799038,9144.0
20.0,MAS8792,-8.57209051664505,125.50948679592031,9144.0
20.0,MMA231,16.87495707169171,96.10997849297054,9144.0
20.0,MMA232,1.3135653790774233,103.99163911629417,9144.0
20.0,MWG3415,1.48304549183914,110.37227600925901,9144.0
20.0,MWG3417,1.484968644298701,110.37966268808323,9144.0
20.0,MWG3420,2.714784031973413,111.92059205040461,9144.0
20.0,MWG3421,1.8346081195734092,110.89431094135924,9144.0
20.0,MWG3752,1.4809218917882605,110.32412585581966,9144.0
20.0,MWG3753,3.7743015389883383,114.22168933367196,9144.0
20.0,MXD1636,2.7943363623877784,101.65970565539051,9144.0
20.0,MXD801,2.690223398475642,101.73402488736558,9144.0
20.0,MXD803,2.836952700117246,101.70166166827052,9144.0
20.0,MXD804,1.3198827563857989,103.98188901610774,9144.0
20.0,MYU2211,22.62322308212231,113.84899766487901,9144.0
20.0,NEP341,2.7535905149092055,101.71895299593187,9144.0
20.0,NEP345,2.7417293090024786,101.70583645470904,9144.0
20.0,NEP347,2.7671028808892815,101.6770756465676,9144.0
20.0,MAS632,1.320531653205819,104.01574378937514,9144.0,"(MAS632),(MAS642)"
20.0,MAS642,1.3394414484984434,103.98069977570766,9144.0,"(MAS632),(MMA232)"
20.0,MAS643,1.500552893582322,110.34002525799038,9144.0,"(MAS632),(MXD804)"
20.0,MAS8792,-8.57209051664505,125.50948679592031,9144.0,"(MAS642),(MAS632)"
20.0,MMA231,16.87495707169171,96.10997849297054,9144.0,"(MAS642),(MMA232)"
20.0,MMA232,1.3135653790774233,103.99163911629417,9144.0,"(MAS642),(MXD804)"
20.0,MWG3415,1.48304549183914,110.37227600925901,9144.0,"(MAS643),(MWG3415)"
20.0,MWG3417,1.484968644298701,110.37966268808323,9144.0,"(MAS643),(MWG3417)"
20.0,MWG3420,2.714784031973413,111.92059205040461,9144.0,"(MAS643),(MWG3752)"
20.0,MWG3421,1.8346081195734092,110.89431094135924,9144.0,"(MMA232),(MAS632)"
20.0,MWG3752,1.4809218917882605,110.32412585581966,9144.0,"(MMA232),(MAS642)"
20.0,MWG3753,3.7743015389883383,114.22168933367196,9144.0,"(MMA232),(MXD804)"
20.0,MXD1636,2.7943363623877784,101.65970565539051,9144.0,"(MWG3415),(MAS643)"
20.0,MXD801,2.690223398475642,101.73402488736558,9144.0,"(MWG3415),(MWG3417)"
20.0,MXD803,2.836952700117246,101.70166166827052,9144.0,"(MWG3415),(MWG3752)"
20.0,MXD804,1.3198827563857989,103.98188901610774,9144.0,"(MWG3417),(MAS643)"
20.0,MYU2211,22.62322308212231,113.84899766487901,9144.0,"(MWG3417),(MWG3415)"
20.0,NEP341,2.7535905149092055,101.71895299593187,9144.0,"(MWG3417),(MWG3752)"
20.0,NEP345,2.7417293090024786,101.70583645470904,9144.0,"(MWG3752),(MAS643)"
20.0,NEP347,2.7671028808892815,101.6770756465676,9144.0,"(MWG3752),(MWG3415)"
30.0,MAS632,1.3096508925517791,104.01388478431642,9144.0
30.0,MAS642,1.3387975435059902,103.96830308729747,9144.0
30.0,MAS643,1.5118122556278402,110.33782050484562,9144.0
30.0,MAS8792,-8.581021422470391,125.50077254691338,9144.0
30.0,MMA231,16.869393149084974,96.09847087395374,9144.0
30.0,MMA232,1.301740809347949,103.98811536197448,9144.0
30.0,MWG3415,1.480463876647574,110.37869905585022,9144.0
30.0,MWG3417,1.4853424970132827,110.38657536250564,9144.0
30.0,MWG3420,2.727279898458722,111.92354881298371,9144.0
30.0,MWG3421,1.831956669718508,110.90968975669158,9144.0
30.0,MWG3752,1.4742440264191659,110.31725513153285,9144.0
30.0,MWG3753,3.778761125001934,114.20605565683499,9144.0
30.0,MXD1636,2.7829148791255207,101.64711891349998,9144.0
30.0,MXD801,2.6808635761885036,101.74229161891778,9144.0
30.0,MXD803,2.851415778345591,101.70671451163004,9144.0
30.0,MXD804,1.310300989274149,103.97531773253051,9144.0
30.0,MYU2211,22.62451277396365,113.86229126230879,9144.0
30.0,NEP341,2.748101810513146,101.72993543016264,9144.0
30.0,NEP345,2.732081393040434,101.69802204080018,9144.0
30.0,NEP347,2.768044580718711,101.66318256577837,9144.0
30.0,MAS632,1.3096508925517791,104.01388478431642,9144.0,"(MAS632),(MAS642)"
30.0,MAS642,1.3387975435059902,103.96830308729747,9144.0,"(MAS632),(MMA232)"
30.0,MAS643,1.5118122556278402,110.33782050484562,9144.0,"(MAS632),(MXD804)"
30.0,MAS8792,-8.581021422470391,125.50077254691338,9144.0,"(MAS642),(MAS632)"
30.0,MMA231,16.869393149084974,96.09847087395374,9144.0,"(MAS642),(MMA232)"
30.0,MMA232,1.301740809347949,103.98811536197448,9144.0,"(MAS642),(MXD804)"
30.0,MWG3415,1.480463876647574,110.37869905585022,9144.0,"(MAS643),(MWG3415)"
30.0,MWG3417,1.4853424970132827,110.38657536250564,9144.0,"(MAS643),(MWG3417)"
30.0,MWG3420,2.727279898458722,111.92354881298371,9144.0,"(MAS643),(MWG3752)"
30.0,MWG3421,1.831956669718508,110.90968975669158,9144.0,"(MMA232),(MAS632)"
30.0,MWG3752,1.4742440264191659,110.31725513153285,9144.0,"(MMA232),(MAS642)"
30.0,MWG3753,3.778761125001934,114.20605565683499,9144.0,"(MMA232),(MXD804)"
30.0,MXD1636,2.7829148791255207,101.64711891349998,9144.0,"(MWG3415),(MAS643)"
30.0,MXD801,2.6808635761885036,101.74229161891778,9144.0,"(MWG3415),(MWG3417)"
30.0,MXD803,2.851415778345591,101.70671451163004,9144.0,"(MWG3415),(MWG3752)"
30.0,MXD804,1.310300989274149,103.97531773253051,9144.0,"(MWG3417),(MAS643)"
30.0,MYU2211,22.62451277396365,113.86229126230879,9144.0,"(MWG3417),(MWG3415)"
30.0,NEP341,2.748101810513146,101.72993543016264,9144.0,"(MWG3417),(MWG3752)"
30.0,NEP345,2.732081393040434,101.69802204080018,9144.0,"(MWG3752),(MAS643)"
30.0,NEP347,2.768044580718711,101.66318256577837,9144.0,"(MWG3752),(MWG3415)"
40.0,MAS632,1.300193110209873,104.00819162280185,9144.0
40.0,MAS642,1.3341564475644707,103.956790455697,9144.0
40.0,MAS643,1.521582778184153,110.33180442680698,9144.0
40.0,MAS8792,-8.586662927490247,125.4895936465141,9144.0
40.0,MMA231,16.860497508036104,96.08942910016897,9144.0
40.0,MMA232,1.2899162343817974,103.98459164168644,9144.0
40.0,MWG3415,1.481919853838281,110.3854668834829,9144.0
40.0,MWG3417,1.4895213113911139,110.39209358795686,9144.0
40.0,MWG3420,2.740070139421196,111.92241656004184,9144.0
40.0,MWG3421,1.8334027244150495,110.9252284991093,9144.0
40.0,MWG3752,1.4710309976180584,110.30822741599238,9144.0
40.0,MWG3753,3.779166300755496,114.18980075360822,9144.0
40.0,MXD1636,2.774840814973407,101.63215773116112,9144.0
40.0,MXD801,2.671503693965419,101.75055821933685,9144.0
40.0,MXD803,2.868454738617487,101.70834804448111,9144.0
40.0,MXD804,1.2980884706145426,103.9718431409994,9144.0
40.0,MYU2211,22.621716804384064,113.875310086471,9144.0
40.0,NEP341,2.7465280342089238,101.74211435782001,9144.0
40.0,NEP345,2.7254979711135596,101.68749028132275,9144.0
40.0,NEP347,2.772988975779128,101.65016704468022,9144.0
40.0,MAS632,1.300193110209873,104.00819162280185,9144.0,"(MAS632),(MAS642)"
40.0,MAS642,1.3341564475644707,103.956790455697,9144.0,"(MAS632),(MMA232)"
40.0,MAS643,1.521582778184153,110.33180442680698,9144.0,"(MAS632),(MXD804)"
40.0,MAS8792,-8.586662927490247,125.4895936465141,9144.0,"(MAS642),(MAS632)"
40.0,MMA231,16.860497508036104,96.08942910016897,9144.0,"(MAS642),(MMA232)"
40.0,MMA232,1.2899162343817974,103.98459164168644,9144.0,"(MAS642),(MXD804)"
40.0,MWG3415,1.481919853838281,110.3854668834829,9144.0,"(MAS643),(MWG3415)"
40.0,MWG3417,1.4895213113911139,110.39209358795686,9144.0,"(MAS643),(MWG3417)"
40.0,MWG3420,2.740070139421196,111.92241656004184,9144.0,"(MAS643),(MWG3752)"
40.0,MWG3421,1.8334027244150495,110.9252284991093,9144.0,"(MMA232),(MAS632)"
40.0,MWG3752,1.4710309976180584,110.30822741599238,9144.0,"(MMA232),(MAS642)"
40.0,MWG3753,3.779166300755496,114.18980075360822,9144.0,"(MMA232),(MXD804)"
40.0,MXD1636,2.774840814973407,101.63215773116112,9144.0,"(MWG3415),(MAS643)"
40.0,MXD801,2.671503693965419,101.75055821933685,9144.0,"(MWG3415),(MWG3417)"
40.0,MXD803,2.868454738617487,101.70834804448111,9144.0,"(MWG3415),(MWG3752)"
40.0,MXD804,1.2980884706145426,103.9718431409994,9144.0,"(MWG3417),(MAS643)"
40.0,MYU2211,22.621716804384064,113.875310086471,9144.0,"(MWG3417),(MWG3415)"
40.0,NEP341,2.7465280342089238,101.74211435782001,9144.0,"(MWG3417),(MWG3752)"
40.0,NEP345,2.7254979711135596,101.68749028132275,9144.0,"(MWG3752),(MAS643)"
40.0,NEP347,2.772988975779128,101.65016704468022,9144.0,"(MWG3752),(MWG3415)"
50.0,MAS632,1.2934559889924009,103.99944546807392,9144.0
50.0,MAS642,1.3260231869647365,103.94741464887313,9144.0
50.0,MAS643,1.5286224608679908,110.32274175050954,9144.0
50.0,MAS8792,-8.588401144728156,125.47716661244831,9144.0
50.0,MMA231,16.85031634569786,96.0797467623979,9144.0
50.0,MMA232,1.2791063157088176,103.97864234080846,9144.0
50.0,MWG3415,1.4869142135839561,110.39025901868423,9144.0
50.0,MWG3417,1.4960723004234344,110.39432532809788,9144.0
50.0,MWG3420,2.7518538678994195,111.91731037039355,9144.0
50.0,MWG3421,1.8388463416351701,110.93985326250186,9144.0
50.0,MWG3752,1.468655016903283,110.2987173372406,9144.0
50.0,MWG3753,3.775511263971179,114.17296538631479,9144.0
50.0,MXD1636,2.770585186143568,101.61569487112703,9144.0
50.0,MXD801,2.6621437499437466,101.7588246867304,9144.0
50.0,MXD803,2.8857503672246003,101.70590774716136,9144.0
50.0,MXD804,1.2835932053969705,103.97193868647877,9144.0
50.0,MYU2211,22.6151971495745,113.8863813453055,9144.0
50.0,NEP341,2.749044436540613,101.75413361345736,9144.0
50.0,NEP345,2.7226954259897918,101.67538718739199,9144.0
50.0,NEP347,2.781905885247558,101.63813134247701,9144.0
50.0,MAS632,1.2934559889924009,103.99944546807392,9144.0,"(MAS632),(MAS642)"
50.0,MAS642,1.3260231869647365,103.94741464887313,9144.0,"(MAS632),(MMA232)"
50.0,MAS643,1.5286224608679908,110.32274175050954,9144.0,"(MAS632),(MXD804)"
50.0,MAS8792,-8.588401144728156,125.47716661244831,9144.0,"(MAS642),(MAS632)"
50.0,MMA231,16.85031634569786,96.0797467623979,9144.0,"(MAS642),(MMA232)"
50.0,MMA232,1.2791063157088176,103.97864234080846,9144.0,"(MAS642),(MXD804)"
50.0,MWG3415,1.4869142135839561,110.39025901868423,9144.0,"(MAS643),(MWG3415)"
50.0,MWG3417,1.4960723004234344,110.39432532809788,9144.0,"(MAS643),(MWG3417)"
50.0,MWG3420,2.7518538678994195,111.91731037039355,9144.0,"(MAS643),(MWG3752)"
50.0,MWG3421,1.8388463416351701,110.93985326250186,9144.0,"(MMA232),(MAS632)"
50.0,MWG3752,1.468655016903283,110.2987173372406,9144.0,"(MMA232),(MAS642)"
50.0,MWG3753,3.775511263971179,114.17296538631479,9144.0,"(MMA232),(MXD804)"
50.0,MXD1636,2.770585186143568,101.61569487112703,9144.0,"(MWG3415),(MAS643)"
50.0,MXD801,2.6621437499437466,101.7588246867304,9144.0,"(MWG3415),(MWG3417)"
50.0,MXD803,2.8857503672246003,101.70590774716136,9144.0,"(MWG3415),(MWG3752)"
50.0,MXD804,1.2835932053969705,103.97193868647877,9144.0,"(MWG3417),(MAS643)"
50.0,MYU2211,22.6151971495745,113.8863813453055,9144.0,"(MWG3417),(MWG3415)"
50.0,NEP341,2.749044436540613,101.75413361345736,9144.0,"(MWG3752),(MAS643)"
50.0,NEP345,2.7226954259897918,101.67538718739199,9144.0,"(MWG3752),(MWG3415)"
50.0,NEP347,2.781905885247558,101.63813134247701,9144.0,"(MXD1636),(NEP345)"
60.0,MAS632,1.2868474944598653,103.99060169661351,9144.0
60.0,MAS642,1.31528279198519,103.94119589515697,9144.0
60.0,MAS643,1.5320364397106112,110.31178449921839,9144.0
60.0,MAS8792,-8.586046928039455,125.46484383465798,9144.0
60.0,MMA231,16.838935440786884,96.0689255064147,9144.0
60.0,MMA232,1.2671227692624614,103.97638390834338,9144.0
60.0,MWG3415,1.4937345434360736,110.3914323739326,9144.0
60.0,MWG3417,1.502749331324392,110.39250536583597,9144.0
60.0,MWG3420,2.761432568652032,111.90874953347317,9144.0
60.0,MWG3421,1.8480134682825329,110.95282307245981,9144.0
60.0,MWG3752,1.4643561914118284,110.28902251371555,9144.0
60.0,MWG3753,3.7679800166821766,114.15747744847808,9144.0
60.0,MXD1636,2.770396253008215,101.59869067520407,9144.0
60.0,MXD801,2.652783738046699,101.76709101442401,9144.0
60.0,MXD803,2.9031076750313023,101.69933417521584,9144.0
60.0,MXD804,1.267422413730483,103.97394097686511,9144.0
60.0,MYU2211,22.605648095431853,113.89447071452956,9144.0
60.0,NEP341,2.755370799235416,101.76465480254048,9144.0
60.0,NEP345,2.7239787198993097,101.66302973367361,9144.0
60.0,NEP347,2.793749973913458,101.62896918300527,9144.0
60.0,MAS632,1.2868474944598653,103.99060169661351,9144.0,"(MAS632),(MAS642)"
60.0,MAS642,1.31528279198519,103.94119589515697,9144.0,"(MAS632),(MMA232)"
60.0,MAS643,1.5320364397106112,110.31178449921839,9144.0,"(MAS632),(MXD804)"
60.0,MAS8792,-8.586046928039455,125.46484383465798,9144.0,"(MAS642),(MAS632)"
60.0,MMA231,16.838935440786884,96.0689255064147,9144.0,"(MAS642),(MMA232)"
60.0,MMA232,1.2671227692624614,103.97638390834338,9144.0,"(MAS642),(MXD804)"
60.0,MWG3415,1.4937345434360736,110.3914323739326,9144.0,"(MAS643),(MWG3415)"
60.0,MWG3417,1.502749331324392,110.39250536583597,9144.0,"(MAS643),(MWG3417)"
60.0,MWG3420,2.761432568652032,111.90874953347317,9144.0,"(MAS643),(MWG3752)"
60.0,MWG3421,1.8480134682825329,110.95282307245981,9144.0,"(MMA232),(MAS632)"
60.0,MWG3752,1.4643561914118284,110.28902251371555,9144.0,"(MMA232),(MAS642)"
60.0,MWG3753,3.7679800166821766,114.15747744847808,9144.0,"(MMA232),(MXD804)"
60.0,MXD1636,2.770396253008215,101.59869067520407,9144.0,"(MWG3415),(MAS643)"
60.0,MXD801,2.652783738046699,101.76709101442401,9144.0,"(MWG3415),(MWG3417)"
60.0,MXD803,2.9031076750313023,101.69933417521584,9144.0,"(MWG3417),(MAS643)"
60.0,MXD804,1.267422413730483,103.97394097686511,9144.0,"(MWG3417),(MWG3415)"
60.0,MYU2211,22.605648095431853,113.89447071452956,9144.0,"(MWG3752),(MAS643)"
60.0,NEP341,2.755370799235416,101.76465480254048,9144.0,"(MXD1636),(NEP345)"
60.0,NEP345,2.7239787198993097,101.66302973367361,9144.0,"(MXD1636),(NEP347)"
60.0,NEP347,2.793749973913458,101.62896918300527,9144.0,"(MXD804),(MAS632)"
70.0,MAS632,1.2791621332701788,103.98031694150717,9144.0
70.0,MAS642,1.30310399128543,103.93881086658592,9144.0
70.0,MAS643,1.5313907396603657,110.30032554469837,9144.0
70.0,MAS8792,-8.579856454270548,125.45396633091922,9144.0
70.0,MMA231,16.827936096360308,96.05768243970483,9144.0
70.0,MMA232,1.2549924338267229,103.97820572986058,9144.0
70.0,MWG3415,1.50004236192022,110.38858461874416,9144.0
70.0,MWG3417,1.507263055425443,110.38725769262247,9144.0
70.0,MWG3420,2.7678319983514097,111.89760474734416,9144.0
70.0,MWG3421,1.8601951155537813,110.96301101054675,9144.0
70.0,MWG3752,1.4592283037270124,110.27859443923464,9144.0
70.0,MWG3753,3.75725249671822,114.14472922555629,9144.0
70.0,MXD1636,2.7742850373487062,101.5821370591505,9144.0
70.0,MXD801,2.6448552010090163,101.77674151866037,9144.0
70.0,MXD803,2.9189856369714353,101.68895263006868,9144.0
70.0,MXD804,1.2509806040444904,103.97187432813705,9144.0
70.0,MYU2211,22.594158138656656,113.89865650593886,9144.0
70.0,NEP341,2.76480263938728,101.77250631863073,9144.0
70.0,NEP345,2.7292082097122656,101.65176257488729,9144.0
70.0,NEP347,2.809109522526498,101.62223872976203,9144.0
70.0,MAS632,1.2791621332701788,103.98031694150717,9144.0,"(MAS632),(MAS642)"
70.0,MAS642,1.30310399128543,103.93881086658592,9144.0,"(MAS632),(MMA232)"
70.0,MAS643,1.5313907396603657,110.30032554469837,9144.0,"(MAS632),(MXD804)"
70.0,MAS8792,-8.579856454270548,125.45396633091922,9144.0,"(MAS642),(MAS632)"
70.0,MMA231,16.827936096360308,96.05768243970483,9144.0,"(MAS642),(MMA232)"
70.0,MMA232,1.2549924338267229,103.97820572986058,9144.0,"(MAS642),(MXD804)"
70.0,MWG3415,1.50004236192022,110.38858461874416,9144.0,"(MAS643),(MWG3752)"
70.0,MWG3417,1.507263055425443,110.38725769262247,9144.0,"(MMA232),(MAS632)"
70.0,MWG3420,2.7678319983514097,111.89760474734416,9144.0,"(MMA232),(MAS642)"
70.0,MWG3421,1.8601951155537813,110.96301101054675,9144.0,"(MMA232),(MXD804)"
70.0,MWG3752,1.4592283037270124,110.27859443923464,9144.0,"(MWG3415),(MWG3417)"
70.0,MWG3753,3.75725249671822,114.14472922555629,9144.0,"(MWG3417),(MWG3415)"
70.0,MXD1636,2.7742850373487062,101.5821370591505,9144.0,"(MWG3752),(MAS643)"
70.0,MXD801,2.6448552010090163,101.77674151866037,9144.0,"(MXD1636),(NEP345)"
70.0,MXD803,2.9189856369714353,101.68895263006868,9144.0,"(MXD1636),(NEP347)"
70.0,MXD804,1.2509806040444904,103.97187432813705,9144.0,"(MXD804),(MAS632)"
70.0,MYU2211,22.594158138656656,113.89865650593886,9144.0,"(MXD804),(MAS642)"
70.0,NEP341,2.76480263938728,101.77250631863073,9144.0,"(MXD804),(MMA232)"
70.0,NEP345,2.7292082097122656,101.65176257488729,9144.0,"(NEP345),(MXD1636)"
70.0,NEP347,2.809109522526498,101.62223872976203,9144.0,"(NEP345),(NEP347)"
80.0,MAS632,1.2674927174326542,103.97148152299069,9144.0
80.0,MAS642,1.2902195619484857,103.9404095828141,9144.0
80.0,MAS643,1.52676744022787,110.28982153521201,9144.0
80.0,MAS8792,-8.570503347075313,125.44571775164046,9144.0
80.0,MMA231,16.815650255401387,96.0451269537432,9144.0
80.0,MMA232,1.2433924165421795,103.98403828800853,9144.0
80.0,MWG3415,1.5036749119573425,110.38269214767315,9144.0
80.0,MWG3417,1.5080658554676292,110.38038157553926,9144.0
80.0,MWG3420,2.770401275229114,111.88500955969846,9144.0
80.0,MWG3421,1.8745785290817012,110.96973730761889,9144.0
80.0,MWG3752,1.4502893910247843,110.26957445255626,9144.0
80.0,MWG3753,3.743738977986115,114.13499847530758,9144.0
80.0,MXD1636,2.782024679378528,101.56699966696769,9144.0
80.0,MXD801,2.6357840550130165,101.78778251040593,9144.0
80.0,MXD803,2.937127033293775,101.68197247168376,9144.0
80.0,MXD804,1.23429249868195,103.97013499183612,9144.0
80.0,MYU2211,22.58203701944435,113.89846227349213,9144.0
80.0,NEP341,2.7762896583522343,101.77681380105827,9144.0
80.0,NEP345,2.7378148423695197,101.642811749633,9144.0
80.0,NEP347,2.8257837102522454,101.61938258551845,9144.0
80.0,MAS632,1.2674927174326542,103.97148152299069,9144.0,"(MAS632),(MAS642)"
80.0,MAS642,1.2902195619484857,103.9404095828141,9144.0,"(MAS632),(MMA232)"
80.0,MAS643,1.52676744022787,110.28982153521201,9144.0,"(MAS632),(MXD804)"
80.0,MAS8792,-8.570503347075313,125.44571775164046,9144.0,"(MAS642),(MAS632)"
80.0,MMA231,16.815650255401387,96.0451269537432,9144.0,"(MAS642),(MMA232)"
80.0,MMA232,1.2433924165421795,103.98403828800853,9144.0,"(MAS642),(MXD804)"
80.0,MWG3415,1.5036749119573425,110.38269214767315,9144.0,"(MAS643),(MWG3752)"
80.0,MWG3417,1.5080658554676292,110.38038157553926,9144.0,"(MMA232),(MAS632)"
80.0,MWG3420,2.770401275229114,111.88500955969846,9144.0,"(MMA232),(MAS642)"
80.0,MWG3421,1.8745785290817012,110.96973730761889,9144.0,"(MMA232),(MXD804)"
80.0,MWG3752,1.4502893910247843,110.26957445255626,9144.0,"(MWG3415),(MWG3417)"
80.0,MWG3753,3.743738977986115,114.13499847530758,9144.0,"(MWG3417),(MWG3415)"
80.0,MXD1636,2.782024679378528,101.56699966696769,9144.0,"(MWG3752),(MAS643)"
80.0,MXD801,2.6357840550130165,101.78778251040593,9144.0,"(MXD1636),(NEP345)"
80.0,MXD803,2.937127033293775,101.68197247168376,9144.0,"(MXD1636),(NEP347)"
80.0,MXD804,1.23429249868195,103.97013499183612,9144.0,"(MXD804),(MAS632)"
80.0,MYU2211,22.58203701944435,113.89846227349213,9144.0,"(MXD804),(MAS642)"
80.0,NEP341,2.7762896583522343,101.77681380105827,9144.0,"(MXD804),(MMA232)"
80.0,NEP345,2.7378148423695197,101.642811749633,9144.0,"(NEP345),(MXD1636)"
80.0,NEP347,2.8257837102522454,101.61938258551845,9144.0,"(NEP347),(MXD1636)"
90.0,MAS632,1.2523410611864192,103.96511504540383,9144.0
90.0,MAS642,1.2767124485139103,103.94617666610287,9144.0
90.0,MAS643,1.5187542417775657,110.28160771572156,9144.0
90.0,MAS8792,-8.55900537576821,125.44099555060521,9144.0
90.0,MMA231,16.802559483409905,96.03179028665147,9144.0
90.0,MMA232,1.232735295333564,103.99393959286441,9144.0
90.0,MWG3415,1.5099827304414888,110.37984437950392,9144.0
90.0,MWG3417,1.5049383411738004,110.37338341766889,9144.0
90.0,MWG3420,2.768879079830704,111.87224505933128,9144.0
90.0,MWG3421,1.8902040535832298,110.97255312982526,9144.0
90.0,MWG3752,1.4388919062254981,110.2638164651059,9144.0
90.0,MWG3753,3.7282606660582682,114.12887643842966,9144.0
90.0,MXD1636,2.793163672049501,101.55416155480788,9144.0
90.0,MXD801,2.6255702378702477,101.80021390709388,9144.0
90.0,MXD803,2.9570937428891506,101.67867112246834,9144.0
90.0,MXD804,1.2172579588463202,103.97245595106868,9144.0
90.0,MYU2211,22.570666424197817,113.8939109016806,9144.0
90.0,NEP341,2.7885526995449372,101.77709750954644,9144.0
90.0,NEP345,2.748862077057784,101.63715128095645,9144.0
90.0,NEP347,2.843766009632387,101.6204435484641,9144.0
90.0,MAS632,1.2523410611864192,103.96511504540383,9144.0,"(MAS632),(MAS642)"
90.0,MAS642,1.2767124485139103,103.94617666610287,9144.0,"(MAS632),(MMA232)"
90.0,MAS643,1.5187542417775657,110.28160771572156,9144.0,"(MAS632),(MXD804)"
90.0,MAS8792,-8.55900537576821,125.44099555060521,9144.0,"(MAS642),(MAS632)"
90.0,MMA231,16.802559483409905,96.03179028665147,9144.0,"(MAS642),(MMA232)"
90.0,MMA232,1.232735295333564,103.99393959286441,9144.0,"(MAS642),(MXD804)"
90.0,MWG3415,1.5099827304414888,110.37984437950392,9144.0,"(MAS643),(MWG3752)"
90.0,MWG3417,1.5049383411738004,110.37338341766889,9144.0,"(MMA232),(MAS632)"
90.0,MWG3420,2.768879079830704,111.87224505933128,9144.0,"(MMA232),(MAS642)"
90.0,MWG3421,1.8902040535832298,110.97255312982526,9144.0,"(MMA232),(MXD804)"
90.0,MWG3752,1.4388919062254981,110.2638164651059,9144.0,"(MWG3415),(MWG3417)"
90.0,MWG3753,3.7282606660582682,114.12887643842966,9144.0,"(MWG3417),(MWG3415)"
90.0,MXD1636,2.793163672049501,101.55416155480788,9144.0,"(MWG3752),(MAS643)"
90.0,MXD801,2.6255702378702477,101.80021390709388,9144.0,"(MXD1636),(NEP347)"
90.0,MXD803,2.9570937428891506,101.67867112246834,9144.0,"(MXD804),(MAS632)"
90.0,MXD804,1.2172579588463202,103.97245595106868,9144.0,"(MXD804),(MAS642)"
90.0,MYU2211,22.570666424197817,113.8939109016806,9144.0,"(MXD804),(MMA232)"
90.0,NEP341,2.7885526995449372,101.77709750954644,9144.0,"(NEP347),(MXD1636)"
100.0,MAS632,1.2360173151722509,103.9601760103211,9144.0
100.0,MAS642,1.2631080382515147,103.95548862833076,9144.0
100.0,MAS643,1.508369758768315,110.27672818736386,9144.0
100.0,MAS8792,-8.54661370556425,125.44031335254392,9144.0
100.0,MMA231,16.786282723552944,96.02057039622218,9144.0
100.0,MMA232,1.225263019229991,104.00642162092646,9144.0
100.0,MWG3415,1.5175971054383333,110.38070669858294,9144.0
100.0,MWG3417,1.498377699897092,110.36837141338181,9144.0
100.0,MWG3420,2.76342023364487,111.86060955251897,9144.0
100.0,MWG3421,1.9060291606551194,110.97127053466767,9144.0
100.0,MWG3752,1.4262584270028331,110.26196349355129,9144.0
100.0,MWG3753,3.711716676533459,114.12502136545532,9144.0
100.0,MXD1636,2.807052200592262,101.54437168610262,9144.0
100.0,MXD801,2.6141187646865345,101.81395691542885,9144.0
100.0,MXD803,2.9773149801238374,101.67947280298513,9144.0
100.0,MXD804,1.2010485464996163,103.97877733502806,9144.0
100.0,MYU2211,22.56134248709161,113.88552175270488,9144.0
100.0,NEP341,2.800226191101546,101.77332576893778,9144.0
100.0,NEP345,2.7611477959951634,101.63539718398329,9144.0
100.0,NEP347,2.8610418789225007,101.62555190599264,9144.0
100.0,MAS632,1.2360173151722509,103.9601760103211,9144.0,"(MAS632),(MAS642)"
100.0,MAS642,1.2631080382515147,103.95548862833076,9144.0,"(MAS632),(MMA232)"
100.0,MAS643,1.508369758768315,110.27672818736386,9144.0,"(MAS632),(MXD804)"
100.0,MAS8792,-8.54661370556425,125.44031335254392,9144.0,"(MAS642),(MAS632)"
100.0,MMA231,16.786282723552944,96.02057039622218,9144.0,"(MAS642),(MMA232)"
100.0,MMA232,1.225263019229991,104.00642162092646,9144.0,"(MAS642),(MXD804)"
100.0,MWG3415,1.5175971054383333,110.38070669858294,9144.0,"(MAS643),(MWG3752)"
100.0,MWG3417,1.498377699897092,110.36837141338181,9144.0,"(MMA232),(MAS632)"
100.0,MWG3420,2.76342023364487,111.86060955251897,9144.0,"(MMA232),(MAS642)"
100.0,MWG3421,1.9060291606551194,110.97127053466767,9144.0,"(MMA232),(MXD804)"
100.0,MWG3752,1.4262584270028331,110.26196349355129,9144.0,"(MWG3415),(MWG3417)"
100.0,MWG3753,3.711716676533459,114.12502136545532,9144.0,"(MWG3417),(MWG3415)"
100.0,MXD1636,2.807052200592262,101.54437168610262,9144.0,"(MWG3752),(MAS643)"
100.0,MXD801,2.6141187646865345,101.81395691542885,9144.0,"(MXD804),(MAS632)"
100.0,MXD803,2.9773149801238374,101.67947280298513,9144.0,"(MXD804),(MAS642)"
100.0,MXD804,1.2010485464996163,103.97877733502806,9144.0,"(MXD804),(MMA232)"
110.0,MAS632,1.219233356442484,103.95509780184454,9144.0
110.0,MAS642,1.2480192260723244,103.96581648857934,9144.0
110.0,MAS643,1.4969340364487944,110.2758031870859,9144.0
110.0,MAS8792,-8.534676750570663,125.44374513067017,9144.0
110.0,MMA231,16.76771777889843,96.01288433370767,9144.0
110.0,MMA232,1.220622380271877,104.0220964178265,9144.0
110.0,MWG3415,1.523700284249834,110.38534223316793,9144.0
110.0,MWG3417,1.4902204186273016,110.36710457768787,9144.0
110.0,MWG3420,2.7545799523120658,111.8512864895381,9144.0
110.0,MWG3421,1.9209980058292193,110.96597502435816,9144.0
110.0,MWG3752,1.413390724098017,110.26416550971423,9144.0
110.0,MWG3753,3.6965776136954784,114.11730390193758,9144.0
110.0,MXD1636,2.8228800507227745,101.53820124024871,9144.0
110.0,MXD801,2.601799021696922,101.82874135709233,9144.0
110.0,MXD803,2.9969585340346536,101.68434466739033,9144.0
110.0,MXD804,1.186769932957405,103.98871971837625,9144.0
110.0,MYU2211,22.549291580945585,113.8779754485475,9144.0
110.0,NEP341,2.810010211463288,101.76591852304198,9144.0
110.0,NEP345,2.7733351142855955,101.63774041532882,9144.0
110.0,NEP347,2.8772488535908707,101.63460273556906,9144.0
110.0,MAS632,1.219233356442484,103.95509780184454,9144.0,"(MAS632),(MAS642)"
110.0,MAS642,1.2480192260723244,103.96581648857934,9144.0,"(MAS632),(MMA232)"
110.0,MAS643,1.4969340364487944,110.2758031870859,9144.0,"(MAS632),(MXD804)"
110.0,MAS8792,-8.534676750570663,125.44374513067017,9144.0,"(MAS642),(MAS632)"
110.0,MMA231,16.76771777889843,96.01288433370767,9144.0,"(MAS642),(MMA232)"
110.0,MMA232,1.220622380271877,104.0220964178265,9144.0,"(MAS642),(MXD804)"
110.0,MWG3415,1.523700284249834,110.38534223316793,9144.0,"(MMA232),(MAS632)"
110.0,MWG3417,1.4902204186273016,110.36710457768787,9144.0,"(MMA232),(MAS642)"
110.0,MWG3420,2.7545799523120658,111.8512864895381,9144.0,"(MMA232),(MXD804)"
110.0,MWG3421,1.9209980058292193,110.96597502435816,9144.0,"(MWG3415),(MWG3417)"
110.0,MWG3752,1.413390724098017,110.26416550971423,9144.0,"(MWG3417),(MWG3415)"
110.0,MWG3753,3.6965776136954784,114.11730390193758,9144.0,"(MXD804),(MAS632)"
110.0,MXD1636,2.8228800507227745,101.53820124024871,9144.0,"(MXD804),(MAS642)"
110.0,MXD801,2.601799021696922,101.82874135709233,9144.0,"(MXD804),(MMA232)"
120.0,MAS632,1.2017290424838738,103.9540598890738,9144.0
120.0,MAS642,1.2308328327881557,103.97263660521928,9144.0
120.0,MAS643,1.4859007505484192,110.27895025690393,9144.0
120.0,MAS8792,-8.52123245238932,125.44839394462085,9144.0
120.0,MMA231,16.747976859590448,96.00929970789961,9144.0
120.0,MMA232,1.2197857391845754,104.03927179789815,9144.0
120.0,MWG3415,1.526576237991607,110.39244761850173,9144.0
120.0,MWG3417,1.482449516373741,110.36989084742932,9144.0
120.0,MWG3420,2.743257375008389,111.84522408397534,9144.0
120.0,MWG3421,1.9362772453993502,110.96488191925532,9144.0
120.0,MWG3752,1.40183831628045,110.27024726225044,9144.0
120.0,MWG3753,3.6845508888023137,114.10659967915358,9144.0
120.0,MXD1636,2.839723874066021,101.53601028331171,9144.0
120.0,MXD801,2.589231577041592,101.84331524347624,9144.0
120.0,MXD803,3.016002743231012,101.69328364339644,9144.0
120.0,MXD804,1.1747563049676288,104.00205316656798,9144.0
120.0,MYU2211,22.53568323287345,113.86945578895828,9144.0
120.0,NEP341,2.816815244358359,101.75570059027658,9144.0
120.0,NEP345,2.7840978546146697,101.64392606795981,9144.0
120.0,NEP347,2.8910120524349088,101.64696508836468,9144.0
120.0,MAS632,1.2017290424838738,103.9540598890738,9144.0,"(MAS632),(MAS642)"
120.0,MAS642,1.2308328327881557,103.97263660521928,9144.0,"(MAS632),(MMA232)"
120.0,MAS643,1.4859007505484192,110.27895025690393,9144.0,"(MAS632),(MXD804)"
120.0,MAS8792,-8.52123245238932,125.44839394462085,9144.0,"(MAS642),(MAS632)"
120.0,MMA231,16.747976859590448,96.00929970789961,9144.0,"(MAS642),(MMA232)"
120.0,MMA232,1.2197857391845754,104.03927179789815,9144.0,"(MAS642),(MXD804)"
120.0,MWG3415,1.526576237991607,110.39244761850173,9144.0,"(MMA232),(MAS632)"
120.0,MWG3417,1.482449516373741,110.36989084742932,9144.0,"(MMA232),(MAS642)"
120.0,MWG3420,2.743257375008389,111.84522408397534,9144.0,"(MMA232),(MXD804)"
120.0,MWG3421,1.9362772453993502,110.96488191925532,9144.0,"(MWG3415),(MWG3417)"
120.0,MWG3752,1.40183831628045,110.27024726225044,9144.0,"(MWG3417),(MWG3415)"
120.0,MWG3753,3.6845508888023137,114.10659967915358,9144.0,"(MXD804),(MAS632)"
120.0,MXD1636,2.839723874066021,101.53601028331171,9144.0,"(MXD804),(MAS642)"
120.0,MXD801,2.589231577041592,101.84331524347624,9144.0,"(MXD804),(MMA232)"
130.0,MAS632,1.183346512454117,103.95705712931327,9144.0
130.0,MAS642,1.2149024179614318,103.98317289229989,9144.0
130.0,MAS643,1.4759191357706438,110.28583157034934,9144.0
130.0,MAS8792,-8.505326748244848,125.44954752719283,9144.0
130.0,MMA231,16.72728219684158,96.00987235859186,9144.0
130.0,MMA232,1.2229587717162993,104.0579996048382,9144.0
130.0,MWG3415,1.5253601809731696,110.39986592626205,9144.0
130.0,MWG3417,1.4769540841679258,110.376052866195,9144.0
130.0,MWG3420,2.7306041135937886,111.84303887370574,9144.0
130.0,MWG3421,1.9517317599520458,110.96785488650231,9144.0
130.0,MWG3752,1.39273821392431,110.27961014792135,9144.0
130.0,MWG3753,3.6756164510643594,114.09319581746301,9144.0
130.0,MXD1636,2.8584322948237633,101.53769590569921,9144.0
130.0,MXD801,2.576225664812076,101.85839696463682,9144.0
130.0,MXD803,3.0329497230830422,101.70575767527735,9144.0
130.0,MXD804,1.1655280124067633,104.01839048448878,9144.0
130.0,MYU2211,22.521277304286375,113.86043941757099,9144.0
130.0,NEP341,2.8198835037442915,101.74380981785568,9144.0
130.0,NEP345,2.7922648567874058,101.65328108641813,9144.0
130.0,NEP347,2.904134452302523,101.66000747740507,9144.0
130.0,MAS632,1.183346512454117,103.95705712931327,9144.0,"(MAS632),(MAS642)"
130.0,MAS642,1.2149024179614318,103.98317289229989,9144.0,"(MAS632),(MXD804)"
130.0,MAS643,1.4759191357706438,110.28583157034934,9144.0,"(MAS642),(MAS632)"
130.0,MAS8792,-8.505326748244848,125.44954752719283,9144.0,"(MAS642),(MMA232)"
130.0,MMA231,16.72728219684158,96.00987235859186,9144.0,"(MAS642),(MXD804)"
130.0,MMA232,1.2229587717162993,104.0579996048382,9144.0,"(MMA232),(MAS642)"
130.0,MWG3415,1.5253601809731696,110.39986592626205,9144.0,"(MMA232),(MXD804)"
130.0,MWG3417,1.4769540841679258,110.376052866195,9144.0,"(MWG3415),(MWG3417)"
130.0,MWG3420,2.7306041135937886,111.84303887370574,9144.0,"(MWG3417),(MWG3415)"
130.0,MWG3421,1.9517317599520458,110.96785488650231,9144.0,"(MXD804),(MAS632)"
130.0,MWG3752,1.39273821392431,110.27961014792135,9144.0,"(MXD804),(MAS642)"
130.0,MWG3753,3.6756164510643594,114.09319581746301,9144.0,"(MXD804),(MMA232)"
140.0,MAS632,1.1653852167713283,103.96412187052901,9144.0
140.0,MAS642,1.200678730648157,103.99747760224633,9144.0
140.0,MAS643,1.4627250559635228,110.29000452958871,9144.0
140.0,MAS8792,-8.489155647554847,125.44659492747215,9144.0
140.0,MMA231,16.70710276481105,96.01469778098806,9144.0
140.0,MMA232,1.2301347163359362,104.07592031628275,9144.0
140.0,MWG3415,1.520462970587771,110.40556779525258,9144.0
140.0,MWG3417,1.4750700507547523,110.3840926594515,9144.0
140.0,MWG3420,2.71790712293033,111.84495303083641,9144.0
140.0,MWG3421,1.9668775375559981,110.9749166184347,9144.0
140.0,MWG3752,1.3869860667459522,110.29133264837499,9144.0
140.0,MWG3753,3.6699683012242685,114.07810340311282,9144.0
140.0,MXD1636,2.8769911165435165,101.54347164146054,9144.0
140.0,MXD801,2.5633689804166973,101.87360620151247,9144.0
140.0,MXD803,3.0471536068000336,101.721291429695,9144.0
140.0,MXD804,1.1600725295447671,104.03634400036336,9144.0
140.0,MYU2211,22.506681898632177,113.85178844830301,9144.0
140.0,NEP341,2.8188733183649464,101.73157036058389,9144.0
140.0,NEP345,2.7969474188966146,101.66478749637551,9144.0
140.0,NEP347,2.917160295215105,101.67295442606967,9144.0
140.0,MAS632,1.1653852167713283,103.96412187052901,9144.0,"(MAS632),(MAS642)"
140.0,MAS642,1.200678730648157,103.99747760224633,9144.0,"(MAS632),(MXD804)"
140.0,MAS643,1.4627250559635228,110.29000452958871,9144.0,"(MAS642),(MAS632)"
140.0,MAS8792,-8.489155647554847,125.44659492747215,9144.0,"(MAS642),(MMA232)"
140.0,MMA231,16.70710276481105,96.01469778098806,9144.0,"(MAS642),(MXD804)"
140.0,MMA232,1.2301347163359362,104.07592031628275,9144.0,"(MMA232),(MAS642)"
140.0,MWG3415,1.520462970587771,110.40556779525258,9144.0,"(MMA232),(MXD804)"
140.0,MWG3417,1.4750700507547523,110.3840926594515,9144.0,"(MWG3415),(MWG3417)"
140.0,MWG3420,2.71790712293033,111.84495303083641,9144.0,"(MWG3417),(MWG3415)"
140.0,MWG3421,1.9668775375559981,110.9749166184347,9144.0,"(MXD804),(MAS632)"
140.0,MWG3752,1.3869860667459522,110.29133264837499,9144.0,"(MXD804),(MAS642)"
140.0,MWG3753,3.6699683012242685,114.07810340311282,9144.0,"(MXD804),(MMA232)"
150.0,MAS632,1.148814222065352,103.97502810609879,9144.0
150.0,MAS642,1.1893116830501076,104.01470400210036,9144.0
150.0,MAS643,1.4471031677648716,110.29068032359882,9144.0
150.0,MAS8792,-8.474211560201338,125.4396852660893,9144.0
150.0,MMA231,16.688628034623427,96.02348960878314,9144.0
150.0,MMA232,1.2414730868787203,104.09324521399594,9144.0
150.0,MWG3415,1.5133150572495488,110.4078877475385,9144.0
150.0,MWG3417,1.4772554209459872,110.39205578234206,9144.0
150.0,MWG3420,2.706457805553101,111.85077178958556,9144.0
150.0,MWG3421,1.9798473683850555,110.98545796609075,9144.0
150.0,MWG3752,1.3851480122224178,110.30426102516108,9144.0
150.0,MWG3753,3.6638108983591695,114.06165136812098,9144.0
150.0,MXD1636,2.893924412166847,101.55302155838064,9144.0
150.0,MXD801,2.550425788367537,101.88891712611108,9144.0
150.0,MXD803,3.058073069799552,101.73929291805244,9144.0
150.0,MXD804,1.158650963028944,104.0550544572834,9144.0
150.0,MYU2211,22.493741481738933,113.83909111186027,9144.0
150.0,NEP341,2.8138971791358816,101.7203452017332,9144.0
150.0,NEP345,2.797636002461839,101.67719318431944,9144.0
150.0,NEP347,2.932733580545531,101.68267976877583,9144.0
150.0,MAS632,1.148814222065352,103.97502810609879,9144.0,"(MAS632),(MAS642)"
150.0,MAS642,1.1893116830501076,104.01470400210036,9144.0,"(MAS632),(MXD804)"
150.0,MAS643,1.4471031677648716,110.29068032359882,9144.0,"(MAS642),(MAS632)"
150.0,MAS8792,-8.474211560201338,125.4396852660893,9144.0,"(MAS642),(MXD804)"
150.0,MMA231,16.688628034623427,96.02348960878314,9144.0,"(MAS643),(MWG3752)"
150.0,MMA232,1.2414730868787203,104.09324521399594,9144.0,"(MMA232),(MXD804)"
150.0,MWG3415,1.5133150572495488,110.4078877475385,9144.0,"(MWG3415),(MWG3417)"
150.0,MWG3417,1.4772554209459872,110.39205578234206,9144.0,"(MWG3417),(MWG3415)"
150.0,MWG3420,2.706457805553101,111.85077178958556,9144.0,"(MWG3752),(MAS643)"
150.0,MWG3421,1.9798473683850555,110.98545796609075,9144.0,"(MXD804),(MAS632)"
150.0,MWG3752,1.3851480122224178,110.30426102516108,9144.0,"(MXD804),(MAS642)"
150.0,MWG3753,3.6638108983591695,114.06165136812098,9144.0,"(MXD804),(MMA232)"
150.0,MXD1636,2.893924412166847,101.55302155838064,9144.0,"(NEP341),(NEP345)"
150.0,MXD801,2.550425788367537,101.88891712611108,9144.0,"(NEP345),(NEP341)"
160.0,MAS632,1.13484252321953,103.98911233373775,9144.0
160.0,MAS642,1.1810418761843926,104.03361413152653,9144.0
160.0,MAS643,1.4313074511759791,110.28729031050963,9144.0
160.0,MAS8792,-8.459747699130116,125.42846465781655,9144.0
160.0,MMA231,16.67222513727764,96.03598059680013,9144.0
160.0,MMA232,1.256006733409687,104.10799131267227,9144.0
160.0,MWG3415,1.5082599370886574,110.41364887014899,9144.0
160.0,MWG3417,1.4831728589665019,110.39863205977252,9144.0
160.0,MWG3420,2.6974206639712297,111.85990327799198,9144.0
160.0,MWG3421,1.9898595599398265,110.99884362778586,9144.0
160.0,MWG3752,1.3871560963205598,110.31898225847485,9144.0
160.0,MWG3753,3.657653013492029,114.04519962739798,9144.0
160.0,MXD1636,2.908357245277413,101.56585180313178,9144.0
160.0,MXD801,2.5374098186846674,101.904165953066,9144.0
160.0,MXD803,3.065291960142707,101.75907606060052,9144.0
160.0,MXD804,1.161331350918666,104.07362637456542,9144.0
160.0,MYU2211,22.483583695796586,113.82317014143271,9144.0
160.0,NEP341,2.8055092125266246,101.71138435009851,9144.0
160.0,NEP345,2.8023185645710478,101.68869964702523,9144.0
160.0,NEP347,2.949468616867349,101.69296506548163,9144.0
160.0,MAS632,1.13484252321953,103.98911233373775,9144.0,"(MAS632),(MAS642)"
160.0,MAS642,1.1810418761843926,104.03361413152653,9144.0,"(MAS632),(MXD804)"
160.0,MAS643,1.4313074511759791,110.28729031050963,9144.0,"(MAS642),(MAS632)"
160.0,MAS8792,-8.459747699130116,125.42846465781655,9144.0,"(MAS642),(MXD804)"
160.0,MMA231,16.67222513727764,96.03598059680013,9144.0,"(MAS643),(MWG3752)"
160.0,MMA232,1.256006733409687,104.10799131267227,9144.0,"(MWG3415),(MWG3417)"
160.0,MWG3415,1.5082599370886574,110.41364887014899,9144.0,"(MWG3417),(MWG3415)"
160.0,MWG3417,1.4831728589665019,110.39863205977252,9144.0,"(MWG3752),(MAS643)"
160.0,MWG3420,2.6974206639712297,111.85990327799198,9144.0,"(MXD804),(MAS632)"
160.0,MWG3421,1.9898595599398265,110.99884362778586,9144.0,"(MXD804),(MAS642)"
160.0,MWG3752,1.3871560963205598,110.31898225847485,9144.0,"(NEP341),(NEP345)"
160.0,MWG3753,3.657653013492029,114.04519962739798,9144.0,"(NEP345),(NEP341)"
170.0,MAS632,1.1238291903177084,104.00601394751932,9144.0
170.0,MAS642,1.1727718546583024,104.05252411096242,9144.0
170.0,MAS643,1.4168741970881615,110.28003062178205,9144.0
170.0,MAS8792,-8.447103684673703,125.413454333304,9144.0
170.0,MMA231,16.65825655027245,96.05164645193621,9144.0
170.0,MMA232,1.2731639919850686,104.11957857261217,9144.0
170.0,MWG3415,1.506649887066195,110.42144626342771,9144.0
170.0,MWG3417,1.491409805885246,110.40185607445252,9144.0
170.0,MWG3420,2.6917148598867375,111.87141872774147,9144.0
170.0,MWG3421,1.996225886299719,111.01415232988599,9144.0
170.0,MWG3752,1.3931377345246636,110.33278327040843,9144.0
170.0,MWG3753,3.649863258422371,114.02945790822243,9144.0
170.0,MXD1636,2.919958695822661,101.58163130936524,9144.0
170.0,MXD801,2.5242183084949534,101.91987696385013,9144.0
170.0,MXD803,3.0685351585115344,101.77988684327968,9144.0
170.0,MXD804,1.1680660754817775,104.0917171886063,9144.0
170.0,MYU2211,22.475014362254882,113.80543957034187,9144.0
170.0,NEP341,2.8003796995464936,101.69999165393335,9144.0
170.0,NEP345,2.810485566743784,101.69805481105816,9144.0
170.0,NEP347,2.9637023599194636,101.70650979402488,9144.0
170.0,MAS632,1.1238291903177084,104.00601394751932,9144.0,"(MAS632),(MAS642)"
170.0,MAS642,1.1727718546583024,104.05252411096242,9144.0,"(MAS642),(MAS632)"
170.0,MAS643,1.4168741970881615,110.28003062178205,9144.0,"(MAS642),(MXD804)"
170.0,MAS8792,-8.447103684673703,125.413454333304,9144.0,"(MAS643),(MWG3752)"
170.0,MMA231,16.65825655027245,96.05164645193621,9144.0,"(MWG3415),(MWG3417)"
170.0,MMA232,1.2731639919850686,104.11957857261217,9144.0,"(MWG3417),(MWG3415)"
170.0,MWG3415,1.506649887066195,110.42144626342771,9144.0,"(MWG3752),(MAS643)"
170.0,MWG3417,1.491409805885246,110.40185607445252,9144.0,"(MXD804),(MAS642)"
170.0,MWG3420,2.6917148598867375,111.87141872774147,9144.0,"(NEP341),(NEP345)"
170.0,MWG3421,1.996225886299719,111.01415232988599,9144.0,"(NEP345),(NEP341)"
180.0,MAS632,1.1164655350108226,104.02479581824848,9144.0
180.0,MAS642,1.1644713506069737,104.07142066854824,9144.0
180.0,MAS643,1.403593229253806,110.26878877549068,9144.0
180.0,MAS8792,-8.437847645908596,125.39610127544636,9144.0
180.0,MMA231,16.641577762729803,96.06409212861325,9144.0
180.0,MMA232,1.2922700019578457,104.12755118458574,9144.0
180.0,MWG3415,1.5091006907808946,110.42902141566843,9144.0
180.0,MWG3417,1.500217436835462,110.40104329288154,9144.0
180.0,MWG3420,2.689115731028028,111.88400692317423,9144.0
180.0,MWG3421,2.0032624478809398,111.02916446804188,9144.0
180.0,MWG3752,1.4026233919006341,110.34445542856395,9144.0
180.0,MWG3753,3.6422867843907984,114.01414809538184,9144.0
180.0,MXD1636,2.9280173600281287,101.59948712628433,9144.0
180.0,MXD801,2.510983882604629,101.93563847719818,9144.0
180.0,MXD803,3.067679063288496,101.80093206895594,9144.0
180.0,MXD804,1.1784734092524265,104.10797441054468,9144.0
180.0,MYU2211,22.463041940376133,113.79019282473398,9144.0
180.0,NEP341,2.7974100934336756,101.687853780239,9144.0
180.0,NEP345,2.821248307072858,101.70424066003888,9144.0
180.0,NEP347,2.975745628351769,101.72361463519634,9144.0
180.0,MAS632,1.1164655350108226,104.02479581824848,9144.0,"(MAS632),(MAS642)"
180.0,MAS642,1.1644713506069737,104.07142066854824,9144.0,"(MAS642),(MAS632)"
180.0,MAS643,1.403593229253806,110.26878877549068,9144.0,"(MAS642),(MXD804)"
180.0,MAS8792,-8.437847645908596,125.39610127544636,9144.0,"(MAS643),(MWG3752)"
180.0,MMA231,16.641577762729803,96.06409212861325,9144.0,"(MWG3415),(MWG3417)"
180.0,MMA232,1.2922700019578457,104.12755118458574,9144.0,"(MWG3417),(MWG3415)"
180.0,MWG3415,1.5091006907808946,110.42902141566843,9144.0,"(MWG3752),(MAS643)"
180.0,MWG3417,1.500217436835462,110.40104329288154,9144.0,"(MXD804),(MAS642)"
180.0,MWG3420,2.689115731028028,111.88400692317423,9144.0,"(NEP341),(NEP345)"
180.0,MWG3421,2.0032624478809398,111.02916446804188,9144.0,"(NEP345),(NEP341)"
190.0,MAS632,1.113056608396156,104.0446798966006,9144.0
190.0,MAS642,1.1562659974395597,104.0901414922506,9144.0
190.0,MAS643,1.3933134600815926,110.25474846619144,9144.0
190.0,MAS8792,-8.432324988034264,125.37705207613668,9144.0
190.0,MMA231,16.624172202106955,96.07616723230787,9144.0
190.0,MMA232,1.3125732508299381,104.13159550131402,9144.0
190.0,MWG3415,1.5149724696606925,110.43439654160358,9144.0
190.0,MWG3417,1.5087680330663213,110.39877936236661,9144.0
190.0,MWG3420,2.6826898985231504,111.89513568416885,9144.0
190.0,MWG3421,2.0098856100617413,111.04329513596039,9144.0
190.0,MWG3752,1.414908039358147,110.35313118041728,9144.0
190.0,MWG3753,3.6347099917303893,113.99883856960544,9144.0
190.0,MXD1636,2.9321786291504552,101.6186334947849,9144.0
190.0,MXD801,2.4977491985028206,101.95139961408111,9144.0
190.0,MXD803,3.0627563011409427,101.82140960493734,9144.0
190.0,MXD804,1.1920826046232422,104.12166268886672,9144.0
190.0,MYU2211,22.449887292872457,113.77412771046642,9144.0
190.0,NEP341,2.7981470813461446,101.67380583743875,9144.0
190.0,NEP345,2.83343562536329,101.70658401174626,9144.0
190.0,NEP347,2.984525405353477,101.74318744646719,9144.0
190.0,MAS632,1.113056608396156,104.0446798966006,9144.0,"(MAS632),(MAS642)"
190.0,MAS642,1.1562659974395597,104.0901414922506,9144.0,"(MAS642),(MAS632)"
190.0,MAS643,1.3933134600815926,110.25474846619144,9144.0,"(MAS642),(MXD804)"
190.0,MAS8792,-8.432324988034264,125.37705207613668,9144.0,"(MAS643),(MWG3752)"
190.0,MMA231,16.624172202106955,96.07616723230787,9144.0,"(MWG3415),(MWG3417)"
190.0,MMA232,1.3125732508299381,104.13159550131402,9144.0,"(MWG3417),(MWG3415)"
190.0,MWG3415,1.5149724696606925,110.43439654160358,9144.0,"(MWG3752),(MAS643)"
190.0,MWG3417,1.5087680330663213,110.39877936236661,9144.0,"(MXD804),(MAS642)"
190.0,MWG3420,2.6826898985231504,111.89513568416885,9144.0,"(NEP341),(NEP345)"
190.0,MWG3421,2.0098856100617413,111.04329513596039,9144.0,"(NEP345),(NEP341)"
200.0,MAS632,1.1137436306640924,104.06484247954384,9144.0
200.0,MAS642,1.147636209528796,104.10983011822857,9144.0
200.0,MAS643,1.3866066082643065,110.23869055479952,9144.0
200.0,MAS8792,-8.423855118472938,125.35929403548404,9144.0
200.0,MMA231,16.606765767297052,96.08823986896334,9144.0
200.0,MMA232,1.3332751341150746,104.13155237974952,9144.0
200.0,MWG3415,1.522732165198071,110.43616823935471,9144.0
200.0,MWG3417,1.517318626817127,110.39651541355414,9144.0
200.0,MWG3420,2.673014484933764,111.90380245132911,9144.0
200.0,MWG3421,2.01972641041782,111.05540452206185,9144.0
200.0,MWG3752,1.429078610624762,110.35816566311881,9144.0
200.0,MWG3753,3.6271328043252473,113.98352936845987,9144.0
200.0,MXD1636,2.9322593931385663,101.63822784430995,9144.0
200.0,MXD801,2.484358069356135,101.96702763591084,9144.0
200.0,MXD803,3.053954483585348,101.84053897113152,9144.0
200.0,MXD804,1.2082780864334555,104.13216285359404,9144.0
200.0,MYU2211,22.436837188598048,113.75796460519823,9144.0
200.0,NEP341,2.8029011971546693,101.66056820323182,9144.0
200.0,NEP345,2.8457213443006695,101.70482978797993,9144.0
200.0,NEP347,2.989415513154895,101.76407798718925,9144.0
200.0,MAS632,1.1137436306640924,104.06484247954384,9144.0,"(MAS632),(MAS642)"
200.0,MAS642,1.147636209528796,104.10983011822857,9144.0,"(MAS642),(MAS632)"
200.0,MAS643,1.3866066082643065,110.23869055479952,9144.0,"(MAS642),(MXD804)"
200.0,MAS8792,-8.423855118472938,125.35929403548404,9144.0,"(MWG3415),(MWG3417)"
200.0,MMA231,16.606765767297052,96.08823986896334,9144.0,"(MWG3417),(MWG3415)"
200.0,MMA232,1.3332751341150746,104.13155237974952,9144.0,"(MXD804),(MAS642)"
200.0,MWG3415,1.522732165198071,110.43616823935471,9144.0,"(NEP341),(NEP345)"
200.0,MWG3417,1.517318626817127,110.39651541355414,9144.0,"(NEP345),(NEP341)"
210.0,MAS632,1.1184981408278047,104.08444832717167,9144.0
210.0,MAS642,1.1391010987961816,104.12955992954538,9144.0
210.0,MAS643,1.383845681453136,110.22150809677503,9144.0
210.0,MAS8792,-8.415296154151628,125.34135410102698,9144.0
210.0,MMA231,16.589586924328746,96.10066131978202,9144.0
210.0,MMA232,1.35450114754767,104.12741923807657,9144.0
210.0,MWG3415,1.530255580374962,110.44082100051986,9144.0
210.0,MWG3417,1.5259762673915853,110.39832707336645,9144.0
210.0,MWG3420,2.6611237708001707,111.90902095091764,9144.0
210.0,MWG3421,2.0294789239214883,111.06740556159494,9144.0
210.0,MWG3752,1.4440818666287423,110.35918463813204,9144.0
210.0,MWG3753,3.6197870901913225,113.96810743891515,9144.0
210.0,MXD1636,2.9282560981011967,101.65740788659082,9144.0
210.0,MXD801,2.469795726674931,101.98402181056451,9144.0
210.0,MXD803,3.041609056919912,101.85759110021014,9144.0
210.0,MXD804,1.226327295847116,104.13899992286777,9144.0
210.0,MYU2211,22.42352078272133,113.74147964144802,9144.0
210.0,NEP341,2.8112680533098917,101.64926685373075,9144.0
210.0,NEP345,2.856768578988934,101.6991687973689,9144.0
210.0,NEP347,2.990446887235336,101.78642720448585,9144.0
210.0,MAS632,1.1184981408278047,104.08444832717167,9144.0,"(MAS632),(MAS642)"
210.0,MAS642,1.1391010987961816,104.12955992954538,9144.0,"(MAS642),(MAS632)"
210.0,MAS643,1.383845681453136,110.22150809677503,9144.0,"(MAS642),(MXD804)"
210.0,MAS8792,-8.415296154151628,125.34135410102698,9144.0,"(MWG3415),(MWG3417)"
210.0,MMA231,16.589586924328746,96.10066131978202,9144.0,"(MWG3417),(MWG3415)"
210.0,MMA232,1.35450114754767,104.12741923807657,9144.0,"(MXD804),(MAS642)"
210.0,MWG3415,1.530255580374962,110.44082100051986,9144.0,"(NEP341),(NEP345)"
210.0,MWG3417,1.5259762673915853,110.39832707336645,9144.0,"(NEP345),(NEP341)"
220.0,MAS632,1.1271555646520226,104.10281724370735,9144.0
220.0,MAS642,1.1343150847569683,104.15092068873616,9144.0
220.0,MAS643,1.3851842310985962,110.2041566816078,9144.0
220.0,MAS8792,-8.407371585083547,125.32311914590362,9144.0
220.0,MMA231,16.57116832466668,96.1139758076091,9144.0
220.0,MMA232,1.3745633739862035,104.1193469690085,9144.0
220.0,MWG3415,1.5381542334126939,110.44570586708272,9144.0
220.0,MWG3417,1.5327446384420322,110.40379156727359,9144.0
220.0,MWG3420,2.6482008728317177,111.91027201702909,9144.0
220.0,MWG3421,2.039231287072719,111.07940679602235,9144.0
220.0,MWG3752,1.458802678337578,110.35611231626028,9144.0
220.0,MWG3753,3.612381733433552,113.95256137586776,9144.0
220.0,MXD1636,2.92034490269024,101.67532957794235,9144.0
220.0,MXD801,2.455332825329069,102.00115258516642,9144.0
220.0,MXD803,3.0261905180219535,101.87191613317941,9144.0
220.0,MXD804,1.245413825671599,104.14186459064318,9144.0
220.0,MYU2211,22.411267223020758,113.72405824324844,9144.0
220.0,NEP341,2.8225359607001645,101.64086310103337,9144.0
220.0,NEP345,2.867043229916192,101.68934234094303,9144.0
220.0,NEP347,2.9950706531095963,101.80831602893423,9144.0
220.0,MAS632,1.1271555646520226,104.10281724370735,9144.0,"(MAS632),(MAS642)"
220.0,MAS642,1.1343150847569683,104.15092068873616,9144.0,"(MAS642),(MAS632)"
220.0,MAS643,1.3851842310985962,110.2041566816078,9144.0,"(MWG3415),(MWG3417)"
220.0,MAS8792,-8.407371585083547,125.32311914590362,9144.0,"(MWG3417),(MWG3415)"
220.0,MMA231,16.57116832466668,96.1139758076091,9144.0,"(MXD1636),(NEP345)"
220.0,MMA232,1.3745633739862035,104.1193469690085,9144.0,"(NEP341),(NEP345)"
220.0,MWG3415,1.5381542334126939,110.44570586708272,9144.0,"(NEP345),(MXD1636)"
220.0,MWG3417,1.5327446384420322,110.40379156727359,9144.0,"(NEP345),(NEP341)"
230.0,MAS632,1.1393305403912692,104.11906876366676,9144.0
230.0,MAS642,1.1336315555977532,104.17266966770751,9144.0
230.0,MAS643,1.3906215177137018,110.18669279685989,9144.0
230.0,MAS8792,-8.399150746873625,125.30420607816583,9144.0
230.0,MMA231,16.55257954372078,96.12702904809652,9144.0
230.0,MMA232,1.392738384269798,104.10762659731581,9144.0
230.0,MWG3415,1.5431983357915713,110.45350552092331,9144.0
230.0,MWG3417,1.5362827378772723,110.4117399909343,9144.0
230.0,MWG3420,2.635531609217951,111.9074312531261,9144.0
230.0,MWG3421,2.0497102646964085,111.09077835237952,9144.0
230.0,MWG3752,1.4722890718008013,110.34914637466699,9144.0
230.0,MWG3753,3.604902148303411,113.93705115902554,9144.0
230.0,MXD1636,2.9088739265185297,101.69120427621559,9144.0
230.0,MXD801,2.439708701128135,102.0196579706185,9144.0
230.0,MXD803,3.007794581963252,101.88342306231422,9144.0
230.0,MXD804,1.2646743483298428,104.14062722316993,9144.0
230.0,MYU2211,22.398888584980984,113.70647017462984,9144.0
230.0,NEP341,2.8368661757318905,101.63524881426322,9144.0
230.0,NEP345,2.875429165984888,101.67569027265661,9144.0
230.0,NEP347,3.0000660743490943,101.8319671952132,9144.0
230.0,MAS632,1.1393305403912692,104.11906876366676,9144.0,"(MAS632),(MAS642)"
230.0,MAS642,1.1336315555977532,104.17266966770751,9144.0,"(MAS642),(MAS632)"
230.0,MAS643,1.3906215177137018,110.18669279685989,9144.0,"(MWG3415),(MWG3417)"
230.0,MAS8792,-8.399150746873625,125.30420607816583,9144.0,"(MWG3417),(MWG3415)"
230.0,MMA231,16.55257954372078,96.12702904809652,9144.0,"(MXD1636),(NEP345)"
230.0,MMA232,1.392738384269798,104.10762659731581,9144.0,"(MXD803),(NEP347)"
230.0,MWG3415,1.5431983357915713,110.45350552092331,9144.0,"(NEP341),(NEP345)"
230.0,MWG3417,1.5362827378772723,110.4117399909343,9144.0,"(NEP345),(MXD1636)"
230.0,MWG3420,2.635531609217951,111.9074312531261,9144.0,"(NEP345),(NEP341)"
230.0,MWG3421,2.0497102646964085,111.09077835237952,9144.0,"(NEP347),(MXD803)"
240.0,MAS632,1.1545252716212657,104.13253840787031,9144.0
240.0,MAS642,1.1370384757757757,104.19442565755313,9144.0
240.0,MAS643,1.3999824143411073,110.17035162597644,9144.0
240.0,MAS8792,-8.390926702613147,125.28529483529675,9144.0
240.0,MMA231,16.532497629964507,96.14112700972566,9144.0
240.0,MMA232,1.4083708008670177,104.09268071315111,9144.0
240.0,MWG3415,1.5478329214830444,110.46205958988229,9144.0
240.0,MWG3417,1.5359374285067264,110.42072880402097,9144.0
240.0,MWG3420,2.624376561729499,111.900781385218,9144.0
240.0,MWG3421,2.060094265378421,111.10204712788028,9144.0
240.0,MWG3752,1.4831618356422636,110.33895902674988,9144.0
240.0,MWG3753,3.597392303767636,113.92147923326098,9144.0
240.0,MXD1636,2.8943479317081318,101.70433345444255,9144.0
240.0,MXD801,2.423795848843612,102.0385032472084,9144.0
240.0,MXD803,2.9875625917217894,101.89125175154646,9144.0
240.0,MXD804,1.2832376661493332,104.13534373025554,9144.0
240.0,MYU2211,22.386231612908013,113.6891169787983,9144.0
240.0,NEP341,2.8521684847570636,101.63362279000845,9144.0
240.0,NEP345,2.8810027044480293,101.6588268433145,9144.0
240.0,NEP347,3.0050877135472596,101.8557462519789,9144.0
240.0,MAS632,1.1545252716212657,104.13253840787031,9144.0,"(MAS632),(MAS642)"
240.0,MAS642,1.1370384757757757,104.19442565755313,9144.0,"(MAS642),(MAS632)"
240.0,MAS643,1.3999824143411073,110.17035162597644,9144.0,"(MWG3415),(MWG3417)"
240.0,MAS8792,-8.390926702613147,125.28529483529675,9144.0,"(MWG3417),(MWG3415)"
240.0,MMA231,16.532497629964507,96.14112700972566,9144.0,"(MXD1636),(NEP345)"
240.0,MMA232,1.4083708008670177,104.09268071315111,9144.0,"(MXD803),(NEP347)"
240.0,MWG3415,1.5478329214830444,110.46205958988229,9144.0,"(NEP341),(NEP345)"
240.0,MWG3417,1.5359374285067264,110.42072880402097,9144.0,"(NEP345),(MXD1636)"
240.0,MWG3420,2.624376561729499,111.900781385218,9144.0,"(NEP345),(NEP341)"
240.0,MWG3421,2.060094265378421,111.10204712788028,9144.0,"(NEP347),(MXD803)"
250.0,MAS632,1.1721184936236124,104.14267542189867,9144.0
250.0,MAS642,1.14442553615154,104.21517045989071,9144.0
250.0,MAS643,1.4102043396226214,110.15389640874514,9144.0
250.0,MAS8792,-8.382566717868587,125.26644499903564,9144.0
250.0,MMA231,16.51232730408132,96.15532710370482,9144.0
250.0,MMA232,1.420896930308643,104.07504823711517,9144.0
250.0,MWG3415,1.5527022297366393,110.47048217944462,9144.0
250.0,MWG3417,1.5316598855254888,110.42864128185637,9144.0
250.0,MWG3420,2.6150817510740283,111.89051923588104,9144.0
250.0,MWG3421,2.0703109445318932,111.11346809001087,9144.0
250.0,MWG3752,1.4909528214030583,110.32609248264784,9144.0
250.0,MWG3753,3.5898815686172703,113.90590786693537,9144.0
250.0,MXD1636,2.877406111633338,101.71413944177199,9144.0
250.0,MXD801,2.4078064035208633,102.05728324382639,9144.0
250.0,MXD803,2.9662197096731435,101.89512173995233,9144.0
250.0,MXD804,1.3003301744898181,104.1262340196367,9144.0
250.0,MYU2211,22.37340593965097,113.6715438313024,9144.0
250.0,NEP341,2.8673564399251106,101.6361005815946,9144.0
250.0,NEP345,2.8903856587296395,101.64343045154058,9144.0
250.0,NEP347,3.0112908438301753,101.87924415208866,9144.0
250.0,MAS632,1.1721184936236124,104.14267542189867,9144.0,"(MAS632),(MAS642)"
250.0,MAS642,1.14442553615154,104.21517045989071,9144.0,"(MAS642),(MAS632)"
250.0,MAS643,1.4102043396226214,110.15389640874514,9144.0,"(MWG3415),(MWG3417)"
250.0,MAS8792,-8.382566717868587,125.26644499903564,9144.0,"(MWG3417),(MWG3415)"
250.0,MMA231,16.51232730408132,96.15532710370482,9144.0,"(MXD1636),(NEP341)"
250.0,MMA232,1.420896930308643,104.07504823711517,9144.0,"(MXD1636),(NEP345)"
250.0,MWG3415,1.5527022297366393,110.47048217944462,9144.0,"(MXD803),(NEP347)"
250.0,MWG3417,1.5316598855254888,110.42864128185637,9144.0,"(NEP341),(MXD1636)"
250.0,MWG3420,2.6150817510740283,111.89051923588104,9144.0,"(NEP341),(NEP345)"
250.0,MWG3421,2.0703109445318932,111.11346809001087,9144.0,"(NEP345),(MXD1636)"
250.0,MWG3752,1.4909528214030583,110.32609248264784,9144.0,"(NEP345),(NEP341)"
250.0,MWG3753,3.5898815686172703,113.90590786693537,9144.0,"(NEP347),(MXD803)"
260.0,MAS632,1.1913908749440312,104.14906529551465,9144.0
260.0,MAS642,1.1559579346792859,104.23536069268334,9144.0
260.0,MAS643,1.416729795951975,110.13565580192089,9144.0
260.0,MAS8792,-8.373469278471537,125.2459374145794,9144.0
260.0,MMA231,16.491110409104255,96.17025971416416,9144.0
260.0,MMA232,1.4298650895604528,104.05536498738293,9144.0
260.0,MWG3415,1.557717951887558,110.47915822961072,9144.0
260.0,MWG3417,1.5242485931607097,110.43399098292907,9144.0
260.0,MWG3420,2.6091964258446003,111.87798230421886,9144.0
260.0,MWG3421,2.08172713490338,111.12623027728206,9144.0
260.0,MWG3752,1.495054955264078,110.31147423784955,9144.0
260.0,MWG3753,3.582401988467118,113.89032158015385,9144.0
260.0,MXD1636,2.8587939642295113,101.72019083849361,9144.0
260.0,MXD801,2.391569904820038,102.07635059614958,9144.0
260.0,MXD803,2.944530915182337,101.89489447408842,9144.0
260.0,MXD804,1.3154214566950573,104.1135635067808,9144.0
260.0,MYU2211,22.36045581095635,113.65407937341054,9144.0
260.0,NEP341,2.8813517123890717,101.64250636851766,9144.0
260.0,NEP345,2.9032246030462012,101.63020283163681,9144.0
260.0,NEP347,3.0178158030611453,101.90396435477511,9144.0
260.0,MAS632,1.1913908749440312,104.14906529551465,9144.0,"(MAS632),(MAS642)"
260.0,MAS642,1.1559579346792859,104.23536069268334,9144.0,"(MAS642),(MAS632)"
260.0,MAS643,1.416729795951975,110.13565580192089,9144.0,"(MWG3415),(MWG3417)"
260.0,MAS8792,-8.373469278471537,125.2459374145794,9144.0,"(MWG3417),(MWG3415)"
260.0,MMA231,16.491110409104255,96.17025971416416,9144.0,"(MXD1636),(NEP341)"
260.0,MMA232,1.4298650895604528,104.05536498738293,9144.0,"(MXD1636),(NEP345)"
260.0,MWG3415,1.557717951887558,110.47915822961072,9144.0,"(MXD803),(NEP347)"
260.0,MWG3417,1.5242485931607097,110.43399098292907,9144.0,"(NEP341),(MXD1636)"
260.0,MWG3420,2.6091964258446003,111.87798230421886,9144.0,"(NEP341),(NEP345)"
260.0,MWG3421,2.08172713490338,111.12623027728206,9144.0,"(NEP345),(MXD1636)"
260.0,MWG3752,1.495054955264078,110.31147423784955,9144.0,"(NEP345),(NEP341)"
260.0,MWG3753,3.582401988467118,113.89032158015385,9144.0,"(NEP347),(MXD803)"
270.0,MAS632,1.21155442859067,104.15144671414346,9144.0
270.0,MAS642,1.1713151591976614,104.25399522976684,9144.0
270.0,MAS643,1.4210432552410948,110.11567346006242,9144.0
270.0,MAS8792,-8.363881888070337,125.22403310082666,9144.0
270.0,MMA231,16.469912072083922,96.18521932599783,9144.0
270.0,MMA232,1.4349518933819292,104.03434074949327,9144.0
270.0,MWG3415,1.5616161949786496,110.48839092684578,9144.0
270.0,MWG3417,1.515249030438289,110.4355834496338,9144.0
270.0,MWG3420,2.607236587660279,111.8642697511962,9144.0
270.0,MWG3421,2.0915208135334247,111.14028540965073,9144.0
270.0,MWG3752,1.4950962228554956,110.29629101189585,9144.0
270.0,MWG3753,3.575011255992563,113.87492201711602,9144.0
270.0,MXD1636,2.839330487538242,101.72222148774418,9144.0
270.0,MXD801,2.3753987047870693,102.0954732320436,9144.0
270.0,MXD803,2.9232735859343455,101.8905782574029,9144.0
270.0,MXD804,1.327873190064656,104.09777578920125,9144.0
270.0,MYU2211,22.347252883423035,113.63628619031776,9144.0
270.0,NEP341,2.8931606525198847,101.65238541894409,9144.0
270.0,NEP345,2.9186696934365473,101.62014943470533,9144.0
270.0,NEP347,3.0243366781762613,101.92868578659844,9144.0
270.0,MAS632,1.21155442859067,104.15144671414346,9144.0,"(MWG3415),(MWG3417)"
270.0,MAS642,1.1713151591976614,104.25399522976684,9144.0,"(MWG3417),(MWG3415)"
270.0,MAS643,1.4210432552410948,110.11567346006242,9144.0,"(MXD1636),(NEP341)"
270.0,MAS8792,-8.363881888070337,125.22403310082666,9144.0,"(MXD803),(NEP347)"
270.0,MMA231,16.469912072083922,96.18521932599783,9144.0,"(NEP341),(MXD1636)"
270.0,MMA232,1.4349518933819292,104.03434074949327,9144.0,"(NEP341),(NEP345)"
270.0,MWG3415,1.5616161949786496,110.48839092684578,9144.0,"(NEP345),(NEP341)"
270.0,MWG3417,1.515249030438289,110.4355834496338,9144.0,"(NEP347),(MXD803)"
280.0,MAS632,1.2317847303411718,104.14972224892868,9144.0
280.0,MAS642,1.1896082028180581,104.26975647469804,9144.0
280.0,MAS643,1.4212768733276169,110.09523191314068,9144.0
280.0,MAS8792,-8.353564721558268,125.20046779484414,9144.0
280.0,MMA231,16.4486607023255,96.20021199740947,9144.0
280.0,MMA232,1.4359739153606852,104.01273367607305,9144.0
280.0,MWG3415,1.5628095662091184,110.49878308478029,9144.0
280.0,MWG3417,1.5064529334660817,110.4331016677874,9144.0
280.0,MWG3420,2.6093740672418466,111.85058379545522,9144.0
280.0,MWG3421,2.098826099423151,111.1563875710865,9144.0
280.0,MWG3752,1.491073613033672,110.28165069574052,9144.0
280.0,MWG3753,3.567737729671173,113.85946665536797,9144.0
280.0,MXD1636,2.819872140996845,101.7201421712283,9144.0
280.0,MXD801,2.358982809995928,102.11488301119957,9144.0
280.0,MXD803,2.9032096348794982,101.88232793601449,9144.0
280.0,MXD804,1.3416078965909044,104.08245962331,9144.0
280.0,MYU2211,22.333996557936853,113.6185411674443,9144.0
280.0,NEP341,2.9033623584258508,101.66623483776755,9144.0
280.0,NEP345,2.935954376464699,101.61376930258359,9144.0
280.0,NEP347,3.0310124035995494,101.95336588985774,9144.0
280.0,MAS632,1.2317847303411718,104.14972224892868,9144.0,"(MWG3415),(MWG3417)"
280.0,MAS642,1.1896082028180581,104.26975647469804,9144.0,"(MWG3417),(MWG3415)"
280.0,MAS643,1.4212768733276169,110.09523191314068,9144.0,"(NEP341),(NEP345)"
280.0,MAS8792,-8.353564721558268,125.20046779484414,9144.0,"(NEP345),(NEP341)"
290.0,MAS632,1.2512546268533726,104.14396234747366,9144.0
290.0,MAS642,1.2103076161277444,104.28218822654202,9144.0
290.0,MAS643,1.420708256658806,110.0743989671595,9144.0
290.0,MAS8792,-8.341780049402141,125.17757406664767,9144.0
290.0,MMA231,16.42740706379216,96.21519953166519,9144.0
290.0,MMA232,1.4328852843449293,103.99152324079324,9144.0
290.0,MWG3415,1.563553141009629,110.50892448738145,9144.0
290.0,MWG3417,1.497751362334412,110.42647213602336,9144.0
290.0,MWG3420,2.6154214589860767,111.83812432979201,9144.0
290.0,MWG3421,2.1032910527941366,111.17321412601437,9144.0
290.0,MWG3752,1.4832806407715724,110.26862155737271,9144.0
290.0,MWG3753,3.5601418934318487,113.84332792733127,9144.0
290.0,MXD1636,2.8012751582985214,101.71404451722294,9144.0
290.0,MXD801,2.3425899676545616,102.13431206842317,9144.0
290.0,MXD803,2.8850582014715394,101.87043933444485,9144.0
290.0,MXD804,1.355120622033347,104.06739069363672,9144.0
290.0,MYU2211,22.320487394574823,113.60047004615843,9144.0
290.0,NEP341,2.9175561806518373,101.67862167621486,9144.0
290.0,NEP345,2.954676850909822,101.61121265790577,9144.0
290.0,NEP347,3.0377321156706887,101.9782289693893,9144.0
290.0,MAS632,1.2512546268533726,104.14396234747366,9144.0,"(NEP341),(NEP345)"
290.0,MAS642,1.2103076161277444,104.28218822654202,9144.0,"(NEP345),(NEP341)"
300.0,MAS632,1.269168055361118,104.13440246096287,9144.0
300.0,MAS642,1.2301372724003234,104.29618756317686,9144.0
300.0,MAS643,1.4206619559375286,110.05355830979073,9144.0
300.0,MAS8792,-8.329677127187136,125.15406655326855,9144.0
300.0,MMA231,16.40615474396711,96.23018746025407,9144.0
300.0,MMA232,1.4338885143862858,103.97004669364418,9144.0
300.0,MWG3415,1.5655791364669223,110.51888911673292,9144.0
300.0,MWG3417,1.4918852956376687,110.41694747459817,9144.0
300.0,MWG3420,2.6248485519344436,111.82798373954449,9144.0
300.0,MWG3421,2.1076852260618937,111.18977498271057,9144.0
300.0,MWG3752,1.4722859304558877,110.25815428499001,9144.0
300.0,MWG3753,3.5522928123012596,113.8273114455744,9144.0
300.0,MXD1636,2.7843578701860356,101.70419695203525,9144.0
300.0,MXD801,2.3257529371923815,102.15426577803072,9144.0
300.0,MXD803,2.8694698760089596,101.85533864264278,9144.0
300.0,MXD804,1.3713956684340654,104.05535968508843,9144.0
300.0,MYU2211,22.30698604529112,113.58239385034265,9144.0
300.0,NEP341,2.9348728364048715,101.68831061615654,9144.0
300.0,NEP345,2.9735089656435436,101.61276444677382,9144.0
300.0,NEP347,3.0444336510956562,102.00309712271286,9144.0
300.0,MAS632,1.269168055361118,104.13440246096287,9144.0,"(NEP341),(NEP345)"
300.0,MAS642,1.2301372724003234,104.29618756317686,9144.0,"(NEP345),(NEP341)"
310.0,MAS632,1.284792592174315,104.1214334238352,9144.0
310.0,MAS642,1.2508956092731924,104.31084282406708,9144.0
310.0,MAS643,1.4206117354902577,110.03107891392943,9144.0
310.0,MAS8792,-8.317572562768353,125.13056063014157,9144.0
310.0,MMA231,16.384589930115347,96.24538883093715,9144.0
310.0,MMA232,1.4389760157570348,103.94875321076101,9144.0
310.0,MWG3415,1.5685773653101813,110.52906242970687,9144.0
310.0,MWG3417,1.4898343871137245,110.40595002260412,9144.0
310.0,MWG3420,2.6368288165350884,111.82105113804097,9144.0
310.0,MWG3421,2.112078868322369,111.2063360272698,9144.0
310.0,MWG3752,1.4588917254669143,110.25101261499077,9144.0
310.0,MWG3753,3.5439641662731733,113.81031770462018,9144.0
310.0,MXD1636,2.7698646951046393,101.69103287585962,9144.0
310.0,MXD801,2.3088769567797636,102.17418626450069,9144.0
310.0,MXD803,2.8570033809401587,101.83756713594288,9144.0
310.0,MXD804,1.3905793823219554,104.04451406487598,9144.0
310.0,MYU2211,22.293150581017233,113.56388360670319,9144.0
310.0,NEP341,2.9503605916894213,101.70166187180635,9144.0
310.0,NEP345,2.991562192037032,101.61835158859569,9144.0
310.0,NEP347,3.052211075310327,102.02784605787427,9144.0
310.0,MAS632,1.284792592174315,104.1214334238352,9144.0
310.0,MAS642,1.2508956092731924,104.31084282406708,9144.0
310.0,MAS643,1.4206117354902577,110.03107891392943,9144.0
310.0,MAS8792,-8.317572562768353,125.13056063014157,9144.0
310.0,MMA231,16.384589930115347,96.24538883093715,9144.0
310.0,MMA232,1.4389760157570348,103.94875321076101,9144.0
310.0,MWG3415,1.5685773653101813,110.52906242970687,9144.0
310.0,MWG3417,1.4898343871137245,110.40595002260412,9144.0
310.0,MWG3420,2.6368288165350884,111.82105113804097,9144.0
310.0,MWG3421,2.112078868322369,111.2063360272698,9144.0
310.0,MWG3752,1.4588917254669143,110.25101261499077,9144.0
310.0,MWG3753,3.5439641662731733,113.81031770462018,9144.0
310.0,MXD1636,2.7698646951046393,101.69103287585962,9144.0
310.0,MXD801,2.3088769567797636,102.17418626450069,9144.0
310.0,MXD803,2.8570033809401587,101.83756713594288,9144.0
310.0,MXD804,1.3905793823219554,104.04451406487598,9144.0
310.0,MYU2211,22.293150581017233,113.56388360670319,9144.0
310.0,NEP341,2.9503605916894213,101.70166187180635,9144.0
310.0,NEP345,2.991562192037032,101.61835158859569,9144.0
310.0,NEP347,3.052211075310327,102.02784605787427,9144.0
320.0,MAS632,1.2974372579997209,104.10562899792288,9144.0
320.0,MAS642,1.2690214737123873,104.32865269435383,9144.0
320.0,MAS643,1.4205608220528805,110.00859952012334,9144.0
320.0,MAS8792,-8.305466124824642,125.10705641806595,9144.0
320.0,MMA231,16.363031273032597,96.26059800487083,9144.0
320.0,MMA232,1.4482900908047163,103.92737540622633,9144.0
320.0,MWG3415,1.5717355515811182,110.53903446181518,9144.0
320.0,MWG3417,1.4918728671073422,110.39495024833803,9144.0
320.0,MWG3420,2.6462559094834552,111.81091037338687,9144.0
320.0,MWG3421,2.116524206222361,111.22288329916758,9144.0
320.0,MWG3752,1.444075351443819,110.24771760762755,9144.0
320.0,MWG3753,3.5361452137670653,113.79308273692985,9144.0
320.0,MXD1636,2.7584333822484766,101.6751315853425,9144.0
320.0,MXD801,2.291519438509859,102.19467336156237,9144.0
320.0,MXD803,2.8481055449296093,101.81776177609925,9144.0
320.0,MXD804,1.41132888604395,104.03278297007337,9144.0
320.0,MYU2211,22.279563922973086,113.54516114346593,9144.0
320.0,NEP341,2.9631773802774917,101.71810939466593,9144.0
320.0,NEP345,3.007984750631622,101.6277105883804,9144.0
320.0,NEP347,3.06009976618388,102.05295207842228,9144.0
320.0,MAS632,1.2974372579997209,104.10562899792288,9144.0
320.0,MAS642,1.2690214737123873,104.32865269435383,9144.0
320.0,MAS643,1.4205608220528805,110.00859952012334,9144.0
320.0,MAS8792,-8.305466124824642,125.10705641806595,9144.0
320.0,MMA231,16.363031273032597,96.26059800487083,9144.0
320.0,MMA232,1.4482900908047163,103.92737540622633,9144.0
320.0,MWG3415,1.5717355515811182,110.53903446181518,9144.0
320.0,MWG3417,1.4918728671073422,110.39495024833803,9144.0
320.0,MWG3420,2.6462559094834552,111.81091037338687,9144.0
320.0,MWG3421,2.116524206222361,111.22288329916758,9144.0
320.0,MWG3752,1.444075351443819,110.24771760762755,9144.0
320.0,MWG3753,3.5361452137670653,113.79308273692985,9144.0
320.0,MXD1636,2.7584333822484766,101.6751315853425,9144.0
320.0,MXD801,2.291519438509859,102.19467336156237,9144.0
320.0,MXD803,2.8481055449296093,101.81776177609925,9144.0
320.0,MXD804,1.41132888604395,104.03278297007337,9144.0
320.0,MYU2211,22.279563922973086,113.54516114346593,9144.0
320.0,NEP341,2.9631773802774917,101.71810939466593,9144.0
320.0,NEP345,3.007984750631622,101.6277105883804,9144.0
320.0,NEP347,3.06009976618388,102.05295207842228,9144.0
330.0,MAS632,1.3066751609853058,104.08754395593871,9144.0
330.0,MAS642,1.2853484774068042,104.34909456310271,9144.0
330.0,MAS643,1.4204420488577674,109.98612038375283,9144.0
330.0,MAS8792,-8.292426212897112,125.08406861259283,9144.0
330.0,MMA231,16.34126456697124,96.27594757581912,9144.0
330.0,MMA232,1.46121011847598,103.90796436628698,9144.0
330.0,MWG3415,1.5748496384494597,110.54886748156736,9144.0
330.0,MWG3417,1.4977281671129474,110.38541893443573,9144.0
330.0,MWG3420,2.6526520748836884,111.79806936128303,9144.0
330.0,MWG3421,2.1245019390235957,111.23835495476828,9144.0
330.0,MWG3752,1.4289179044445,110.2485096353614,9144.0
330.0,MWG3753,3.5286627404282322,113.77659064670377,9144.0
330.0,MXD1636,2.7505271000132443,101.65713700181624,9144.0
330.0,MXD801,2.2741391925652295,102.21514090273202,9144.0
330.0,MXD803,2.8430680830290282,101.79657147561778,9144.0
330.0,MXD804,1.4332171339102708,104.02130085966836,9144.0
330.0,MYU2211,22.265173493889577,113.52534264806725,9144.0
330.0,NEP341,2.972647894585877,101.73691435109151,9144.0
330.0,NEP345,3.022001799425962,101.64039995346468,9144.0
330.0,NEP347,3.067985247007766,102.0780592952376,9144.0
330.0,MAS632,1.3066751609853058,104.08754395593871,9144.0
330.0,MAS642,1.2853484774068042,104.34909456310271,9144.0
330.0,MAS643,1.4204420488577674,109.98612038375283,9144.0
330.0,MAS8792,-8.292426212897112,125.08406861259283,9144.0
330.0,MMA231,16.34126456697124,96.27594757581912,9144.0
330.0,MMA232,1.46121011847598,103.90796436628698,9144.0
330.0,MWG3415,1.5748496384494597,110.54886748156736,9144.0
330.0,MWG3417,1.4977281671129474,110.38541893443573,9144.0
330.0,MWG3420,2.6526520748836884,111.79806936128303,9144.0
330.0,MWG3421,2.1245019390235957,111.23835495476828,9144.0
330.0,MWG3752,1.4289179044445,110.2485096353614,9144.0
330.0,MWG3753,3.5286627404282322,113.77659064670377,9144.0
330.0,MXD1636,2.7505271000132443,101.65713700181624,9144.0
330.0,MXD801,2.2741391925652295,102.21514090273202,9144.0
330.0,MXD803,2.8430680830290282,101.79657147561778,9144.0
330.0,MXD804,1.4332171339102708,104.02130085966836,9144.0
330.0,MYU2211,22.265173493889577,113.52534264806725,9144.0
330.0,NEP341,2.972647894585877,101.73691435109151,9144.0
330.0,NEP345,3.022001799425962,101.64039995346468,9144.0
330.0,NEP347,3.067985247007766,102.0780592952376,9144.0
340.0,MAS632,1.31214840024628,104.06784874313095,9144.0
340.0,MAS642,1.301675214613713,104.36953677633055,9144.0
340.0,MAS643,1.4203131983357178,109.96184208080317,9144.0
340.0,MAS8792,-8.27895451606204,125.06032367719213,9144.0
340.0,MMA231,16.3194663964189,96.2912468749071,9144.0
340.0,MMA232,1.4773350683259268,103.89112259963476,9144.0
340.0,MWG3415,1.5779636220574784,110.55870054875334,9144.0
340.0,MWG3417,1.5066173653568584,110.37863053023743,9144.0
340.0,MWG3420,2.655156705728195,111.78394121534077,9144.0
340.0,MWG3421,2.1320368349150813,111.25296841662258,9144.0
340.0,MWG3752,1.4145253673614802,110.25333085493891,9144.0
340.0,MWG3753,3.521179697584571,113.76009894853456,9144.0
340.0,MXD1636,2.7465305516530494,101.63789000550616,9144.0
340.0,MXD801,2.2571583929896,102.23513487658907,9144.0
340.0,MXD803,2.8342370522399096,101.77709665082469,9144.0
340.0,MXD804,1.456162114662984,104.00926412448041,9144.0
340.0,MYU2211,22.25026444372293,113.50597901077293,9144.0
340.0,NEP341,2.9782892780635275,101.75720356189744,9144.0
340.0,NEP345,3.0329519921335817,101.65582101503475,9144.0
340.0,NEP347,3.0773041853585212,102.10266925787965,9144.0
340.0,MAS632,1.31214840024628,104.06784874313095,9144.0
340.0,MAS642,1.301675214613713,104.36953677633055,9144.0
340.0,MAS643,1.4203131983357178,109.96184208080317,9144.0
340.0,MAS8792,-8.27895451606204,125.06032367719213,9144.0
340.0,MMA231,16.3194663964189,96.2912468749071,9144.0
340.0,MMA232,1.4773350683259268,103.89112259963476,9144.0
340.0,MWG3415,1.5779636220574784,110.55870054875334,9144.0
340.0,MWG3417,1.5066173653568584,110.37863053023743,9144.0
340.0,MWG3420,2.655156705728195,111.78394121534077,9144.0
340.0,MWG3421,2.1320368349150813,111.25296841662258,9144.0
340.0,MWG3752,1.4145253673614802,110.25333085493891,9144.0
340.0,MWG3753,3.521179697584571,113.76009894853456,9144.0
340.0,MXD1636,2.7465305516530494,101.63789000550616,9144.0
340.0,MXD801,2.2571583929896,102.23513487658907,9144.0
340.0,MXD803,2.8342370522399096,101.77709665082469,9144.0
340.0,MXD804,1.456162114662984,104.00926412448041,9144.0
340.0,MYU2211,22.25026444372293,113.50597901077293,9144.0
340.0,NEP341,2.9782892780635275,101.75720356189744,9144.0
340.0,NEP345,3.0329519921335817,101.65582101503475,9144.0
340.0,NEP347,3.0773041853585212,102.10266925787965,9144.0
350.0,MAS632,1.3215381870594332,104.04931957271947,9144.0
350.0,MAS642,1.3176191599279903,104.39027921807485,9144.0
350.0,MAS643,1.4203696805014403,109.93756317307617,9144.0
350.0,MAS8792,-8.265481389689162,125.03658038182749,9144.0
350.0,MMA231,16.29751186806836,96.30664960095432,9144.0
350.0,MMA232,1.4961644309147286,103.87737288814488,9144.0
350.0,MWG3415,1.5783896099748884,110.56900646467535,9144.0
350.0,MWG3417,1.5173518725526052,110.37549274767134,9144.0
350.0,MWG3420,2.6535650283392576,111.76968106929083,9144.0
350.0,MWG3421,2.142943879092817,111.26526802109393,9144.0
350.0,MWG3752,1.4019479104374486,110.26182943885979,9144.0
350.0,MWG3753,3.5145868033691126,113.74323036231443,9144.0
350.0,MXD1636,2.7466184045162136,101.61823171602417,9144.0
350.0,MXD801,2.2403722193402347,102.25529254955512,9144.0
350.0,MXD803,2.8213234408374777,101.75852414729565,9144.0
350.0,MXD804,1.479045413067879,103.99711033332667,9144.0
350.0,MYU2211,22.231735303940443,113.4888309438507,9144.0
350.0,NEP341,2.979886531797734,101.77820371866783,9144.0
350.0,NEP345,3.0403186815351164,101.67324617387234,9144.0
350.0,NEP347,3.0867739079239094,102.12768647935867,9144.0
350.0,MAS632,1.3215381870594332,104.04931957271947,9144.0
350.0,MAS642,1.3176191599279903,104.39027921807485,9144.0
350.0,MAS643,1.4203696805014403,109.93756317307617,9144.0
350.0,MAS8792,-8.265481389689162,125.03658038182749,9144.0
350.0,MMA231,16.29751186806836,96.30664960095432,9144.0
350.0,MMA232,1.4961644309147286,103.87737288814488,9144.0
350.0,MWG3415,1.5783896099748884,110.56900646467535,9144.0
350.0,MWG3417,1.5173518725526052,110.37549274767134,9144.0
350.0,MWG3420,2.6535650283392576,111.76968106929083,9144.0
350.0,MWG3421,2.142943879092817,111.26526802109393,9144.0
350.0,MWG3752,1.4019479104374486,110.26182943885979,9144.0
350.0,MWG3753,3.5145868033691126,113.74323036231443,9144.0
350.0,MXD1636,2.7466184045162136,101.61823171602417,9144.0
350.0,MXD801,2.2403722193402347,102.25529254955512,9144.0
350.0,MXD803,2.8213234408374777,101.75852414729565,9144.0
350.0,MXD804,1.479045413067879,103.99711033332667,9144.0
350.0,MYU2211,22.231735303940443,113.4888309438507,9144.0
350.0,NEP341,2.979886531797734,101.77820371866783,9144.0
350.0,NEP345,3.0403186815351164,101.67324617387234,9144.0
350.0,NEP347,3.0867739079239094,102.12768647935867,9144.0
360.0,MAS632,1.3348152608098536,104.03216339736998,9144.0
360.0,MAS642,1.3303488939125812,104.41356205377171,9144.0
360.0,MAS643,1.4204272794446675,109.91258752735739,9144.0
360.0,MAS8792,-8.25200683486902,125.01283872464468,9144.0
360.0,MMA231,16.275624624976903,96.32215419295565,9144.0
360.0,MMA232,1.5171137533411776,103.86714206044974,9144.0
360.0,MWG3415,1.5826902000005645,110.57690662199656,9144.0
360.0,MWG3417,1.5290888307019952,110.37626115087892,9144.0
360.0,MWG3420,2.6480071751207745,111.75645484575156,9144.0
360.0,MWG3421,2.154217652530338,111.27798152999861,9144.0
360.0,MWG3752,1.3921032642236022,110.27338525445732,9144.0
360.0,MWG3753,3.507745921096423,113.72572870882526,9144.0
360.0,MXD1636,2.7507868190328715,101.59902122438469,9144.0
360.0,MXD801,2.2236243862762786,102.27540099528932,9144.0
360.0,MXD803,2.8052663944062965,101.74259799425407,9144.0
360.0,MXD804,1.5022856317112911,103.98456897397028,9144.0
360.0,MYU2211,22.210415491199967,113.47492590058641,9144.0
360.0,NEP341,2.9797366006939203,101.79939622534083,9144.0
360.0,NEP345,3.043754295702212,101.69185323784,9144.0
360.0,NEP347,3.094888259319828,102.15317713574987,9144.0
360.0,MAS632,1.3348152608098536,104.03216339736998,9144.0
360.0,MAS642,1.3303488939125812,104.41356205377171,9144.0
360.0,MAS643,1.4204272794446675,109.91258752735739,9144.0
360.0,MAS8792,-8.25200683486902,125.01283872464468,9144.0
360.0,MMA231,16.275624624976903,96.32215419295565,9144.0
360.0,MMA232,1.5171137533411776,103.86714206044974,9144.0
360.0,MWG3415,1.5826902000005645,110.57690662199656,9144.0
360.0,MWG3417,1.5290888307019952,110.37626115087892,9144.0
360.0,MWG3420,2.6480071751207745,111.75645484575156,9144.0
360.0,MWG3421,2.154217652530338,111.27798152999861,9144.0
360.0,MWG3752,1.3921032642236022,110.27338525445732,9144.0
360.0,MWG3753,3.507745921096423,113.72572870882526,9144.0
360.0,MXD1636,2.7507868190328715,101.59902122438469,9144.0
360.0,MXD801,2.2236243862762786,102.27540099528932,9144.0
360.0,MXD803,2.8052663944062965,101.74259799425407,9144.0
360.0,MXD804,1.5022856317112911,103.98456897397028,9144.0
360.0,MYU2211,22.210415491199967,113.47492590058641,9144.0
360.0,NEP341,2.9797366006939203,101.79939622534083,9144.0
360.0,NEP345,3.043754295702212,101.69185323784,9144.0
360.0,NEP347,3.094888259319828,102.15317713574987,9144.0
370.0,MAS632,1.3510869522525675,104.01781760375691,9144.0
370.0,MAS642,1.339332239606619,104.43853172521742,9144.0
370.0,MAS643,1.4203463714588254,109.88761194718516,9144.0
370.0,MAS8792,-8.238530852546223,124.98909870387372,9144.0
370.0,MMA231,16.253377702947976,96.33790733378109,9144.0
370.0,MMA232,1.539532780334404,103.86074774120374,9144.0
370.0,MWG3415,1.5882014174357355,110.5845651312344,9144.0
370.0,MWG3417,1.539852513492775,110.38100515700685,9144.0
370.0,MWG3420,2.6390538761338562,111.745614868823,9144.0
370.0,MWG3421,2.1647281473958,111.2913339368043,9144.0
370.0,MWG3752,1.3857097561728389,110.28715511492915,9144.0
370.0,MWG3753,3.5009007671477743,113.7082288599185,9144.0
370.0,MXD1636,2.758853616521643,101.58109806372612,9144.0
370.0,MXD801,2.206624764246115,102.29529648362664,9144.0
370.0,MXD803,2.786596038525886,101.72984394301402,9144.0
370.0,MXD804,1.5255803160003742,103.9719978991443,9144.0
370.0,MYU2211,22.187324407813016,113.46503267595247,9144.0
370.0,NEP341,2.979587446000902,101.82039055868357,9144.0
370.0,NEP345,3.04309673698475,101.71076422948917,9144.0
370.0,NEP347,3.1015352650235806,102.1790905556582,9144.0
370.0,MAS632,1.3510869522525675,104.01781760375691,9144.0
370.0,MAS642,1.339332239606619,104.43853172521742,9144.0
370.0,MAS643,1.4203463714588254,109.88761194718516,9144.0
370.0,MAS8792,-8.238530852546223,124.98909870387372,9144.0
370.0,MMA231,16.253377702947976,96.33790733378109,9144.0
370.0,MMA232,1.539532780334404,103.86074774120374,9144.0
370.0,MWG3415,1.5882014174357355,110.5845651312344,9144.0
370.0,MWG3417,1.539852513492775,110.38100515700685,9144.0
370.0,MWG3420,2.6390538761338562,111.745614868823,9144.0
370.0,MWG3421,2.1647281473958,111.2913339368043,9144.0
370.0,MWG3752,1.3857097561728389,110.28715511492915,9144.0
370.0,MWG3753,3.5009007671477743,113.7082288599185,9144.0
370.0,MXD1636,2.758853616521643,101.58109806372612,9144.0
370.0,MXD801,2.206624764246115,102.29529648362664,9144.0
370.0,MXD803,2.786596038525886,101.72984394301402,9144.0
370.0,MXD804,1.5255803160003742,103.9719978991443,9144.0
370.0,MYU2211,22.187324407813016,113.46503267595247,9144.0
370.0,NEP341,2.979587446000902,101.82039055868357,9144.0
370.0,NEP345,3.04309673698475,101.71076422948917,9144.0
370.0,NEP347,3.1015352650235806,102.1790905556582,9144.0
380.0,MAS632,1.369770045486399,104.00679640792366,9144.0
380.0,MAS642,1.3442902719944454,104.46441222587207,9144.0
380.0,MAS643,1.4202627039318687,109.86194530863355,9144.0
380.0,MAS8792,-8.225053443493975,124.96536031784368,9144.0
380.0,MMA231,16.231022225225686,96.35349107074542,9144.0
380.0,MMA232,1.562725637814409,103.8583884874533,9144.0
380.0,MWG3415,1.5937126022451993,110.59222368442879,9144.0
380.0,MWG3417,1.5483404104273875,110.38915072374957,9144.0
380.0,MWG3420,2.6273569818325306,111.7378220632812,9144.0
380.0,MWG3421,2.175747975840311,111.30533382377143,9144.0
380.0,MWG3752,1.3831735853305374,110.30226635467753,9144.0
380.0,MWG3753,3.4937458392337732,113.69085396392207,9144.0
380.0,MXD1636,2.770466241226954,101.56524553271352,9144.0
380.0,MXD801,2.189141470349155,102.31575601032335,9144.0
380.0,MXD803,2.7659287775439174,101.72068297711613,9144.0
380.0,MXD804,1.546649669261083,103.95597193014513,9144.0
380.0,MYU2211,22.16315858036805,113.45943605708486,9144.0
380.0,NEP341,2.983527250093315,101.84101150134411,9144.0
380.0,NEP345,3.038379669109018,101.72901761869952,9144.0
380.0,NEP347,3.108150441479729,102.20488449282432,9144.0
380.0,MAS632,1.369770045486399,104.00679640792366,9144.0
380.0,MAS642,1.3442902719944454,104.46441222587207,9144.0
380.0,MAS643,1.4202627039318687,109.86194530863355,9144.0
380.0,MAS8792,-8.225053443493975,124.96536031784368,9144.0
380.0,MMA231,16.231022225225686,96.35349107074542,9144.0
380.0,MMA232,1.562725637814409,103.8583884874533,9144.0
380.0,MWG3415,1.5937126022451993,110.59222368442879,9144.0
380.0,MWG3417,1.5483404104273875,110.38915072374957,9144.0
380.0,MWG3420,2.6273569818325306,111.7378220632812,9144.0
380.0,MWG3421,2.175747975840311,111.30533382377143,9144.0
380.0,MWG3752,1.3831735853305374,110.30226635467753,9144.0
380.0,MWG3753,3.4937458392337732,113.69085396392207,9144.0
380.0,MXD1636,2.770466241226954,101.56524553271352,9144.0
380.0,MXD801,2.189141470349155,102.31575601032335,9144.0
380.0,MXD803,2.7659287775439174,101.72068297711613,9144.0
380.0,MXD804,1.546649669261083,103.95597193014513,9144.0
380.0,MYU2211,22.16315858036805,113.45943605708486,9144.0
380.0,NEP341,2.983527250093315,101.84101150134411,9144.0
380.0,NEP345,3.038379669109018,101.72901761869952,9144.0
380.0,NEP347,3.108150441479729,102.20488449282432,9144.0
390.0,MAS632,1.390653355690455,103.99922575850617,9144.0
390.0,MAS642,1.345165366871197,104.49074908636851,9144.0
390.0,MAS643,1.420224932229899,109.8362785618591,9144.0
390.0,MAS8792,-8.211574608282284,124.94162356500114,9144.0
390.0,MMA231,16.20851136195663,96.36917706983925,9144.0
390.0,MMA232,1.5859724324349587,103.86013761871322,9144.0
390.0,MWG3415,1.5992237505804463,110.59988228442202,9144.0
390.0,MWG3417,1.5535254032718218,110.39971216509515,9144.0
390.0,MWG3420,2.613911436095348,111.7337392312742,9144.0
390.0,MWG3421,2.1862529115456963,111.31972474692542,9144.0
390.0,MWG3752,1.3847354853399398,110.31750921633216,9144.0
390.0,MWG3753,3.4867821350128083,113.67354755747802,9144.0
390.0,MXD1636,2.778533038715725,101.54732207434157,9144.0
390.0,MXD801,2.1717558460111124,102.33629848072466,9144.0
390.0,MXD803,2.743946943902545,101.71541742121916,9144.0
390.0,MXD804,1.5650857044937394,103.93680115755973,9144.0
390.0,MYU2211,22.13846805671908,113.4582388196084,9144.0
390.0,NEP341,2.9914815481369397,101.86086423864475,9144.0
390.0,NEP345,3.0297373069005262,101.74614797783369,9144.0
390.0,NEP347,3.1151622319239074,102.230573311274,9144.0
390.0,MAS632,1.390653355690455,103.99922575850617,9144.0
390.0,MAS642,1.345165366871197,104.49074908636851,9144.0
390.0,MAS643,1.420224932229899,109.8362785618591,9144.0
390.0,MAS8792,-8.211574608282284,124.94162356500114,9144.0
390.0,MMA231,16.20851136195663,96.36917706983925,9144.0
390.0,MMA232,1.5859724324349587,103.86013761871322,9144.0
390.0,MWG3415,1.5992237505804463,110.59988228442202,9144.0
390.0,MWG3417,1.5535254032718218,110.39971216509515,9144.0
390.0,MWG3420,2.613911436095348,111.7337392312742,9144.0
390.0,MWG3421,2.1862529115456963,111.31972474692542,9144.0
390.0,MWG3752,1.3847354853399398,110.31750921633216,9144.0
390.0,MWG3753,3.4867821350128083,113.67354755747802,9144.0
390.0,MXD1636,2.778533038715725,101.54732207434157,9144.0
390.0,MXD801,2.1717558460111124,102.33629848072466,9144.0
390.0,MXD803,2.743946943902545,101.71541742121916,9144.0
390.0,MXD804,1.5650857044937394,103.93680115755973,9144.0
390.0,MYU2211,22.13846805671908,113.4582388196084,9144.0
390.0,NEP341,2.9914815481369397,101.86086423864475,9144.0
390.0,NEP345,3.0297373069005262,101.74614797783369,9144.0
390.0,NEP347,3.1151622319239074,102.230573311274,9144.0
400.0,MAS632,1.4125730235585032,103.99562997794918,9144.0
400.0,MAS642,1.341930214753612,104.51671318276672,9144.0
400.0,MAS643,1.4201852645625197,109.80967847132126,9144.0
400.0,MAS8792,-8.198094347237776,124.91788844393362,9144.0
400.0,MMA231,16.1860833438082,96.38498944655959,9144.0
400.0,MMA232,1.6103706755298342,103.86608075779526,9144.0
400.0,MWG3415,1.60473481142396,110.60754096802505,9144.0
400.0,MWG3417,1.5547800573700308,110.41141143072406,9144.0
400.0,MWG3420,2.5998609239963417,111.73371357718881,9144.0
400.0,MWG3421,2.1969989716774525,111.33444649000305,9144.0
400.0,MWG3752,1.3902835532633653,110.3317916426479,9144.0
400.0,MWG3753,3.4800467340103545,113.65680979815248,9144.0
400.0,MXD1636,2.7828130447627815,101.5278611707377,9144.0
400.0,MXD801,2.1540912233352185,102.35716859532728,9144.0
400.0,MXD803,2.7213762708396945,101.71422097174317,9144.0
400.0,MXD804,1.5804796739216227,103.91488275262623,9144.0
400.0,MYU2211,22.113934875054856,113.46147249065166,9144.0
400.0,NEP341,3.003082147264817,101.87882642809195,9144.0
400.0,NEP345,3.0176505827998725,101.76104246572189,9144.0
400.0,NEP347,3.122221875786062,102.2564416678627,9144.0
400.0,MAS632,1.4125730235585032,103.99562997794918,9144.0,"(MMA232),(MXD804)"
400.0,MAS642,1.341930214753612,104.51671318276672,9144.0,"(MXD804),(MMA232)"
410.0,MAS632,1.4347798176331568,103.99613204855758,9144.0
410.0,MAS642,1.338098411294554,104.54259586777863,9144.0
410.0,MAS643,1.4200703121462788,109.78307860104812,9144.0
410.0,MAS8792,-8.184612660392135,124.89415495339951,9144.0
410.0,MMA231,16.16324729402531,96.40108355703688,9144.0
410.0,MMA232,1.6349910763384907,103.87629570750177,9144.0
410.0,MWG3415,1.6098942035931993,110.61544104138723,9144.0
410.0,MWG3417,1.551952547350951,110.42283277393959,9144.0
410.0,MWG3420,2.5864005893611517,111.73774719467222,9144.0
410.0,MWG3421,2.2083936201376817,111.34867151987366,9144.0
410.0,MWG3752,1.3994202956022872,110.34409037560395,9144.0
410.0,MWG3753,3.4733108070743257,113.64007237080641,9144.0
410.0,MXD1636,2.78305761296251,101.50773509405114,9144.0
410.0,MXD801,2.1363762898563707,102.37799572051733,9144.0
410.0,MXD803,2.6989619322071627,101.7171329767006,9144.0
410.0,MXD804,1.592340663143834,103.89086634939879,9144.0
410.0,MYU2211,22.090236727230955,113.46904626429668,9144.0
410.0,NEP341,3.0110364453084415,101.89867952064374,9144.0
410.0,NEP345,3.003413769872575,101.77590915402708,9144.0
410.0,NEP347,3.1294434572690926,102.28226532956975,9144.0
410.0,MAS632,1.4347798176331568,103.99613204855758,9144.0,"(MMA232),(MXD804)"
410.0,MAS642,1.338098411294554,104.54259586777863,9144.0,"(MXD804),(MMA232)"
420.0,MAS632,1.4574244306479158,103.99255115240183,9144.0
420.0,MAS642,1.3342389074736796,104.56866282751692,9144.0
420.0,MAS643,1.4199534611547127,109.75616990360139,9144.0
420.0,MAS8792,-8.171129547414859,124.87042309236712,9144.0
420.0,MMA231,16.14037863339242,96.41712553999689,9144.0
420.0,MMA232,1.657922808371929,103.89024677054603,9144.0
420.0,MWG3415,1.6159912423931175,110.62244808161734,9144.0
420.0,MWG3417,1.5453463805022145,110.43274190475198,9144.0
420.0,MWG3420,2.5746753752151244,111.74549691038514,9144.0
420.0,MWG3421,2.222855763970171,111.36020022267917,9144.0
420.0,MWG3752,1.4099377741404444,110.35523068349904,9144.0
420.0,MWG3753,3.466462244399823,113.6233810047764,9144.0
420.0,MXD1636,2.7792160483732835,101.48770691507477,9144.0
420.0,MXD801,2.118501907054408,102.39900864971709,9144.0
420.0,MXD803,2.6774439404541917,101.7240571515961,9144.0
420.0,MXD804,1.6003894505038256,103.86531734793742,9144.0
420.0,MYU2211,22.068028238562274,113.48074962942015,9144.0
420.0,NEP341,3.017886755710149,101.92083447874927,9144.0
420.0,NEP345,2.991990432938422,101.79375028012701,9144.0
420.0,NEP347,3.136763719090657,102.30844582727468,9144.0
420.0,MAS632,1.4574244306479158,103.99255115240183,9144.0,"(MMA232),(MXD804)"
420.0,MAS642,1.3342389074736796,104.56866282751692,9144.0,"(MXD804),(MMA232)"
430.0,MAS632,1.4797122056515621,103.98488277093821,9144.0
430.0,MAS642,1.334477981222854,104.59501303032478,9144.0
430.0,MAS643,1.4198618956736855,109.72926110923842,9144.0
430.0,MAS8792,-8.157645007523849,124.84669286006674,9144.0
430.0,MMA231,16.117255103374593,96.43334037018198,9144.0
430.0,MMA232,1.6829273993657758,103.90066225601032,9144.0
430.0,MWG3415,1.6245016132158236,110.62616535773044,9144.0
430.0,MWG3417,1.5357765852015632,110.4398282288942,9144.0
430.0,MWG3420,2.565682634337446,111.75630349056736,9144.0
430.0,MWG3421,2.2395028948572477,111.36825234547132,9144.0
430.0,MWG3752,1.4204551929312523,110.36637109835571,9144.0
430.0,MWG3753,3.4593033810177247,113.6059350980544,9144.0
430.0,MXD1636,2.771389388486544,101.46859073129328,9144.0
430.0,MXD801,2.100692834190565,102.4200767939754,9144.0
430.0,MXD803,2.6575327150154533,101.734764771832,9144.0
430.0,MXD804,1.6076865088902157,103.8393510370969,9144.0
430.0,MYU2211,22.04815354881373,113.49613629833053,9144.0
430.0,NEP341,3.0281339401973777,101.94335696892539,9144.0
430.0,NEP345,2.983541843749012,101.81453228531342,9144.0
430.0,NEP347,3.144069446861618,102.33463057983383,9144.0
430.0,MAS632,1.4797122056515621,103.98488277093821,9144.0,"(MMA232),(MXD804)"
430.0,MAS642,1.334477981222854,104.59501303032478,9144.0,"(MXD804),(MMA232)"
440.0,MAS632,1.499837144522662,103.97363104097197,9144.0
440.0,MAS642,1.335293706944571,104.62153775496657,9144.0
440.0,MAS643,1.4197691514807695,109.70216756048798,9144.0
440.0,MAS8792,-8.144159039363908,124.82296425606116,9144.0
440.0,MMA231,16.09416419934163,96.44960360615602,9144.0
440.0,MMA232,1.7094922539584627,103.90783289215724,9144.0
440.0,MWG3415,1.6340697642022586,110.62663456689886,9144.0
440.0,MWG3417,1.5306955122124322,110.4485690940409,9144.0
440.0,MWG3420,2.559907331765363,111.76958940704306,9144.0
440.0,MWG3421,2.255780503286818,111.37702864515771,9144.0
440.0,MWG3752,1.427641666645953,110.37990316909043,9144.0
440.0,MWG3753,3.45219279400076,113.58846951808731,9144.0
440.0,MXD1636,2.7599375352165856,101.45140437999522,9144.0
440.0,MXD801,2.082804184856624,102.44123749723316,9144.0
440.0,MXD803,2.6398856277164517,101.74890223453181,9144.0
440.0,MXD804,1.615082924864725,103.81302939921237,9144.0
440.0,MYU2211,22.0309453964777,113.5148917348775,9144.0
440.0,NEP341,3.0383017418793283,101.96570684809832,9144.0
440.0,NEP345,2.9790228030199843,101.83650916235997,9144.0
440.0,NEP347,3.1514567173775987,102.36111164498726,9144.0
440.0,MAS632,1.499837144522662,103.97363104097197,9144.0
440.0,MAS642,1.335293706944571,104.62153775496657,9144.0
440.0,MAS643,1.4197691514807695,109.70216756048798,9144.0
440.0,MAS8792,-8.144159039363908,124.82296425606116,9144.0
440.0,MMA231,16.09416419934163,96.44960360615602,9144.0
440.0,MMA232,1.7094922539584627,103.90783289215724,9144.0
440.0,MWG3415,1.6340697642022586,110.62663456689886,9144.0
440.0,MWG3417,1.5306955122124322,110.4485690940409,9144.0
440.0,MWG3420,2.559907331765363,111.76958940704306,9144.0
440.0,MWG3421,2.255780503286818,111.37702864515771,9144.0
440.0,MWG3752,1.427641666645953,110.37990316909043,9144.0
440.0,MWG3753,3.45219279400076,113.58846951808731,9144.0
440.0,MXD1636,2.7599375352165856,101.45140437999522,9144.0
440.0,MXD801,2.082804184856624,102.44123749723316,9144.0
440.0,MXD803,2.6398856277164517,101.74890223453181,9144.0
440.0,MXD804,1.615082924864725,103.81302939921237,9144.0
440.0,MYU2211,22.0309453964777,113.5148917348775,9144.0
440.0,NEP341,3.0383017418793283,101.96570684809832,9144.0
440.0,NEP345,2.9790228030199843,101.83650916235997,9144.0
440.0,NEP347,3.1514567173775987,102.36111164498726,9144.0
450.0,MAS632,1.5176469825857697,103.9589856328432,9144.0
450.0,MAS642,1.3361080523404207,104.64806253083547,9144.0
450.0,MAS643,1.4196692850578918,109.6750740382398,9144.0
450.0,MAS8792,-8.13067164083731,124.79923728034417,9144.0
450.0,MMA231,16.070869938572976,96.46600404494033,9144.0
450.0,MMA232,1.7368282345409474,103.91096609291971,9144.0
450.0,MWG3415,1.6437842550103325,110.62711095695376,9144.0
450.0,MWG3417,1.5297638006146013,110.45810671616012,9144.0
450.0,MWG3420,2.550852325179433,111.7802507171733,9144.0
450.0,MWG3421,2.2712100814607417,111.38672218476412,9144.0
450.0,MWG3752,1.4306447987046813,110.39421153300688,9144.0
450.0,MWG3753,3.4451071632713206,113.571067037076,9144.0
450.0,MXD1636,2.745313821562063,101.43682819428466,9144.0
450.0,MXD801,2.064822511783736,102.46231886474737,9144.0
450.0,MXD803,2.625085299552979,101.76600273890247,9144.0
450.0,MXD804,1.622478687839415,103.78670748167767,9144.0
450.0,MYU2211,22.011070706729157,113.53027437482204,9144.0
450.0,NEP341,3.04846811318181,101.98805759063389,9144.0
450.0,NEP345,2.97858510412498,101.8589427902718,9144.0
450.0,NEP347,3.157952830918507,102.38782616373061,9144.0
450.0,MAS632,1.5176469825857697,103.9589856328432,9144.0
450.0,MAS642,1.3361080523404207,104.64806253083547,9144.0
450.0,MAS643,1.4196692850578918,109.6750740382398,9144.0
450.0,MAS8792,-8.13067164083731,124.79923728034417,9144.0
450.0,MMA231,16.070869938572976,96.46600404494033,9144.0
450.0,MMA232,1.7368282345409474,103.91096609291971,9144.0
450.0,MWG3415,1.6437842550103325,110.62711095695376,9144.0
450.0,MWG3417,1.5297638006146013,110.45810671616012,9144.0
450.0,MWG3420,2.550852325179433,111.7802507171733,9144.0
450.0,MWG3421,2.2712100814607417,111.38672218476412,9144.0
450.0,MWG3752,1.4306447987046813,110.39421153300688,9144.0
450.0,MWG3753,3.4451071632713206,113.571067037076,9144.0
450.0,MXD1636,2.745313821562063,101.43682819428466,9144.0
450.0,MXD801,2.064822511783736,102.46231886474737,9144.0
450.0,MXD803,2.625085299552979,101.76600273890247,9144.0
450.0,MXD804,1.622478687839415,103.78670748167767,9144.0
450.0,MYU2211,22.011070706729157,113.53027437482204,9144.0
450.0,NEP341,3.04846811318181,101.98805759063389,9144.0
450.0,NEP345,2.97858510412498,101.8589427902718,9144.0
450.0,NEP347,3.157952830918507,102.38782616373061,9144.0
460.0,MAS632,1.5325765245223297,103.94141128886449,9144.0
460.0,MAS642,1.3365546614587946,104.67459605570302,9144.0
460.0,MAS643,1.4195668258293024,109.64742866650133,9144.0
460.0,MAS8792,-8.117182808860237,124.77551193348214,9144.0
460.0,MMA231,16.04750802585035,96.48229802306017,9144.0
460.0,MMA232,1.7647087417774376,103.91115046093319,9144.0
460.0,MWG3415,1.6524477951973833,110.63153333491802,9144.0
460.0,MWG3417,1.5328850906429128,110.46716683650482,9144.0
460.0,MWG3420,2.5390015932497025,111.78793761939771,9144.0
460.0,MWG3421,2.2867547502080288,111.39648830165333,9144.0
460.0,MWG3752,1.4295579560314173,110.40879136635145,9144.0
460.0,MWG3753,3.438036179024034,113.5536587073752,9144.0
460.0,MXD1636,2.7280971417688433,101.42543913965609,9144.0
460.0,MXD801,2.0466423443622483,102.48363134096525,9144.0
460.0,MXD803,2.6136203653794206,101.78550169886509,9144.0
460.0,MXD804,1.633735052420964,103.76179194297926,9144.0
460.0,MYU2211,21.98789771039933,113.54277100024338,9144.0
460.0,NEP341,3.059556504914502,102.0099645003766,9144.0
460.0,NEP345,2.9822202940111695,101.8823914335524,9144.0
460.0,NEP347,3.1644479131917245,102.41454110124471,9144.0
460.0,MAS632,1.5325765245223297,103.94141128886449,9144.0
460.0,MAS642,1.3365546614587946,104.67459605570302,9144.0
460.0,MAS643,1.4195668258293024,109.64742866650133,9144.0
460.0,MAS8792,-8.117182808860237,124.77551193348214,9144.0
460.0,MMA231,16.04750802585035,96.48229802306017,9144.0
460.0,MMA232,1.7647087417774376,103.91115046093319,9144.0
460.0,MWG3415,1.6524477951973833,110.63153333491802,9144.0
460.0,MWG3417,1.5328850906429128,110.46716683650482,9144.0
460.0,MWG3420,2.5390015932497025,111.78793761939771,9144.0
460.0,MWG3421,2.2867547502080288,111.39648830165333,9144.0
460.0,MWG3752,1.4295579560314173,110.40879136635145,9144.0
460.0,MWG3753,3.438036179024034,113.5536587073752,9144.0
460.0,MXD1636,2.7280971417688433,101.42543913965609,9144.0
460.0,MXD801,2.0466423443622483,102.48363134096525,9144.0
460.0,MXD803,2.6136203653794206,101.78550169886509,9144.0
460.0,MXD804,1.633735052420964,103.76179194297926,9144.0
460.0,MYU2211,21.98789771039933,113.54277100024338,9144.0
460.0,NEP341,3.059556504914502,102.0099645003766,9144.0
460.0,NEP345,2.9822202940111695,101.8823914335524,9144.0
460.0,NEP347,3.1644479131917245,102.41454110124471,9144.0
470.0,MAS632,1.5453314709904156,103.92007257976745,9144.0
470.0,MAS642,1.3370016538046532,104.70125335230405,9144.0
470.0,MAS643,1.4194147996425528,109.61978352486224,9144.0
470.0,MAS8792,-8.103692538999546,124.75178821682499,9144.0
470.0,MMA231,16.023892499964422,96.49876295385204,9144.0
470.0,MMA232,1.7925381422953226,103.9094522466464,9144.0
470.0,MWG3415,1.658813542294167,110.63927304752245,9144.0
470.0,MWG3417,1.539548301825551,110.47425457035465,9144.0
470.0,MWG3420,2.525444910554528,111.7918947790875,9144.0
470.0,MWG3421,2.301692355510647,111.40716133312414,9144.0
470.0,MWG3752,1.4244666203151564,110.42249592137752,9144.0
470.0,MWG3753,3.4307105168901857,113.53562528903115,9144.0
470.0,MXD1636,2.7089690352256657,101.41768797667021,9144.0
470.0,MXD801,2.0286477437732677,102.50510068541841,9144.0
470.0,MXD803,2.6058693415623417,101.80675537908353,9144.0
470.0,MXD804,1.648596584994587,103.73862639134136,9144.0
470.0,MYU2211,21.96346844509588,113.5520760893951,9144.0
470.0,NEP341,3.0707008055534257,102.03198549539017,9144.0
470.0,NEP345,2.989844358765269,101.9048594603596,9144.0
470.0,NEP347,3.169900929288491,102.44148890821701,9144.0
470.0,MAS632,1.5453314709904156,103.92007257976745,9144.0
470.0,MAS642,1.3370016538046532,104.70125335230405,9144.0
470.0,MAS643,1.4194147996425528,109.61978352486224,9144.0
470.0,MAS8792,-8.103692538999546,124.75178821682499,9144.0
470.0,MMA231,16.023892499964422,96.49876295385204,9144.0
470.0,MMA232,1.7925381422953226,103.9094522466464,9144.0
470.0,MWG3415,1.658813542294167,110.63927304752245,9144.0
470.0,MWG3417,1.539548301825551,110.47425457035465,9144.0
470.0,MWG3420,2.525444910554528,111.7918947790875,9144.0
470.0,MWG3421,2.301692355510647,111.40716133312414,9144.0
470.0,MWG3752,1.4244666203151564,110.42249592137752,9144.0
470.0,MWG3753,3.4307105168901857,113.53562528903115,9144.0
470.0,MXD1636,2.7089690352256657,101.41768797667021,9144.0
470.0,MXD801,2.0286477437732677,102.50510068541841,9144.0
470.0,MXD803,2.6058693415623417,101.80675537908353,9144.0
470.0,MXD804,1.648596584994587,103.73862639134136,9144.0
470.0,MYU2211,21.96346844509588,113.5520760893951,9144.0
470.0,NEP341,3.0707008055534257,102.03198549539017,9144.0
470.0,NEP345,2.989844358765269,101.9048594603596,9144.0
470.0,NEP347,3.169900929288491,102.44148890821701,9144.0
480.0,MAS632,1.5551716811089165,103.89562622618762,9144.0
480.0,MAS642,1.3377524503561067,104.72790382706735,9144.0
480.0,MAS643,1.4192585277904213,109.59146877766204,9144.0
480.0,MAS8792,-8.090200824906104,124.72806613283554,9144.0
480.0,MMA231,16.000353082060787,96.5153434845349,9144.0
480.0,MMA232,1.8203067107059727,103.90775769293303,9144.0
480.0,MWG3415,1.6629612396225706,110.64839677488204,9144.0
480.0,MWG3417,1.548308004571219,110.47775568206097,9144.0
480.0,MWG3420,2.5113239618382055,111.79178902307748,9144.0
480.0,MWG3421,2.316850732027342,111.41799241640825,9144.0
480.0,MWG3752,1.4232798594073355,110.43735045790213,9144.0
480.0,MWG3753,3.4232813458253566,113.51763455794557,9144.0
480.0,MXD1636,2.6883113895697757,101.41373043670245,9144.0
480.0,MXD801,2.0102630540614967,102.52703402568177,9144.0
480.0,MXD803,2.602088129210985,101.82906213968577,9144.0
480.0,MXD804,1.65984426890282,103.71350502880114,9144.0
480.0,MYU2211,21.937982223501486,113.55709969172918,9144.0
480.0,NEP341,3.080848273155804,102.05448481257756,9144.0
480.0,NEP345,3.0012282577105527,101.92567194421373,9144.0
480.0,NEP347,3.1753893199179726,102.46861719086603,9144.0
480.0,MAS632,1.5551716811089165,103.89562622618762,9144.0
480.0,MAS642,1.3377524503561067,104.72790382706735,9144.0
480.0,MAS643,1.4192585277904213,109.59146877766204,9144.0
480.0,MAS8792,-8.090200824906104,124.72806613283554,9144.0
480.0,MMA231,16.000353082060787,96.5153434845349,9144.0
480.0,MMA232,1.8203067107059727,103.90775769293303,9144.0
480.0,MWG3415,1.6629612396225706,110.64839677488204,9144.0
480.0,MWG3417,1.548308004571219,110.47775568206097,9144.0
480.0,MWG3420,2.5113239618382055,111.79178902307748,9144.0
480.0,MWG3421,2.316850732027342,111.41799241640825,9144.0
480.0,MWG3752,1.4232798594073355,110.43735045790213,9144.0
480.0,MWG3753,3.4232813458253566,113.51763455794557,9144.0
480.0,MXD1636,2.6883113895697757,101.41373043670245,9144.0
480.0,MXD801,2.0102630540614967,102.52703402568177,9144.0
480.0,MXD803,2.602088129210985,101.82906213968577,9144.0
480.0,MXD804,1.65984426890282,103.71350502880114,9144.0
480.0,MYU2211,21.937982223501486,113.55709969172918,9144.0
480.0,NEP341,3.080848273155804,102.05448481257756,9144.0
480.0,NEP345,3.0012282577105527,101.92567194421373,9144.0
480.0,NEP347,3.1753893199179726,102.46861719086603,9144.0
490.0,MAS632,1.5614598722478241,103.87003406471545,9144.0
490.0,MAS642,1.3385007796785895,104.7544924996812,9144.0
490.0,MAS643,1.4192265807695281,109.5631536173852,9144.0
490.0,MAS8792,-8.076707657379055,124.70434568563307,9144.0
490.0,MMA231,15.97656172238701,96.53209547269847,9144.0
490.0,MMA232,1.8480752775395342,103.90606308704943,9144.0
490.0,MWG3415,1.6671088869493929,110.65752054419052,9144.0
490.0,MWG3417,1.5577262750513583,110.47722879245148,9144.0
490.0,MWG3420,2.497827951870583,111.78762934343064,9144.0
490.0,MWG3421,2.332008968618383,111.42882381215598,9144.0
490.0,MWG3752,1.426185613923201,110.45196614958999,9144.0
490.0,MWG3753,3.4158771389671907,113.4997064591741,9144.0
490.0,MXD1636,2.6672793287490077,101.41386626652496,9144.0
490.0,MXD801,1.9936486459392966,102.55033842435454,9144.0
490.0,MXD803,2.6024015655672215,101.85168558934127,9144.0
490.0,MXD804,1.6674740814624147,103.6870580635783,9144.0
490.0,MYU2211,21.91162688459967,113.55886471310262,9144.0
490.0,NEP341,3.091253964791439,102.07756051531463,9144.0
490.0,NEP345,3.01206961874495,101.94677311778594,9144.0
490.0,NEP347,3.1810278772637948,102.49571471297492,9144.0
490.0,MAS632,1.5614598722478241,103.87003406471545,9144.0
490.0,MAS642,1.3385007796785895,104.7544924996812,9144.0
490.0,MAS643,1.4192265807695281,109.5631536173852,9144.0
490.0,MAS8792,-8.076707657379055,124.70434568563307,9144.0
490.0,MMA231,15.97656172238701,96.53209547269847,9144.0
490.0,MMA232,1.8480752775395342,103.90606308704943,9144.0
490.0,MWG3415,1.6671088869493929,110.65752054419052,9144.0
490.0,MWG3417,1.5577262750513583,110.47722879245148,9144.0
490.0,MWG3420,2.497827951870583,111.78762934343064,9144.0
490.0,MWG3421,2.332008968618383,111.42882381215598,9144.0
490.0,MWG3752,1.426185613923201,110.45196614958999,9144.0
490.0,MWG3753,3.4158771389671907,113.4997064591741,9144.0
490.0,MXD1636,2.6672793287490077,101.41386626652496,9144.0
490.0,MXD801,1.9936486459392966,102.55033842435454,9144.0
490.0,MXD803,2.6024015655672215,101.85168558934127,9144.0
490.0,MXD804,1.6674740814624147,103.6870580635783,9144.0
490.0,MYU2211,21.91162688459967,113.55886471310262,9144.0
490.0,NEP341,3.091253964791439,102.07756051531463,9144.0
490.0,NEP345,3.01206961874495,101.94677311778594,9144.0
490.0,NEP347,3.1810278772637948,102.49571471297492,9144.0
500.0,MAS632,1.5716490465631736,103.84573100348244,9144.0
500.0,MAS642,1.339061663235537,104.78108579536531,9144.0
500.0,MAS643,1.4191934500382515,109.53429451174155,9144.0
500.0,MAS8792,-8.06321302270217,124.68062688195995,9144.0
500.0,MMA231,15.952712446544528,96.54875613482285,9144.0
500.0,MMA232,1.8758367723798517,103.90425618112346,9144.0
500.0,MWG3415,1.6712564775598349,110.66664435855034,9144.0
500.0,MWG3417,1.5660411396133065,110.47277243899931,9144.0
500.0,MWG3420,2.486093455803219,111.7797661192386,9144.0
500.0,MWG3421,2.3456842566638687,111.44147892185676,9144.0
500.0,MWG3752,1.432963844426482,110.46523623771618,9144.0
500.0,MWG3753,3.4086142092244613,113.48172059392468,9144.0
500.0,MXD1636,2.6466744061813126,101.41809015108758,9144.0
500.0,MXD801,1.976718876046328,102.57408346143242,9144.0
500.0,MXD803,2.6067993024869693,101.87387888371566,9144.0
500.0,MXD804,1.67895537662448,103.66204245208118,9144.0
500.0,MYU2211,21.885271526821253,113.56062908071549,9144.0
500.0,NEP341,3.102688074880638,102.1001430994793,9144.0
500.0,NEP345,3.0230857445990282,101.96821599937284,9144.0
500.0,NEP347,3.1867399973608763,102.52317126314277,9144.0
500.0,MAS632,1.5716490465631736,103.84573100348244,9144.0
500.0,MAS642,1.339061663235537,104.78108579536531,9144.0
500.0,MAS643,1.4191934500382515,109.53429451174155,9144.0
500.0,MAS8792,-8.06321302270217,124.68062688195995,9144.0
500.0,MMA231,15.952712446544528,96.54875613482285,9144.0
500.0,MMA232,1.8758367723798517,103.90425618112346,9144.0
500.0,MWG3415,1.6712564775598349,110.66664435855034,9144.0
500.0,MWG3417,1.5660411396133065,110.47277243899931,9144.0
500.0,MWG3420,2.486093455803219,111.7797661192386,9144.0
500.0,MWG3421,2.3456842566638687,111.44147892185676,9144.0
500.0,MWG3752,1.432963844426482,110.46523623771618,9144.0
500.0,MWG3753,3.4086142092244613,113.48172059392468,9144.0
500.0,MXD1636,2.6466744061813126,101.41809015108758,9144.0
500.0,MXD801,1.976718876046328,102.57408346143242,9144.0
500.0,MXD803,2.6067993024869693,101.87387888371566,9144.0
500.0,MXD804,1.67895537662448,103.66204245208118,9144.0
500.0,MYU2211,21.885271526821253,113.56062908071549,9144.0
500.0,NEP341,3.102688074880638,102.1001430994793,9144.0
500.0,NEP345,3.0230857445990282,101.96821599937284,9144.0
500.0,NEP347,3.1867399973608763,102.52317126314277,9144.0
510.0,MAS632,1.585806418662729,103.8225592011877,9144.0
510.0,MAS642,1.3396219198428967,104.80767911035208,9144.0
510.0,MAS643,1.419142005844684,109.50543543359119,9144.0
510.0,MAS8792,-8.049716899373564,124.65690973308133,9144.0
510.0,MMA231,15.928561887877802,96.56562180934387,9144.0
510.0,MMA232,1.9040230502640234,103.90242156865949,9144.0
510.0,MWG3415,1.6754039397439722,110.67576825063402,9144.0
510.0,MWG3417,1.5716970502066545,110.4652202996835,9144.0
510.0,MWG3420,2.477108701762666,111.76886159401275,9144.0
510.0,MWG3421,2.359558073011903,111.45431818779592,9144.0
510.0,MWG3752,1.4375407606277404,110.47956510364499,9144.0
510.0,MWG3753,3.401325359810315,113.46367276395435,9144.0
510.0,MXD1636,2.6272818966075486,101.42624098902284,9144.0
510.0,MXD801,1.959003227595892,102.59724713688809,9144.0
510.0,MXD803,2.6151361480855844,101.89490936871643,9144.0
510.0,MXD804,1.6909475511002767,103.6365246380578,9144.0
510.0,MYU2211,21.858905325645754,113.5621937404465,9144.0
510.0,NEP341,3.114347512911749,102.12317421761932,9144.0
510.0,NEP345,3.0316470682047307,101.99075481049248,9144.0
510.0,NEP347,3.1926578632382774,102.55058422649897,9144.0
510.0,MAS632,1.585806418662729,103.8225592011877,9144.0
510.0,MAS642,1.3396219198428967,104.80767911035208,9144.0
510.0,MAS643,1.419142005844684,109.50543543359119,9144.0
510.0,MAS8792,-8.049716899373564,124.65690973308133,9144.0
510.0,MMA231,15.928561887877802,96.56562180934387,9144.0
510.0,MMA232,1.9040230502640234,103.90242156865949,9144.0
510.0,MWG3415,1.6754039397439722,110.67576825063402,9144.0
510.0,MWG3417,1.5716970502066545,110.4652202996835,9144.0
510.0,MWG3420,2.477108701762666,111.76886159401275,9144.0
510.0,MWG3421,2.359558073011903,111.45431818779592,9144.0
510.0,MWG3752,1.4375407606277404,110.47956510364499,9144.0
510.0,MWG3753,3.401325359810315,113.46367276395435,9144.0
510.0,MXD1636,2.6272818966075486,101.42624098902284,9144.0
510.0,MXD801,1.959003227595892,102.59724713688809,9144.0
510.0,MXD803,2.6151361480855844,101.89490936871643,9144.0
510.0,MXD804,1.6909475511002767,103.6365246380578,9144.0
510.0,MYU2211,21.858905325645754,113.5621937404465,9144.0
510.0,NEP341,3.114347512911749,102.12317421761932,9144.0
510.0,NEP345,3.0316470682047307,101.99075481049248,9144.0
510.0,NEP347,3.1926578632382774,102.55058422649897,9144.0
520.0,MAS632,1.6032972299518196,103.80178995466729,9144.0
520.0,MAS642,1.3403043670134296,104.83426957605418,9144.0
520.0,MAS643,1.4190892198776315,109.47615569399376,9144.0
520.0,MAS8792,-8.03621925067208,124.63319425910339,9144.0
520.0,MMA231,15.90442522039776,96.58250694688003,9144.0
520.0,MMA232,1.9322138025560638,103.90065709341455,9144.0
520.0,MWG3415,1.6817690410693875,110.68350858520203,9144.0
520.0,MWG3417,1.5736358969089588,110.45598523509149,9144.0
520.0,MWG3420,2.471630346583785,111.75583409973937,9144.0
520.0,MWG3421,2.3719715447388134,111.46857666135332,9144.0
520.0,MWG3752,1.4421175433872895,110.49389404099321,9144.0
520.0,MWG3753,3.3938892378299292,113.44568546465737,9144.0
520.0,MXD1636,2.6098408684653713,101.43800804555848,9144.0
520.0,MXD801,1.9412142813979099,102.62050556013357,9144.0
520.0,MXD803,2.627813369064866,101.91578062432566,9144.0
520.0,MXD804,1.7031195937565111,103.61062270229353,9144.0
520.0,MYU2211,21.83216850411069,113.56377980278438,9144.0
520.0,NEP341,3.125513375582341,102.14644959665681,9144.0
520.0,NEP345,3.0407020931827464,102.01459551969519,9144.0
520.0,NEP347,3.1987154539863503,102.57865008928903,9144.0
520.0,MAS632,1.6032972299518196,103.80178995466729,9144.0
520.0,MAS642,1.3403043670134296,104.83426957605418,9144.0
520.0,MAS643,1.4190892198776315,109.47615569399376,9144.0
520.0,MAS8792,-8.03621925067208,124.63319425910339,9144.0
520.0,MMA231,15.90442522039776,96.58250694688003,9144.0
520.0,MMA232,1.9322138025560638,103.90065709341455,9144.0
520.0,MWG3415,1.6817690410693875,110.68350858520203,9144.0
520.0,MWG3417,1.5736358969089588,110.45598523509149,9144.0
520.0,MWG3420,2.471630346583785,111.75583409973937,9144.0
520.0,MWG3421,2.3719715447388134,111.46857666135332,9144.0
520.0,MWG3752,1.4421175433872895,110.49389404099321,9144.0
520.0,MWG3753,3.3938892378299292,113.44568546465737,9144.0
520.0,MXD1636,2.6098408684653713,101.43800804555848,9144.0
520.0,MXD801,1.9412142813979099,102.62050556013357,9144.0
520.0,MXD803,2.627813369064866,101.91578062432566,9144.0
520.0,MXD804,1.7031195937565111,103.61062270229353,9144.0
520.0,MYU2211,21.83216850411069,113.56377980278438,9144.0
520.0,NEP341,3.125513375582341,102.14644959665681,9144.0
520.0,NEP345,3.0407020931827464,102.01459551969519,9144.0
520.0,NEP347,3.1987154539863503,102.57865008928903,9144.0
530.0,MAS632,1.621006409693648,103.78096407555313,9144.0
530.0,MAS642,1.3409877788371658,104.86092190010305,9144.0
530.0,MAS643,1.4194131998306465,109.44687769625288,9144.0
530.0,MAS8792,-8.022720003342343,124.60948050135447,9144.0
530.0,MMA231,15.880038299962537,96.59956159273428,9144.0
530.0,MMA232,1.9608874879145606,103.89886233092126,9144.0
530.0,MWG3415,1.6914037225970524,110.688897765248,9144.0
530.0,MWG3417,1.5714949595357424,110.44679496109225,9144.0
530.0,MWG3420,2.470119753468194,111.74178072615288,9144.0
530.0,MWG3421,2.3820010519264314,111.4847640669741,9144.0
530.0,MWG3752,1.4458092566215923,110.50847628938705,9144.0
530.0,MWG3753,3.3862982808390942,113.42732656055448,9144.0
530.0,MXD1636,2.59501601723275,101.45294280392892,9144.0
530.0,MXD801,1.9234244998689636,102.64376310009531,9144.0
530.0,MXD803,2.6441742364271312,101.93482810090464,9144.0
530.0,MXD804,1.7147234198449064,103.58446089168847,9144.0
530.0,MYU2211,21.80543166210678,113.56536516843073,9144.0
530.0,NEP341,3.136677608516453,102.16972600788577,9144.0
530.0,NEP345,3.0497558248273626,102.03843692188953,9144.0
530.0,NEP347,3.204877301276854,102.60669334482704,9144.0
530.0,MAS632,1.621006409693648,103.78096407555313,9144.0
530.0,MAS642,1.3409877788371658,104.86092190010305,9144.0
530.0,MAS643,1.4194131998306465,109.44687769625288,9144.0
530.0,MAS8792,-8.022720003342343,124.60948050135447,9144.0
530.0,MMA231,15.880038299962537,96.59956159273428,9144.0
530.0,MMA232,1.9608874879145606,103.89886233092126,9144.0
530.0,MWG3415,1.6914037225970524,110.688897765248,9144.0
530.0,MWG3417,1.5714949595357424,110.44679496109225,9144.0
530.0,MWG3420,2.470119753468194,111.74178072615288,9144.0
530.0,MWG3421,2.3820010519264314,111.4847640669741,9144.0
530.0,MWG3752,1.4458092566215923,110.50847628938705,9144.0
530.0,MWG3753,3.3862982808390942,113.42732656055448,9144.0
530.0,MXD1636,2.59501601723275,101.45294280392892,9144.0
530.0,MXD801,1.9234244998689636,102.64376310009531,9144.0
530.0,MXD803,2.6441742364271312,101.93482810090464,9144.0
530.0,MXD804,1.7147234198449064,103.58446089168847,9144.0
530.0,MYU2211,21.80543166210678,113.56536516843073,9144.0
530.0,NEP341,3.136677608516453,102.16972600788577,9144.0
530.0,NEP345,3.0497558248273626,102.03843692188953,9144.0
530.0,NEP347,3.204877301276854,102.60669334482704,9144.0
540.0,MAS632,1.6387947403543013,103.76004440993074,9144.0
540.0,MAS642,1.341562579572644,104.88757679537015,9144.0
540.0,MAS643,1.4197438557220936,109.41694287193921,9144.0
540.0,MAS8792,-8.009218951626066,124.58576857812804,9144.0
540.0,MMA231,15.855681698013674,96.61666094080394,9144.0
540.0,MMA232,1.9895564514339086,103.89699354171732,9144.0
540.0,MWG3415,1.7016908243557471,110.69397999911114,9144.0
540.0,MWG3417,1.5656347266823856,110.43921405985292,9144.0
540.0,MWG3420,2.472704137985785,111.72788494526634,9144.0
540.0,MWG3421,2.392101379082944,111.50106640507423,9144.0
540.0,MWG3752,1.4493277845094699,110.5223756739077,9144.0
540.0,MWG3753,3.3786548614823677,113.40898965711303,9144.0
540.0,MXD1636,2.5833723332012863,101.47047606242577,9144.0
540.0,MXD801,1.9057921672460703,102.66714012694145,9144.0
540.0,MXD803,2.66302317461302,101.9517908931767,9144.0
540.0,MXD804,1.7264490250341622,103.55802303490464,9144.0
540.0,MYU2211,21.778387208994186,113.56696817052284,9144.0
540.0,NEP341,3.1472813175908603,102.19326407639323,9144.0
540.0,NEP345,3.0594474530220555,102.06202571076004,9144.0
540.0,NEP347,3.2111027292436014,102.63503168776238,9144.0
540.0,MAS632,1.6387947403543013,103.76004440993074,9144.0
540.0,MAS642,1.341562579572644,104.88757679537015,9144.0
540.0,MAS643,1.4197438557220936,109.41694287193921,9144.0
540.0,MAS8792,-8.009218951626066,124.58576857812804,9144.0
540.0,MMA231,15.855681698013674,96.61666094080394,9144.0
540.0,MMA232,1.9895564514339086,103.89699354171732,9144.0
540.0,MWG3415,1.7016908243557471,110.69397999911114,9144.0
540.0,MWG3417,1.5656347266823856,110.43921405985292,9144.0
540.0,MWG3420,2.472704137985785,111.72788494526634,9144.0
540.0,MWG3421,2.392101379082944,111.50106640507423,9144.0
540.0,MWG3752,1.4493277845094699,110.5223756739077,9144.0
540.0,MWG3753,3.3786548614823677,113.40898965711303,9144.0
540.0,MXD1636,2.5833723332012863,101.47047606242577,9144.0
540.0,MXD801,1.9057921672460703,102.66714012694145,9144.0
540.0,MXD803,2.66302317461302,101.9517908931767,9144.0
540.0,MXD804,1.7264490250341622,103.55802303490464,9144.0
540.0,MYU2211,21.778387208994186,113.56696817052284,9144.0
540.0,NEP341,3.1472813175908603,102.19326407639323,9144.0
540.0,NEP345,3.0594474530220555,102.06202571076004,9144.0
540.0,NEP347,3.2111027292436014,102.63503168776238,9144.0
550.0,MAS632,1.6533580801016259,103.73676223706745,9144.0
550.0,MAS642,1.3421433852767914,104.91454023671761,9144.0
550.0,MAS643,1.4211715203758712,109.38704028453009,9144.0
550.0,MAS8792,-7.997859425706255,124.5609388675284,9144.0
550.0,MMA231,15.831174902317688,96.63386011997302,9144.0
550.0,MMA232,2.01834569568831,103.89511684649969,9144.0
550.0,MWG3415,1.7119779118358578,110.6990622890924,9144.0
550.0,MWG3417,1.5570516882031396,110.43463748828572,9144.0
550.0,MWG3420,2.47916585453376,111.7153169652674,9144.0
550.0,MWG3421,2.40220142744698,111.51736903650689,9144.0
550.0,MWG3752,1.4550083309052566,110.53553973334498,9144.0
550.0,MWG3753,3.371191174098776,113.39108715508675,9144.0
550.0,MXD1636,2.5753535691164906,101.48993962511089,9144.0
550.0,MXD801,1.888122966674193,102.69056416854703,9144.0
550.0,MXD803,2.679310847542299,101.97196172226658,9144.0
550.0,MXD804,1.7381731796815576,103.53158437062727,9144.0
550.0,MYU2211,21.751342740324155,113.56857056620585,9144.0
550.0,NEP341,3.154723578644634,102.21831389887092,9144.0
550.0,NEP345,3.0693281190981763,102.08607829674435,9144.0
550.0,NEP347,3.2172733480307945,102.66338222493695,9144.0
550.0,MAS632,1.6533580801016259,103.73676223706745,9144.0
550.0,MAS642,1.3421433852767914,104.91454023671761,9144.0
550.0,MAS643,1.4211715203758712,109.38704028453009,9144.0
550.0,MAS8792,-7.997859425706255,124.5609388675284,9144.0
550.0,MMA231,15.831174902317688,96.63386011997302,9144.0
550.0,MMA232,2.01834569568831,103.89511684649969,9144.0
550.0,MWG3415,1.7119779118358578,110.6990622890924,9144.0
550.0,MWG3417,1.5570516882031396,110.43463748828572,9144.0
550.0,MWG3420,2.47916585453376,111.7153169652674,9144.0
550.0,MWG3421,2.40220142744698,111.51736903650689,9144.0
550.0,MWG3752,1.4550083309052566,110.53553973334498,9144.0
550.0,MWG3753,3.371191174098776,113.39108715508675,9144.0
550.0,MXD1636,2.5753535691164906,101.48993962511089,9144.0
550.0,MXD801,1.888122966674193,102.69056416854703,9144.0
550.0,MXD803,2.679310847542299,101.97196172226658,9144.0
550.0,MXD804,1.7381731796815576,103.53158437062727,9144.0
550.0,MYU2211,21.751342740324155,113.56857056620585,9144.0
550.0,NEP341,3.154723578644634,102.21831389887092,9144.0
550.0,NEP345,3.0693281190981763,102.08607829674435,9144.0
550.0,NEP347,3.2172733480307945,102.66338222493695,9144.0
560.0,MAS632,1.6679210781607385,103.71347967873244,9144.0
560.0,MAS642,1.3429030212608282,104.94149923851292,9144.0
560.0,MAS643,1.4226240315722778,109.35660457389454,9144.0
560.0,MAS8792,-7.985743968588439,124.53446183125762,9144.0
560.0,MMA231,15.80663045310881,96.6509991104036,9144.0
560.0,MMA232,2.047137027756545,103.89327246599349,9144.0
560.0,MWG3415,1.722264982475279,110.70414464054656,9144.0
560.0,MWG3417,1.5473472757147149,110.43398727376095,9144.0
560.0,MWG3420,2.4887199259711945,111.70559420153374,9144.0
560.0,MWG3421,2.4120604509279517,111.53381892420867,9144.0
560.0,MWG3752,1.4578050414913053,110.55017689839467,9144.0
560.0,MWG3753,3.3639309002813795,113.3731010437586,9144.0
560.0,MXD1636,2.5712653283053353,101.51059175995428,9144.0
560.0,MXD801,1.8704223983900836,102.71396425294495,9144.0
560.0,MXD803,2.6926430137981763,101.9949955237651,9144.0
560.0,MXD804,1.7500782574923386,103.5052265871937,9144.0
560.0,MYU2211,21.724301716275665,113.57023867482722,9144.0
560.0,NEP341,3.162324284600393,102.24389994696325,9144.0
560.0,NEP345,3.0779085954813086,102.11062638394895,9144.0
560.0,NEP347,3.223455580460104,102.69179202682174,9144.0
560.0,MAS632,1.6679210781607385,103.71347967873244,9144.0
560.0,MAS642,1.3429030212608282,104.94149923851292,9144.0
560.0,MAS643,1.4226240315722778,109.35660457389454,9144.0
560.0,MAS8792,-7.985743968588439,124.53446183125762,9144.0
560.0,MMA231,15.80663045310881,96.6509991104036,9144.0
560.0,MMA232,2.047137027756545,103.89327246599349,9144.0
560.0,MWG3415,1.722264982475279,110.70414464054656,9144.0
560.0,MWG3417,1.5473472757147149,110.43398727376095,9144.0
560.0,MWG3420,2.4887199259711945,111.70559420153374,9144.0
560.0,MWG3421,2.4120604509279517,111.53381892420867,9144.0
560.0,MWG3752,1.4578050414913053,110.55017689839467,9144.0
560.0,MWG3753,3.3639309002813795,113.3731010437586,9144.0
560.0,MXD1636,2.5712653283053353,101.51059175995428,9144.0
560.0,MXD801,1.8704223983900836,102.71396425294495,9144.0
560.0,MXD803,2.6926430137981763,101.9949955237651,9144.0
560.0,MXD804,1.7500782574923386,103.5052265871937,9144.0
560.0,MYU2211,21.724301716275665,113.57023867482722,9144.0
560.0,NEP341,3.162324284600393,102.24389994696325,9144.0
560.0,NEP345,3.0779085954813086,102.11062638394895,9144.0
560.0,NEP347,3.223455580460104,102.69179202682174,9144.0
570.0,MAS632,1.6824835503022288,103.69019661810175,9144.0
570.0,MAS642,1.3436707300560722,104.9687656147987,9144.0
570.0,MAS643,1.4239601794541425,109.32616351193072,9144.0
570.0,MAS8792,-7.973189093667134,124.50702997802068,9144.0
570.0,MMA231,15.78183711225673,96.66830643710362,9144.0
570.0,MMA232,2.0763480333695274,103.89140113324471,9144.0
570.0,MWG3415,1.7301160170461443,110.71251458087632,9144.0
570.0,MWG3417,1.5382308085823992,110.43737790846797,9144.0
570.0,MWG3420,2.495263242962935,111.69314847342942,9144.0
570.0,MWG3421,2.4219884321285554,111.55038465172844,9144.0
570.0,MWG3752,1.4624766822670032,110.56432736576295,9144.0
570.0,MWG3753,3.3564683658553403,113.35461769527706,9144.0
570.0,MXD1636,2.571198989449374,101.53197503395346,9144.0
570.0,MXD801,1.8526489537448692,102.73745909505668,9144.0
570.0,MXD803,2.702459388195142,102.02013532148793,9144.0
570.0,MXD804,1.7620812796653096,103.47864899515478,9144.0
570.0,MYU2211,21.697076679668736,113.57191749840763,9144.0
570.0,NEP341,3.1699241001152747,102.26948644809606,9144.0
570.0,NEP345,3.0866519677692525,102.13564498696714,9144.0
570.0,NEP347,3.2295655096573945,102.72021768670754,9144.0
570.0,MAS632,1.6824835503022288,103.69019661810175,9144.0
570.0,MAS642,1.3436707300560722,104.9687656147987,9144.0
570.0,MAS643,1.4239601794541425,109.32616351193072,9144.0
570.0,MAS8792,-7.973189093667134,124.50702997802068,9144.0
570.0,MMA231,15.78183711225673,96.66830643710362,9144.0
570.0,MMA232,2.0763480333695274,103.89140113324471,9144.0
570.0,MWG3415,1.7301160170461443,110.71251458087632,9144.0
570.0,MWG3417,1.5382308085823992,110.43737790846797,9144.0
570.0,MWG3420,2.495263242962935,111.69314847342942,9144.0
570.0,MWG3421,2.4219884321285554,111.55038465172844,9144.0
570.0,MWG3752,1.4624766822670032,110.56432736576295,9144.0
570.0,MWG3753,3.3564683658553403,113.35461769527706,9144.0
570.0,MXD1636,2.571198989449374,101.53197503395346,9144.0
570.0,MXD801,1.8526489537448692,102.73745909505668,9144.0
570.0,MXD803,2.702459388195142,102.02013532148793,9144.0
570.0,MXD804,1.7620812796653096,103.47864899515478,9144.0
570.0,MYU2211,21.697076679668736,113.57191749840763,9144.0
570.0,NEP341,3.1699241001152747,102.26948644809606,9144.0
570.0,NEP345,3.0866519677692525,102.13564498696714,9144.0
570.0,NEP347,3.2295655096573945,102.72021768670754,9144.0
580.0,MAS632,1.6958535244923227,103.66620814261306,9144.0
580.0,MAS642,1.3442667636082117,104.99603629297823,9144.0
580.0,MAS643,1.4252931180669137,109.295781482069,9144.0
580.0,MAS8792,-7.9606324082594515,124.47959981105794,9144.0
580.0,MMA231,15.75704205067983,96.68560898696451,9144.0
580.0,MMA232,2.1055602330575383,103.88954852409955,9144.0
580.0,MWG3415,1.739085226922179,110.72230126695911,9144.0
580.0,MWG3420,2.498311378174064,111.67862438666671,9144.0
580.0,MWG3421,2.43027699213874,111.56783014029207,9144.0
580.0,MWG3752,1.4671922382015397,110.5786113650564,9144.0
580.0,MWG3753,3.3489309703218484,113.33616499496021,9144.0
580.0,MXD1636,2.5752204352938293,101.5536434360929,9144.0
580.0,MXD801,1.8349652091523883,102.76102136177819,9144.0
580.0,MXD803,2.708346355759796,102.04647651480451,9144.0
580.0,MXD804,1.7740294902179687,103.45204652237791,9144.0
580.0,MYU2211,21.669844271809957,113.57345131346578,9144.0
580.0,NEP341,3.1775204530337486,102.29507416870953,9144.0
580.0,NEP345,3.0956510208587553,102.16057271147997,9144.0
580.0,NEP347,3.235737380954242,102.74893748129739,9144.0
580.0,MAS632,1.6958535244923227,103.66620814261306,9144.0
580.0,MAS642,1.3442667636082117,104.99603629297823,9144.0
580.0,MAS643,1.4252931180669137,109.295781482069,9144.0
580.0,MAS8792,-7.9606324082594515,124.47959981105794,9144.0
580.0,MMA231,15.75704205067983,96.68560898696451,9144.0
580.0,MMA232,2.1055602330575383,103.88954852409955,9144.0
580.0,MWG3415,1.739085226922179,110.72230126695911,9144.0
580.0,MWG3420,2.498311378174064,111.67862438666671,9144.0
580.0,MWG3421,2.43027699213874,111.56783014029207,9144.0
580.0,MWG3752,1.4671922382015397,110.5786113650564,9144.0
580.0,MWG3753,3.3489309703218484,113.33616499496021,9144.0
580.0,MXD1636,2.5752204352938293,101.5536434360929,9144.0
580.0,MXD801,1.8349652091523883,102.76102136177819,9144.0
580.0,MXD803,2.708346355759796,102.04647651480451,9144.0
580.0,MXD804,1.7740294902179687,103.45204652237791,9144.0
580.0,MYU2211,21.669844271809957,113.57345131346578,9144.0
580.0,NEP341,3.1775204530337486,102.29507416870953,9144.0
580.0,NEP345,3.0956510208587553,102.16057271147997,9144.0
580.0,NEP347,3.235737380954242,102.74893748129739,9144.0
590.0,MAS632,1.709163280856034,103.64232628798949,9144.0
590.0,MAS642,1.3448715769985664,105.0237354721099,9144.0
590.0,MAS643,1.4266228305680217,109.26539929320143,9144.0
590.0,MAS8792,-7.94807391532971,124.4521713278336,9144.0
590.0,MMA231,15.732273449734068,96.70295029088471,9144.0
590.0,MMA232,2.135070940673375,103.88767691321958,9144.0
590.0,MWG3415,1.748196808265835,110.73224353246155,9144.0
590.0,MWG3420,2.4972697395678254,111.66381997894706,9144.0
590.0,MWG3421,2.4385074646757747,111.585154183652,9144.0
590.0,MWG3752,1.4713781586021701,110.59305958464175,9144.0
590.0,MWG3753,3.3413883729774554,113.31771456953693,9144.0
590.0,MXD1636,2.5761963180567777,101.57721630356095,9144.0
590.0,MXD801,1.8171733312505323,102.7847263823108,9144.0
590.0,MXD803,2.7101672216561012,102.07340738211339,9144.0
590.0,MXD804,1.7860011986980018,103.42538863943949,9144.0
590.0,MYU2211,21.642550590624047,113.57498799638373,9144.0
590.0,NEP341,3.184758366683853,102.32076607960954,9144.0
590.0,NEP345,3.1046701394165197,102.18555933258651,9144.0
590.0,NEP347,3.2424780016554977,102.7775289143176,9144.0
590.0,MAS632,1.709163280856034,103.64232628798949,9144.0
590.0,MAS642,1.3448715769985664,105.0237354721099,9144.0
590.0,MAS643,1.4266228305680217,109.26539929320143,9144.0
590.0,MAS8792,-7.94807391532971,124.4521713278336,9144.0
590.0,MMA231,15.732273449734068,96.70295029088471,9144.0
590.0,MMA232,2.135070940673375,103.88767691321958,9144.0
590.0,MWG3415,1.748196808265835,110.73224353246155,9144.0
590.0,MWG3420,2.4972697395678254,111.66381997894706,9144.0
590.0,MWG3421,2.4385074646757747,111.585154183652,9144.0
590.0,MWG3752,1.4713781586021701,110.59305958464175,9144.0
590.0,MWG3753,3.3413883729774554,113.31771456953693,9144.0
590.0,MXD1636,2.5761963180567777,101.57721630356095,9144.0
590.0,MXD801,1.8171733312505323,102.7847263823108,9144.0
590.0,MXD803,2.7101672216561012,102.07340738211339,9144.0
590.0,MXD804,1.7860011986980018,103.42538863943949,9144.0
590.0,MYU2211,21.642550590624047,113.57498799638373,9144.0
590.0,NEP341,3.184758366683853,102.32076607960954,9144.0
590.0,NEP345,3.1046701394165197,102.18555933258651,9144.0
590.0,NEP347,3.2424780016554977,102.7775289143176,9144.0
600.0,MAS632,1.7228603260664923,103.61866445682799,9144.0
600.0,MAS642,1.345538760672202,105.05143322591015,9144.0
600.0,MAS643,1.4279571011997954,109.23489894643393,9144.0
600.0,MAS8792,-7.935513617841612,124.42474452581108,9144.0
600.0,MMA231,15.707256859636056,96.7204592994015,9144.0
600.0,MMA232,2.1645847685668143,103.88585520338789,9144.0
600.0,MWG3415,1.7580840101634434,110.74141413537461,9144.0
600.0,MWG3420,2.4922179507713995,111.6498669522526,9144.0
600.0,MWG3421,2.4467375964593305,111.60247849534368,9144.0
600.0,MWG3752,1.4756419847070672,110.6077773328638,9144.0
600.0,MWG3753,3.333928209264373,113.29923068581623,9144.0
600.0,MXD1636,2.5772217352525915,101.60199878556135,9144.0
600.0,MXD801,1.799447347848408,102.80848053485387,9144.0
600.0,MXD803,2.707879705548314,102.10030250077435,9144.0
600.0,MXD804,1.7977910735869895,103.39864958966116,9144.0
600.0,MYU2211,21.615270899503955,113.57678906763698,9144.0
600.0,NEP341,3.1920095314299597,102.34651873211641,9144.0
600.0,NEP345,3.113618108241824,102.21057180872982,9144.0
600.0,NEP347,3.249286102676179,102.8064121928201,9144.0
600.0,MAS632,1.7228603260664923,103.61866445682799,9144.0
600.0,MAS642,1.345538760672202,105.05143322591015,9144.0
600.0,MAS643,1.4279571011997954,109.23489894643393,9144.0
600.0,MAS8792,-7.935513617841612,124.42474452581108,9144.0
600.0,MMA231,15.707256859636056,96.7204592994015,9144.0
600.0,MMA232,2.1645847685668143,103.88585520338789,9144.0
600.0,MWG3415,1.7580840101634434,110.74141413537461,9144.0
600.0,MWG3420,2.4922179507713995,111.6498669522526,9144.0
600.0,MWG3421,2.4467375964593305,111.60247849534368,9144.0
600.0,MWG3752,1.4756419847070672,110.6077773328638,9144.0
600.0,MWG3753,3.333928209264373,113.29923068581623,9144.0
600.0,MXD1636,2.5772217352525915,101.60199878556135,9144.0
600.0,MXD801,1.799447347848408,102.80848053485387,9144.0
600.0,MXD803,2.707879705548314,102.10030250077435,9144.0
600.0,MXD804,1.7977910735869895,103.39864958966116,9144.0
600.0,MYU2211,21.615270899503955,113.57678906763698,9144.0
600.0,NEP341,3.1920095314299597,102.34651873211641,9144.0
600.0,NEP345,3.113618108241824,102.21057180872982,9144.0
600.0,NEP347,3.249286102676179,102.8064121928201,9144.0
610.0,MAS632,1.7365262358662807,103.5950553355181,9144.0
610.0,MAS642,1.3462185853557103,105.07967869532233,9144.0
610.0,MAS643,1.428876434282891,109.20438325237393,9144.0
610.0,MAS8792,-7.922951518758239,124.39731940245304,9144.0
610.0,MMA231,15.682195251180222,96.73789655531895,9144.0
610.0,MMA232,2.194098594289934,103.8840334226332,9144.0
610.0,MWG3415,1.770487197823186,110.74739088398023,9144.0
610.0,MWG3420,2.4835421742650423,111.63783190859546,9144.0
610.0,MWG3421,2.4547579023757606,111.61990122189823,9144.0
610.0,MWG3752,1.4802168581068986,110.62240135132264,9144.0
610.0,MWG3753,3.3263707580347184,113.28100412627568,9144.0
610.0,MXD1636,2.5741429010754944,101.6266102396312,9144.0
610.0,MXD801,1.7817565578576704,102.83218621243228,9144.0
610.0,MXD803,2.7015369233464264,102.12653728232291,9144.0
610.0,MXD804,1.8094824214485168,103.372129568733,9144.0
610.0,MYU2211,21.587746722597142,113.5786055887367,9144.0
610.0,NEP341,3.198483752202041,102.3724784053619,9144.0
610.0,NEP345,3.1225441305686634,102.2355264899103,9144.0
610.0,NEP347,3.2562791265588915,102.83525131461666,9144.0
610.0,MAS632,1.7365262358662807,103.5950553355181,9144.0,"(MWG3420),(MWG3421)"
610.0,MAS642,1.3462185853557103,105.07967869532233,9144.0,"(MWG3421),(MWG3420)"
620.0,MAS632,1.7501904566919821,103.57144506436433,9144.0
620.0,MAS642,1.346926869602441,105.10792347323189,9144.0
620.0,MAS643,1.4298040342082872,109.17357280691952,9144.0
620.0,MAS8792,-7.9103876210420445,124.36989595522134,9144.0
620.0,MMA231,15.65708271955991,96.75536333714646,9144.0
620.0,MMA232,2.223604895033733,103.88209336804785,9144.0
620.0,MWG3415,1.784099210585228,110.74945091109421,9144.0
620.0,MWG3420,2.4718194610171036,111.62851699793167,9144.0
620.0,MWG3421,2.462834207765335,111.637446585781,9144.0
620.0,MWG3752,1.4848333426536684,110.6371590662213,9144.0
620.0,MWG3753,3.3187871236180144,113.26271598988028,9144.0
620.0,MXD1636,2.5669882170802913,101.65081829289481,9144.0
620.0,MXD801,1.7638990997707003,102.85576624486977,9144.0
620.0,MXD803,2.6912861538597044,102.15150248788342,9144.0
620.0,MXD804,1.8212913332518341,103.34566156687865,9144.0
620.0,MYU2211,21.560295383208356,113.58142124984808,9144.0
620.0,NEP341,3.2021808193851315,102.39929004787756,9144.0
620.0,NEP345,3.131553167902246,102.26045144680123,9144.0
620.0,NEP347,3.2632427530231154,102.86397468283667,9144.0
620.0,MAS632,1.7501904566919821,103.57144506436433,9144.0,"(MWG3420),(MWG3421)"
620.0,MAS642,1.346926869602441,105.10792347323189,9144.0,"(MWG3421),(MWG3420)"
630.0,MAS632,1.7636402354432088,103.5477116948914,9144.0
630.0,MAS642,1.3476542921956962,105.13695314533926,9144.0
630.0,MAS643,1.4295106716395127,109.1427497932973,9144.0
630.0,MAS8792,-7.897821927654843,124.34247418157712,9144.0
630.0,MMA231,15.632003431467915,96.77287941173829,9144.0
630.0,MMA232,2.253230285499965,103.8801454050262,9144.0
630.0,MWG3415,1.798007195455781,110.74745355502415,9144.0
630.0,MWG3420,2.4580115179320616,111.62273509742369,9144.0
630.0,MWG3421,2.471108932553242,111.65489918503522,9144.0
630.0,MWG3752,1.4923170231930591,110.65068957014297,9144.0
630.0,MWG3753,3.311162147463299,113.2444452503843,9144.0
630.0,MXD1636,2.5560023390486886,101.67354231718191,9144.0
630.0,MXD801,1.746077193703714,102.87929801929693,9144.0
630.0,MXD803,2.6772942433071965,102.17479115904504,9144.0
630.0,MXD804,1.8330503113977539,103.31930297208068,9144.0
630.0,MYU2211,21.53287947083983,113.58786587473645,9144.0
630.0,NEP341,3.2059188975237185,102.42640667981486,9144.0
630.0,NEP345,3.140666419703109,102.28566816075181,9144.0
630.0,NEP347,3.2699617553314853,102.89275663817857,9144.0
630.0,MAS632,1.7636402354432088,103.5477116948914,9144.0,"(MWG3420),(MWG3421)"
630.0,MAS642,1.3476542921956962,105.13695314533926,9144.0,"(MWG3421),(MWG3420)"
640.0,MAS632,1.7764463450736203,103.52467852002732,9144.0
640.0,MAS642,1.3483363429534967,105.16598392763333,9144.0
640.0,MAS643,1.4292138972957038,109.11163295838881,9144.0
640.0,MAS8792,-7.88525444155781,124.31505407898074,9144.0
640.0,MMA231,15.606775219742902,96.79049382645142,9144.0
640.0,MMA232,2.282859001848163,103.8782487421622,9144.0
640.0,MWG3415,1.8107476493446126,110.7415262064848,9144.0
640.0,MWG3420,2.446288804684123,111.6134203650085,9144.0
640.0,MWG3421,2.4793256120623846,111.67223031665985,9144.0
640.0,MWG3752,1.4998005894496123,110.66422018347234,9144.0
640.0,MWG3753,3.303536648656901,113.22617487026584,9144.0
640.0,MXD1636,2.5414767422244706,101.69417937772552,9144.0
640.0,MXD801,1.7303005318571352,102.90424827258433,9144.0
640.0,MXD803,2.6599518584872706,102.19569894598601,9144.0
640.0,MXD804,1.8449358446199244,103.29300108361035,9144.0
640.0,MYU2211,21.505107750161912,113.59439156775102,9144.0
640.0,NEP341,3.2096535323258837,102.4535238867501,9144.0
640.0,NEP345,3.1499974779976827,102.31080507755637,9144.0
640.0,NEP347,3.276652314270538,102.92142241890785,9144.0
640.0,MAS632,1.7764463450736203,103.52467852002732,9144.0,"(MWG3420),(MWG3421)"
640.0,MAS642,1.3483363429534967,105.16598392763333,9144.0,"(MWG3421),(MWG3420)"
650.0,MAS632,1.7891009973696939,103.50191670474824,9144.0
650.0,MAS642,1.3490290932111983,105.19549415320455,9144.0
650.0,MAS643,1.428912126298057,109.08051617565518,9144.0
650.0,MAS8792,-7.872685165711467,124.2876356448918,9144.0
650.0,MMA231,15.581544928250572,96.80810286529127,9144.0
650.0,MMA232,2.3127847500790137,103.8763329854566,9144.0
650.0,MWG3415,1.8212368626549622,110.73217300851047,9144.0
650.0,MWG3420,2.437360722200158,111.60113470509107,9144.0
650.0,MWG3421,2.489500771223077,111.68848714976339,9144.0
650.0,MWG3752,1.5070298688601527,110.67788848922858,9144.0
650.0,MWG3753,3.295750412651093,113.20797277958063,9144.0
650.0,MXD1636,2.523907249338539,101.71202553337682,9144.0
650.0,MXD801,1.7163322401911518,102.93018697702472,9144.0
650.0,MXD803,2.6396562413898748,102.21374697084084,9144.0
650.0,MXD804,1.8567460635530302,103.26686355371919,9144.0
650.0,MYU2211,21.47850139888643,113.60515032863505,9144.0
650.0,NEP341,3.2151938746926487,102.48032967246418,9144.0
650.0,NEP345,3.159499042843236,102.33640482147219,9144.0
650.0,NEP347,3.2831912042222053,102.95012347870724,9144.0
650.0,MAS632,1.7891009973696939,103.50191670474824,9144.0,"(MWG3420),(MWG3421)"
650.0,MAS642,1.3490290932111983,105.19549415320455,9144.0,"(MWG3421),(MWG3420)"
660.0,MAS632,1.801754399208471,103.47915403605464,9144.0
660.0,MAS642,1.3497631749685832,105.22500338791275,9144.0
660.0,MAS643,1.4279922721789848,109.0494115480678,9144.0
660.0,MAS8792,-7.8601141030756825,124.26021887676916,9144.0
660.0,MMA231,15.556308913635084,96.82570090340111,9144.0
660.0,MMA232,2.3426873833408433,103.87408453594125,9144.0
660.0,MWG3415,1.8285826174779483,110.72018953441186,9144.0
660.0,MWG3420,2.4295574760121026,111.58810437206866,9144.0
660.0,MWG3421,2.5003854689547547,111.70587887344293,9144.0
660.0,MWG3752,1.5142590265893314,110.6915569048672,9144.0
660.0,MWG3753,3.288095664390347,113.19007967914979,9144.0
660.0,MXD1636,2.5036582946248997,101.72675470737222,9144.0
660.0,MXD801,1.7023634550766975,102.95612522677405,9144.0
660.0,MXD803,2.6168722802876836,102.22852190139,9144.0
660.0,MXD804,1.8696917006392049,103.24126975934264,9144.0
660.0,MYU2211,21.452651272820308,113.61847098545265,9144.0
660.0,NEP341,3.2208184166020803,102.50755607227867,9144.0
660.0,NEP345,3.1675989765920427,102.36248361546859,9144.0
660.0,NEP347,3.289742187907766,102.9788834234325,9144.0
660.0,MAS632,1.801754399208471,103.47915403605464,9144.0
660.0,MAS642,1.3497631749685832,105.22500338791275,9144.0
660.0,MAS643,1.4279922721789848,109.0494115480678,9144.0
660.0,MAS8792,-7.8601141030756825,124.26021887676916,9144.0
660.0,MMA231,15.556308913635084,96.82570090340111,9144.0
660.0,MMA232,2.3426873833408433,103.87408453594125,9144.0
660.0,MWG3415,1.8285826174779483,110.72018953441186,9144.0
660.0,MWG3420,2.4295574760121026,111.58810437206866,9144.0
660.0,MWG3421,2.5003854689547547,111.70587887344293,9144.0
660.0,MWG3752,1.5142590265893314,110.6915569048672,9144.0
660.0,MWG3753,3.288095664390347,113.19007967914979,9144.0
660.0,MXD1636,2.5036582946248997,101.72675470737222,9144.0
660.0,MXD801,1.7023634550766975,102.95612522677405,9144.0
660.0,MXD803,2.6168722802876836,102.22852190139,9144.0
660.0,MXD804,1.8696917006392049,103.24126975934264,9144.0
660.0,MYU2211,21.452651272820308,113.61847098545265,9144.0
660.0,NEP341,3.2208184166020803,102.50755607227867,9144.0
660.0,NEP345,3.1675989765920427,102.36248361546859,9144.0
660.0,NEP347,3.289742187907766,102.9788834234325,9144.0
670.0,MAS632,1.814601376142731,103.4565000026699,9144.0
670.0,MAS642,1.3504982439651507,105.25457237954778,9144.0
670.0,MAS643,1.427066419905601,109.01818980219069,9144.0
670.0,MAS8792,-7.847541256609655,124.23280377207097,9144.0
670.0,MMA231,15.531071076155303,96.84329396896135,9144.0
670.0,MMA232,2.373180530625777,103.8717915850646,9144.0
670.0,MWG3415,1.832160080109326,110.7065951157746,9144.0
670.0,MWG3420,2.4218983476072005,111.57531533992616,9144.0
670.0,MWG3421,2.5128717054055105,111.72215696544818,9144.0
670.0,MWG3752,1.5216681873099347,110.70512856895083,9144.0
670.0,MWG3753,3.2804201069490304,113.17219566222064,9144.0
670.0,MXD1636,2.485570819653164,101.74407412293765,9144.0
670.0,MXD801,1.6884953079000402,102.98211728413129,9144.0
670.0,MXD803,2.5921218610770786,102.23968541543606,9144.0
670.0,MXD804,1.8825276249913867,103.2158913328794,9144.0
670.0,MYU2211,21.426284188917286,113.6305633244308,9144.0
670.0,NEP341,3.2253022214283145,102.53499420200662,9144.0
670.0,NEP345,3.173091283031449,102.38923549660922,9144.0
670.0,NEP347,3.2962337187663957,103.00765707789323,9144.0
670.0,MAS632,1.814601376142731,103.4565000026699,9144.0
670.0,MAS642,1.3504982439651507,105.25457237954778,9144.0
670.0,MAS643,1.427066419905601,109.01818980219069,9144.0
670.0,MAS8792,-7.847541256609655,124.23280377207097,9144.0
670.0,MMA231,15.531071076155303,96.84329396896135,9144.0
670.0,MMA232,2.373180530625777,103.8717915850646,9144.0
670.0,MWG3415,1.832160080109326,110.7065951157746,9144.0
670.0,MWG3420,2.4218983476072005,111.57531533992616,9144.0
670.0,MWG3421,2.5128717054055105,111.72215696544818,9144.0
670.0,MWG3752,1.5216681873099347,110.70512856895083,9144.0
670.0,MWG3753,3.2804201069490304,113.17219566222064,9144.0
670.0,MXD1636,2.485570819653164,101.74407412293765,9144.0
670.0,MXD801,1.6884953079000402,102.98211728413129,9144.0
670.0,MXD803,2.5921218610770786,102.23968541543606,9144.0
670.0,MXD804,1.8825276249913867,103.2158913328794,9144.0
670.0,MYU2211,21.426284188917286,113.6305633244308,9144.0
670.0,NEP341,3.2253022214283145,102.53499420200662,9144.0
670.0,NEP345,3.173091283031449,102.38923549660922,9144.0
670.0,NEP347,3.2962337187663957,103.00765707789323,9144.0
680.0,MAS632,1.8273247921686864,103.43406262664479,9144.0
680.0,MAS642,1.3512323001089341,105.28414140529175,9144.0
680.0,MAS643,1.426822546011762,108.98695527911488,9144.0
680.0,MAS8792,-7.834966629271912,124.20539032825461,9144.0
680.0,MMA231,15.505826398303125,96.86087430834085,9144.0
680.0,MMA232,2.403091145899586,103.86542707809635,9144.0
680.0,MWG3415,1.8316649497275153,110.69254612867277,9144.0
680.0,MWG3420,2.4110464823680458,111.56510009548717,9144.0
680.0,MWG3421,2.525519020583743,111.73864602147992,9144.0
680.0,MWG3752,1.529077158863106,110.71870038311106,9144.0
680.0,MWG3753,3.272691007812161,113.15418849291258,9144.0
680.0,MXD1636,2.4674375336371357,101.76143657847025,9144.0
680.0,MXD801,1.674654901191378,103.00805613127767,9144.0
680.0,MXD803,2.565971913040356,102.24698194356978,9144.0
680.0,MXD804,1.8950215716874945,103.19034244786641,9144.0
680.0,MYU2211,21.399860676755104,113.64267655483475,9144.0
680.0,NEP341,3.2298727650830967,102.56297370773979,9144.0
680.0,NEP345,3.178582718269645,102.41598769941344,9144.0
680.0,NEP347,3.302710864886108,103.03637274372353,9144.0
680.0,MAS632,1.8273247921686864,103.43406262664479,9144.0
680.0,MAS642,1.3512323001089341,105.28414140529175,9144.0
680.0,MAS643,1.426822546011762,108.98695527911488,9144.0
680.0,MAS8792,-7.834966629271912,124.20539032825461,9144.0
680.0,MMA231,15.505826398303125,96.86087430834085,9144.0
680.0,MMA232,2.403091145899586,103.86542707809635,9144.0
680.0,MWG3415,1.8316649497275153,110.69254612867277,9144.0
680.0,MWG3420,2.4110464823680458,111.56510009548717,9144.0
680.0,MWG3421,2.525519020583743,111.73864602147992,9144.0
680.0,MWG3752,1.529077158863106,110.71870038311106,9144.0
680.0,MWG3753,3.272691007812161,113.15418849291258,9144.0
680.0,MXD1636,2.4674375336371357,101.76143657847025,9144.0
680.0,MXD801,1.674654901191378,103.00805613127767,9144.0
680.0,MXD803,2.565971913040356,102.24698194356978,9144.0
680.0,MXD804,1.8950215716874945,103.19034244786641,9144.0
680.0,MYU2211,21.399860676755104,113.64267655483475,9144.0
680.0,NEP341,3.2298727650830967,102.56297370773979,9144.0
680.0,NEP345,3.178582718269645,102.41598769941344,9144.0
680.0,NEP347,3.302710864886108,103.03637274372353,9144.0
690.0,MAS632,1.8400065464605775,103.41160149369402,9144.0
690.0,MAS642,1.3518911488953547,105.31371221138333,9144.0
690.0,MAS643,1.4265773189596889,108.95589672102363,9144.0
690.0,MAS8792,-7.822390224020298,124.17797854277676,9144.0
690.0,MMA231,15.48033481927541,96.8786203569557,9144.0
690.0,MMA232,2.4314703814581535,103.85519310082573,9144.0
690.0,MWG3415,1.8271393423788593,110.67923761703275,9144.0
690.0,MWG3420,2.400036220507971,111.55495204623001,9144.0
690.0,MWG3421,2.5375833485505876,111.75556727731535,9144.0
690.0,MWG3752,1.5361380062962322,110.73245670056374,9144.0
690.0,MWG3753,3.265089167698733,113.13612719223725,9144.0
690.0,MXD1636,2.450412198213527,101.77988847597084,9144.0
690.0,MXD801,1.660813949155985,103.03399450475575,9144.0
690.0,MXD803,2.5390214228510906,102.25024451372676,9144.0
690.0,MXD804,1.9074883574480792,103.16484752792435,9144.0
690.0,MYU2211,21.373439308713138,113.65479299090286,9144.0
690.0,NEP341,3.235092008748712,102.59083927559088,9144.0
690.0,NEP345,3.1840730598477536,102.4427402698691,9144.0
690.0,NEP347,3.3091806457032034,103.06509026273125,9144.0
690.0,MAS632,1.8400065464605775,103.41160149369402,9144.0
690.0,MAS642,1.3518911488953547,105.31371221138333,9144.0
690.0,MAS643,1.4265773189596889,108.95589672102363,9144.0
690.0,MAS8792,-7.822390224020298,124.17797854277676,9144.0
690.0,MMA231,15.48033481927541,96.8786203569557,9144.0
690.0,MMA232,2.4314703814581535,103.85519310082573,9144.0
690.0,MWG3415,1.8271393423788593,110.67923761703275,9144.0
690.0,MWG3420,2.400036220507971,111.55495204623001,9144.0
690.0,MWG3421,2.5375833485505876,111.75556727731535,9144.0
690.0,MWG3752,1.5361380062962322,110.73245670056374,9144.0
690.0,MWG3753,3.265089167698733,113.13612719223725,9144.0
690.0,MXD1636,2.450412198213527,101.77988847597084,9144.0
690.0,MXD801,1.660813949155985,103.03399450475575,9144.0
690.0,MXD803,2.5390214228510906,102.25024451372676,9144.0
690.0,MXD804,1.9074883574480792,103.16484752792435,9144.0
690.0,MYU2211,21.373439308713138,113.65479299090286,9144.0
690.0,NEP341,3.235092008748712,102.59083927559088,9144.0
690.0,NEP345,3.1840730598477536,102.4427402698691,9144.0
690.0,NEP347,3.3091806457032034,103.06509026273125,9144.0
700.0,MAS632,1.8526263297456393,103.38924882274691,9144.0
700.0,MAS642,1.352553053161839,105.34346201244888,9144.0
700.0,MAS643,1.4261587632249493,108.92484002197386,9144.0
700.0,MAS8792,-7.809812043811969,124.15056841309334,9144.0
700.0,MMA231,15.454846095148373,96.89636863534793,9144.0
700.0,MMA232,2.4574045031110257,103.84147968411762,9144.0
700.0,MWG3415,1.8189682085649417,110.66780162620503,9144.0
700.0,MWG3420,2.3908620942825842,111.5431153487732,9144.0
700.0,MWG3421,2.549647205796964,111.77248902768726,9144.0
700.0,MWG3752,1.5433262010008308,110.74646178667182,9144.0
700.0,MWG3753,3.257382697813426,113.11781903657489,9144.0
700.0,MXD1636,2.433130775551494,101.79861701514793,9144.0
700.0,MXD801,1.6470828840968255,103.05999108564787,9144.0
700.0,MXD803,2.511887714277843,102.24939856464641,9144.0
700.0,MXD804,1.9199477199674617,103.13934879012795,9144.0
700.0,MYU2211,21.34701700107987,113.66690487934069,9144.0
700.0,NEP341,3.240365456371841,102.6190031061425,9144.0
700.0,NEP345,3.1892712906007046,102.46955144660583,9144.0
700.0,NEP347,3.3156515555222423,103.09380771422462,9144.0
700.0,MAS632,1.8526263297456393,103.38924882274691,9144.0
700.0,MAS642,1.352553053161839,105.34346201244888,9144.0
700.0,MAS643,1.4261587632249493,108.92484002197386,9144.0
700.0,MAS8792,-7.809812043811969,124.15056841309334,9144.0
700.0,MMA231,15.454846095148373,96.89636863534793,9144.0
700.0,MMA232,2.4574045031110257,103.84147968411762,9144.0
700.0,MWG3415,1.8189682085649417,110.66780162620503,9144.0
700.0,MWG3420,2.3908620942825842,111.5431153487732,9144.0
700.0,MWG3421,2.549647205796964,111.77248902768726,9144.0
700.0,MWG3752,1.5433262010008308,110.74646178667182,9144.0
700.0,MWG3753,3.257382697813426,113.11781903657489,9144.0
700.0,MXD1636,2.433130775551494,101.79861701514793,9144.0
700.0,MXD801,1.6470828840968255,103.05999108564787,9144.0
700.0,MXD803,2.511887714277843,102.24939856464641,9144.0
700.0,MXD804,1.9199477199674617,103.13934879012795,9144.0
700.0,MYU2211,21.34701700107987,113.66690487934069,9144.0
700.0,NEP341,3.240365456371841,102.6190031061425,9144.0
700.0,NEP345,3.1892712906007046,102.46955144660583,9144.0
700.0,NEP347,3.3156515555222423,103.09380771422462,9144.0
710.0,MAS632,1.8651496792423436,103.3668417656883,9144.0
710.0,MAS642,1.3533140641861028,105.37320945132151,9144.0
710.0,MAS643,1.425738289959774,108.89378335451558,9144.0
710.0,MAS8792,-7.797232091603381,124.12315993665959,9144.0
710.0,MMA231,15.42925784338077,96.91418014353098,9144.0
710.0,MMA232,2.481842076788896,103.82524422923801,9144.0
710.0,MWG3415,1.807846589153837,110.65921089986857,9144.0
710.0,MWG3420,2.381644633078588,111.53122342041368,9144.0
710.0,MWG3421,2.561225475041615,111.78974747793272,9144.0
710.0,MWG3752,1.5507788679487522,110.76032789194551,9144.0
710.0,MWG3753,3.249515119299712,113.0995798992745,9144.0
710.0,MXD1636,2.4157029876346905,101.81720894569463,9144.0
710.0,MXD801,1.6336318063079447,103.08545598405475,9144.0
710.0,MXD803,2.4851923078611975,102.24446364198539,9144.0
710.0,MXD804,1.9324331340313672,103.11379517217019,9144.0
710.0,MYU2211,21.320626038062684,113.67909309722886,9144.0
710.0,NEP341,3.245413597981244,102.64720846492865,9144.0
710.0,NEP345,3.1945268011194816,102.4966640959616,9144.0
710.0,NEP347,3.3221553879137367,103.12270207022767,9144.0
710.0,MAS632,1.8651496792423436,103.3668417656883,9144.0
710.0,MAS642,1.3533140641861028,105.37320945132151,9144.0
710.0,MAS643,1.425738289959774,108.89378335451558,9144.0
710.0,MAS8792,-7.797232091603381,124.12315993665959,9144.0
710.0,MMA231,15.42925784338077,96.91418014353098,9144.0
710.0,MMA232,2.481842076788896,103.82524422923801,9144.0
710.0,MWG3415,1.807846589153837,110.65921089986857,9144.0
710.0,MWG3420,2.381644633078588,111.53122342041368,9144.0
710.0,MWG3421,2.561225475041615,111.78974747793272,9144.0
710.0,MWG3752,1.5507788679487522,110.76032789194551,9144.0
710.0,MWG3753,3.249515119299712,113.0995798992745,9144.0
710.0,MXD1636,2.4157029876346905,101.81720894569463,9144.0
710.0,MXD801,1.6336318063079447,103.08545598405475,9144.0
710.0,MXD803,2.4851923078611975,102.24446364198539,9144.0
710.0,MXD804,1.9324331340313672,103.11379517217019,9144.0
710.0,MYU2211,21.320626038062684,113.67909309722886,9144.0
710.0,NEP341,3.245413597981244,102.64720846492865,9144.0
710.0,NEP345,3.1945268011194816,102.4966640959616,9144.0
710.0,NEP347,3.3221553879137367,103.12270207022767,9144.0
720.0,MAS632,1.8779766811754124,103.34389005102803,9144.0
720.0,MAS642,1.3540818266685868,105.4032543405277,9144.0
720.0,MAS643,1.425461366749803,108.86272507808432,9144.0
720.0,MAS8792,-7.784650370350283,124.09575311093003,9144.0
720.0,MMA231,15.403668711559158,96.93198809773972,9144.0
720.0,MMA232,2.5083066573204142,103.81258628344669,9144.0
720.0,MWG3415,1.7947204948444178,110.65419613549774,9144.0
720.0,MWG3420,2.3714552949125114,111.52015443204573,9144.0
720.0,MWG3421,2.5715827845208694,111.80791938815521,9144.0
720.0,MWG3752,1.5582972399958712,110.77431703225797,9144.0
720.0,MWG3753,3.2416734437465076,113.08140268261464,9144.0
720.0,MXD1636,2.3979327397184584,101.83616529457792,9144.0
720.0,MXD801,1.6190303504430865,103.11027845100851,9144.0
720.0,MXD803,2.4594855987855464,102.23554157558776,9144.0
720.0,MXD804,1.9449427200176737,103.08825320340073,9144.0
720.0,MYU2211,21.294012826297756,113.69137890457877,9144.0
720.0,NEP341,3.250460313629997,102.67541422069897,9144.0
720.0,NEP345,3.2000805178654703,102.52371719672283,9144.0
720.0,NEP347,3.328600691368605,103.15160977137695,9144.0
720.0,MAS632,1.8779766811754124,103.34389005102803,9144.0
720.0,MAS642,1.3540818266685868,105.4032543405277,9144.0
720.0,MAS643,1.425461366749803,108.86272507808432,9144.0
720.0,MAS8792,-7.784650370350283,124.09575311093003,9144.0
720.0,MMA231,15.403668711559158,96.93198809773972,9144.0
720.0,MMA232,2.5083066573204142,103.81258628344669,9144.0
720.0,MWG3415,1.7947204948444178,110.65419613549774,9144.0
720.0,MWG3420,2.3714552949125114,111.52015443204573,9144.0
720.0,MWG3421,2.5715827845208694,111.80791938815521,9144.0
720.0,MWG3752,1.5582972399958712,110.77431703225797,9144.0
720.0,MWG3753,3.2416734437465076,113.08140268261464,9144.0
720.0,MXD1636,2.3979327397184584,101.83616529457792,9144.0
720.0,MXD801,1.6190303504430865,103.11027845100851,9144.0
720.0,MXD803,2.4594855987855464,102.23554157558776,9144.0
720.0,MXD804,1.9449427200176737,103.08825320340073,9144.0
720.0,MYU2211,21.294012826297756,113.69137890457877,9144.0
720.0,NEP341,3.250460313629997,102.67541422069897,9144.0
720.0,NEP345,3.2000805178654703,102.52371719672283,9144.0
720.0,NEP347,3.328600691368605,103.15160977137695,9144.0
730.0,MAS632,1.8905990301479296,103.32082486510292,9144.0
730.0,MAS642,1.3575445387045302,105.4331088315076,9144.0
730.0,MAS643,1.4251796165277755,108.8311984376667,9144.0
730.0,MAS8792,-7.772066883007706,124.06834793335848,9144.0
730.0,MMA231,15.377931607483626,96.94989342942188,9144.0
730.0,MMA232,2.536551235979821,103.80362442207782,9144.0
730.0,MWG3415,1.7808448930458896,110.65323545581448,9144.0
730.0,MWG3420,2.3617430730008273,111.50960402422056,9144.0
730.0,MWG3421,2.581939653836758,111.82609169758202,9144.0
730.0,MWG3752,1.5652918251737493,110.78857552875125,9144.0
730.0,MWG3753,3.233953513095811,113.06317339948662,9144.0
730.0,MXD1636,2.3802403311637295,101.85519419533598,9144.0
730.0,MXD801,1.601969041828777,103.13120184869747,9144.0
730.0,MXD803,2.434829876542845,102.22264360635326,9144.0
730.0,MXD804,1.9574783602650718,103.06265639919253,9144.0
730.0,MYU2211,21.26735960618089,113.70356218880924,9144.0
730.0,NEP341,3.256033623252381,102.70352049962646,9144.0
730.0,NEP345,3.205719092580189,102.55118949999485,9144.0
730.0,NEP347,3.3350668227752744,103.18063549922354,9144.0
730.0,MAS632,1.8905990301479296,103.32082486510292,9144.0
730.0,MAS642,1.3575445387045302,105.4331088315076,9144.0
730.0,MAS643,1.4251796165277755,108.8311984376667,9144.0
730.0,MAS8792,-7.772066883007706,124.06834793335848,9144.0
730.0,MMA231,15.377931607483626,96.94989342942188,9144.0
730.0,MMA232,2.536551235979821,103.80362442207782,9144.0
730.0,MWG3415,1.7808448930458896,110.65323545581448,9144.0
730.0,MWG3420,2.3617430730008273,111.50960402422056,9144.0
730.0,MWG3421,2.581939653836758,111.82609169758202,9144.0
730.0,MWG3752,1.5652918251737493,110.78857552875125,9144.0
730.0,MWG3753,3.233953513095811,113.06317339948662,9144.0
730.0,MXD1636,2.3802403311637295,101.85519419533598,9144.0
730.0,MXD801,1.601969041828777,103.13120184869747,9144.0
730.0,MXD803,2.434829876542845,102.22264360635326,9144.0
730.0,MXD804,1.9574783602650718,103.06265639919253,9144.0
730.0,MYU2211,21.26735960618089,113.70356218880924,9144.0
730.0,NEP341,3.256033623252381,102.70352049962646,9144.0
730.0,NEP345,3.205719092580189,102.55118949999485,9144.0
730.0,NEP347,3.3350668227752744,103.18063549922354,9144.0
740.0,MAS632,1.9033993874642376,103.29743300991463,9144.0
740.0,MAS642,1.3632669683048697,105.4629757376291,9144.0
740.0,MAS643,1.4248438171863214,108.79967233153953,9144.0
740.0,MAS8792,-7.759481632529955,124.04094440139805,9144.0
740.0,MMA231,15.352192936647187,96.96779412861324,9144.0
740.0,MMA232,2.5635502038684326,103.79140688450485,9144.0
740.0,MWG3415,1.767291629951213,110.65636158662994,9144.0
740.0,MWG3420,2.3520307314605717,111.49905380031667,9144.0
740.0,MWG3421,2.5921516878813193,111.84434610410322,9144.0
740.0,MWG3752,1.5727415900983086,110.80244333947108,9144.0
740.0,MWG3753,3.226259036148017,113.04500627324747,9144.0
740.0,MXD1636,2.362251164349557,101.87454131748406,9144.0
740.0,MXD801,1.5822660993633195,103.14888219420712,9144.0
740.0,MXD803,2.408109221281586,102.21329382483133,9144.0
740.0,MXD804,1.9699707103050097,103.03703822340806,9144.0
740.0,MYU2211,21.240319084202934,113.71591740010832,9144.0
740.0,NEP341,3.261676206913126,102.7319824306277,9144.0
740.0,NEP345,3.211413919604009,102.57865031426772,9144.0
740.0,NEP347,3.3417076341642886,103.20962182259687,9144.0
740.0,MAS632,1.9033993874642376,103.29743300991463,9144.0
740.0,MAS642,1.3632669683048697,105.4629757376291,9144.0
740.0,MAS643,1.4248438171863214,108.79967233153953,9144.0
740.0,MAS8792,-7.759481632529955,124.04094440139805,9144.0
740.0,MMA231,15.352192936647187,96.96779412861324,9144.0
740.0,MMA232,2.5635502038684326,103.79140688450485,9144.0
740.0,MWG3415,1.767291629951213,110.65636158662994,9144.0
740.0,MWG3420,2.3520307314605717,111.49905380031667,9144.0
740.0,MWG3421,2.5921516878813193,111.84434610410322,9144.0
740.0,MWG3752,1.5727415900983086,110.80244333947108,9144.0
740.0,MWG3753,3.226259036148017,113.04500627324747,9144.0
740.0,MXD1636,2.362251164349557,101.87454131748406,9144.0
740.0,MXD801,1.5822660993633195,103.14888219420712,9144.0
740.0,MXD803,2.408109221281586,102.21329382483133,9144.0
740.0,MXD804,1.9699707103050097,103.03703822340806,9144.0
740.0,MYU2211,21.240319084202934,113.71591740010832,9144.0
740.0,NEP341,3.261676206913126,102.7319824306277,9144.0
740.0,NEP345,3.211413919604009,102.57865031426772,9144.0
740.0,NEP347,3.3417076341642886,103.20962182259687,9144.0
750.0,MAS632,1.9162953823288156,103.27409362655706,9144.0
750.0,MAS642,1.368966599537254,105.4927265431399,9144.0
750.0,MAS643,1.424503123659996,108.76773848803244,9144.0
750.0,MAS8792,-7.746894621870599,124.01354251250117,9144.0
750.0,MMA231,15.326452494640128,96.9856898833479,9144.0
750.0,MMA232,2.590820448077434,103.77906598036465,9144.0
750.0,MWG3415,1.755236998668821,110.66330315785693,9144.0
750.0,MWG3420,2.3425536819791932,111.48829144080288,9144.0
750.0,MWG3421,2.6021009294364834,111.86213957670259,9144.0
750.0,MWG3752,1.5802572141665494,110.81643410431582,9144.0
750.0,MWG3753,3.2183758583034945,113.02692062836118,9144.0
750.0,MXD1636,2.3441466416184946,101.89378010166548,9144.0
750.0,MXD801,1.5602058215432997,103.16317355549332,9144.0
750.0,MXD803,2.380086652141599,102.20783398499394,9144.0
750.0,MXD804,1.9822496727015384,103.01185595545614,9144.0
750.0,MYU2211,21.21327463779413,113.72826045702773,9144.0
750.0,NEP341,3.267205112989095,102.76046689165535,9144.0
750.0,NEP345,3.217144675621259,102.606290296781,9144.0
750.0,NEP347,3.3483250895090975,103.23855240007843,9144.0
750.0,MAS632,1.9162953823288156,103.27409362655706,9144.0
750.0,MAS642,1.368966599537254,105.4927265431399,9144.0
750.0,MAS643,1.424503123659996,108.76773848803244,9144.0
750.0,MAS8792,-7.746894621870599,124.01354251250117,9144.0
750.0,MMA231,15.326452494640128,96.9856898833479,9144.0
750.0,MMA232,2.590820448077434,103.77906598036465,9144.0
750.0,MWG3415,1.755236998668821,110.66330315785693,9144.0
750.0,MWG3420,2.3425536819791932,111.48829144080288,9144.0
750.0,MWG3421,2.6021009294364834,111.86213957670259,9144.0
750.0,MWG3752,1.5802572141665494,110.81643410431582,9144.0
750.0,MWG3753,3.2183758583034945,113.02692062836118,9144.0
750.0,MXD1636,2.3441466416184946,101.89378010166548,9144.0
750.0,MXD801,1.5602058215432997,103.16317355549332,9144.0
750.0,MXD803,2.380086652141599,102.20783398499394,9144.0
750.0,MXD804,1.9822496727015384,103.01185595545614,9144.0
750.0,MYU2211,21.21327463779413,113.72826045702773,9144.0
750.0,NEP341,3.267205112989095,102.76046689165535,9144.0
750.0,NEP345,3.217144675621259,102.606290296781,9144.0
750.0,NEP347,3.3483250895090975,103.23855240007843,9144.0
760.0,MAS632,1.92942947318528,103.25032203382206,9144.0
760.0,MAS642,1.3746647793323845,105.52247769769315,9144.0
760.0,MAS643,1.4241617385227938,108.73580465664699,9144.0
760.0,MAS8792,-7.734305853982459,123.9861422641196,9144.0
760.0,MMA231,15.300718366817128,97.0035931964224,9144.0
760.0,MMA232,2.618053340673239,103.76664243267793,9144.0
760.0,MWG3415,1.7457272254545702,110.67345767647666,9144.0
760.0,MWG3420,2.331963972479243,111.47626586082961,9144.0
760.0,MWG3421,2.6118545375210904,111.87958420522226,9144.0
760.0,MWG3752,1.587770828537257,110.83042600011454,9144.0
760.0,MWG3753,3.210465106655791,113.00877402046191,9144.0
760.0,MXD1636,2.3258719994081507,101.91319872384447,9144.0
760.0,MXD801,1.5361887449975717,103.17385107509644,9144.0
760.0,MXD803,2.3513317765381823,102.20641058722782,9144.0
760.0,MXD804,1.9945645600952358,102.98669106964432,9144.0
760.0,MYU2211,21.186349487834633,113.74089774987692,9144.0
760.0,NEP341,3.2727901043199465,102.78924687797513,9144.0
760.0,NEP345,3.222860114902213,102.6339336157281,9144.0
760.0,NEP347,3.354795064124767,103.26751662213778,9144.0
760.0,MAS632,1.92942947318528,103.25032203382206,9144.0
760.0,MAS642,1.3746647793323845,105.52247769769315,9144.0
760.0,MAS643,1.4241617385227938,108.73580465664699,9144.0
760.0,MAS8792,-7.734305853982459,123.9861422641196,9144.0
760.0,MMA231,15.300718366817128,97.0035931964224,9144.0
760.0,MMA232,2.618053340673239,103.76664243267793,9144.0
760.0,MWG3415,1.7457272254545702,110.67345767647666,9144.0
760.0,MWG3420,2.331963972479243,111.47626586082961,9144.0
760.0,MWG3421,2.6118545375210904,111.87958420522226,9144.0
760.0,MWG3752,1.587770828537257,110.83042600011454,9144.0
760.0,MWG3753,3.210465106655791,113.00877402046191,9144.0
760.0,MXD1636,2.3258719994081507,101.91319872384447,9144.0
760.0,MXD801,1.5361887449975717,103.17385107509644,9144.0
760.0,MXD803,2.3513317765381823,102.20641058722782,9144.0
760.0,MXD804,1.9945645600952358,102.98669106964432,9144.0
760.0,MYU2211,21.186349487834633,113.74089774987692,9144.0
760.0,NEP341,3.2727901043199465,102.78924687797513,9144.0
760.0,NEP345,3.222860114902213,102.6339336157281,9144.0
760.0,NEP347,3.354795064124767,103.26751662213778,9144.0
770.0,MAS632,1.9388277363384299,103.22483932720924,9144.0
770.0,MAS642,1.3803771512824705,105.55222620029517,9144.0
770.0,MAS643,1.4237645847173184,108.70387147605452,9144.0
770.0,MAS8792,-7.7217153318176015,123.95874365370439,9144.0
770.0,MMA231,15.274739278749706,97.02166124810924,9144.0
770.0,MMA232,2.6455561849868126,103.75409509756216,9144.0
770.0,MWG3415,1.7395876673178052,110.68594382227282,9144.0
770.0,MWG3420,2.321395055652279,111.4642220627007,9144.0
770.0,MWG3421,2.621868205364953,111.89688069253201,9144.0
770.0,MWG3752,1.5953659534219178,110.8443738355663,9144.0
770.0,MWG3753,3.202711410031536,112.9905596780802,9144.0
770.0,MXD1636,2.3076228255592452,101.9326410714822,9144.0
770.0,MXD801,1.5138636310744567,103.18772446970542,9144.0
770.0,MXD803,2.322667306803853,102.20909862820973,9144.0
770.0,MXD804,2.006798524923825,102.96168989768908,9144.0
770.0,MYU2211,21.158930650087378,113.7537589963612,9144.0
770.0,NEP341,3.278224608047269,102.81805591029173,9144.0
770.0,NEP345,3.2286235643376524,102.66181513147016,9144.0
770.0,NEP347,3.361236656399577,103.29636479968407,9144.0
770.0,MAS632,1.9388277363384299,103.22483932720924,9144.0
770.0,MAS642,1.3803771512824705,105.55222620029517,9144.0
770.0,MAS643,1.4237645847173184,108.70387147605452,9144.0
770.0,MAS8792,-7.7217153318176015,123.95874365370439,9144.0
770.0,MMA231,15.274739278749706,97.02166124810924,9144.0
770.0,MMA232,2.6455561849868126,103.75409509756216,9144.0
770.0,MWG3415,1.7395876673178052,110.68594382227282,9144.0
770.0,MWG3420,2.321395055652279,111.4642220627007,9144.0
770.0,MWG3421,2.621868205364953,111.89688069253201,9144.0
770.0,MWG3752,1.5953659534219178,110.8443738355663,9144.0
770.0,MWG3753,3.202711410031536,112.9905596780802,9144.0
770.0,MXD1636,2.3076228255592452,101.9326410714822,9144.0
770.0,MXD801,1.5138636310744567,103.18772446970542,9144.0
770.0,MXD803,2.322667306803853,102.20909862820973,9144.0
770.0,MXD804,2.006798524923825,102.96168989768908,9144.0
770.0,MYU2211,21.158930650087378,113.7537589963612,9144.0
770.0,NEP341,3.278224608047269,102.81805591029173,9144.0
770.0,NEP345,3.2286235643376524,102.66181513147016,9144.0
770.0,NEP347,3.361236656399577,103.29636479968407,9144.0
780.0,MAS632,1.9456150200100284,103.1979701509837,9144.0
780.0,MAS642,1.3860773868250096,105.58191676721283,9144.0
780.0,MAS643,1.4233646299011669,108.67176414821357,9144.0
780.0,MAS8792,-7.7091230583273225,123.93134667870595,9144.0
780.0,MMA231,15.24875856497084,97.03972455267643,9144.0
780.0,MMA232,2.6730398089917573,103.74150534798586,9144.0
780.0,MWG3415,1.7373511789574023,110.69967793450675,9144.0
780.0,MWG3420,2.310004795895535,111.45124270775626,9144.0
780.0,MWG3421,2.6318814872457272,111.91417754244334,9144.0
780.0,MWG3752,1.6026867116206598,110.85815249487122,9144.0
780.0,MWG3753,3.1949834813533498,112.97240735726852,9144.0
780.0,MXD1636,2.289162081889968,101.95230788793866,9144.0
780.0,MXD801,1.4911701746216584,103.20182638255672,9144.0
780.0,MXD803,2.2946771419486423,102.21584319029454,9144.0
780.0,MXD804,2.0191347428704325,102.93673889452359,9144.0
780.0,MYU2211,21.131454432824835,113.76647630470863,9144.0
780.0,NEP341,3.2836912027561156,102.84704209691441,9144.0
780.0,NEP345,3.234367120769586,102.68970092282765,9144.0
780.0,NEP347,3.3676820049958707,103.32521232609537,9144.0
780.0,MAS632,1.9456150200100284,103.1979701509837,9144.0
780.0,MAS642,1.3860773868250096,105.58191676721283,9144.0
780.0,MAS643,1.4233646299011669,108.67176414821357,9144.0
780.0,MAS8792,-7.7091230583273225,123.93134667870595,9144.0
780.0,MMA231,15.24875856497084,97.03972455267643,9144.0
780.0,MMA232,2.6730398089917573,103.74150534798586,9144.0
780.0,MWG3415,1.7373511789574023,110.69967793450675,9144.0
780.0,MWG3420,2.310004795895535,111.45124270775626,9144.0
780.0,MWG3421,2.6318814872457272,111.91417754244334,9144.0
780.0,MWG3752,1.6026867116206598,110.85815249487122,9144.0
780.0,MWG3753,3.1949834813533498,112.97240735726852,9144.0
780.0,MXD1636,2.289162081889968,101.95230788793866,9144.0
780.0,MXD801,1.4911701746216584,103.20182638255672,9144.0
780.0,MXD803,2.2946771419486423,102.21584319029454,9144.0
780.0,MXD804,2.0191347428704325,102.93673889452359,9144.0
780.0,MYU2211,21.131454432824835,113.76647630470863,9144.0
780.0,NEP341,3.2836912027561156,102.84704209691441,9144.0
780.0,NEP345,3.234367120769586,102.68970092282765,9144.0
780.0,NEP347,3.3676820049958707,103.32521232609537,9144.0
790.0,MAS632,1.9527135163240827,103.16986630268134,9144.0
790.0,MAS642,1.3918776977145668,105.61158800734388,9144.0
790.0,MAS643,1.4229628392765261,108.63965684890131,9144.0
790.0,MAS8792,-7.696529036462142,123.90395133657404,9144.0
790.0,MMA231,15.222775589490103,97.0577821314607,9144.0
790.0,MMA232,2.7007922525347006,103.72879179279825,9144.0
790.0,MWG3415,1.7392118660899742,110.71346805248483,9144.0
790.0,MWG3420,2.298719443366924,111.4381719903659,9144.0
790.0,MWG3421,2.6418277592885486,111.93135877754449,9144.0
790.0,MWG3752,1.6101382708291696,110.87217771554529,9144.0
790.0,MWG3753,3.1873022841812624,112.95423528667199,9144.0
790.0,MXD1636,2.270698186432375,101.97197148840027,9144.0
790.0,MXD801,1.4688784028055766,103.21655532361247,9144.0
790.0,MXD803,2.2679314453037063,102.22650674050604,9144.0
790.0,MXD804,2.0314433311839295,102.91184210999813,9144.0
790.0,MYU2211,21.102481291299267,113.77547526026366,9144.0
790.0,NEP341,3.289185766470822,102.87602313697741,9144.0
790.0,NEP345,3.2401461597510273,102.7177650468461,9144.0
790.0,NEP347,3.3741251420923746,103.35406053932051,9144.0
790.0,MAS632,1.9527135163240827,103.16986630268134,9144.0
790.0,MAS642,1.3918776977145668,105.61158800734388,9144.0
790.0,MAS643,1.4229628392765261,108.63965684890131,9144.0
790.0,MAS8792,-7.696529036462142,123.90395133657404,9144.0
790.0,MMA231,15.222775589490103,97.0577821314607,9144.0
790.0,MMA232,2.7007922525347006,103.72879179279825,9144.0
790.0,MWG3415,1.7392118660899742,110.71346805248483,9144.0
790.0,MWG3420,2.298719443366924,111.4381719903659,9144.0
790.0,MWG3421,2.6418277592885486,111.93135877754449,9144.0
790.0,MWG3752,1.6101382708291696,110.87217771554529,9144.0
790.0,MWG3753,3.1873022841812624,112.95423528667199,9144.0
790.0,MXD1636,2.270698186432375,101.97197148840027,9144.0
790.0,MXD801,1.4688784028055766,103.21655532361247,9144.0
790.0,MXD803,2.2679314453037063,102.22650674050604,9144.0
790.0,MXD804,2.0314433311839295,102.91184210999813,9144.0
790.0,MYU2211,21.102481291299267,113.77547526026366,9144.0
790.0,NEP341,3.289185766470822,102.87602313697741,9144.0
790.0,NEP345,3.2401461597510273,102.7177650468461,9144.0
790.0,NEP347,3.3741251420923746,103.35406053932051,9144.0
800.0,MAS632,1.9598107577435255,103.14176201816971,9144.0
800.0,MAS642,1.3976542762458657,105.64114307979123,9144.0
800.0,MAS643,1.422630753366303,108.60754875710931,9144.0
800.0,MAS8792,-7.683933269171787,123.87655762475772,9144.0
800.0,MMA231,15.196750077776247,97.0757715769608,9144.0
800.0,MMA232,2.7285522684095387,103.71609452543107,9144.0
800.0,MWG3415,1.7450082389373247,110.7261173517543,9144.0
800.0,MWG3420,2.287075529418448,111.42468644841846,9144.0
800.0,MWG3752,1.6176557048359774,110.88616776212994,9144.0
800.0,MWG3753,3.179646714395223,112.93612534587312,9144.0
800.0,MXD1636,2.2524095491682474,101.99179820225265,9144.0
800.0,MXD801,1.4454616419399382,103.23202716703533,9144.0
800.0,MXD803,2.2425803156198882,102.24102973672932,9144.0
800.0,MXD804,2.0437271676029116,102.88693289845001,9144.0
800.0,MYU2211,21.072463643205012,113.78022223893586,9144.0
800.0,NEP341,3.294701402148125,102.90512218369133,9144.0
800.0,NEP345,3.246059784453714,102.74580119390313,9144.0
800.0,NEP347,3.380710022895351,103.38287681270569,9144.0
800.0,MAS632,1.9598107577435255,103.14176201816971,9144.0
800.0,MAS642,1.3976542762458657,105.64114307979123,9144.0
800.0,MAS643,1.422630753366303,108.60754875710931,9144.0
800.0,MAS8792,-7.683933269171787,123.87655762475772,9144.0
800.0,MMA231,15.196750077776247,97.0757715769608,9144.0
800.0,MMA232,2.7285522684095387,103.71609452543107,9144.0
800.0,MWG3415,1.7450082389373247,110.7261173517543,9144.0
800.0,MWG3420,2.287075529418448,111.42468644841846,9144.0
800.0,MWG3752,1.6176557048359774,110.88616776212994,9144.0
800.0,MWG3753,3.179646714395223,112.93612534587312,9144.0
800.0,MXD1636,2.2524095491682474,101.99179820225265,9144.0
800.0,MXD801,1.4454616419399382,103.23202716703533,9144.0
800.0,MXD803,2.2425803156198882,102.24102973672932,9144.0
800.0,MXD804,2.0437271676029116,102.88693289845001,9144.0
800.0,MYU2211,21.072463643205012,113.78022223893586,9144.0
800.0,NEP341,3.294701402148125,102.90512218369133,9144.0
800.0,NEP345,3.246059784453714,102.74580119390313,9144.0
800.0,NEP347,3.380710022895351,103.38287681270569,9144.0
810.0,MAS632,1.9672025756186324,103.11373373560177,9144.0
810.0,MAS642,1.4037013918941676,105.67064403141902,9144.0
810.0,MAS643,1.422296696901241,108.5753247614088,9144.0
810.0,MAS8792,-7.671335759405184,123.84916554070546,9144.0
810.0,MMA231,15.17038254026468,97.09399069724353,9144.0
810.0,MMA232,2.75625840687,103.7034212231482,9144.0
810.0,MWG3415,1.7541744085178583,110.73639386790721,9144.0
810.0,MWG3420,2.2754299191184577,111.41120248286543,9144.0
810.0,MWG3752,1.6250409030405721,110.89991211411629,9144.0
810.0,MWG3753,3.171834899878639,112.91808259455763,9144.0
810.0,MXD1636,2.2339008943933854,102.01150376241864,9144.0
810.0,MXD801,1.4220433096206322,103.24749647202118,9144.0
810.0,MXD803,2.21914959548571,102.25917936856474,9144.0
810.0,MXD804,2.0560104345086767,102.86202321456234,9144.0
810.0,MYU2211,21.04198071047986,113.78281846991909,9144.0
810.0,NEP341,3.3002086513343465,102.93422298520892,9144.0
810.0,NEP345,3.251997177754613,102.77395604969327,9144.0
810.0,NEP347,3.3841794897783632,103.4122335247586,9144.0
810.0,MAS632,1.9672025756186324,103.11373373560177,9144.0
810.0,MAS642,1.4037013918941676,105.67064403141902,9144.0
810.0,MAS643,1.422296696901241,108.5753247614088,9144.0
810.0,MAS8792,-7.671335759405184,123.84916554070546,9144.0
810.0,MMA231,15.17038254026468,97.09399069724353,9144.0
810.0,MMA232,2.75625840687,103.7034212231482,9144.0
810.0,MWG3415,1.7541744085178583,110.73639386790721,9144.0
810.0,MWG3420,2.2754299191184577,111.41120248286543,9144.0
810.0,MWG3752,1.6250409030405721,110.89991211411629,9144.0
810.0,MWG3753,3.171834899878639,112.91808259455763,9144.0
810.0,MXD1636,2.2339008943933854,102.01150376241864,9144.0
810.0,MXD801,1.4220433096206322,103.24749647202118,9144.0
810.0,MXD803,2.21914959548571,102.25917936856474,9144.0
810.0,MXD804,2.0560104345086767,102.86202321456234,9144.0
810.0,MYU2211,21.04198071047986,113.78281846991909,9144.0
810.0,NEP341,3.3002086513343465,102.93422298520892,9144.0
810.0,NEP345,3.251997177754613,102.77395604969327,9144.0
810.0,NEP347,3.3841794897783632,103.4122335247586,9144.0
820.0,MAS632,1.974685043973534,103.08535664046431,9144.0
820.0,MAS642,1.4097241064380712,105.70002879066479,9144.0
820.0,MAS643,1.4219020213165192,108.54310145708644,9144.0
820.0,MAS8792,-7.658736510110445,123.82177508186506,9144.0
820.0,MMA231,15.14407712713855,97.11230369137989,9144.0
820.0,MMA232,2.7840933710864175,103.69103380628965,9144.0
820.0,MWG3415,1.7659576208161332,110.74351640787332,9144.0
820.0,MWG3420,2.2638735504369523,111.39782232066062,9144.0
820.0,MWG3752,1.6322195860521653,110.91376558524648,9144.0
820.0,MWG3753,3.163889510457542,112.89973286785333,9144.0
820.0,MXD1636,2.215265584037632,102.03134324013693,9144.0
820.0,MXD801,1.3985885996479572,103.2629103756678,9144.0
820.0,MXD803,2.1984533708319263,102.28039829207262,9144.0
820.0,MXD804,2.068148413291746,102.8370421304946,9144.0
820.0,MYU2211,21.011448137849435,113.78101236412375,9144.0
820.0,NEP341,3.305575443071404,102.96335026176698,9144.0
820.0,NEP345,3.257941031024551,102.80210970410846,9144.0
820.0,NEP347,3.383537483702765,103.4417283396596,9144.0
820.0,MAS632,1.974685043973534,103.08535664046431,9144.0
820.0,MAS642,1.4097241064380712,105.70002879066479,9144.0
820.0,MAS643,1.4219020213165192,108.54310145708644,9144.0
820.0,MAS8792,-7.658736510110445,123.82177508186506,9144.0
820.0,MMA231,15.14407712713855,97.11230369137989,9144.0
820.0,MMA232,2.7840933710864175,103.69103380628965,9144.0
820.0,MWG3415,1.7659576208161332,110.74351640787332,9144.0
820.0,MWG3420,2.2638735504369523,111.39782232066062,9144.0
820.0,MWG3752,1.6322195860521653,110.91376558524648,9144.0
820.0,MWG3753,3.163889510457542,112.89973286785333,9144.0
820.0,MXD1636,2.215265584037632,102.03134324013693,9144.0
820.0,MXD801,1.3985885996479572,103.2629103756678,9144.0
820.0,MXD803,2.1984533708319263,102.28039829207262,9144.0
820.0,MXD804,2.068148413291746,102.8370421304946,9144.0
820.0,MYU2211,21.011448137849435,113.78101236412375,9144.0
820.0,NEP341,3.305575443071404,102.96335026176698,9144.0
820.0,NEP345,3.257941031024551,102.80210970410846,9144.0
820.0,NEP347,3.383537483702765,103.4417283396596,9144.0
830.0,MAS632,1.981770366573832,103.05687754513171,9144.0
830.0,MAS642,1.415732411650018,105.72941657736061,9144.0
830.0,MAS643,1.421505181162425,108.51076240732347,9144.0
830.0,MAS8792,-7.646135524234855,123.79438624568368,9144.0
830.0,MMA231,15.117866498193166,97.13054400345169,9144.0
830.0,MMA232,2.812251528513335,103.67850188001574,9144.0
830.0,MWG3415,1.7793141696086354,110.74685404685853,9144.0
830.0,MWG3420,2.2523055684837723,111.38445231971437,9144.0
830.0,MWG3752,1.6395265217363257,110.92786695799192,9144.0
830.0,MWG3753,3.1560032809557086,112.88135769988868,9144.0
830.0,MXD1636,2.1966800551160315,102.0512291817266,9144.0
830.0,MXD801,1.374929574358197,103.27845537971585,9144.0
830.0,MXD803,2.180889710688949,102.30427835765157,9144.0
830.0,MXD804,2.0802591074499084,102.81211548864579,9144.0
830.0,MYU2211,20.98097064568167,113.77658990726296,9144.0
830.0,NEP341,3.3109912200473905,102.99277224058066,9144.0
830.0,NEP345,3.2639335142530532,102.83049985751154,9144.0
830.0,NEP347,3.378803531636414,103.47084638911238,9144.0
830.0,MAS632,1.981770366573832,103.05687754513171,9144.0
830.0,MAS642,1.415732411650018,105.72941657736061,9144.0
830.0,MAS643,1.421505181162425,108.51076240732347,9144.0
830.0,MAS8792,-7.646135524234855,123.79438624568368,9144.0
830.0,MMA231,15.117866498193166,97.13054400345169,9144.0
830.0,MMA232,2.812251528513335,103.67850188001574,9144.0
830.0,MWG3415,1.7793141696086354,110.74685404685853,9144.0
830.0,MWG3420,2.2523055684837723,111.38445231971437,9144.0
830.0,MWG3752,1.6395265217363257,110.92786695799192,9144.0
830.0,MWG3753,3.1560032809557086,112.88135769988868,9144.0
830.0,MXD1636,2.1966800551160315,102.0512291817266,9144.0
830.0,MXD801,1.374929574358197,103.27845537971585,9144.0
830.0,MXD803,2.180889710688949,102.30427835765157,9144.0
830.0,MXD804,2.0802591074499084,102.81211548864579,9144.0
830.0,MYU2211,20.98097064568167,113.77658990726296,9144.0
830.0,NEP341,3.3109912200473905,102.99277224058066,9144.0
830.0,NEP345,3.2639335142530532,102.83049985751154,9144.0
830.0,NEP347,3.378803531636414,103.47084638911238,9144.0
840.0,MAS632,1.9889412465840062,103.0280499203133,9144.0
840.0,MAS642,1.4217377534958082,105.75880504641663,9144.0
840.0,MAS643,1.4211128217917377,108.47842330834725,9144.0
840.0,MAS8792,-7.633532804724859,123.76699902960789,9144.0
840.0,MMA231,15.091609478773348,97.14871033748331,9144.0
840.0,MMA232,2.8404094770285995,103.66596917914536,9144.0
840.0,MWG3415,1.7930609892977574,110.746111094224,9144.0
840.0,MWG3420,2.2403801058093458,111.37066962554809,9144.0
840.0,MWG3752,1.6469425248787086,110.94191128314448,9144.0
840.0,MWG3753,3.1481956949955774,112.86316742444583,9144.0
840.0,MXD1636,2.1780102899552363,102.07120420054453,9144.0
840.0,MXD801,1.3512918386244832,103.29403260327429,9144.0
840.0,MXD803,2.166796432667505,102.3303602637836,9144.0
840.0,MXD804,2.0923845851136837,102.78719585220168,9144.0
840.0,MYU2211,20.95049303619463,113.7721692790384,9144.0
840.0,NEP341,3.316479654291814,103.0221808704215,9144.0
840.0,NEP345,3.2700925604231292,102.85885440035426,9144.0
840.0,NEP347,3.37006979563481,103.49902068459578,9144.0
840.0,MAS632,1.9889412465840062,103.0280499203133,9144.0
840.0,MAS642,1.4217377534958082,105.75880504641663,9144.0
840.0,MAS643,1.4211128217917377,108.47842330834725,9144.0
840.0,MAS8792,-7.633532804724859,123.76699902960789,9144.0
840.0,MMA231,15.091609478773348,97.14871033748331,9144.0
840.0,MMA232,2.8404094770285995,103.66596917914536,9144.0
840.0,MWG3415,1.7930609892977574,110.746111094224,9144.0
840.0,MWG3420,2.2403801058093458,111.37066962554809,9144.0
840.0,MWG3752,1.6469425248787086,110.94191128314448,9144.0
840.0,MWG3753,3.1481956949955774,112.86316742444583,9144.0
840.0,MXD1636,2.1780102899552363,102.07120420054453,9144.0
840.0,MXD801,1.3512918386244832,103.29403260327429,9144.0
840.0,MXD803,2.166796432667505,102.3303602637836,9144.0
840.0,MXD804,2.0923845851136837,102.78719585220168,9144.0
840.0,MYU2211,20.95049303619463,113.7721692790384,9144.0
840.0,NEP341,3.316479654291814,103.0221808704215,9144.0
840.0,NEP345,3.2700925604231292,102.85885440035426,9144.0
840.0,NEP347,3.37006979563481,103.49902068459578,9144.0
850.0,MAS632,1.9956678398653687,102.99911515402188,9144.0
850.0,MAS642,1.426240320703214,105.78852128259754,9144.0
850.0,MAS643,1.4207190224766137,108.44602640122615,9144.0
850.0,MAS8792,-7.620928354526049,123.73961343108361,9144.0
850.0,MMA231,15.065302097550989,97.16690506591048,9144.0
850.0,MMA232,2.868555135852382,103.65340852721343,9144.0
850.0,MWG3415,1.8059804457698234,110.74135329883762,9144.0
850.0,MWG3420,2.228437367250109,111.35690203316751,9144.0
850.0,MWG3752,1.654358371708431,110.95595574328746,9144.0
850.0,MWG3753,3.1396286569425307,112.84532344709727,9144.0
850.0,MXD1636,2.16254364646892,102.093753972138,9144.0
850.0,MXD801,1.327925375666553,103.30957958139157,9144.0
850.0,MXD803,2.1564732253502266,102.3580893102624,9144.0
850.0,MXD804,2.10461623073213,102.76205633262076,9144.0
850.0,MYU2211,20.919904625120846,113.76873721569962,9144.0
850.0,NEP341,3.3220145188049117,103.05188364163534,9144.0
850.0,NEP345,3.2763396966722116,102.88762038962889,9144.0
850.0,NEP347,3.365335843568459,103.5281383307697,9144.0
850.0,MAS632,1.9956678398653687,102.99911515402188,9144.0
850.0,MAS642,1.426240320703214,105.78852128259754,9144.0
850.0,MAS643,1.4207190224766137,108.44602640122615,9144.0
850.0,MAS8792,-7.620928354526049,123.73961343108361,9144.0
850.0,MMA231,15.065302097550989,97.16690506591048,9144.0
850.0,MMA232,2.868555135852382,103.65340852721343,9144.0
850.0,MWG3415,1.8059804457698234,110.74135329883762,9144.0
850.0,MWG3420,2.228437367250109,111.35690203316751,9144.0
850.0,MWG3752,1.654358371708431,110.95595574328746,9144.0
850.0,MWG3753,3.1396286569425307,112.84532344709727,9144.0
850.0,MXD1636,2.16254364646892,102.093753972138,9144.0
850.0,MXD801,1.327925375666553,103.30957958139157,9144.0
850.0,MXD803,2.1564732253502266,102.3580893102624,9144.0
850.0,MXD804,2.10461623073213,102.76205633262076,9144.0
850.0,MYU2211,20.919904625120846,113.76873721569962,9144.0
850.0,NEP341,3.3220145188049117,103.05188364163534,9144.0
850.0,NEP345,3.2763396966722116,102.88762038962889,9144.0
850.0,NEP347,3.365335843568459,103.5281383307697,9144.0
860.0,MAS632,2.0023663372112024,102.97029634047676,9144.0
860.0,MAS642,1.4307423317567247,105.81823766132011,9144.0
860.0,MAS643,1.420283950879551,108.41363002850744,9144.0
860.0,MAS8792,-7.608322176583148,123.7122294475562,9144.0
860.0,MMA231,15.03900727514885,97.1851170056423,9144.0
860.0,MMA232,2.896700604057746,103.64084713637702,9144.0
860.0,MWG3415,1.8169281891834679,110.73300204053133,9144.0
860.0,MWG3420,2.2165837487505007,111.34323758454542,9144.0
860.0,MWG3752,1.6615440723946688,110.97011948609266,9144.0
860.0,MWG3753,3.1312063425338765,112.82778242102593,9144.0
860.0,MXD1636,2.1494399262313566,102.11754559172323,9144.0
860.0,MXD801,1.3045082011517857,103.3251599052196,9144.0
860.0,MXD803,2.148610813438362,102.38661484560511,9144.0
860.0,MXD804,2.1169000407766556,102.73694209660606,9144.0
860.0,MYU2211,20.889082181685417,113.76528032700392,9144.0
860.0,NEP341,3.327608841109281,103.08157540265984,9144.0
860.0,NEP345,3.282545569458415,102.91639551699255,9144.0
860.0,NEP347,3.3646938374928608,103.55763257376616,9144.0
860.0,MAS632,2.0023663372112024,102.97029634047676,9144.0
860.0,MAS642,1.4307423317567247,105.81823766132011,9144.0
860.0,MAS643,1.420283950879551,108.41363002850744,9144.0
860.0,MAS8792,-7.608322176583148,123.7122294475562,9144.0
860.0,MMA231,15.03900727514885,97.1851170056423,9144.0
860.0,MMA232,2.896700604057746,103.64084713637702,9144.0
860.0,MWG3415,1.8169281891834679,110.73300204053133,9144.0
860.0,MWG3420,2.2165837487505007,111.34323758454542,9144.0
860.0,MWG3752,1.6615440723946688,110.97011948609266,9144.0
860.0,MWG3753,3.1312063425338765,112.82778242102593,9144.0
860.0,MXD1636,2.1494399262313566,102.11754559172323,9144.0
860.0,MXD801,1.3045082011517857,103.3251599052196,9144.0
860.0,MXD803,2.148610813438362,102.38661484560511,9144.0
860.0,MXD804,2.1169000407766556,102.73694209660606,9144.0
860.0,MYU2211,20.889082181685417,113.76528032700392,9144.0
860.0,NEP341,3.327608841109281,103.08157540265984,9144.0
860.0,NEP345,3.282545569458415,102.91639551699255,9144.0
860.0,NEP347,3.3646938374928608,103.55763257376616,9144.0
870.0,MAS632,2.0086034287541024,102.9413739228253,9144.0
870.0,MAS642,1.4311488263361665,105.84829059613077,9144.0
870.0,MAS643,1.4198442863463026,108.38094513510288,9144.0
870.0,MAS8792,-7.595714273840001,123.68484707647038,9144.0
870.0,MMA231,15.012710814030175,97.20332416504284,9144.0
870.0,MMA232,2.9248297960245453,103.62824893220306,9144.0
870.0,MWG3415,1.829847645655534,110.72824418224012,9144.0
870.0,MWG3420,2.2047299667183706,111.32957338712612,9144.0
870.0,MWG3752,1.6687926118132015,110.98440755475814,9144.0
870.0,MWG3753,3.123130961878303,112.8100786501199,9144.0
870.0,MXD1636,2.136335724234345,102.14133674198624,9144.0
870.0,MXD801,1.281018502560691,103.34063047147349,9144.0
870.0,MXD803,2.140747722057459,102.41514004679227,9144.0
870.0,MXD804,2.1292099950428947,102.71177266496785,9144.0
870.0,MYU2211,20.858290793447292,113.761520485276,9144.0
870.0,NEP341,3.3331618951875956,103.11109359418975,9144.0
870.0,NEP345,3.2888250500480876,102.94515479932342,9144.0
870.0,NEP347,3.3632760289728587,103.5870995775354,9144.0
870.0,MAS632,2.0086034287541024,102.9413739228253,9144.0
870.0,MAS642,1.4311488263361665,105.84829059613077,9144.0
870.0,MAS643,1.4198442863463026,108.38094513510288,9144.0
870.0,MAS8792,-7.595714273840001,123.68484707647038,9144.0
870.0,MMA231,15.012710814030175,97.20332416504284,9144.0
870.0,MMA232,2.9248297960245453,103.62824893220306,9144.0
870.0,MWG3415,1.829847645655534,110.72824418224012,9144.0
870.0,MWG3420,2.2047299667183706,111.32957338712612,9144.0
870.0,MWG3752,1.6687926118132015,110.98440755475814,9144.0
870.0,MWG3753,3.123130961878303,112.8100786501199,9144.0
870.0,MXD1636,2.136335724234345,102.14133674198624,9144.0
870.0,MXD801,1.281018502560691,103.34063047147349,9144.0
870.0,MXD803,2.140747722057459,102.41514004679227,9144.0
870.0,MXD804,2.1292099950428947,102.71177266496785,9144.0
870.0,MYU2211,20.858290793447292,113.761520485276,9144.0
870.0,NEP341,3.3331618951875956,103.11109359418975,9144.0
870.0,NEP345,3.2888250500480876,102.94515479932342,9144.0
870.0,NEP347,3.3632760289728587,103.5870995775354,9144.0
880.0,MAS632,2.015064980806532,102.91140642859752,9144.0
880.0,MAS642,1.4308079719333793,105.87816594081386,9144.0
880.0,MAS643,1.4193999621862832,108.3482603110302,9144.0
880.0,MAS8792,-7.583104649239554,123.6574663152703,9144.0
880.0,MMA231,14.986411794182334,97.2215251238638,9144.0
880.0,MMA232,2.95328047865145,103.61550593057302,9144.0
880.0,MWG3415,1.8434547970665829,110.72755128997053,9144.0
880.0,MWG3420,2.1928752317860667,111.31591012618073,9144.0
880.0,MWG3752,1.6763245060132876,110.99854823295517,9144.0
880.0,MWG3753,3.1149713796488316,112.79219193423505,9144.0
880.0,MXD1636,2.1232306686713485,102.1651272190652,9144.0
880.0,MXD801,1.2578847421559787,103.35586624118983,9144.0
880.0,MXD803,2.1290088663152376,102.4422987866603,9144.0
880.0,MXD804,2.1417855736693467,102.68673486934887,9144.0
880.0,MYU2211,20.82732444539444,113.75774085129528,9144.0
880.0,NEP341,3.338669809827736,103.14037784081003,9144.0
880.0,NEP345,3.2950569837546198,102.97423070756835,9144.0
880.0,NEP347,3.3618701059202656,103.61626671614499,9144.0
880.0,MAS632,2.015064980806532,102.91140642859752,9144.0
880.0,MAS642,1.4308079719333793,105.87816594081386,9144.0
880.0,MAS643,1.4193999621862832,108.3482603110302,9144.0
880.0,MAS8792,-7.583104649239554,123.6574663152703,9144.0
880.0,MMA231,14.986411794182334,97.2215251238638,9144.0
880.0,MMA232,2.95328047865145,103.61550593057302,9144.0
880.0,MWG3415,1.8434547970665829,110.72755128997053,9144.0
880.0,MWG3420,2.1928752317860667,111.31591012618073,9144.0
880.0,MWG3752,1.6763245060132876,110.99854823295517,9144.0
880.0,MWG3753,3.1149713796488316,112.79219193423505,9144.0
880.0,MXD1636,2.1232306686713485,102.1651272190652,9144.0
880.0,MXD801,1.2578847421559787,103.35586624118983,9144.0
880.0,MXD803,2.1290088663152376,102.4422987866603,9144.0
880.0,MXD804,2.1417855736693467,102.68673486934887,9144.0
880.0,MYU2211,20.82732444539444,113.75774085129528,9144.0
880.0,NEP341,3.338669809827736,103.14037784081003,9144.0
880.0,NEP345,3.2950569837546198,102.97423070756835,9144.0
880.0,NEP347,3.3618701059202656,103.61626671614499,9144.0
890.0,MAS632,2.021558956868056,102.88144583296197,9144.0
890.0,MAS642,1.4304661129227991,105.90804126955932,9144.0
890.0,MAS643,1.418952568167216,108.31540283612894,9144.0
890.0,MAS8792,-7.570493305723841,123.63008716139954,9144.0
890.0,MMA231,14.960093753709424,97.23969436308502,9144.0
890.0,MMA232,2.9817960959717102,103.60290897284774,9144.0
890.0,MWG3415,1.8566526531590632,110.7309369655942,9144.0
890.0,MWG3420,2.180752882607226,111.30193887246843,9144.0
890.0,MWG3752,1.6838562252035638,111.01268905897095,9144.0
890.0,MWG3753,3.106664707753352,112.77437339296341,9144.0
890.0,MXD1636,2.1108482170454668,102.18930200240737,9144.0
890.0,MXD801,1.2347440940153391,103.3710914086968,9144.0
890.0,MXD803,2.1148969496299315,102.46796064122233,9144.0
890.0,MXD804,2.157887086126419,102.66380786886639,9144.0
890.0,MYU2211,20.79629569369556,113.7546019015234,9144.0
890.0,NEP341,3.3441765308797686,103.16966247699219,9144.0
890.0,NEP345,3.301337669491844,103.00354034445037,9144.0
890.0,NEP347,3.3583093693028085,103.64524906747353,9144.0
890.0,MAS632,2.021558956868056,102.88144583296197,9144.0
890.0,MAS642,1.4304661129227991,105.90804126955932,9144.0
890.0,MAS643,1.418952568167216,108.31540283612894,9144.0
890.0,MAS8792,-7.570493305723841,123.63008716139954,9144.0
890.0,MMA231,14.960093753709424,97.23969436308502,9144.0
890.0,MMA232,2.9817960959717102,103.60290897284774,9144.0
890.0,MWG3415,1.8566526531590632,110.7309369655942,9144.0
890.0,MWG3420,2.180752882607226,111.30193887246843,9144.0
890.0,MWG3752,1.6838562252035638,111.01268905897095,9144.0
890.0,MWG3753,3.106664707753352,112.77437339296341,9144.0
890.0,MXD1636,2.1108482170454668,102.18930200240737,9144.0
890.0,MXD801,1.2347440940153391,103.3710914086968,9144.0
890.0,MXD803,2.1148969496299315,102.46796064122233,9144.0
890.0,MXD804,2.157887086126419,102.66380786886639,9144.0
890.0,MYU2211,20.79629569369556,113.7546019015234,9144.0
890.0,NEP341,3.3441765308797686,103.16966247699219,9144.0
890.0,NEP345,3.301337669491844,103.00354034445037,9144.0
890.0,NEP347,3.3583093693028085,103.64524906747353,9144.0
900.0,MAS632,2.0281890229943036,102.85085294937485,9144.0
900.0,MAS642,1.430209378978222,105.93791744828012,9144.0
900.0,MAS643,1.4185227351621257,108.28254513276815,9144.0
900.0,MAS8792,-7.557880246233968,123.60270961230113,9144.0
900.0,MMA231,14.934114288928557,97.25762386903385,9144.0
900.0,MMA232,3.010792701455637,103.5900987673739,9144.0
900.0,MWG3415,1.868247879607983,110.73809513264123,9144.0
900.0,MWG3420,2.1685337277162464,111.28805244047615,9144.0
900.0,MWG3752,1.6907368303801367,111.02715821988977,9144.0
900.0,MWG3753,3.098442552051093,112.75673792459658,9144.0
900.0,MXD1636,2.098436920172585,102.21353087689972,9144.0
900.0,MXD801,1.2117565347359094,103.38621550132862,9144.0
900.0,MXD803,2.1045152580199993,102.49534698888331,9144.0
900.0,MXD804,2.1771324571075126,102.64353559636729,9144.0
900.0,MYU2211,20.76544211395115,113.7514819631395,9144.0
900.0,NEP341,3.349680955586288,103.19894771089672,9144.0
900.0,NEP345,3.3076016149803813,103.03285376050964,9144.0
900.0,NEP347,3.354812847711234,103.67369236346711,9144.0
900.0,MAS632,2.0281890229943036,102.85085294937485,9144.0
900.0,MAS642,1.430209378978222,105.93791744828012,9144.0
900.0,MAS643,1.4185227351621257,108.28254513276815,9144.0
900.0,MAS8792,-7.557880246233968,123.60270961230113,9144.0
900.0,MMA231,14.934114288928557,97.25762386903385,9144.0
900.0,MMA232,3.010792701455637,103.5900987673739,9144.0
900.0,MWG3415,1.868247879607983,110.73809513264123,9144.0
900.0,MWG3420,2.1685337277162464,111.28805244047615,9144.0
900.0,MWG3752,1.6907368303801367,111.02715821988977,9144.0
900.0,MWG3753,3.098442552051093,112.75673792459658,9144.0
900.0,MXD1636,2.098436920172585,102.21353087689972,9144.0
900.0,MXD801,1.2117565347359094,103.38621550132862,9144.0
900.0,MXD803,2.1045152580199993,102.49534698888331,9144.0
900.0,MXD804,2.1771324571075126,102.64353559636729,9144.0
900.0,MYU2211,20.76544211395115,113.7514819631395,9144.0
900.0,NEP341,3.349680955586288,103.19894771089672,9144.0
900.0,NEP345,3.3076016149803813,103.03285376050964,9144.0
900.0,NEP347,3.354812847711234,103.67369236346711,9144.0
910.0,MAS632,2.0347820178320166,102.82025192028975,9144.0
910.0,MAS642,1.4299548840559686,105.9674357219342,9144.0
910.0,MAS643,1.4180914449884106,108.24962996398955,9144.0
910.0,MAS8792,-7.545265473710099,123.57533366541749,9144.0
910.0,MMA231,14.908190179542254,97.27563682173783,9144.0
910.0,MMA232,3.039757960451623,103.57721730169986,9144.0
910.0,MWG3415,1.877192049939331,110.74837858843703,9144.0
910.0,MWG3420,2.15609062572581,111.27391196367884,9144.0
910.0,MWG3752,1.6976172296222038,111.04162753021399,9144.0
910.0,MWG3753,3.0903805403057656,112.73902859300297,9144.0
910.0,MXD1636,2.0856299525886604,102.2375524799066,9144.0
910.0,MXD801,1.188740717638225,103.40129641021946,9144.0
910.0,MXD803,2.09675977967714,102.52334138980638,9144.0
910.0,MXD804,2.1991829468302204,102.62626203053858,9144.0
910.0,MYU2211,20.734614423043677,113.74808258895835,9144.0
910.0,NEP341,3.3551834408518793,103.22823347526862,9144.0
910.0,NEP345,3.313945286176718,103.06215015699296,9144.0
910.0,NEP347,3.352301072329102,103.70223976052431,9144.0
910.0,MAS632,2.0347820178320166,102.82025192028975,9144.0
910.0,MAS642,1.4299548840559686,105.9674357219342,9144.0
910.0,MAS643,1.4180914449884106,108.24962996398955,9144.0
910.0,MAS8792,-7.545265473710099,123.57533366541749,9144.0
910.0,MMA231,14.908190179542254,97.27563682173783,9144.0
910.0,MMA232,3.039757960451623,103.57721730169986,9144.0
910.0,MWG3415,1.877192049939331,110.74837858843703,9144.0
910.0,MWG3420,2.15609062572581,111.27391196367884,9144.0
910.0,MWG3752,1.6976172296222038,111.04162753021399,9144.0
910.0,MWG3753,3.0903805403057656,112.73902859300297,9144.0
910.0,MXD1636,2.0856299525886604,102.2375524799066,9144.0
910.0,MXD801,1.188740717638225,103.40129641021946,9144.0
910.0,MXD803,2.09675977967714,102.52334138980638,9144.0
910.0,MXD804,2.1991829468302204,102.62626203053858,9144.0
910.0,MYU2211,20.734614423043677,113.74808258895835,9144.0
910.0,NEP341,3.3551834408518793,103.22823347526862,9144.0
910.0,NEP345,3.313945286176718,103.06215015699296,9144.0
910.0,NEP347,3.352301072329102,103.70223976052431,9144.0
920.0,MAS632,2.0414356594289234,102.78936478725507,9144.0
920.0,MAS642,1.429631327609868,105.99695331478854,9144.0
920.0,MAS643,1.417656129219954,108.2167148544272,9144.0
920.0,MAS8792,-7.5326489910914365,123.54795931819054,9144.0
920.0,MMA231,14.88270339290394,97.29334010267972,9144.0
920.0,MMA232,3.0693065468711587,103.56407560490156,9144.0
920.0,MWG3415,1.8826764429948992,110.76085751790754,9144.0
920.0,MWG3420,2.144187252764745,111.25931371431665,9144.0
920.0,MWG3752,1.704587124246586,111.05605395800801,9144.0
920.0,MWG3753,3.0822621329231064,112.72119741082268,9144.0
920.0,MXD1636,2.0723625291724153,102.26243599370952,9144.0
920.0,MXD801,1.1660839938834904,103.4161416950371,9144.0
920.0,MXD803,2.0884643818615736,102.55118022035403,9144.0
920.0,MXD804,2.223521907917365,102.61240328269338,9144.0
920.0,MYU2211,20.703320570120745,113.74463324011094,9144.0
920.0,NEP341,3.3606510017191327,103.25734357151245,9144.0
920.0,NEP345,3.320347911236938,103.0917381577788,9144.0
920.0,NEP347,3.349829571245784,103.73030335667426,9144.0
920.0,MAS632,2.0414356594289234,102.78936478725507,9144.0
920.0,MAS642,1.429631327609868,105.99695331478854,9144.0
920.0,MAS643,1.417656129219954,108.2167148544272,9144.0
920.0,MAS8792,-7.5326489910914365,123.54795931819054,9144.0
920.0,MMA231,14.88270339290394,97.29334010267972,9144.0
920.0,MMA232,3.0693065468711587,103.56407560490156,9144.0
920.0,MWG3415,1.8826764429948992,110.76085751790754,9144.0
920.0,MWG3420,2.144187252764745,111.25931371431665,9144.0
920.0,MWG3752,1.704587124246586,111.05605395800801,9144.0
920.0,MWG3753,3.0822621329231064,112.72119741082268,9144.0
920.0,MXD1636,2.0723625291724153,102.26243599370952,9144.0
920.0,MXD801,1.1660839938834904,103.4161416950371,9144.0
920.0,MXD803,2.0884643818615736,102.55118022035403,9144.0
920.0,MXD804,2.223521907917365,102.61240328269338,9144.0
920.0,MYU2211,20.703320570120745,113.74463324011094,9144.0
920.0,NEP341,3.3606510017191327,103.25734357151245,9144.0
920.0,NEP345,3.320347911236938,103.0917381577788,9144.0
920.0,NEP347,3.349829571245784,103.73030335667426,9144.0
930.0,MAS632,2.048115510726263,102.75848319054316,9144.0
930.0,MAS642,1.429309554670649,106.02623146262577,9144.0
930.0,MAS643,1.4172193611433634,108.18374231708742,9144.0
930.0,MAS8792,-7.520030801316202,123.52058656806163,9144.0
930.0,MMA231,14.857161128237752,97.31095548671807,9144.0
930.0,MMA232,3.098854798113202,103.55093278714283,9144.0
930.0,MWG3415,1.8842051665298336,110.77440357078729,9144.0
930.0,MWG3420,2.132283700369288,111.24471572470738,9144.0
930.0,MWG3752,1.7115568605024636,111.07048051471395,9144.0
930.0,MWG3753,3.0741614457596986,112.70335828365772,9144.0
930.0,MXD1636,2.059160369565376,102.28735403347534,9144.0
930.0,MXD801,1.1434801898222875,103.43106734757714,9144.0
930.0,MXD803,2.080219892559597,102.57884563292116,9144.0
930.0,MXD804,2.248090578118532,102.598956369266,9144.0
930.0,MYU2211,20.672016948053777,113.74128741931605,9144.0
930.0,NEP341,3.3660433587383736,103.28646790172267,9144.0
930.0,NEP345,3.32646871023413,103.12138612571881,9144.0
930.0,NEP347,3.3467715554143944,103.75830882536201,9144.0
930.0,MAS632,2.048115510726263,102.75848319054316,9144.0
930.0,MAS642,1.429309554670649,106.02623146262577,9144.0
930.0,MAS643,1.4172193611433634,108.18374231708742,9144.0
930.0,MAS8792,-7.520030801316202,123.52058656806163,9144.0
930.0,MMA231,14.857161128237752,97.31095548671807,9144.0
930.0,MMA232,3.098854798113202,103.55093278714283,9144.0
930.0,MWG3415,1.8842051665298336,110.77440357078729,9144.0
930.0,MWG3420,2.132283700369288,111.24471572470738,9144.0
930.0,MWG3752,1.7115568605024636,111.07048051471395,9144.0
930.0,MWG3753,3.0741614457596986,112.70335828365772,9144.0
930.0,MXD1636,2.059160369565376,102.28735403347534,9144.0
930.0,MXD801,1.1434801898222875,103.43106734757714,9144.0
930.0,MXD803,2.080219892559597,102.57884563292116,9144.0
930.0,MXD804,2.248090578118532,102.598956369266,9144.0
930.0,MYU2211,20.672016948053777,113.74128741931605,9144.0
930.0,NEP341,3.3660433587383736,103.28646790172267,9144.0
930.0,NEP345,3.32646871023413,103.12138612571881,9144.0
930.0,NEP347,3.3467715554143944,103.75830882536201,9144.0
940.0,MAS632,2.054941976075825,102.72691942754159,9144.0
940.0,MAS642,1.4290813276210206,106.05551048673276,9144.0
940.0,MAS643,1.4167767610268551,108.15076986386526,9144.0
940.0,MAS8792,-7.507410907321622,123.49321541247161,9144.0
940.0,MMA231,14.831470298648634,97.32866761883116,9144.0
940.0,MMA232,3.1283483927947766,103.53766704193279,9144.0
940.0,MWG3415,1.8816399951948901,110.7877918985609,9144.0
940.0,MWG3420,2.1203791585972853,111.23011865564084,9144.0
940.0,MWG3752,1.7185318639044385,111.08490457588117,9144.0
940.0,MWG3753,3.066087634254978,112.68558085912812,9144.0
940.0,MXD1636,2.0455333214187466,102.31307217556896,9144.0
940.0,MXD801,1.121133383321325,103.44582298728129,9144.0
940.0,MXD803,2.071974187650334,102.60651053839362,9144.0
940.0,MXD804,2.272659098302464,102.58550895372414,9144.0
940.0,MYU2211,20.64048108645455,113.73791818229041,9144.0
940.0,NEP341,3.371444514161506,103.31565157758953,9144.0
940.0,NEP345,3.3326456894423018,103.15132519381798,9144.0
940.0,NEP347,3.3437114991513366,103.7863139829837,9144.0
940.0,MAS632,2.054941976075825,102.72691942754159,9144.0
940.0,MAS642,1.4290813276210206,106.05551048673276,9144.0
940.0,MAS643,1.4167767610268551,108.15076986386526,9144.0
940.0,MAS8792,-7.507410907321622,123.49321541247161,9144.0
940.0,MMA231,14.831470298648634,97.32866761883116,9144.0
940.0,MMA232,3.1283483927947766,103.53766704193279,9144.0
940.0,MWG3415,1.8816399951948901,110.7877918985609,9144.0
940.0,MWG3420,2.1203791585972853,111.23011865564084,9144.0
940.0,MWG3752,1.7185318639044385,111.08490457588117,9144.0
940.0,MWG3753,3.066087634254978,112.68558085912812,9144.0
940.0,MXD1636,2.0455333214187466,102.31307217556896,9144.0
940.0,MXD801,1.121133383321325,103.44582298728129,9144.0
940.0,MXD803,2.071974187650334,102.60651053839362,9144.0
940.0,MXD804,2.272659098302464,102.58550895372414,9144.0
940.0,MYU2211,20.64048108645455,113.73791818229041,9144.0
940.0,NEP341,3.371444514161506,103.31565157758953,9144.0
940.0,NEP345,3.3326456894423018,103.15132519381798,9144.0
940.0,NEP347,3.3437114991513366,103.7863139829837,9144.0
950.0,MAS632,2.061763396932322,102.69535443749376,9144.0
950.0,MAS642,1.4288536106562386,106.08460947703135,9144.0
950.0,MAS643,1.4165075586319078,108.11779554174572,9144.0
950.0,MAS8792,-7.494789312043908,123.46584584886081,9144.0
950.0,MMA231,14.80583104768552,97.34645744337635,9144.0
950.0,MMA232,3.157999853812297,103.52432928570141,9144.0
950.0,MWG3415,1.8752128687067942,110.79981192039901,9144.0
950.0,MWG3420,2.1085323999251337,111.21547469933549,9144.0
950.0,MWG3752,1.7286055938166263,111.09858643233963,9144.0
950.0,MWG3753,3.0578915880942894,112.66785975390393,9144.0
950.0,MXD1636,2.03188351161049,102.33877801082883,9144.0
950.0,MXD801,1.0987875220011922,103.46057994736161,9144.0
950.0,MXD803,2.063634211494427,102.63414698837053,9144.0
950.0,MXD804,2.297687361023508,102.57293911563414,9144.0
950.0,MYU2211,20.608955585603567,113.73444070955429,9144.0
950.0,NEP341,3.3769165543554234,103.34482216382077,9144.0
950.0,NEP345,3.3391501733833895,103.1811947817588,9144.0
950.0,NEP347,3.340806900989207,103.81433566428724,9144.0
950.0,MAS632,2.061763396932322,102.69535443749376,9144.0
950.0,MAS642,1.4288536106562386,106.08460947703135,9144.0
950.0,MAS643,1.4165075586319078,108.11779554174572,9144.0
950.0,MAS8792,-7.494789312043908,123.46584584886081,9144.0
950.0,MMA231,14.80583104768552,97.34645744337635,9144.0
950.0,MMA232,3.157999853812297,103.52432928570141,9144.0
950.0,MWG3415,1.8752128687067942,110.79981192039901,9144.0
950.0,MWG3420,2.1085323999251337,111.21547469933549,9144.0
950.0,MWG3752,1.7286055938166263,111.09858643233963,9144.0
950.0,MWG3753,3.0578915880942894,112.66785975390393,9144.0
950.0,MXD1636,2.03188351161049,102.33877801082883,9144.0
950.0,MXD801,1.0987875220011922,103.46057994736161,9144.0
950.0,MXD803,2.063634211494427,102.63414698837053,9144.0
950.0,MXD804,2.297687361023508,102.57293911563414,9144.0
950.0,MYU2211,20.608955585603567,113.73444070955429,9144.0
950.0,NEP341,3.3769165543554234,103.34482216382077,9144.0
950.0,NEP345,3.3391501733833895,103.1811947817588,9144.0
950.0,NEP347,3.340806900989207,103.81433566428724,9144.0
960.0,MAS632,2.0684201960813096,102.66375414245279,9144.0
960.0,MAS642,1.4285650135850783,106.11370792322435,9144.0
960.0,MAS643,1.4162321666684214,108.08516653987951,9144.0
960.0,MAS8792,-7.482166018418234,123.43847787466903,9144.0
960.0,MMA231,14.780385822296807,97.3641069895341,9144.0
960.0,MMA232,3.1877380981267347,103.51118638050501,9144.0
960.0,MWG3415,1.8655049201371268,110.80937679666972,9144.0
960.0,MWG3420,2.0974329276863135,111.20206836321167,9144.0
960.0,MWG3752,1.7389238768986806,111.11260075626353,9144.0
960.0,MWG3753,3.0498639762542084,112.65050603680758,9144.0
960.0,MXD1636,2.0183176514200816,102.36432390204158,9144.0
960.0,MXD801,1.078909724576341,103.47861663454903,9144.0
960.0,MXD803,2.0524628537377003,102.6608289973904,9144.0
960.0,MXD804,2.3226066741332234,102.56042345587323,9144.0
960.0,MYU2211,20.57737208764576,113.73095829488351,9144.0
960.0,NEP341,3.3823865601373257,103.37399329740143,9144.0
960.0,NEP345,3.3456378695908806,103.2110076682509,9144.0
960.0,NEP347,3.3378944151407643,103.84241759634354,9144.0
960.0,MAS632,2.0684201960813096,102.66375414245279,9144.0,"(MAS632),(MXD803)"
960.0,MAS642,1.4285650135850783,106.11370792322435,9144.0,"(MXD803),(MAS632)"
970.0,MAS632,2.0751443501203015,102.6318135620479,9144.0
970.0,MAS642,1.4282793160751315,106.14244516535754,9144.0
970.0,MAS643,1.4158244845373806,108.05253892934672,9144.0
970.0,MAS8792,-7.46954102937872,123.41111148733562,9144.0
970.0,MMA231,14.75486909170202,97.38164370930096,9144.0
970.0,MMA232,3.2175289077796108,103.4980192676122,9144.0
970.0,MWG3415,1.8533939305567122,110.81562170637994,9144.0
970.0,MWG3420,2.0865086392674304,111.188874028915,9144.0
970.0,MWG3752,1.7492420190201057,111.12661526091492,9144.0
970.0,MWG3753,3.041857594120277,112.63314261615113,9144.0
970.0,MXD1636,2.0047542062440207,102.38987086475828,9144.0
970.0,MXD801,1.0620634675828582,103.49943436321804,9144.0
970.0,MXD803,2.0412675927091417,102.68756606897432,9144.0
970.0,MXD804,2.3474526576263908,102.5477623863431,9144.0
970.0,MYU2211,20.545829812159408,113.72707371737951,9144.0
970.0,NEP341,3.3869040842124076,103.40332773499185,9144.0
970.0,NEP345,3.351800405292729,103.24088988458885,9144.0
970.0,NEP347,3.3349137475360857,103.87049226383756,9144.0
970.0,MAS632,2.0751443501203015,102.6318135620479,9144.0,"(MAS632),(MXD803)"
970.0,MAS642,1.4282793160751315,106.14244516535754,9144.0,"(MXD803),(MAS632)"
980.0,MAS632,2.0816827318719646,102.59983425321327,9144.0
980.0,MAS642,1.4281111727684435,106.17118333420369,9144.0
980.0,MAS643,1.4154153975820027,108.02014228601385,9144.0
980.0,MAS8792,-7.456914347858409,123.3837466842994,9144.0
980.0,MMA231,14.729399935209585,97.39914219128245,9144.0
980.0,MMA232,3.247169339789288,103.48451560552843,9144.0
980.0,MWG3415,1.839974961123564,110.81798204009426,9144.0
980.0,MWG3420,2.0756537604827496,111.17562254861055,9144.0
980.0,MWG3752,1.7601477335159654,111.1401772040992,9144.0
980.0,MWG3753,3.0336805017032136,112.61541313074375,9144.0
980.0,MXD1636,1.9909929682012766,102.4157886166858,9144.0
980.0,MXD801,1.04863887846336,103.52253590856817,9144.0
980.0,MXD803,2.02640461937026,102.7124490766293,9144.0
980.0,MXD804,2.37224419838063,102.53512850424956,9144.0
980.0,MYU2211,20.514345301137833,113.7231978676761,9144.0
980.0,NEP341,3.387335889774891,103.43306581471542,9144.0
980.0,NEP345,3.3578977298215524,103.27048302478862,9144.0
980.0,NEP347,3.3319314469325456,103.89856667220691,9144.0
980.0,MAS632,2.0816827318719646,102.59983425321327,9144.0,"(MAS632),(MXD803)"
980.0,MAS642,1.4281111727684435,106.17118333420369,9144.0,"(MXD803),(MAS632)"
990.0,MAS632,2.088138004194317,102.56825084700223,9144.0
990.0,MAS642,1.427942397498927,106.19992149723274,9144.0
990.0,MAS643,1.415042263726847,107.98774521358538,9144.0
990.0,MAS8792,-7.444285976789245,123.35638346299875,9144.0
990.0,MMA231,14.70397276119776,97.41670377994573,9144.0
990.0,MMA232,3.2767570315500576,103.47103498166638,9144.0
990.0,MWG3415,1.8264613389658448,110.81624443954172,9144.0
990.0,MWG3420,2.0650171828986883,111.16263798560428,9144.0
990.0,MWG3752,1.771396431696049,111.15416602633078,9144.0
990.0,MWG3753,3.02533074114271,112.59776466984368,9144.0
990.0,MXD1636,1.9772349379953726,102.4417078580303,9144.0
990.0,MXD801,1.0388206879879216,103.54758498833353,9144.0
990.0,MXD803,2.0080794065548058,102.73513368512822,9144.0
990.0,MXD804,2.397037582486203,102.52249801863319,9144.0
990.0,MYU2211,20.48286069944919,113.71932365368342,9144.0
990.0,NEP341,3.3836662547775593,103.46269917965094,9144.0
990.0,NEP345,3.364307989688929,103.30000992547744,9144.0
990.0,NEP347,3.3288699575590592,103.92663243933276,9144.0
990.0,MAS632,2.088138004194317,102.56825084700223,9144.0
990.0,MAS642,1.427942397498927,106.19992149723274,9144.0
990.0,MAS643,1.415042263726847,107.98774521358538,9144.0
990.0,MAS8792,-7.444285976789245,123.35638346299875,9144.0
990.0,MMA231,14.70397276119776,97.41670377994573,9144.0
990.0,MMA232,3.2767570315500576,103.47103498166638,9144.0
990.0,MWG3415,1.8264613389658448,110.81624443954172,9144.0
990.0,MWG3420,2.0650171828986883,111.16263798560428,9144.0
990.0,MWG3752,1.771396431696049,111.15416602633078,9144.0
990.0,MWG3753,3.02533074114271,112.59776466984368,9144.0
990.0,MXD1636,1.9772349379953726,102.4417078580303,9144.0
990.0,MXD801,1.0388206879879216,103.54758498833353,9144.0
990.0,MXD803,2.0080794065548058,102.73513368512822,9144.0
990.0,MXD804,2.397037582486203,102.52249801863319,9144.0
990.0,MYU2211,20.48286069944919,113.71932365368342,9144.0
990.0,NEP341,3.3836662547775593,103.46269917965094,9144.0
990.0,NEP345,3.364307989688929,103.30000992547744,9144.0
990.0,NEP347,3.3288699575590592,103.92663243933276,9144.0
1000.0,MAS632,2.0963674053166965,102.53708300129422,9144.0
1000.0,MAS642,1.427736063677675,106.22865941240958,9144.0
1000.0,MAS643,1.4146666678886428,107.9553481748692,9144.0
1000.0,MAS8792,-7.4316559191020515,123.3290218208716,9144.0
1000.0,MMA231,14.678789876885505,97.43409130956023,9144.0
1000.0,MMA232,3.3064313794783984,103.45774643454143,9144.0
1000.0,MWG3415,1.814074949597594,110.81056607331183,9144.0
1000.0,MWG3420,2.0543478824471406,111.14968041902006,9144.0
1000.0,MWG3752,1.782137832560198,111.1685485066899,9144.0
1000.0,MWG3753,3.017299502853819,112.58019045528889,9144.0
1000.0,MXD1636,1.9632521884629857,102.46804871081399,9144.0
1000.0,MXD801,1.0329309337178048,103.57383726030054,9144.0
1000.0,MXD803,1.9867485360994577,102.75501438081588,9144.0
1000.0,MXD804,2.4218308273210494,102.50986702917452,9144.0
1000.0,MYU2211,20.451467734930972,113.71467966581086,9144.0
1000.0,NEP341,3.375963184178426,103.4915451789294,9144.0
1000.0,NEP345,3.3706756085971263,103.32936374320118,9144.0
1000.0,NEP347,3.3258068497833997,103.95469794204226,9144.0
1000.0,MAS632,2.0963674053166965,102.53708300129422,9144.0
1000.0,MAS642,1.427736063677675,106.22865941240958,9144.0
1000.0,MAS643,1.4146666678886428,107.9553481748692,9144.0
1000.0,MAS8792,-7.4316559191020515,123.3290218208716,9144.0
1000.0,MMA231,14.678789876885505,97.43409130956023,9144.0
1000.0,MMA232,3.3064313794783984,103.45774643454143,9144.0
1000.0,MWG3415,1.814074949597594,110.81056607331183,9144.0
1000.0,MWG3420,2.0543478824471406,111.14968041902006,9144.0
1000.0,MWG3752,1.782137832560198,111.1685485066899,9144.0
1000.0,MWG3753,3.017299502853819,112.58019045528889,9144.0
1000.0,MXD1636,1.9632521884629857,102.46804871081399,9144.0
1000.0,MXD801,1.0329309337178048,103.57383726030054,9144.0
1000.0,MXD803,1.9867485360994577,102.75501438081588,9144.0
1000.0,MXD804,2.4218308273210494,102.50986702917452,9144.0
1000.0,MYU2211,20.451467734930972,113.71467966581086,9144.0
1000.0,NEP341,3.375963184178426,103.4915451789294,9144.0
1000.0,NEP345,3.3706756085971263,103.32936374320118,9144.0
1000.0,NEP347,3.3258068497833997,103.95469794204226,9144.0
1010.0,MAS632,2.1084352502601016,102.50744309118365,9144.0
1010.0,MAS642,1.427528867501418,106.2574576294636,9144.0
1010.0,MAS643,1.4138149515354275,107.92296017334483,9144.0
1010.0,MAS8792,-7.4190241777265085,123.30166175535544,9144.0
1010.0,MMA231,14.653604255210876,97.45147260208118,9144.0
1010.0,MMA232,3.3362634422988764,103.44438633745042,9144.0
1010.0,MWG3415,1.803935755495465,110.80146041142602,9144.0
1010.0,MWG3420,2.0439423819458753,111.13704363743031,9144.0
1010.0,MWG3752,1.7929607105379162,111.18304047069252,9144.0
1010.0,MWG3753,3.009183974569082,112.56243302645409,9144.0
1010.0,MXD1636,1.9491818356514685,102.49434259785626,9144.0
1010.0,MXD801,1.0310798616380337,103.60080202238704,9144.0
1010.0,MXD803,1.9684233232840034,102.77769844426484,9144.0
1010.0,MXD804,2.4466853235868533,102.49735698393773,9144.0
1010.0,MYU2211,20.420190128623858,113.71005466554648,9144.0
1010.0,NEP341,3.3665182957596453,103.5198666114261,9144.0
1010.0,NEP345,3.3768785653314017,103.35875310723935,9144.0
1010.0,NEP347,3.3227739869942607,103.98276665403198,9144.0
1010.0,MAS632,2.1084352502601016,102.50744309118365,9144.0,"(MMA232),(NEP341)"
1010.0,MAS642,1.427528867501418,106.2574576294636,9144.0,"(NEP341),(MMA232)"
1020.0,MAS632,2.1241129152356737,102.47981328829164,9144.0
1020.0,MAS642,1.4273211968303687,106.28625584049672,9144.0
1020.0,MAS643,1.4129595837834197,107.89051447144327,9144.0
1020.0,MAS8792,-7.406390755591127,123.27430326388732,9144.0
1020.0,MMA231,14.628414683465534,97.46884578253336,9144.0
1020.0,MMA232,3.366191009048706,103.43124190559608,9144.0
1020.0,MWG3415,1.7969605304343073,110.78975078998889,9144.0
1020.0,MWG3420,2.0336088532343144,111.12434794109456,9144.0
1020.0,MWG3752,1.8037831546821248,111.19753284494665,9144.0
1020.0,MWG3753,3.0009622041146375,112.54472480667616,9144.0
1020.0,MXD1636,1.9349426923439457,102.52095050518551,9144.0
1020.0,MXD801,1.0333372276723514,103.62773582364167,9144.0
1020.0,MXD803,1.9497752858122523,102.80011731059608,9144.0
1020.0,MXD804,2.471594131224388,102.4848190300233,9144.0
1020.0,MYU2211,20.388799578228724,113.70640416611518,9144.0
1020.0,NEP341,3.3569404910076543,103.54858245567107,9144.0
1020.0,NEP345,3.381366607888285,103.38833346171485,9144.0
1020.0,NEP347,3.319732985158222,104.0108955345044,9144.0
1020.0,MAS632,2.1241129152356737,102.47981328829164,9144.0,"(MMA232),(NEP341)"
1020.0,MAS642,1.4273211968303687,106.28625584049672,9144.0,"(NEP341),(MMA232)"
1030.0,MAS632,2.1426703252675265,102.45541766385392,9144.0
1030.0,MAS642,1.4271128557277313,106.31505404407538,9144.0
1030.0,MAS643,1.412036091409696,107.85807065111787,9144.0
1030.0,MAS8792,-7.393755655623221,123.24694634390386,9144.0
1030.0,MMA231,14.603271636551913,97.48617873679129,9144.0
1030.0,MMA232,3.3960128124183755,103.41814300639571,9144.0
1030.0,MWG3420,2.02310026811584,111.1114376209164,9144.0
1030.0,MWG3752,1.8146024900049642,111.21202762900812,9144.0
1030.0,MWG3753,2.9928533612879655,112.52726103191809,9144.0
1030.0,MXD1636,1.9207029876768764,102.54755788917197,9144.0
1030.0,MXD801,1.0396508540930516,103.65401613787074,9144.0
1030.0,MXD803,1.9285420913727211,102.82018923053451,9144.0
1030.0,MXD804,2.4960289532118707,102.47137883956083,9144.0
1030.0,MYU2211,20.35752500854284,113.70276864934374,9144.0
1030.0,NEP341,3.3487082826691057,103.57771376131494,9144.0
1030.0,NEP345,3.381750201930106,103.41819143267412,9144.0
1030.0,NEP347,3.3166097341869016,104.03901528216063,9144.0
1030.0,MAS632,2.1426703252675265,102.45541766385392,9144.0,"(MMA232),(NEP345)"
1030.0,MAS642,1.4271128557277313,106.31505404407538,9144.0,"(NEP345),(MMA232)"
1040.0,MAS632,2.1634864384649877,102.43482460839485,9144.0
1040.0,MAS642,1.4269240564822143,106.34385238011895,9144.0
1040.0,MAS643,1.4111122557760205,107.8256846653622,9144.0
1040.0,MAS8792,-7.38111888074889,123.2195909928413,9144.0
1040.0,MMA231,14.578105304755429,97.50347358946195,9144.0
1040.0,MMA232,3.426300313817232,103.40616390604094,9144.0
1040.0,MWG3420,2.0125837087280907,111.09853388718695,9144.0
1040.0,MWG3752,1.8255028984166763,111.22663196246326,9144.0
1040.0,MWG3753,2.984789739262985,112.5097764024732,9144.0
1040.0,MXD1636,1.9064617176224792,102.57416421344259,9144.0
1040.0,MXD801,1.04983090794595,103.67885375388823,9144.0
1040.0,MXD803,1.9071779571456402,102.8403840690473,9144.0
1040.0,MXD804,2.5182250433977584,102.45448976398258,9144.0
1040.0,MYU2211,20.326251298602422,113.6991254654708,9144.0
1040.0,NEP341,3.34045888326125,103.60690161808658,9144.0
1040.0,NEP345,3.378030280779268,103.44775818832046,9144.0
1040.0,NEP347,3.313484870387851,104.06713476120025,9144.0
1040.0,MAS632,2.1634864384649877,102.43482460839485,9144.0,"(MMA232),(NEP345)"
1040.0,MAS642,1.4269240564822143,106.34385238011895,9144.0,"(NEP345),(MMA232)"
1050.0,MAS632,2.1869791750217455,102.41735131216959,9144.0
1050.0,MAS642,1.4267338290118718,106.37277119628568,9144.0
1050.0,MAS643,1.4102650312288985,107.79329659541999,9144.0
1050.0,MAS8792,-7.368480433892979,123.19223720813552,9144.0
1050.0,MMA231,14.553035346063835,97.52069492097921,9144.0
1050.0,MMA232,3.456533993217886,103.39420524943188,9144.0
1050.0,MWG3420,2.0023734767784878,111.08600661940326,9144.0
1050.0,MWG3752,1.8360815944422046,111.24147131110533,9144.0
1050.0,MWG3753,2.976669396760371,112.49216975837132,9144.0
1050.0,MXD1636,1.8923171761537558,102.60082192559122,9144.0
1050.0,MXD801,1.0613794075593206,103.7023975175946,9144.0
1050.0,MXD803,1.8860726835523525,102.86084933553758,9144.0
1050.0,MXD804,2.5376365415366844,102.43462674513655,9144.0
1050.0,MYU2211,20.295151889038326,113.69550406367466,9144.0
1050.0,NEP341,3.3322082565577,103.63608888175867,9144.0
1050.0,NEP345,3.3731573589771364,103.47715618648755,9144.0
1050.0,NEP347,3.310444894209473,104.09526348878276,9144.0
1050.0,MAS632,2.1869791750217455,102.41735131216959,9144.0,"(MMA232),(NEP345)"
1050.0,MAS642,1.4267338290118718,106.37277119628568,9144.0,"(NEP345),(MMA232)"
1060.0,MAS632,2.2114399578812574,102.40126294240441,9144.0
1060.0,MAS642,1.426541671318998,106.40168999726768,9144.0
1060.0,MAS643,1.4094192289466856,107.76102423118141,9144.0
1060.0,MAS8792,-7.355840317979064,123.16488498722198,9144.0
1060.0,MMA231,14.528008859941593,97.53798165393482,9144.0
1060.0,MMA232,3.4867359814894194,103.38216610496055,9144.0
1060.0,MWG3420,1.992000200424908,111.0736142680973,9144.0
1060.0,MWG3752,1.8467387009426137,111.25642190071233,9144.0
1060.0,MWG3753,2.9685487082705504,112.47456340385996,9144.0
1060.0,MXD1636,1.8779493429094882,102.6278967223362,9144.0
1060.0,MXD801,1.0691091309268894,103.7274565768115,9144.0
1060.0,MXD803,1.8650101045804228,102.88127236866389,9144.0
1060.0,MXD804,2.556833962629323,102.41498173968374,9144.0
1060.0,MYU2211,20.26402612073428,113.69215062629844,9144.0
1060.0,NEP341,3.323953130074547,103.66527462421864,9144.0
1060.0,NEP345,3.3682829047758966,103.50655378242017,9144.0
1060.0,NEP347,3.3074032311306567,104.12339194706024,9144.0
1060.0,MAS632,2.2114399578812574,102.40126294240441,9144.0
1060.0,MAS642,1.426541671318998,106.40168999726768,9144.0
1060.0,MAS643,1.4094192289466856,107.76102423118141,9144.0
1060.0,MAS8792,-7.355840317979064,123.16488498722198,9144.0
1060.0,MMA231,14.528008859941593,97.53798165393482,9144.0
1060.0,MMA232,3.4867359814894194,103.38216610496055,9144.0
1060.0,MWG3420,1.992000200424908,111.0736142680973,9144.0
1060.0,MWG3752,1.8467387009426137,111.25642190071233,9144.0
1060.0,MWG3753,2.9685487082705504,112.47456340385996,9144.0
1060.0,MXD1636,1.8779493429094882,102.6278967223362,9144.0
1060.0,MXD801,1.0691091309268894,103.7274565768115,9144.0
1060.0,MXD803,1.8650101045804228,102.88127236866389,9144.0
1060.0,MXD804,2.556833962629323,102.41498173968374,9144.0
1060.0,MYU2211,20.26402612073428,113.69215062629844,9144.0
1060.0,NEP341,3.323953130074547,103.66527462421864,9144.0
1060.0,NEP345,3.3682829047758966,103.50655378242017,9144.0
1060.0,NEP347,3.3074032311306567,104.12339194706024,9144.0
1070.0,MAS632,2.2356999346482835,102.3853059412111,9144.0
1070.0,MAS642,1.4263486469230522,106.43066897172332,9144.0
1070.0,MAS643,1.4086286470253937,107.7287504770932,9144.0
1070.0,MAS8792,-7.34319853592941,123.13753432753582,9144.0
1070.0,MMA231,14.502881703673452,97.55533130500433,9144.0
1070.0,MMA232,3.516884163985362,103.37014754567973,9144.0
1070.0,MWG3420,1.9816265715312216,111.06122229009,9144.0
1070.0,MWG3752,1.8578210545813907,111.27105981573588,9144.0
1070.0,MWG3753,2.960427591794777,112.45695737652066,9144.0
1070.0,MXD1636,1.863488145388514,102.65492149027361,9144.0
1070.0,MXD801,1.0738496435038887,103.75318575936282,9144.0
1070.0,MXD803,1.8439468366809662,102.90169444742752,9144.0
1070.0,MXD804,2.5755246003247954,102.39485272048931,9144.0
1070.0,MYU2211,20.233016835738102,113.68881108678978,9144.0
1070.0,NEP341,3.3157804013071654,103.69448338366134,9144.0
1070.0,NEP345,3.359802540733917,103.53511741957873,9144.0
1070.0,NEP347,3.304336436812409,104.15151758034689,9144.0
1070.0,MAS632,2.2356999346482835,102.3853059412111,9144.0
1070.0,MAS642,1.4263486469230522,106.43066897172332,9144.0
1070.0,MAS643,1.4086286470253937,107.7287504770932,9144.0
1070.0,MAS8792,-7.34319853592941,123.13753432753582,9144.0
1070.0,MMA231,14.502881703673452,97.55533130500433,9144.0
1070.0,MMA232,3.516884163985362,103.37014754567973,9144.0
1070.0,MWG3420,1.9816265715312216,111.06122229009,9144.0
1070.0,MWG3752,1.8578210545813907,111.27105981573588,9144.0
1070.0,MWG3753,2.960427591794777,112.45695737652066,9144.0
1070.0,MXD1636,1.863488145388514,102.65492149027361,9144.0
1070.0,MXD801,1.0738496435038887,103.75318575936282,9144.0
1070.0,MXD803,1.8439468366809662,102.90169444742752,9144.0
1070.0,MXD804,2.5755246003247954,102.39485272048931,9144.0
1070.0,MYU2211,20.233016835738102,113.68881108678978,9144.0
1070.0,NEP341,3.3157804013071654,103.69448338366134,9144.0
1070.0,NEP345,3.359802540733917,103.53511741957873,9144.0
1070.0,NEP347,3.304336436812409,104.15151758034689,9144.0
1080.0,MAS632,2.2574656812841285,102.36608068131278,9144.0
1080.0,MAS642,1.426155020048308,106.45964793971888,9144.0
1080.0,MAS643,1.407840360389804,107.69659255744703,9144.0
1080.0,MAS8792,-7.33055509066495,123.11018522651183,9144.0
1080.0,MMA231,14.477716288677328,97.57261973047927,9144.0
1080.0,MMA232,3.5470592773783434,103.35819663125051,9144.0
1080.0,MWG3420,1.9714863646333296,111.0486384394313,9144.0
1080.0,MWG3752,1.868819768893746,111.28576083761706,9144.0
1080.0,MWG3753,2.9522935802249712,112.43935744798219,9144.0
1080.0,MXD1636,1.848831521165253,102.68230872027043,9144.0
1080.0,MXD801,1.078589804524029,103.77891504669532,9144.0
1080.0,MXD803,1.8227605307732757,102.92198848252234,9144.0
1080.0,MXD804,2.5939641855929034,102.37499301534207,9144.0
1080.0,MYU2211,20.20200416931036,113.68550806405304,9144.0
1080.0,NEP341,3.307588063190744,103.72374797708737,9144.0
1080.0,NEP345,3.351645693669874,103.5625859668856,9144.0
1080.0,NEP347,3.3012680631588713,104.1796429538839,9144.0
1080.0,MAS632,2.2574656812841285,102.36608068131278,9144.0
1080.0,MAS642,1.426155020048308,106.45964793971888,9144.0
1080.0,MAS643,1.407840360389804,107.69659255744703,9144.0
1080.0,MAS8792,-7.33055509066495,123.11018522651183,9144.0
1080.0,MMA231,14.477716288677328,97.57261973047927,9144.0
1080.0,MMA232,3.5470592773783434,103.35819663125051,9144.0
1080.0,MWG3420,1.9714863646333296,111.0486384394313,9144.0
1080.0,MWG3752,1.868819768893746,111.28576083761706,9144.0
1080.0,MWG3753,2.9522935802249712,112.43935744798219,9144.0
1080.0,MXD1636,1.848831521165253,102.68230872027043,9144.0
1080.0,MXD801,1.078589804524029,103.77891504669532,9144.0
1080.0,MXD803,1.8227605307732757,102.92198848252234,9144.0
1080.0,MXD804,2.5939641855929034,102.37499301534207,9144.0
1080.0,MYU2211,20.20200416931036,113.68550806405304,9144.0
1080.0,NEP341,3.307588063190744,103.72374797708737,9144.0
1080.0,NEP345,3.351645693669874,103.5625859668856,9144.0
1080.0,NEP347,3.3012680631588713,104.1796429538839,9144.0
1090.0,MAS632,2.276210128648771,102.34405281794099,9144.0
1090.0,MAS642,1.4259584164373467,106.4886268851842,9144.0
1090.0,MAS643,1.4070514622145578,107.66443466368524,9144.0
1090.0,MAS8792,-7.317909985105246,123.0828376815845,9144.0
1090.0,MMA231,14.452057292601484,97.59024099473376,9144.0
1090.0,MMA232,3.577180502070026,103.3462661913758,9144.0
1090.0,MWG3420,1.9613815635244216,111.03620496929248,9144.0
1090.0,MWG3752,1.879818316085401,111.30046207701376,9144.0
1090.0,MWG3753,2.9441592257933547,112.42175780701172,9144.0
1090.0,MXD1636,1.83418757126061,102.70970251127311,9144.0
1090.0,MXD801,1.0817308835694859,103.80488820278718,9144.0
1090.0,MXD803,1.8015729854754294,102.94228098492536,9144.0
1090.0,MXD804,2.612403002374134,102.35513230463218,9144.0
1090.0,MYU2211,20.170933140905294,113.68220015332146,9144.0
1090.0,NEP341,3.299341872439769,103.75299714800619,9144.0
1090.0,NEP345,3.3441244768526612,103.59023572240466,9144.0
1090.0,NEP347,3.2983213515686476,104.2077812939838,9144.0
1090.0,MAS632,2.276210128648771,102.34405281794099,9144.0
1090.0,MAS642,1.4259584164373467,106.4886268851842,9144.0
1090.0,MAS643,1.4070514622145578,107.66443466368524,9144.0
1090.0,MAS8792,-7.317909985105246,123.0828376815845,9144.0
1090.0,MMA231,14.452057292601484,97.59024099473376,9144.0
1090.0,MMA232,3.577180502070026,103.3462661913758,9144.0
1090.0,MWG3420,1.9613815635244216,111.03620496929248,9144.0
1090.0,MWG3752,1.879818316085401,111.30046207701376,9144.0
1090.0,MWG3753,2.9441592257933547,112.42175780701172,9144.0
1090.0,MXD1636,1.83418757126061,102.70970251127311,9144.0
1090.0,MXD801,1.0817308835694859,103.80488820278718,9144.0
1090.0,MXD803,1.8015729854754294,102.94228098492536,9144.0
1090.0,MXD804,2.612403002374134,102.35513230463218,9144.0
1090.0,MYU2211,20.170933140905294,113.68220015332146,9144.0
1090.0,NEP341,3.299341872439769,103.75299714800619,9144.0
1090.0,NEP345,3.3441244768526612,103.59023572240466,9144.0
1090.0,NEP347,3.2983213515686476,104.2077812939838,9144.0
1100.0,MAS632,2.296967815113489,102.32391366176195,9144.0
1100.0,MAS642,1.4257617788337862,106.51754564623273,9144.0
1100.0,MAS643,1.4062614249482739,107.63227680879314,9144.0
1100.0,MAS8792,-7.30526322216846,123.05549169018798,9144.0
1100.0,MMA231,14.426424931673766,97.60790151529075,9144.0
1100.0,MMA232,3.607300839721104,103.33433310963176,9144.0
1100.0,MWG3420,1.9518939018340942,111.0245311646797,9144.0
1100.0,MWG3752,1.8908446082818273,111.31514258901927,9144.0
1100.0,MWG3753,2.936024447297974,112.40415849089689,9144.0
1100.0,MXD1636,1.8195148773379703,102.73714726551691,9144.0
1100.0,MXD801,1.0848266805068196,103.83049016070004,9144.0
1100.0,MXD803,1.7802939132279674,102.96247716018468,9144.0
1100.0,MXD804,2.63075534366489,102.33519120009204,9144.0
1100.0,MYU2211,20.139862050140785,113.67889356566826,9144.0
1100.0,NEP341,3.291092179065304,103.78224508545769,9144.0
1100.0,NEP345,3.336633690783646,103.61776807007884,9144.0
1100.0,NEP347,3.2953667554328447,104.23597979247856,9144.0
1100.0,MAS632,2.296967815113489,102.32391366176195,9144.0
1100.0,MAS642,1.4257617788337862,106.51754564623273,9144.0
1100.0,MAS643,1.4062614249482739,107.63227680879314,9144.0
1100.0,MAS8792,-7.30526322216846,123.05549169018798,9144.0
1100.0,MMA231,14.426424931673766,97.60790151529075,9144.0
1100.0,MMA232,3.607300839721104,103.33433310963176,9144.0
1100.0,MWG3420,1.9518939018340942,111.0245311646797,9144.0
1100.0,MWG3752,1.8908446082818273,111.31514258901927,9144.0
1100.0,MWG3753,2.936024447297974,112.40415849089689,9144.0
1100.0,MXD1636,1.8195148773379703,102.73714726551691,9144.0
1100.0,MXD801,1.0848266805068196,103.83049016070004,9144.0
1100.0,MXD803,1.7802939132279674,102.96247716018468,9144.0
1100.0,MXD804,2.63075534366489,102.33519120009204,9144.0
1100.0,MYU2211,20.139862050140785,113.67889356566826,9144.0
1100.0,NEP341,3.291092179065304,103.78224508545769,9144.0
1100.0,NEP345,3.336633690783646,103.61776807007884,9144.0
1100.0,NEP347,3.2953667554328447,104.23597979247856,9144.0
1110.0,MAS632,2.317638655529582,102.3038577479485,9144.0
1110.0,MAS642,1.4255646412635488,106.5464644013989,9144.0
1110.0,MAS643,1.4055169445458018,107.60011787657197,9144.0
1110.0,MAS8792,-7.292614804771318,123.02814724975617,9144.0
1110.0,MMA231,14.40064400122134,97.62565818644632,9144.0
1110.0,MMA232,3.637371944303114,103.32227561040591,9144.0
1110.0,MWG3420,1.9424545333609426,111.01281829628199,9144.0
1110.0,MWG3752,1.9017890384042306,111.32971455969613,9144.0
1110.0,MWG3753,2.9278647119757752,112.38657089054342,9144.0
1110.0,MXD1636,1.8048544163874567,102.764598340689,9144.0
1110.0,MXD801,1.0881296454538552,103.85606623516782,9144.0
1110.0,MXD803,1.7591007669658405,102.98258949390588,9144.0
1110.0,MXD804,2.649023418112327,102.31533962853915,9144.0
1110.0,MYU2211,20.108787888703702,113.67562052887999,9144.0
1110.0,NEP341,3.283338763389146,103.81162869775189,9144.0
1110.0,NEP345,3.3289836074231336,103.64525621880945,9144.0
1110.0,NEP347,3.2922604555714337,104.26416184088427,9144.0
1110.0,MAS632,2.317638655529582,102.3038577479485,9144.0
1110.0,MAS642,1.4255646412635488,106.5464644013989,9144.0
1110.0,MAS643,1.4055169445458018,107.60011787657197,9144.0
1110.0,MAS8792,-7.292614804771318,123.02814724975617,9144.0
1110.0,MMA231,14.40064400122134,97.62565818644632,9144.0
1110.0,MMA232,3.637371944303114,103.32227561040591,9144.0
1110.0,MWG3420,1.9424545333609426,111.01281829628199,9144.0
1110.0,MWG3752,1.9017890384042306,111.32971455969613,9144.0
1110.0,MWG3753,2.9278647119757752,112.38657089054342,9144.0
1110.0,MXD1636,1.8048544163874567,102.764598340689,9144.0
1110.0,MXD801,1.0881296454538552,103.85606623516782,9144.0
1110.0,MXD803,1.7591007669658405,102.98258949390588,9144.0
1110.0,MXD804,2.649023418112327,102.31533962853915,9144.0
1110.0,MYU2211,20.108787888703702,113.67562052887999,9144.0
1110.0,NEP341,3.283338763389146,103.81162869775189,9144.0
1110.0,NEP345,3.3289836074231336,103.64525621880945,9144.0
1110.0,NEP347,3.2922604555714337,104.26416184088427,9144.0
1120.0,MAS632,2.3382838632209517,102.2837751118649,9144.0
1120.0,MAS642,1.4253665843399734,106.57538314779183,9144.0
1120.0,MAS643,1.4047744413177599,107.56807493894796,9144.0
1120.0,MAS8792,-7.2799647358290756,123.0008043577227,9144.0
1120.0,MMA231,14.374857863295624,97.64340474675852,9144.0
1120.0,MMA232,3.667442815304676,103.31021712232366,9144.0
1120.0,MWG3420,1.9323136580485614,111.00023527809984,9144.0
1120.0,MWG3752,1.9126477659445607,111.34435066847948,9144.0
1120.0,MWG3753,2.919394285685547,112.36831492622278,9144.0
1120.0,MXD1636,1.7901377942796977,102.79215214142484,9144.0
1120.0,MXD801,1.0914001773940751,103.88139420687568,9144.0
1120.0,MXD803,1.7379666706667811,103.00276369974918,9144.0
1120.0,MXD804,2.6673486879815362,102.29554066183405,9144.0
1120.0,MYU2211,20.07771366661428,113.67234879434935,9144.0
1120.0,NEP341,3.2755670257879053,103.84106851880992,9144.0
1120.0,NEP345,3.3212187704315355,103.6731512834893,9144.0
1120.0,NEP347,3.2891529337502874,104.29234366624658,9144.0
1120.0,MAS632,2.3382838632209517,102.2837751118649,9144.0
1120.0,MAS642,1.4253665843399734,106.57538314779183,9144.0
1120.0,MAS643,1.4047744413177599,107.56807493894796,9144.0
1120.0,MAS8792,-7.2799647358290756,123.0008043577227,9144.0
1120.0,MMA231,14.374857863295624,97.64340474675852,9144.0
1120.0,MMA232,3.667442815304676,103.31021712232366,9144.0
1120.0,MWG3420,1.9323136580485614,111.00023527809984,9144.0
1120.0,MWG3752,1.9126477659445607,111.34435066847948,9144.0
1120.0,MWG3753,2.919394285685547,112.36831492622278,9144.0
1120.0,MXD1636,1.7901377942796977,102.79215214142484,9144.0
1120.0,MXD801,1.0914001773940751,103.88139420687568,9144.0
1120.0,MXD803,1.7379666706667811,103.00276369974918,9144.0
1120.0,MXD804,2.6673486879815362,102.29554066183405,9144.0
1120.0,MYU2211,20.07771366661428,113.67234879434935,9144.0
1120.0,NEP341,3.2755670257879053,103.84106851880992,9144.0
1120.0,NEP345,3.3212187704315355,103.6731512834893,9144.0
1120.0,NEP347,3.2891529337502874,104.29234366624658,9144.0
1130.0,MAS632,2.3588854640793997,102.26373385220259,9144.0
1130.0,MAS642,1.4251456455869786,106.60430172554291,9144.0
1130.0,MAS643,1.4040182086351178,107.53603233296921,9144.0
1130.0,MAS8792,-7.267313018255477,122.97346301152096,9144.0
1130.0,MMA231,14.349069899692472,97.66114643501757,9144.0
1130.0,MMA232,3.697550849674407,103.29825170633704,9144.0
1130.0,MWG3420,1.9220129010077454,110.98778302902747,9144.0
1130.0,MWG3752,1.9235063130820884,111.35898700414724,9144.0
1130.0,MWG3753,2.911157776618309,112.34995209692367,9144.0
1130.0,MXD1636,1.7753434478275354,102.8196640262681,9144.0
1130.0,MXD801,1.0962732736452259,103.9064631671155,9144.0
1130.0,MXD803,1.7168319746991163,103.02293705237759,9144.0
1130.0,MXD804,2.6857148211122737,102.2756952771553,9144.0
1130.0,MYU2211,20.04663938290856,113.66907837110952,9144.0
1130.0,NEP341,3.267359285216078,103.87038914404819,9144.0
1130.0,NEP345,3.3133492834921525,103.70101668549903,9144.0
1130.0,NEP347,3.2860904619616,104.32053035243857,9144.0
1130.0,MAS632,2.3588854640793997,102.26373385220259,9144.0
1130.0,MAS642,1.4251456455869786,106.60430172554291,9144.0
1130.0,MAS643,1.4040182086351178,107.53603233296921,9144.0
1130.0,MAS8792,-7.267313018255477,122.97346301152096,9144.0
1130.0,MMA231,14.349069899692472,97.66114643501757,9144.0
1130.0,MMA232,3.697550849674407,103.29825170633704,9144.0
1130.0,MWG3420,1.9220129010077454,110.98778302902747,9144.0
1130.0,MWG3752,1.9235063130820884,111.35898700414724,9144.0
1130.0,MWG3753,2.911157776618309,112.34995209692367,9144.0
1130.0,MXD1636,1.7753434478275354,102.8196640262681,9144.0
1130.0,MXD801,1.0962732736452259,103.9064631671155,9144.0
1130.0,MXD803,1.7168319746991163,103.02293705237759,9144.0
1130.0,MXD804,2.6857148211122737,102.2756952771553,9144.0
1130.0,MYU2211,20.04663938290856,113.66907837110952,9144.0
1130.0,NEP341,3.267359285216078,103.87038914404819,9144.0
1130.0,NEP345,3.3133492834921525,103.70101668549903,9144.0
1130.0,NEP347,3.2860904619616,104.32053035243857,9144.0
1140.0,MAS632,2.3794314364102034,102.24363517219199,9144.0
1140.0,MAS642,1.424924529117641,106.63316007425287,9144.0
1140.0,MAS643,1.4032614454976067,107.50398974989172,9144.0
1140.0,MAS8792,-7.254659654962718,122.94612320858411,9144.0
1140.0,MMA231,14.323283484493786,97.6788884801384,9144.0
1140.0,MMA232,3.7275511969821644,103.28632816518825,9144.0
1140.0,MWG3420,1.9121118592554998,110.97581428507361,9144.0
1140.0,MWG3752,1.9343360346174336,111.37364479864989,9144.0
1140.0,MWG3753,2.903002807350062,112.33177252874373,9144.0
1140.0,MXD1636,1.7604927833295199,102.84727836792561,9144.0
1140.0,MXD801,1.1011149418005557,103.93128258901524,9144.0
1140.0,MXD803,1.695704103298766,103.04311733711705,9144.0
1140.0,MXD804,2.7039614470065683,102.25573941712945,9144.0
1140.0,MYU2211,20.015586583354924,113.66558504759584,9144.0
1140.0,NEP341,3.259148459006696,103.8997086629676,9144.0
1140.0,NEP345,3.305429368202307,103.7290553223414,9144.0
1140.0,NEP347,3.2830202072363455,104.3487771547199,9144.0
1140.0,MAS632,2.3794314364102034,102.24363517219199,9144.0
1140.0,MAS642,1.424924529117641,106.63316007425287,9144.0
1140.0,MAS643,1.4032614454976067,107.50398974989172,9144.0
1140.0,MAS8792,-7.254659654962718,122.94612320858411,9144.0
1140.0,MMA231,14.323283484493786,97.6788884801384,9144.0
1140.0,MMA232,3.7275511969821644,103.28632816518825,9144.0
1140.0,MWG3420,1.9121118592554998,110.97581428507361,9144.0
1140.0,MWG3752,1.9343360346174336,111.37364479864989,9144.0
1140.0,MWG3753,2.903002807350062,112.33177252874373,9144.0
1140.0,MXD1636,1.7604927833295199,102.84727836792561,9144.0
1140.0,MXD801,1.1011149418005557,103.93128258901524,9144.0
1140.0,MXD803,1.695704103298766,103.04311733711705,9144.0
1140.0,MXD804,2.7039614470065683,102.25573941712945,9144.0
1140.0,MYU2211,20.015586583354924,113.66558504759584,9144.0
1140.0,NEP341,3.259148459006696,103.8997086629676,9144.0
1140.0,NEP345,3.305429368202307,103.7290553223414,9144.0
1140.0,NEP347,3.2830202072363455,104.3487771547199,9144.0
1150.0,MAS632,2.399933911802235,102.22357804251521,9144.0
1150.0,MAS642,1.4247251754747357,106.66201857910669,9144.0
1150.0,MAS643,1.4025040869901868,107.47194719126199,9144.0
1150.0,MAS8792,-7.242004648861406,122.9187849463451,9144.0
1150.0,MMA231,14.297544204981618,97.69659215590413,9144.0
1150.0,MMA232,3.7575445113738217,103.27438646008736,9144.0
1150.0,MWG3420,1.902256626003322,110.96380782037755,9144.0
1150.0,MWG3752,1.9451655648341204,111.38830282849706,9144.0
1150.0,MWG3753,2.8946725353564258,112.31367295592298,9144.0
1150.0,MXD1636,1.7457374318931422,102.87494358625705,9144.0
1150.0,MXD801,1.105944245010041,103.95604041600993,9144.0
1150.0,MXD803,1.6745756236709144,103.0632967655667,9144.0
1150.0,MXD804,2.7235218806178847,102.23716162582542,9144.0
1150.0,MYU2211,19.985057706979276,113.65776348035462,9144.0
1150.0,NEP341,3.2512445470583873,103.92911244679463,9144.0
1150.0,NEP345,3.2975715787918864,103.7571112695666,9144.0
1150.0,NEP347,3.279966284369729,104.37702564689397,9144.0
1150.0,MAS632,2.399933911802235,102.22357804251521,9144.0
1150.0,MAS642,1.4247251754747357,106.66201857910669,9144.0
1150.0,MAS643,1.4025040869901868,107.47194719126199,9144.0
1150.0,MAS8792,-7.242004648861406,122.9187849463451,9144.0
1150.0,MMA231,14.297544204981618,97.69659215590413,9144.0
1150.0,MMA232,3.7575445113738217,103.27438646008736,9144.0
1150.0,MWG3420,1.902256626003322,110.96380782037755,9144.0
1150.0,MWG3752,1.9451655648341204,111.38830282849706,9144.0
1150.0,MWG3753,2.8946725353564258,112.31367295592298,9144.0
1150.0,MXD1636,1.7457374318931422,102.87494358625705,9144.0
1150.0,MXD801,1.105944245010041,103.95604041600993,9144.0
1150.0,MXD803,1.6745756236709144,103.0632967655667,9144.0
1150.0,MXD804,2.7235218806178847,102.23716162582542,9144.0
1150.0,MYU2211,19.985057706979276,113.65776348035462,9144.0
1150.0,NEP341,3.2512445470583873,103.92911244679463,9144.0
1150.0,NEP345,3.2975715787918864,103.7571112695666,9144.0
1150.0,NEP347,3.279966284369729,104.37702564689397,9144.0
1160.0,MAS632,2.420435735987512,102.203519943932,9144.0
1160.0,MAS642,1.4245258088366635,106.69081681388698,9144.0
1160.0,MAS643,1.4017457432038944,107.43990466633002,9144.0
1160.0,MAS8792,-7.229348002860515,122.89144822223672,9144.0
1160.0,MMA231,14.271778978909392,97.71425356973855,9144.0
1160.0,MMA232,3.7872683117545796,103.26255113858873,9144.0
1160.0,MWG3420,1.8924456518893071,110.95185556444146,9144.0
1160.0,MWG3752,1.9562017747232088,111.40280579998716,9144.0
1160.0,MWG3753,2.88659442706215,112.29612236059403,9144.0
1160.0,MXD1636,1.730926224574617,102.90271133418206,9144.0
1160.0,MXD801,1.1106964378488062,103.9808132050135,9144.0
1160.0,MXD803,1.6534086701954194,103.08343558301657,9144.0
1160.0,MXD804,2.742543401559276,102.21909465293753,9144.0
1160.0,MYU2211,19.955692922065307,113.64575410452889,9144.0
1160.0,NEP341,3.2433379712793586,103.95851528191952,9144.0
1160.0,NEP345,3.289663861725698,103.78534019411828,9144.0
1160.0,NEP347,3.276911131049467,104.40527391929825,9144.0
1160.0,MAS632,2.420435735987512,102.203519943932,9144.0
1160.0,MAS642,1.4245258088366635,106.69081681388698,9144.0
1160.0,MAS643,1.4017457432038944,107.43990466633002,9144.0
1160.0,MAS8792,-7.229348002860515,122.89144822223672,9144.0
1160.0,MMA231,14.271778978909392,97.71425356973855,9144.0
1160.0,MMA232,3.7872683117545796,103.26255113858873,9144.0
1160.0,MWG3420,1.8924456518893071,110.95185556444146,9144.0
1160.0,MWG3752,1.9562017747232088,111.40280579998716,9144.0
1160.0,MWG3753,2.88659442706215,112.29612236059403,9144.0
1160.0,MXD1636,1.730926224574617,102.90271133418206,9144.0
1160.0,MXD801,1.1106964378488062,103.9808132050135,9144.0
1160.0,MXD803,1.6534086701954194,103.08343558301657,9144.0
1160.0,MXD804,2.742543401559276,102.21909465293753,9144.0
1160.0,MYU2211,19.955692922065307,113.64575410452889,9144.0
1160.0,NEP341,3.2433379712793586,103.95851528191952,9144.0
1160.0,NEP345,3.289663861725698,103.78534019411828,9144.0
1160.0,NEP347,3.276911131049467,104.40527391929825,9144.0
1170.0,MAS632,2.441001088267664,102.18352679714243,9144.0
1170.0,MAS642,1.4243259719542853,106.71961504290837,9144.0
1170.0,MAS643,1.4009858374413127,107.40786218882157,9144.0
1170.0,MAS8792,-7.216689719867344,122.86411303369158,9144.0
1170.0,MMA231,14.245865552619525,97.73201119087723,9144.0
1170.0,MMA232,3.8170184643565204,103.25078210059449,9144.0
1170.0,MWG3420,1.882535360135439,110.93998568627022,9144.0
1170.0,MWG3752,1.9672377790785422,111.41730902374415,9144.0
1170.0,MWG3753,2.878515756281101,112.2785721494345,9144.0
1170.0,MXD1636,1.7160311917026725,102.93043394923079,9144.0
1170.0,MXD801,1.1154008350740918,104.00533869119701,9144.0
1170.0,MXD803,1.6325831773688813,103.10270451544035,9144.0
1170.0,MXD804,2.761414133854651,102.20086959164927,9144.0
1170.0,MYU2211,19.927572244845916,113.63075104405196,9144.0
1170.0,NEP341,3.2349950304066994,103.98779665979582,9144.0
1170.0,NEP345,3.2818617699789954,103.81359837048812,9144.0
1170.0,NEP347,3.2738606812757904,104.43352261560798,9144.0
1170.0,MAS632,2.441001088267664,102.18352679714243,9144.0
1170.0,MAS642,1.4243259719542853,106.71961504290837,9144.0
1170.0,MAS643,1.4009858374413127,107.40786218882157,9144.0
1170.0,MAS8792,-7.216689719867344,122.86411303369158,9144.0
1170.0,MMA231,14.245865552619525,97.73201119087723,9144.0
1170.0,MMA232,3.8170184643565204,103.25078210059449,9144.0
1170.0,MWG3420,1.882535360135439,110.93998568627022,9144.0
1170.0,MWG3752,1.9672377790785422,111.41730902374415,9144.0
1170.0,MWG3753,2.878515756281101,112.2785721494345,9144.0
1170.0,MXD1636,1.7160311917026725,102.93043394923079,9144.0
1170.0,MXD801,1.1154008350740918,104.00533869119701,9144.0
1170.0,MXD803,1.6325831773688813,103.10270451544035,9144.0
1170.0,MXD804,2.761414133854651,102.20086959164927,9144.0
1170.0,MYU2211,19.927572244845916,113.63075104405196,9144.0
1170.0,NEP341,3.2349950304066994,103.98779665979582,9144.0
1170.0,NEP345,3.2818617699789954,103.81359837048812,9144.0
1170.0,NEP347,3.2738606812757904,104.43352261560798,9144.0
1180.0,MAS632,2.461435888988741,102.1636592062594,9144.0
1180.0,MAS642,1.4241254889784942,106.74841326493102,9144.0
1180.0,MAS643,1.4002295085902503,107.37599397464305,9144.0
1180.0,MAS8792,-7.204029802787467,122.8367793781422,9144.0
1180.0,MMA231,14.219948695760136,97.74976144529758,9144.0
1180.0,MMA232,3.8465521349103637,103.23909778827316,9144.0
1180.0,MWG3420,1.872133613695769,110.92752745548906,9144.0
1180.0,MWG3752,1.9780225112558005,111.43200037190158,9144.0
1180.0,MWG3753,2.87021735644427,112.26112514773659,9144.0
1180.0,MXD1636,1.701107700107315,102.95820736730364,9144.0
1180.0,MXD801,1.1203577826124347,104.02981440558084,9144.0
1180.0,MXD803,1.6128792657294275,103.12093505944149,9144.0
1180.0,MXD804,2.779880683756418,102.18303385744194,9144.0
1180.0,MYU2211,19.899450307109202,113.61575332394202,9144.0
1180.0,NEP341,3.2266336578129415,104.01713410110266,9144.0
1180.0,NEP345,3.2740264400242065,103.84197158746947,9144.0
1180.0,NEP347,3.270802504291671,104.46183139081323,9144.0
1180.0,MAS632,2.461435888988741,102.1636592062594,9144.0
1180.0,MAS642,1.4241254889784942,106.74841326493102,9144.0
1180.0,MAS643,1.4002295085902503,107.37599397464305,9144.0
1180.0,MAS8792,-7.204029802787467,122.8367793781422,9144.0
1180.0,MMA231,14.219948695760136,97.74976144529758,9144.0
1180.0,MMA232,3.8465521349103637,103.23909778827316,9144.0
1180.0,MWG3420,1.872133613695769,110.92752745548906,9144.0
1180.0,MWG3752,1.9780225112558005,111.43200037190158,9144.0
1180.0,MWG3753,2.87021735644427,112.26112514773659,9144.0
1180.0,MXD1636,1.701107700107315,102.95820736730364,9144.0
1180.0,MXD801,1.1203577826124347,104.02981440558084,9144.0
1180.0,MXD803,1.6128792657294275,103.12093505944149,9144.0
1180.0,MXD804,2.779880683756418,102.18303385744194,9144.0
1180.0,MYU2211,19.899450307109202,113.61575332394202,9144.0
1180.0,NEP341,3.2266336578129415,104.01713410110266,9144.0
1180.0,NEP345,3.2740264400242065,103.84197158746947,9144.0
1180.0,NEP347,3.270802504291671,104.46183139081323,9144.0
1190.0,MAS632,2.481849670571932,102.14376967324141,9144.0
1190.0,MAS642,1.423916540834212,106.77721142413002,9144.0
1190.0,MAS643,1.3994724862454675,107.34412578723,9144.0
1190.0,MAS8792,-7.191368254524687,122.80944725302095,9144.0
1190.0,MMA231,14.194054438513923,97.76754473123324,9144.0
1190.0,MMA232,3.876077526298486,103.22739206932995,9144.0
1190.0,MWG3420,1.8617317293540405,110.91506941369325,9144.0
1190.0,MWG3752,1.9887264032822454,111.44658217141209,9144.0
1190.0,MWG3753,2.8615444195934296,112.24289174711109,9144.0
1190.0,MXD1636,1.686362525814719,102.98607573707514,9144.0
1190.0,MXD801,1.1252767944926687,104.05410456733343,9144.0
1190.0,MXD803,1.5908110836645233,103.13621605668675,9144.0
1190.0,MXD804,2.7952674713120835,102.1624758780734,9144.0
1190.0,MYU2211,19.871327111225646,113.60076093437709,9144.0
1190.0,NEP341,3.2184383882628977,104.0465182873985,9144.0
1190.0,NEP345,3.26621199099644,103.87035036019186,9144.0
1190.0,NEP347,3.2677141776490695,104.49013679488652,9144.0
1190.0,MAS632,2.481849670571932,102.14376967324141,9144.0
1190.0,MAS642,1.423916540834212,106.77721142413002,9144.0
1190.0,MAS643,1.3994724862454675,107.34412578723,9144.0
1190.0,MAS8792,-7.191368254524687,122.80944725302095,9144.0
1190.0,MMA231,14.194054438513923,97.76754473123324,9144.0
1190.0,MMA232,3.876077526298486,103.22739206932995,9144.0
1190.0,MWG3420,1.8617317293540405,110.91506941369325,9144.0
1190.0,MWG3752,1.9887264032822454,111.44658217141209,9144.0
1190.0,MWG3753,2.8615444195934296,112.24289174711109,9144.0
1190.0,MXD1636,1.686362525814719,102.98607573707514,9144.0
1190.0,MXD801,1.1252767944926687,104.05410456733343,9144.0
1190.0,MXD803,1.5908110836645233,103.13621605668675,9144.0
1190.0,MXD804,2.7952674713120835,102.1624758780734,9144.0
1190.0,MYU2211,19.871327111225646,113.60076093437709,9144.0
1190.0,NEP341,3.2184383882628977,104.0465182873985,9144.0
1190.0,NEP345,3.26621199099644,103.87035036019186,9144.0
1190.0,NEP347,3.2677141776490695,104.49013679488652,9144.0
1200.0,MAS632,2.50217620288428,102.12396383383378,9144.0
1200.0,MAS642,1.4237075810591677,106.80594927003189,9144.0
1200.0,MAS643,1.3987365424047096,107.31225711577915,9144.0
1200.0,MAS8792,-7.178705077980985,122.78211665576013,9144.0
1200.0,MMA231,14.168158184753384,97.78532289314138,9144.0
1200.0,MMA232,3.9057109375245616,103.21564259636605,9144.0
1200.0,MWG3420,1.8513980826783085,110.90255472578781,9144.0
1200.0,MWG3752,1.9995488976007625,111.46107615233772,9144.0
1200.0,MWG3753,2.8528709331318147,112.22465874633386,9144.0
1200.0,MXD1636,1.6716165877322622,103.01394349212711,9144.0
1200.0,MXD801,1.1300723740361043,104.07841944885512,9144.0
1200.0,MXD803,1.5685930378110524,103.15071986416605,9144.0
1200.0,MXD804,2.8061839449785286,102.14105772113503,9144.0
1200.0,MYU2211,19.843202659562856,113.58577386554589,9144.0
1200.0,NEP341,3.210320551454042,104.07561610258433,9144.0
1200.0,NEP345,3.258380295751371,103.89878630326047,9144.0
1200.0,NEP347,3.26462460693767,104.51844197565042,9144.0
1200.0,MAS632,2.50217620288428,102.12396383383378,9144.0
1200.0,MAS642,1.4237075810591677,106.80594927003189,9144.0
1200.0,MAS643,1.3987365424047096,107.31225711577915,9144.0
1200.0,MAS8792,-7.178705077980985,122.78211665576013,9144.0
1200.0,MMA231,14.168158184753384,97.78532289314138,9144.0
1200.0,MMA232,3.9057109375245616,103.21564259636605,9144.0
1200.0,MWG3420,1.8513980826783085,110.90255472578781,9144.0
1200.0,MWG3752,1.9995488976007625,111.46107615233772,9144.0
1200.0,MWG3753,2.8528709331318147,112.22465874633386,9144.0
1200.0,MXD1636,1.6716165877322622,103.01394349212711,9144.0
1200.0,MXD801,1.1300723740361043,104.07841944885512,9144.0
1200.0,MXD803,1.5685930378110524,103.15071986416605,9144.0
1200.0,MXD804,2.8061839449785286,102.14105772113503,9144.0
1200.0,MYU2211,19.843202659562856,113.58577386554589,9144.0
1200.0,NEP341,3.210320551454042,104.07561610258433,9144.0
1200.0,NEP345,3.258380295751371,103.89878630326047,9144.0
1200.0,NEP347,3.26462460693767,104.51844197565042,9144.0
1210.0,MAS632,2.5224936906772277,102.10414839034715,9144.0
1210.0,MAS642,1.4234980824159598,106.83468710939667,9144.0
1210.0,MAS643,1.3980026389551292,107.28050482529441,9144.0
1210.0,MAS8792,-7.1660402760564645,122.75478758379201,9144.0
1210.0,MMA231,14.142281206479606,97.80312885724301,9144.0
1210.0,MMA232,3.9353115837745984,103.20381001938587,9144.0
1210.0,MWG3420,1.839918726565127,110.88865287278549,9144.0
1210.0,MWG3752,2.01037114659619,111.47557041250411,9144.0
1210.0,MWG3753,2.8440818889875263,112.20648144365333,9144.0
1210.0,MXD1636,1.656748684066141,103.04174610298418,9144.0
1210.0,MXD801,1.1348431334804188,104.10261030549744,9144.0
1210.0,MXD803,1.546478637876227,103.16515559923003,9144.0
1210.0,MXD804,2.813236825780006,102.11820585818108,9144.0
1210.0,MYU2211,19.81507695448556,113.57079210764776,9144.0
1210.0,NEP341,3.2022013647068546,104.10471330896056,9144.0
1210.0,NEP345,3.2506033526529747,103.92723709832028,9144.0
1210.0,NEP347,3.261354227056809,104.5467266777427,9144.0
1210.0,MAS632,2.5224936906772277,102.10414839034715,9144.0
1210.0,MAS642,1.4234980824159598,106.83468710939667,9144.0
1210.0,MAS643,1.3980026389551292,107.28050482529441,9144.0
1210.0,MAS8792,-7.1660402760564645,122.75478758379201,9144.0
1210.0,MMA231,14.142281206479606,97.80312885724301,9144.0
1210.0,MMA232,3.9353115837745984,103.20381001938587,9144.0
1210.0,MWG3420,1.839918726565127,110.88865287278549,9144.0
1210.0,MWG3752,2.01037114659619,111.47557041250411,9144.0
1210.0,MWG3753,2.8440818889875263,112.20648144365333,9144.0
1210.0,MXD1636,1.656748684066141,103.04174610298418,9144.0
1210.0,MXD801,1.1348431334804188,104.10261030549744,9144.0
1210.0,MXD803,1.546478637876227,103.16515559923003,9144.0
1210.0,MXD804,2.813236825780006,102.11820585818108,9144.0
1210.0,MYU2211,19.81507695448556,113.57079210764776,9144.0
1210.0,NEP341,3.2022013647068546,104.10471330896056,9144.0
1210.0,NEP345,3.2506033526529747,103.92723709832028,9144.0
1210.0,NEP347,3.261354227056809,104.5467266777427,9144.0
1220.0,MAS632,2.5428106475636425,102.08433209065386,9144.0
1220.0,MAS642,1.4232952816518802,106.86342499431052,9144.0
1220.0,MAS643,1.3972055600691555,107.24875406957717,9144.0
1220.0,MAS8792,-7.153373851649299,122.72746003454881,9144.0
1220.0,MMA231,14.116450983767614,97.82089605739098,9144.0
1220.0,MMA232,3.964858029867706,103.19199816156394,9144.0
1220.0,MWG3420,1.8274722074796619,110.873218032538,9144.0
1220.0,MWG3752,2.021089057309362,111.4901421868021,9144.0
1220.0,MWG3753,2.8354087487424358,112.18854498940121,9144.0
1220.0,MXD1636,1.641880075749523,103.06954812894797,9144.0
1220.0,MXD801,1.143563752053985,104.12567306359317,9144.0
1220.0,MXD803,1.5223935488000777,103.17598503199116,9144.0
1220.0,MXD804,2.8162756275643264,102.09448208942018,9144.0
1220.0,MYU2211,19.786949998355624,113.5558156508927,9144.0
1220.0,NEP341,3.194143891645707,104.13358054359942,9144.0
1220.0,NEP345,3.2428725052586023,103.9555138161974,9144.0
1220.0,NEP347,3.2580686829612877,104.5751315034482,9144.0
1220.0,MAS632,2.5428106475636425,102.08433209065386,9144.0
1220.0,MAS642,1.4232952816518802,106.86342499431052,9144.0
1220.0,MAS643,1.3972055600691555,107.24875406957717,9144.0
1220.0,MAS8792,-7.153373851649299,122.72746003454881,9144.0
1220.0,MMA231,14.116450983767614,97.82089605739098,9144.0
1220.0,MMA232,3.964858029867706,103.19199816156394,9144.0
1220.0,MWG3420,1.8274722074796619,110.873218032538,9144.0
1220.0,MWG3752,2.021089057309362,111.4901421868021,9144.0
1220.0,MWG3753,2.8354087487424358,112.18854498940121,9144.0
1220.0,MXD1636,1.641880075749523,103.06954812894797,9144.0
1220.0,MXD801,1.143563752053985,104.12567306359317,9144.0
1220.0,MXD803,1.5223935488000777,103.17598503199116,9144.0
1220.0,MXD804,2.8162756275643264,102.09448208942018,9144.0
1220.0,MYU2211,19.786949998355624,113.5558156508927,9144.0
1220.0,NEP341,3.194143891645707,104.13358054359942,9144.0
1220.0,NEP345,3.2428725052586023,103.9555138161974,9144.0
1220.0,NEP347,3.2580686829612877,104.5751315034482,9144.0
1230.0,MAS632,2.563167963882857,102.06455702313531,9144.0
1230.0,MAS642,1.4230919364336347,106.89216287284074,9144.0
1230.0,MAS643,1.396409302893472,107.21706157449384,9144.0
1230.0,MAS8792,-7.140705807655671,122.70013400546279,9144.0
1230.0,MMA231,14.090569739883616,97.83858212948608,9144.0
1230.0,MMA232,3.9944170936542265,103.18021764421582,9144.0
1230.0,MWG3420,1.8150161912577152,110.85777189956472,9144.0
1230.0,MWG3752,2.031887395273367,111.50482400868032,9144.0
1230.0,MWG3753,2.8267329402376054,112.17060996309081,9144.0
1230.0,MXD1636,1.6271135548795794,103.09740435078015,9144.0
1230.0,MXD801,1.1559236386527179,104.14678718378129,9144.0
1230.0,MXD803,1.4972640040153935,103.18347039713018,9144.0
1230.0,MXD804,2.818441177846375,102.07091967748804,9144.0
1230.0,MYU2211,19.75882179353205,113.54084448550127,9144.0
1230.0,NEP341,3.18613623250359,104.16246145425409,9144.0
1230.0,NEP345,3.235062088468121,103.98376837119174,9144.0
1230.0,NEP347,3.254686101933452,104.60352480470564,9144.0
1230.0,MAS632,2.563167963882857,102.06455702313531,9144.0
1230.0,MAS642,1.4230919364336347,106.89216287284074,9144.0
1230.0,MAS643,1.396409302893472,107.21706157449384,9144.0
1230.0,MAS8792,-7.140705807655671,122.70013400546279,9144.0
1230.0,MMA231,14.090569739883616,97.83858212948608,9144.0
1230.0,MMA232,3.9944170936542265,103.18021764421582,9144.0
1230.0,MWG3420,1.8150161912577152,110.85777189956472,9144.0
1230.0,MWG3752,2.031887395273367,111.50482400868032,9144.0
1230.0,MWG3753,2.8267329402376054,112.17060996309081,9144.0
1230.0,MXD1636,1.6271135548795794,103.09740435078015,9144.0
1230.0,MXD801,1.1559236386527179,104.14678718378129,9144.0
1230.0,MXD803,1.4972640040153935,103.18347039713018,9144.0
1230.0,MXD804,2.818441177846375,102.07091967748804,9144.0
1230.0,MYU2211,19.75882179353205,113.54084448550127,9144.0
1230.0,NEP341,3.18613623250359,104.16246145425409,9144.0
1230.0,NEP345,3.235062088468121,103.98376837119174,9144.0
1230.0,NEP347,3.254686101933452,104.60352480470564,9144.0
1240.0,MAS632,2.583524732999956,102.0447810754075,9144.0
1240.0,MAS642,1.422906868392524,106.9209008726557,9144.0
1240.0,MAS643,1.395593906623142,107.18536957733329,9144.0
1240.0,MAS8792,-7.128036146969713,122.67280949396618,9144.0
1240.0,MMA231,14.064784511177242,97.85619636288034,9144.0
1240.0,MMA232,4.024137993640928,103.16837166614138,9144.0
1240.0,MWG3420,1.8024879500778574,110.84238445484563,9144.0
1240.0,MWG3752,2.0428391949479616,111.51939167030062,9144.0
1240.0,MWG3753,2.8184215599815308,112.15250288759638,9144.0
1240.0,MXD1636,1.6123737013482384,103.12520839654188,9144.0
1240.0,MXD801,1.1710835180532264,104.16458554751597,9144.0
1240.0,MXD803,1.4721344314475586,103.19095558384204,9144.0
1240.0,MXD804,2.8205766801711376,102.04767708015363,9144.0
1240.0,MYU2211,19.730692342370975,113.52587860170468,9144.0
1240.0,NEP341,3.178141727881225,104.19128396657804,9144.0
1240.0,NEP345,3.227266342560867,104.01196447471838,9144.0
1240.0,NEP347,3.251316583484781,104.63179754829264,9144.0
1240.0,MAS632,2.583524732999956,102.0447810754075,9144.0
1240.0,MAS642,1.422906868392524,106.9209008726557,9144.0
1240.0,MAS643,1.395593906623142,107.18536957733329,9144.0
1240.0,MAS8792,-7.128036146969713,122.67280949396618,9144.0
1240.0,MMA231,14.064784511177242,97.85619636288034,9144.0
1240.0,MMA232,4.024137993640928,103.16837166614138,9144.0
1240.0,MWG3420,1.8024879500778574,110.84238445484563,9144.0
1240.0,MWG3752,2.0428391949479616,111.51939167030062,9144.0
1240.0,MWG3753,2.8184215599815308,112.15250288759638,9144.0
1240.0,MXD1636,1.6123737013482384,103.12520839654188,9144.0
1240.0,MXD801,1.1710835180532264,104.16458554751597,9144.0
1240.0,MXD803,1.4721344314475586,103.19095558384204,9144.0
1240.0,MXD804,2.8205766801711376,102.04767708015363,9144.0
1240.0,MYU2211,19.730692342370975,113.52587860170468,9144.0
1240.0,NEP341,3.178141727881225,104.19128396657804,9144.0
1240.0,NEP345,3.227266342560867,104.01196447471838,9144.0
1240.0,NEP347,3.251316583484781,104.63179754829264,9144.0
1250.0,MAS632,2.6039249537929035,102.02496259611965,9144.0
1250.0,MAS642,1.4227212818229413,106.94963886681262,9144.0
1250.0,MAS643,1.394831735464855,107.15367626496005,9144.0
1250.0,MAS8792,-7.115364872483442,122.64548649749136,9144.0
1250.0,MMA231,14.039049784075612,97.87388692506117,9144.0
1250.0,MMA232,4.053879963072921,103.15657851806859,9144.0
1250.0,MWG3420,1.7899173064098208,110.82694541384545,9144.0
1250.0,MWG3752,2.0537906287928944,111.53395970687816,9144.0
1250.0,MWG3753,2.810109771484385,112.13439612907332,9144.0
1250.0,MXD1636,1.5975894088280438,103.1529886186158,9144.0
1250.0,MXD801,1.1883548326799769,104.17855620464262,9144.0
1250.0,MXD803,1.4471843036930787,103.19901902323365,9144.0
1250.0,MXD804,2.825157831668272,102.02479136389412,9144.0
1250.0,MYU2211,19.70256164722569,113.51091798974468,9144.0
1250.0,NEP341,3.170229083741967,104.22012890814,9144.0
1250.0,NEP345,3.219310171360085,104.04011536847285,9144.0
1250.0,NEP347,3.243912960545098,104.65928821437764,9144.0
1250.0,MAS632,2.6039249537929035,102.02496259611965,9144.0
1250.0,MAS642,1.4227212818229413,106.94963886681262,9144.0
1250.0,MAS643,1.394831735464855,107.15367626496005,9144.0
1250.0,MAS8792,-7.115364872483442,122.64548649749136,9144.0
1250.0,MMA231,14.039049784075612,97.87388692506117,9144.0
1250.0,MMA232,4.053879963072921,103.15657851806859,9144.0
1250.0,MWG3420,1.7899173064098208,110.82694541384545,9144.0
1250.0,MWG3752,2.0537906287928944,111.53395970687816,9144.0
1250.0,MWG3753,2.810109771484385,112.13439612907332,9144.0
1250.0,MXD1636,1.5975894088280438,103.1529886186158,9144.0
1250.0,MXD801,1.1883548326799769,104.17855620464262,9144.0
1250.0,MXD803,1.4471843036930787,103.19901902323365,9144.0
1250.0,MXD804,2.825157831668272,102.02479136389412,9144.0
1250.0,MYU2211,19.70256164722569,113.51091798974468,9144.0
1250.0,NEP341,3.170229083741967,104.22012890814,9144.0
1250.0,NEP345,3.219310171360085,104.04011536847285,9144.0
1250.0,NEP347,3.243912960545098,104.65928821437764,9144.0
1260.0,MAS642,1.4225337609842896,106.9783768460696,9144.0
1260.0,MAS643,1.3940700500324639,107.12204125931761,9144.0
1260.0,MAS8792,-7.102691987086696,122.61816501347077,9144.0
1260.0,MMA231,14.013362102555432,97.89153900205226,9144.0
1260.0,MMA232,4.083729655903775,103.14474167736938,9144.0
1260.0,MWG3420,1.77738088634961,110.81147864881564,9144.0
1260.0,MWG3752,2.064487062766225,111.54871632964394,9144.0
1260.0,MWG3753,2.8015249782127754,112.11641764204934,9144.0
1260.0,MXD1636,1.5828044666701133,103.18076829567609,9144.0
1260.0,MXD801,1.2079022627689726,104.18910803266122,9144.0
1260.0,MXD803,1.422175040771951,103.2071013781349,9144.0
1260.0,MXD804,2.8296750805284083,102.0022216210613,9144.0
1260.0,MYU2211,19.674429710446624,113.49596263987362,9144.0
1260.0,NEP341,3.1622992362027524,104.24903068006137,9144.0
1260.0,NEP345,3.2113526848051133,104.06826566963188,9144.0
1260.0,NEP347,3.232774300362218,104.68488843031912,9144.0
1260.0,MAS642,1.4225337609842896,106.9783768460696,9144.0
1260.0,MAS643,1.3940700500324639,107.12204125931761,9144.0
1260.0,MAS8792,-7.102691987086696,122.61816501347077,9144.0
1260.0,MMA231,14.013362102555432,97.89153900205226,9144.0
1260.0,MMA232,4.083729655903775,103.14474167736938,9144.0
1260.0,MWG3420,1.77738088634961,110.81147864881564,9144.0
1260.0,MWG3752,2.064487062766225,111.54871632964394,9144.0
1260.0,MWG3753,2.8015249782127754,112.11641764204934,9144.0
1260.0,MXD1636,1.5828044666701133,103.18076829567609,9144.0
1260.0,MXD801,1.2079022627689726,104.18910803266122,9144.0
1260.0,MXD803,1.422175040771951,103.2071013781349,9144.0
1260.0,MXD804,2.8296750805284083,102.0022216210613,9144.0
1260.0,MYU2211,19.674429710446624,113.49596263987362,9144.0
1260.0,NEP341,3.1622992362027524,104.24903068006137,9144.0
1260.0,NEP345,3.2113526848051133,104.06826566963188,9144.0
1260.0,NEP347,3.232774300362218,104.68488843031912,9144.0
1270.0,MAS642,1.4223278360131337,107.00711469670028,9144.0
1270.0,MAS643,1.393371211255682,107.09040481148598,9144.0
1270.0,MAS8792,-7.090017493667057,122.59084503933698,9144.0
1270.0,MMA231,13.987644178974547,97.9091422690194,9144.0
1270.0,MMA232,4.113560043696873,103.13285557885696,9144.0
1270.0,MWG3420,1.7650128556670022,110.79622016366541,9144.0
1270.0,MWG3752,2.0751826906618493,111.56347363698747,9144.0
1270.0,MWG3753,2.7932000617495674,112.0989844682248,9144.0
1270.0,MXD1636,1.5681016326701915,103.20859135384568,9144.0
1270.0,MXD801,1.2290576618126154,104.19588031530617,9144.0
1270.0,MXD803,1.3970926214984847,103.21495353381987,9144.0
1270.0,MXD804,2.83419117389138,101.97965155842515,9144.0
1270.0,MYU2211,19.64629653438137,113.48101254235435,9144.0
1270.0,NEP341,3.154415185133307,104.27794479695577,9144.0
1270.0,NEP345,3.2034641156301653,104.0964352048962,9144.0
1270.0,NEP347,3.2243654702107887,104.71151343514886,9144.0
1270.0,MAS642,1.4223278360131337,107.00711469670028,9144.0
1270.0,MAS643,1.393371211255682,107.09040481148598,9144.0
1270.0,MAS8792,-7.090017493667057,122.59084503933698,9144.0
1270.0,MMA231,13.987644178974547,97.9091422690194,9144.0
1270.0,MMA232,4.113560043696873,103.13285557885696,9144.0
1270.0,MWG3420,1.7650128556670022,110.79622016366541,9144.0
1270.0,MWG3752,2.0751826906618493,111.56347363698747,9144.0
1270.0,MWG3753,2.7932000617495674,112.0989844682248,9144.0
1270.0,MXD1636,1.5681016326701915,103.20859135384568,9144.0
1270.0,MXD801,1.2290576618126154,104.19588031530617,9144.0
1270.0,MXD803,1.3970926214984847,103.21495353381987,9144.0
1270.0,MXD804,2.83419117389138,101.97965155842515,9144.0
1270.0,MYU2211,19.64629653438137,113.48101254235435,9144.0
1270.0,NEP341,3.154415185133307,104.27794479695577,9144.0
1270.0,NEP345,3.2034641156301653,104.0964352048962,9144.0
1270.0,NEP347,3.2243654702107887,104.71151343514886,9144.0
1280.0,MAS642,1.4221213911371327,107.03585254102771,9144.0
1280.0,MAS643,1.3926729220421983,107.05882670566115,9144.0
1280.0,MAS8792,-7.077341395109782,122.56352657252276,9144.0
1280.0,MMA231,13.961924762805259,97.92674125372041,9144.0
1280.0,MMA232,4.1432284337867396,103.1210330385291,9144.0
1280.0,MWG3420,1.7525108532834923,110.78107145911719,9144.0
1280.0,MWG3752,2.086297778662499,111.57791733193783,9144.0
1280.0,MWG3753,2.7848739126088025,112.08155200791117,9144.0
1280.0,MXD1636,1.5533981697148418,103.23641388484954,9144.0
1280.0,MXD801,1.2500171907917639,104.19829820731813,9144.0
1280.0,MXD803,1.3707170201862933,103.22321033039304,9144.0
1280.0,MXD804,2.8393493447975104,101.95721976480556,9144.0
1280.0,MYU2211,19.61816212137467,113.46606768746027,9144.0
1280.0,NEP341,3.146623841523985,104.306512855244,9144.0
1280.0,NEP345,3.1955742639934845,104.124604163028,9144.0
1280.0,NEP347,3.2160289185064266,104.7379047600709,9144.0
1280.0,MAS642,1.4221213911371327,107.03585254102771,9144.0
1280.0,MAS643,1.3926729220421983,107.05882670566115,9144.0
1280.0,MAS8792,-7.077341395109782,122.56352657252276,9144.0
1280.0,MMA231,13.961924762805259,97.92674125372041,9144.0
1280.0,MMA232,4.1432284337867396,103.1210330385291,9144.0
1280.0,MWG3420,1.7525108532834923,110.78107145911719,9144.0
1280.0,MWG3752,2.086297778662499,111.57791733193783,9144.0
1280.0,MWG3753,2.7848739126088025,112.08155200791117,9144.0
1280.0,MXD1636,1.5533981697148418,103.23641388484954,9144.0
1280.0,MXD801,1.2500171907917639,104.19829820731813,9144.0
1280.0,MXD803,1.3707170201862933,103.22321033039304,9144.0
1280.0,MXD804,2.8393493447975104,101.95721976480556,9144.0
1280.0,MYU2211,19.61816212137467,113.46606768746027,9144.0
1280.0,NEP341,3.146623841523985,104.306512855244,9144.0
1280.0,NEP345,3.1955742639934845,104.124604163028,9144.0
1280.0,NEP347,3.2160289185064266,104.7379047600709,9144.0
1290.0,MAS642,1.4219128451353225,107.06459036757845,9144.0
1290.0,MAS643,1.3918464042731746,107.02725170876424,9144.0
1290.0,MAS8792,-7.064663694297724,122.53620961046109,9144.0
1290.0,MMA231,13.936217750852888,97.94435750818727,9144.0
1290.0,MMA232,4.172915982923175,103.10925850101637,9144.0
1290.0,MWG3420,1.7394565540707396,110.76525410101516,9144.0
1290.0,MWG3752,2.0974949265441256,111.592469633327,9144.0
1290.0,MWG3753,2.776771230359603,112.06401443584281,9144.0
1290.0,MXD1636,1.5386290533160991,103.26420140161993,9144.0
1290.0,MXD801,1.2708787289924826,104.20097509749208,9144.0
1290.0,MXD803,1.344335949582142,103.23144953553495,9144.0
1290.0,MXD804,2.844434044164467,101.93510308630714,9144.0
1290.0,MYU2211,19.590026473768425,113.45112806547527,9144.0
1290.0,NEP341,3.138926043921912,104.33510612749993,9144.0
1290.0,NEP345,3.1877377779508813,104.15278784531583,9144.0
1290.0,NEP347,3.2060982955754893,104.76373648359836,9144.0
1290.0,MAS642,1.4219128451353225,107.06459036757845,9144.0,"(MAS642),(MAS643)"
1290.0,MAS643,1.3918464042731746,107.02725170876424,9144.0,"(MAS643),(MAS642)"
1300.0,MAS642,1.4217219539052566,107.09332831452303,9144.0
1300.0,MAS643,1.3910191440235848,106.99567674239654,9144.0
1300.0,MAS8792,-7.05198439411125,122.50889415058519,9144.0
1300.0,MMA231,13.910607268985821,97.96190237282683,9144.0
1300.0,MMA232,4.202495222829771,103.09752593047516,9144.0
1300.0,MWG3420,1.7262335728068574,110.74957772412995,9144.0
1300.0,MWG3752,2.1082646561300833,111.60734155882932,9144.0
1300.0,MWG3753,2.7683588472377973,112.04580752706248,9144.0
1300.0,MXD1636,1.5238867709617414,103.29193679895035,9144.0
1300.0,MXD801,1.2911492031507683,104.20357618591882,9144.0
1300.0,MXD803,1.318013192213015,103.23967033712438,9144.0
1300.0,MXD804,2.84930271004699,101.91293763597649,9144.0
1300.0,MYU2211,19.561889593901704,113.43619366669377,9144.0
1300.0,NEP341,3.1312734967208544,104.36352538851627,9144.0
1300.0,NEP345,3.179916111487274,104.18091307696963,9144.0
1300.0,NEP347,3.1962106716647702,104.78945329894759,9144.0
1300.0,MAS642,1.4217219539052566,107.09332831452303,9144.0,"(MAS642),(MAS643)"
1300.0,MAS643,1.3910191440235848,106.99567674239654,9144.0,"(MAS643),(MAS642)"
1310.0,MAS642,1.4215295397794947,107.12200589554033,9144.0
1310.0,MAS643,1.3902673140732138,106.96409989886598,9144.0
1310.0,MAS8792,-7.039303497428157,122.48158019032861,9144.0
1310.0,MMA231,13.88497709920156,97.9794147591065,9144.0
1310.0,MMA232,4.232053833351917,103.08574075577982,9144.0
1310.0,MWG3420,1.7132247492584474,110.73415594567527,9144.0
1310.0,MWG3752,2.1192960748123824,111.62202026368261,9144.0
1310.0,MWG3753,2.7599460612496887,112.02760093393412,9144.0
1310.0,MXD1636,1.5091876933778865,103.31969494560543,9144.0
1310.0,MXD801,1.3114196746521312,104.20617731596542,9144.0
1310.0,MXD803,1.2918053563725451,103.24825055485728,9144.0
1310.0,MXD804,2.8542122849204143,101.89058209846745,9144.0
1310.0,MYU2211,19.53375148411074,113.42126448142062,9144.0
1310.0,NEP341,3.123256414188126,104.39184345531694,9144.0
1310.0,NEP345,3.1722398138087846,104.20907824578781,9144.0
1310.0,NEP347,3.186189728664496,104.8151180466911,9144.0
1310.0,MAS642,1.4215295397794947,107.12200589554033,9144.0
1310.0,MAS643,1.3902673140732138,106.96409989886598,9144.0
1310.0,MAS8792,-7.039303497428157,122.48158019032861,9144.0
1310.0,MMA231,13.88497709920156,97.9794147591065,9144.0
1310.0,MMA232,4.232053833351917,103.08574075577982,9144.0
1310.0,MWG3420,1.7132247492584474,110.73415594567527,9144.0
1310.0,MWG3752,2.1192960748123824,111.62202026368261,9144.0
1310.0,MWG3753,2.7599460612496887,112.02760093393412,9144.0
1310.0,MXD1636,1.5091876933778865,103.31969494560543,9144.0
1310.0,MXD801,1.3114196746521312,104.20617731596542,9144.0
1310.0,MXD803,1.2918053563725451,103.24825055485728,9144.0
1310.0,MXD804,2.8542122849204143,101.89058209846745,9144.0
1310.0,MYU2211,19.53375148411074,113.42126448142062,9144.0
1310.0,NEP341,3.123256414188126,104.39184345531694,9144.0
1310.0,NEP345,3.1722398138087846,104.20907824578781,9144.0
1310.0,NEP347,3.186189728664496,104.8151180466911,9144.0
1320.0,MAS642,1.4212258138800158,107.15068250929502,9144.0
1320.0,MAS643,1.3895147819460476,106.93252308213427,9144.0
1320.0,MAS8792,-7.026621007123577,122.45426772712523,9144.0
1320.0,MMA231,13.859345496531791,97.9969229855507,9144.0
1320.0,MMA232,4.261666295379798,103.07393310239497,9144.0
1320.0,MWG3420,1.70030145390736,110.71866246525312,9144.0
1320.0,MWG3752,2.1303273041307866,111.63669921589627,9144.0
1320.0,MWG3753,2.751678313607658,112.00932799398865,9144.0
1320.0,MXD1636,1.4944880243775713,103.3474525921452,9144.0
1320.0,MXD801,1.3313353430585506,104.21076336588592,9144.0
1320.0,MXD803,1.2659469061175377,103.25671619723596,9144.0
1320.0,MXD804,2.857516948948846,101.86793284021232,9144.0
1320.0,MYU2211,19.505612146728946,113.40634049997118,9144.0
1320.0,NEP341,3.1152380094408683,104.42016093067727,9144.0
1320.0,NEP345,3.1645780672953427,104.23718485905492,9144.0
1320.0,NEP347,3.176056442144083,104.8410669471168,9144.0
1320.0,MAS642,1.4212258138800158,107.15068250929502,9144.0
1320.0,MAS643,1.3895147819460476,106.93252308213427,9144.0
1320.0,MAS8792,-7.026621007123577,122.45426772712523,9144.0
1320.0,MMA231,13.859345496531791,97.9969229855507,9144.0
1320.0,MMA232,4.261666295379798,103.07393310239497,9144.0
1320.0,MWG3420,1.70030145390736,110.71866246525312,9144.0
1320.0,MWG3752,2.1303273041307866,111.63669921589627,9144.0
1320.0,MWG3753,2.751678313607658,112.00932799398865,9144.0
1320.0,MXD1636,1.4944880243775713,103.3474525921452,9144.0
1320.0,MXD801,1.3313353430585506,104.21076336588592,9144.0
1320.0,MXD803,1.2659469061175377,103.25671619723596,9144.0
1320.0,MXD804,2.857516948948846,101.86793284021232,9144.0
1320.0,MYU2211,19.505612146728946,113.40634049997118,9144.0
1320.0,NEP341,3.1152380094408683,104.42016093067727,9144.0
1320.0,NEP345,3.1645780672953427,104.23718485905492,9144.0
1320.0,NEP347,3.176056442144083,104.8410669471168,9144.0
1330.0,MAS642,1.420920911418085,107.17923826644292,9144.0
1330.0,MAS643,1.3887550011335137,106.90094644924035,9144.0
1330.0,MAS8792,-7.013936926069887,122.4269567584093,9144.0
1330.0,MMA231,13.833706873337768,98.01441837381194,9144.0
1330.0,MMA232,4.2912775062435085,103.06212183782591,9144.0
1330.0,MWG3420,1.68700511329704,110.7026157002945,9144.0
1330.0,MWG3752,2.1413348433659216,111.65139607120595,9144.0
1330.0,MWG3753,2.743575801966597,111.99142121716342,9144.0
1330.0,MXD1636,1.4798018957215977,103.37521722516092,9144.0
1330.0,MXD801,1.35176553201593,104.2112751015293,9144.0
1330.0,MXD803,1.2401137296592095,103.26525860574993,9144.0
1330.0,MXD804,2.8566645335225775,101.8454485296664,9144.0
1330.0,MYU2211,19.477471584086896,113.3914217126712,9144.0
1330.0,NEP341,3.1076147026894043,104.44858743303922,9144.0
1330.0,NEP345,3.1569833204840427,104.26530950010917,9144.0
1330.0,NEP347,3.1649755109858613,104.86662405960091,9144.0
1330.0,MAS642,1.420920911418085,107.17923826644292,9144.0
1330.0,MAS643,1.3887550011335137,106.90094644924035,9144.0
1330.0,MAS8792,-7.013936926069887,122.4269567584093,9144.0
1330.0,MMA231,13.833706873337768,98.01441837381194,9144.0
1330.0,MMA232,4.2912775062435085,103.06212183782591,9144.0
1330.0,MWG3420,1.68700511329704,110.7026157002945,9144.0
1330.0,MWG3752,2.1413348433659216,111.65139607120595,9144.0
1330.0,MWG3753,2.743575801966597,111.99142121716342,9144.0
1330.0,MXD1636,1.4798018957215977,103.37521722516092,9144.0
1330.0,MXD801,1.35176553201593,104.2112751015293,9144.0
1330.0,MXD803,1.2401137296592095,103.26525860574993,9144.0
1330.0,MXD804,2.8566645335225775,101.8454485296664,9144.0
1330.0,MYU2211,19.477471584086896,113.3914217126712,9144.0
1330.0,NEP341,3.1076147026894043,104.44858743303922,9144.0
1330.0,NEP345,3.1569833204840427,104.26530950010917,9144.0
1330.0,NEP347,3.1649755109858613,104.86662405960091,9144.0
1340.0,MAS642,1.4207549642222728,107.20779516782275,9144.0
1340.0,MAS643,1.3879946597535326,106.86936984000339,9144.0
1340.0,MAS8792,-7.001251257136605,122.39964728161556,9144.0
1340.0,MMA231,13.808079092205528,98.03192867545285,9144.0
1340.0,MMA232,4.32087990351211,103.05028791668161,9144.0
1340.0,MWG3420,1.6748564888761008,110.68795449710974,9144.0
1340.0,MWG3752,2.1524236213405152,111.66620191023263,9144.0
1340.0,MWG3753,2.735472956443733,111.97351471293912,9144.0
1340.0,MXD1636,1.468893720922148,103.40461031673107,9144.0
1340.0,MXD801,1.3714781814149644,104.20768270834841,9144.0
1340.0,MXD803,1.214514090347945,103.27372361022549,9144.0
1340.0,MXD804,2.8517769238668675,101.82442496144797,9144.0
1340.0,MYU2211,19.449329798512352,113.37650810985691,9144.0
1340.0,NEP341,3.100083333444759,104.47666534370708,9144.0
1340.0,NEP345,3.149418679070052,104.29331738919922,9144.0
1340.0,NEP347,3.1538450727113077,104.8922924039163,9144.0
1340.0,MAS642,1.4207549642222728,107.20779516782275,9144.0
1340.0,MAS643,1.3879946597535326,106.86936984000339,9144.0
1340.0,MAS8792,-7.001251257136605,122.39964728161556,9144.0
1340.0,MMA231,13.808079092205528,98.03192867545285,9144.0
1340.0,MMA232,4.32087990351211,103.05028791668161,9144.0
1340.0,MWG3420,1.6748564888761008,110.68795449710974,9144.0
1340.0,MWG3752,2.1524236213405152,111.66620191023263,9144.0
1340.0,MWG3753,2.735472956443733,111.97351471293912,9144.0
1340.0,MXD1636,1.468893720922148,103.40461031673107,9144.0
1340.0,MXD801,1.3714781814149644,104.20768270834841,9144.0
1340.0,MXD803,1.214514090347945,103.27372361022549,9144.0
1340.0,MXD804,2.8517769238668675,101.82442496144797,9144.0
1340.0,MYU2211,19.449329798512352,113.37650810985691,9144.0
1340.0,NEP341,3.100083333444759,104.47666534370708,9144.0
1340.0,NEP345,3.149418679070052,104.29331738919922,9144.0
1340.0,NEP347,3.1538450727113077,104.8922924039163,9144.0
1350.0,MAS642,1.4205884819225576,107.23629158139464,9144.0
1350.0,MAS643,1.3872334904990073,106.83779326088502,9144.0
1350.0,MAS8792,-6.988564003190287,122.3723392941792,9144.0
1350.0,MMA231,13.782448537770764,98.04943274948583,9144.0
1350.0,MMA232,4.350535595270236,103.03843020757968,9144.0
1350.0,MWG3420,1.6631002012927807,110.67358993507246,9144.0
1350.0,MWG3752,2.1634960104564955,111.68102013470327,9144.0
1350.0,MWG3753,2.7273696824748095,111.9556085238588,9144.0
1350.0,MXD1636,1.4619441793902122,103.43512293556601,9144.0
1350.0,MXD801,1.3896422310250858,104.20022156066013,9144.0
1350.0,MXD803,1.1888843744210127,103.28209698987786,9144.0
1350.0,MXD804,2.8429967774590517,101.80471074740763,9144.0
1350.0,MYU2211,19.42118679233025,113.36159968187494,9144.0
1350.0,NEP341,3.092487569863544,104.50472565046827,9144.0
1350.0,NEP345,3.1417931591374115,104.3213085098554,9144.0
1350.0,NEP347,3.143285831280725,104.91820141741034,9144.0
1350.0,MAS642,1.4205884819225576,107.23629158139464,9144.0
1350.0,MAS643,1.3872334904990073,106.83779326088502,9144.0
1350.0,MAS8792,-6.988564003190287,122.3723392941792,9144.0
1350.0,MMA231,13.782448537770764,98.04943274948583,9144.0
1350.0,MMA232,4.350535595270236,103.03843020757968,9144.0
1350.0,MWG3420,1.6631002012927807,110.67358993507246,9144.0
1350.0,MWG3752,2.1634960104564955,111.68102013470327,9144.0
1350.0,MWG3753,2.7273696824748095,111.9556085238588,9144.0
1350.0,MXD1636,1.4619441793902122,103.43512293556601,9144.0
1350.0,MXD801,1.3896422310250858,104.20022156066013,9144.0
1350.0,MXD803,1.1888843744210127,103.28209698987786,9144.0
1350.0,MXD804,2.8429967774590517,101.80471074740763,9144.0
1350.0,MYU2211,19.42118679233025,113.36159968187494,9144.0
1350.0,NEP341,3.092487569863544,104.50472565046827,9144.0
1350.0,NEP345,3.1417931591374115,104.3213085098554,9144.0
1350.0,NEP347,3.143285831280725,104.91820141741034,9144.0
1360.0,MAS642,1.4203790589528522,107.26478770898612,9144.0
1360.0,MAS643,1.3864572015644563,106.80621706042938,9144.0
1360.0,MAS8792,-6.975875167094412,122.34503279353598,9144.0
1360.0,MMA231,13.756799438731774,98.06690608429592,9144.0
1360.0,MMA232,4.380227284983015,103.02666298739292,9144.0
1360.0,MWG3420,1.6510601811690635,110.6585855965081,9144.0
1360.0,MWG3752,2.174649388837033,111.6959472915493,9144.0
1360.0,MWG3753,2.719230142010135,111.93771894937028,9144.0
1360.0,MXD1636,1.4591314165578508,103.46593721509151,9144.0
1360.0,MXD801,1.4079996158851575,104.1932498715166,9144.0
1360.0,MXD803,1.1632546314156686,103.29047020971781,9144.0
1360.0,MXD804,2.831138711093449,101.78812763354365,9144.0
1360.0,MYU2211,19.393042567862715,113.34669641908229,9144.0
1360.0,NEP341,3.0848904803539745,104.53278539646449,9144.0
1360.0,NEP345,3.1342297878182634,104.34906632613443,9144.0
1360.0,NEP347,3.1327256558706,104.94410978730053,9144.0
1360.0,MAS642,1.4203790589528522,107.26478770898612,9144.0
1360.0,MAS643,1.3864572015644563,106.80621706042938,9144.0
1360.0,MAS8792,-6.975875167094412,122.34503279353598,9144.0
1360.0,MMA231,13.756799438731774,98.06690608429592,9144.0
1360.0,MMA232,4.380227284983015,103.02666298739292,9144.0
1360.0,MWG3420,1.6510601811690635,110.6585855965081,9144.0
1360.0,MWG3752,2.174649388837033,111.6959472915493,9144.0
1360.0,MWG3753,2.719230142010135,111.93771894937028,9144.0
1360.0,MXD1636,1.4591314165578508,103.46593721509151,9144.0
1360.0,MXD801,1.4079996158851575,104.1932498715166,9144.0
1360.0,MXD803,1.1632546314156686,103.29047020971781,9144.0
1360.0,MXD804,2.831138711093449,101.78812763354365,9144.0
1360.0,MYU2211,19.393042567862715,113.34669641908229,9144.0
1360.0,NEP341,3.0848904803539745,104.53278539646449,9144.0
1360.0,NEP345,3.1342297878182634,104.34906632613443,9144.0
1360.0,NEP347,3.1327256558706,104.94410978730053,9144.0
1370.0,MAS642,1.4201697110098304,107.29316273796246,9144.0
1370.0,MAS643,1.3856817858703079,106.77469923620302,9144.0
1370.0,MAS8792,-6.963184751709266,122.31772777712226,9144.0
1370.0,MMA231,13.731197883785732,98.08434157632747,9144.0
1370.0,MMA232,4.409918574841434,103.0148942836726,9144.0
1370.0,MWG3420,1.6396576869105102,110.64437160483033,9144.0
1370.0,MWG3752,2.1857265141160096,111.7109313132276,9144.0
1370.0,MWG3753,2.71111808306474,111.9198907143237,9144.0
1370.0,MXD1636,1.4604376040332643,103.49673434034034,9144.0
1370.0,MXD801,1.4262315800411811,104.18632569095743,9144.0
1370.0,MXD803,1.137639644418701,103.29888840533586,9144.0
1370.0,MXD804,2.816558391612901,101.7747600497761,9144.0
1370.0,MYU2211,19.364897127429057,113.33179831184638,9144.0
1370.0,NEP341,3.0771604398622987,104.56080849879334,9144.0
1370.0,NEP345,3.1265469727686654,104.37679101854316,9144.0
1370.0,NEP347,3.1221043586450095,104.96999282288641,9144.0
1370.0,MAS642,1.4201697110098304,107.29316273796246,9144.0
1370.0,MAS643,1.3856817858703079,106.77469923620302,9144.0
1370.0,MAS8792,-6.963184751709266,122.31772777712226,9144.0
1370.0,MMA231,13.731197883785732,98.08434157632747,9144.0
1370.0,MMA232,4.409918574841434,103.0148942836726,9144.0
1370.0,MWG3420,1.6396576869105102,110.64437160483033,9144.0
1370.0,MWG3752,2.1857265141160096,111.7109313132276,9144.0
1370.0,MWG3753,2.71111808306474,111.9198907143237,9144.0
1370.0,MXD1636,1.4604376040332643,103.49673434034034,9144.0
1370.0,MXD801,1.4262315800411811,104.18632569095743,9144.0
1370.0,MXD803,1.137639644418701,103.29888840533586,9144.0
1370.0,MXD804,2.816558391612901,101.7747600497761,9144.0
1370.0,MYU2211,19.364897127429057,113.33179831184638,9144.0
1370.0,NEP341,3.0771604398622987,104.56080849879334,9144.0
1370.0,NEP345,3.1265469727686654,104.37679101854316,9144.0
1370.0,NEP347,3.1221043586450095,104.96999282288641,9144.0
1380.0,MAS642,1.4199497863615915,107.32153768418452,9144.0
1380.0,MAS643,1.3849055248519975,106.74318144312353,9144.0
1380.0,MAS8792,-6.950492759891818,122.29042424237507,9144.0
1380.0,MMA231,13.70564147351688,98.10184520621685,9144.0
1380.0,MMA232,4.439560688066889,103.00300105523534,9144.0
1380.0,MWG3420,1.628425623777953,110.6303704464132,9144.0
1380.0,MWG3752,2.196803415181158,111.72591561174224,9144.0
1380.0,MWG3753,2.703005687587283,111.90206275210208,9144.0
1380.0,MXD1636,1.4658288156991142,103.52708381365233,9144.0
1380.0,MXD801,1.4450315863399983,104.18113955953896,9144.0
1380.0,MXD803,1.1120831645849327,103.30728721069188,9144.0
1380.0,MXD804,2.805251214517866,101.75885178112661,9144.0
1380.0,MYU2211,19.336750473345774,113.31690535054499,9144.0
1380.0,NEP341,3.069429096582514,104.58883103766254,9144.0
1380.0,NEP345,3.1188467836186087,104.4045733406786,9144.0
1380.0,NEP347,3.111459009007459,104.99593158864613,9144.0
1380.0,MAS642,1.4199497863615915,107.32153768418452,9144.0
1380.0,MAS643,1.3849055248519975,106.74318144312353,9144.0
1380.0,MAS8792,-6.950492759891818,122.29042424237507,9144.0
1380.0,MMA231,13.70564147351688,98.10184520621685,9144.0
1380.0,MMA232,4.439560688066889,103.00300105523534,9144.0
1380.0,MWG3420,1.628425623777953,110.6303704464132,9144.0
1380.0,MWG3752,2.196803415181158,111.72591561174224,9144.0
1380.0,MWG3753,2.703005687587283,111.90206275210208,9144.0
1380.0,MXD1636,1.4658288156991142,103.52708381365233,9144.0
1380.0,MXD801,1.4450315863399983,104.18113955953896,9144.0
1380.0,MXD803,1.1120831645849327,103.30728721069188,9144.0
1380.0,MXD804,2.805251214517866,101.75885178112661,9144.0
1380.0,MYU2211,19.336750473345774,113.31690535054499,9144.0
1380.0,NEP341,3.069429096582514,104.58883103766254,9144.0
1380.0,NEP345,3.1188467836186087,104.4045733406786,9144.0
1380.0,NEP347,3.111459009007459,104.99593158864613,9144.0
1390.0,MAS642,1.419729728222809,107.34985201300123,9144.0
1390.0,MAS643,1.3841649250464607,106.71166280126512,9144.0
1390.0,MAS8792,-6.937799194495583,122.26312218673219,9144.0
1390.0,MMA231,13.680034560646604,98.11937826583097,9144.0
1390.0,MMA232,4.469202521191057,102.99110664514751,9144.0
1390.0,MWG3420,1.6170116222509545,110.61651740514725,9144.0
1390.0,MWG3752,2.2079153112614507,111.74087405082318,9144.0
1390.0,MWG3753,2.69489279923496,111.88423513366367,9144.0
1390.0,MXD1636,1.4744132668863514,103.55668854991421,9144.0
1390.0,MXD801,1.4635724072128466,104.1760248362511,9144.0
1390.0,MXD803,1.086634369818352,103.31600691317524,9144.0
1390.0,MXD804,2.7975204499339035,101.74092638630086,9144.0
1390.0,MYU2211,19.308602607926556,113.30201752556624,9144.0
1390.0,NEP341,3.061832891450746,104.61689041748973,9144.0
1390.0,NEP345,3.111094325062872,104.43234087513143,9144.0
1390.0,NEP347,3.1008583789393653,105.02188845591415,9144.0
1390.0,MAS642,1.419729728222809,107.34985201300123,9144.0
1390.0,MAS643,1.3841649250464607,106.71166280126512,9144.0
1390.0,MAS8792,-6.937799194495583,122.26312218673219,9144.0
1390.0,MMA231,13.680034560646604,98.11937826583097,9144.0
1390.0,MMA232,4.469202521191057,102.99110664514751,9144.0
1390.0,MWG3420,1.6170116222509545,110.61651740514725,9144.0
1390.0,MWG3752,2.2079153112614507,111.74087405082318,9144.0
1390.0,MWG3753,2.69489279923496,111.88423513366367,9144.0
1390.0,MXD1636,1.4744132668863514,103.55668854991421,9144.0
1390.0,MXD801,1.4635724072128466,104.1760248362511,9144.0
1390.0,MXD803,1.086634369818352,103.31600691317524,9144.0
1390.0,MXD804,2.7975204499339035,101.74092638630086,9144.0
1390.0,MYU2211,19.308602607926556,113.30201752556624,9144.0
1390.0,NEP341,3.061832891450746,104.61689041748973,9144.0
1390.0,NEP345,3.111094325062872,104.43234087513143,9144.0
1390.0,NEP347,3.1008583789393653,105.02188845591415,9144.0
1400.0,MAS642,1.4195963159068503,107.37816688134563,9144.0
1400.0,MAS643,1.3834263204655033,106.68026101232033,9144.0
1400.0,MAS8792,-6.92510405837049,122.23582160763219,9144.0
1400.0,MMA231,13.654395055671078,98.13685889760414,9144.0
1400.0,MMA232,4.498895754072392,102.97934145061281,9144.0
1400.0,MWG3420,1.6058584095289132,110.60298124847674,9144.0
1400.0,MWG3752,2.2190269707654737,111.7558327780321,9144.0
1400.0,MWG3753,2.6867635872953515,111.86641508800197,9144.0
1400.0,MXD1636,1.4829971239341302,103.58629357305894,9144.0
1400.0,MXD801,1.482122591528639,104.17094415737442,9144.0
1400.0,MXD803,1.061829533245233,103.32450581580072,9144.0
1400.0,MXD804,2.793708613809683,101.72177801735059,9144.0
1400.0,MYU2211,19.28045353348229,113.28713482730862,9144.0
1400.0,NEP341,3.0542353916849168,104.64494924702973,9144.0
1400.0,NEP345,3.103340640170925,104.46010786217934,9144.0
1400.0,NEP347,3.090256921856799,105.04784472469515,9144.0
1400.0,MAS642,1.4195963159068503,107.37816688134563,9144.0
1400.0,MAS643,1.3834263204655033,106.68026101232033,9144.0
1400.0,MAS8792,-6.92510405837049,122.23582160763219,9144.0
1400.0,MMA231,13.654395055671078,98.13685889760414,9144.0
1400.0,MMA232,4.498895754072392,102.97934145061281,9144.0
1400.0,MWG3420,1.6058584095289132,110.60298124847674,9144.0
1400.0,MWG3752,2.2190269707654737,111.7558327780321,9144.0
1400.0,MWG3753,2.6867635872953515,111.86641508800197,9144.0
1400.0,MXD1636,1.4829971239341302,103.58629357305894,9144.0
1400.0,MXD801,1.482122591528639,104.17094415737442,9144.0
1400.0,MXD803,1.061829533245233,103.32450581580072,9144.0
1400.0,MXD804,2.793708613809683,101.72177801735059,9144.0
1400.0,MYU2211,19.28045353348229,113.28713482730862,9144.0
1400.0,NEP341,3.0542353916849168,104.64494924702973,9144.0
1400.0,NEP345,3.103340640170925,104.46010786217934,9144.0
1400.0,NEP347,3.090256921856799,105.04784472469515,9144.0
1410.0,MAS642,1.4194626027628283,107.4064210905582,9144.0
1410.0,MAS643,1.382764611487224,106.64885751665963,9144.0
1410.0,MAS8792,-6.912407354362728,122.20852250251453,9144.0
1410.0,MMA231,13.628705037991217,98.15436885538813,9144.0
1410.0,MMA232,4.528588729895606,102.96757512194633,9144.0
1410.0,MWG3420,1.5947261823828331,110.58942788787732,9144.0
1410.0,MWG3752,2.2301404948754233,111.77079023061336,9144.0
1410.0,MWG3753,2.6786059780159786,111.8485343618434,9144.0
1410.0,MXD1636,1.4875666233117422,103.61677797736931,9144.0
1410.0,MXD801,1.4987063899350865,104.16373587822517,9144.0
1410.0,MXD803,1.0368970742474013,103.33262249743564,9144.0
1410.0,MXD804,2.7939845917259367,101.70225499089604,9144.0
1410.0,MYU2211,19.252303252321063,113.27225724618093,9144.0
1410.0,NEP341,3.046569983714169,104.67298934825142,9144.0
1410.0,NEP345,3.0958255222573237,104.48794035946263,9144.0
1410.0,NEP347,3.0796541983075487,105.0738002157981,9144.0
1410.0,MAS642,1.4194626027628283,107.4064210905582,9144.0
1410.0,MAS643,1.382764611487224,106.64885751665963,9144.0
1410.0,MAS8792,-6.912407354362728,122.20852250251453,9144.0
1410.0,MMA231,13.628705037991217,98.15436885538813,9144.0
1410.0,MMA232,4.528588729895606,102.96757512194633,9144.0
1410.0,MWG3420,1.5947261823828331,110.58942788787732,9144.0
1410.0,MWG3752,2.2301404948754233,111.77079023061336,9144.0
1410.0,MWG3753,2.6786059780159786,111.8485343618434,9144.0
1410.0,MXD1636,1.4875666233117422,103.61677797736931,9144.0
1410.0,MXD801,1.4987063899350865,104.16373587822517,9144.0
1410.0,MXD803,1.0368970742474013,103.33262249743564,9144.0
1410.0,MXD804,2.7939845917259367,101.70225499089604,9144.0
1410.0,MYU2211,19.252303252321063,113.27225724618093,9144.0
1410.0,NEP341,3.046569983714169,104.67298934825142,9144.0
1410.0,NEP345,3.0958255222573237,104.48794035946263,9144.0
1410.0,NEP347,3.0796541983075487,105.0738002157981,9144.0
1420.0,MAS642,1.4192255463566321,107.43467461838216,9144.0
1420.0,MAS643,1.3821035911359747,106.61751251640896,9144.0
1420.0,MAS8792,-6.89970908531459,122.1812248688196,9144.0
1420.0,MMA231,13.603026451527544,98.17189465499015,9144.0
1420.0,MMA232,4.558252349628275,102.95573403098194,9144.0
1420.0,MWG3420,1.5838553553540207,110.57619313434705,9144.0
1420.0,MWG3752,2.241253760604891,111.7857479887261,9144.0
1420.0,MWG3753,2.6704052363687802,111.8306735392597,9144.0
1420.0,MXD1636,1.490968304729082,103.64741483376065,9144.0
1420.0,MXD801,1.5121424739321017,104.1534542669196,9144.0
1420.0,MXD803,1.012975349778647,103.34041000521617,9144.0
1420.0,MXD804,2.7983361563231615,101.68322221969633,9144.0
1420.0,MYU2211,19.224151766748154,113.25738477260228,9144.0
1420.0,NEP341,3.0389033123035185,104.70102890363599,9144.0
1420.0,NEP345,3.0883092114644213,104.51577233645276,9144.0
1420.0,NEP347,3.0689858267226127,105.09972845570145,9144.0
1420.0,MAS642,1.4192255463566321,107.43467461838216,9144.0
1420.0,MAS643,1.3821035911359747,106.61751251640896,9144.0
1420.0,MAS8792,-6.89970908531459,122.1812248688196,9144.0
1420.0,MMA231,13.603026451527544,98.17189465499015,9144.0
1420.0,MMA232,4.558252349628275,102.95573403098194,9144.0
1420.0,MWG3420,1.5838553553540207,110.57619313434705,9144.0
1420.0,MWG3752,2.241253760604891,111.7857479887261,9144.0
1420.0,MWG3753,2.6704052363687802,111.8306735392597,9144.0
1420.0,MXD1636,1.490968304729082,103.64741483376065,9144.0
1420.0,MXD801,1.5121424739321017,104.1534542669196,9144.0
1420.0,MXD803,1.012975349778647,103.34041000521617,9144.0
1420.0,MXD804,2.7983361563231615,101.68322221969633,9144.0
1420.0,MYU2211,19.224151766748154,113.25738477260228,9144.0
1420.0,NEP341,3.0389033123035185,104.70102890363599,9144.0
1420.0,NEP345,3.0883092114644213,104.51577233645276,9144.0
1420.0,NEP347,3.0689858267226127,105.09972845570145,9144.0
1430.0,MAS642,1.4189880668896566,107.46292813975009,9144.0
1430.0,MAS643,1.3814418181749752,106.5861675407808,9144.0
1430.0,MAS8792,-6.887009254064309,122.15392870398884,9144.0
1430.0,MMA231,13.577346403694479,98.18941628925063,9144.0
1430.0,MMA232,4.587861716070529,102.94391336767717,9144.0
1430.0,MWG3420,1.5744336823497111,110.5618897680532,9144.0
1430.0,MWG3752,2.252331657107963,111.80073211434487,9144.0
1430.0,MWG3753,2.6622318989092406,111.81287408950963,9144.0
1430.0,MXD1636,1.4952721646174507,103.6779380074949,9144.0
1430.0,MXD801,1.5229372069175422,104.1411522266596,9144.0
1430.0,MXD803,0.9892780254971324,103.34885591017253,9144.0
1430.0,MXD804,2.8065705090417805,101.66552290947438,9144.0
1430.0,MYU2211,19.195999079066045,113.24251739700209,9144.0
1430.0,NEP341,3.0311828676914936,104.72905345889492,9144.0
1430.0,NEP345,3.080743677113219,104.54359073660774,9144.0
1430.0,NEP347,3.0583161416168836,105.12565589513675,9144.0
1430.0,MAS642,1.4189880668896566,107.46292813975009,9144.0
1430.0,MAS643,1.3814418181749752,106.5861675407808,9144.0
1430.0,MAS8792,-6.887009254064309,122.15392870398884,9144.0
1430.0,MMA231,13.577346403694479,98.18941628925063,9144.0
1430.0,MMA232,4.587861716070529,102.94391336767717,9144.0
1430.0,MWG3420,1.5744336823497111,110.5618897680532,9144.0
1430.0,MWG3752,2.252331657107963,111.80073211434487,9144.0
1430.0,MWG3753,2.6622318989092406,111.81287408950963,9144.0
1430.0,MXD1636,1.4952721646174507,103.6779380074949,9144.0
1430.0,MXD801,1.5229372069175422,104.1411522266596,9144.0
1430.0,MXD803,0.9892780254971324,103.34885591017253,9144.0
1430.0,MXD804,2.8065705090417805,101.66552290947438,9144.0
1430.0,MYU2211,19.195999079066045,113.24251739700209,9144.0
1430.0,NEP341,3.0311828676914936,104.72905345889492,9144.0
1430.0,NEP345,3.080743677113219,104.54359073660774,9144.0
1430.0,NEP347,3.0583161416168836,105.12565589513675,9144.0
1440.0,MAS642,1.418750099896491,107.49118165410697,9144.0
1440.0,MAS643,1.3806951295294296,106.55482448397743,9144.0
1440.0,MAS8792,-6.874307863445879,122.12663400546481,9144.0
1440.0,MMA231,13.55164468843609,98.2069023760137,9144.0
1440.0,MMA232,4.617469366388314,102.93208788697811,9144.0
1440.0,MWG3420,1.5645969862398597,110.54695678387739,9144.0
1440.0,MWG3752,2.2633286177326335,111.81560748364292,9144.0
1440.0,MWG3753,2.653985722580971,111.7951084589553,9144.0
1440.0,MXD1636,1.4995753735800275,103.70846133299408,9144.0
1440.0,MXD801,1.5345146261350326,104.12958421536939,9144.0
1440.0,MXD803,0.9667923062158038,103.36121772886358,9144.0
1440.0,MXD804,2.8184101511737887,101.64975496457954,9144.0
1440.0,MYU2211,19.167845191574425,113.22765510982008,9144.0
1440.0,NEP341,3.0234611865084746,104.75707747276964,9144.0
1440.0,NEP345,3.0731769198652494,104.57140860570657,9144.0
1440.0,NEP347,3.0476779766334805,105.1515960634425,9144.0
1440.0,MAS642,1.418750099896491,107.49118165410697,9144.0
1440.0,MAS643,1.3806951295294296,106.55482448397743,9144.0
1440.0,MAS8792,-6.874307863445879,122.12663400546481,9144.0
1440.0,MMA231,13.55164468843609,98.2069023760137,9144.0
1440.0,MMA232,4.617469366388314,102.93208788697811,9144.0
1440.0,MWG3420,1.5645969862398597,110.54695678387739,9144.0
1440.0,MWG3752,2.2633286177326335,111.81560748364292,9144.0
1440.0,MWG3753,2.653985722580971,111.7951084589553,9144.0
1440.0,MXD1636,1.4995753735800275,103.70846133299408,9144.0
1440.0,MXD801,1.5345146261350326,104.12958421536939,9144.0
1440.0,MXD803,0.9667923062158038,103.36121772886358,9144.0
1440.0,MXD804,2.8184101511737887,101.64975496457954,9144.0
1440.0,MYU2211,19.167845191574425,113.22765510982008,9144.0
1440.0,NEP341,3.0234611865084746,104.75707747276964,9144.0
1440.0,NEP345,3.0731769198652494,104.57140860570657,9144.0
1440.0,NEP347,3.0476779766334805,105.1515960634425,9144.0
1450.0,MAS642,1.4185109648597822,107.51943515567541,9144.0
1450.0,MAS643,1.379946478627946,106.52342297907994,9144.0
1450.0,MAS8792,-6.861604916288865,122.09934077069127,9144.0
1450.0,MMA231,13.52594154313167,98.2243843499874,9144.0
1450.0,MMA232,4.647022739234691,102.92028287592375,9144.0
1450.0,MWG3420,1.5577633662555719,110.5304312939055,9144.0
1450.0,MWG3752,2.2744675431780106,111.8303767946011,9144.0
1450.0,MWG3753,2.645654197604781,111.77716079732696,9144.0
1450.0,MXD1636,1.5020403479473272,103.73918795928142,9144.0
1450.0,MXD801,1.5459937001108508,104.11811404448147,9144.0
1450.0,MXD803,0.9454047031284067,103.37638742035534,9144.0
1450.0,MXD804,2.8332562147136455,101.6367854052605,9144.0
1450.0,MYU2211,19.139690106570185,113.21279790150624,9144.0
1450.0,NEP341,3.0157769041514477,104.78511159493524,9144.0
1450.0,NEP345,3.0655532958349374,104.59921070083118,9144.0
1450.0,NEP347,3.037038977490845,105.17753563267125,9144.0
1450.0,MAS642,1.4185109648597822,107.51943515567541,9144.0
1450.0,MAS643,1.379946478627946,106.52342297907994,9144.0
1450.0,MAS8792,-6.861604916288865,122.09934077069127,9144.0
1450.0,MMA231,13.52594154313167,98.2243843499874,9144.0
1450.0,MMA232,4.647022739234691,102.92028287592375,9144.0
1450.0,MWG3420,1.5577633662555719,110.5304312939055,9144.0
1450.0,MWG3752,2.2744675431780106,111.8303767946011,9144.0
1450.0,MWG3753,2.645654197604781,111.77716079732696,9144.0
1450.0,MXD1636,1.5020403479473272,103.73918795928142,9144.0
1450.0,MXD801,1.5459937001108508,104.11811404448147,9144.0
1450.0,MXD803,0.9454047031284067,103.37638742035534,9144.0
1450.0,MXD804,2.8332562147136455,101.6367854052605,9144.0
1450.0,MYU2211,19.139690106570185,113.21279790150624,9144.0
1450.0,NEP341,3.0157769041514477,104.78511159493524,9144.0
1450.0,NEP345,3.0655532958349374,104.59921070083118,9144.0
1450.0,NEP347,3.037038977490845,105.17753563267125,9144.0
1460.0,MAS642,1.4183407040866418,107.54768915446365,9144.0
1460.0,MAS643,1.3791967832310899,106.49202150901141,9144.0
1460.0,MAS8792,-6.848900415418206,122.07204899711333,9144.0
1460.0,MMA231,13.50024894045925,98.24188082476596,9144.0
1460.0,MMA232,4.67658845852794,102.90850853011555,9144.0
1460.0,MWG3420,1.5506434477770377,110.51321441702386,9144.0
1460.0,MWG3752,2.2856061228068563,111.84514648109791,9144.0
1460.0,MWG3753,2.637589145304516,111.7590916831772,9144.0
1460.0,MXD1636,1.5045094044488272,103.76997333315252,9144.0
1460.0,MXD801,1.5565326321711253,104.10577380680212,9144.0
1460.0,MXD803,0.9266488933252264,103.39471209994893,9144.0
1460.0,MXD804,2.8504642479223854,101.62717728464051,9144.0
1460.0,MYU2211,19.111533826347426,113.1979457625208,9144.0
1460.0,NEP341,3.008075466791072,104.8132031877637,9144.0
1460.0,NEP345,3.057912497904928,104.62707044164343,9144.0
1460.0,NEP347,3.0263983911190997,105.20347429388387,9144.0
1460.0,MAS642,1.4183407040866418,107.54768915446365,9144.0
1460.0,MAS643,1.3791967832310899,106.49202150901141,9144.0
1460.0,MAS8792,-6.848900415418206,122.07204899711333,9144.0
1460.0,MMA231,13.50024894045925,98.24188082476596,9144.0
1460.0,MMA232,4.67658845852794,102.90850853011555,9144.0
1460.0,MWG3420,1.5506434477770377,110.51321441702386,9144.0
1460.0,MWG3752,2.2856061228068563,111.84514648109791,9144.0
1460.0,MWG3753,2.637589145304516,111.7590916831772,9144.0
1460.0,MXD1636,1.5045094044488272,103.76997333315252,9144.0
1460.0,MXD801,1.5565326321711253,104.10577380680212,9144.0
1460.0,MXD803,0.9266488933252264,103.39471209994893,9144.0
1460.0,MXD804,2.8504642479223854,101.62717728464051,9144.0
1460.0,MYU2211,19.111533826347426,113.1979457625208,9144.0
1460.0,NEP341,3.008075466791072,104.8132031877637,9144.0
1460.0,NEP345,3.057912497904928,104.62707044164343,9144.0
1460.0,NEP347,3.0263983911190997,105.20347429388387,9144.0
1470.0,MAS642,1.4181693727452034,107.57594314468454,9144.0
1470.0,MAS643,1.3784711882110576,106.46061948205502,9144.0
1470.0,MAS8792,-6.836194363653999,122.04475868217746,9144.0
1470.0,MMA231,13.474604001865579,98.25933979053207,9144.0
1470.0,MMA232,4.706099849819062,102.89675462889046,9144.0
1470.0,MWG3420,1.5448535576152531,110.4955056019675,9144.0
1470.0,MWG3752,2.2967474956440204,111.85991417221507,9144.0
1470.0,MWG3753,2.6294682701118886,111.74090101683214,9144.0
1470.0,MXD1636,1.5069761982714969,103.8007589233776,9144.0
1470.0,MXD801,1.5629434396677115,104.09201090091281,9144.0
1470.0,MXD803,0.9112555849595936,103.41547716272154,9144.0
1470.0,MXD804,2.869287268484072,101.62134777865096,9144.0
1470.0,MYU2211,19.083376353197448,113.18309868333431,9144.0
1470.0,NEP341,3.0003298373479907,104.84128239496087,9144.0
1470.0,NEP345,3.050218906977238,104.65491540868952,9144.0
1470.0,NEP347,3.0157435923478357,105.22940684949533,9144.0
1470.0,MAS642,1.4181693727452034,107.57594314468454,9144.0
1470.0,MAS643,1.3784711882110576,106.46061948205502,9144.0
1470.0,MAS8792,-6.836194363653999,122.04475868217746,9144.0
1470.0,MMA231,13.474604001865579,98.25933979053207,9144.0
1470.0,MMA232,4.706099849819062,102.89675462889046,9144.0
1470.0,MWG3420,1.5448535576152531,110.4955056019675,9144.0
1470.0,MWG3752,2.2967474956440204,111.85991417221507,9144.0
1470.0,MWG3753,2.6294682701118886,111.74090101683214,9144.0
1470.0,MXD1636,1.5069761982714969,103.8007589233776,9144.0
1470.0,MXD801,1.5629434396677115,104.09201090091281,9144.0
1470.0,MXD803,0.9112555849595936,103.41547716272154,9144.0
1470.0,MXD804,2.869287268484072,101.62134777865096,9144.0
1470.0,MYU2211,19.083376353197448,113.18309868333431,9144.0
1470.0,NEP341,3.0003298373479907,104.84128239496087,9144.0
1470.0,NEP345,3.050218906977238,104.65491540868952,9144.0
1470.0,NEP347,3.0157435923478357,105.22940684949533,9144.0
1480.0,MAS642,1.4178740132930558,107.60419610632448,9144.0
1480.0,MAS643,1.377743272767843,106.42915905426615,9144.0
1480.0,MAS8792,-6.823486763811274,122.0174698233317,9144.0
1480.0,MMA231,13.448966109549813,98.27680782453061,9144.0
1480.0,MMA232,4.7356054939282695,102.88498570989299,9144.0
1480.0,MWG3420,1.5378660893227407,110.47964179576093,9144.0
1480.0,MWG3752,2.3078884773636386,111.8746822743261,9144.0
1480.0,MWG3753,2.621299738551202,111.72273186454989,9144.0
1480.0,MXD1636,1.5092840417762634,103.83155687838487,9144.0
1480.0,MXD801,1.5652561222153951,104.07743119093655,9144.0
1480.0,MXD803,0.8993839896572594,103.43836828743815,9144.0
1480.0,MXD804,2.8889081892091615,101.61955006663713,9144.0
1480.0,MYU2211,19.05521768940877,113.1682566544275,9144.0
1480.0,NEP341,2.992567014294945,104.8694190140865,9144.0
1480.0,NEP345,3.0425241028398267,104.6827598405298,9144.0
1480.0,NEP347,3.0050873073410425,105.25533853907751,9144.0
1480.0,MAS642,1.4178740132930558,107.60419610632448,9144.0
1480.0,MAS643,1.377743272767843,106.42915905426615,9144.0
1480.0,MAS8792,-6.823486763811274,122.0174698233317,9144.0
1480.0,MMA231,13.448966109549813,98.27680782453061,9144.0
1480.0,MMA232,4.7356054939282695,102.88498570989299,9144.0
1480.0,MWG3420,1.5378660893227407,110.47964179576093,9144.0
1480.0,MWG3752,2.3078884773636386,111.8746822743261,9144.0
1480.0,MWG3753,2.621299738551202,111.72273186454989,9144.0
1480.0,MXD1636,1.5092840417762634,103.83155687838487,9144.0
1480.0,MXD801,1.5652561222153951,104.07743119093655,9144.0
1480.0,MXD803,0.8993839896572594,103.43836828743815,9144.0
1480.0,MXD804,2.8889081892091615,101.61955006663713,9144.0
1480.0,MYU2211,19.05521768940877,113.1682566544275,9144.0
1480.0,NEP341,2.992567014294945,104.8694190140865,9144.0
1480.0,NEP345,3.0425241028398267,104.6827598405298,9144.0
1480.0,NEP347,3.0050873073410425,105.25533853907751,9144.0
1490.0,MAS642,1.417578015972478,107.63244905767246,9144.0
1490.0,MAS643,1.377020904094151,106.39769850809135,9144.0
1490.0,MAS8792,-6.810777618699746,121.99018241802571,9144.0
1490.0,MMA231,13.423375926370298,98.2942383677536,9144.0
1490.0,MMA232,4.765056788330421,102.87323728459107,9144.0
1490.0,MWG3420,1.532090188626997,110.4652199996743,9144.0
1490.0,MWG3752,2.3187478276123614,111.88965913395862,9144.0
1490.0,MWG3753,2.613394959890959,111.70503260761845,9144.0
1490.0,MXD1636,1.5115955680208564,103.86241356621119,9144.0
1490.0,MXD801,1.563426401776448,104.06306723327742,9144.0
1490.0,MXD803,0.8914438101386022,103.46257301715697,9144.0
1490.0,MXD804,2.9084752869154498,101.62186232573832,9144.0
1490.0,MYU2211,19.02705783726712,113.15341966629134,9144.0
1490.0,NEP341,2.9852107036202464,104.89766474918073,9144.0
1490.0,NEP345,3.034848871002004,104.71060949098369,9144.0
1490.0,NEP347,2.994568521865974,105.28132621145673,9144.0
1490.0,MAS642,1.417578015972478,107.63244905767246,9144.0
1490.0,MAS643,1.377020904094151,106.39769850809135,9144.0
1490.0,MAS8792,-6.810777618699746,121.99018241802571,9144.0
1490.0,MMA231,13.423375926370298,98.2942383677536,9144.0
1490.0,MMA232,4.765056788330421,102.87323728459107,9144.0
1490.0,MWG3420,1.532090188626997,110.4652199996743,9144.0
1490.0,MWG3752,2.3187478276123614,111.88965913395862,9144.0
1490.0,MWG3753,2.613394959890959,111.70503260761845,9144.0
1490.0,MXD1636,1.5115955680208564,103.86241356621119,9144.0
1490.0,MXD801,1.563426401776448,104.06306723327742,9144.0
1490.0,MXD803,0.8914438101386022,103.46257301715697,9144.0
1490.0,MXD804,2.9084752869154498,101.62186232573832,9144.0
1490.0,MYU2211,19.02705783726712,113.15341966629134,9144.0
1490.0,NEP341,2.9852107036202464,104.89766474918073,9144.0
1490.0,NEP345,3.034848871002004,104.71060949098369,9144.0
1490.0,NEP347,2.994568521865974,105.28132621145673,9144.0
1500.0,MAS642,1.417399236359648,107.66070299231778,9144.0
1500.0,MAS643,1.3762966859929608,106.36617958963535,9144.0
1500.0,MAS8792,-6.7980669311235635,121.96289646371093,9144.0
1500.0,MMA231,13.397793714543155,98.31167941738032,9144.0
1500.0,MMA232,4.794506977860513,102.8614855656307,9144.0
1500.0,MWG3420,1.5269829975089524,110.45246854509875,9144.0
1500.0,MWG3752,2.329606658761689,111.90463648578759,9144.0
1500.0,MWG3753,2.605517262679587,111.68739506764246,9144.0
1500.0,MXD1636,1.5140131641521717,103.89326215350049,9144.0
1500.0,MXD801,1.557684521769375,104.05008373161627,9144.0
1500.0,MXD803,0.8874975394985927,103.48773951232128,9144.0
1500.0,MXD804,2.9271391748204088,101.62818431931085,9144.0
1500.0,MYU2211,18.998896799055426,113.13858770942707,9144.0
1500.0,NEP341,2.9778531691916323,104.92590997575124,9144.0
1500.0,NEP345,3.0271723952355174,104.73845860005251,9144.0
1500.0,NEP347,2.9840482682295293,105.30731303873422,9144.0
1500.0,MAS642,1.417399236359648,107.66070299231778,9144.0
1500.0,MAS643,1.3762966859929608,106.36617958963535,9144.0
1500.0,MAS8792,-6.7980669311235635,121.96289646371093,9144.0
1500.0,MMA231,13.397793714543155,98.31167941738032,9144.0
1500.0,MMA232,4.794506977860513,102.8614855656307,9144.0
1500.0,MWG3420,1.5269829975089524,110.45246854509875,9144.0
1500.0,MWG3752,2.329606658761689,111.90463648578759,9144.0
1500.0,MWG3753,2.605517262679587,111.68739506764246,9144.0
1500.0,MXD1636,1.5140131641521717,103.89326215350049,9144.0
1500.0,MXD801,1.557684521769375,104.05008373161627,9144.0
1500.0,MXD803,0.8874975394985927,103.48773951232128,9144.0
1500.0,MXD804,2.9271391748204088,101.62818431931085,9144.0
1500.0,MYU2211,18.998896799055426,113.13858770942707,9144.0
1500.0,NEP341,2.9778531691916323,104.92590997575124,9144.0
1500.0,NEP345,3.0271723952355174,104.73845860005251,9144.0
1500.0,NEP347,2.9840482682295293,105.30731303873422,9144.0
1510.0,MAS642,1.4172200088466789,107.68895692193698,9144.0
1510.0,MAS643,1.3755718831538544,106.33466069420516,9144.0
1510.0,MAS8792,-6.785354703881022,121.93561195784069,9144.0
1510.0,MMA231,13.372259258931129,98.32908299745944,9144.0
1510.0,MMA232,4.824011048664433,102.84971115690942,9144.0
1510.0,MWG3420,1.522402577647075,110.4409306803058,9144.0
1510.0,MWG3752,2.3407045374514817,111.91943740279781,9144.0
1510.0,MWG3753,2.597560435716109,111.66979326859256,9144.0
1510.0,MXD1636,1.5164300697537738,103.92411082935782,9144.0
1510.0,MXD801,1.5485951179152169,104.0395519661018,9144.0
1510.0,MXD803,0.887716266825392,103.51277263685479,9144.0
1510.0,MXD804,2.9440896735129165,101.63824173056538,9144.0
1510.0,MYU2211,18.970734577053843,113.1237607743461,9144.0
1510.0,NEP341,2.971193732953357,104.95432818770576,9144.0
1510.0,NEP345,3.0194723922217603,104.76630099745714,9144.0
1510.0,NEP347,2.973428194714283,105.33325887167024,9144.0
1510.0,MAS642,1.4172200088466789,107.68895692193698,9144.0
1510.0,MAS643,1.3755718831538544,106.33466069420516,9144.0
1510.0,MAS8792,-6.785354703881022,121.93561195784069,9144.0
1510.0,MMA231,13.372259258931129,98.32908299745944,9144.0
1510.0,MMA232,4.824011048664433,102.84971115690942,9144.0
1510.0,MWG3420,1.522402577647075,110.4409306803058,9144.0
1510.0,MWG3752,2.3407045374514817,111.91943740279781,9144.0
1510.0,MWG3753,2.597560435716109,111.66979326859256,9144.0
1510.0,MXD1636,1.5164300697537738,103.92411082935782,9144.0
1510.0,MXD801,1.5485951179152169,104.0395519661018,9144.0
1510.0,MXD803,0.887716266825392,103.51277263685479,9144.0
1510.0,MXD804,2.9440896735129165,101.63824173056538,9144.0
1510.0,MYU2211,18.970734577053843,113.1237607743461,9144.0
1510.0,NEP341,2.971193732953357,104.95432818770576,9144.0
1510.0,NEP345,3.0194723922217603,104.76630099745714,9144.0
1510.0,NEP347,2.973428194714283,105.33325887167024,9144.0
1520.0,MAS642,1.4170401785464977,107.71721084552985,9144.0
1520.0,MAS643,1.374845785276614,106.30314183818821,9144.0
1520.0,MAS8792,-6.772640939764271,121.90832889787039,9144.0
1520.0,MMA231,13.346717488749874,98.34647339264023,9144.0
1520.0,MMA232,4.853538177465837,102.83799459418299,9144.0
1520.0,MWG3420,1.5149929891345424,110.4331425398576,9144.0
1520.0,MWG3752,2.351802150061919,111.93423863710888,9144.0
1520.0,MWG3753,2.5894372454014816,111.65182449286766,9144.0
1520.0,MXD1636,1.5174001714147494,103.95503889799447,9144.0
1520.0,MXD801,1.5368324360936085,104.03212678512142,9144.0
1520.0,MXD803,0.892025937674973,103.53743290603302,9144.0
1520.0,MXD804,2.9585909799749275,101.65159805640539,9144.0
1520.0,MYU2211,18.942571173539726,113.10893885157004,9144.0
1520.0,NEP341,2.9645330529627585,104.98274593611308,9144.0
1520.0,NEP345,3.0117711836469763,104.79414286335219,9144.0
1520.0,NEP347,2.962806624502771,105.35920384089546,9144.0
1520.0,MAS642,1.4170401785464977,107.71721084552985,9144.0
1520.0,MAS643,1.374845785276614,106.30314183818821,9144.0
1520.0,MAS8792,-6.772640939764271,121.90832889787039,9144.0
1520.0,MMA231,13.346717488749874,98.34647339264023,9144.0
1520.0,MMA232,4.853538177465837,102.83799459418299,9144.0
1520.0,MWG3420,1.5149929891345424,110.4331425398576,9144.0
1520.0,MWG3752,2.351802150061919,111.93423863710888,9144.0
1520.0,MWG3753,2.5894372454014816,111.65182449286766,9144.0
1520.0,MXD1636,1.5174001714147494,103.95503889799447,9144.0
1520.0,MXD801,1.5368324360936085,104.03212678512142,9144.0
1520.0,MXD803,0.892025937674973,103.53743290603302,9144.0
1520.0,MXD804,2.9585909799749275,101.65159805640539,9144.0
1520.0,MYU2211,18.942571173539726,113.10893885157004,9144.0
1520.0,NEP341,2.9645330529627585,104.98274593611308,9144.0
1520.0,NEP345,3.0117711836469763,104.79414286335219,9144.0
1520.0,NEP347,2.962806624502771,105.35920384089546,9144.0
1530.0,MAS642,1.4168148772715679,107.74546444017028,9144.0
1530.0,MAS643,1.3731469404872325,106.27166046813,9144.0
1530.0,MAS8792,-6.759925641558995,121.88104728125761,9144.0
1530.0,MMA231,13.321167006560033,98.36384842789676,9144.0
1530.0,MMA232,4.883065079897073,102.82627694256615,9144.0
1530.0,MWG3420,1.5123387194405227,110.42459310818865,9144.0
1530.0,MWG3752,2.3628679228147966,111.94906384878773,9144.0
1530.0,MWG3753,2.5813101764450384,111.63385758973713,9144.0
1530.0,MXD1636,1.5142614976613102,103.98576331968937,9144.0
1530.0,MXD801,1.5234173641502884,104.02845258784221,9144.0
1530.0,MXD803,0.9003104808578218,103.56105617573601,9144.0
1530.0,MXD804,2.970013608003475,101.66767354773158,9144.0
1530.0,MYU2211,18.914406590787642,113.09412193163074,9144.0
1530.0,NEP341,2.9571676894595935,105.01098858804505,9144.0
1530.0,NEP345,3.0041458061201127,104.82200545631424,9144.0
1530.0,NEP347,2.952201122289655,105.38515515179333,9144.0
1530.0,MAS642,1.4168148772715679,107.74546444017028,9144.0,"(MXD1636),(MXD801)"
1530.0,MAS643,1.3731469404872325,106.27166046813,9144.0,"(MXD801),(MXD1636)"
1540.0,MAS642,1.416588671399793,107.77377868208163,9144.0
1540.0,MAS643,1.3673676356685556,106.24066788511473,9144.0
1540.0,MAS8792,-6.74720881204407,121.8537671054623,9144.0
1540.0,MMA231,13.295614991985717,98.38121925060386,9144.0
1540.0,MMA232,4.912568524769937,102.81449940400287,9144.0
1540.0,MWG3420,1.5117277178195592,110.41591386391521,9144.0
1540.0,MWG3752,2.3740145492816094,111.96399811913855,9144.0
1540.0,MWG3753,2.5733051640230498,111.61583597629698,9144.0
1540.0,MXD1636,1.5070593551599574,104.01591645993804,9144.0
1540.0,MXD801,1.5098725880018309,104.02894309662227,9144.0
1540.0,MXD803,0.9122830208635478,103.58282529306248,9144.0
1540.0,MXD804,2.977861713533444,101.68577037555202,9144.0
1540.0,MYU2211,18.886240831069376,113.0793100050702,9144.0
1540.0,NEP341,2.949816299184888,105.03917257762092,9144.0
1540.0,NEP345,2.9965192558951705,104.84986753303836,9144.0
1540.0,NEP347,2.941617870046804,105.41104949239322,9144.0
1540.0,MAS642,1.416588671399793,107.77377868208163,9144.0,"(MXD1636),(MXD801)"
1540.0,MAS643,1.3673676356685556,106.24066788511473,9144.0,"(MXD801),(MXD1636)"
1550.0,MAS642,1.4163619837811177,107.80209291736776,9144.0
1550.0,MAS643,1.3578967510841107,106.21053671299252,9144.0
1550.0,MAS8792,-6.734490453991194,121.82648836794696,9144.0
1550.0,MMA231,13.27007523058706,98.3986072590876,9144.0
1550.0,MMA232,4.94217985394869,102.80267759756975,9144.0
1550.0,MWG3420,1.5086183702715887,110.4077092418888,9144.0
1550.0,MWG3752,2.38502711054761,111.97903181207248,9144.0
1550.0,MWG3753,2.561715356238657,111.59980362220868,9144.0
1550.0,MXD1636,1.495890939167531,104.0450238172728,9144.0
1550.0,MXD801,1.4976687229358638,104.03293632852179,9144.0
1550.0,MXD803,0.9276788217339013,103.60232362693264,9144.0
1550.0,MXD804,2.981794618698087,101.70510293061022,9144.0
1550.0,MYU2211,18.85807389665392,113.06450306244061,9144.0
1550.0,NEP341,2.9422761521166176,105.06730633322896,9144.0
1550.0,NEP345,2.9888843246176564,104.87772711392635,9144.0
1550.0,NEP347,2.931033263512117,105.43694303261654,9144.0
1550.0,MAS642,1.4163619837811177,107.80209291736776,9144.0,"(MXD1636),(MXD801)"
1550.0,MAS643,1.3578967510841107,106.21053671299252,9144.0,"(MXD801),(MXD1636)"
1560.0,MAS642,1.4161343152520158,107.83040714199721,9144.0
1560.0,MAS643,1.3502165147072283,106.17989996273893,9144.0
1560.0,MAS8792,-6.721770570164493,121.79921106617684,9144.0
1560.0,MMA231,13.244533981677616,98.41599113507911,9144.0
1560.0,MMA232,4.9718195531581975,102.79092710931401,9144.0
1560.0,MWG3420,1.5055612333516328,110.3996425024297,9144.0
1560.0,MWG3752,2.396039329416261,111.99406587687908,9144.0
1560.0,MWG3753,2.5472251283426193,111.58643986039179,9144.0
1560.0,MXD1636,1.4829689193024356,104.07339554474291,9144.0
1560.0,MXD801,1.4852601471566842,104.03274691594696,9144.0
1560.0,MXD803,0.9431408891372183,103.62144517850906,9144.0
1560.0,MXD804,2.98166849590807,101.72496615420877,9144.0
1560.0,MYU2211,18.829905789807476,113.04970109430434,9144.0
1560.0,NEP341,2.934703764192025,105.09555566916868,9144.0
1560.0,NEP345,2.9812482377584764,104.9055861836216,9144.0
1560.0,NEP347,2.92043982349396,105.46283270606791,9144.0
1560.0,MAS642,1.4161343152520158,107.83040714199721,9144.0,"(MXD1636),(MXD801)"
1560.0,MAS643,1.3502165147072283,106.17989996273893,9144.0,"(MXD801),(MXD1636)"
1570.0,MAS642,1.4159449324535227,107.85872164644685,9144.0
1570.0,MAS643,1.3425499886887307,106.14932004570657,9144.0
1570.0,MAS8792,-6.70904916332009,121.77193519762011,9144.0
1570.0,MMA231,13.218960837339738,98.43332363201326,9144.0
1570.0,MMA232,5.001404932412561,102.77919695412713,9144.0
1570.0,MWG3420,1.5025040614928966,110.39157578752226,9144.0
1570.0,MWG3752,2.407171735444021,112.00901112981867,9144.0
1570.0,MWG3753,2.5327347001194433,111.57307646614493,9144.0
1570.0,MXD1636,1.4700462064816697,104.10176679144405,9144.0
1570.0,MXD801,1.4739480085968386,104.02952378014449,9144.0
1570.0,MXD803,0.9552044077873759,103.6428743487404,9144.0
1570.0,MXD804,2.9774639383978956,101.74417255069837,9144.0
1570.0,MYU2211,18.801736512793454,113.03490409123393,9144.0
1570.0,NEP341,2.9271904863468188,105.1238206353264,9144.0
1570.0,NEP345,2.9745489284834243,104.93368571493627,9144.0
1570.0,NEP347,2.909868590675955,105.4886653488184,9144.0
1570.0,MAS642,1.4159449324535227,107.85872164644685,9144.0,"(MXD1636),(MXD801)"
1570.0,MAS643,1.3425499886887307,106.14932004570657,9144.0,"(MXD801),(MXD1636)"
1580.0,MAS642,1.4157552874892325,107.88691478985749,9144.0
1580.0,MAS643,1.3348828772000085,106.11874037116947,9144.0
1580.0,MAS8792,-6.696326236205648,121.74466075974811,9144.0
1580.0,MMA231,13.193386280208124,98.45065211408962,9144.0
1580.0,MMA232,5.030983051276015,102.76744783118694,9144.0
1580.0,MWG3420,1.4994468515409205,110.38350909834008,9144.0
1580.0,MWG3752,2.4183036759406376,112.02395685247521,9144.0
1580.0,MWG3753,2.519215911954486,111.5587291965237,9144.0
1580.0,MXD1636,1.4568148694718002,104.12999516633292,9144.0
1580.0,MXD801,1.46263586497322,104.02630067843705,9144.0
1580.0,MXD803,0.9636582013957359,103.66623679310845,9144.0
1580.0,MXD804,2.9693485740857577,101.76215065585569,9144.0
1580.0,MYU2211,18.773566067872476,113.02011204381206,9144.0
1580.0,NEP341,2.91966064315255,105.15214311336896,9144.0
1580.0,NEP345,2.967834444295734,104.96184342719269,9144.0
1580.0,NEP347,2.8993563908612674,105.51452189185969,9144.0
1580.0,MAS642,1.4157552874892325,107.88691478985749,9144.0,"(MXD1636),(MXD801)"
1580.0,MAS643,1.3348828772000085,106.11874037116947,9144.0,"(MXD801),(MXD1636)"
1590.0,MAS642,1.41552886081563,107.91510765893725,9144.0
1590.0,MAS643,1.3269896541900184,106.08821840776722,9144.0
1590.0,MAS8792,-6.683601791559866,121.7173877500356,9144.0
1590.0,MMA231,13.167833810216905,98.46801312309206,9144.0
1590.0,MMA232,5.0605068280627155,102.75571908955871,9144.0
1590.0,MWG3420,1.4963895890872136,110.37544244032507,9144.0
1590.0,MWG3752,2.429277238743558,112.03901957358939,9144.0
1590.0,MWG3753,2.5060655242557193,111.54477356973563,9144.0
1590.0,MXD1636,1.4435083861599565,104.15838219282078,9144.0
1590.0,MXD801,1.4529522813572486,104.01962212359926,9144.0
1590.0,MXD803,0.9709645903373915,103.6899832593393,9144.0
1590.0,MXD804,2.95814626406503,101.77705020299987,9144.0
1590.0,MYU2211,18.745394457302364,113.0053249426316,9144.0
1590.0,NEP341,2.9120408812810963,105.18044127828637,9144.0
1590.0,NEP345,2.9608033410862884,104.98992336533304,9144.0
1590.0,NEP347,2.8888203749001127,105.5404343229423,9144.0
1590.0,MAS642,1.41552886081563,107.91510765893725,9144.0
1590.0,MAS643,1.3269896541900184,106.08821840776722,9144.0
1590.0,MAS8792,-6.683601791559866,121.7173877500356,9144.0
1590.0,MMA231,13.167833810216905,98.46801312309206,9144.0
1590.0,MMA232,5.0605068280627155,102.75571908955871,9144.0
1590.0,MWG3420,1.4963895890872136,110.37544244032507,9144.0
1590.0,MWG3752,2.429277238743558,112.03901957358939,9144.0
1590.0,MWG3753,2.5060655242557193,111.54477356973563,9144.0
1590.0,MXD1636,1.4435083861599565,104.15838219282078,9144.0
1590.0,MXD801,1.4529522813572486,104.01962212359926,9144.0
1590.0,MXD803,0.9709645903373915,103.6899832593393,9144.0
1590.0,MXD804,2.95814626406503,101.77705020299987,9144.0
1590.0,MYU2211,18.745394457302364,113.0053249426316,9144.0
1590.0,NEP341,2.9120408812810963,105.18044127828637,9144.0
1590.0,NEP345,2.9608033410862884,104.98992336533304,9144.0
1590.0,NEP347,2.8888203749001127,105.5404343229423,9144.0
1600.0,MAS642,1.415302278753659,107.94323977942182,9144.0
1600.0,MAS643,1.3190812595847672,106.05764017793756,9144.0
1600.0,MAS8792,-6.670875832111943,121.69011616596099,9144.0
1600.0,MMA231,13.14232915945793,98.48533675642469,9144.0
1600.0,MMA232,5.090026919059971,102.74398046442928,9144.0
1600.0,MWG3420,1.4933229676039668,110.36737934928028,9144.0
1600.0,MWG3752,2.4402492188763953,112.05408357232346,9144.0
1600.0,MWG3753,2.4926214282127614,111.53110134585954,9144.0
1600.0,MXD1636,1.4304499836118296,104.18688410079582,9144.0
1600.0,MXD801,1.4423430516449147,104.01657332366413,9144.0
1600.0,MXD803,0.9782521458240313,103.71366946107969,9144.0
1600.0,MXD804,2.9439570572787543,101.78913111421342,9144.0
1600.0,MYU2211,18.717221683338146,112.99054277829556,9144.0
1600.0,NEP341,2.9044043874889205,105.20879685983746,9144.0
1600.0,NEP345,2.953785710565009,105.01794435763304,9144.0
1600.0,NEP347,2.878266639070928,105.56633928333481,9144.0
1600.0,MAS642,1.415302278753659,107.94323977942182,9144.0
1600.0,MAS643,1.3190812595847672,106.05764017793756,9144.0
1600.0,MAS8792,-6.670875832111943,121.69011616596099,9144.0
1600.0,MMA231,13.14232915945793,98.48533675642469,9144.0
1600.0,MMA232,5.090026919059971,102.74398046442928,9144.0
1600.0,MWG3420,1.4933229676039668,110.36737934928028,9144.0
1600.0,MWG3752,2.4402492188763953,112.05408357232346,9144.0
1600.0,MWG3753,2.4926214282127614,111.53110134585954,9144.0
1600.0,MXD1636,1.4304499836118296,104.18688410079582,9144.0
1600.0,MXD801,1.4423430516449147,104.01657332366413,9144.0
1600.0,MXD803,0.9782521458240313,103.71366946107969,9144.0
1600.0,MXD804,2.9439570572787543,101.78913111421342,9144.0
1600.0,MYU2211,18.717221683338146,112.99054277829556,9144.0
1600.0,NEP341,2.9044043874889205,105.20879685983746,9144.0
1600.0,NEP345,2.953785710565009,105.01794435763304,9144.0
1600.0,NEP347,2.878266639070928,105.56633928333481,9144.0
1610.0,MAS642,1.415124047692687,107.97137224583308,9144.0
1610.0,MAS643,1.3111995416565136,106.02705515411633,9144.0
1610.0,MAS8792,-6.658148360580989,121.66284600500663,9144.0
1610.0,MMA231,13.116834985547248,98.50267484460689,9144.0
1610.0,MMA232,5.119492636137663,102.73226224427358,9144.0
1610.0,MWG3420,1.4894330319600473,110.35862208344724,9144.0
1610.0,MWG3752,2.4515683141589943,112.06888817074575,9144.0
1610.0,MWG3753,2.4789412615833193,111.51718968934037,9144.0
1610.0,MXD1636,1.4173910324401755,104.21538559577533,9144.0
1610.0,MXD801,1.4316640906912683,104.01350451755384,9144.0
1610.0,MXD803,0.9893521749082449,103.73582610340122,9144.0
1610.0,MXD804,2.9274699372469155,101.79780684040541,9144.0
1610.0,MYU2211,18.689047748232053,112.9757655414171,9144.0
1610.0,NEP341,2.8967485054203412,105.2371470073873,9144.0
1610.0,NEP345,2.9464335343309807,105.04587902305195,9144.0
1610.0,NEP347,2.8676890603329346,105.5923000719179,9144.0
1610.0,MAS642,1.415124047692687,107.97137224583308,9144.0
1610.0,MAS643,1.3111995416565136,106.02705515411633,9144.0
1610.0,MAS8792,-6.658148360580989,121.66284600500663,9144.0
1610.0,MMA231,13.116834985547248,98.50267484460689,9144.0
1610.0,MMA232,5.119492636137663,102.73226224427358,9144.0
1610.0,MWG3420,1.4894330319600473,110.35862208344724,9144.0
1610.0,MWG3752,2.4515683141589943,112.06888817074575,9144.0
1610.0,MWG3753,2.4789412615833193,111.51718968934037,9144.0
1610.0,MXD1636,1.4173910324401755,104.21538559577533,9144.0
1610.0,MXD801,1.4316640906912683,104.01350451755384,9144.0
1610.0,MXD803,0.9893521749082449,103.73582610340122,9144.0
1610.0,MXD804,2.9274699372469155,101.79780684040541,9144.0
1610.0,MYU2211,18.689047748232053,112.9757655414171,9144.0
1610.0,NEP341,2.8967485054203412,105.2371470073873,9144.0
1610.0,NEP345,2.9464335343309807,105.04587902305195,9144.0
1610.0,NEP347,2.8676890603329346,105.5923000719179,9144.0
1620.0,MAS642,1.4149449535550853,107.9995654484313,9144.0
1620.0,MAS643,1.303317289784235,105.99647036398576,9144.0
1620.0,MAS8792,-6.645419379675391,121.63557726465913,9144.0
1620.0,MMA231,13.091290267208395,98.52004246846963,9144.0
1620.0,MMA232,5.148943270042677,102.7205053216873,9144.0
1620.0,MWG3420,1.4898469288610978,110.34978375673795,9144.0
1620.0,MWG3752,2.4628870946642105,112.08369313578011,9144.0
1620.0,MWG3753,2.4652429228880854,111.50329610284535,9144.0
1620.0,MXD1636,1.404299669345508,104.24387204838231,9144.0
1620.0,MXD801,1.4220299841331052,104.0079678426353,9144.0
1620.0,MXD803,1.0017864348072807,103.75674782921247,9144.0
1620.0,MXD804,2.9094854669724386,101.80265621610864,9144.0
1620.0,MYU2211,18.66087265423351,112.96099322261955,9144.0
1620.0,NEP341,2.889060236790399,105.2656123359845,9144.0
1620.0,NEP345,2.9390955355777857,105.0737548592302,9144.0
1620.0,NEP347,2.8571285107558784,105.61826757050561,9144.0
1620.0,MAS642,1.4149449535550853,107.9995654484313,9144.0
1620.0,MAS643,1.303317289784235,105.99647036398576,9144.0
1620.0,MAS8792,-6.645419379675391,121.63557726465913,9144.0
1620.0,MMA231,13.091290267208395,98.52004246846963,9144.0
1620.0,MMA232,5.148943270042677,102.7205053216873,9144.0
1620.0,MWG3420,1.4898469288610978,110.34978375673795,9144.0
1620.0,MWG3752,2.4628870946642105,112.08369313578011,9144.0
1620.0,MWG3753,2.4652429228880854,111.50329610284535,9144.0
1620.0,MXD1636,1.404299669345508,104.24387204838231,9144.0
1620.0,MXD801,1.4220299841331052,104.0079678426353,9144.0
1620.0,MXD803,1.0017864348072807,103.75674782921247,9144.0
1620.0,MXD804,2.9094854669724386,101.80265621610864,9144.0
1620.0,MYU2211,18.66087265423351,112.96099322261955,9144.0
1620.0,NEP341,2.889060236790399,105.2656123359845,9144.0
1620.0,NEP345,2.9390955355777857,105.0737548592302,9144.0
1620.0,NEP347,2.8571285107558784,105.61826757050561,9144.0
1630.0,MAS642,1.4147648306551932,108.02775864228254,9144.0
1630.0,MAS643,1.2954329794405635,105.96588620016963,9144.0
1630.0,MAS8792,-6.632688892092119,121.60830994240969,9144.0
1630.0,MMA231,13.065720534819157,98.53736945256667,9144.0
1630.0,MMA232,5.1783395200127496,102.70876888377661,9144.0
1630.0,MWG3420,1.4942145934812145,110.34158603456947,9144.0
1630.0,MWG3752,2.4740230000802677,112.09863651997797,9144.0
1630.0,MWG3753,2.4511682548653515,111.48902154983568,9144.0
1630.0,MXD1636,1.3912077760999542,104.27235809837752,9144.0
1630.0,MXD801,1.4118348560991805,104.00373519724354,9144.0
1630.0,MXD803,1.0142204871086724,103.77766975832691,9144.0
1630.0,MXD804,2.8908769161046717,101.803443896671,9144.0
1630.0,MYU2211,18.632696403589144,112.94622581253634,9144.0
1630.0,NEP341,2.88145158991911,105.29409891421022,9144.0
1630.0,NEP345,2.931623784283645,105.10159486307273,9144.0
1630.0,NEP347,2.846567291626732,105.64423455767016,9144.0
1630.0,MAS642,1.4147648306551932,108.02775864228254,9144.0
1630.0,MAS643,1.2954329794405635,105.96588620016963,9144.0
1630.0,MAS8792,-6.632688892092119,121.60830994240969,9144.0
1630.0,MMA231,13.065720534819157,98.53736945256667,9144.0
1630.0,MMA232,5.1783395200127496,102.70876888377661,9144.0
1630.0,MWG3420,1.4942145934812145,110.34158603456947,9144.0
1630.0,MWG3752,2.4740230000802677,112.09863651997797,9144.0
1630.0,MWG3753,2.4511682548653515,111.48902154983568,9144.0
1630.0,MXD1636,1.3912077760999542,104.27235809837752,9144.0
1630.0,MXD801,1.4118348560991805,104.00373519724354,9144.0
1630.0,MXD803,1.0142204871086724,103.77766975832691,9144.0
1630.0,MXD804,2.8908769161046717,101.803443896671,9144.0
1630.0,MYU2211,18.632696403589144,112.94622581253634,9144.0
1630.0,NEP341,2.88145158991911,105.29409891421022,9144.0
1630.0,NEP345,2.931623784283645,105.10159486307273,9144.0
1630.0,NEP347,2.846567291626732,105.64423455767016,9144.0
1640.0,MAS642,1.4160231421599254,108.0559243162655,9144.0
1640.0,MAS643,1.2878666527933438,105.93522187171173,9144.0
1640.0,MAS8792,-6.6199569005159695,121.58104403575445,9144.0
1640.0,MMA231,13.040149454140453,98.55469254709641,9144.0
1640.0,MMA232,5.20775482932741,102.69708014525315,9144.0
1640.0,MWG3420,1.5016726675386474,110.3360514509396,9144.0
1640.0,MWG3752,2.4851585492522856,112.11358029590988,9144.0
1640.0,MWG3753,2.4367875624246698,111.47505606764582,9144.0
1640.0,MXD1636,1.3781304624939519,104.30085069126042,9144.0
1640.0,MXD801,1.401572715282025,103.99947477185742,9144.0
1640.0,MXD803,1.0264774987974001,103.79869600806043,9144.0
1640.0,MXD804,2.872547857695428,101.80013176791277,9144.0
1640.0,MYU2211,18.604518998542765,112.93146330181109,9144.0
1640.0,NEP341,2.87384182640145,105.32258500322602,9144.0
1640.0,NEP345,2.924150896444674,105.12943437535084,9144.0
1640.0,NEP347,2.8360053653333135,105.67020101893077,9144.0
1640.0,MAS642,1.4160231421599254,108.0559243162655,9144.0
1640.0,MAS643,1.2878666527933438,105.93522187171173,9144.0
1640.0,MAS8792,-6.6199569005159695,121.58104403575445,9144.0
1640.0,MMA231,13.040149454140453,98.55469254709641,9144.0
1640.0,MMA232,5.20775482932741,102.69708014525315,9144.0
1640.0,MWG3420,1.5016726675386474,110.3360514509396,9144.0
1640.0,MWG3752,2.4851585492522856,112.11358029590988,9144.0
1640.0,MWG3753,2.4367875624246698,111.47505606764582,9144.0
1640.0,MXD1636,1.3781304624939519,104.30085069126042,9144.0
1640.0,MXD801,1.401572715282025,103.99947477185742,9144.0
1640.0,MXD803,1.0264774987974001,103.79869600806043,9144.0
1640.0,MXD804,2.872547857695428,101.80013176791277,9144.0
1640.0,MYU2211,18.604518998542765,112.93146330181109,9144.0
1640.0,NEP341,2.87384182640145,105.32258500322602,9144.0
1640.0,NEP345,2.924150896444674,105.12943437535084,9144.0
1640.0,NEP347,2.8360053653333135,105.67020101893077,9144.0
1650.0,MAS642,1.4172809665071342,108.08409002731288,9144.0
1650.0,MAS643,1.280298718255936,105.90455803102822,9144.0
1650.0,MAS8792,-6.607223407618741,121.55377954219489,9144.0
1650.0,MMA231,13.014596898438027,98.57204262895459,9144.0
1650.0,MMA232,5.237169904787018,102.68539026481426,9144.0
1650.0,MWG3420,1.5107821613629548,110.33424789019628,9144.0
1650.0,MWG3752,2.4963414267984687,112.12848874749085,9144.0
1650.0,MWG3753,2.4228386882556774,111.46151126351465,9144.0
1650.0,MXD1636,1.3650770538235655,104.32928970582677,9144.0
1650.0,MXD801,1.3911766628851585,103.99515879399178,9144.0
1650.0,MXD803,1.0386060927369778,103.81950256463804,9144.0
1650.0,MXD804,2.8553882935165493,101.79288077777589,9144.0
1650.0,MYU2211,18.576340441335383,112.91670568109755,9144.0
1650.0,NEP341,2.8661016489906794,105.35103565195739,9144.0
1650.0,NEP345,2.916663786838444,105.15726987068855,9144.0
1650.0,NEP347,2.825442618564238,105.69616690893228,9144.0
1650.0,MAS642,1.4172809665071342,108.08409002731288,9144.0
1650.0,MAS643,1.280298718255936,105.90455803102822,9144.0
1650.0,MAS8792,-6.607223407618741,121.55377954219489,9144.0
1650.0,MMA231,13.014596898438027,98.57204262895459,9144.0
1650.0,MMA232,5.237169904787018,102.68539026481426,9144.0
1650.0,MWG3420,1.5107821613629548,110.33424789019628,9144.0
1650.0,MWG3752,2.4963414267984687,112.12848874749085,9144.0
1650.0,MWG3753,2.4228386882556774,111.46151126351465,9144.0
1650.0,MXD1636,1.3650770538235655,104.32928970582677,9144.0
1650.0,MXD801,1.3911766628851585,103.99515879399178,9144.0
1650.0,MXD803,1.0386060927369778,103.81950256463804,9144.0
1650.0,MXD804,2.8553882935165493,101.79288077777589,9144.0
1650.0,MYU2211,18.576340441335383,112.91670568109755,9144.0
1650.0,NEP341,2.8661016489906794,105.35103565195739,9144.0
1650.0,NEP345,2.916663786838444,105.15726987068855,9144.0
1650.0,NEP347,2.825442618564238,105.69616690893228,9144.0
1660.0,MAS642,1.418537469241079,108.11225581267483,9144.0
1660.0,MAS643,1.2728355697787552,105.87386859485733,9144.0
1660.0,MAS8792,-6.594488416058332,121.52651645923827,9144.0
1660.0,MMA231,12.989092225282478,98.58935547832945,9144.0
1660.0,MMA232,5.266500841229596,102.67348854244744,9144.0
1660.0,MWG3420,1.5197854539630897,110.33652337092536,9144.0
1660.0,MWG3752,2.5074424218721547,112.14328914661476,9144.0
1660.0,MWG3753,2.40911091724539,111.44774215915136,9144.0
1660.0,MXD1636,1.3521233216200086,104.35777413350995,9144.0
1660.0,MXD801,1.38078060193951,103.99084285567713,9144.0
1660.0,MXD803,1.050581341063641,103.84039786453346,9144.0
1660.0,MXD804,2.8402314383563914,101.78204310466438,9144.0
1660.0,MYU2211,18.548160734205176,112.90195294105963,9144.0
1660.0,NEP341,2.8583448844776096,105.37954361909141,9144.0
1660.0,NEP345,2.9091913646816456,105.1850466227862,9144.0
1660.0,NEP347,2.8144417158714345,105.72194953128952,9144.0
1660.0,MAS642,1.418537469241079,108.11225581267483,9144.0
1660.0,MAS643,1.2728355697787552,105.87386859485733,9144.0
1660.0,MAS8792,-6.594488416058332,121.52651645923827,9144.0
1660.0,MMA231,12.989092225282478,98.58935547832945,9144.0
1660.0,MMA232,5.266500841229596,102.67348854244744,9144.0
1660.0,MWG3420,1.5197854539630897,110.33652337092536,9144.0
1660.0,MWG3752,2.5074424218721547,112.14328914661476,9144.0
1660.0,MWG3753,2.40911091724539,111.44774215915136,9144.0
1660.0,MXD1636,1.3521233216200086,104.35777413350995,9144.0
1660.0,MXD801,1.38078060193951,103.99084285567713,9144.0
1660.0,MXD803,1.050581341063641,103.84039786453346,9144.0
1660.0,MXD804,2.8402314383563914,101.78204310466438,9144.0
1660.0,MYU2211,18.548160734205176,112.90195294105963,9144.0
1660.0,NEP341,2.8583448844776096,105.37954361909141,9144.0
1660.0,NEP345,2.9091913646816456,105.1850466227862,9144.0
1660.0,NEP347,2.8144417158714345,105.72194953128952,9144.0
1670.0,MAS642,1.4191920577512775,108.1404420315252,9144.0
1670.0,MAS643,1.2654123292942714,105.84334986526721,9144.0
1670.0,MAS8792,-6.5817519284777495,121.49925478439808,9144.0
1670.0,MMA231,12.963583202831742,98.6066598022855,9144.0
1670.0,MMA232,5.295885564075763,102.66156372514185,9144.0
1670.0,MWG3420,1.526945415223182,110.34243888022519,9144.0
1670.0,MWG3752,2.5184474478000087,112.15816130541553,9144.0
1670.0,MWG3753,2.395763595402786,111.4343551405415,9144.0
1670.0,MXD1636,1.341506140949796,104.38714756358037,9144.0
1670.0,MXD801,1.3703845409938613,103.98652693616724,9144.0
1670.0,MXD803,1.0624611747488621,103.86112731503277,9144.0
1670.0,MXD804,2.8278132617146907,101.76814504580088,9144.0
1670.0,MYU2211,18.519979879387506,112.88720507237137,9144.0
1670.0,NEP341,2.8505870692646056,105.40805110714643,9144.0
1670.0,NEP345,2.9017121676495212,105.21282136271851,9144.0
1670.0,NEP347,2.803416259472432,105.74778761587268,9144.0
1670.0,MAS642,1.4191920577512775,108.1404420315252,9144.0
1670.0,MAS643,1.2654123292942714,105.84334986526721,9144.0
1670.0,MAS8792,-6.5817519284777495,121.49925478439808,9144.0
1670.0,MMA231,12.963583202831742,98.6066598022855,9144.0
1670.0,MMA232,5.295885564075763,102.66156372514185,9144.0
1670.0,MWG3420,1.526945415223182,110.34243888022519,9144.0
1670.0,MWG3752,2.5184474478000087,112.15816130541553,9144.0
1670.0,MWG3753,2.395763595402786,111.4343551405415,9144.0
1670.0,MXD1636,1.341506140949796,104.38714756358037,9144.0
1670.0,MXD801,1.3703845409938613,103.98652693616724,9144.0
1670.0,MXD803,1.0624611747488621,103.86112731503277,9144.0
1670.0,MXD804,2.8278132617146907,101.76814504580088,9144.0
1670.0,MYU2211,18.519979879387506,112.88720507237137,9144.0
1670.0,NEP341,2.8505870692646056,105.40805110714643,9144.0
1670.0,NEP345,2.9017121676495212,105.21282136271851,9144.0
1670.0,NEP347,2.803416259472432,105.74778761587268,9144.0
1680.0,MAS642,1.4198438578596542,108.16856756395272,9144.0
1680.0,MAS643,1.2579699771979929,105.81283588020608,9144.0
1680.0,MAS8792,-6.569013947504021,121.4719945151946,9144.0
1680.0,MMA231,12.938090401312191,98.62398750599124,9144.0
1680.0,MMA232,5.32526827228481,102.6496333333095,9144.0
1680.0,MWG3420,1.5308805745095682,110.35085306470162,9144.0
1680.0,MWG3752,2.52945227755396,112.17303373557462,9144.0
1680.0,MWG3753,2.3823942031564593,111.4209903319527,9144.0
1680.0,MXD1636,1.3348572896950204,104.41760557739627,9144.0
1680.0,MXD803,1.0743923872780048,103.88182730636996,9144.0
1680.0,MXD804,2.818736751424612,101.75186145840541,9144.0
1680.0,MYU2211,18.49179787911491,112.872462065717,9144.0
1680.0,NEP341,2.8428750948711223,105.43657087035116,9144.0
1680.0,NEP345,2.8942935430918353,105.24061220239594,9144.0
1680.0,NEP347,2.7923900825289305,105.77362514923811,9144.0
1680.0,MAS642,1.4198438578596542,108.16856756395272,9144.0
1680.0,MAS643,1.2579699771979929,105.81283588020608,9144.0
1680.0,MAS8792,-6.569013947504021,121.4719945151946,9144.0
1680.0,MMA231,12.938090401312191,98.62398750599124,9144.0
1680.0,MMA232,5.32526827228481,102.6496333333095,9144.0
1680.0,MWG3420,1.5308805745095682,110.35085306470162,9144.0
1680.0,MWG3752,2.52945227755396,112.17303373557462,9144.0
1680.0,MWG3753,2.3823942031564593,111.4209903319527,9144.0
1680.0,MXD1636,1.3348572896950204,104.41760557739627,9144.0
1680.0,MXD803,1.0743923872780048,103.88182730636996,9144.0
1680.0,MXD804,2.818736751424612,101.75186145840541,9144.0
1680.0,MYU2211,18.49179787911491,112.872462065717,9144.0
1680.0,NEP341,2.8428750948711223,105.43657087035116,9144.0
1680.0,NEP345,2.8942935430918353,105.24061220239594,9144.0
1680.0,NEP347,2.7923900825289305,105.77362514923811,9144.0
1690.0,MAS642,1.4206680122523094,108.19668858091529,9144.0
1690.0,MAS643,1.2505819636509516,105.78254976856817,9144.0
1690.0,MAS8792,-6.556274475746993,121.44473564915545,9144.0
1690.0,MMA231,12.91259346451574,98.64130703414011,9144.0
1690.0,MMA232,5.354596708409122,102.63772369660441,9144.0
1690.0,MWG3420,1.5308316669609654,110.3601424479839,9144.0
1690.0,MWG3752,2.540456883418781,112.18790645818612,9144.0
1690.0,MWG3753,2.3688814045680844,111.40748264730736,9144.0
1690.0,MXD1636,1.3322850130983979,104.44861600130677,9144.0
1690.0,MXD803,1.0862595394034433,103.90241674308045,9144.0
1690.0,MXD804,2.8134426344487715,101.73398299525697,9144.0
1690.0,MYU2211,18.463614735617085,112.85772391179088,9144.0
1690.0,NEP341,2.8351620634781733,105.46509015661894,9144.0
1690.0,NEP345,2.8868733624645313,105.26840244385382,9144.0
1690.0,NEP347,2.7813629412668788,105.79946202802151,9144.0
1690.0,MAS642,1.4206680122523094,108.19668858091529,9144.0
1690.0,MAS643,1.2505819636509516,105.78254976856817,9144.0
1690.0,MAS8792,-6.556274475746993,121.44473564915545,9144.0
1690.0,MMA231,12.91259346451574,98.64130703414011,9144.0
1690.0,MMA232,5.354596708409122,102.63772369660441,9144.0
1690.0,MWG3420,1.5308316669609654,110.3601424479839,9144.0
1690.0,MWG3752,2.540456883418781,112.18790645818612,9144.0
1690.0,MWG3753,2.3688814045680844,111.40748264730736,9144.0
1690.0,MXD1636,1.3322850130983979,104.44861600130677,9144.0
1690.0,MXD803,1.0862595394034433,103.90241674308045,9144.0
1690.0,MXD804,2.8134426344487715,101.73398299525697,9144.0
1690.0,MYU2211,18.463614735617085,112.85772391179088,9144.0
1690.0,NEP341,2.8351620634781733,105.46509015661894,9144.0
1690.0,NEP345,2.8868733624645313,105.26840244385382,9144.0
1690.0,NEP347,2.7813629412668788,105.79946202802151,9144.0
1700.0,MAS642,1.4214925362454975,108.22487036592676,9144.0
1700.0,MAS643,1.2431648778118307,105.75227085233234,9144.0
1700.0,MAS8792,-6.543533515798009,121.41747818381623,9144.0
1700.0,MMA231,12.887035997993586,98.65853064287953,9144.0
1700.0,MMA232,5.384010823693172,102.62602859432637,9144.0
1700.0,MWG3752,2.5514570912116112,112.20278256740387,9144.0
1700.0,MWG3753,2.3553128283650335,111.39403122025173,9144.0
1700.0,MXD1636,1.3325891444824296,104.47961408209251,9144.0
1700.0,MXD803,1.098170663651704,103.92298084527212,9144.0
1700.0,MXD804,2.812187976555831,101.71537772463705,9144.0
1700.0,MYU2211,18.435430451120894,112.84299060129757,9144.0
1700.0,NEP341,2.8273725043336637,105.49358839305461,9144.0
1700.0,NEP345,2.8793552373950835,105.29616609793219,9144.0
1700.0,NEP347,2.7709103875576027,105.8255369848027,9144.0
1700.0,MAS642,1.4214925362454975,108.22487036592676,9144.0
1700.0,MAS643,1.2431648778118307,105.75227085233234,9144.0
1700.0,MAS8792,-6.543533515798009,121.41747818381623,9144.0
1700.0,MMA231,12.887035997993586,98.65853064287953,9144.0
1700.0,MMA232,5.384010823693172,102.62602859432637,9144.0
1700.0,MWG3752,2.5514570912116112,112.20278256740387,9144.0
1700.0,MWG3753,2.3553128283650335,111.39403122025173,9144.0
1700.0,MXD1636,1.3325891444824296,104.47961408209251,9144.0
1700.0,MXD803,1.098170663651704,103.92298084527212,9144.0
1700.0,MXD804,2.812187976555831,101.71537772463705,9144.0
1700.0,MYU2211,18.435430451120894,112.84299060129757,9144.0
1700.0,NEP341,2.8273725043336637,105.49358839305461,9144.0
1700.0,NEP345,2.8793552373950835,105.29616609793219,9144.0
1700.0,NEP347,2.7709103875576027,105.8255369848027,9144.0
1710.0,MAS642,1.4220892667295395,108.25305790517922,9144.0
1710.0,MAS643,1.2357465504209708,105.72199232521504,9144.0
1710.0,MAS8792,-6.530791070228438,121.3902221167212,9144.0
1710.0,MMA231,12.861524246445603,98.67571359121304,9144.0
1710.0,MMA232,5.413370481828123,102.6143538824298,9144.0
1710.0,MWG3752,2.5624976473117944,112.21762882435343,9144.0
1710.0,MWG3753,2.3416005595749123,111.38043783190716,9144.0
1710.0,MXD1636,1.3328927421024168,104.5106121719347,9144.0
1710.0,MXD803,1.109888734968733,103.94321229976211,9144.0
1710.0,MXD804,2.815033700010473,101.69694899609979,9144.0
1710.0,MYU2211,18.40724502785034,112.82826212495178,9144.0
1710.0,NEP341,2.8196135630973296,105.52197067897562,9144.0
1710.0,NEP345,2.8718197292695162,105.32398739521368,9144.0
1710.0,NEP347,2.7603891680055024,105.85178064435942,9144.0
1710.0,MAS642,1.4220892667295395,108.25305790517922,9144.0
1710.0,MAS643,1.2357465504209708,105.72199232521504,9144.0
1710.0,MAS8792,-6.530791070228438,121.3902221167212,9144.0
1710.0,MMA231,12.861524246445603,98.67571359121304,9144.0
1710.0,MMA232,5.413370481828123,102.6143538824298,9144.0
1710.0,MWG3752,2.5624976473117944,112.21762882435343,9144.0
1710.0,MWG3753,2.3416005595749123,111.38043783190716,9144.0
1710.0,MXD1636,1.3328927421024168,104.5106121719347,9144.0
1710.0,MXD803,1.109888734968733,103.94321229976211,9144.0
1710.0,MXD804,2.815033700010473,101.69694899609979,9144.0
1710.0,MYU2211,18.40724502785034,112.82826212495178,9144.0
1710.0,NEP341,2.8196135630973296,105.52197067897562,9144.0
1710.0,NEP345,2.8718197292695162,105.32398739521368,9144.0
1710.0,NEP347,2.7603891680055024,105.85178064435942,9144.0
1720.0,MAS642,1.4226860108966026,108.28130616412568,9144.0
1720.0,MAS643,1.2283238835885892,105.69171494645556,9144.0
1720.0,MAS8792,-6.518047141588052,121.36296744542412,9144.0
1720.0,MMA231,12.836088187400357,98.69301244985535,9144.0
1720.0,MMA232,5.442717220951756,102.60264587321996,9144.0
1720.0,MWG3752,2.5735380023038026,112.23247535946325,9144.0
1720.0,MWG3753,2.327956001587781,111.36677649842701,9144.0
1720.0,MXD1636,1.333195399785743,104.54161027478376,9144.0
1720.0,MXD803,1.1214388605428192,103.96354021791934,9144.0
1720.0,MXD804,2.821841625378693,101.67959159496752,9144.0
1720.0,MYU2211,18.379058468026578,112.8135384734784,9144.0
1720.0,NEP341,2.811852748048135,105.55035226226,9144.0
1720.0,NEP345,2.8643128416401185,105.35181626546938,9144.0
1720.0,NEP347,2.7530031584731716,105.87907521997671,9144.0
1720.0,MAS642,1.4226860108966026,108.28130616412568,9144.0
1720.0,MAS643,1.2283238835885892,105.69171494645556,9144.0
1720.0,MAS8792,-6.518047141588052,121.36296744542412,9144.0
1720.0,MMA231,12.836088187400357,98.69301244985535,9144.0
1720.0,MMA232,5.442717220951756,102.60264587321996,9144.0
1720.0,MWG3752,2.5735380023038026,112.23247535946325,9144.0
1720.0,MWG3753,2.327956001587781,111.36677649842701,9144.0
1720.0,MXD1636,1.333195399785743,104.54161027478376,9144.0
1720.0,MXD803,1.1214388605428192,103.96354021791934,9144.0
1720.0,MXD804,2.821841625378693,101.67959159496752,9144.0
1720.0,MYU2211,18.379058468026578,112.8135384734784,9144.0
1720.0,NEP341,2.811852748048135,105.55035226226,9144.0
1720.0,NEP345,2.8643128416401185,105.35181626546938,9144.0
1720.0,NEP347,2.7530031584731716,105.87907521997671,9144.0
1730.0,MAS642,1.4233937807007149,108.30955186644177,9144.0
1730.0,MAS643,1.2209140469965976,105.66149488557541,9144.0
1730.0,MAS8792,-6.505301732403207,121.33571416748902,9144.0
1730.0,MMA231,12.810648982386,98.71030469382968,9144.0
1730.0,MMA232,5.472063718408249,102.59093667981243,9144.0
1730.0,MWG3752,2.584578120557948,112.24732219983072,9144.0
1730.0,MWG3753,2.3142637505521444,111.35306786519318,9144.0
1730.0,MXD1636,1.3341651851300451,104.5725946869154,9144.0
1730.0,MXD803,1.1325419940858719,103.98308209057542,9144.0
1730.0,MXD804,2.832281181089111,101.6641483112229,9144.0
1730.0,MYU2211,18.350870773867893,112.79881963761254,9144.0
1730.0,NEP341,2.804099137253086,105.57873563088874,9144.0
1730.0,NEP345,2.856820097312131,105.3795862501023,9144.0
1730.0,NEP347,2.74558479996008,105.90648659641582,9144.0
1730.0,MAS642,1.4233937807007149,108.30955186644177,9144.0
1730.0,MAS643,1.2209140469965976,105.66149488557541,9144.0
1730.0,MAS8792,-6.505301732403207,121.33571416748902,9144.0
1730.0,MMA231,12.810648982386,98.71030469382968,9144.0
1730.0,MMA232,5.472063718408249,102.59093667981243,9144.0
1730.0,MWG3752,2.584578120557948,112.24732219983072,9144.0
1730.0,MWG3753,2.3142637505521444,111.35306786519318,9144.0
1730.0,MXD1636,1.3341651851300451,104.5725946869154,9144.0
1730.0,MXD803,1.1325419940858719,103.98308209057542,9144.0
1730.0,MXD804,2.832281181089111,101.6641483112229,9144.0
1730.0,MYU2211,18.350870773867893,112.79881963761254,9144.0
1730.0,NEP341,2.804099137253086,105.57873563088874,9144.0
1730.0,NEP345,2.856820097312131,105.3795862501023,9144.0
1730.0,NEP347,2.74558479996008,105.90648659641582,9144.0
1740.0,MAS642,1.4241015725472652,108.33785825140708,9144.0
1740.0,MAS643,1.2133018067709478,105.63132528105061,9144.0
1740.0,MAS8792,-6.4925548451748245,121.30846228049126,9144.0
1740.0,MMA231,12.785175881070987,98.72754263764605,9144.0
1740.0,MMA232,5.501410714387745,102.57922817134548,9144.0
1740.0,MWG3752,2.5956107363554444,112.2621747568188,9144.0
1740.0,MWG3753,2.300571238874543,111.33935962472266,9144.0
1740.0,MXD1636,1.3351304716766552,104.60346162127463,9144.0
1740.0,MXD803,1.1435140903254697,104.00269793935917,9144.0
1740.0,MXD804,2.8454527289434517,101.65194541545391,9144.0
1740.0,MYU2211,18.322681947589697,112.78410560809951,9144.0
1740.0,NEP341,2.796376185809833,105.60700289066416,9144.0
1740.0,NEP345,2.849304587068169,105.40734988533107,9144.0
1740.0,NEP347,2.7381657901131535,105.9338976261868,9144.0
1740.0,MAS642,1.4241015725472652,108.33785825140708,9144.0
1740.0,MAS643,1.2133018067709478,105.63132528105061,9144.0
1740.0,MAS8792,-6.4925548451748245,121.30846228049126,9144.0
1740.0,MMA231,12.785175881070987,98.72754263764605,9144.0
1740.0,MMA232,5.501410714387745,102.57922817134548,9144.0
1740.0,MWG3752,2.5956107363554444,112.2621747568188,9144.0
1740.0,MWG3753,2.300571238874543,111.33935962472266,9144.0
1740.0,MXD1636,1.3351304716766552,104.60346162127463,9144.0
1740.0,MXD803,1.1435140903254697,104.00269793935917,9144.0
1740.0,MXD804,2.8454527289434517,101.65194541545391,9144.0
1740.0,MYU2211,18.322681947589697,112.78410560809951,9144.0
1740.0,NEP341,2.796376185809833,105.60700289066416,9144.0
1740.0,NEP345,2.849304587068169,105.40734988533107,9144.0
1740.0,NEP347,2.7381657901131535,105.9338976261868,9144.0
1750.0,MAS642,1.4247816790100671,108.36616532386392,9144.0
1750.0,MAS643,1.2055741649082505,105.60070218492247,9144.0
1750.0,MAS8792,-6.479806482376121,121.28121178201856,9144.0
1750.0,MMA231,12.759749905439339,98.7447420976374,9144.0
1750.0,MMA232,5.530811662072835,102.56749684107922,9144.0
1750.0,MWG3752,2.606643103059768,112.27702762913736,9144.0
1750.0,MWG3753,2.286868299305922,111.32566195615466,9144.0
1750.0,MXD1636,1.3356424378053466,104.6343394137232,9144.0
1750.0,MXD803,1.1538793250910673,104.02122966656054,9144.0
1750.0,MXD804,2.8610486160791875,101.64305730579345,9144.0
1750.0,MYU2211,18.29449199140451,112.76939637569482,9144.0
1750.0,NEP341,2.7886513754256113,105.63526945538706,9144.0
1750.0,NEP345,2.84180325876815,105.43505460119425,9144.0
1750.0,NEP347,2.7307461287408965,105.96130830967009,9144.0
1750.0,MAS642,1.4247816790100671,108.36616532386392,9144.0
1750.0,MAS643,1.2055741649082505,105.60070218492247,9144.0
1750.0,MAS8792,-6.479806482376121,121.28121178201856,9144.0
1750.0,MMA231,12.759749905439339,98.7447420976374,9144.0
1750.0,MMA232,5.530811662072835,102.56749684107922,9144.0
1750.0,MWG3752,2.606643103059768,112.27702762913736,9144.0
1750.0,MWG3753,2.286868299305922,111.32566195615466,9144.0
1750.0,MXD1636,1.3356424378053466,104.6343394137232,9144.0
1750.0,MXD803,1.1538793250910673,104.02122966656054,9144.0
1750.0,MXD804,2.8610486160791875,101.64305730579345,9144.0
1750.0,MYU2211,18.29449199140451,112.76939637569482,9144.0
1750.0,NEP341,2.7886513754256113,105.63526945538706,9144.0
1750.0,NEP345,2.84180325876815,105.43505460119425,9144.0
1750.0,NEP347,2.7307461287408965,105.96130830967009,9144.0
1760.0,MAS642,1.4254604417616377,108.3944724369356,9144.0
1760.0,MAS643,1.1966339180469818,105.57041113844413,9144.0
1760.0,MAS8792,-6.467056646450063,121.25396266967222,9144.0
1760.0,MMA231,12.73429955545672,98.76190189275967,9144.0
1760.0,MMA232,5.560220020309338,102.5557836908757,9144.0
1760.0,MWG3752,2.6176318929260263,112.29191296738776,9144.0
1760.0,MWG3753,2.2732127705841494,111.31201213082727,9144.0
1760.0,MXD1636,1.3361507073813719,104.66504058714038,9144.0
1760.0,MXD803,1.1645711464844741,104.03957490332131,9144.0
1760.0,MXD804,2.878253342147384,101.63794882525839,9144.0
1760.0,MYU2211,18.266300907521956,112.75469193116427,9144.0
1760.0,NEP341,2.7809016959709143,105.66352900994184,9144.0
1760.0,NEP345,2.8342965878376787,105.4627576864366,9144.0
1760.0,NEP347,2.723325815297728,105.98871864715008,9144.0
1760.0,MAS642,1.4254604417616377,108.3944724369356,9144.0
1760.0,MAS643,1.1966339180469818,105.57041113844413,9144.0
1760.0,MAS8792,-6.467056646450063,121.25396266967222,9144.0
1760.0,MMA231,12.73429955545672,98.76190189275967,9144.0
1760.0,MMA232,5.560220020309338,102.5557836908757,9144.0
1760.0,MWG3752,2.6176318929260263,112.29191296738776,9144.0
1760.0,MWG3753,2.2732127705841494,111.31201213082727,9144.0
1760.0,MXD1636,1.3361507073813719,104.66504058714038,9144.0
1760.0,MXD803,1.1645711464844741,104.03957490332131,9144.0
1760.0,MXD804,2.878253342147384,101.63794882525839,9144.0
1760.0,MYU2211,18.266300907521956,112.75469193116427,9144.0
1760.0,NEP341,2.7809016959709143,105.66352900994184,9144.0
1760.0,NEP345,2.8342965878376787,105.4627576864366,9144.0
1760.0,NEP347,2.723325815297728,105.98871864715008,9144.0
1770.0,MAS642,1.4262073413079455,108.42277784225281,9144.0
1770.0,MAS643,1.1916030125426098,105.53887740671209,9144.0
1770.0,MAS8792,-6.454305339806489,121.22671494106852,9144.0
1770.0,MMA231,12.708847109342399,98.77905669931866,9144.0
1770.0,MMA232,5.589628132602375,102.54406933047561,9144.0
1770.0,MWG3752,2.628620493314829,112.30679857659945,9144.0
1770.0,MWG3753,2.259556775822503,111.29836290123548,9144.0
1770.0,MXD1636,1.3369022645327646,104.69573677516082,9144.0
1770.0,MXD803,1.178559818014076,104.05546058948617,9144.0
1770.0,MXD804,2.896167281497394,101.63688721052749,9144.0
1770.0,MYU2211,18.23810869814875,112.73999226528389,9144.0
1770.0,NEP341,2.773135407246554,105.6918460091498,9144.0
1770.0,NEP345,2.826804099697402,105.4904018096941,9144.0
1770.0,NEP347,2.7159048487746196,106.01612863878547,9144.0
1770.0,MAS642,1.4262073413079455,108.42277784225281,9144.0
1770.0,MAS643,1.1916030125426098,105.53887740671209,9144.0
1770.0,MAS8792,-6.454305339806489,121.22671494106852,9144.0
1770.0,MMA231,12.708847109342399,98.77905669931866,9144.0
1770.0,MMA232,5.589628132602375,102.54406933047561,9144.0
1770.0,MWG3752,2.628620493314829,112.30679857659945,9144.0
1770.0,MWG3753,2.259556775822503,111.29836290123548,9144.0
1770.0,MXD1636,1.3369022645327646,104.69573677516082,9144.0
1770.0,MXD803,1.178559818014076,104.05546058948617,9144.0
1770.0,MXD804,2.896167281497394,101.63688721052749,9144.0
1770.0,MYU2211,18.23810869814875,112.73999226528389,9144.0
1770.0,NEP341,2.773135407246554,105.6918460091498,9144.0
1770.0,NEP345,2.826804099697402,105.4904018096941,9144.0
1770.0,NEP347,2.7159048487746196,106.01612863878547,9144.0
1780.0,MAS642,1.4269570062606727,108.45120440655008,9144.0
1780.0,MAS643,1.1869922916683961,105.50722082266508,9144.0
1780.0,MAS8792,-6.441552564818864,121.19946859384025,9144.0
1780.0,MMA231,12.68342941297094,98.79626384404821,9144.0
1780.0,MMA232,5.619005060841622,102.53227564789076,9144.0
1780.0,MWG3752,2.639608899263334,112.32168446098991,9144.0
1780.0,MWG3753,2.245907006122864,111.28470756461856,9144.0
1780.0,MXD1636,1.3376501917481132,104.72631504841448,9144.0
1780.0,MXD803,1.1952629382704374,104.06824506775848,9144.0
1780.0,MXD804,2.9138748273885353,101.63980236934466,9144.0
1780.0,MYU2211,18.20991536548868,112.72529736883997,9144.0
1780.0,NEP341,2.7653683497339068,105.72016261132656,9144.0
1780.0,NEP345,2.8193037078435355,105.51804360590634,9144.0
1780.0,NEP347,2.7084832275395416,106.04353828456588,9144.0
1780.0,MAS642,1.4269570062606727,108.45120440655008,9144.0
1780.0,MAS643,1.1869922916683961,105.50722082266508,9144.0
1780.0,MAS8792,-6.441552564818864,121.19946859384025,9144.0
1780.0,MMA231,12.68342941297094,98.79626384404821,9144.0
1780.0,MMA232,5.619005060841622,102.53227564789076,9144.0
1780.0,MWG3752,2.639608899263334,112.32168446098991,9144.0
1780.0,MWG3753,2.245907006122864,111.28470756461856,9144.0
1780.0,MXD1636,1.3376501917481132,104.72631504841448,9144.0
1780.0,MXD803,1.1952629382704374,104.06824506775848,9144.0
1780.0,MXD804,2.9138748273885353,101.63980236934466,9144.0
1780.0,MYU2211,18.20991536548868,112.72529736883997,9144.0
1780.0,NEP341,2.7653683497339068,105.72016261132656,9144.0
1780.0,NEP345,2.8193037078435355,105.51804360590634,9144.0
1780.0,NEP347,2.7084832275395416,106.04353828456588,9144.0
1790.0,MAS642,1.4277061643960045,108.4796309934781,9144.0
1790.0,MAS643,1.18647799433246,105.47523422873297,9144.0
1790.0,MAS8792,-6.428798323820581,121.17222362563847,9144.0
1790.0,MMA231,12.6579604417931,98.813499562086,9144.0
1790.0,MMA232,5.648327593066786,102.52050249509206,9144.0
1790.0,MWG3752,2.650597102039258,112.3365706275647,9144.0
1790.0,MWG3753,2.23216176456099,111.27095765235816,9144.0
1790.0,MXD1636,1.3383294131244,104.75689493428617,9144.0
1790.0,MXD803,1.2139167310656385,104.07737682951887,9144.0
1790.0,MXD804,2.9315823657534974,101.64271761999542,9144.0
1790.0,MYU2211,18.181720911742598,112.71060723262914,9144.0
1790.0,NEP341,2.757600488213889,105.74847880727214,9144.0
1790.0,NEP345,2.8118175497422793,105.54562641083011,9144.0
1790.0,NEP347,2.701060949095189,106.07094758424603,9144.0
1790.0,MAS642,1.4277061643960045,108.4796309934781,9144.0
1790.0,MAS643,1.18647799433246,105.47523422873297,9144.0
1790.0,MAS8792,-6.428798323820581,121.17222362563847,9144.0
1790.0,MMA231,12.6579604417931,98.813499562086,9144.0
1790.0,MMA232,5.648327593066786,102.52050249509206,9144.0
1790.0,MWG3752,2.650597102039258,112.3365706275647,9144.0
1790.0,MWG3753,2.23216176456099,111.27095765235816,9144.0
1790.0,MXD1636,1.3383294131244,104.75689493428617,9144.0
1790.0,MXD803,1.2139167310656385,104.07737682951887,9144.0
1790.0,MXD804,2.9315823657534974,101.64271761999542,9144.0
1790.0,MYU2211,18.181720911742598,112.71060723262914,9144.0
1790.0,NEP341,2.757600488213889,105.74847880727214,9144.0
1790.0,NEP345,2.8118175497422793,105.54562641083011,9144.0
1790.0,NEP347,2.701060949095189,106.07094758424603,9144.0
1800.0,MAS642,1.4284535738153201,108.50805763571124,9144.0
1800.0,MAS643,1.1867505442313497,105.4435355141109,9144.0
1800.0,MAS8792,-6.416042619100742,121.14498003413452,9144.0
1800.0,MMA231,12.632500960141655,98.8307482812698,9144.0
1800.0,MMA232,5.67764986720322,102.50872809571628,9144.0
1800.0,MWG3752,2.661585080006605,112.35145709287379,9144.0
1800.0,MWG3753,2.2182262751271886,111.25740101515515,9144.0
1800.0,MXD1636,1.339006595136347,104.78741580945793,9144.0
1800.0,MXD803,1.2340020694799783,104.08265960873742,9144.0
1800.0,MXD804,2.9492898965411216,101.64563296307195,9144.0
1800.0,MYU2211,18.1535253391084,112.69592184745834,9144.0
1800.0,NEP341,2.7498317359632356,105.77679457361829,9144.0
1800.0,NEP345,2.80423599090399,105.5731829042867,9144.0
1800.0,NEP347,2.6936380096923895,106.09835653724066,9144.0
1800.0,MAS642,1.4284535738153201,108.50805763571124,9144.0
1800.0,MAS643,1.1867505442313497,105.4435355141109,9144.0
1800.0,MAS8792,-6.416042619100742,121.14498003413452,9144.0
1800.0,MMA231,12.632500960141655,98.8307482812698,9144.0
1800.0,MMA232,5.67764986720322,102.50872809571628,9144.0
1800.0,MWG3752,2.661585080006605,112.35145709287379,9144.0
1800.0,MWG3753,2.2182262751271886,111.25740101515515,9144.0
1800.0,MXD1636,1.339006595136347,104.78741580945793,9144.0
1800.0,MXD803,1.2340020694799783,104.08265960873742,9144.0
1800.0,MXD804,2.9492898965411216,101.64563296307195,9144.0
1800.0,MYU2211,18.1535253391084,112.69592184745834,9144.0
1800.0,NEP341,2.7498317359632356,105.77679457361829,9144.0
1800.0,NEP345,2.80423599090399,105.5731829042867,9144.0
1800.0,NEP347,2.6936380096923895,106.09835653724066,9144.0
1810.0,MAS642,1.43106227364463,108.53637415443688,9144.0
1810.0,MAS643,1.185991136604753,105.4118447374517,9144.0
1810.0,MAS8792,-6.403285452899329,121.11773781702236,9144.0
1810.0,MMA231,12.60708875645716,98.84795880196803,9144.0
1810.0,MMA232,5.706994486923522,102.49700945255097,9144.0
1810.0,MWG3752,2.6725726359668895,112.36634400332473,9144.0
1810.0,MWG3753,2.2047735593137596,111.24431526801413,9144.0
1810.0,MXD1636,1.3397565600308834,104.81793499133978,9144.0
1810.0,MXD803,1.2541676067422656,104.08762736092807,9144.0
1810.0,MXD804,2.9669974196966598,101.64854839918827,9144.0
1810.0,MYU2211,18.125328649781004,112.68124120414484,9144.0
1810.0,NEP341,2.7420616049012736,105.80510977658875,9144.0
1810.0,NEP345,2.7966856754697207,105.60062221212016,9144.0
1810.0,NEP347,2.686214403672951,106.12576514244606,9144.0
1810.0,MAS642,1.43106227364463,108.53637415443688,9144.0
1810.0,MAS643,1.185991136604753,105.4118447374517,9144.0
1810.0,MAS8792,-6.403285452899329,121.11773781702236,9144.0
1810.0,MMA231,12.60708875645716,98.84795880196803,9144.0
1810.0,MMA232,5.706994486923522,102.49700945255097,9144.0
1810.0,MWG3752,2.6725726359668895,112.36634400332473,9144.0
1810.0,MWG3753,2.2047735593137596,111.24431526801413,9144.0
1810.0,MXD1636,1.3397565600308834,104.81793499133978,9144.0
1810.0,MXD803,1.2541676067422656,104.08762736092807,9144.0
1810.0,MXD804,2.9669974196966598,101.64854839918827,9144.0
1810.0,MYU2211,18.125328649781004,112.68124120414484,9144.0
1810.0,NEP341,2.7420616049012736,105.80510977658875,9144.0
1810.0,NEP345,2.7966856754697207,105.60062221212016,9144.0
1810.0,NEP347,2.686214403672951,106.12576514244606,9144.0
1820.0,MAS642,1.4345920034408373,108.56477349946644,9144.0
1820.0,MAS643,1.185247964538907,105.38085582961706,9144.0
1820.0,MAS8792,-6.39052682740163,121.09049697202117,9144.0
1820.0,MMA231,12.581598487520814,98.86504597510292,9144.0
1820.0,MMA232,5.735849472911314,102.48548501503578,9144.0
1820.0,MWG3752,2.683702289917488,112.38112488333631,9144.0
1820.0,MWG3753,2.191708022841405,111.2308424754927,9144.0
1820.0,MXD1636,1.3405043741081155,104.84839512685556,9144.0
1820.0,MXD803,1.2742688439920555,104.09257935228172,9144.0
1820.0,MXD804,2.9847049351559165,101.65146392901602,9144.0
1820.0,MYU2211,18.09713084595235,112.66656529351636,9144.0
1820.0,NEP341,2.734218687372416,105.83340467385345,9144.0
1820.0,NEP345,2.7891336391247994,105.62806086879765,9144.0
1820.0,NEP347,2.678790122255033,106.15317339790998,9144.0
1820.0,MAS642,1.4345920034408373,108.56477349946644,9144.0
1820.0,MAS643,1.185247964538907,105.38085582961706,9144.0
1820.0,MAS8792,-6.39052682740163,121.09049697202117,9144.0
1820.0,MMA231,12.581598487520814,98.86504597510292,9144.0
1820.0,MMA232,5.735849472911314,102.48548501503578,9144.0
1820.0,MWG3752,2.683702289917488,112.38112488333631,9144.0
1820.0,MWG3753,2.191708022841405,111.2308424754927,9144.0
1820.0,MXD1636,1.3405043741081155,104.84839512685556,9144.0
1820.0,MXD803,1.2742688439920555,104.09257935228172,9144.0
1820.0,MXD804,2.9847049351559165,101.65146392901602,9144.0
1820.0,MYU2211,18.09713084595235,112.66656529351636,9144.0
1820.0,NEP341,2.734218687372416,105.83340467385345,9144.0
1820.0,NEP345,2.7891336391247994,105.62806086879765,9144.0
1820.0,NEP347,2.678790122255033,106.15317339790998,9144.0
1830.0,MAS642,1.4381287492738475,108.5932328764579,9144.0
1830.0,MAS643,1.1847638621505787,105.34986179537343,9144.0
1830.0,MAS8792,-6.377766744731795,121.06325749687846,9144.0
1830.0,MMA231,12.55610646462383,98.88212870641773,9144.0
1830.0,MMA232,5.7646517093877225,102.47382746411033,9144.0
1830.0,MWG3752,2.6949132304899055,112.3960145424786,9144.0
1830.0,MWG3753,2.17840684144264,111.21712781563598,9144.0
1830.0,MXD1636,1.3412436880400107,104.87885547918172,9144.0
1830.0,MXD803,1.2931651696759896,104.10103719714859,9144.0
1830.0,MXD804,3.002610912989891,101.65027514514523,9144.0
1830.0,MYU2211,18.068931929811363,112.65189410641098,9144.0
1830.0,NEP341,2.7263744985497333,105.86169903316792,9144.0
1830.0,NEP345,2.7816106999871315,105.65550736104395,9144.0
1830.0,NEP347,2.671365151010813,106.18058130014649,9144.0
1830.0,MAS642,1.4381287492738475,108.5932328764579,9144.0
1830.0,MAS643,1.1847638621505787,105.34986179537343,9144.0
1830.0,MAS8792,-6.377766744731795,121.06325749687846,9144.0
1830.0,MMA231,12.55610646462383,98.88212870641773,9144.0
1830.0,MMA232,5.7646517093877225,102.47382746411033,9144.0
1830.0,MWG3752,2.6949132304899055,112.3960145424786,9144.0
1830.0,MWG3753,2.17840684144264,111.21712781563598,9144.0
1830.0,MXD1636,1.3412436880400107,104.87885547918172,9144.0
1830.0,MXD803,1.2931651696759896,104.10103719714859,9144.0
1830.0,MXD804,3.002610912989891,101.65027514514523,9144.0
1830.0,MYU2211,18.068931929811363,112.65189410641098,9144.0
1830.0,NEP341,2.7263744985497333,105.86169903316792,9144.0
1830.0,NEP345,2.7816106999871315,105.65550736104395,9144.0
1830.0,NEP347,2.671365151010813,106.18058130014649,9144.0
1840.0,MAS642,1.4416649894488127,108.62169236047586,9144.0
1840.0,MAS643,1.1842893239735575,105.31951631590707,9144.0
1840.0,MAS8792,-6.365005206945323,121.03601938937366,9144.0
1840.0,MMA231,12.530716048072366,98.89936783450635,9144.0
1840.0,MMA232,5.7932356283942905,102.46225696063435,9144.0
1840.0,MWG3752,2.7060322350062975,112.41097326973764,9144.0
1840.0,MWG3753,2.164758463605657,111.20375925787538,9144.0
1840.0,MXD1636,1.3419838044054877,104.9093749293878,9144.0
1840.0,MXD803,1.312000984245436,104.1094681007342,9144.0
1840.0,MXD804,3.0197790594793155,101.64504407832634,9144.0
1840.0,MYU2211,18.040731903543932,112.63722763367727,9144.0
1840.0,NEP341,2.7183790424850915,105.88995073619257,9144.0
1840.0,NEP345,2.7740870665738044,105.68295348766482,9144.0
1840.0,NEP347,2.663939463628402,106.20798884244122,9144.0
1840.0,MAS642,1.4416649894488127,108.62169236047586,9144.0
1840.0,MAS643,1.1842893239735575,105.31951631590707,9144.0
1840.0,MAS8792,-6.365005206945323,121.03601938937366,9144.0
1840.0,MMA231,12.530716048072366,98.89936783450635,9144.0
1840.0,MMA232,5.7932356283942905,102.46225696063435,9144.0
1840.0,MWG3752,2.7060322350062975,112.41097326973764,9144.0
1840.0,MWG3753,2.164758463605657,111.20375925787538,9144.0
1840.0,MXD1636,1.3419838044054877,104.9093749293878,9144.0
1840.0,MXD803,1.312000984245436,104.1094681007342,9144.0
1840.0,MXD804,3.0197790594793155,101.64504407832634,9144.0
1840.0,MYU2211,18.040731903543932,112.63722763367727,9144.0
1840.0,NEP341,2.7183790424850915,105.88995073619257,9144.0
1840.0,NEP345,2.7740870665738044,105.68295348766482,9144.0
1840.0,NEP347,2.663939463628402,106.20798884244122,9144.0
1850.0,MAS642,1.4451997197945026,108.65015207641763,9144.0
1850.0,MAS643,1.1835958727311557,105.28917505907587,9144.0
1850.0,MAS8792,-6.352242216020272,121.00878264732229,9144.0
1850.0,MMA231,12.505373534481885,98.91656969659162,9144.0
1850.0,MMA232,5.821895408743027,102.45087704662882,9144.0
1850.0,MWG3752,2.717151029528558,112.4259322909215,9144.0
1850.0,MWG3753,2.1514189255219396,111.19027149430345,9144.0
1850.0,MXD1636,1.3427668623771716,104.93989331718916,9144.0
1850.0,MXD803,1.3308367571395476,104.1178991614112,9144.0
1850.0,MXD804,3.035311661699569,101.63604414785858,9144.0
1850.0,MYU2211,18.012530769332894,112.6225658661743,9144.0
1850.0,NEP341,2.710366243664284,105.91825962274078,9144.0
1850.0,NEP345,2.766562727728374,105.7103992460372,9144.0
1850.0,NEP347,2.656513001126791,106.23539600920529,9144.0
1850.0,MAS642,1.4451997197945026,108.65015207641763,9144.0
1850.0,MAS643,1.1835958727311557,105.28917505907587,9144.0
1850.0,MAS8792,-6.352242216020272,121.00878264732229,9144.0
1850.0,MMA231,12.505373534481885,98.91656969659162,9144.0
1850.0,MMA232,5.821895408743027,102.45087704662882,9144.0
1850.0,MWG3752,2.717151029528558,112.4259322909215,9144.0
1850.0,MWG3753,2.1514189255219396,111.19027149430345,9144.0
1850.0,MXD1636,1.3427668623771716,104.93989331718916,9144.0
1850.0,MXD803,1.3308367571395476,104.1178991614112,9144.0
1850.0,MXD804,3.035311661699569,101.63604414785858,9144.0
1850.0,MYU2211,18.012530769332894,112.6225658661743,9144.0
1850.0,NEP341,2.710366243664284,105.91825962274078,9144.0
1850.0,NEP345,2.766562727728374,105.7103992460372,9144.0
1850.0,NEP347,2.656513001126791,106.23539600920529,9144.0
1860.0,MAS642,1.4486894084175286,108.67861739773922,9144.0
1860.0,MAS643,1.182911355118142,105.2592490494048,9144.0
1860.0,MAS8792,-6.339477773846887,120.98154726858091,9144.0
1860.0,MMA231,12.47999108846936,98.93370799235382,9144.0
1860.0,MMA232,5.850500192959232,102.43951767873978,9144.0
1860.0,MWG3752,2.7282695922179174,112.44089162286006,9144.0
1860.0,MWG3753,2.1384602254849345,111.17716917826093,9144.0
1860.0,MXD1636,1.3435478936328247,104.97035265652865,9144.0
1860.0,MXD803,1.3476310218519394,104.12989345284699,9144.0
1860.0,MXD804,3.048499724105268,101.62385692271444,9144.0
1860.0,MYU2211,17.98432852935801,112.60790879477167,9144.0
1860.0,NEP341,2.7025668599570456,105.94662799988515,9144.0
1860.0,NEP345,2.7590376644584342,105.73784463138334,9144.0
1860.0,NEP347,2.6490855348394082,106.26280273875552,9144.0
1860.0,MAS642,1.4486894084175286,108.67861739773922,9144.0
1860.0,MAS643,1.182911355118142,105.2592490494048,9144.0
1860.0,MAS8792,-6.339477773846887,120.98154726858091,9144.0
1860.0,MMA231,12.47999108846936,98.93370799235382,9144.0
1860.0,MMA232,5.850500192959232,102.43951767873978,9144.0
1860.0,MWG3752,2.7282695922179174,112.44089162286006,9144.0
1860.0,MWG3753,2.1384602254849345,111.17716917826093,9144.0
1860.0,MXD1636,1.3435478936328247,104.97035265652865,9144.0
1860.0,MXD803,1.3476310218519394,104.12989345284699,9144.0
1860.0,MXD804,3.048499724105268,101.62385692271444,9144.0
1860.0,MYU2211,17.98432852935801,112.60790879477167,9144.0
1860.0,NEP341,2.7025668599570456,105.94662799988515,9144.0
1860.0,NEP345,2.7590376644584342,105.73784463138334,9144.0
1860.0,NEP347,2.6490855348394082,106.26280273875552,9144.0
1870.0,MAS642,1.452199743210698,108.70726251524168,9144.0
1870.0,MAS643,1.182236304928954,105.229322831864,9144.0
1870.0,MAS8792,-6.326711882215279,120.95431325105298,9144.0
1870.0,MMA231,12.454557990190592,98.95087591285348,9144.0
1870.0,MMA232,5.879104205553391,102.42815576493841,9144.0
1870.0,MWG3752,2.7393877356475254,112.45585140572838,9144.0
1870.0,MWG3753,2.1255013760750905,111.16406712047961,9144.0
1870.0,MXD1636,1.344328125373974,105.00081202610087,9144.0
1870.0,MXD803,1.3659688581003113,104.1379710318095,9144.0
1870.0,MXD804,3.0615872528211643,101.61176209587245,9144.0
1870.0,MYU2211,17.956125185795926,112.59325641034961,9144.0
1870.0,NEP341,2.6947825669792724,105.9749381946534,9144.0
1870.0,NEP345,2.7515118396711533,105.76528963394837,9144.0
1870.0,NEP347,2.6456911458997734,106.29099605858259,9144.0
1870.0,MAS642,1.452199743210698,108.70726251524168,9144.0
1870.0,MAS643,1.182236304928954,105.229322831864,9144.0
1870.0,MAS8792,-6.326711882215279,120.95431325105298,9144.0
1870.0,MMA231,12.454557990190592,98.95087591285348,9144.0
1870.0,MMA232,5.879104205553391,102.42815576493841,9144.0
1870.0,MWG3752,2.7393877356475254,112.45585140572838,9144.0
1870.0,MWG3753,2.1255013760750905,111.16406712047961,9144.0
1870.0,MXD1636,1.344328125373974,105.00081202610087,9144.0
1870.0,MXD803,1.3659688581003113,104.1379710318095,9144.0
1870.0,MXD804,3.0615872528211643,101.61176209587245,9144.0
1870.0,MYU2211,17.956125185795926,112.59325641034961,9144.0
1870.0,NEP341,2.6947825669792724,105.9749381946534,9144.0
1870.0,NEP345,2.7515118396711533,105.76528963394837,9144.0
1870.0,NEP347,2.6456911458997734,106.29099605858259,9144.0
1880.0,MAS642,1.4557758150987585,108.73589954050482,9144.0
1880.0,MAS643,1.1815714524064944,105.19987367671646,9144.0
1880.0,MAS8792,-6.313944542800696,120.92708059269589,9144.0
1880.0,MMA231,12.429097584982562,98.96799965238647,9144.0
1880.0,MMA232,5.907629849707102,102.41659585778456,9144.0
1880.0,MWG3752,2.7504046684165844,112.47088618892639,9144.0
1880.0,MWG3753,2.11240530162111,111.15110252398874,9144.0
1880.0,MXD1636,1.344989417778324,105.03127421981509,9144.0
1880.0,MXD803,1.3843011928824644,104.14442508171398,9144.0
1880.0,MXD804,3.0762366762466673,101.60162101484788,9144.0
1880.0,MYU2211,17.927920740820163,112.57860870379895,9144.0
1880.0,NEP341,2.686997379876952,106.00324796221841,9144.0
1880.0,NEP345,2.7439851560872626,105.79273422742817,9144.0
1880.0,NEP347,2.6429368575890164,106.31950251434557,9144.0
1880.0,MAS642,1.4557758150987585,108.73589954050482,9144.0
1880.0,MAS643,1.1815714524064944,105.19987367671646,9144.0
1880.0,MAS8792,-6.313944542800696,120.92708059269589,9144.0
1880.0,MMA231,12.429097584982562,98.96799965238647,9144.0
1880.0,MMA232,5.907629849707102,102.41659585778456,9144.0
1880.0,MWG3752,2.7504046684165844,112.47088618892639,9144.0
1880.0,MWG3753,2.11240530162111,111.15110252398874,9144.0
1880.0,MXD1636,1.344989417778324,105.03127421981509,9144.0
1880.0,MXD803,1.3843011928824644,104.14442508171398,9144.0
1880.0,MXD804,3.0762366762466673,101.60162101484788,9144.0
1880.0,MYU2211,17.927920740820163,112.57860870379895,9144.0
1880.0,NEP341,2.686997379876952,106.00324796221841,9144.0
1880.0,NEP345,2.7439851560872626,105.79273422742817,9144.0
1880.0,NEP347,2.6429368575890164,106.31950251434557,9144.0
1890.0,MAS642,1.4593505007012755,108.76453678442078,9144.0
1890.0,MAS643,1.180797738067024,105.17042718992379,9144.0
1890.0,MAS8792,-6.30117575714573,120.89984929152943,9144.0
1890.0,MMA231,12.403586584212883,98.98515301877976,9144.0
1890.0,MMA232,5.936209537315123,102.40501183018442,9144.0
1890.0,MWG3752,2.761421014398829,112.48592154223155,9144.0
1890.0,MWG3753,2.0980304072733507,111.13687239148504,9144.0
1890.0,MXD1636,1.3456512074473888,105.06179551574597,9144.0
1890.0,MXD803,1.4021252099801422,104.15070027940509,9144.0
1890.0,MXD804,3.0882944257555334,101.58831093410276,9144.0
1890.0,MYU2211,17.89971519660107,112.56396566602126,9144.0
1890.0,NEP341,2.6792105028560544,106.03155708367561,9144.0
1890.0,NEP345,2.7364568341710305,105.82017819791928,9144.0
1890.0,NEP347,2.6401817145039126,106.34800882408904,9144.0
1890.0,MAS642,1.4593505007012755,108.76453678442078,9144.0
1890.0,MAS643,1.180797738067024,105.17042718992379,9144.0
1890.0,MAS8792,-6.30117575714573,120.89984929152943,9144.0
1890.0,MMA231,12.403586584212883,98.98515301877976,9144.0
1890.0,MMA232,5.936209537315123,102.40501183018442,9144.0
1890.0,MWG3752,2.761421014398829,112.48592154223155,9144.0
1890.0,MWG3753,2.0980304072733507,111.13687239148504,9144.0
1890.0,MXD1636,1.3456512074473888,105.06179551574597,9144.0
1890.0,MXD803,1.4021252099801422,104.15070027940509,9144.0
1890.0,MXD804,3.0882944257555334,101.58831093410276,9144.0
1890.0,MYU2211,17.89971519660107,112.56396566602126,9144.0
1890.0,NEP341,2.6792105028560544,106.03155708367561,9144.0
1890.0,NEP345,2.7364568341710305,105.82017819791928,9144.0
1890.0,NEP347,2.6401817145039126,106.34800882408904,9144.0
1900.0,MAS642,1.4628619575175323,108.79318189994581,9144.0
1900.0,MAS643,1.1800376642255046,105.14152057588579,9144.0
1900.0,MAS8792,-6.288405526638647,120.87261934564614,9144.0
1900.0,MMA231,12.37807348901766,99.00230144149118,9144.0
1900.0,MMA232,5.964908485660695,102.39372918689105,9144.0
1900.0,MWG3752,2.7725713268757874,112.50085772472401,9144.0
1900.0,MWG3753,2.0834478795794675,111.12226202536026,9144.0
1900.0,MXD1636,1.3464305105161334,105.09231404551849,9144.0
1900.0,MXD803,1.4191791580609747,104.15883991137663,9144.0
1900.0,MXD804,3.096735975015371,101.57291907159626,9144.0
1900.0,MYU2211,17.87150855530579,112.54932728792889,9144.0
1900.0,NEP341,2.67134347805501,106.05984380702303,9144.0
1900.0,NEP345,2.7289124862790004,105.8476175846871,9144.0
1900.0,NEP347,2.637425388204738,106.3765149560034,9144.0
1900.0,MAS642,1.4628619575175323,108.79318189994581,9144.0
1900.0,MAS643,1.1800376642255046,105.14152057588579,9144.0
1900.0,MAS8792,-6.288405526638647,120.87261934564614,9144.0
1900.0,MMA231,12.37807348901766,99.00230144149118,9144.0
1900.0,MMA232,5.964908485660695,102.39372918689105,9144.0
1900.0,MWG3752,2.7725713268757874,112.50085772472401,9144.0
1900.0,MWG3753,2.0834478795794675,111.12226202536026,9144.0
1900.0,MXD1636,1.3464305105161334,105.09231404551849,9144.0
1900.0,MXD803,1.4191791580609747,104.15883991137663,9144.0
1900.0,MXD804,3.096735975015371,101.57291907159626,9144.0
1900.0,MYU2211,17.87150855530579,112.54932728792889,9144.0
1900.0,NEP341,2.67134347805501,106.05984380702303,9144.0
1900.0,NEP345,2.7289124862790004,105.8476175846871,9144.0
1900.0,NEP347,2.637425388204738,106.3765149560034,9144.0
1910.0,MAS642,1.4663799036303213,108.82188693976005,9144.0
1910.0,MAS643,1.1793429082980647,105.11261232473552,9144.0
1910.0,MAS8792,-6.275633852486725,120.84539075322397,9144.0
1910.0,MMA231,12.352618334061349,99.01953820066457,9144.0
1910.0,MMA232,5.993442213177419,102.3825090737889,9144.0
1910.0,MWG3752,2.783720384990319,112.51579498679483,9144.0
1910.0,MWG3753,2.069052793852855,111.10783998895963,9144.0
1910.0,MXD1636,1.3472090300038646,105.12283260505045,9144.0
1910.0,MXD803,1.4371489869101768,104.16289640797093,9144.0
1910.0,MXD804,3.100765097380061,101.55710792146591,9144.0
1910.0,MYU2211,17.843300819098243,112.53469356044499,9144.0
1910.0,NEP341,2.663443641347933,106.08824557564445,9144.0
1910.0,NEP345,2.7214479301574377,105.87476397409334,9144.0
1910.0,NEP347,2.633030829220517,106.40481432402673,9144.0
1910.0,MAS642,1.4663799036303213,108.82188693976005,9144.0
1910.0,MAS643,1.1793429082980647,105.11261232473552,9144.0
1910.0,MAS8792,-6.275633852486725,120.84539075322397,9144.0
1910.0,MMA231,12.352618334061349,99.01953820066457,9144.0
1910.0,MMA232,5.993442213177419,102.3825090737889,9144.0
1910.0,MWG3752,2.783720384990319,112.51579498679483,9144.0
1910.0,MWG3753,2.069052793852855,111.10783998895963,9144.0
1910.0,MXD1636,1.3472090300038646,105.12283260505045,9144.0
1910.0,MXD803,1.4371489869101768,104.16289640797093,9144.0
1910.0,MXD804,3.100765097380061,101.55710792146591,9144.0
1910.0,MYU2211,17.843300819098243,112.53469356044499,9144.0
1910.0,NEP341,2.663443641347933,106.08824557564445,9144.0
1910.0,NEP345,2.7214479301574377,105.87476397409334,9144.0
1910.0,NEP347,2.633030829220517,106.40481432402673,9144.0
1920.0,MAS642,1.4699887144975687,108.85058073653981,9144.0
1920.0,MAS643,1.1786606850385215,105.0842474425471,9144.0
1920.0,MAS8792,-6.262860735683046,120.81816351254213,9144.0
1920.0,MMA231,12.327161220755853,99.0367702536441,9144.0
1920.0,MMA232,6.021856335983389,102.37098557142782,9144.0
1920.0,MWG3752,2.794709899421005,112.53085043279853,9144.0
1920.0,MWG3753,2.0546038132586797,111.09347214954676,9144.0
1920.0,MXD1636,1.3479368260781015,105.15335242615562,9144.0
1920.0,MXD803,1.4551075829845346,104.16634143488068,9144.0
1920.0,MXD804,3.1007239308267263,101.54079007191359,9144.0
1920.0,MYU2211,17.81509199013906,112.52006447450367,9144.0
1920.0,NEP341,2.655543080636533,106.11664696052792,9144.0
1920.0,NEP345,2.713982703545284,105.90191001081241,9144.0
1920.0,NEP347,2.6286727522392703,106.43287416771336,9144.0
1920.0,MAS642,1.4699887144975687,108.85058073653981,9144.0
1920.0,MAS643,1.1786606850385215,105.0842474425471,9144.0
1920.0,MAS8792,-6.262860735683046,120.81816351254213,9144.0
1920.0,MMA231,12.327161220755853,99.0367702536441,9144.0
1920.0,MMA232,6.021856335983389,102.37098557142782,9144.0
1920.0,MWG3752,2.794709899421005,112.53085043279853,9144.0
1920.0,MWG3753,2.0546038132586797,111.09347214954676,9144.0
1920.0,MXD1636,1.3479368260781015,105.15335242615562,9144.0
1920.0,MXD803,1.4551075829845346,104.16634143488068,9144.0
1920.0,MXD804,3.1007239308267263,101.54079007191359,9144.0
1920.0,MYU2211,17.81509199013906,112.52006447450367,9144.0
1920.0,NEP341,2.655543080636533,106.11664696052792,9144.0
1920.0,NEP345,2.713982703545284,105.90191001081241,9144.0
1920.0,NEP347,2.6286727522392703,106.43287416771336,9144.0
1930.0,MAS642,1.4735816926568472,108.87915513049096,9144.0
1930.0,MAS643,1.178032243359142,105.05588132370843,9144.0
1930.0,MAS8792,-6.250086176964643,120.790937622001,9144.0
1930.0,MMA231,12.301608904267479,99.05385236861038,9144.0
1930.0,MMA232,6.050215179089779,102.35948223723582,9144.0
1930.0,MWG3752,2.805955491530919,112.5457152642527,9144.0
1930.0,MWG3753,2.0396379929954533,111.07859095297019,9144.0
1930.0,MXD1636,1.3486638576592342,105.18387227460693,9144.0
1930.0,MXD803,1.4733819396934325,104.16569344200737,9144.0
1930.0,MXD804,3.096626575091948,101.52637319353137,9144.0
1930.0,MYU2211,17.786882070585555,112.50544002105,9144.0
1930.0,NEP341,2.6476417775237806,106.14504795705233,9144.0
1930.0,NEP345,2.706516792471667,105.92905569142532,9144.0
1930.0,NEP347,2.6243139934949773,106.46093380735901,9144.0
1930.0,MAS642,1.4735816926568472,108.87915513049096,9144.0
1930.0,MAS643,1.178032243359142,105.05588132370843,9144.0
1930.0,MAS8792,-6.250086176964643,120.790937622001,9144.0
1930.0,MMA231,12.301608904267479,99.05385236861038,9144.0
1930.0,MMA232,6.050215179089779,102.35948223723582,9144.0
1930.0,MWG3752,2.805955491530919,112.5457152642527,9144.0
1930.0,MWG3753,2.0396379929954533,111.07859095297019,9144.0
1930.0,MXD1636,1.3486638576592342,105.18387227460693,9144.0
1930.0,MXD803,1.4733819396934325,104.16569344200737,9144.0
1930.0,MXD804,3.096626575091948,101.52637319353137,9144.0
1930.0,MYU2211,17.786882070585555,112.50544002105,9144.0
1930.0,NEP341,2.6476417775237806,106.14504795705233,9144.0
1930.0,NEP345,2.706516792471667,105.92905569142532,9144.0
1930.0,NEP347,2.6243139934949773,106.46093380735901,9144.0
1940.0,MAS642,1.4770622572331786,108.90774348888273,9144.0
1940.0,MAS643,1.1774153667854956,105.02806211739377,9144.0
1940.0,MAS8792,-6.237310176758956,120.76371308014762,9144.0
1940.0,MMA231,12.276104178230936,99.07089683832915,9144.0
1940.0,MMA232,6.078680416231975,102.34824718668408,9144.0
1940.0,MWG3752,2.8172008243623576,112.56058043560746,9144.0
1940.0,MWG3753,2.0245814938286246,111.06380176472672,9144.0
1940.0,MXD1636,1.35044850954533,105.21434857085177,9144.0
1940.0,MXD803,1.4906319884235568,104.16629680923636,9144.0
1940.0,MXD804,3.0890238961483774,101.51445580929355,9144.0
1940.0,MYU2211,17.758671062591684,112.4908201910402,9144.0
1940.0,NEP341,2.639739696453262,106.1734485558099,9144.0
1940.0,NEP345,2.699050171625627,105.95620100938537,9144.0
1940.0,NEP347,2.6199545437180998,106.48899324165183,9144.0
1940.0,MAS642,1.4770622572331786,108.90774348888273,9144.0
1940.0,MAS643,1.1774153667854956,105.02806211739377,9144.0
1940.0,MAS8792,-6.237310176758956,120.76371308014762,9144.0
1940.0,MMA231,12.276104178230936,99.07089683832915,9144.0
1940.0,MMA232,6.078680416231975,102.34824718668408,9144.0
1940.0,MWG3752,2.8172008243623576,112.56058043560746,9144.0
1940.0,MWG3753,2.0245814938286246,111.06380176472672,9144.0
1940.0,MXD1636,1.35044850954533,105.21434857085177,9144.0
1940.0,MXD803,1.4906319884235568,104.16629680923636,9144.0
1940.0,MXD804,3.0890238961483774,101.51445580929355,9144.0
1940.0,MYU2211,17.758671062591684,112.4908201910402,9144.0
1940.0,NEP341,2.639739696453262,106.1734485558099,9144.0
1940.0,NEP345,2.699050171625627,105.95620100938537,9144.0
1940.0,NEP347,2.6199545437180998,106.48899324165183,9144.0
1950.0,MAS642,1.480534959953198,108.93627209364742,9144.0
1950.0,MAS643,1.1766866305712815,105.00024562494363,9144.0
1950.0,MAS8792,-6.224532735114226,120.7364898857089,9144.0
1950.0,MMA231,12.250712462928327,99.08811546228976,9144.0
1950.0,MMA232,6.107035368506751,102.33705406506179,9144.0
1950.0,MWG3752,2.828338045259789,112.57552711692901,9144.0
1950.0,MWG3753,2.010329798292527,111.04980368277646,9144.0
1950.0,MXD1636,1.3522361264666947,105.24488386721971,9144.0
1950.0,MXD803,1.5073311784285248,104.16688091768584,9144.0
1950.0,MXD804,3.078324504832582,101.50522645252848,9144.0
1950.0,MYU2211,17.730458968307982,112.4762049754416,9144.0
1950.0,NEP341,2.631836747175447,106.20184873213637,9144.0
1950.0,NEP345,2.691582785036013,105.9833459496897,9144.0
1950.0,NEP347,2.615594388422424,106.5170524684667,9144.0
1950.0,MAS642,1.480534959953198,108.93627209364742,9144.0
1950.0,MAS643,1.1766866305712815,105.00024562494363,9144.0
1950.0,MAS8792,-6.224532735114226,120.7364898857089,9144.0
1950.0,MMA231,12.250712462928327,99.08811546228976,9144.0
1950.0,MMA232,6.107035368506751,102.33705406506179,9144.0
1950.0,MWG3752,2.828338045259789,112.57552711692901,9144.0
1950.0,MWG3753,2.010329798292527,111.04980368277646,9144.0
1950.0,MXD1636,1.3522361264666947,105.24488386721971,9144.0
1950.0,MXD803,1.5073311784285248,104.16688091768584,9144.0
1950.0,MXD804,3.078324504832582,101.50522645252848,9144.0
1950.0,MYU2211,17.730458968307982,112.4762049754416,9144.0
1950.0,NEP341,2.631836747175447,106.20184873213637,9144.0
1950.0,NEP345,2.691582785036013,105.9833459496897,9144.0
1950.0,NEP347,2.615594388422424,106.5170524684667,9144.0
1960.0,MAS642,1.4840146614103287,108.96479988986783,9144.0
1960.0,MAS643,1.1759717859172865,104.97297956581038,9144.0
1960.0,MAS8792,-6.211753851607328,120.70926803763544,9144.0
1960.0,MMA231,12.225367861917913,99.10529568085072,9144.0
1960.0,MMA232,6.135294062243927,102.32561676905934,9144.0
1960.0,MWG3752,2.839393949254694,112.59036530758294,9144.0
1960.0,MWG3753,1.9962545716613302,111.03562807609265,9144.0
1960.0,MXD1636,1.3540231264032747,105.27541922221728,9144.0
1960.0,MXD803,1.524035556087784,104.16729052618257,9144.0
1960.0,MXD804,3.0654294572593326,101.49946232917723,9144.0
1960.0,MYU2211,17.702245789881516,112.4615943652329,9144.0
1960.0,NEP341,2.6239323431140518,106.23024832291871,9144.0
1960.0,NEP345,2.6841144251860443,106.01049045553971,9144.0
1960.0,NEP347,2.6112335026109483,106.54511148403999,9144.0
1960.0,MAS642,1.4840146614103287,108.96479988986783,9144.0
1960.0,MAS643,1.1759717859172865,104.97297956581038,9144.0
1960.0,MAS8792,-6.211753851607328,120.70926803763544,9144.0
1960.0,MMA231,12.225367861917913,99.10529568085072,9144.0
1960.0,MMA232,6.135294062243927,102.32561676905934,9144.0
1960.0,MWG3752,2.839393949254694,112.59036530758294,9144.0
1960.0,MWG3753,1.9962545716613302,111.03562807609265,9144.0
1960.0,MXD1636,1.3540231264032747,105.27541922221728,9144.0
1960.0,MXD803,1.524035556087784,104.16729052618257,9144.0
1960.0,MXD804,3.0654294572593326,101.49946232917723,9144.0
1960.0,MYU2211,17.702245789881516,112.4615943652329,9144.0
1960.0,NEP341,2.6239323431140518,106.23024832291871,9144.0
1960.0,NEP345,2.6841144251860443,106.01049045553971,9144.0
1960.0,NEP347,2.6112335026109483,106.54511148403999,9144.0
1970.0,MAS642,1.4874937916001827,108.9933278007403,9144.0
1970.0,MAS643,1.1752845966230863,104.94571280207194,9144.0
1970.0,MAS8792,-6.198973525219056,120.6820475351609,9144.0
1970.0,MMA231,12.199917871253247,99.12231037159154,9144.0
1970.0,MMA232,6.163552448444227,102.31417809664387,9144.0
1970.0,MWG3752,2.85044943963117,112.60520394945493,9144.0
1970.0,MWG3753,1.980921028806461,111.02018568157871,9144.0
1970.0,MXD1636,1.356040648626394,105.30594023038344,9144.0
1970.0,MXD803,1.53926177164958,104.16359574109862,9144.0
1970.0,MXD804,3.051424718145986,101.49764878080441,9144.0
1970.0,MYU2211,17.674031529455828,112.44698835140416,9144.0
1970.0,NEP341,2.616085990290049,106.25866386282317,9144.0
1970.0,NEP345,2.6765901391043347,106.03761931145581,9144.0
1970.0,NEP347,2.606871834656481,106.57317028045685,9144.0
1970.0,MAS642,1.4874937916001827,108.9933278007403,9144.0
1970.0,MAS643,1.1752845966230863,104.94571280207194,9144.0
1970.0,MAS8792,-6.198973525219056,120.6820475351609,9144.0
1970.0,MMA231,12.199917871253247,99.12231037159154,9144.0
1970.0,MMA232,6.163552448444227,102.31417809664387,9144.0
1970.0,MWG3752,2.85044943963117,112.60520394945493,9144.0
1970.0,MWG3753,1.980921028806461,111.02018568157871,9144.0
1970.0,MXD1636,1.356040648626394,105.30594023038344,9144.0
1970.0,MXD803,1.53926177164958,104.16359574109862,9144.0
1970.0,MXD804,3.051424718145986,101.49764878080441,9144.0
1970.0,MYU2211,17.674031529455828,112.44698835140416,9144.0
1970.0,NEP341,2.616085990290049,106.25866386282317,9144.0
1970.0,NEP345,2.6765901391043347,106.03761931145581,9144.0
1970.0,NEP347,2.606871834656481,106.57317028045685,9144.0
1980.0,MAS642,1.4910003254200717,109.0218523993582,9144.0
1980.0,MAS643,1.1746109249728076,104.91900010342917,9144.0
1980.0,MAS8792,-6.1861917541611655,120.6548283778844,9144.0
1980.0,MMA231,12.174565297572093,99.13925460721173,9144.0
1980.0,MMA232,6.190781208728118,102.30044274429189,9144.0
1980.0,MWG3752,2.861446748898232,112.62008601151483,9144.0
1980.0,MWG3753,1.9656114857951072,111.0047196073141,9144.0
1980.0,MXD1636,1.3580770758596303,105.33675529993606,9144.0
1980.0,MXD803,1.5527274855762028,104.15614501102154,9144.0
1980.0,MXD804,3.0374897055960024,101.49993843165522,9144.0
1980.0,MYU2211,17.64581618917087,112.432386924957,9144.0
1980.0,NEP341,2.60819110961917,106.28725192208164,9144.0
1980.0,NEP345,2.6691302901718226,106.06451309875335,9144.0
1980.0,NEP347,2.6025092227515785,106.60122883262828,9144.0
1980.0,MAS642,1.4910003254200717,109.0218523993582,9144.0
1980.0,MAS643,1.1746109249728076,104.91900010342917,9144.0
1980.0,MAS8792,-6.1861917541611655,120.6548283778844,9144.0
1980.0,MMA231,12.174565297572093,99.13925460721173,9144.0
1980.0,MMA232,6.190781208728118,102.30044274429189,9144.0
1980.0,MWG3752,2.861446748898232,112.62008601151483,9144.0
1980.0,MWG3753,1.9656114857951072,111.0047196073141,9144.0
1980.0,MXD1636,1.3580770758596303,105.33675529993606,9144.0
1980.0,MXD803,1.5527274855762028,104.15614501102154,9144.0
1980.0,MXD804,3.0374897055960024,101.49993843165522,9144.0
1980.0,MYU2211,17.64581618917087,112.432386924957,9144.0
1980.0,NEP341,2.60819110961917,106.28725192208164,9144.0
1980.0,NEP345,2.6691302901718226,106.06451309875335,9144.0
1980.0,NEP347,2.6025092227515785,106.60122883262828,9144.0
1990.0,MAS642,1.4945283537967509,109.05055656538666,9144.0
1990.0,MAS643,1.1740017643469889,104.8922858609856,9144.0
1990.0,MAS8792,-6.173408535629275,120.62761056588808,9144.0
1990.0,MMA231,12.149290772007282,99.15631880998062,9144.0
1990.0,MMA232,6.218062292896869,102.28667907463631,9144.0
1990.0,MWG3752,2.8724438260129097,112.6349683886016,9144.0
1990.0,MWG3753,1.9490360066321206,110.98797524405457,9144.0
1990.0,MXD1636,1.360112560852543,105.36757045775032,9144.0
1990.0,MXD803,1.5632411066366427,104.14568630260874,9144.0
1990.0,MXD804,3.024870660426463,101.50612582623923,9144.0
1990.0,MYU2211,17.61759977116293,112.41779007690472,9144.0
1990.0,NEP341,2.6002953361286676,106.31583955506396,9144.0
1990.0,NEP345,2.6616697639425646,106.09140653474101,9144.0
1990.0,NEP347,2.594142999612663,106.62836194889796,9144.0
1990.0,MAS642,1.4945283537967509,109.05055656538666,9144.0
1990.0,MAS643,1.1740017643469889,104.8922858609856,9144.0
1990.0,MAS8792,-6.173408535629275,120.62761056588808,9144.0
1990.0,MMA231,12.149290772007282,99.15631880998062,9144.0
1990.0,MMA232,6.218062292896869,102.28667907463631,9144.0
1990.0,MWG3752,2.8724438260129097,112.6349683886016,9144.0
1990.0,MWG3753,1.9490360066321206,110.98797524405457,9144.0
1990.0,MXD1636,1.360112560852543,105.36757045775032,9144.0
1990.0,MXD803,1.5632411066366427,104.14568630260874,9144.0
1990.0,MXD804,3.024870660426463,101.50612582623923,9144.0
1990.0,MYU2211,17.61759977116293,112.41779007690472,9144.0
1990.0,NEP341,2.6002953361286676,106.31583955506396,9144.0
1990.0,NEP345,2.6616697639425646,106.09140653474101,9144.0
1990.0,NEP347,2.594142999612663,106.62836194889796,9144.0
2000.0,MAS642,1.4980921929771671,109.0792563508495,9144.0
2000.0,MAS643,1.17340633961074,104.86619158071572,9144.0
2000.0,MAS8792,-6.160623865437196,120.60039409991123,9144.0
2000.0,MMA231,12.124014580261916,99.17337881167971,9144.0
2000.0,MMA232,6.245332966861188,102.27289382923561,9144.0
2000.0,MWG3752,2.8834405987117337,112.64985113479078,9144.0
2000.0,MWG3753,1.9320167195367697,110.97092979135118,9144.0
2000.0,MXD1636,1.3627207650776174,105.398342441284,9144.0
2000.0,MXD803,1.5704901067869044,104.13274732455928,9144.0
2000.0,MXD804,3.0149020045938646,101.51553042349394,9144.0
2000.0,MYU2211,17.589382277564567,112.40319779827246,9144.0
2000.0,NEP341,2.5923976613744983,106.34442648309182,9144.0
2000.0,NEP345,2.65420851910799,106.11829960835968,9144.0
2000.0,NEP347,2.583285747758534,106.654661294628,9144.0
2000.0,MAS642,1.4980921929771671,109.0792563508495,9144.0
2000.0,MAS643,1.17340633961074,104.86619158071572,9144.0
2000.0,MAS8792,-6.160623865437196,120.60039409991123,9144.0
2000.0,MMA231,12.124014580261916,99.17337881167971,9144.0
2000.0,MMA232,6.245332966861188,102.27289382923561,9144.0
2000.0,MWG3752,2.8834405987117337,112.64985113479078,9144.0
2000.0,MWG3753,1.9320167195367697,110.97092979135118,9144.0
2000.0,MXD1636,1.3627207650776174,105.398342441284,9144.0
2000.0,MXD803,1.5704901067869044,104.13274732455928,9144.0
2000.0,MXD804,3.0149020045938646,101.51553042349394,9144.0
2000.0,MYU2211,17.589382277564567,112.40319779827246,9144.0
2000.0,NEP341,2.5923976613744983,106.34442648309182,9144.0
2000.0,NEP345,2.65420851910799,106.11829960835968,9144.0
2000.0,NEP347,2.583285747758534,106.654661294628,9144.0
2010.0,MAS642,1.5016998692506511,109.108313960773,9144.0
2010.0,MAS643,1.1727880479912405,104.84009783824109,9144.0
2010.0,MAS8792,-6.147837737451845,120.57317898161924,9144.0
2010.0,MMA231,12.09870644858578,99.1903875915081,9144.0
2010.0,MMA232,6.273024160666924,102.25889412996257,9144.0
2010.0,MWG3752,2.894520755620218,112.66467189333731,9144.0
2010.0,MWG3753,1.91499717660633,110.95388476442795,9144.0
2010.0,MXD1636,1.3653330229742755,105.42917313286036,9144.0
2010.0,MXD803,1.5737083290271354,104.11870200715465,9144.0
2010.0,MXD804,3.0081572681700606,101.52746678742056,9144.0
2010.0,MYU2211,17.561163710504527,112.38861008009732,9144.0
2010.0,NEP341,2.5844724151141376,106.37300558530247,9144.0
2010.0,NEP345,2.6467464332869763,106.14519228600064,9144.0
2010.0,NEP347,2.5724279369563288,106.68096018474672,9144.0
2010.0,MAS642,1.5016998692506511,109.108313960773,9144.0
2010.0,MAS643,1.1727880479912405,104.84009783824109,9144.0
2010.0,MAS8792,-6.147837737451845,120.57317898161924,9144.0
2010.0,MMA231,12.09870644858578,99.1903875915081,9144.0
2010.0,MMA232,6.273024160666924,102.25889412996257,9144.0
2010.0,MWG3752,2.894520755620218,112.66467189333731,9144.0
2010.0,MWG3753,1.91499717660633,110.95388476442795,9144.0
2010.0,MXD1636,1.3653330229742755,105.42917313286036,9144.0
2010.0,MXD803,1.5737083290271354,104.11870200715465,9144.0
2010.0,MXD804,3.0081572681700606,101.52746678742056,9144.0
2010.0,MYU2211,17.561163710504527,112.38861008009732,9144.0
2010.0,NEP341,2.5844724151141376,106.37300558530247,9144.0
2010.0,NEP345,2.6467464332869763,106.14519228600064,9144.0
2010.0,NEP347,2.5724279369563288,106.68096018474672,9144.0
2020.0,MAS642,1.5052558003030045,109.13737800012838,9144.0
2020.0,MAS643,1.1721708609907537,104.81406635514968,9144.0
2020.0,MAS8792,-6.1350501426713535,120.54596521404231,9144.0
2020.0,MMA231,12.07339678017567,99.20739237093353,9144.0
2020.0,MMA232,6.300619783638454,102.24470397137121,9144.0
2020.0,MWG3752,2.9056005874432347,112.67949304073,9144.0
2020.0,MWG3753,1.897922478014513,110.93689521989137,9144.0
2020.0,MXD1636,1.3678338074044765,105.46001310393773,9144.0
2020.0,MXD803,1.5728419468713222,104.10431853204634,9144.0
2020.0,MXD804,3.0052400367240266,101.54086675680006,9144.0
2020.0,MYU2211,17.532944072107643,112.37402691342861,9144.0
2020.0,NEP341,2.5765303281311027,106.40164180129618,9144.0
2020.0,NEP345,2.639279234966605,106.17208337970531,9144.0
2020.0,NEP347,2.56156956863529,106.70725862077224,9144.0
2020.0,MAS642,1.5052558003030045,109.13737800012838,9144.0
2020.0,MAS643,1.1721708609907537,104.81406635514968,9144.0
2020.0,MAS8792,-6.1350501426713535,120.54596521404231,9144.0
2020.0,MMA231,12.07339678017567,99.20739237093353,9144.0
2020.0,MMA232,6.300619783638454,102.24470397137121,9144.0
2020.0,MWG3752,2.9056005874432347,112.67949304073,9144.0
2020.0,MWG3753,1.897922478014513,110.93689521989137,9144.0
2020.0,MXD1636,1.3678338074044765,105.46001310393773,9144.0
2020.0,MXD803,1.5728419468713222,104.10431853204634,9144.0
2020.0,MXD804,3.0052400367240266,101.54086675680006,9144.0
2020.0,MYU2211,17.532944072107643,112.37402691342861,9144.0
2020.0,NEP341,2.5765303281311027,106.40164180129618,9144.0
2020.0,NEP345,2.639279234966605,106.17208337970531,9144.0
2020.0,NEP347,2.56156956863529,106.70725862077224,9144.0
2030.0,MAS642,1.5087965676888353,109.16632306660688,9144.0
2030.0,MAS643,1.171554929109738,104.78803484804247,9144.0
2030.0,MAS8792,-6.122261067611952,120.51875280234327,9144.0
2030.0,MMA231,12.048065979004534,99.22436260885259,9144.0
2030.0,MMA232,6.3282149294466565,102.23051211723607,9144.0
2030.0,MWG3752,2.915976657973636,112.69481653469734,9144.0
2030.0,MWG3753,1.8808926813035147,110.91995111665267,9144.0
2030.0,MXD1636,1.370343267975123,105.49097028373326,9144.0
2030.0,MXD803,1.5679611057617417,104.09076146338602,9144.0
2030.0,MXD804,3.0064113729113733,101.55453121673835,9144.0
2030.0,MYU2211,17.50472336449475,112.359448289328,9144.0
2030.0,NEP341,2.568586366899616,106.43027731797545,9144.0
2030.0,NEP345,2.631984030560631,106.19902158403954,9144.0
2030.0,NEP347,2.5507106441033622,106.73355660417268,9144.0
2030.0,MAS642,1.5087965676888353,109.16632306660688,9144.0
2030.0,MAS643,1.171554929109738,104.78803484804247,9144.0
2030.0,MAS8792,-6.122261067611952,120.51875280234327,9144.0
2030.0,MMA231,12.048065979004534,99.22436260885259,9144.0
2030.0,MMA232,6.3282149294466565,102.23051211723607,9144.0
2030.0,MWG3752,2.915976657973636,112.69481653469734,9144.0
2030.0,MWG3753,1.8808926813035147,110.91995111665267,9144.0
2030.0,MXD1636,1.370343267975123,105.49097028373326,9144.0
2030.0,MXD803,1.5679611057617417,104.09076146338602,9144.0
2030.0,MXD804,3.0064113729113733,101.55453121673835,9144.0
2030.0,MYU2211,17.50472336449475,112.359448289328,9144.0
2030.0,NEP341,2.568586366899616,106.43027731797545,9144.0
2030.0,NEP345,2.631984030560631,106.19902158403954,9144.0
2030.0,NEP347,2.5507106441033622,106.73355660417268,9144.0
2040.0,MAS642,1.5123444850865817,109.19526730420517,9144.0
2040.0,MAS643,1.1709534179742478,104.7626283407184,9144.0
2040.0,MAS8792,-6.109470491206443,120.49154175529347,9144.0
2040.0,MMA231,12.022733693795313,99.24132893109025,9144.0
2040.0,MMA232,6.355768298201715,102.21623756708225,9144.0
2040.0,MWG3752,2.926352436079033,112.7101403687888,9144.0
2040.0,MWG3753,1.863933797460425,110.90293612720644,9144.0
2040.0,MXD1636,1.3731671175276363,105.52190039116249,9144.0
2040.0,MXD803,1.559486385078616,104.0791974030383,9144.0
2040.0,MXD804,3.0035227384942864,101.56830052554197,9144.0
2040.0,MYU2211,17.476501589782586,112.34487419886976,9144.0
2040.0,NEP341,2.560656067971879,106.45891645136255,9144.0
2040.0,NEP345,2.624709434107694,106.22583875629418,9144.0
2040.0,NEP347,2.5398511645198663,106.75985413635485,9144.0
2040.0,MAS642,1.5123444850865817,109.19526730420517,9144.0
2040.0,MAS643,1.1709534179742478,104.7626283407184,9144.0
2040.0,MAS8792,-6.109470491206443,120.49154175529347,9144.0
2040.0,MMA231,12.022733693795313,99.24132893109025,9144.0
2040.0,MMA232,6.355768298201715,102.21623756708225,9144.0
2040.0,MWG3752,2.926352436079033,112.7101403687888,9144.0
2040.0,MWG3753,1.863933797460425,110.90293612720644,9144.0
2040.0,MXD1636,1.3731671175276363,105.52190039116249,9144.0
2040.0,MXD803,1.559486385078616,104.0791974030383,9144.0
2040.0,MXD804,3.0035227384942864,101.56830052554197,9144.0
2040.0,MYU2211,17.476501589782586,112.34487419886976,9144.0
2040.0,NEP341,2.560656067971879,106.45891645136255,9144.0
2040.0,NEP345,2.624709434107694,106.22583875629418,9144.0
2040.0,NEP347,2.5398511645198663,106.75985413635485,9144.0
2050.0,MAS642,1.5158332082222217,109.22373360714008,9144.0
2050.0,MAS643,1.1703916862924133,104.7372209274647,9144.0
2050.0,MAS8792,-6.0966783779827285,120.46433208851887,9144.0
2050.0,MMA231,11.997439193655202,99.2583524839107,9144.0
2050.0,MMA232,6.383216684211768,102.20201545757517,9144.0
2050.0,MWG3752,2.933096671049651,112.72737864022544,9144.0
2050.0,MWG3753,1.8471090375352763,110.8860581000588,9144.0
2050.0,MXD1636,1.3759901772354202,105.55283060730281,9144.0
2050.0,MXD803,1.5499185172607226,104.0694938488761,9144.0
2050.0,MXD804,2.9967580611955,101.58079379061859,9144.0
2050.0,MYU2211,17.448278750083656,112.33030463314098,9144.0
2050.0,NEP341,2.5526928806636873,106.48767007995919,9144.0
2050.0,NEP345,2.617212847801651,106.25259443249459,9144.0
2050.0,NEP347,2.528991130859292,106.78615121864927,9144.0
2050.0,MAS642,1.5158332082222217,109.22373360714008,9144.0
2050.0,MAS643,1.1703916862924133,104.7372209274647,9144.0
2050.0,MAS8792,-6.0966783779827285,120.46433208851887,9144.0
2050.0,MMA231,11.997439193655202,99.2583524839107,9144.0
2050.0,MMA232,6.383216684211768,102.20201545757517,9144.0
2050.0,MWG3752,2.933096671049651,112.72737864022544,9144.0
2050.0,MWG3753,1.8471090375352763,110.8860581000588,9144.0
2050.0,MXD1636,1.3759901772354202,105.55283060730281,9144.0
2050.0,MXD803,1.5499185172607226,104.0694938488761,9144.0
2050.0,MXD804,2.9967580611955,101.58079379061859,9144.0
2050.0,MYU2211,17.448278750083656,112.33030463314098,9144.0
2050.0,NEP341,2.5526928806636873,106.48767007995919,9144.0
2050.0,NEP345,2.617212847801651,106.25259443249459,9144.0
2050.0,NEP347,2.528991130859292,106.78615121864927,9144.0
2060.0,MAS642,1.5193353267122107,109.25219831013376,9144.0
2060.0,MAS643,1.1698323706981668,104.71193908513101,9144.0
2060.0,MAS8792,-6.08388465955726,120.43712383330616,9144.0
2060.0,MMA231,11.972093770030389,99.2754054161694,9144.0
2060.0,MMA232,6.410723571973226,102.18790749501218,9144.0
2060.0,MWG3752,2.9374302082691095,112.7452369683993,9144.0
2060.0,MWG3753,1.8301491070881133,110.86931620560412,9144.0
2060.0,MXD1636,1.3785944921470474,105.58378005413184,9144.0
2060.0,MXD803,1.5404504946055262,104.05989172723754,9144.0
2060.0,MXD804,2.986853283221799,101.59057179161432,9144.0
2060.0,MYU2211,17.42005484750612,112.31573958324186,9144.0
2060.0,NEP341,2.5447359938368987,106.51642527841335,9144.0
2060.0,NEP345,2.6097155416705164,106.27934974677306,9144.0
2060.0,NEP347,2.5181305438622936,106.81244785228985,9144.0
2060.0,MAS642,1.5193353267122107,109.25219831013376,9144.0
2060.0,MAS643,1.1698323706981668,104.71193908513101,9144.0
2060.0,MAS8792,-6.08388465955726,120.43712383330616,9144.0
2060.0,MMA231,11.972093770030389,99.2754054161694,9144.0
2060.0,MMA232,6.410723571973226,102.18790749501218,9144.0
2060.0,MWG3752,2.9374302082691095,112.7452369683993,9144.0
2060.0,MWG3753,1.8301491070881133,110.86931620560412,9144.0
2060.0,MXD1636,1.3785944921470474,105.58378005413184,9144.0
2060.0,MXD803,1.5404504946055262,104.05989172723754,9144.0
2060.0,MXD804,2.986853283221799,101.59057179161432,9144.0
2060.0,MYU2211,17.42005484750612,112.31573958324186,9144.0
2060.0,NEP341,2.5447359938368987,106.51642527841335,9144.0
2060.0,NEP345,2.6097155416705164,106.27934974677306,9144.0
2060.0,NEP347,2.5181305438622936,106.81244785228985,9144.0
2070.0,MAS642,1.522792529411243,109.28030281261118,9144.0
2070.0,MAS643,1.1692543657060395,104.68665766856036,9144.0
2070.0,MAS8792,-6.071089160682908,120.4099170717901,9144.0
2070.0,MMA231,11.94673155144751,99.29243063901188,9144.0
2070.0,MMA232,6.438229992200753,102.17379784670402,9144.0
2070.0,MWG3752,2.9417633807508072,112.76309545466455,9144.0
2070.0,MWG3753,1.8144691490091935,110.85383873178776,9144.0
2070.0,MXD1636,1.381193084909625,105.61467108142982,9144.0
2070.0,MXD803,1.528812898191235,104.05308166685816,9144.0
2070.0,MXD804,2.974532998647257,101.59703533748036,9144.0
2070.0,MYU2211,17.391829884153648,112.30117904028597,9144.0
2070.0,NEP341,2.53677816717125,106.54518003905511,9144.0
2070.0,NEP345,2.602217326123472,106.30610464630885,9144.0
2070.0,NEP347,2.5072694039676695,106.83874403838573,9144.0
2070.0,MAS642,1.522792529411243,109.28030281261118,9144.0
2070.0,MAS643,1.1692543657060395,104.68665766856036,9144.0
2070.0,MAS8792,-6.071089160682908,120.4099170717901,9144.0
2070.0,MMA231,11.94673155144751,99.29243063901188,9144.0
2070.0,MMA232,6.438229992200753,102.17379784670402,9144.0
2070.0,MWG3752,2.9417633807508072,112.76309545466455,9144.0
2070.0,MWG3753,1.8144691490091935,110.85383873178776,9144.0
2070.0,MXD1636,1.381193084909625,105.61467108142982,9144.0
2070.0,MXD803,1.528812898191235,104.05308166685816,9144.0
2070.0,MXD804,2.974532998647257,101.59703533748036,9144.0
2070.0,MYU2211,17.391829884153648,112.30117904028597,9144.0
2070.0,NEP341,2.53677816717125,106.54518003905511,9144.0
2070.0,NEP345,2.602217326123472,106.30610464630885,9144.0
2070.0,NEP347,2.5072694039676695,106.83874403838573,9144.0
2080.0,MAS642,1.5262588903372298,109.30840623145157,9144.0
2080.0,MAS643,1.1686759882260493,104.66137626571964,9144.0
2080.0,MAS8792,-6.06164529304895,120.38135904935022,9144.0
2080.0,MMA231,11.921367944790315,99.30945210865985,9144.0
2080.0,MMA232,6.4657131617708865,102.15964162051445,9144.0
2080.0,MWG3752,2.9460960696261576,112.78095412802439,9144.0
2080.0,MWG3753,1.7991513193723938,110.83819857949418,9144.0
2080.0,MXD1636,1.383979267576288,105.64554578123975,9144.0
2080.0,MXD803,1.5164498595065912,104.04806871319514,9144.0
2080.0,MXD804,2.9608664898828874,101.59962353196782,9144.0
2080.0,MYU2211,17.363603862125277,112.28662299540059,9144.0
2080.0,NEP341,2.528809084238435,106.5739314991625,9144.0
2080.0,NEP345,2.5948535692035573,106.33289678551694,9144.0
2080.0,NEP347,2.4964077112151304,106.86503977788098,9144.0
2080.0,MAS642,1.5262588903372298,109.30840623145157,9144.0
2080.0,MAS643,1.1686759882260493,104.66137626571964,9144.0
2080.0,MAS8792,-6.06164529304895,120.38135904935022,9144.0
2080.0,MMA231,11.921367944790315,99.30945210865985,9144.0
2080.0,MMA232,6.4657131617708865,102.15964162051445,9144.0
2080.0,MWG3752,2.9460960696261576,112.78095412802439,9144.0
2080.0,MWG3753,1.7991513193723938,110.83819857949418,9144.0
2080.0,MXD1636,1.383979267576288,105.64554578123975,9144.0
2080.0,MXD803,1.5164498595065912,104.04806871319514,9144.0
2080.0,MXD804,2.9608664898828874,101.59962353196782,9144.0
2080.0,MYU2211,17.363603862125277,112.28662299540059,9144.0
2080.0,NEP341,2.528809084238435,106.5739314991625,9144.0
2080.0,NEP345,2.5948535692035573,106.33289678551694,9144.0
2080.0,NEP347,2.4964077112151304,106.86503977788098,9144.0
2090.0,MAS642,1.5297024085643358,109.33632902767143,9144.0
2090.0,MAS643,1.1681679367217117,104.63609335579297,9144.0
2090.0,MAS8792,-6.051631785400045,120.35108593836631,9144.0
2090.0,MMA231,11.895997907891001,99.32646197687316,9144.0
2090.0,MMA232,6.493195856196647,102.1454836888078,9144.0
2090.0,MWG3752,2.951248206201282,112.7985933511479,9144.0
2090.0,MWG3753,1.7832413080695446,110.82195469281022,9144.0
2090.0,MXD1636,1.3867596577059547,105.67636203362916,9144.0
2090.0,MXD803,1.504040861212691,104.04279486410283,9144.0
2090.0,MXD804,2.947032243808429,101.59818358208037,9144.0
2090.0,MYU2211,17.33537678351523,112.27207143972703,9144.0
2090.0,NEP341,2.5208393383425367,106.60268259880209,9144.0
2090.0,NEP345,2.5874083768355707,106.35998247388476,9144.0
2090.0,NEP347,2.4855454651012723,106.89133507149499,9144.0
2090.0,MAS642,1.5297024085643358,109.33632902767143,9144.0
2090.0,MAS643,1.1681679367217117,104.63609335579297,9144.0
2090.0,MAS8792,-6.051631785400045,120.35108593836631,9144.0
2090.0,MMA231,11.895997907891001,99.32646197687316,9144.0
2090.0,MMA232,6.493195856196647,102.1454836888078,9144.0
2090.0,MWG3752,2.951248206201282,112.7985933511479,9144.0
2090.0,MWG3753,1.7832413080695446,110.82195469281022,9144.0
2090.0,MXD1636,1.3867596577059547,105.67636203362916,9144.0
2090.0,MXD803,1.504040861212691,104.04279486410283,9144.0
2090.0,MXD804,2.947032243808429,101.59818358208037,9144.0
2090.0,MYU2211,17.33537678351523,112.27207143972703,9144.0
2090.0,NEP341,2.5208393383425367,106.60268259880209,9144.0
2090.0,NEP345,2.5874083768355707,106.35998247388476,9144.0
2090.0,NEP347,2.4855454651012723,106.89133507149499,9144.0
2100.0,MAS642,1.5331290951303753,109.36425394059567,9144.0
2100.0,MAS643,1.1676658297132538,104.61112518263758,9144.0
2100.0,MAS8792,-6.041441877079188,120.32029209946668,9144.0
2100.0,MMA231,11.870626490232164,99.3434681093904,9144.0
2100.0,MMA232,6.520659862493175,102.13128829463407,9144.0
2100.0,MWG3752,2.9563999579473172,112.81623276880747,9144.0
2100.0,MWG3753,1.7673313104090576,110.80571093255573,9144.0
2100.0,MXD1636,1.389539400816103,105.70717838065258,9144.0
2100.0,MXD803,1.4919574853914137,104.03766619477835,9144.0
2100.0,MXD804,2.9331587982027814,101.60082139974237,9144.0
2100.0,MYU2211,17.30714865041274,112.25752436442107,9144.0
2100.0,NEP341,2.512868929082438,106.63143333839206,9144.0
2100.0,NEP345,2.579962474518952,106.3870678078632,9144.0
2100.0,NEP347,2.474682664356766,106.91762991963016,9144.0
2100.0,MAS642,1.5331290951303753,109.36425394059567,9144.0
2100.0,MAS643,1.1676658297132538,104.61112518263758,9144.0
2100.0,MAS8792,-6.041441877079188,120.32029209946668,9144.0
2100.0,MMA231,11.870626490232164,99.3434681093904,9144.0
2100.0,MMA232,6.520659862493175,102.13128829463407,9144.0
2100.0,MWG3752,2.9563999579473172,112.81623276880747,9144.0
2100.0,MWG3753,1.7673313104090576,110.80571093255573,9144.0
2100.0,MXD1636,1.389539400816103,105.70717838065258,9144.0
2100.0,MXD803,1.4919574853914137,104.03766619477835,9144.0
2100.0,MXD804,2.9331587982027814,101.60082139974237,9144.0
2100.0,MYU2211,17.30714865041274,112.25752436442107,9144.0
2100.0,NEP341,2.512868929082438,106.63143333839206,9144.0
2100.0,NEP345,2.579962474518952,106.3870678078632,9144.0
2100.0,NEP347,2.474682664356766,106.91762991963016,9144.0
2110.0,MAS642,1.5365181573869202,109.3918768454889,9144.0
2110.0,MAS643,1.1670484155201457,104.5861596012398,9144.0
2110.0,MAS8792,-6.031974340494842,120.28926653079617,9144.0
2110.0,MMA231,11.845281174514163,99.36051325129586,9144.0
2110.0,MMA232,6.548123401589909,102.11709120533376,9144.0
2110.0,MWG3752,2.9615508276720357,112.83387252670236,9144.0
2110.0,MWG3753,1.7523283810587547,110.7899488077806,9144.0
2110.0,MXD1636,1.3921736692841673,105.73800754591267,9144.0
2110.0,MXD803,1.4806818103982247,104.03302109318612,9144.0
2110.0,MXD804,2.92084322594274,101.60729363180197,9144.0
2110.0,MYU2211,17.27891946490183,112.24298176065334,9144.0
2110.0,NEP341,2.5048978555418024,106.66018371820752,9144.0
2110.0,NEP345,2.5725157383491553,106.41415275374129,9144.0
2110.0,NEP347,2.4638193065823506,106.94392432222115,9144.0
2110.0,MAS642,1.5365181573869202,109.3918768454889,9144.0
2110.0,MAS643,1.1670484155201457,104.5861596012398,9144.0
2110.0,MAS8792,-6.031974340494842,120.28926653079617,9144.0
2110.0,MMA231,11.845281174514163,99.36051325129586,9144.0
2110.0,MMA232,6.548123401589909,102.11709120533376,9144.0
2110.0,MWG3752,2.9615508276720357,112.83387252670236,9144.0
2110.0,MWG3753,1.7523283810587547,110.7899488077806,9144.0
2110.0,MXD1636,1.3921736692841673,105.73800754591267,9144.0
2110.0,MXD803,1.4806818103982247,104.03302109318612,9144.0
2110.0,MXD804,2.92084322594274,101.60729363180197,9144.0
2110.0,MYU2211,17.27891946490183,112.24298176065334,9144.0
2110.0,NEP341,2.5048978555418024,106.66018371820752,9144.0
2110.0,NEP345,2.5725157383491553,106.41415275374129,9144.0
2110.0,NEP347,2.4638193065823506,106.94392432222115,9144.0
2120.0,MAS642,1.5398961073231041,109.41950115620045,9144.0
2120.0,MAS643,1.166427536774434,104.56106801698739,9144.0
2120.0,MAS8792,-6.022504068479188,120.25824234773822,9144.0
2120.0,MMA231,11.819934501102361,99.37755470588311,9144.0
2120.0,MMA232,6.575607292448271,102.1029332940314,9144.0
2120.0,MWG3752,2.966480725315301,112.85157555981156,9144.0
2120.0,MWG3753,1.7374185491194563,110.77501404227131,9144.0
2120.0,MXD1636,1.3948022823520074,105.76877820649577,9144.0
2120.0,MXD803,1.4697201412075804,104.028371692038,9144.0
2120.0,MXD804,2.908629741538752,101.61395692391798,9144.0
2120.0,MYU2211,17.25068922906111,112.22844361960982,9144.0
2120.0,NEP341,2.496926116104521,106.68893373832923,9144.0
2120.0,NEP345,2.5650621156819615,106.44123564341393,9144.0
2120.0,NEP347,2.4529553876107393,106.97021827847063,9144.0
2120.0,MAS642,1.5398961073231041,109.41950115620045,9144.0
2120.0,MAS643,1.166427536774434,104.56106801698739,9144.0
2120.0,MAS8792,-6.022504068479188,120.25824234773822,9144.0
2120.0,MMA231,11.819934501102361,99.37755470588311,9144.0
2120.0,MMA232,6.575607292448271,102.1029332940314,9144.0
2120.0,MWG3752,2.966480725315301,112.85157555981156,9144.0
2120.0,MWG3753,1.7374185491194563,110.77501404227131,9144.0
2120.0,MXD1636,1.3948022823520074,105.76877820649577,9144.0
2120.0,MXD803,1.4697201412075804,104.028371692038,9144.0
2120.0,MXD804,2.908629741538752,101.61395692391798,9144.0
2120.0,MYU2211,17.25068922906111,112.22844361960982,9144.0
2120.0,NEP341,2.496926116104521,106.68893373832923,9144.0
2120.0,NEP345,2.5650621156819615,106.44123564341393,9144.0
2120.0,NEP347,2.4529553876107393,106.97021827847063,9144.0
2130.0,MAS642,1.5432215314194415,109.4467007481384,9144.0
2130.0,MAS643,1.1657723668251483,104.53597731090233,9144.0
2130.0,MAS8792,-6.012878860364277,120.22726696329786,9144.0
2130.0,MMA231,11.794570569302635,99.3945677622424,9144.0
2130.0,MMA232,6.603143048885229,102.08874671014411,9144.0
2130.0,MWG3752,2.971409297925997,112.86927904183132,9144.0
2130.0,MWG3753,1.7230411837919841,110.76095581039374,9144.0
2130.0,MXD1636,1.397530979712038,105.79954018382203,9144.0
2130.0,MXD803,1.4590242582048507,104.02383507670984,9144.0
2130.0,MXD804,2.897203396597255,101.62189758295207,9144.0
2130.0,MYU2211,17.222457944963498,112.21390993249237,9144.0
2130.0,NEP341,2.4889537081700923,106.71768339856436,9144.0
2130.0,NEP345,2.5575758873228187,106.46830936208772,9144.0
2130.0,NEP347,2.4420909002766353,106.9965117863399,9144.0
2130.0,MAS642,1.5432215314194415,109.4467007481384,9144.0
2130.0,MAS643,1.1657723668251483,104.53597731090233,9144.0
2130.0,MAS8792,-6.012878860364277,120.22726696329786,9144.0
2130.0,MMA231,11.794570569302635,99.3945677622424,9144.0
2130.0,MMA232,6.603143048885229,102.08874671014411,9144.0
2130.0,MWG3752,2.971409297925997,112.86927904183132,9144.0
2130.0,MWG3753,1.7230411837919841,110.76095581039374,9144.0
2130.0,MXD1636,1.397530979712038,105.79954018382203,9144.0
2130.0,MXD803,1.4590242582048507,104.02383507670984,9144.0
2130.0,MXD804,2.897203396597255,101.62189758295207,9144.0
2130.0,MYU2211,17.222457944963498,112.21390993249237,9144.0
2130.0,NEP341,2.4889537081700923,106.71768339856436,9144.0
2130.0,NEP345,2.5575758873228187,106.46830936208772,9144.0
2130.0,NEP347,2.4420909002766353,106.9965117863399,9144.0
2140.0,MAS642,1.5465743113520027,109.4738970220696,9144.0
2140.0,MAS643,1.1651316724670966,104.51145515549415,9144.0
2140.0,MAS8792,-6.003250946313379,120.19629297694826,9144.0
2140.0,MMA231,11.769205331611058,99.411577215919,9144.0
2140.0,MMA232,6.630701086948802,102.07460325037992,9144.0
2140.0,MWG3752,2.9765450251867125,112.88692346563072,9144.0
2140.0,MWG3753,1.7099499934751725,110.74815556195996,9144.0
2140.0,MXD1636,1.4002538254505499,105.83024363637516,9144.0
2140.0,MXD803,1.4482639805297408,104.01945350885373,9144.0
2140.0,MXD804,2.8861856842271933,101.62955404030332,9144.0
2140.0,MYU2211,17.194225614675954,112.19938069051933,9144.0
2140.0,NEP341,2.480980627690456,106.74643269831775,9144.0
2140.0,NEP345,2.550089061427749,106.49538275740949,9144.0
2140.0,NEP347,2.431225831701377,107.02280484142446,9144.0
2140.0,MAS642,1.5465743113520027,109.4738970220696,9144.0
2140.0,MAS643,1.1651316724670966,104.51145515549415,9144.0
2140.0,MAS8792,-6.003250946313379,120.19629297694826,9144.0
2140.0,MMA231,11.769205331611058,99.411577215919,9144.0
2140.0,MMA232,6.630701086948802,102.07460325037992,9144.0
2140.0,MWG3752,2.9765450251867125,112.88692346563072,9144.0
2140.0,MWG3753,1.7099499934751725,110.74815556195996,9144.0
2140.0,MXD1636,1.4002538254505499,105.83024363637516,9144.0
2140.0,MXD803,1.4482639805297408,104.01945350885373,9144.0
2140.0,MXD804,2.8861856842271933,101.62955404030332,9144.0
2140.0,MYU2211,17.194225614675954,112.19938069051933,9144.0
2140.0,NEP341,2.480980627690456,106.74643269831775,9144.0
2140.0,NEP345,2.550089061427749,106.49538275740949,9144.0
2140.0,NEP347,2.431225831701377,107.02280484142446,9144.0
2150.0,MAS642,1.549888962200465,109.50078866513839,9144.0
2150.0,MAS643,1.1647010417102752,104.48692841373159,9144.0
2150.0,MAS8792,-5.993616123688834,120.1653217099097,9144.0
2150.0,MMA231,11.743821777467646,99.42855656976937,9144.0
2150.0,MMA232,6.658415580834928,102.06037754426208,9144.0
2150.0,MWG3752,2.981677859886653,112.90456881564629,9144.0
2150.0,MWG3753,1.6968649145925154,110.7354744446445,9144.0
2150.0,MXD1636,1.401091372758361,105.8610562813686,9144.0
2150.0,MXD803,1.4381367952512887,104.01506063730841,9144.0
2150.0,MXD804,2.8750177553848335,101.6369890342635,9144.0
2150.0,MYU2211,17.165992240259165,112.1848558849262,9144.0
2150.0,NEP341,2.473006868362247,106.77518163636721,9144.0
2150.0,NEP345,2.542601636844237,106.52245582949908,9144.0
2150.0,NEP347,2.4203601558803047,107.04909743388436,9144.0
2150.0,MAS642,1.549888962200465,109.50078866513839,9144.0
2150.0,MAS643,1.1647010417102752,104.48692841373159,9144.0
2150.0,MAS8792,-5.993616123688834,120.1653217099097,9144.0
2150.0,MMA231,11.743821777467646,99.42855656976937,9144.0
2150.0,MMA232,6.658415580834928,102.06037754426208,9144.0
2150.0,MWG3752,2.981677859886653,112.90456881564629,9144.0
2150.0,MWG3753,1.6968649145925154,110.7354744446445,9144.0
2150.0,MXD1636,1.401091372758361,105.8610562813686,9144.0
2150.0,MXD803,1.4381367952512887,104.01506063730841,9144.0
2150.0,MXD804,2.8750177553848335,101.6369890342635,9144.0
2150.0,MYU2211,17.165992240259165,112.1848558849262,9144.0
2150.0,NEP341,2.473006868362247,106.77518163636721,9144.0
2150.0,NEP345,2.542601636844237,106.52245582949908,9144.0
2150.0,NEP347,2.4203601558803047,107.04909743388436,9144.0
2160.0,MAS642,1.5531844454074109,109.52768270749002,9144.0
2160.0,MAS643,1.1676727849211408,104.46347779237645,9144.0
2160.0,MAS8792,-5.983978642442374,120.13435182567896,9144.0
2160.0,MMA231,11.718436942395448,99.44553236386776,9144.0
2160.0,MMA232,6.6860909500618435,102.0460740315403,9144.0
2160.0,MWG3752,2.98631771227815,112.92235060069244,9144.0
2160.0,MWG3753,1.6835845134978509,110.7226043799516,9144.0
2160.0,MXD1636,1.401926810774409,105.89181008388569,9144.0
2160.0,MXD803,1.4280095992967805,104.01066780981533,9144.0
2160.0,MXD804,2.864087210829399,101.6442656256231,9144.0
2160.0,MYU2211,17.13775782376718,112.1703355069663,9144.0
2160.0,NEP341,2.4650324200808056,106.80393021043362,9144.0
2160.0,NEP345,2.535113611716555,106.54952857828147,9144.0
2160.0,NEP347,2.4094938036754954,107.07538953601835,9144.0
2160.0,MAS642,1.5531844454074109,109.52768270749002,9144.0
2160.0,MAS643,1.1676727849211408,104.46347779237645,9144.0
2160.0,MAS8792,-5.983978642442374,120.13435182567896,9144.0
2160.0,MMA231,11.718436942395448,99.44553236386776,9144.0
2160.0,MMA232,6.6860909500618435,102.0460740315403,9144.0
2160.0,MWG3752,2.98631771227815,112.92235060069244,9144.0
2160.0,MWG3753,1.6835845134978509,110.7226043799516,9144.0
2160.0,MXD1636,1.401926810774409,105.89181008388569,9144.0
2160.0,MXD803,1.4280095992967805,104.01066780981533,9144.0
2160.0,MXD804,2.864087210829399,101.6442656256231,9144.0
2160.0,MYU2211,17.13775782376718,112.1703355069663,9144.0
2160.0,NEP341,2.4650324200808056,106.80393021043362,9144.0
2160.0,NEP345,2.535113611716555,106.54952857828147,9144.0
2160.0,NEP347,2.4094938036754954,107.07538953601835,9144.0
2170.0,MAS642,1.556434370496732,109.55420966302086,9144.0
2170.0,MAS643,1.1745421819960886,104.44180417800587,9144.0
2170.0,MAS8792,-5.974310774547908,120.10339206503268,9144.0
2170.0,MMA231,11.693088953119291,99.46256392632817,9144.0
2170.0,MMA232,6.713922214890927,102.03168794333197,9144.0
2170.0,MWG3752,2.992171637291049,112.93991296470847,9144.0
2170.0,MWG3753,1.6682975733524608,110.71219929140085,9144.0
2170.0,MXD1636,1.4027616275028554,105.92256391425357,9144.0
2170.0,MXD803,1.41767555009768,104.00678687007486,9144.0
2170.0,MXD804,2.8559286888975848,101.65456101498071,9144.0
2170.0,MYU2211,17.10952236724703,112.15581954791172,9144.0
2170.0,NEP341,2.4570572655627703,106.83267841624176,9144.0
2170.0,NEP345,2.527624983186523,106.57660100340368,9144.0
2170.0,NEP347,2.4022735202285825,107.10290913801555,9144.0
2170.0,MAS642,1.556434370496732,109.55420966302086,9144.0
2170.0,MAS643,1.1745421819960886,104.44180417800587,9144.0
2170.0,MAS8792,-5.974310774547908,120.10339206503268,9144.0
2170.0,MMA231,11.693088953119291,99.46256392632817,9144.0
2170.0,MMA232,6.713922214890927,102.03168794333197,9144.0
2170.0,MWG3752,2.992171637291049,112.93991296470847,9144.0
2170.0,MWG3753,1.6682975733524608,110.71219929140085,9144.0
2170.0,MXD1636,1.4027616275028554,105.92256391425357,9144.0
2170.0,MXD803,1.41767555009768,104.00678687007486,9144.0
2170.0,MXD804,2.8559286888975848,101.65456101498071,9144.0
2170.0,MYU2211,17.10952236724703,112.15581954791172,9144.0
2170.0,NEP341,2.4570572655627703,106.83267841624176,9144.0
2170.0,NEP345,2.527624983186523,106.57660100340368,9144.0
2170.0,NEP347,2.4022735202285825,107.10290913801555,9144.0
2180.0,MAS642,1.5596275221904643,109.58074355775214,9144.0
2180.0,MAS643,1.1848915365093655,104.42207230241837,9144.0
2180.0,MAS8792,-5.964640882351519,120.0724334898681,9144.0
2180.0,MMA231,11.667789157613852,99.47955875515432,9144.0
2180.0,MMA232,6.741762948472255,102.01731961876604,9144.0
2180.0,MWG3752,2.998025122517762,112.95747556958739,9144.0
2180.0,MWG3753,1.6517879305089123,110.70589343891244,9144.0
2180.0,MXD1636,1.4027763573899348,105.95332907659656,9144.0
2180.0,MXD803,1.409751640706356,103.99952337717622,9144.0
2180.0,MXD804,2.845139617503274,101.6616625531753,9144.0
2180.0,MYU2211,17.081285872738267,112.1413079990542,9144.0
2180.0,NEP341,2.449081371284224,106.86142624500043,9144.0
2180.0,NEP345,2.5201357468964454,106.60367310409693,9144.0
2180.0,NEP347,2.3989844179408357,107.13159645068787,9144.0
2180.0,MAS642,1.5596275221904643,109.58074355775214,9144.0
2180.0,MAS643,1.1848915365093655,104.42207230241837,9144.0
2180.0,MAS8792,-5.964640882351519,120.0724334898681,9144.0
2180.0,MMA231,11.667789157613852,99.47955875515432,9144.0
2180.0,MMA232,6.741762948472255,102.01731961876604,9144.0
2180.0,MWG3752,2.998025122517762,112.95747556958739,9144.0
2180.0,MWG3753,1.6517879305089123,110.70589343891244,9144.0
2180.0,MXD1636,1.4027763573899348,105.95332907659656,9144.0
2180.0,MXD803,1.409751640706356,103.99952337717622,9144.0
2180.0,MXD804,2.845139617503274,101.6616625531753,9144.0
2180.0,MYU2211,17.081285872738267,112.1413079990542,9144.0
2180.0,NEP341,2.449081371284224,106.86142624500043,9144.0
2180.0,NEP345,2.5201357468964454,106.60367310409693,9144.0
2180.0,NEP347,2.3989844179408357,107.13159645068787,9144.0
2190.0,MAS642,1.5627757101696362,109.60690864640183,9144.0
2190.0,MAS643,1.1976680827565538,104.40381867273652,9144.0
2190.0,MAS8792,-5.954968799253816,120.04147615214904,9144.0
2190.0,MMA231,11.64220739735829,99.49610611624831,9144.0
2190.0,MMA232,6.769394566093542,102.00305721048866,9144.0
2190.0,MWG3752,3.007008894780859,112.97365818762853,9144.0
2190.0,MWG3753,1.6340072297684785,110.70346757043883,9144.0
2190.0,MXD1636,1.4027905644727867,105.98409423937237,9144.0
2190.0,MXD803,1.3996896183070575,103.99574462594319,9144.0
2190.0,MXD804,2.83356374711074,101.66445166362017,9144.0
2190.0,MYU2211,17.05304834227246,112.12680085170625,9144.0
2190.0,NEP341,2.4411046520878723,106.8901736735611,9144.0
2190.0,NEP345,2.512645896098384,106.63074487892949,9144.0
2190.0,NEP347,2.3994699925683904,107.16046795022166,9144.0
2190.0,MAS642,1.5627757101696362,109.60690864640183,9144.0
2190.0,MAS643,1.1976680827565538,104.40381867273652,9144.0
2190.0,MAS8792,-5.954968799253816,120.04147615214904,9144.0
2190.0,MMA231,11.64220739735829,99.49610611624831,9144.0
2190.0,MMA232,6.769394566093542,102.00305721048866,9144.0
2190.0,MWG3752,3.007008894780859,112.97365818762853,9144.0
2190.0,MWG3753,1.6340072297684785,110.70346757043883,9144.0
2190.0,MXD1636,1.4027905644727867,105.98409423937237,9144.0
2190.0,MXD803,1.3996896183070575,103.99574462594319,9144.0
2190.0,MXD804,2.83356374711074,101.66445166362017,9144.0
2190.0,MYU2211,17.05304834227246,112.12680085170625,9144.0
2190.0,NEP341,2.4411046520878723,106.8901736735611,9144.0
2190.0,NEP345,2.512645896098384,106.63074487892949,9144.0
2190.0,NEP347,2.3994699925683904,107.16046795022166,9144.0
2200.0,MAS642,1.56600831734436,109.63306347214446,9144.0
2200.0,MAS643,1.2103323849516014,104.38572496537313,9144.0
2200.0,MAS8792,-5.945293881170979,120.01052025475828,9144.0
2200.0,MMA231,11.616574433144216,99.51268236735048,9144.0
2200.0,MMA232,6.797046235392621,101.98883344957306,9144.0
2200.0,MWG3752,3.016058239837688,112.9899597847701,9144.0
2200.0,MWG3753,1.6162794524377782,110.70516437907759,9144.0
2200.0,MXD1636,1.402804080755705,106.01485940263734,9144.0
2200.0,MXD803,1.3892801053210098,103.9933777997271,9144.0
2200.0,MXD804,2.824583164846299,101.67075193471369,9144.0
2200.0,MYU2211,17.02480977787264,112.11229809720227,9144.0
2200.0,NEP341,2.4331265598797778,106.9189205500499,9144.0
2200.0,NEP345,2.5051554198838404,106.65781632531568,9144.0
2200.0,NEP347,2.399954616110099,107.18933947599757,9144.0
2200.0,MAS642,1.56600831734436,109.63306347214446,9144.0
2200.0,MAS643,1.2103323849516014,104.38572496537313,9144.0
2200.0,MAS8792,-5.945293881170979,120.01052025475828,9144.0
2200.0,MMA231,11.616574433144216,99.51268236735048,9144.0
2200.0,MMA232,6.797046235392621,101.98883344957306,9144.0
2200.0,MWG3752,3.016058239837688,112.9899597847701,9144.0
2200.0,MWG3753,1.6162794524377782,110.70516437907759,9144.0
2200.0,MXD1636,1.402804080755705,106.01485940263734,9144.0
2200.0,MXD803,1.3892801053210098,103.9933777997271,9144.0
2200.0,MXD804,2.824583164846299,101.67075193471369,9144.0
2200.0,MYU2211,17.02480977787264,112.11229809720227,9144.0
2200.0,NEP341,2.4331265598797778,106.9189205500499,9144.0
2200.0,NEP345,2.5051554198838404,106.65781632531568,9144.0
2200.0,NEP347,2.399954616110099,107.18933947599757,9144.0
2210.0,MAS642,1.569202232948519,109.65890985131874,9144.0
2210.0,MAS643,1.2226959670622148,104.36742428061797,9144.0
2210.0,MAS8792,-5.9356577451991726,119.9795526739134,9144.0
2210.0,MMA231,11.589516741556686,99.52669991822827,9144.0
2210.0,MMA232,6.8245928494269945,101.97466179626204,9144.0
2210.0,MWG3752,3.0251070823268584,113.00626179751795,9144.0
2210.0,MWG3753,1.5993025538686558,110.70462769066386,9144.0
2210.0,MXD1636,1.402917009718038,106.04562436297036,9144.0
2210.0,MXD803,1.3784455825250994,103.9909143617129,9144.0
2210.0,MXD804,2.816197647484387,101.67650409507566,9144.0
2210.0,MYU2211,16.99657018155262,112.09779972690005,9144.0
2210.0,NEP341,2.425105865449867,106.94765537711797,9144.0
2210.0,NEP345,2.4976642990922064,106.68488743838084,9144.0
2210.0,NEP347,2.4045323547813022,107.21784935534009,9144.0
2210.0,MAS642,1.569202232948519,109.65890985131874,9144.0
2210.0,MAS643,1.2226959670622148,104.36742428061797,9144.0
2210.0,MAS8792,-5.9356577451991726,119.9795526739134,9144.0
2210.0,MMA231,11.589516741556686,99.52669991822827,9144.0
2210.0,MMA232,6.8245928494269945,101.97466179626204,9144.0
2210.0,MWG3752,3.0251070823268584,113.00626179751795,9144.0
2210.0,MWG3753,1.5993025538686558,110.70462769066386,9144.0
2210.0,MXD1636,1.402917009718038,106.04562436297036,9144.0
2210.0,MXD803,1.3784455825250994,103.9909143617129,9144.0
2210.0,MXD804,2.816197647484387,101.67650409507566,9144.0
2210.0,MYU2211,16.99657018155262,112.09779972690005,9144.0
2210.0,NEP341,2.425105865449867,106.94765537711797,9144.0
2210.0,NEP345,2.4976642990922064,106.68488743838084,9144.0
2210.0,NEP347,2.4045323547813022,107.21784935534009,9144.0
2220.0,MAS642,1.5724800817016547,109.68474575284391,9144.0
2220.0,MAS643,1.2348398079577574,104.34944839352724,9144.0
2220.0,MAS8792,-5.926019626748094,119.94858625783635,9144.0
2220.0,MMA231,11.562300155365282,99.54079652113371,9144.0
2220.0,MMA232,6.852138758811224,101.96048793656905,9144.0
2220.0,MWG3752,3.0345188072047242,113.02235659171104,9144.0
2220.0,MWG3753,1.58315543887932,110.70411724235537,9144.0
2220.0,MXD1636,1.4030294761857678,106.0764482159672,9144.0
2220.0,MXD803,1.367611059729189,103.98845093486392,9144.0
2220.0,MXD804,2.8076916761490733,101.68233872616656,9144.0
2220.0,MYU2211,16.96832955531626,112.08330573218228,9144.0
2220.0,NEP341,2.4171487002330827,106.97615991471966,9144.0
2220.0,NEP345,2.490172494238265,106.7119582076128,9144.0
2220.0,NEP347,2.4097834837283343,107.2463653351934,9144.0
2220.0,MAS642,1.5724800817016547,109.68474575284391,9144.0
2220.0,MAS643,1.2348398079577574,104.34944839352724,9144.0
2220.0,MAS8792,-5.926019626748094,119.94858625783635,9144.0
2220.0,MMA231,11.562300155365282,99.54079652113371,9144.0
2220.0,MMA232,6.852138758811224,101.96048793656905,9144.0
2220.0,MWG3752,3.0345188072047242,113.02235659171104,9144.0
2220.0,MWG3753,1.58315543887932,110.70411724235537,9144.0
2220.0,MXD1636,1.4030294761857678,106.0764482159672,9144.0
2220.0,MXD803,1.367611059729189,103.98845093486392,9144.0
2220.0,MXD804,2.8076916761490733,101.68233872616656,9144.0
2220.0,MYU2211,16.96832955531626,112.08330573218228,9144.0
2220.0,NEP341,2.4171487002330827,106.97615991471966,9144.0
2220.0,NEP345,2.490172494238265,106.7119582076128,9144.0
2220.0,NEP347,2.4097834837283343,107.2463653351934,9144.0
2230.0,MAS642,1.5758975948765523,109.71168683574781,9144.0
2230.0,MAS643,1.2474469762257145,104.33179443250381,9144.0
2230.0,MAS8792,-5.916379401171902,119.91762104509081,9144.0
2230.0,MMA231,11.535192017856412,99.55510779777016,9144.0
2230.0,MMA232,6.8796772456928705,101.94629863181987,9144.0
2230.0,MWG3752,3.0439299567354796,113.03845186364725,9144.0
2230.0,MWG3753,1.5675012529604808,110.70012373789625,9144.0
2230.0,MXD1636,1.4032062504909644,106.10727176938927,9144.0
2230.0,MXD804,2.7975901318499883,101.68440797433152,9144.0
2230.0,MYU2211,16.9400879011566,112.06881610445845,9144.0
2230.0,NEP341,2.4091908798730497,107.00466410225995,9144.0
2230.0,NEP345,2.4826798874782092,106.7390286007651,9144.0
2230.0,NEP347,2.4150337273858664,107.27488158843084,9144.0
2230.0,MAS642,1.5758975948765523,109.71168683574781,9144.0
2230.0,MAS643,1.2474469762257145,104.33179443250381,9144.0
2230.0,MAS8792,-5.916379401171902,119.91762104509081,9144.0
2230.0,MMA231,11.535192017856412,99.55510779777016,9144.0
2230.0,MMA232,6.8796772456928705,101.94629863181987,9144.0
2230.0,MWG3752,3.0439299567354796,113.03845186364725,9144.0
2230.0,MWG3753,1.5675012529604808,110.70012373789625,9144.0
2230.0,MXD1636,1.4032062504909644,106.10727176938927,9144.0
2230.0,MXD804,2.7975901318499883,101.68440797433152,9144.0
2230.0,MYU2211,16.9400879011566,112.06881610445845,9144.0
2230.0,NEP341,2.4091908798730497,107.00466410225995,9144.0
2230.0,NEP345,2.4826798874782092,106.7390286007651,9144.0
2230.0,NEP347,2.4150337273858664,107.27488158843084,9144.0
2240.0,MAS642,1.5792288069335056,109.73863877700775,9144.0
2240.0,MAS643,1.2628425940427597,104.31726829611226,9144.0
2240.0,MAS8792,-5.906736694864018,119.88665715264663,9144.0
2240.0,MMA231,11.507978302511347,99.56947155695465,9144.0
2240.0,MMA232,6.907215273984605,101.9321075995522,9144.0
2240.0,MWG3752,3.0531560125369603,113.05465438400242,9144.0
2240.0,MWG3753,1.5527476878976731,110.69982336591995,9144.0
2240.0,MXD1636,1.403382528252016,106.13809532797985,9144.0
2240.0,MXD804,2.7892376011116604,101.69020791111835,9144.0
2240.0,MYU2211,16.911845221054865,112.0543308351669,9144.0
2240.0,NEP341,2.4012323920879464,107.0331679368274,9144.0
2240.0,NEP345,2.475181642778253,106.7660972765061,9144.0
2240.0,NEP347,2.416200305585601,107.30385448792683,9144.0
2240.0,MAS642,1.5792288069335056,109.73863877700775,9144.0
2240.0,MAS643,1.2628425940427597,104.31726829611226,9144.0
2240.0,MAS8792,-5.906736694864018,119.88665715264663,9144.0
2240.0,MMA231,11.507978302511347,99.56947155695465,9144.0
2240.0,MMA232,6.907215273984605,101.9321075995522,9144.0
2240.0,MWG3752,3.0531560125369603,113.05465438400242,9144.0
2240.0,MWG3753,1.5527476878976731,110.69982336591995,9144.0
2240.0,MXD1636,1.403382528252016,106.13809532797985,9144.0
2240.0,MXD804,2.7892376011116604,101.69020791111835,9144.0
2240.0,MYU2211,16.911845221054865,112.0543308351669,9144.0
2240.0,NEP341,2.4012323920879464,107.0331679368274,9144.0
2240.0,NEP345,2.475181642778253,106.7660972765061,9144.0
2240.0,NEP347,2.416200305585601,107.30385448792683,9144.0
2250.0,MAS642,1.5826195366155706,109.76607753168692,9144.0
2250.0,MAS643,1.280116908147745,104.30609874626896,9144.0
2250.0,MAS8792,-5.897060356811732,119.85570440648887,9144.0
2250.0,MMA231,11.48076378700317,99.5838323500476,9144.0
2250.0,MMA232,6.93475167559993,101.91791253673031,9144.0
2250.0,MWG3752,3.062491668814746,113.07095046967332,9144.0
2250.0,MWG3753,1.5392326048834917,110.69549069770765,9144.0
2250.0,MXD1636,1.4035582362815102,106.16891889214128,9144.0
2250.0,MXD804,2.7820855219362333,101.69733620206443,9144.0
2250.0,MYU2211,16.883601516979322,112.0398499157773,9144.0
2250.0,NEP341,2.3932732147830307,107.06167141276444,9144.0
2250.0,NEP345,2.467686903430888,106.7931667719971,9144.0
2250.0,NEP347,2.416320073896942,107.33291083323273,9144.0
2250.0,MAS642,1.5826195366155706,109.76607753168692,9144.0
2250.0,MAS643,1.280116908147745,104.30609874626896,9144.0
2250.0,MAS8792,-5.897060356811732,119.85570440648887,9144.0
2250.0,MMA231,11.48076378700317,99.5838323500476,9144.0
2250.0,MMA232,6.93475167559993,101.91791253673031,9144.0
2250.0,MWG3752,3.062491668814746,113.07095046967332,9144.0
2250.0,MWG3753,1.5392326048834917,110.69549069770765,9144.0
2250.0,MXD1636,1.4035582362815102,106.16891889214128,9144.0
2250.0,MXD804,2.7820855219362333,101.69733620206443,9144.0
2250.0,MYU2211,16.883601516979322,112.0398499157773,9144.0
2250.0,NEP341,2.3932732147830307,107.06167141276444,9144.0
2250.0,NEP345,2.467686903430888,106.7931667719971,9144.0
2250.0,NEP347,2.416320073896942,107.33291083323273,9144.0
2260.0,MAS642,1.5859599963094146,109.79352250067295,9144.0
2260.0,MAS643,1.2970561847300424,104.29514563982404,9144.0
2260.0,MAS8792,-5.887358744858504,119.8247601978697,9144.0
2260.0,MMA231,11.45351563227962,99.59812519100967,9144.0
2260.0,MMA232,6.962284845769952,101.9037102826947,9144.0
2260.0,MWG3752,3.0709319747328143,113.0856844837848,9144.0
2260.0,MWG3753,1.5277989492076092,110.68756791547247,9144.0
2260.0,MXD1636,1.4037326905573018,106.1997424657281,9144.0
2260.0,MXD804,2.774933387880901,101.70446439463295,9144.0
2260.0,MYU2211,16.855356790883906,112.02537333779354,9144.0
2260.0,NEP341,2.3853133006057416,107.09017451734519,9144.0
2260.0,NEP345,2.4601753218762292,106.82029455937078,9144.0
2260.0,NEP347,2.416439207482375,107.36196718370213,9144.0
2260.0,MAS642,1.5859599963094146,109.79352250067295,9144.0
2260.0,MAS643,1.2970561847300424,104.29514563982404,9144.0
2260.0,MAS8792,-5.887358744858504,119.8247601978697,9144.0
2260.0,MMA231,11.45351563227962,99.59812519100967,9144.0
2260.0,MMA232,6.962284845769952,101.9037102826947,9144.0
2260.0,MWG3752,3.0709319747328143,113.0856844837848,9144.0
2260.0,MWG3753,1.5277989492076092,110.68756791547247,9144.0
2260.0,MXD1636,1.4037326905573018,106.1997424657281,9144.0
2260.0,MXD804,2.774933387880901,101.70446439463295,9144.0
2260.0,MYU2211,16.855356790883906,112.02537333779354,9144.0
2260.0,NEP341,2.3853133006057416,107.09017451734519,9144.0
2260.0,NEP345,2.4601753218762292,106.82029455937078,9144.0
2260.0,NEP347,2.416439207482375,107.36196718370213,9144.0
2270.0,MAS642,1.5891209694932649,109.81949860426838,9144.0
2270.0,MAS643,1.3137948978897263,104.28388818612494,9144.0
2270.0,MAS8792,-5.877656410244467,119.79387777767536,9144.0
2270.0,MMA231,11.426214266169685,99.61244260150929,9144.0
2270.0,MMA232,6.990078337680803,101.88937092876424,9144.0
2270.0,MWG3752,3.0784764279582144,113.09885667943657,9144.0
2270.0,MWG3753,1.5191692462021456,110.67665616713941,9144.0
2270.0,MXD1636,1.4039321865112309,106.23056588995115,9144.0
2270.0,MXD804,2.767781253825569,101.71159254412898,9144.0
2270.0,MYU2211,16.827111044706644,112.01090109275714,9144.0
2270.0,NEP341,2.377352493316911,107.11867720737266,9144.0
2270.0,NEP345,2.4526631080010466,106.84742201874471,9144.0
2270.0,NEP347,2.416557705644045,107.39102353931052,9144.0
2270.0,MAS642,1.5891209694932649,109.81949860426838,9144.0
2270.0,MAS643,1.3137948978897263,104.28388818612494,9144.0
2270.0,MAS8792,-5.877656410244467,119.79387777767536,9144.0
2270.0,MMA231,11.426214266169685,99.61244260150929,9144.0
2270.0,MMA232,6.990078337680803,101.88937092876424,9144.0
2270.0,MWG3752,3.0784764279582144,113.09885667943657,9144.0
2270.0,MWG3753,1.5191692462021456,110.67665616713941,9144.0
2270.0,MXD1636,1.4039321865112309,106.23056588995115,9144.0
2270.0,MXD804,2.767781253825569,101.71159254412898,9144.0
2270.0,MYU2211,16.827111044706644,112.01090109275714,9144.0
2270.0,NEP341,2.377352493316911,107.11867720737266,9144.0
2270.0,NEP345,2.4526631080010466,106.84742201874471,9144.0
2270.0,NEP347,2.416557705644045,107.39102353931052,9144.0
2280.0,MAS642,1.5919341125751212,109.84551474118913,9144.0
2280.0,MAS643,1.3302565918654172,104.27281683933182,9144.0
2280.0,MAS8792,-5.868096770460195,119.76295094855261,9144.0
2280.0,MMA231,11.398938502276122,99.62680933195317,9144.0
2280.0,MMA232,7.017876878215353,101.87504065771462,9144.0
2280.0,MWG3752,3.084988715255662,113.11054424977924,9144.0
2280.0,MWG3753,1.5140924712320916,110.6637024863494,9144.0
2280.0,MXD1636,1.4041314398789875,106.26150697796304,9144.0
2280.0,MYU2211,16.798864280367773,111.99643317225116,9144.0
2280.0,NEP341,2.369442105324853,107.14719379247325,9144.0
2280.0,NEP345,2.445150226824384,106.87454914085387,9144.0
2280.0,NEP347,2.416675567617858,107.42007990003358,9144.0
2280.0,MAS642,1.5919341125751212,109.84551474118913,9144.0
2280.0,MAS643,1.3302565918654172,104.27281683933182,9144.0
2280.0,MAS8792,-5.868096770460195,119.76295094855261,9144.0
2280.0,MMA231,11.398938502276122,99.62680933195317,9144.0
2280.0,MMA232,7.017876878215353,101.87504065771462,9144.0
2280.0,MWG3752,3.084988715255662,113.11054424977924,9144.0
2280.0,MWG3753,1.5140924712320916,110.6637024863494,9144.0
2280.0,MXD1636,1.4041314398789875,106.26150697796304,9144.0
2280.0,MYU2211,16.798864280367773,111.99643317225116,9144.0
2280.0,NEP341,2.369442105324853,107.14719379247325,9144.0
2280.0,NEP345,2.445150226824384,106.87454914085387,9144.0
2280.0,NEP347,2.416675567617858,107.42007990003358,9144.0
2290.0,MAS642,1.5946186162731708,109.8703476604754,9144.0
2290.0,MAS643,1.3467865732323454,104.26184769115565,9144.0
2290.0,MAS8792,-5.85855921777,119.73213974164824,9144.0
2290.0,MMA231,11.371609657145884,99.64120079913165,9144.0
2290.0,MMA232,7.046090915239639,101.86049404387971,9144.0
2290.0,MWG3752,3.0914888243349194,113.12221049436097,9144.0
2290.0,MWG3753,1.513062134228342,110.64996944634235,9144.0
2290.0,MXD1636,1.4043975819483046,106.29244756614389,9144.0
2290.0,MYU2211,16.7706164997675,111.98196956790508,9144.0
2290.0,NEP341,2.3615630100938265,107.17559476767225,9144.0
2290.0,NEP345,2.437636581096225,106.90167589915012,9144.0
2290.0,NEP347,2.416792792563043,107.44913626584726,9144.0
2290.0,MAS642,1.5946186162731708,109.8703476604754,9144.0
2290.0,MAS643,1.3467865732323454,104.26184769115565,9144.0
2290.0,MAS8792,-5.85855921777,119.73213974164824,9144.0
2290.0,MMA231,11.371609657145884,99.64120079913165,9144.0
2290.0,MMA232,7.046090915239639,101.86049404387971,9144.0
2290.0,MWG3752,3.0914888243349194,113.12221049436097,9144.0
2290.0,MWG3753,1.513062134228342,110.64996944634235,9144.0
2290.0,MXD1636,1.4043975819483046,106.29244756614389,9144.0
2290.0,MYU2211,16.7706164997675,111.98196956790508,9144.0
2290.0,NEP341,2.3615630100938265,107.17559476767225,9144.0
2290.0,NEP345,2.437636581096225,106.90167589915012,9144.0
2290.0,NEP347,2.416792792563043,107.44913626584726,9144.0
2300.0,MAS642,1.5977437425448693,109.89512898225435,9144.0
2300.0,MAS643,1.3625886589274028,104.25136136996923,9144.0
2300.0,MAS8792,-5.8489269420525005,119.70135885687448,9144.0
2300.0,MMA231,11.34428004521801,99.65558937249658,9144.0
2300.0,MMA232,7.074276461784552,101.84589057311817,9144.0
2300.0,MWG3752,3.097966198430314,113.13388948547896,9144.0
2300.0,MWG3753,1.5161176949102473,110.63654125710381,9144.0
2300.0,MXD1636,1.4046632886146386,106.32344693193953,9144.0
2300.0,MYU2211,16.74236770478329,111.96751027140047,9144.0
2300.0,NEP341,2.353683190346822,107.20399538070933,9144.0
2300.0,NEP345,2.430120960877261,106.92880195823733,9144.0
2300.0,NEP347,2.416909379549406,107.47819263672777,9144.0
2300.0,MAS642,1.5977437425448693,109.89512898225435,9144.0
2300.0,MAS643,1.3625886589274028,104.25136136996923,9144.0
2300.0,MAS8792,-5.8489269420525005,119.70135885687448,9144.0
2300.0,MMA231,11.34428004521801,99.65558937249658,9144.0
2300.0,MMA232,7.074276461784552,101.84589057311817,9144.0
2300.0,MWG3752,3.097966198430314,113.13388948547896,9144.0
2300.0,MWG3753,1.5161176949102473,110.63654125710381,9144.0
2300.0,MXD1636,1.4046632886146386,106.32344693193953,9144.0
2300.0,MYU2211,16.74236770478329,111.96751027140047,9144.0
2300.0,NEP341,2.353683190346822,107.20399538070933,9144.0
2300.0,NEP345,2.430120960877261,106.92880195823733,9144.0
2300.0,NEP347,2.416909379549406,107.47819263672777,9144.0
2310.0,MAS642,1.6008127900973965,109.91947115414742,9144.0
2310.0,MAS643,1.3782905380537116,104.24072543532992,9144.0
2310.0,MAS8792,-5.839302468254097,119.67063715653835,9144.0
2310.0,MMA231,11.316948984721416,99.66997370839401,9144.0
2310.0,MMA232,7.102616752918661,101.83120473259837,9144.0
2310.0,MWG3752,3.1053167353769773,113.1471433535516,9144.0
2310.0,MWG3753,1.5229885048655325,110.62460731123504,9144.0
2310.0,MXD1636,1.4048289308784583,106.35444699653006,9144.0
2310.0,MYU2211,16.71411789726663,111.95305527447799,9144.0
2310.0,NEP341,2.3458024842489418,107.23239558710577,9144.0
2310.0,NEP345,2.422623066792253,106.95593278072987,9144.0
2310.0,NEP347,2.4170253275416056,107.50724901265166,9144.0
2310.0,MAS642,1.6008127900973965,109.91947115414742,9144.0
2310.0,MAS643,1.3782905380537116,104.24072543532992,9144.0
2310.0,MAS8792,-5.839302468254097,119.67063715653835,9144.0
2310.0,MMA231,11.316948984721416,99.66997370839401,9144.0
2310.0,MMA232,7.102616752918661,101.83120473259837,9144.0
2310.0,MWG3752,3.1053167353769773,113.1471433535516,9144.0
2310.0,MWG3753,1.5229885048655325,110.62460731123504,9144.0
2310.0,MXD1636,1.4048289308784583,106.35444699653006,9144.0
2310.0,MYU2211,16.71411789726663,111.95305527447799,9144.0
2310.0,NEP341,2.3458024842489418,107.23239558710577,9144.0
2310.0,NEP345,2.422623066792253,106.95593278072987,9144.0
2310.0,NEP347,2.4170253275416056,107.50724901265166,9144.0
2320.0,MAS642,1.6042699628264907,109.94376124175001,9144.0
2320.0,MAS643,1.3928664601968166,104.23085200282037,9144.0
2320.0,MAS8792,-5.829732814582664,119.63989868148123,9144.0
2320.0,MMA231,11.289606364510632,99.68433380766372,9144.0
2320.0,MMA232,7.130991175307082,101.81658506972173,9144.0
2320.0,MWG3752,3.1135401621317498,113.16197228487167,9144.0
2320.0,MWG3753,1.5330659773243607,110.61522466498567,9144.0
2320.0,MXD1636,1.4049943837210854,106.38550579320182,9144.0
2320.0,MYU2211,16.685867079038992,111.9386045689459,9144.0
2320.0,NEP341,2.3378665024325653,107.26078021058254,9144.0
2320.0,NEP345,2.4151405064942777,106.98300459295514,9144.0
2320.0,NEP347,2.417140635379511,107.53630539359587,9144.0
2320.0,MAS642,1.6042699628264907,109.94376124175001,9144.0
2320.0,MAS643,1.3928664601968166,104.23085200282037,9144.0
2320.0,MAS8792,-5.829732814582664,119.63989868148123,9144.0
2320.0,MMA231,11.289606364510632,99.68433380766372,9144.0
2320.0,MMA232,7.130991175307082,101.81658506972173,9144.0
2320.0,MWG3752,3.1135401621317498,113.16197228487167,9144.0
2320.0,MWG3753,1.5330659773243607,110.61522466498567,9144.0
2320.0,MXD1636,1.4049943837210854,106.38550579320182,9144.0
2320.0,MYU2211,16.685867079038992,111.9386045689459,9144.0
2320.0,NEP341,2.3378665024325653,107.26078021058254,9144.0
2320.0,NEP345,2.4151405064942777,106.98300459295514,9144.0
2320.0,NEP347,2.417140635379511,107.53630539359587,9144.0
2330.0,MAS642,1.607690586046851,109.96779997208296,9144.0
2330.0,MAS643,1.40757118173782,104.22117149217587,9144.0
2330.0,MAS8792,-5.820173762177546,119.60921852653404,9144.0
2330.0,MMA231,11.262314987098106,99.69866280022207,9144.0
2330.0,MMA232,7.1593650913993505,101.80196350120038,9144.0
2330.0,MWG3752,3.1226905999088803,113.1783461009663,9144.0
2330.0,MWG3753,1.546510924793225,110.60737844413326,9144.0
2330.0,MXD1636,1.4051592587143344,106.4165645951405,9144.0
2330.0,MYU2211,16.657615251886906,111.92415814669064,9144.0
2330.0,NEP341,2.3300265957672286,107.2888178958202,9144.0
2330.0,NEP345,2.4076029902400427,107.01006097843211,9144.0
2330.0,NEP347,2.4172553017533587,107.56536177953784,9144.0
2330.0,MAS642,1.607690586046851,109.96779997208296,9144.0
2330.0,MAS643,1.40757118173782,104.22117149217587,9144.0
2330.0,MAS8792,-5.820173762177546,119.60921852653404,9144.0
2330.0,MMA231,11.262314987098106,99.69866280022207,9144.0
2330.0,MMA232,7.1593650913993505,101.80196350120038,9144.0
2330.0,MWG3752,3.1226905999088803,113.1783461009663,9144.0
2330.0,MWG3753,1.546510924793225,110.60737844413326,9144.0
2330.0,MXD1636,1.4051592587143344,106.4165645951405,9144.0
2330.0,MYU2211,16.657615251886906,111.92415814669064,9144.0
2330.0,NEP341,2.3300265957672286,107.2888178958202,9144.0
2330.0,NEP345,2.4076029902400427,107.01006097843211,9144.0
2330.0,NEP347,2.4172553017533587,107.56536177953784,9144.0
2340.0,MAS642,1.610792493827815,109.99188197343445,9144.0
2340.0,MAS643,1.4229025582847612,104.21107824549996,9144.0
2340.0,MAS8792,-5.810600095841021,119.57854349806802,9144.0
2340.0,MMA231,11.235008325162672,99.71296013125524,9144.0
2340.0,MMA232,7.187708044220618,101.78728014468571,9144.0
2340.0,MWG3752,3.132017280677691,113.19503700304492,9144.0
2340.0,MWG3753,1.5576562319992218,110.59616485015185,9144.0
2340.0,MXD1636,1.4053228924763406,106.44762340582335,9144.0
2340.0,MYU2211,16.629362417555743,111.90971599969002,9144.0
2340.0,NEP341,2.3221822722878365,107.31685418768707,9144.0
2340.0,NEP345,2.400015882418057,107.03729266119288,9144.0
2340.0,NEP347,2.4173693251718538,107.5944181704556,9144.0
2340.0,MAS642,1.610792493827815,109.99188197343445,9144.0
2340.0,MAS643,1.4229025582847612,104.21107824549996,9144.0
2340.0,MAS8792,-5.810600095841021,119.57854349806802,9144.0
2340.0,MMA231,11.235008325162672,99.71296013125524,9144.0
2340.0,MMA232,7.187708044220618,101.78728014468571,9144.0
2340.0,MWG3752,3.132017280677691,113.19503700304492,9144.0
2340.0,MWG3753,1.5576562319992218,110.59616485015185,9144.0
2340.0,MXD1636,1.4053228924763406,106.44762340582335,9144.0
2340.0,MYU2211,16.629362417555743,111.90971599969002,9144.0
2340.0,NEP341,2.3221822722878365,107.31685418768707,9144.0
2340.0,NEP345,2.400015882418057,107.03729266119288,9144.0
2340.0,NEP347,2.4173693251718538,107.5944181704556,9144.0
2350.0,MAS642,1.6138445574732216,110.0155847865445,9144.0
2350.0,MAS643,1.4383751793477872,104.2012029549394,9144.0
2350.0,MAS8792,-5.801020526627267,119.54787085304162,9144.0
2350.0,MMA231,11.207753177050662,99.72722681677573,9144.0
2350.0,MMA232,7.21610217689869,101.77256808888885,9144.0
2350.0,MWG3752,3.1415823505682425,113.21159218818224,9144.0
2350.0,MWG3753,1.5657445381556534,110.58225539085562,9144.0
2350.0,MXD1636,1.4055428384575646,106.47868187148904,9144.0
2350.0,MYU2211,16.601108577741854,111.89527812003,9144.0
2350.0,NEP341,2.3139461873055183,107.34477755680555,9144.0
2350.0,NEP345,2.3924279908820547,107.06452397429202,9144.0
2350.0,NEP347,2.4174827039205193,107.62347456632791,9144.0
2350.0,MAS642,1.6138445574732216,110.0155847865445,9144.0
2350.0,MAS643,1.4383751793477872,104.2012029549394,9144.0
2350.0,MAS8792,-5.801020526627267,119.54787085304162,9144.0
2350.0,MMA231,11.207753177050662,99.72722681677573,9144.0
2350.0,MMA232,7.21610217689869,101.77256808888885,9144.0
2350.0,MWG3752,3.1415823505682425,113.21159218818224,9144.0
2350.0,MWG3753,1.5657445381556534,110.58225539085562,9144.0
2350.0,MXD1636,1.4055428384575646,106.47868187148904,9144.0
2350.0,MYU2211,16.601108577741854,111.89527812003,9144.0
2350.0,NEP341,2.3139461873055183,107.34477755680555,9144.0
2350.0,NEP345,2.3924279908820547,107.06452397429202,9144.0
2350.0,NEP347,2.4174827039205193,107.62347456632791,9144.0
2360.0,MAS642,1.6164227919332756,110.03934388372984,9144.0
2360.0,MAS643,1.4533882254234451,104.1916207592623,9144.0
2360.0,MAS8792,-5.791447759543658,119.51719658274561,9144.0
2360.0,MMA231,11.180521879244159,99.74153940972398,9144.0
2360.0,MMA232,7.2444954746597405,101.75785347091917,9144.0
2360.0,MWG3752,3.151078830073031,113.22803116917548,9144.0
2360.0,MWG3753,1.5700537268054253,110.56675182214502,9144.0
2360.0,MXD1636,1.405762821155666,106.50991628822871,9144.0
2360.0,MYU2211,16.572853734082415,111.88084449992635,9144.0
2360.0,NEP341,2.3057095425053076,107.37270059861441,9144.0
2360.0,NEP345,2.384833748037029,107.09175336318705,9144.0
2360.0,NEP347,2.417595436006267,107.65253096713447,9144.0
2360.0,MAS642,1.6164227919332756,110.03934388372984,9144.0
2360.0,MAS643,1.4533882254234451,104.1916207592623,9144.0
2360.0,MAS8792,-5.791447759543658,119.51719658274561,9144.0
2360.0,MMA231,11.180521879244159,99.74153940972398,9144.0
2360.0,MMA232,7.2444954746597405,101.75785347091917,9144.0
2360.0,MWG3752,3.151078830073031,113.22803116917548,9144.0
2360.0,MWG3753,1.5700537268054253,110.56675182214502,9144.0
2360.0,MXD1636,1.405762821155666,106.50991628822871,9144.0
2360.0,MYU2211,16.572853734082415,111.88084449992635,9144.0
2360.0,NEP341,2.3057095425053076,107.37270059861441,9144.0
2360.0,NEP345,2.384833748037029,107.09175336318705,9144.0
2360.0,NEP347,2.417595436006267,107.65253096713447,9144.0
2370.0,MAS642,1.6189718789366856,110.0628487273892,9144.0
2370.0,MAS643,1.4685890238973098,104.18233941958107,9144.0
2370.0,MAS8792,-5.7818692248587915,119.48652465115431,9144.0
2370.0,MMA231,11.15334229708703,99.75582168755614,9144.0
2370.0,MMA232,7.2729648582139514,101.74328808454923,9144.0
2370.0,MWG3752,3.1607075294723455,113.2443929742122,9144.0
2370.0,MWG3753,1.5703036638802594,110.55066203511718,9144.0
2370.0,MXD1636,1.4060064243836223,106.54115053283174,9144.0
2370.0,MYU2211,16.544597888142125,111.86641513175303,9144.0
2370.0,NEP341,2.2974723394881544,107.4006233141444,9144.0
2370.0,NEP345,2.3772903999611175,107.11899677071528,9144.0
2370.0,NEP347,2.4177075190819672,107.68158737285613,9144.0
2370.0,MAS642,1.6189718789366856,110.0628487273892,9144.0
2370.0,MAS643,1.4685890238973098,104.18233941958107,9144.0
2370.0,MAS8792,-5.7818692248587915,119.48652465115431,9144.0
2370.0,MMA231,11.15334229708703,99.75582168755614,9144.0
2370.0,MMA232,7.2729648582139514,101.74328808454923,9144.0
2370.0,MWG3752,3.1607075294723455,113.2443929742122,9144.0
2370.0,MWG3753,1.5703036638802594,110.55066203511718,9144.0
2370.0,MXD1636,1.4060064243836223,106.54115053283174,9144.0
2370.0,MYU2211,16.544597888142125,111.86641513175303,9144.0
2370.0,NEP341,2.2974723394881544,107.4006233141444,9144.0
2370.0,NEP345,2.3772903999611175,107.11899677071528,9144.0
2370.0,NEP347,2.4177075190819672,107.68158737285613,9144.0
2380.0,MAS642,1.6219253759945094,110.08630618254314,9144.0
2380.0,MAS643,1.4834390634503132,104.17327196046958,9144.0
2380.0,MAS8792,-5.772253373344865,119.45586503850768,9144.0
2380.0,MMA231,11.12616195759505,99.7701011340911,9144.0
2380.0,MMA232,7.301537099789677,101.72866741973158,9144.0
2380.0,MWG3752,3.1691229856923377,113.26133722650756,9144.0
2380.0,MWG3753,1.5664833097639757,110.53453127408936,9144.0
2380.0,MXD1636,1.4062499783876723,106.57250188132869,9144.0
2380.0,MYU2211,16.516341041395414,111.85199000808005,9144.0
2380.0,NEP341,2.289234579824539,107.42854570441746,9144.0
2380.0,NEP345,2.3698149675698152,107.14600651030995,9144.0
2380.0,NEP347,2.4178189503411125,107.7106437834753,9144.0
2380.0,MAS642,1.6219253759945094,110.08630618254314,9144.0
2380.0,MAS643,1.4834390634503132,104.17327196046958,9144.0
2380.0,MAS8792,-5.772253373344865,119.45586503850768,9144.0
2380.0,MMA231,11.12616195759505,99.7701011340911,9144.0
2380.0,MMA232,7.301537099789677,101.72866741973158,9144.0
2380.0,MWG3752,3.1691229856923377,113.26133722650756,9144.0
2380.0,MWG3753,1.5664833097639757,110.53453127408936,9144.0
2380.0,MXD1636,1.4062499783876723,106.57250188132869,9144.0
2380.0,MYU2211,16.516341041395414,111.85199000808005,9144.0
2380.0,NEP341,2.289234579824539,107.42854570441746,9144.0
2380.0,NEP345,2.3698149675698152,107.14600651030995,9144.0
2380.0,NEP347,2.4178189503411125,107.7106437834753,9144.0
2390.0,MAS642,1.62483329931449,110.10944586828838,9144.0
2390.0,MAS643,1.498636136963618,104.16479933134327,9144.0
2390.0,MAS8792,-5.762635551248804,119.4252065700892,9144.0
2390.0,MMA231,11.098818590593366,99.78405224287732,9144.0
2390.0,MMA232,7.330037342785238,101.7139036710151,9144.0
2390.0,MWG3752,3.1777780267863815,113.2787650363696,9144.0
2390.0,MWG3753,1.5590731134933806,110.52088030664213,9144.0
2390.0,MXD1636,1.4064991203052801,106.6038531892382,9144.0
2390.0,MYU2211,16.488083195202105,111.83756912172547,9144.0
2390.0,NEP341,2.2809962650504434,107.4564677704456,9144.0
2390.0,NEP345,2.362257716562285,107.17330874143835,9144.0
2390.0,NEP347,2.417929726366113,107.7397001989765,9144.0
2390.0,MAS642,1.62483329931449,110.10944586828838,9144.0
2390.0,MAS643,1.498636136963618,104.16479933134327,9144.0
2390.0,MAS8792,-5.762635551248804,119.4252065700892,9144.0
2390.0,MMA231,11.098818590593366,99.78405224287732,9144.0
2390.0,MMA232,7.330037342785238,101.7139036710151,9144.0
2390.0,MWG3752,3.1777780267863815,113.2787650363696,9144.0
2390.0,MWG3753,1.5590731134933806,110.52088030664213,9144.0
2390.0,MXD1636,1.4064991203052801,106.6038531892382,9144.0
2390.0,MYU2211,16.488083195202105,111.83756912172547,9144.0
2390.0,NEP341,2.2809962650504434,107.4564677704456,9144.0
2390.0,NEP345,2.362257716562285,107.17330874143835,9144.0
2390.0,NEP347,2.417929726366113,107.7397001989765,9144.0
2400.0,MAS642,1.6274144023002686,110.13262434536112,9144.0
2400.0,MAS643,1.5136485918083207,104.15614009816115,9144.0
2400.0,MAS8792,-5.7530155069499385,119.39454932501388,9144.0
2400.0,MMA231,11.071421820492459,99.79802762886848,9144.0
2400.0,MMA232,7.358588484138832,101.69911088937012,9144.0
2400.0,MWG3752,3.1865936550632026,113.29611206756442,9144.0
2400.0,MWG3753,1.551505714051138,110.50788054918007,9144.0
2400.0,MXD1636,1.4067477867627276,106.63526299490597,9144.0
2400.0,MYU2211,16.459824350773193,111.82315246582827,9144.0
2400.0,NEP341,2.272757396662578,107.48438951322939,9144.0
2400.0,NEP345,2.3546946572731104,107.20060921301064,9144.0
2400.0,NEP347,2.4180398429015666,107.76875661934703,9144.0
2400.0,MAS642,1.6274144023002686,110.13262434536112,9144.0
2400.0,MAS643,1.5136485918083207,104.15614009816115,9144.0
2400.0,MAS8792,-5.7530155069499385,119.39454932501388,9144.0
2400.0,MMA231,11.071421820492459,99.79802762886848,9144.0
2400.0,MMA232,7.358588484138832,101.69911088937012,9144.0
2400.0,MWG3752,3.1865936550632026,113.29611206756442,9144.0
2400.0,MWG3753,1.551505714051138,110.50788054918007,9144.0
2400.0,MXD1636,1.4067477867627276,106.63526299490597,9144.0
2400.0,MYU2211,16.459824350773193,111.82315246582827,9144.0
2400.0,NEP341,2.272757396662578,107.48438951322939,9144.0
2400.0,NEP345,2.3546946572731104,107.20060921301064,9144.0
2400.0,NEP347,2.4180398429015666,107.76875661934703,9144.0
2410.0,MAS642,1.6301925526401815,110.15545548912058,9144.0
2410.0,MAS643,1.5259446212916443,104.14523485386903,9144.0
2410.0,MAS8792,-5.743391185275169,119.36389395446193,9144.0
2410.0,MMA231,11.0440243971642,99.81200037940484,9144.0
2410.0,MMA232,7.387140932182141,101.68431971833485,9144.0
2410.0,MWG3752,3.1949801892975493,113.31261590850247,9144.0
2410.0,MWG3753,1.5430330702378956,110.49332604368259,9144.0
2410.0,MXD1636,1.4069964854713382,106.66667280366663,9144.0
2410.0,MYU2211,16.43156450912119,111.80874003395435,9144.0
2410.0,NEP341,2.264517976112685,107.51231093375634,9144.0
2410.0,NEP345,2.347076568832938,107.22789420526541,9144.0
2410.0,NEP347,2.4181492944995675,107.79781304457835,9144.0
2410.0,MAS642,1.6301925526401815,110.15545548912058,9144.0
2410.0,MAS643,1.5259446212916443,104.14523485386903,9144.0
2410.0,MAS8792,-5.743391185275169,119.36389395446193,9144.0
2410.0,MMA231,11.0440243971642,99.81200037940484,9144.0
2410.0,MMA232,7.387140932182141,101.68431971833485,9144.0
2410.0,MWG3752,3.1949801892975493,113.31261590850247,9144.0
2410.0,MWG3753,1.5430330702378956,110.49332604368259,9144.0
2410.0,MXD1636,1.4069964854713382,106.66667280366663,9144.0
2410.0,MYU2211,16.43156450912119,111.80874003395435,9144.0
2410.0,NEP341,2.264517976112685,107.51231093375634,9144.0
2410.0,NEP345,2.347076568832938,107.22789420526541,9144.0
2410.0,NEP347,2.4181492944995675,107.79781304457835,9144.0
2420.0,MAS642,1.6329390482570563,110.17802997435037,9144.0
2420.0,MAS643,1.5341534682342635,104.13263072579504,9144.0
2420.0,MAS8792,-5.733843010070661,119.3332150544629,9144.0
2420.0,MMA231,11.016626320545837,99.8259704978559,9144.0
2420.0,MMA232,7.415692864909114,101.66952657828749,9144.0
2420.0,MWG3752,3.2036336752246433,113.32898106207014,9144.0
2420.0,MWG3753,1.5367621058506273,110.47738686254178,9144.0
2420.0,MXD1636,1.407244255966303,106.69808262310396,9144.0
2420.0,MYU2211,16.403303670985203,111.79433182025618,9144.0
2420.0,NEP341,2.256278004800691,107.54023203299883,9144.0
2420.0,NEP345,2.338543742998283,107.25509709407262,9144.0
2420.0,NEP347,2.418258073931962,107.82686947466802,9144.0
2420.0,MAS642,1.6329390482570563,110.17802997435037,9144.0
2420.0,MAS643,1.5341534682342635,104.13263072579504,9144.0
2420.0,MAS8792,-5.733843010070661,119.3332150544629,9144.0
2420.0,MMA231,11.016626320545837,99.8259704978559,9144.0
2420.0,MMA232,7.415692864909114,101.66952657828749,9144.0
2420.0,MWG3752,3.2036336752246433,113.32898106207014,9144.0
2420.0,MWG3753,1.5367621058506273,110.47738686254178,9144.0
2420.0,MXD1636,1.407244255966303,106.69808262310396,9144.0
2420.0,MYU2211,16.403303670985203,111.79433182025618,9144.0
2420.0,NEP341,2.256278004800691,107.54023203299883,9144.0
2420.0,NEP345,2.338543742998283,107.25509709407262,9144.0
2420.0,NEP347,2.418258073931962,107.82686947466802,9144.0
2430.0,MAS642,1.6356928728977573,110.20060359692695,9144.0
2430.0,MAS643,1.5415908674081522,104.12121084607922,9144.0
2430.0,MAS8792,-5.724256351602946,119.30242657220053,9144.0
2430.0,MMA231,10.9892275897555,99.8399379859215,9144.0
2430.0,MMA232,7.444244239167426,101.65473138070884,9144.0
2430.0,MWG3752,3.2124135876514766,113.34558642045546,9144.0
2430.0,MWG3753,1.5311496834414144,110.46312207129647,9144.0
2430.0,MXD1636,1.407403520169558,106.72949301849638,9144.0
2430.0,MYU2211,16.37504183671237,111.77992781972567,9144.0
2430.0,NEP341,2.248037484066388,107.56815281191169,9144.0
2430.0,NEP345,2.3299741712851123,107.28241507611723,9144.0
2430.0,NEP347,2.418366171140515,107.85592590962344,9144.0
2430.0,MAS642,1.6356928728977573,110.20060359692695,9144.0
2430.0,MAS643,1.5415908674081522,104.12121084607922,9144.0
2430.0,MAS8792,-5.724256351602946,119.30242657220053,9144.0
2430.0,MMA231,10.9892275897555,99.8399379859215,9144.0
2430.0,MMA232,7.444244239167426,101.65473138070884,9144.0
2430.0,MWG3752,3.2124135876514766,113.34558642045546,9144.0
2430.0,MWG3753,1.5311496834414144,110.46312207129647,9144.0
2430.0,MXD1636,1.407403520169558,106.72949301849638,9144.0
2430.0,MYU2211,16.37504183671237,111.77992781972567,9144.0
2430.0,NEP341,2.248037484066388,107.56815281191169,9144.0
2430.0,NEP345,2.3299741712851123,107.28241507611723,9144.0
2430.0,NEP347,2.418366171140515,107.85592590962344,9144.0
2440.0,MAS642,1.6383754431797886,110.22259685098246,9144.0
2440.0,MAS643,1.5469397209769744,104.10867535816925,9144.0
2440.0,MAS8792,-5.714669834131531,119.27163856153851,9144.0
2440.0,MMA231,10.961828202377788,99.85390284217718,9144.0
2440.0,MMA232,7.47280976497426,101.63996302777164,9144.0
2440.0,MWG3752,3.2212840944979995,113.3621435527922,9144.0
2440.0,MWG3753,1.5256887280216231,110.44925687130679,9144.0
2440.0,MXD1636,1.4075625726426537,106.76096186707558,9144.0
2440.0,MYU2211,16.346779006058448,111.76552802861944,9144.0
2440.0,NEP341,2.239796415179243,107.59607327142912,9144.0
2440.0,NEP345,2.3214040600449977,107.3097327226782,9144.0
2440.0,NEP347,2.418473571159763,107.88498234946917,9144.0
2440.0,MAS642,1.6383754431797886,110.22259685098246,9144.0
2440.0,MAS643,1.5469397209769744,104.10867535816925,9144.0
2440.0,MAS8792,-5.714669834131531,119.27163856153851,9144.0
2440.0,MMA231,10.961828202377788,99.85390284217718,9144.0
2440.0,MMA232,7.47280976497426,101.63996302777164,9144.0
2440.0,MWG3752,3.2212840944979995,113.3621435527922,9144.0
2440.0,MWG3753,1.5256887280216231,110.44925687130679,9144.0
2440.0,MXD1636,1.4075625726426537,106.76096186707558,9144.0
2440.0,MYU2211,16.346779006058448,111.76552802861944,9144.0
2440.0,NEP341,2.239796415179243,107.59607327142912,9144.0
2440.0,NEP345,2.3214040600449977,107.3097327226782,9144.0
2440.0,NEP347,2.418473571159763,107.88498234946917,9144.0
2450.0,MAS642,1.6411480319964165,110.2445789595152,9144.0
2450.0,MAS643,1.5521206909106693,104.0965329583064,9144.0
2450.0,MAS8792,-5.705062293452715,119.24079664198976,9144.0
2450.0,MMA231,10.93442815257584,99.86786505823054,9144.0
2450.0,MMA232,7.5013747479528385,101.62519263911231,9144.0
2450.0,MWG3752,3.2301541746743454,113.37870105889954,9144.0
2450.0,MWG3753,1.520227586450756,110.43539177982409,9144.0
2450.0,MXD1636,1.4077210593473906,106.79243072064995,9144.0
2450.0,MYU2211,16.318515177824477,111.75113244523352,9144.0
2450.0,NEP341,2.2315547993257634,107.62399341246102,9144.0
2450.0,NEP345,2.3128334108821647,107.33705003485284,9144.0
2450.0,NEP347,2.418580249349005,107.91403879426372,9144.0
2450.0,MAS642,1.6411480319964165,110.2445789595152,9144.0
2450.0,MAS643,1.5521206909106693,104.0965329583064,9144.0
2450.0,MAS8792,-5.705062293452715,119.24079664198976,9144.0
2450.0,MMA231,10.93442815257584,99.86786505823054,9144.0
2450.0,MMA232,7.5013747479528385,101.62519263911231,9144.0
2450.0,MWG3752,3.2301541746743454,113.37870105889954,9144.0
2450.0,MWG3753,1.520227586450756,110.43539177982409,9144.0
2450.0,MXD1636,1.4077210593473906,106.79243072064995,9144.0
2450.0,MYU2211,16.318515177824477,111.75113244523352,9144.0
2450.0,NEP341,2.2315547993257634,107.62399341246102,9144.0
2450.0,NEP345,2.3128334108821647,107.33705003485284,9144.0
2450.0,NEP347,2.418580249349005,107.91403879426372,9144.0
2460.0,MAS642,1.6437888541834322,110.26552011957766,9144.0
2460.0,MAS643,1.5535055299931355,104.0834035611251,9144.0
2460.0,MAS8792,-5.695355988830275,119.20998649191094,9144.0
2460.0,MMA231,10.907027423941512,99.88182460416463,9144.0
2460.0,MMA232,7.529912913834423,101.61036863316441,9144.0
2460.0,MWG3752,3.2389937214042486,113.39527508245584,9144.0
2460.0,MWG3753,1.5144625509053093,110.42165039034472,9144.0
2460.0,MXD1636,1.4078786980943478,106.82389958061381,9144.0
2460.0,MYU2211,16.290250349117567,111.7367410714796,9144.0
2460.0,NEP341,2.223312637593648,107.65191323588823,9144.0
2460.0,NEP345,2.304262225371026,107.36436701372928,9144.0
2460.0,NEP347,2.414587105529015,107.94281916723763,9144.0
2460.0,MAS642,1.6437888541834322,110.26552011957766,9144.0
2460.0,MAS643,1.5535055299931355,104.0834035611251,9144.0
2460.0,MAS8792,-5.695355988830275,119.20998649191094,9144.0
2460.0,MMA231,10.907027423941512,99.88182460416463,9144.0
2460.0,MMA232,7.529912913834423,101.61036863316441,9144.0
2460.0,MWG3752,3.2389937214042486,113.39527508245584,9144.0
2460.0,MWG3753,1.5144625509053093,110.42165039034472,9144.0
2460.0,MXD1636,1.4078786980943478,106.82389958061381,9144.0
2460.0,MYU2211,16.290250349117567,111.7367410714796,9144.0
2460.0,NEP341,2.223312637593648,107.65191323588823,9144.0
2460.0,NEP345,2.304262225371026,107.36436701372928,9144.0
2460.0,NEP347,2.414587105529015,107.94281916723763,9144.0
2470.0,MAS642,1.6462686940626095,110.2864809948427,9144.0
2470.0,MAS643,1.550792594093753,104.07055621681366,9144.0
2470.0,MAS8792,-5.685611340205411,119.1790669877532,9144.0
2470.0,MMA231,10.879625916639995,99.89578128020919,9144.0
2470.0,MMA232,7.558450527341581,101.59554256734381,9144.0
2470.0,MWG3752,3.247832800863444,113.4118495009135,9144.0
2470.0,MWG3753,1.509937456585694,110.40935391537556,9144.0
2470.0,MXD1636,1.4080624850964083,106.85536830112314,9144.0
2470.0,MYU2211,16.261984513580327,111.72235391666044,9144.0
2470.0,NEP341,2.2150699309516275,107.67983274255658,9144.0
2470.0,NEP345,2.2956905050521987,107.39168366038525,9144.0
2470.0,NEP347,2.4065741393937987,107.9707467958648,9144.0
2470.0,MAS642,1.6462686940626095,110.2864809948427,9144.0
2470.0,MAS643,1.550792594093753,104.07055621681366,9144.0
2470.0,MAS8792,-5.685611340205411,119.1790669877532,9144.0
2470.0,MMA231,10.879625916639995,99.89578128020919,9144.0
2470.0,MMA232,7.558450527341581,101.59554256734381,9144.0
2470.0,MWG3752,3.247832800863444,113.4118495009135,9144.0
2470.0,MWG3753,1.509937456585694,110.40935391537556,9144.0
2470.0,MXD1636,1.4080624850964083,106.85536830112314,9144.0
2470.0,MYU2211,16.261984513580327,111.72235391666044,9144.0
2470.0,NEP341,2.2150699309516275,107.67983274255658,9144.0
2470.0,NEP345,2.2956905050521987,107.39168366038525,9144.0
2470.0,NEP347,2.4065741393937987,107.9707467958648,9144.0
2480.0,MAS642,1.6487247795989775,110.30724519423389,9144.0
2480.0,MAS643,1.5442859117864283,104.05931709118859,9144.0
2480.0,MAS8792,-5.675964421408534,119.14811706740909,9144.0
2480.0,MMA231,10.852234453465677,99.90975710334641,9144.0
2480.0,MMA232,7.587015414472344,101.58076906590057,9144.0
2480.0,MWG3752,3.2567475255135268,113.42838337119751,9144.0
2480.0,MWG3753,1.5056892535283495,110.39887924049839,9144.0
2480.0,MXD1636,1.4082447369756872,106.886661563465,9144.0
2480.0,MYU2211,16.233717655827085,111.7079710093333,9144.0
2480.0,NEP341,2.2068266802234233,107.70775193326922,9144.0
2480.0,NEP345,2.2871182514277826,107.41899997588659,9144.0
2480.0,NEP347,2.3949491392418425,107.99737163556907,9144.0
2480.0,MAS642,1.6487247795989775,110.30724519423389,9144.0
2480.0,MAS643,1.5442859117864283,104.05931709118859,9144.0
2480.0,MAS8792,-5.675964421408534,119.14811706740909,9144.0
2480.0,MMA231,10.852234453465677,99.90975710334641,9144.0
2480.0,MMA232,7.587015414472344,101.58076906590057,9144.0
2480.0,MWG3752,3.2567475255135268,113.42838337119751,9144.0
2480.0,MWG3753,1.5056892535283495,110.39887924049839,9144.0
2480.0,MXD1636,1.4082447369756872,106.886661563465,9144.0
2480.0,MYU2211,16.233717655827085,111.7079710093333,9144.0
2480.0,NEP341,2.2068266802234233,107.70775193326922,9144.0
2480.0,NEP345,2.2871182514277826,107.41899997588659,9144.0
2480.0,NEP347,2.3949491392418425,107.99737163556907,9144.0
2490.0,MAS642,1.651303964809768,110.32799447709348,9144.0
2490.0,MAS643,1.5346033636621415,104.05066463070122,9144.0
2490.0,MAS8792,-5.666296937470068,119.11711322262124,9144.0
2490.0,MMA231,10.824895068875056,99.92370339452903,9144.0
2490.0,MMA232,7.615631334323861,101.56596682528702,9144.0
2490.0,MWG3752,3.2655974155533776,113.44479832876988,9144.0
2490.0,MWG3753,1.502117191280208,110.39007187435573,9144.0
2490.0,MXD1636,1.4084264197937015,106.91795483155747,9144.0
2490.0,MYU2211,16.20544972021827,111.69359246389057,9144.0
2490.0,NEP341,2.1985828860535137,107.7356708087764,9144.0
2490.0,NEP345,2.2785454659557143,107.44631596128544,9144.0
2490.0,NEP347,2.383323434541634,108.02399594170623,9144.0
2490.0,MAS642,1.651303964809768,110.32799447709348,9144.0
2490.0,MAS643,1.5346033636621415,104.05066463070122,9144.0
2490.0,MAS8792,-5.666296937470068,119.11711322262124,9144.0
2490.0,MMA231,10.824895068875056,99.92370339452903,9144.0
2490.0,MMA232,7.615631334323861,101.56596682528702,9144.0
2490.0,MWG3752,3.2655974155533776,113.44479832876988,9144.0
2490.0,MWG3753,1.502117191280208,110.39007187435573,9144.0
2490.0,MXD1636,1.4084264197937015,106.91795483155747,9144.0
2490.0,MYU2211,16.20544972021827,111.69359246389057,9144.0
2490.0,NEP341,2.1985828860535137,107.7356708087764,9144.0
2490.0,NEP345,2.2785454659557143,107.44631596128544,9144.0
2490.0,NEP347,2.383323434541634,108.02399594170623,9144.0
2500.0,MAS642,1.6538499250206258,110.34848102052163,9144.0
2500.0,MAS643,1.5225956665014253,104.04536100387499,9144.0
2500.0,MAS8792,-5.656542773733452,119.08613732929655,9144.0
2500.0,MMA231,10.797554987999712,99.9376470001288,9144.0
2500.0,MMA232,7.64424595787093,101.55116104360478,9144.0
2500.0,MWG3752,3.274370716667949,113.46125462561413,9144.0
2500.0,MWG3753,1.4987088484657458,110.38166833181704,9144.0
2500.0,MXD1636,1.4086071671586342,106.94924810749761,9144.0
2500.0,MYU2211,16.17922276222345,111.67550177734083,9144.0
2500.0,NEP341,2.190338548861203,107.76358936976195,9144.0
2500.0,NEP345,2.2699721500429626,107.4736316176181,9144.0
2500.0,NEP347,2.3698354546628053,108.04972513005643,9144.0
2500.0,MAS642,1.6538499250206258,110.34848102052163,9144.0
2500.0,MAS643,1.5225956665014253,104.04536100387499,9144.0
2500.0,MAS8792,-5.656542773733452,119.08613732929655,9144.0
2500.0,MMA231,10.797554987999712,99.9376470001288,9144.0
2500.0,MMA232,7.64424595787093,101.55116104360478,9144.0
2500.0,MWG3752,3.274370716667949,113.46125462561413,9144.0
2500.0,MWG3753,1.4987088484657458,110.38166833181704,9144.0
2500.0,MXD1636,1.4086071671586342,106.94924810749761,9144.0
2500.0,MYU2211,16.17922276222345,111.67550177734083,9144.0
2500.0,NEP341,2.190338548861203,107.76358936976195,9144.0
2500.0,NEP345,2.2699721500429626,107.4736316176181,9144.0
2500.0,NEP347,2.3698354546628053,108.04972513005643,9144.0
2510.0,MAS642,1.6563746556193488,110.36897021936453,9144.0
2510.0,MAS643,1.5095384716765239,104.04401775981992,9144.0
2510.0,MAS8792,-5.646786671242855,119.05516257448532,9144.0
2510.0,MMA231,10.770214856317928,99.95158923526024,9144.0
2510.0,MMA232,7.672859735978379,101.5363526042379,9144.0
2510.0,MWG3752,3.2832072465517257,113.47783099179115,9144.0
2510.0,MWG3753,1.49530003940417,110.37326499159093,9144.0
2510.0,MXD1636,1.4088627829656408,106.98054086455659,9144.0
2510.0,MYU2211,16.154389776978082,111.65640362321452,9144.0
2510.0,NEP341,2.18209366877754,107.79150761682452,9144.0
2510.0,NEP345,2.2613983050372526,107.50094694590248,9144.0
2510.0,NEP347,2.36011211948902,108.07710235859842,9144.0
2510.0,MAS642,1.6563746556193488,110.36897021936453,9144.0
2510.0,MAS643,1.5095384716765239,104.04401775981992,9144.0
2510.0,MAS8792,-5.646786671242855,119.05516257448532,9144.0
2510.0,MMA231,10.770214856317928,99.95158923526024,9144.0
2510.0,MMA232,7.672859735978379,101.5363526042379,9144.0
2510.0,MWG3752,3.2832072465517257,113.47783099179115,9144.0
2510.0,MWG3753,1.49530003940417,110.37326499159093,9144.0
2510.0,MXD1636,1.4088627829656408,106.98054086455659,9144.0
2510.0,MYU2211,16.154389776978082,111.65640362321452,9144.0
2510.0,NEP341,2.18209366877754,107.79150761682452,9144.0
2510.0,NEP345,2.2613983050372526,107.50094694590248,9144.0
2510.0,NEP347,2.36011211948902,108.07710235859842,9144.0
2520.0,MAS642,1.6588736652974396,110.38926195073356,9144.0
2520.0,MAS643,1.4968129896432998,104.04051881513372,9144.0
2520.0,MAS8792,-5.637028441840645,119.02418901735547,9144.0
2520.0,MMA231,10.74287408149054,99.96552889976692,9144.0
2520.0,MMA232,7.701523732433227,101.52151388850608,9144.0
2520.0,MWG3752,3.291958717102231,113.49445271584167,9144.0
2520.0,MWG3753,1.4959173631621876,110.36421718954267,9144.0
2520.0,MXD1636,1.4091156794447508,107.01159912682706,9144.0
2520.0,MYU2211,16.129555079728437,111.63731027764419,9144.0
2520.0,NEP341,2.1738482455562527,107.8194255504513,9144.0
2520.0,NEP345,2.2528239322168955,107.52826194713484,9144.0
2520.0,NEP347,2.351100349534111,108.10472221858595,9144.0
2520.0,MAS642,1.6588736652974396,110.38926195073356,9144.0
2520.0,MAS643,1.4968129896432998,104.04051881513372,9144.0
2520.0,MAS8792,-5.637028441840645,119.02418901735547,9144.0
2520.0,MMA231,10.74287408149054,99.96552889976692,9144.0
2520.0,MMA232,7.701523732433227,101.52151388850608,9144.0
2520.0,MWG3752,3.291958717102231,113.49445271584167,9144.0
2520.0,MWG3753,1.4959173631621876,110.36421718954267,9144.0
2520.0,MXD1636,1.4091156794447508,107.01159912682706,9144.0
2520.0,MYU2211,16.129555079728437,111.63731027764419,9144.0
2520.0,NEP341,2.1738482455562527,107.8194255504513,9144.0
2520.0,NEP345,2.2528239322168955,107.52826194713484,9144.0
2520.0,NEP347,2.351100349534111,108.10472221858595,9144.0
2530.0,MAS642,1.6611895193617008,110.40957544225162,9144.0
2530.0,MAS643,1.4848248649135904,104.03499817361661,9144.0
2530.0,MAS8792,-5.627267183912393,118.99321694419167,9144.0
2530.0,MMA231,10.71553265647435,99.97946598279302,9144.0
2530.0,MMA232,7.730293854716272,101.50688481163529,9144.0
2530.0,MWG3752,3.3007095081873676,113.51107494501967,9144.0
2530.0,MWG3753,1.4924958903205714,110.35613789426576,9144.0
2530.0,MXD1636,1.4093014696480832,107.04265786578414,9144.0
2530.0,MYU2211,16.104718673366484,111.61822173239693,9144.0
2530.0,NEP341,2.1656022784437807,107.84734317097947,9144.0
2530.0,NEP345,2.2442490327781512,107.5555766222858,9144.0
2530.0,NEP347,2.342087820591083,108.1323416524707,9144.0
2530.0,MAS642,1.6611895193617008,110.40957544225162,9144.0
2530.0,MAS643,1.4848248649135904,104.03499817361661,9144.0
2530.0,MAS8792,-5.627267183912393,118.99321694419167,9144.0
2530.0,MMA231,10.71553265647435,99.97946598279302,9144.0
2530.0,MMA232,7.730293854716272,101.50688481163529,9144.0
2530.0,MWG3752,3.3007095081873676,113.51107494501967,9144.0
2530.0,MWG3753,1.4924958903205714,110.35613789426576,9144.0
2530.0,MXD1636,1.4093014696480832,107.04265786578414,9144.0
2530.0,MYU2211,16.104718673366484,111.61822173239693,9144.0
2530.0,NEP341,2.1656022784437807,107.84734317097947,9144.0
2530.0,NEP345,2.2442490327781512,107.5555766222858,9144.0
2530.0,NEP347,2.342087820591083,108.1323416524707,9144.0
2540.0,MAS642,1.6634817984563237,110.42969075543675,9144.0
2540.0,MAS643,1.472771930070709,104.029447760396,9144.0
2540.0,MAS8792,-5.617575511523813,118.9622233302138,9144.0
2540.0,MMA231,10.688190559694348,99.99340044394837,9144.0
2540.0,MMA232,7.759114784587797,101.4922266699611,9144.0
2540.0,MWG3752,3.309831427191073,113.52749591751481,9144.0
2540.0,MWG3753,1.4858281768840502,110.35055105622202,9144.0
2540.0,MXD1636,1.409486717737333,107.07371661045197,9144.0
2540.0,MYU2211,16.07988056076137,111.59913797927402,9144.0
2540.0,NEP341,2.1573557659818903,107.87526047853777,9144.0
2540.0,NEP345,2.235673607819326,107.58289097229537,9144.0
2540.0,NEP347,2.3342772330852153,108.16032519470656,9144.0
2540.0,MAS642,1.6634817984563237,110.42969075543675,9144.0
2540.0,MAS643,1.472771930070709,104.029447760396,9144.0
2540.0,MAS8792,-5.617575511523813,118.9622233302138,9144.0
2540.0,MMA231,10.688190559694348,99.99340044394837,9144.0
2540.0,MMA232,7.759114784587797,101.4922266699611,9144.0
2540.0,MWG3752,3.309831427191073,113.52749591751481,9144.0
2540.0,MWG3753,1.4858281768840502,110.35055105622202,9144.0
2540.0,MXD1636,1.409486717737333,107.07371661045197,9144.0
2540.0,MYU2211,16.07988056076137,111.59913797927402,9144.0
2540.0,NEP341,2.1573557659818903,107.87526047853777,9144.0
2540.0,NEP345,2.235673607819326,107.58289097229537,9144.0
2540.0,NEP347,2.3342772330852153,108.16032519470656,9144.0
2550.0,MAS642,1.6661676200629607,110.44975729911533,9144.0
2550.0,MAS643,1.4604696279362765,104.02447489393046,9144.0
2550.0,MAS8792,-5.607846253878994,118.93112036621332,9144.0
2550.0,MMA231,10.660847545573755,100.00733178760738,9144.0
2550.0,MMA232,7.78788374957246,101.47746390580934,9144.0
2550.0,MWG3752,3.318919608487378,113.54385827019308,9144.0
2550.0,MWG3753,1.4773485952208107,110.34861472904102,9144.0
2550.0,MXD1636,1.4096712149832265,107.10477536205276,9144.0
2550.0,MYU2211,16.055040744757292,111.58005901011389,9144.0
2550.0,NEP341,2.1491087056926332,107.90317747295325,9144.0
2550.0,NEP345,2.227097658320478,107.61020499806655,9144.0
2550.0,NEP347,2.326433550142981,108.1884241394226,9144.0
2550.0,MAS642,1.6661676200629607,110.44975729911533,9144.0
2550.0,MAS643,1.4604696279362765,104.02447489393046,9144.0
2550.0,MAS8792,-5.607846253878994,118.93112036621332,9144.0
2550.0,MMA231,10.660847545573755,100.00733178760738,9144.0
2550.0,MMA232,7.78788374957246,101.47746390580934,9144.0
2550.0,MWG3752,3.318919608487378,113.54385827019308,9144.0
2550.0,MWG3753,1.4773485952208107,110.34861472904102,9144.0
2550.0,MXD1636,1.4096712149832265,107.10477536205276,9144.0
2550.0,MYU2211,16.055040744757292,111.58005901011389,9144.0
2550.0,NEP341,2.1491087056926332,107.90317747295325,9144.0
2550.0,NEP345,2.227097658320478,107.61020499806655,9144.0
2550.0,NEP347,2.326433550142981,108.1884241394226,9144.0
2560.0,MAS642,1.668539248422014,110.46966201529848,9144.0
2560.0,MAS643,1.448564704566892,104.01966272924685,9144.0
2560.0,MAS8792,-5.598118727993871,118.9000173733829,9144.0
2560.0,MMA231,10.633506393489354,100.02126566466403,9144.0
2560.0,MMA232,7.816651849486331,101.4626984086229,9144.0
2560.0,MWG3752,3.3278399479851006,113.56031318521116,9144.0
2560.0,MWG3753,1.4689178383147259,110.35075377571329,9144.0
2560.0,MXD1636,1.4098644468101442,107.13583406308523,9144.0
2560.0,MYU2211,16.030199228171046,111.56098481679562,9144.0
2560.0,NEP341,2.1408610935426435,107.93109415359264,9144.0
2560.0,NEP345,2.218521185117105,107.63751870045702,9144.0
2560.0,NEP347,2.3185877786728493,108.21652234403948,9144.0
2560.0,MAS642,1.668539248422014,110.46966201529848,9144.0
2560.0,MAS643,1.448564704566892,104.01966272924685,9144.0
2560.0,MAS8792,-5.598118727993871,118.9000173733829,9144.0
2560.0,MMA231,10.633506393489354,100.02126566466403,9144.0
2560.0,MMA232,7.816651849486331,101.4626984086229,9144.0
2560.0,MWG3752,3.3278399479851006,113.56031318521116,9144.0
2560.0,MWG3753,1.4689178383147259,110.35075377571329,9144.0
2560.0,MXD1636,1.4098644468101442,107.13583406308523,9144.0
2560.0,MYU2211,16.030199228171046,111.56098481679562,9144.0
2560.0,NEP341,2.1408610935426435,107.93109415359264,9144.0
2560.0,NEP345,2.218521185117105,107.63751870045702,9144.0
2560.0,NEP347,2.3185877786728493,108.21652234403948,9144.0
2570.0,MAS642,1.666790341888697,110.48949700207527,9144.0
2570.0,MAS643,1.4368201562328091,104.01447121108053,9144.0
2570.0,MAS8792,-5.5883883336576465,118.8689158037034,9144.0
2570.0,MMA231,10.606164427034921,100.03519664073606,9144.0
2570.0,MMA232,7.845430921089575,101.44795369246927,9144.0
2570.0,MWG3752,3.336791208845407,113.57682856874834,9144.0
2570.0,MWG3753,1.4623858854273784,110.35649879650622,9144.0
2570.0,MXD1636,1.410057982759362,107.16701010324998,9144.0
2570.0,MYU2211,16.00535601378921,111.54191539124297,9144.0
2570.0,NEP341,2.13261292295256,107.95901051906915,9144.0
2570.0,NEP345,2.2099441888654003,107.66483208026824,9144.0
2570.0,NEP347,2.311339228679547,108.24478062364169,9144.0
2570.0,MAS642,1.666790341888697,110.48949700207527,9144.0
2570.0,MAS643,1.4368201562328091,104.01447121108053,9144.0
2570.0,MAS8792,-5.5883883336576465,118.8689158037034,9144.0
2570.0,MMA231,10.606164427034921,100.03519664073606,9144.0
2570.0,MMA232,7.845430921089575,101.44795369246927,9144.0
2570.0,MWG3752,3.336791208845407,113.57682856874834,9144.0
2570.0,MWG3753,1.4623858854273784,110.35649879650622,9144.0
2570.0,MXD1636,1.410057982759362,107.16701010324998,9144.0
2570.0,MYU2211,16.00535601378921,111.54191539124297,9144.0
2570.0,NEP341,2.13261292295256,107.95901051906915,9144.0
2570.0,NEP345,2.2099441888654003,107.66483208026824,9144.0
2570.0,NEP347,2.311339228679547,108.24478062364169,9144.0
2580.0,MAS642,1.6610421519565575,110.5082104436519,9144.0
2580.0,MAS643,1.4262364473818534,104.01004085519169,9144.0
2580.0,MAS8792,-5.5786718445060535,118.83781036115742,9144.0
2580.0,MMA231,10.578826426379411,100.04913442668285,9144.0
2580.0,MMA232,7.874209210864563,101.43320639894972,9144.0
2580.0,MWG3752,3.345721926101232,113.59335525847811,9144.0
2580.0,MWG3753,1.4591860571388582,110.36458914377222,9144.0
2580.0,MXD1636,1.4102510905966625,107.19818614865765,9144.0
2580.0,MYU2211,15.98051110436487,111.52285072542888,9144.0
2580.0,NEP341,2.124364182738667,107.98692656663307,9144.0
2580.0,NEP345,2.201366669995405,107.69214513823064,9144.0
2580.0,NEP347,2.304073765565057,108.27309639986686,9144.0
2580.0,MAS642,1.6610421519565575,110.5082104436519,9144.0
2580.0,MAS643,1.4262364473818534,104.01004085519169,9144.0
2580.0,MAS8792,-5.5786718445060535,118.83781036115742,9144.0
2580.0,MMA231,10.578826426379411,100.04913442668285,9144.0
2580.0,MMA232,7.874209210864563,101.43320639894972,9144.0
2580.0,MWG3752,3.345721926101232,113.59335525847811,9144.0
2580.0,MWG3753,1.4591860571388582,110.36458914377222,9144.0
2580.0,MXD1636,1.4102510905966625,107.19818614865765,9144.0
2580.0,MYU2211,15.98051110436487,111.52285072542888,9144.0
2580.0,NEP341,2.124364182738667,107.98692656663307,9144.0
2580.0,NEP345,2.201366669995405,107.69214513823064,9144.0
2580.0,NEP347,2.304073765565057,108.27309639986686,9144.0
2590.0,MAS642,1.6519287959949231,110.52399153122757,9144.0
2590.0,MAS643,1.4164841883672468,104.0058800685022,9144.0
2590.0,MAS8792,-5.568952508275947,118.80670633150682,9144.0
2590.0,MMA231,10.551382341255149,100.06312342248891,9144.0
2590.0,MMA232,7.902996103075961,101.41847520057738,9144.0
2590.0,MWG3752,3.354640120557248,113.60988888291863,9144.0
2590.0,MWG3753,1.4600204987061487,110.37324954647057,9144.0
2590.0,MXD1636,1.410443769670005,107.22936219930101,9144.0
2590.0,MYU2211,15.955664502613823,111.50379081138097,9144.0
2590.0,NEP341,2.116114852017273,108.0148422906634,9144.0
2590.0,NEP345,2.192788628646296,107.7194578749833,9144.0
2590.0,NEP347,2.2960092487838417,108.30119453057745,9144.0
2590.0,MAS642,1.6519287959949231,110.52399153122757,9144.0
2590.0,MAS643,1.4164841883672468,104.0058800685022,9144.0
2590.0,MAS8792,-5.568952508275947,118.80670633150682,9144.0
2590.0,MMA231,10.551382341255149,100.06312342248891,9144.0
2590.0,MMA232,7.902996103075961,101.41847520057738,9144.0
2590.0,MWG3752,3.354640120557248,113.60988888291863,9144.0
2590.0,MWG3753,1.4600204987061487,110.37324954647057,9144.0
2590.0,MXD1636,1.410443769670005,107.22936219930101,9144.0
2590.0,MYU2211,15.955664502613823,111.50379081138097,9144.0
2590.0,NEP341,2.116114852017273,108.0148422906634,9144.0
2590.0,NEP345,2.192788628646296,107.7194578749833,9144.0
2590.0,NEP347,2.2960092487838417,108.30119453057745,9144.0
2600.0,MAS642,1.639868724404675,110.5367259442017,9144.0
2600.0,MAS643,1.4070421257138,104.00192146669956,9144.0
2600.0,MAS8792,-5.559102602687014,118.7756443143847,9144.0
2600.0,MMA231,10.523937598156289,100.07710983630108,9144.0
2600.0,MMA232,7.931782237480772,101.40374146347851,9144.0
2600.0,MWG3752,3.3636426269197712,113.62637674607512,9144.0
2600.0,MWG3753,1.4647061068074858,110.38057964596658,9144.0
2600.0,MXD1636,1.4106360192585714,107.26053825517319,9144.0
2600.0,MYU2211,15.930816211210109,111.48473564118775,9144.0
2600.0,NEP341,2.107864883195142,108.04275767763272,9144.0
2600.0,NEP345,2.1842100645743727,107.74677029104494,9144.0
2600.0,NEP347,2.287942899282878,108.32929197604189,9144.0
2600.0,MAS642,1.639868724404675,110.5367259442017,9144.0
2600.0,MAS643,1.4070421257138,104.00192146669956,9144.0
2600.0,MAS8792,-5.559102602687014,118.7756443143847,9144.0
2600.0,MMA231,10.523937598156289,100.07710983630108,9144.0
2600.0,MMA232,7.931782237480772,101.40374146347851,9144.0
2600.0,MWG3752,3.3636426269197712,113.62637674607512,9144.0
2600.0,MWG3753,1.4647061068074858,110.38057964596658,9144.0
2600.0,MXD1636,1.4106360192585714,107.26053825517319,9144.0
2600.0,MYU2211,15.930816211210109,111.48473564118775,9144.0
2600.0,NEP341,2.107864883195142,108.04275767763272,9144.0
2600.0,NEP345,2.1842100645743727,107.74677029104494,9144.0
2600.0,NEP347,2.287942899282878,108.32929197604189,9144.0
2610.0,MAS642,1.625180712221343,110.54630790351612,9144.0
2610.0,MAS643,1.397667375104918,103.99799112065881,9144.0
2610.0,MAS8792,-5.549250003235416,118.74458367912152,9144.0
2610.0,MMA231,10.49649210797856,100.09109349070899,9144.0
2610.0,MMA232,7.960512633575485,101.38889619610508,9144.0
2610.0,MWG3752,3.372525716773708,113.64300649713839,9144.0
2610.0,MXD1636,1.4108278385600557,107.29171431626781,9144.0
2610.0,MYU2211,15.905966232780756,111.46568520700615,9144.0
2610.0,NEP341,2.099614089240953,108.07067267273858,9144.0
2610.0,NEP345,2.175630977017674,107.77408238677131,9144.0
2610.0,NEP347,2.280292078483857,108.35750543600201,9144.0
2610.0,MAS642,1.625180712221343,110.54630790351612,9144.0
2610.0,MAS643,1.397667375104918,103.99799112065881,9144.0
2610.0,MAS8792,-5.549250003235416,118.74458367912152,9144.0
2610.0,MMA231,10.49649210797856,100.09109349070899,9144.0
2610.0,MMA232,7.960512633575485,101.38889619610508,9144.0
2610.0,MWG3752,3.372525716773708,113.64300649713839,9144.0
2610.0,MXD1636,1.4108278385600557,107.29171431626781,9144.0
2610.0,MYU2211,15.905966232780756,111.46568520700615,9144.0
2610.0,NEP341,2.099614089240953,108.07067267273858,9144.0
2610.0,NEP345,2.175630977017674,107.77408238677131,9144.0
2610.0,NEP347,2.280292078483857,108.35750543600201,9144.0
2620.0,MAS642,1.6086689781180594,110.55221280928059,9144.0
2620.0,MAS643,1.3885622238000206,103.99417383719748,9144.0
2620.0,MAS8792,-5.539489902476358,118.71349409291172,9144.0
2620.0,MMA231,10.469025228797074,100.1050324031898,9144.0
2620.0,MMA232,7.98924233116673,101.37404850758013,9144.0
2620.0,MWG3752,3.381440273870083,113.65969631018953,9144.0
2620.0,MXD1636,1.4110192266746195,107.32289038257903,9144.0
2620.0,MYU2211,15.881114569899522,111.44663950107027,9144.0
2620.0,NEP341,2.0948195611514637,108.09938487575832,9144.0
2620.0,NEP345,2.167051364488239,107.80139416228981,9144.0
2620.0,NEP347,2.271023445919331,108.38522859507118,9144.0
2620.0,MAS642,1.6086689781180594,110.55221280928059,9144.0
2620.0,MAS643,1.3885622238000206,103.99417383719748,9144.0
2620.0,MAS8792,-5.539489902476358,118.71349409291172,9144.0
2620.0,MMA231,10.469025228797074,100.1050324031898,9144.0
2620.0,MMA232,7.98924233116673,101.37404850758013,9144.0
2620.0,MWG3752,3.381440273870083,113.65969631018953,9144.0
2620.0,MXD1636,1.4110192266746195,107.32289038257903,9144.0
2620.0,MYU2211,15.881114569899522,111.44663950107027,9144.0
2620.0,NEP341,2.0948195611514637,108.09938487575832,9144.0
2620.0,NEP345,2.167051364488239,107.80139416228981,9144.0
2620.0,NEP347,2.271023445919331,108.38522859507118,9144.0
2630.0,MAS642,1.591237595752029,110.55411740956399,9144.0
2630.0,MAS643,1.3794570655612333,103.990356584941,9144.0
2630.0,MAS8792,-5.529727177323521,118.68240585175673,9144.0
2630.0,MMA231,10.44124196029691,100.11912895038034,9144.0
2630.0,MMA232,8.018028090756875,101.35931091645392,9144.0
2630.0,MWG3752,3.3904094673075993,113.67635687702766,9144.0
2630.0,MXD1636,1.4112101825843497,107.35406645410167,9144.0
2630.0,MYU2211,15.856261225079416,111.42759851570199,9144.0
2630.0,NEP341,2.0901037712025987,108.1276213435954,9144.0
2630.0,NEP345,2.158471224436232,107.82870561739368,9144.0
2630.0,NEP347,2.2617350488573247,108.41300822268317,9144.0
2630.0,MAS642,1.591237595752029,110.55411740956399,9144.0
2630.0,MAS643,1.3794570655612333,103.990356584941,9144.0
2630.0,MAS8792,-5.529727177323521,118.68240585175673,9144.0
2630.0,MMA231,10.44124196029691,100.11912895038034,9144.0
2630.0,MMA232,8.018028090756875,101.35931091645392,9144.0
2630.0,MWG3752,3.3904094673075993,113.67635687702766,9144.0
2630.0,MXD1636,1.4112101825843497,107.35406645410167,9144.0
2630.0,MYU2211,15.856261225079416,111.42759851570199,9144.0
2630.0,NEP341,2.0901037712025987,108.1276213435954,9144.0
2630.0,NEP345,2.158471224436232,107.82870561739368,9144.0
2630.0,NEP347,2.2617350488573247,108.41300822268317,9144.0
2640.0,MAS642,1.5741917513440276,110.5518806860323,9144.0
2640.0,MAS643,1.370351907322446,103.98653934724406,9144.0
2640.0,MAS8792,-5.519969566199731,118.65131650217678,9144.0
2640.0,MMA231,10.413457947682913,100.13322272329782,9144.0
2640.0,MMA232,8.046813180142198,101.34457094539101,9144.0
2640.0,MWG3752,3.3996021024183407,113.69343372825422,9144.0
2640.0,MXD1636,1.4114007051265174,107.38524253083138,9144.0
2640.0,MYU2211,15.831406200763663,111.40856224332377,9144.0
2640.0,NEP341,2.0853871097491194,108.15585758093847,9144.0
2640.0,NEP345,2.149890552669123,107.8560167513592,9144.0
2640.0,NEP347,2.251296958869974,108.44037576143454,9144.0
2640.0,MAS642,1.5741917513440276,110.5518806860323,9144.0
2640.0,MAS643,1.370351907322446,103.98653934724406,9144.0
2640.0,MAS8792,-5.519969566199731,118.65131650217678,9144.0
2640.0,MMA231,10.413457947682913,100.13322272329782,9144.0
2640.0,MMA232,8.046813180142198,101.34457094539101,9144.0
2640.0,MWG3752,3.3996021024183407,113.69343372825422,9144.0
2640.0,MXD1636,1.4114007051265174,107.38524253083138,9144.0
2640.0,MYU2211,15.831406200763663,111.40856224332377,9144.0
2640.0,NEP341,2.0853871097491194,108.15585758093847,9144.0
2640.0,NEP345,2.149890552669123,107.8560167513592,9144.0
2640.0,NEP347,2.251296958869974,108.44037576143454,9144.0
2650.0,MAS642,1.5581610590016133,110.5456673603893,9144.0
2650.0,MAS8792,-5.510226700811134,118.62028384799714,9144.0
2650.0,MMA231,10.385407732099777,100.14675920276883,9144.0
2650.0,MMA232,8.075579655381745,101.32979290466125,9144.0
2650.0,MWG3752,3.4086965604716988,113.71056341293398,9144.0
2650.0,MXD1636,1.4115907929581153,107.41641861276483,9144.0
2650.0,MYU2211,15.80654949931468,111.3895306764742,9144.0
2650.0,NEP341,2.080319851822878,108.18403284024149,9144.0
2650.0,NEP345,2.141309342252834,107.88332756259979,9144.0
2650.0,NEP347,2.240836726556218,108.46779881704781,9144.0
2650.0,MAS642,1.5581610590016133,110.5456673603893,9144.0
2650.0,MAS8792,-5.510226700811134,118.62028384799714,9144.0
2650.0,MMA231,10.385407732099777,100.14675920276883,9144.0
2650.0,MMA232,8.075579655381745,101.32979290466125,9144.0
2650.0,MWG3752,3.4086965604716988,113.71056341293398,9144.0
2650.0,MXD1636,1.4115907929581153,107.41641861276483,9144.0
2650.0,MYU2211,15.80654949931468,111.3895306764742,9144.0
2650.0,NEP341,2.080319851822878,108.18403284024149,9144.0
2650.0,NEP345,2.141309342252834,107.88332756259979,9144.0
2650.0,NEP347,2.240836726556218,108.46779881704781,9144.0
2660.0,MAS642,1.5450522608407822,110.5362220467046,9144.0
2660.0,MAS8792,-5.500446905857981,118.58926343068136,9144.0
2660.0,MMA231,10.357622509025692,100.16016513413176,9144.0
2660.0,MMA232,8.1043455673513,101.31501269073048,9144.0
2660.0,MWG3752,3.4176640761564356,113.72745540127859,9144.0
2660.0,MXD1636,1.411780444507797,107.44759469990002,9144.0
2660.0,MYU2211,15.781691123000533,111.37050380782712,9144.0
2660.0,NEP341,2.075241043821237,108.21226731569601,9144.0
2660.0,NEP345,2.1327275811516078,107.91063804792294,9144.0
2660.0,NEP347,2.232879749089758,108.49605105377013,9144.0
2660.0,MAS642,1.5450522608407822,110.5362220467046,9144.0
2660.0,MAS8792,-5.500446905857981,118.58926343068136,9144.0
2660.0,MMA231,10.357622509025692,100.16016513413176,9144.0
2660.0,MMA232,8.1043455673513,101.31501269073048,9144.0
2660.0,MWG3752,3.4176640761564356,113.72745540127859,9144.0
2660.0,MXD1636,1.411780444507797,107.44759469990002,9144.0
2660.0,MYU2211,15.781691123000533,111.37050380782712,9144.0
2660.0,NEP341,2.075241043821237,108.21226731569601,9144.0
2660.0,NEP345,2.1327275811516078,107.91063804792294,9144.0
2660.0,NEP347,2.232879749089758,108.49605105377013,9144.0
2670.0,MAS642,1.5356773148790737,110.52446002773561,9144.0
2670.0,MAS8792,-5.490682046091466,118.55829968886917,9144.0
2670.0,MMA231,10.32983672972676,100.17356868763807,9144.0
2670.0,MMA232,8.133110855935199,101.30023018032286,9144.0
2670.0,MWG3752,3.426609704232234,113.74435919020151,9144.0
2670.0,MXD1636,1.4119696579090828,107.47877079223666,9144.0
2670.0,MYU2211,15.75683107397803,111.35148163021559,9144.0
2670.0,NEP341,2.07022166587327,108.24051234125908,9144.0
2670.0,NEP345,2.124145246068689,107.93794820059146,9144.0
2670.0,NEP347,2.22493824239625,108.52424521456871,9144.0
2670.0,MAS642,1.5356773148790737,110.52446002773561,9144.0
2670.0,MAS8792,-5.490682046091466,118.55829968886917,9144.0
2670.0,MMA231,10.32983672972676,100.17356868763807,9144.0
2670.0,MMA232,8.133110855935199,101.30023018032286,9144.0
2670.0,MWG3752,3.426609704232234,113.74435919020151,9144.0
2670.0,MXD1636,1.4119696579090828,107.47877079223666,9144.0
2670.0,MYU2211,15.75683107397803,111.35148163021559,9144.0
2670.0,NEP341,2.07022166587327,108.24051234125908,9144.0
2670.0,NEP345,2.124145246068689,107.93794820059146,9144.0
2670.0,NEP347,2.22493824239625,108.52424521456871,9144.0
2680.0,MAS642,1.5301423086794705,110.51100426674844,9144.0
2680.0,MAS8792,-5.480971764951019,118.52731913351019,9144.0
2680.0,MMA231,10.302050395813417,100.18696987015618,9144.0
2680.0,MMA232,8.161866438316403,101.2854273490828,9144.0
2680.0,MWG3752,3.4353966339611435,113.76096457753539,9144.0
2680.0,MXD1636,1.4121584309047146,107.50994688977667,9144.0
2680.0,MYU2211,15.73196935427143,111.33246413666193,9144.0
2680.0,NEP341,2.065190850942108,108.26881656193426,9144.0
2680.0,NEP345,2.1155622796949616,107.96525800316171,9144.0
2680.0,NEP347,2.2177878546307537,108.55265050275767,9144.0
2680.0,MAS642,1.5301423086794705,110.51100426674844,9144.0
2680.0,MAS8792,-5.480971764951019,118.52731913351019,9144.0
2680.0,MMA231,10.302050395813417,100.18696987015618,9144.0
2680.0,MMA232,8.161866438316403,101.2854273490828,9144.0
2680.0,MWG3752,3.4353966339611435,113.76096457753539,9144.0
2680.0,MXD1636,1.4121584309047146,107.50994688977667,9144.0
2680.0,MYU2211,15.73196935427143,111.33246413666193,9144.0
2680.0,NEP341,2.065190850942108,108.26881656193426,9144.0
2680.0,NEP345,2.1155622796949616,107.96525800316171,9144.0
2680.0,NEP347,2.2177878546307537,108.55265050275767,9144.0
2690.0,MAS642,1.5285797222360704,110.49653803245904,9144.0
2690.0,MAS8792,-5.471276933908137,118.49639511853904,9144.0
2690.0,MMA231,10.274263508894771,100.20036868854982,9144.0
2690.0,MMA232,8.19062139392872,101.27062220778855,9144.0
2690.0,MWG3752,3.444325405187108,113.77749400977235,9144.0
2690.0,MXD1636,1.4123467607047024,107.5411229925251,9144.0
2690.0,MYU2211,15.707105965745164,111.31345132041625,9144.0
2690.0,NEP341,2.0601475307361232,108.29711846444457,9144.0
2690.0,NEP345,2.106978380274521,107.99256736124325,9144.0
2690.0,NEP347,2.2106659687828545,108.5809390607089,9144.0
2690.0,MAS642,1.5285797222360704,110.49653803245904,9144.0
2690.0,MAS8792,-5.471276933908137,118.49639511853904,9144.0
2690.0,MMA231,10.274263508894771,100.20036868854982,9144.0
2690.0,MMA232,8.19062139392872,101.27062220778855,9144.0
2690.0,MWG3752,3.444325405187108,113.77749400977235,9144.0
2690.0,MXD1636,1.4123467607047024,107.5411229925251,9144.0
2690.0,MYU2211,15.707105965745164,111.31345132041625,9144.0
2690.0,NEP341,2.0601475307361232,108.29711846444457,9144.0
2690.0,NEP345,2.106978380274521,107.99256736124325,9144.0
2690.0,NEP347,2.2106659687828545,108.5809390607089,9144.0
2700.0,MAS642,1.531113641393181,110.48221006972548,9144.0
2700.0,MAS8792,-5.4615799077093214,118.46547229900153,9144.0
2700.0,MMA231,10.246476070578584,100.21376514967798,9144.0
2700.0,MMA232,8.219391723699747,101.25584651505692,9144.0
2700.0,MWG3752,3.45331806084441,113.7941429730019,9144.0
2700.0,MXD1636,1.4125346437661708,107.57229910049136,9144.0
2700.0,MYU2211,15.68224091006838,111.29444317500663,9144.0
2700.0,NEP341,2.055103340324373,108.32542012215384,9144.0
2700.0,NEP345,2.102138247776015,108.02078296979631,9144.0
2700.0,NEP347,2.2036875581861812,108.60926327362253,9144.0
2700.0,MAS642,1.531113641393181,110.48221006972548,9144.0
2700.0,MAS8792,-5.4615799077093214,118.46547229900153,9144.0
2700.0,MMA231,10.246476070578584,100.21376514967798,9144.0
2700.0,MMA232,8.219391723699747,101.25584651505692,9144.0
2700.0,MWG3752,3.45331806084441,113.7941429730019,9144.0
2700.0,MXD1636,1.4125346437661708,107.57229910049136,9144.0
2700.0,MYU2211,15.68224091006838,111.29444317500663,9144.0
2700.0,NEP341,2.055103340324373,108.32542012215384,9144.0
2700.0,NEP345,2.102138247776015,108.02078296979631,9144.0
2700.0,NEP347,2.2036875581861812,108.60926327362253,9144.0
2710.0,MAS642,1.5338048438645988,110.46957743671994,9144.0
2710.0,MAS8792,-5.451877373432908,118.43455172326048,9144.0
2710.0,MMA231,10.21868808247127,100.22715926039493,9144.0
2710.0,MMA232,8.248161495338065,101.24106863922134,9144.0
2710.0,MWG3752,3.462364827803134,113.81076264676163,9144.0
2710.0,MXD1636,1.4127220754325607,107.60347521369133,9144.0
2710.0,MYU2211,15.657374188667932,111.27543969430553,9144.0
2710.0,NEP341,2.0501342650000964,108.3537349938795,9144.0
2710.0,NEP345,2.0972260888565466,108.04941430560208,9144.0
2710.0,NEP347,2.196722805784641,108.63752884731137,9144.0
2710.0,MAS642,1.5338048438645988,110.46957743671994,9144.0
2710.0,MAS8792,-5.451877373432908,118.43455172326048,9144.0
2710.0,MMA231,10.21868808247127,100.22715926039493,9144.0
2710.0,MMA232,8.248161495338065,101.24106863922134,9144.0
2710.0,MWG3752,3.462364827803134,113.81076264676163,9144.0
2710.0,MXD1636,1.4127220754325607,107.60347521369133,9144.0
2710.0,MYU2211,15.657374188667932,111.27543969430553,9144.0
2710.0,NEP341,2.0501342650000964,108.3537349938795,9144.0
2710.0,NEP345,2.0972260888565466,108.04941430560208,9144.0
2710.0,NEP347,2.196722805784641,108.63752884731137,9144.0
2720.0,MAS642,1.5320478207947328,110.45852897314177,9144.0
2720.0,MAS8792,-5.442166817860626,118.40363418825837,9144.0
2720.0,MMA231,10.190899546177874,100.24055102755015,9144.0
2720.0,MMA232,8.276930695448522,101.22628854973875,9144.0
2720.0,MWG3752,3.4713788814616633,113.82732323805891,9144.0
2720.0,MXD1636,1.412909049298524,107.63465133215108,9144.0
2720.0,MYU2211,15.632505802664754,111.25644087261968,9144.0
2720.0,NEP341,2.045153907501015,108.38210904706696,9144.0
2720.0,NEP345,2.092312947352277,108.07804538278522,9144.0
2720.0,NEP347,2.1897569556701817,108.6657940184914,9144.0
2720.0,MAS642,1.5320478207947328,110.45852897314177,9144.0
2720.0,MAS8792,-5.442166817860626,118.40363418825837,9144.0
2720.0,MMA231,10.190899546177874,100.24055102755015,9144.0
2720.0,MMA232,8.276930695448522,101.22628854973875,9144.0
2720.0,MWG3752,3.4713788814616633,113.82732323805891,9144.0
2720.0,MXD1636,1.412909049298524,107.63465133215108,9144.0
2720.0,MYU2211,15.632505802664754,111.25644087261968,9144.0
2720.0,NEP341,2.045153907501015,108.38210904706696,9144.0
2720.0,NEP345,2.092312947352277,108.07804538278522,9144.0
2720.0,NEP347,2.1897569556701817,108.6657940184914,9144.0
2730.0,MAS642,1.526451059430178,110.44892722420452,9144.0
2730.0,MAS8792,-5.432489035948366,118.37282874878292,9144.0
2730.0,MMA231,10.163110463302077,100.25394045798839,9144.0
2730.0,MMA232,8.305699280774837,101.21150615671502,9144.0
2730.0,MWG3752,3.48039245770637,113.84388424841032,9144.0
2730.0,MXD1636,1.4130955559786444,107.66582745591415,9144.0
2730.0,MYU2211,15.607635752785518,111.23744670481499,9144.0
2730.0,NEP341,2.0400626200971774,108.41046329061345,9144.0
2730.0,NEP345,2.0871545944516696,108.10663314711813,9144.0
2730.0,NEP347,2.1827876609685353,108.69405820805204,9144.0
2730.0,MAS642,1.526451059430178,110.44892722420452,9144.0
2730.0,MAS8792,-5.432489035948366,118.37282874878292,9144.0
2730.0,MMA231,10.163110463302077,100.25394045798839,9144.0
2730.0,MMA232,8.305699280774837,101.21150615671502,9144.0
2730.0,MWG3752,3.48039245770637,113.84388424841032,9144.0
2730.0,MXD1636,1.4130955559786444,107.66582745591415,9144.0
2730.0,MYU2211,15.607635752785518,111.23744670481499,9144.0
2730.0,NEP341,2.0400626200971774,108.41046329061345,9144.0
2730.0,NEP345,2.0871545944516696,108.10663314711813,9144.0
2730.0,NEP347,2.1827876609685353,108.69405820805204,9144.0
2740.0,MAS642,1.5219287270240498,110.4387747310336,9144.0
2740.0,MAS8792,-5.422808049223518,118.34202481995185,9144.0
2740.0,MMA231,10.135320835446167,100.26732755854957,9144.0
2740.0,MMA232,8.33445656894626,101.19670024401536,9144.0
2740.0,MWG3752,3.489325378411598,113.86048922170484,9144.0
2740.0,MXD1636,1.413281580365958,107.69700358505759,9144.0
2740.0,MYU2211,15.582764039236311,111.21845718649502,9144.0
2740.0,NEP341,2.03495983064153,108.43887662718286,9144.0
2740.0,NEP345,2.0819955542407564,108.13522069356635,9144.0
2740.0,NEP347,2.175788575201247,108.72243862380554,9144.0
2740.0,MAS642,1.5219287270240498,110.4387747310336,9144.0
2740.0,MAS8792,-5.422808049223518,118.34202481995185,9144.0
2740.0,MMA231,10.135320835446167,100.26732755854957,9144.0
2740.0,MMA232,8.33445656894626,101.19670024401536,9144.0
2740.0,MWG3752,3.489325378411598,113.86048922170484,9144.0
2740.0,MXD1636,1.413281580365958,107.69700358505759,9144.0
2740.0,MYU2211,15.582764039236311,111.21845718649502,9144.0
2740.0,NEP341,2.03495983064153,108.43887662718286,9144.0
2740.0,NEP345,2.0819955542407564,108.13522069356635,9144.0
2740.0,NEP347,2.175788575201247,108.72243862380554,9144.0
2750.0,MAS642,1.5175541119733509,110.42895408330244,9144.0
2750.0,MAS8792,-5.413096705569332,118.31123102923493,9144.0
2750.0,MMA231,10.107530664211033,100.2807123360688,9144.0
2750.0,MMA232,8.363161711759092,101.18191867635045,9144.0
2750.0,MWG3752,3.4978713711025797,113.87637605503019,9144.0
2750.0,MXD1636,1.4134670940409302,107.72817971973662,9144.0
2750.0,MYU2211,15.557890661515483,111.19947231426546,9144.0
2750.0,NEP341,2.030091386843015,108.46733102011699,9144.0
2750.0,NEP345,2.0768354961923987,108.16380796259031,9144.0
2750.0,NEP347,2.168779101330506,108.75081634027359,9144.0
2750.0,MAS642,1.5175541119733509,110.42895408330244,9144.0
2750.0,MAS8792,-5.413096705569332,118.31123102923493,9144.0
2750.0,MMA231,10.107530664211033,100.2807123360688,9144.0
2750.0,MMA232,8.363161711759092,101.18191867635045,9144.0
2750.0,MWG3752,3.4978713711025797,113.87637605503019,9144.0
2750.0,MXD1636,1.4134670940409302,107.72817971973662,9144.0
2750.0,MYU2211,15.557890661515483,111.19947231426546,9144.0
2750.0,NEP341,2.030091386843015,108.46733102011699,9144.0
2750.0,NEP345,2.0768354961923987,108.16380796259031,9144.0
2750.0,NEP347,2.168779101330506,108.75081634027359,9144.0
2760.0,MAS642,1.5135987569946074,110.418957102169,9144.0
2760.0,MAS8792,-5.4034187665777145,118.28054928839872,9144.0
2760.0,MMA231,10.079739951196151,100.29409479737636,9144.0
2760.0,MMA232,8.391866276330425,101.16713487086345,9144.0
2760.0,MWG3752,3.5064342223611358,113.89225391938682,9144.0
2760.0,MXD1636,1.4136520236054457,107.75935586037109,9144.0
2760.0,MYU2211,15.533015618123986,111.18049208614347,9144.0
2760.0,NEP341,2.025212109349826,108.49584458996554,9144.0
2760.0,NEP345,2.0718781635188335,108.19243104006806,9144.0
2760.0,NEP347,2.1617688659422036,108.77919373708684,9144.0
2760.0,MAS642,1.5135987569946074,110.418957102169,9144.0
2760.0,MAS8792,-5.4034187665777145,118.28054928839872,9144.0
2760.0,MMA231,10.079739951196151,100.29409479737636,9144.0
2760.0,MMA232,8.391866276330425,101.16713487086345,9144.0
2760.0,MWG3752,3.5064342223611358,113.89225391938682,9144.0
2760.0,MXD1636,1.4136520236054457,107.75935586037109,9144.0
2760.0,MYU2211,15.533015618123986,111.18049208614347,9144.0
2760.0,NEP341,2.025212109349826,108.49584458996554,9144.0
2760.0,NEP345,2.0718781635188335,108.19243104006806,9144.0
2760.0,NEP347,2.1617688659422036,108.77919373708684,9144.0
2770.0,MAS642,1.5096968705816214,110.40909551462165,9144.0
2770.0,MAS8792,-5.393739214708078,118.24986855074266,9144.0
2770.0,MMA231,10.051948697999563,100.30747494929761,9144.0
2770.0,MMA232,8.420570224551826,101.15234874804794,9144.0
2770.0,MWG3752,3.515190775914922,113.90849194765408,9144.0
2770.0,MXD1636,1.4138357341407497,107.79053201068412,9144.0
2770.0,MYU2211,15.508138906091983,111.16151650222658,9144.0
2770.0,NEP341,2.020331738677861,108.52435788671308,9144.0
2770.0,NEP345,2.0669406200502736,108.22093530717672,9144.0
2770.0,NEP347,2.15379806481864,108.80731592732722,9144.0
2770.0,MAS642,1.5096968705816214,110.40909551462165,9144.0
2770.0,MAS8792,-5.393739214708078,118.24986855074266,9144.0
2770.0,MMA231,10.051948697999563,100.30747494929761,9144.0
2770.0,MMA232,8.420570224551826,101.15234874804794,9144.0
2770.0,MWG3752,3.515190775914922,113.90849194765408,9144.0
2770.0,MXD1636,1.4138357341407497,107.79053201068412,9144.0
2770.0,MYU2211,15.508138906091983,111.16151650222658,9144.0
2770.0,NEP341,2.020331738677861,108.52435788671308,9144.0
2770.0,NEP345,2.0669406200502736,108.22093530717672,9144.0
2770.0,NEP347,2.15379806481864,108.80731592732722,9144.0
2780.0,MAS642,1.505785498832394,110.39923770569305,9144.0
2780.0,MAS8792,-5.384058044878908,118.21918881715264,9144.0
2780.0,MMA231,10.024156906217863,100.32085279865305,9144.0
2780.0,MMA232,8.449274167326909,101.13756151592412,9144.0
2780.0,MWG3752,3.5239467767347286,113.92473042773246,9144.0
2780.0,MXD1636,1.414028715542383,107.8217081075463,9144.0
2780.0,MYU2211,15.483260520148548,111.14254556586586,9144.0
2780.0,NEP341,2.0153767012983135,108.55285819987024,9144.0
2780.0,NEP345,2.0619989595740815,108.24943877127869,9144.0
2780.0,NEP347,2.141814032287532,108.83456323158842,9144.0
2780.0,MAS642,1.505785498832394,110.39923770569305,9144.0
2780.0,MAS8792,-5.384058044878908,118.21918881715264,9144.0
2780.0,MMA231,10.024156906217863,100.32085279865305,9144.0
2780.0,MMA232,8.449274167326909,101.13756151592412,9144.0
2780.0,MWG3752,3.5239467767347286,113.92473042773246,9144.0
2780.0,MXD1636,1.414028715542383,107.8217081075463,9144.0
2780.0,MYU2211,15.483260520148548,111.14254556586586,9144.0
2780.0,NEP341,2.0153767012983135,108.55285819987024,9144.0
2780.0,NEP345,2.0619989595740815,108.24943877127869,9144.0
2780.0,NEP347,2.141814032287532,108.83456323158842,9144.0
2790.0,MAS642,1.5016596834722316,110.38883961356903,9144.0
2790.0,MAS8792,-5.374375249991606,118.18851008915766,9144.0
2790.0,MMA231,9.996364577446178,100.3342283522582,9144.0
2790.0,MMA232,8.47787424201402,101.1228251641091,9144.0
2790.0,MWG3752,3.5326327018703276,113.9410067933554,9144.0
2790.0,MXD1636,1.4142203199505476,107.85276687687077,9144.0
2790.0,MYU2211,15.45838045112006,111.12357928592898,9144.0
2790.0,NEP341,2.0104102734970444,108.5814175463001,9144.0
2790.0,NEP345,2.057018455344361,108.27793537590459,9144.0
2790.0,NEP347,2.126449748639063,108.86019405615671,9144.0
2790.0,MAS642,1.5016596834722316,110.38883961356903,9144.0
2790.0,MAS8792,-5.374375249991606,118.18851008915766,9144.0
2790.0,MMA231,9.996364577446178,100.3342283522582,9144.0
2790.0,MMA232,8.47787424201402,101.1228251641091,9144.0
2790.0,MWG3752,3.5326327018703276,113.9410067933554,9144.0
2790.0,MXD1636,1.4142203199505476,107.85276687687077,9144.0
2790.0,MYU2211,15.45838045112006,111.12357928592898,9144.0
2790.0,NEP341,2.0104102734970444,108.5814175463001,9144.0
2790.0,NEP345,2.057018455344361,108.27793537590459,9144.0
2790.0,NEP347,2.126449748639063,108.86019405615671,9144.0
2800.0,MAS642,1.4975338059252967,110.37844156573887,9144.0
2800.0,MAS8792,-5.364690820045704,118.15783236921217,9144.0
2800.0,MMA231,9.968571713278145,100.34760161692361,9144.0
2800.0,MMA232,8.50647431670113,101.10808771393692,9144.0
2800.0,MWG3752,3.5416371823583526,113.95788125593677,9144.0
2800.0,MXD1636,1.4144062047847308,107.88382568346216,9144.0
2800.0,MYU2211,15.433498682390884,111.10461768180079,9144.0
2800.0,NEP341,2.0052343435880564,108.60993953171882,9144.0
2800.0,NEP345,2.0520350673751944,108.30643138681077,9144.0
2800.0,NEP347,2.1097971157839277,108.88500574885538,9144.0
2800.0,MAS642,1.4975338059252967,110.37844156573887,9144.0
2800.0,MAS8792,-5.364690820045704,118.15783236921217,9144.0
2800.0,MMA231,9.968571713278145,100.34760161692361,9144.0
2800.0,MMA232,8.50647431670113,101.10808771393692,9144.0
2800.0,MWG3752,3.5416371823583526,113.95788125593677,9144.0
2800.0,MXD1636,1.4144062047847308,107.88382568346216,9144.0
2800.0,MYU2211,15.433498682390884,111.10461768180079,9144.0
2800.0,NEP341,2.0052343435880564,108.60993953171882,9144.0
2800.0,NEP345,2.0520350673751944,108.30643138681077,9144.0
2800.0,NEP347,2.1097971157839277,108.88500574885538,9144.0
2810.0,MAS642,1.493407847945925,110.3680435693941,9144.0
2810.0,MAS8792,-5.35500474064803,118.1271556611718,9144.0
2810.0,MMA231,9.94077831530589,100.36097259945481,9144.0
2810.0,MWG3752,3.5507155757905218,113.97471608218565,9144.0
2810.0,MXD1636,1.4145915964469276,107.91488449548457,9144.0
2810.0,MYU2211,15.408615180225608,111.08566079705646,9144.0
2810.0,NEP341,2.0000466395438345,108.63852042680791,9144.0
2810.0,NEP345,2.047003236287086,108.33491878306357,9144.0
2810.0,NEP347,2.0929782515984816,108.91006348389594,9144.0
2810.0,MAS642,1.493407847945925,110.3680435693941,9144.0
2810.0,MAS8792,-5.35500474064803,118.1271556611718,9144.0
2810.0,MMA231,9.94077831530589,100.36097259945481,9144.0
2810.0,MWG3752,3.5507155757905218,113.97471608218565,9144.0
2810.0,MXD1636,1.4145915964469276,107.91488449548457,9144.0
2810.0,MYU2211,15.408615180225608,111.08566079705646,9144.0
2810.0,NEP341,2.0000466395438345,108.63852042680791,9144.0
2810.0,NEP345,2.047003236287086,108.33491878306357,9144.0
2810.0,NEP347,2.0929782515984816,108.91006348389594,9144.0
2820.0,MAS642,1.489240370811439,110.35766217501008,9144.0
2820.0,MAS8792,-5.3453169902897155,118.09647997116214,9144.0
2820.0,MMA231,9.912984385120007,100.37434130665227,9144.0
2820.0,MWG3752,3.559568721860022,113.99113430065371,9144.0
2820.0,MXD1636,1.4147764483538516,107.94594331320071,9144.0
2820.0,MYU2211,15.383729854461148,111.0667087549959,9144.0
2820.0,NEP341,1.9947635378874349,108.66708372859169,9144.0
2820.0,NEP345,2.041957354195674,108.36346473746973,9144.0
2820.0,NEP347,2.0762297778947527,108.9351681179377,9144.0
2820.0,MAS642,1.489240370811439,110.35766217501008,9144.0
2820.0,MAS8792,-5.3453169902897155,118.09647997116214,9144.0
2820.0,MMA231,9.912984385120007,100.37434130665227,9144.0
2820.0,MWG3752,3.559568721860022,113.99113430065371,9144.0
2820.0,MXD1636,1.4147764483538516,107.94594331320071,9144.0
2820.0,MYU2211,15.383729854461148,111.0667087549959,9144.0
2820.0,NEP341,1.9947635378874349,108.66708372859169,9144.0
2820.0,NEP345,2.041957354195674,108.36346473746973,9144.0
2820.0,NEP347,2.0762297778947527,108.9351681179377,9144.0
2830.0,MAS642,1.4815312662251572,110.34926022942989,9144.0
2830.0,MAS8792,-5.335627534786616,118.06580530935253,9144.0
2830.0,MMA231,9.885189924309525,100.3877077453113,9144.0
2830.0,MWG3752,3.5684212117431637,114.00755303230673,9144.0
2830.0,MXD1636,1.414960575345819,107.97700213769073,9144.0
2830.0,MYU2211,15.358842006314283,111.04776253879385,9144.0
2830.0,NEP341,1.989457563514333,108.69576492593406,9144.0
2830.0,NEP345,2.0370178045572422,108.3920292194049,9144.0
2830.0,NEP347,2.059382013608265,108.96041997363365,9144.0
2830.0,MAS642,1.4815312662251572,110.34926022942989,9144.0
2830.0,MAS8792,-5.335627534786616,118.06580530935253,9144.0
2830.0,MMA231,9.885189924309525,100.3877077453113,9144.0
2830.0,MWG3752,3.5684212117431637,114.00755303230673,9144.0
2830.0,MXD1636,1.414960575345819,107.97700213769073,9144.0
2830.0,MYU2211,15.358842006314283,111.04776253879385,9144.0
2830.0,NEP341,1.989457563514333,108.69576492593406,9144.0
2830.0,NEP345,2.0370178045572422,108.3920292194049,9144.0
2830.0,NEP347,2.059382013608265,108.96041997363365,9144.0
2840.0,MAS642,1.4721563182211372,110.34496659425689,9144.0
2840.0,MAS8792,-5.325936313888843,118.03513169422767,9144.0
2840.0,MMA231,9.857394934461883,100.40107192222206,9144.0
2840.0,MWG3752,3.5772351692620847,114.02399271959547,9144.0
2840.0,MXD1636,1.4153349323183289,108.00805925579371,9144.0
2840.0,MYU2211,15.333964717524774,111.02880367356245,9144.0
2840.0,NEP341,1.9842304355241884,108.7244605243414,9144.0
2840.0,NEP345,2.0320655252169253,108.42065246015437,9144.0
2840.0,NEP347,2.042502076441428,108.98565004029753,9144.0
2840.0,MAS642,1.4721563182211372,110.34496659425689,9144.0
2840.0,MAS8792,-5.325936313888843,118.03513169422767,9144.0
2840.0,MMA231,9.857394934461883,100.40107192222206,9144.0
2840.0,MWG3752,3.5772351692620847,114.02399271959547,9144.0
2840.0,MXD1636,1.4153349323183289,108.00805925579371,9144.0
2840.0,MYU2211,15.333964717524774,111.02880367356245,9144.0
2840.0,NEP341,1.9842304355241884,108.7244605243414,9144.0
2840.0,NEP345,2.0320655252169253,108.42065246015437,9144.0
2840.0,NEP347,2.042502076441428,108.98565004029753,9144.0
2850.0,MAS642,1.4618503040091937,110.34465207784427,9144.0
2850.0,MAS8792,-5.316243198777998,118.0044591661455,9144.0
2850.0,MMA231,9.8295994171629,100.41443384416945,9144.0
2850.0,MWG3752,3.5862086485355724,114.04073128427815,9144.0
2850.0,MXD1636,1.4157092869237886,108.0391750714269,9144.0
2850.0,MYU2211,15.308613398425072,111.00948971497603,9144.0
2850.0,NEP341,1.978980780006857,108.7532739118142,9144.0
2850.0,NEP345,2.027007909411041,108.44925716357217,9144.0
2850.0,NEP347,2.025852519536797,109.01053415182918,9144.0
2850.0,MAS642,1.4618503040091937,110.34465207784427,9144.0
2850.0,MAS8792,-5.316243198777998,118.0044591661455,9144.0
2850.0,MMA231,9.8295994171629,100.41443384416945,9144.0
2850.0,MWG3752,3.5862086485355724,114.04073128427815,9144.0
2850.0,MXD1636,1.4157092869237886,108.0391750714269,9144.0
2850.0,MYU2211,15.308613398425072,111.00948971497603,9144.0
2850.0,NEP341,1.978980780006857,108.7532739118142,9144.0
2850.0,NEP345,2.027007909411041,108.44925716357217,9144.0
2850.0,NEP347,2.025852519536797,109.01053415182918,9144.0
2860.0,MAS642,1.4522311418963134,110.34836601978765,9144.0
2860.0,MAS8792,-5.306547747133821,117.97378786546378,9144.0
2860.0,MMA231,9.801803373996735,100.42779351793308,9144.0
2860.0,MWG3752,3.5951753949040604,114.05747363529007,9144.0
2860.0,MXD1636,1.4166944606564285,108.07027754515227,9144.0
2860.0,MYU2211,15.283260179764877,110.99018077374912,9144.0
2860.0,NEP341,1.9738342459840368,108.78210582980134,9144.0
2860.0,NEP345,2.02194936169628,108.4778616127258,9144.0
2860.0,NEP347,2.012453325411398,109.03731098381013,9144.0
2860.0,MAS642,1.4522311418963134,110.34836601978765,9144.0
2860.0,MAS8792,-5.306547747133821,117.97378786546378,9144.0
2860.0,MMA231,9.801803373996735,100.42779351793308,9144.0
2860.0,MWG3752,3.5951753949040604,114.05747363529007,9144.0
2860.0,MXD1636,1.4166944606564285,108.07027754515227,9144.0
2860.0,MYU2211,15.283260179764877,110.99018077374912,9144.0
2860.0,NEP341,1.9738342459840368,108.78210582980134,9144.0
2860.0,NEP345,2.02194936169628,108.4778616127258,9144.0
2860.0,NEP347,2.012453325411398,109.03731098381013,9144.0
2870.0,MAS642,1.4448089228022494,110.35552535178579,9144.0
2870.0,MAS8792,-5.296879249827697,117.94310846435317,9144.0
2870.0,MMA231,9.77400680654586,100.44115095028717,9144.0
2870.0,MWG3752,3.604869747745995,114.07557578974794,9144.0
2870.0,MXD1636,1.4176809878113439,108.10143866693797,9144.0
2870.0,MYU2211,15.257903930897916,110.97087844141234,9144.0
2870.0,NEP341,1.9686656568404828,108.81105545418242,9144.0
2870.0,NEP345,2.0170753068581315,108.50649802957736,9144.0
2870.0,NEP347,2.00303446313014,109.06529477105153,9144.0
2870.0,MAS642,1.4448089228022494,110.35552535178579,9144.0
2870.0,MAS8792,-5.296879249827697,117.94310846435317,9144.0
2870.0,MMA231,9.77400680654586,100.44115095028717,9144.0
2870.0,MWG3752,3.604869747745995,114.07557578974794,9144.0
2870.0,MXD1636,1.4176809878113439,108.10143866693797,9144.0
2870.0,MYU2211,15.257903930897916,110.97087844141234,9144.0
2870.0,NEP341,1.9686656568404828,108.81105545418242,9144.0
2870.0,NEP345,2.0170753068581315,108.50649802957736,9144.0
2870.0,NEP347,2.00303446313014,109.06529477105153,9144.0
2880.0,MAS642,1.4407488444362029,110.36500614143625,9144.0
2880.0,MAS8792,-5.287209006913338,117.9124300977586,9144.0
2880.0,MMA231,9.746209716391004,100.45450614800045,9144.0
2880.0,MWG3752,3.614562434031041,114.09367903334729,9144.0
2880.0,MXD1636,1.4186669505857799,108.13259981987254,9144.0
2880.0,MYU2211,15.232595215443908,110.95151153177159,9144.0
2880.0,NEP341,1.9636125487848015,108.84002539510945,9144.0
2880.0,NEP345,2.0121700740871966,108.53531185401043,9144.0
2880.0,NEP347,1.9945773122886197,109.09333419218206,9144.0
2880.0,MAS642,1.4407488444362029,110.36500614143625,9144.0
2880.0,MAS8792,-5.287209006913338,117.9124300977586,9144.0
2880.0,MMA231,9.746209716391004,100.45450614800045,9144.0
2880.0,MWG3752,3.614562434031041,114.09367903334729,9144.0
2880.0,MXD1636,1.4186669505857799,108.13259981987254,9144.0
2880.0,MYU2211,15.232595215443908,110.95151153177159,9144.0
2880.0,NEP341,1.9636125487848015,108.84002539510945,9144.0
2880.0,NEP345,2.0121700740871966,108.53531185401043,9144.0
2880.0,NEP347,1.9945773122886197,109.09333419218206,9144.0
2890.0,MAS642,1.4406882894934758,110.37532003310874,9144.0
2890.0,MAS8792,-5.2775369008035025,117.88175280236585,9144.0
2890.0,MMA231,9.718412105111124,100.46785911783613,9144.0
2890.0,MWG3752,3.6240844972919537,114.11187315188985,9144.0
2890.0,MXD1636,1.4196520177229963,108.1637610144228,9144.0
2890.0,MYU2211,15.207284254410268,110.93215010181207,9144.0
2890.0,NEP341,1.9585378998381582,108.86911296660818,9144.0
2890.0,NEP345,2.0071338607416944,108.5641029571758,9144.0
2890.0,NEP347,1.9861194693049276,109.12137326044753,9144.0
2890.0,MAS642,1.4406882894934758,110.37532003310874,9144.0
2890.0,MAS8792,-5.2775369008035025,117.88175280236585,9144.0
2890.0,MMA231,9.718412105111124,100.46785911783613,9144.0
2890.0,MWG3752,3.6240844972919537,114.11187315188985,9144.0
2890.0,MXD1636,1.4196520177229963,108.1637610144228,9144.0
2890.0,MYU2211,15.207284254410268,110.93215010181207,9144.0
2890.0,NEP341,1.9585378998381582,108.86911296660818,9144.0
2890.0,NEP345,2.0071338607416944,108.5641029571758,9144.0
2890.0,NEP347,1.9861194693049276,109.12137326044753,9144.0
2900.0,MAS642,1.4446367643601843,110.38484788861939,9144.0
2900.0,MAS8792,-5.267862556087023,117.851076696901,9144.0
2900.0,MMA231,9.690613974283346,100.48120986655174,9144.0
2900.0,MWG3752,3.633943525767834,114.13071324781063,9144.0
2900.0,MXD1636,1.4204211383187444,108.19492830072956,9144.0
2900.0,MYU2211,15.181774464790578,110.91307326558267,9144.0
2900.0,NEP341,1.9533647366941849,108.89818306926816,9144.0
2900.0,NEP345,2.0020863653081213,108.59295289282137,9144.0
2900.0,NEP347,1.980360356509682,109.15008906579718,9144.0
2900.0,MAS642,1.4446367643601843,110.38484788861939,9144.0
2900.0,MAS8792,-5.267862556087023,117.851076696901,9144.0
2900.0,MMA231,9.690613974283346,100.48120986655174,9144.0
2900.0,MWG3752,3.633943525767834,114.13071324781063,9144.0
2900.0,MXD1636,1.4204211383187444,108.19492830072956,9144.0
2900.0,MYU2211,15.181774464790578,110.91307326558267,9144.0
2900.0,NEP341,1.9533647366941849,108.89818306926816,9144.0
2900.0,NEP345,2.0020863653081213,108.59295289282137,9144.0
2900.0,NEP347,1.980360356509682,109.15008906579718,9144.0
2910.0,MAS642,1.4519744067267923,110.39209395663099,9144.0
2910.0,MAS8792,-5.258202057839729,117.82039666752173,9144.0
2910.0,MMA231,9.662815325482917,100.49455840089905,9144.0
2910.0,MWG3752,3.643923311797741,114.14948960728923,9144.0
2910.0,MXD1636,1.4211923009112604,108.22621275975928,9144.0
2910.0,MYU2211,15.156215194714457,110.89396639331007,9144.0
2910.0,NEP341,1.9481803524946704,108.92731179533912,9144.0
2910.0,NEP345,1.9970284757608563,108.62180091688037,9144.0
2910.0,NEP347,1.9745887339262032,109.1788633962654,9144.0
2910.0,MAS642,1.4519744067267923,110.39209395663099,9144.0
2910.0,MAS8792,-5.258202057839729,117.82039666752173,9144.0
2910.0,MMA231,9.662815325482917,100.49455840089905,9144.0
2910.0,MWG3752,3.643923311797741,114.14948960728923,9144.0
2910.0,MXD1636,1.4211923009112604,108.22621275975928,9144.0
2910.0,MYU2211,15.156215194714457,110.89396639331007,9144.0
2910.0,NEP341,1.9481803524946704,108.92731179533912,9144.0
2910.0,NEP345,1.9970284757608563,108.62180091688037,9144.0
2910.0,NEP347,1.9745887339262032,109.1788633962654,9144.0
2920.0,MAS8792,-5.248521843411981,117.78966228731831,9144.0
2920.0,MMA231,9.635016160283142,100.50790472762395,9144.0
2920.0,MWG3752,3.654180093317429,114.16878890339576,9144.0
2920.0,MXD1636,1.42198823579723,108.25749660874041,9144.0
2920.0,MYU2211,15.130711739866758,110.87478194440256,9144.0
2920.0,NEP341,1.9430278079321945,108.95644608787075,9144.0
2920.0,NEP345,1.9919696551211283,108.65064868877752,9144.0
2920.0,NEP347,1.969391127613414,109.20774697088004,9144.0
2920.0,MAS8792,-5.248521843411981,117.78966228731831,9144.0
2920.0,MMA231,9.635016160283142,100.50790472762395,9144.0
2920.0,MWG3752,3.654180093317429,114.16878890339576,9144.0
2920.0,MXD1636,1.42198823579723,108.25749660874041,9144.0
2920.0,MYU2211,15.130711739866758,110.87478194440256,9144.0
2920.0,NEP341,1.9430278079321945,108.95644608787075,9144.0
2920.0,NEP345,1.9919696551211283,108.65064868877752,9144.0
2920.0,NEP347,1.969391127613414,109.20774697088004,9144.0
2930.0,MAS8792,-5.238756741212483,117.75895547976239,9144.0
2930.0,MMA231,9.607216480255321,100.52124885346629,9144.0
2930.0,MWG3752,3.6646481452366086,114.18797418498474,9144.0
2930.0,MXD1636,1.4227848254698632,108.28883899968041,9144.0
2930.0,MYU2211,15.105253783485578,110.85563783317261,9144.0
2930.0,NEP341,1.937864116933773,108.98563897547605,9144.0
2930.0,NEP345,1.9867328890988787,108.67946455945399,9144.0
2930.0,NEP347,1.9642353009525957,109.2363941028827,9144.0
2930.0,MAS8792,-5.238756741212483,117.75895547976239,9144.0
2930.0,MMA231,9.607216480255321,100.52124885346629,9144.0
2930.0,MWG3752,3.6646481452366086,114.18797418498474,9144.0
2930.0,MXD1636,1.4227848254698632,108.28883899968041,9144.0
2930.0,MYU2211,15.105253783485578,110.85563783317261,9144.0
2930.0,NEP341,1.937864116933773,108.98563897547605,9144.0
2930.0,NEP345,1.9867328890988787,108.67946455945399,9144.0
2930.0,NEP347,1.9642353009525957,109.2363941028827,9144.0
2940.0,MAS8792,-5.2289722836675985,117.72819425858543,9144.0
2940.0,MMA231,9.579416286968677,100.53459078515978,9144.0
2940.0,MWG3752,3.675178237441299,114.2072749896364,9144.0
2940.0,MXD1636,1.4235064413714733,108.32018321733639,9144.0
2940.0,MYU2211,15.079793962194774,110.8364986765474,9144.0
2940.0,NEP341,1.9325707004237627,109.01480850183326,9144.0
2940.0,NEP345,1.9814737817477346,108.70839808062132,9144.0
2940.0,NEP347,1.9590737614613403,109.2650401165212,9144.0
2940.0,MAS8792,-5.2289722836675985,117.72819425858543,9144.0
2940.0,MMA231,9.579416286968677,100.53459078515978,9144.0
2940.0,MWG3752,3.675178237441299,114.2072749896364,9144.0
2940.0,MXD1636,1.4235064413714733,108.32018321733639,9144.0
2940.0,MYU2211,15.079793962194774,110.8364986765474,9144.0
2940.0,NEP341,1.9325707004237627,109.01480850183326,9144.0
2940.0,NEP345,1.9814737817477346,108.70839808062132,9144.0
2940.0,NEP347,1.9590737614613403,109.2650401165212,9144.0
2950.0,MAS8792,-5.219185995470971,117.6974341050101,9144.0
2950.0,MMA231,9.551615581990278,100.54793052943177,9144.0
2950.0,MWG3752,3.6855564687478894,114.22665843803658,9144.0
2950.0,MXD1636,1.4242272419729238,108.3515274635648,9144.0
2950.0,MYU2211,15.054329580756296,110.8173683171099,9144.0
2950.0,NEP341,1.9272658932766495,109.04403653101313,9144.0
2950.0,NEP345,1.9763511838634256,108.73735602190766,9144.0
2950.0,NEP347,1.9542755924843074,109.29374922100047,9144.0
2950.0,MAS8792,-5.219185995470971,117.6974341050101,9144.0
2950.0,MMA231,9.551615581990278,100.54793052943177,9144.0
2950.0,MWG3752,3.6855564687478894,114.22665843803658,9144.0
2950.0,MXD1636,1.4242272419729238,108.3515274635648,9144.0
2950.0,MYU2211,15.054329580756296,110.8173683171099,9144.0
2950.0,NEP341,1.9272658932766495,109.04403653101313,9144.0
2950.0,NEP345,1.9763511838634256,108.73735602190766,9144.0
2950.0,NEP347,1.9542755924843074,109.29374922100047,9144.0
2960.0,MAS8792,-5.209397569347934,117.6666751169265,9144.0
2960.0,MMA231,9.52381436688495,100.56126809300312,9144.0
2960.0,MWG3752,3.6962415851872614,114.24661707914827,9144.0
2960.0,MXD1636,1.4249045301794088,108.38287269001295,9144.0
2960.0,MYU2211,15.028858822696195,110.79824934705819,9144.0
2960.0,NEP341,1.9219557308625992,109.07326349559537,9144.0
2960.0,NEP345,1.9712174182523694,108.7663726834571,9144.0
2960.0,NEP347,1.948810008735754,109.32197059722657,9144.0
2960.0,MAS8792,-5.209397569347934,117.6666751169265,9144.0
2960.0,MMA231,9.52381436688495,100.56126809300312,9144.0
2960.0,MWG3752,3.6962415851872614,114.24661707914827,9144.0
2960.0,MXD1636,1.4249045301794088,108.38287269001295,9144.0
2960.0,MYU2211,15.028858822696195,110.79824934705819,9144.0
2960.0,NEP341,1.9219557308625992,109.07326349559537,9144.0
2960.0,NEP345,1.9712174182523694,108.7663726834571,9144.0
2960.0,NEP347,1.948810008735754,109.32197059722657,9144.0
2970.0,MAS8792,-5.19959652485596,117.6359206598362,9144.0
2970.0,MMA231,9.49601264321518,100.57460348258796,9144.0
2970.0,MWG3752,3.706801191786589,114.2666429241402,9144.0
2970.0,MXD1636,1.425583551147271,108.4143348544969,9144.0
2970.0,MYU2211,15.003385951410143,110.77913567524567,9144.0
2970.0,NEP341,1.9167915373903546,109.10251654571796,9144.0
2970.0,NEP345,1.9660773466598895,108.79538813782001,9144.0
2970.0,NEP347,1.9433437214016331,109.35019174553868,9144.0
2970.0,MAS8792,-5.19959652485596,117.6359206598362,9144.0
2970.0,MMA231,9.49601264321518,100.57460348258796,9144.0
2970.0,MWG3752,3.706801191786589,114.2666429241402,9144.0
2970.0,MXD1636,1.425583551147271,108.4143348544969,9144.0
2970.0,MYU2211,15.003385951410143,110.77913567524567,9144.0
2970.0,NEP341,1.9167915373903546,109.10251654571796,9144.0
2970.0,NEP345,1.9660773466598895,108.79538813782001,9144.0
2970.0,NEP347,1.9433437214016331,109.35019174553868,9144.0
2980.0,MAS8792,-5.189894078852837,117.6051351699476,9144.0
2980.0,MMA231,9.468210412541003,100.58793670489348,9144.0
2980.0,MWG3752,3.7170865763721217,114.28615072046455,9144.0
2980.0,MXD1636,1.4263133604412492,108.44579589111751,9144.0
2980.0,MYU2211,14.977944950719985,110.75997883878907,9144.0
2980.0,NEP341,1.9116099130297037,109.13182699412586,9144.0
2980.0,NEP345,1.960984277462049,108.82441180069262,9144.0
2980.0,NEP347,1.937495779331416,109.37833609902609,9144.0
2980.0,MAS8792,-5.189894078852837,117.6051351699476,9144.0
2980.0,MMA231,9.468210412541003,100.58793670489348,9144.0
2980.0,MWG3752,3.7170865763721217,114.28615072046455,9144.0
2980.0,MXD1636,1.4263133604412492,108.44579589111751,9144.0
2980.0,MYU2211,14.977944950719985,110.75997883878907,9144.0
2980.0,NEP341,1.9116099130297037,109.13182699412586,9144.0
2980.0,NEP345,1.960984277462049,108.82441180069262,9144.0
2980.0,NEP347,1.937495779331416,109.37833609902609,9144.0
2990.0,MAS8792,-5.180189823285547,117.57435072827279,9144.0
2990.0,MMA231,9.440407676419893,100.60126776661969,9144.0
2990.0,MWG3752,3.7271690783239326,114.3057648137924,9144.0
2990.0,MXD1636,1.4270424183184809,108.47725695514099,9144.0
2990.0,MYU2211,14.952549177203977,110.74086273096073,9144.0
2990.0,NEP341,1.9063879368068801,109.16113018331419,9144.0
2990.0,NEP345,1.9558771187732276,108.85349362897591,9144.0
2990.0,NEP347,1.9317950972810016,109.40576816337058,9144.0
2990.0,MAS8792,-5.180189823285547,117.57435072827279,9144.0
2990.0,MMA231,9.440407676419893,100.60126776661969,9144.0
2990.0,MWG3752,3.7271690783239326,114.3057648137924,9144.0
2990.0,MXD1636,1.4270424183184809,108.47725695514099,9144.0
2990.0,MYU2211,14.952549177203977,110.74086273096073,9144.0
2990.0,NEP341,1.9063879368068801,109.16113018331419,9144.0
2990.0,NEP345,1.9558771187732276,108.85349362897591,9144.0
2990.0,NEP347,1.9317950972810016,109.40576816337058,9144.0
3000.0,MAS8792,-5.170483481256249,117.54356742213861,9144.0
3000.0,MMA231,9.41260443640662,100.6145966744591,9144.0
3000.0,MWG3752,3.736769426951097,114.32444391058463,9144.0
3000.0,MXD1636,1.427822970457553,108.5087167936173,9144.0
3000.0,MYU2211,14.927184220015839,110.72170510356814,9144.0
3000.0,NEP341,1.9009180624241686,109.19008409334472,9144.0
3000.0,NEP345,1.9508018020644642,108.88258094979543,9144.0
3000.0,NEP347,1.9259641780667003,109.43317271508381,9144.0
3000.0,MAS8792,-5.170483481256249,117.54356742213861,9144.0
3000.0,MMA231,9.41260443640662,100.6145966744591,9144.0
3000.0,MWG3752,3.736769426951097,114.32444391058463,9144.0
3000.0,MXD1636,1.427822970457553,108.5087167936173,9144.0
3000.0,MYU2211,14.927184220015839,110.72170510356814,9144.0
3000.0,NEP341,1.9009180624241686,109.19008409334472,9144.0
3000.0,NEP345,1.9508018020644642,108.88258094979543,9144.0
3000.0,NEP347,1.9259641780667003,109.43317271508381,9144.0
3010.0,MAS8792,-5.160770541861264,117.5127866857753,9144.0
3010.0,MMA231,9.3848006940531,100.62792343509643,9144.0
3010.0,MWG3752,3.7468778775373988,114.34285205229007,9144.0
3010.0,MXD1636,1.4286028020070067,108.54017666065073,9144.0
3010.0,MYU2211,14.901817282142783,110.70255254398185,9144.0
3010.0,NEP341,1.8955365749649045,109.21856610602042,9144.0
3010.0,NEP345,1.945725606881644,108.9116680294809,9144.0
3010.0,NEP347,1.9202469596236933,109.46003948030722,9144.0
3010.0,MAS8792,-5.160770541861264,117.5127866857753,9144.0
3010.0,MMA231,9.3848006940531,100.62792343509643,9144.0
3010.0,MWG3752,3.7468778775373988,114.34285205229007,9144.0
3010.0,MXD1636,1.4286028020070067,108.54017666065073,9144.0
3010.0,MYU2211,14.901817282142783,110.70255254398185,9144.0
3010.0,NEP341,1.8955365749649045,109.21856610602042,9144.0
3010.0,NEP345,1.945725606881644,108.9116680294809,9144.0
3010.0,NEP347,1.9202469596236933,109.46003948030722,9144.0
3020.0,MAS8792,-5.151039056668773,117.48201232715608,9144.0
3020.0,MMA231,9.356996450908232,100.64124805520828,9144.0
3020.0,MWG3752,3.756519280639846,114.3606831349249,9144.0
3020.0,MXD1636,1.4295596859656245,108.57163165035527,9144.0
3020.0,MYU2211,14.876544756370349,110.68326905727609,9144.0
3020.0,NEP341,1.889995214903518,109.24701732207383,9144.0
3020.0,NEP345,1.9406347386446388,108.94075245401508,9144.0
3020.0,NEP347,1.9137383527260352,109.48672527063637,9144.0
3020.0,MAS8792,-5.151039056668773,117.48201232715608,9144.0
3020.0,MMA231,9.356996450908232,100.64124805520828,9144.0
3020.0,MWG3752,3.756519280639846,114.3606831349249,9144.0
3020.0,MXD1636,1.4295596859656245,108.57163165035527,9144.0
3020.0,MYU2211,14.876544756370349,110.68326905727609,9144.0
3020.0,NEP341,1.889995214903518,109.24701732207383,9144.0
3020.0,NEP345,1.9406347386446388,108.94075245401508,9144.0
3020.0,NEP347,1.9137383527260352,109.48672527063637,9144.0
3030.0,MAS8792,-5.1412674690665545,117.45112922770505,9144.0
3030.0,MMA231,9.329191708517707,100.65457054146268,9144.0
3030.0,MWG3752,3.7653276089834216,114.37697493180379,9144.0
3030.0,MXD1636,1.4305158183245035,108.60308667603317,9144.0
3030.0,MYU2211,14.851223198693848,110.66395476659238,9144.0
3030.0,NEP341,1.8844761791695037,109.275350103825,9144.0
3030.0,NEP345,1.9355326920798424,108.96989551339031,9144.0
3030.0,NEP347,1.9073309722036307,109.51299310741494,9144.0
3030.0,MAS8792,-5.1412674690665545,117.45112922770505,9144.0
3030.0,MMA231,9.329191708517707,100.65457054146268,9144.0
3030.0,MWG3752,3.7653276089834216,114.37697493180379,9144.0
3030.0,MXD1636,1.4305158183245035,108.60308667603317,9144.0
3030.0,MYU2211,14.851223198693848,110.66395476659238,9144.0
3030.0,NEP341,1.8844761791695037,109.275350103825,9144.0
3030.0,NEP345,1.9355326920798424,108.96989551339031,9144.0
3030.0,NEP347,1.9073309722036307,109.51299310741494,9144.0
3040.0,MAS8792,-5.131536886866073,117.42023355073124,9144.0
3040.0,MMA231,9.301386468423784,100.66789090051863,9144.0
3040.0,MWG3752,3.7729489136716126,114.39385730347017,9144.0
3040.0,MXD1636,1.4313805850426757,108.6345443596407,9144.0
3040.0,MYU2211,14.825939396523111,110.64458987292284,9144.0
3040.0,NEP341,1.879787742959245,109.30383219747247,9144.0
3040.0,NEP345,1.9303011777354462,108.9990154943759,9144.0
3040.0,NEP347,1.9007582562236325,109.53921991721876,9144.0
3040.0,MAS8792,-5.131536886866073,117.42023355073124,9144.0
3040.0,MMA231,9.301386468423784,100.66789090051863,9144.0
3040.0,MWG3752,3.7729489136716126,114.39385730347017,9144.0
3040.0,MXD1636,1.4313805850426757,108.6345443596407,9144.0
3040.0,MYU2211,14.825939396523111,110.64458987292284,9144.0
3040.0,NEP341,1.879787742959245,109.30383219747247,9144.0
3040.0,NEP345,1.9303011777354462,108.9990154943759,9144.0
3040.0,NEP347,1.9007582562236325,109.53921991721876,9144.0
3050.0,MAS8792,-5.12180212071322,117.3893396733585,9144.0
3050.0,MMA231,9.273580732165058,100.68120913902564,9144.0
3050.0,MWG3752,3.783426844312662,114.40716709547081,9144.0
3050.0,MXD1636,1.4322430153625032,108.66594364740126,9144.0
3050.0,MYU2211,14.800700572467777,110.625265968048,9144.0
3050.0,NEP341,1.87509866471605,109.33231410890647,9144.0
3050.0,NEP345,1.9250688031689716,109.02813523112683,9144.0
3050.0,NEP347,1.8942148649188388,109.56532692261987,9144.0
3050.0,MAS8792,-5.12180212071322,117.3893396733585,9144.0
3050.0,MMA231,9.273580732165058,100.68120913902564,9144.0
3050.0,MWG3752,3.783426844312662,114.40716709547081,9144.0
3050.0,MXD1636,1.4322430153625032,108.66594364740126,9144.0
3050.0,MYU2211,14.800700572467777,110.625265968048,9144.0
3050.0,NEP341,1.87509866471605,109.33231410890647,9144.0
3050.0,NEP345,1.9250688031689716,109.02813523112683,9144.0
3050.0,NEP347,1.8942148649188388,109.56532692261987,9144.0
3060.0,MAS8792,-5.1120029307383374,117.35846680658959,9144.0
3060.0,MMA231,9.245774501276175,100.69452526362308,9144.0
3060.0,MWG3752,3.7960806255550703,114.41666165172754,9144.0
3060.0,MXD1636,1.433150475480711,108.697341677678,9144.0
3060.0,MYU2211,14.77541337067115,110.60601208737225,9144.0
3060.0,NEP341,1.870408307420686,109.36079573327413,9144.0
3060.0,NEP345,1.9199140648241622,109.05726873880022,9144.0
3060.0,NEP347,1.8877719732698914,109.5914588418933,9144.0
3060.0,MAS8792,-5.1120029307383374,117.35846680658959,9144.0
3060.0,MMA231,9.245774501276175,100.69452526362308,9144.0
3060.0,MWG3752,3.7960806255550703,114.41666165172754,9144.0
3060.0,MXD1636,1.433150475480711,108.697341677678,9144.0
3060.0,MYU2211,14.77541337067115,110.60601208737225,9144.0
3060.0,NEP341,1.870408307420686,109.36079573327413,9144.0
3060.0,NEP345,1.9199140648241622,109.05726873880022,9144.0
3060.0,NEP347,1.8877719732698914,109.5914588418933,9144.0
3070.0,MAS8792,-5.102181953777894,117.3275404284254,9144.0
3070.0,MMA231,9.217967777287514,100.70783928093954,9144.0
3070.0,MWG3752,3.8092631340719256,114.4254039881144,9144.0
3070.0,MXD1636,1.4340555572253868,108.72868127520952,9144.0
3070.0,MYU2211,14.750124423179601,110.58676289814653,9144.0
3070.0,NEP341,1.8653775548769949,109.38921906438463,9144.0
3070.0,NEP345,1.9147376086694654,109.08651958397553,9144.0
3070.0,NEP347,1.8814320368668214,109.61717031804221,9144.0
3070.0,MAS8792,-5.102181953777894,117.3275404284254,9144.0
3070.0,MMA231,9.217967777287514,100.70783928093954,9144.0
3070.0,MWG3752,3.8092631340719256,114.4254039881144,9144.0
3070.0,MXD1636,1.4340555572253868,108.72868127520952,9144.0
3070.0,MYU2211,14.750124423179601,110.58676289814653,9144.0
3070.0,NEP341,1.8653775548769949,109.38921906438463,9144.0
3070.0,NEP345,1.9147376086694654,109.08651958397553,9144.0
3070.0,NEP347,1.8814320368668214,109.61717031804221,9144.0
3080.0,MAS8792,-5.092382099973881,117.29660776886189,9144.0
3080.0,MMA231,9.190160561724825,100.72115119759202,9144.0
3080.0,MWG3752,3.8216483729803934,114.43601534506587,9144.0
3080.0,MXD1636,1.4349277816163337,108.76002181694858,9144.0
3080.0,MYU2211,14.724833566013979,110.56751862656526,9144.0
3080.0,NEP341,1.8603350283207067,109.41770140145509,9144.0
3080.0,NEP345,1.9095549654628026,109.11576924401253,9144.0
3080.0,NEP347,1.874995883335745,109.6428577573713,9144.0
3080.0,MAS8792,-5.092382099973881,117.29660776886189,9144.0
3080.0,MMA231,9.190160561724825,100.72115119759202,9144.0
3080.0,MWG3752,3.8216483729803934,114.43601534506587,9144.0
3080.0,MXD1636,1.4349277816163337,108.76002181694858,9144.0
3080.0,MYU2211,14.724833566013979,110.56751862656526,9144.0
3080.0,NEP341,1.8603350283207067,109.41770140145509,9144.0
3080.0,NEP345,1.9095549654628026,109.11576924401253,9144.0
3080.0,NEP347,1.874995883335745,109.6428577573713,9144.0
3090.0,MAS8792,-5.082580610781874,117.26567610265768,9144.0
3090.0,MMA231,9.162352856108802,100.73446102018507,9144.0
3090.0,MWG3752,3.8333449627340936,114.4460371594667,9144.0
3090.0,MXD1636,1.4357976722156047,108.79130388369799,9144.0
3090.0,MYU2211,14.69948522270964,110.54835760971581,9144.0
3090.0,NEP341,1.8557561363471289,109.44626194808728,9144.0
3090.0,NEP345,1.9043610434106333,109.14507738977363,9144.0
3090.0,NEP347,1.868619445769829,109.66830409276109,9144.0
3090.0,MAS8792,-5.082580610781874,117.26567610265768,9144.0
3090.0,MMA231,9.162352856108802,100.73446102018507,9144.0
3090.0,MWG3752,3.8333449627340936,114.4460371594667,9144.0
3090.0,MXD1636,1.4357976722156047,108.79130388369799,9144.0
3090.0,MYU2211,14.69948522270964,110.54835760971581,9144.0
3090.0,NEP341,1.8557561363471289,109.44626194808728,9144.0
3090.0,NEP345,1.9043610434106333,109.14507738977363,9144.0
3090.0,NEP347,1.868619445769829,109.66830409276109,9144.0
3100.0,MAS8792,-5.072777441220978,117.23474544342241,9144.0
3100.0,MMA231,9.134544661954596,100.74776875530969,9144.0
3100.0,MWG3752,3.8451210997464336,114.45596509524313,9144.0
3100.0,MXD1636,1.4366915772304856,108.82258528524146,9144.0
3100.0,MYU2211,14.674182235934314,110.52923709222407,9144.0
3100.0,NEP341,1.851242493747834,109.47440493641025,9144.0
3100.0,NEP345,1.8990571173869577,109.17436571599877,9144.0
3100.0,NEP347,1.8622725256613615,109.69375772257393,9144.0
3100.0,MAS8792,-5.072777441220978,117.23474544342241,9144.0
3100.0,MMA231,9.134544661954596,100.74776875530969,9144.0
3100.0,MWG3752,3.8451210997464336,114.45596509524313,9144.0
3100.0,MXD1636,1.4366915772304856,108.82258528524146,9144.0
3100.0,MYU2211,14.674182235934314,110.52923709222407,9144.0
3100.0,NEP341,1.851242493747834,109.47440493641025,9144.0
3100.0,NEP345,1.8990571173869577,109.17436571599877,9144.0
3100.0,NEP347,1.8622725256613615,109.69375772257393,9144.0
3110.0,MAS8792,-5.062972503962577,117.20381581830692,9144.0
3110.0,MMA231,9.10673598077124,100.76107440954216,9144.0
3110.0,MWG3752,3.8564675596390594,114.46553124420575,9144.0
3110.0,MXD1636,1.437583113144186,108.85380817378108,9144.0
3110.0,MYU2211,14.648839794863399,110.51017469783085,9144.0
3110.0,NEP341,1.8463121011024575,109.50247776134778,9144.0
3110.0,NEP345,1.8937629446806168,109.20359510535648,9144.0
3110.0,NEP347,1.855940076539536,109.71915077683683,9144.0
3110.0,MAS8792,-5.062972503962577,117.20381581830692,9144.0
3110.0,MMA231,9.10673598077124,100.76107440954216,9144.0
3110.0,MWG3752,3.8564675596390594,114.46553124420575,9144.0
3110.0,MXD1636,1.437583113144186,108.85380817378108,9144.0
3110.0,MYU2211,14.648839794863399,110.51017469783085,9144.0
3110.0,NEP341,1.8463121011024575,109.50247776134778,9144.0
3110.0,NEP345,1.8937629446806168,109.20359510535648,9144.0
3110.0,NEP347,1.855940076539536,109.71915077683683,9144.0
3120.0,MAS8792,-5.05316556862082,117.17288730020347,9144.0
3120.0,MMA231,9.078926814060983,100.77437798944257,9144.0
3120.0,MWG3752,3.867554528927525,114.47539843560156,9144.0
3120.0,MXD1636,1.4384819122306713,108.88503086624752,9144.0
3120.0,MYU2211,14.623525420113621,110.49107470892183,9144.0
3120.0,NEP341,1.8414639725292135,109.53007201292202,9144.0
3120.0,NEP345,1.888623060647931,109.2328519634935,9144.0
3120.0,NEP347,1.8496597459676671,109.74455669499409,9144.0
3120.0,MAS8792,-5.05316556862082,117.17288730020347,9144.0
3120.0,MMA231,9.078926814060983,100.77437798944257,9144.0
3120.0,MWG3752,3.867554528927525,114.47539843560156,9144.0
3120.0,MXD1636,1.4384819122306713,108.88503086624752,9144.0
3120.0,MYU2211,14.623525420113621,110.49107470892183,9144.0
3120.0,NEP341,1.8414639725292135,109.53007201292202,9144.0
3120.0,NEP345,1.888623060647931,109.2328519634935,9144.0
3120.0,NEP347,1.8496597459676671,109.74455669499409,9144.0
3130.0,MAS8792,-5.0433546205516055,117.14196053252037,9144.0
3130.0,MMA231,9.051117163318484,100.78767950155313,9144.0
3130.0,MWG3752,3.8786413276879252,114.48526594874505,9144.0
3130.0,MXD1636,1.439376646364472,108.91613638169274,9144.0
3130.0,MYU2211,14.598204676550848,110.47198593812571,9144.0
3130.0,NEP341,1.8368790185960568,109.55771118635818,9144.0
3130.0,NEP345,1.8835030940225097,109.2619909941439,9144.0
3130.0,NEP347,1.8434536057119755,109.76965985526314,9144.0
3130.0,MAS8792,-5.0433546205516055,117.14196053252037,9144.0
3130.0,MMA231,9.051117163318484,100.78767950155313,9144.0
3130.0,MWG3752,3.8786413276879252,114.48526594874505,9144.0
3130.0,MXD1636,1.439376646364472,108.91613638169274,9144.0
3130.0,MYU2211,14.598204676550848,110.47198593812571,9144.0
3130.0,NEP341,1.8368790185960568,109.55771118635818,9144.0
3130.0,NEP345,1.8835030940225097,109.2619909941439,9144.0
3130.0,NEP347,1.8434536057119755,109.76965985526314,9144.0
3140.0,MAS8792,-5.033484175745653,117.11105331907373,9144.0
3140.0,MMA231,9.023307030029878,100.80097895239615,9144.0
3140.0,MWG3752,3.8900169503248536,114.49479762015312,9144.0
3140.0,MXD1636,1.4402238688671691,108.94724323987275,9144.0
3140.0,MYU2211,14.572640858512717,110.45324849175817,9144.0
3140.0,NEP341,1.8323519067983474,109.58498890674079,9144.0
3140.0,NEP345,1.8781925001637305,109.29109576096042,9144.0
3140.0,NEP347,1.8372417504227856,109.794761513032,9144.0
3140.0,MAS8792,-5.033484175745653,117.11105331907373,9144.0
3140.0,MMA231,9.023307030029878,100.80097895239615,9144.0
3140.0,MWG3752,3.8900169503248536,114.49479762015312,9144.0
3140.0,MXD1636,1.4402238688671691,108.94724323987275,9144.0
3140.0,MYU2211,14.572640858512717,110.45324849175817,9144.0
3140.0,NEP341,1.8323519067983474,109.58498890674079,9144.0
3140.0,NEP345,1.8781925001637305,109.29109576096042,9144.0
3140.0,NEP347,1.8372417504227856,109.794761513032,9144.0
3150.0,MAS8792,-5.023574856299435,117.0800372447585,9144.0
3150.0,MMA231,8.995496415671633,100.81427634847162,9144.0
3150.0,MWG3752,3.898074749044422,114.50685003802404,9144.0
3150.0,MXD1636,1.4410673509185101,108.9782327501005,9144.0
3150.0,MYU2211,14.547119802874192,110.43455541388548,9144.0
3150.0,NEP341,1.8274102138968946,109.61219442723161,9144.0
3150.0,NEP345,1.872870453986508,109.32025906191413,9144.0
3150.0,NEP347,1.831149662613231,109.81937660577002,9144.0
3150.0,MAS8792,-5.023574856299435,117.0800372447585,9144.0
3150.0,MMA231,8.995496415671633,100.81427634847162,9144.0
3150.0,MWG3752,3.898074749044422,114.50685003802404,9144.0
3150.0,MXD1636,1.4410673509185101,108.9782327501005,9144.0
3150.0,MYU2211,14.547119802874192,110.43455541388548,9144.0
3150.0,NEP341,1.8274102138968946,109.61219442723161,9144.0
3150.0,NEP345,1.872870453986508,109.32025906191413,9144.0
3150.0,NEP347,1.831149662613231,109.81937660577002,9144.0
3160.0,MAS8792,-5.013774446696762,117.04898678468017,9144.0
3160.0,MMA231,8.967685321709181,100.82757169625424,9144.0
3160.0,MWG3752,3.904988390993171,114.51983728852905,9144.0
3160.0,MXD1636,1.4419101313949114,109.0092222908987,9144.0
3160.0,MYU2211,14.521895809724683,110.41543900049642,9144.0
3160.0,NEP341,1.8227976050853414,109.63908478415844,9144.0
3160.0,NEP345,1.8676849110133351,109.34944688369367,9144.0
3160.0,NEP347,1.8250471441310512,109.8439890283231,9144.0
3160.0,MAS8792,-5.013774446696762,117.04898678468017,9144.0
3160.0,MMA231,8.967685321709181,100.82757169625424,9144.0
3160.0,MWG3752,3.904988390993171,114.51983728852905,9144.0
3160.0,MXD1636,1.4419101313949114,109.0092222908987,9144.0
3160.0,MYU2211,14.521895809724683,110.41543900049642,9144.0
3160.0,NEP341,1.8227976050853414,109.63908478415844,9144.0
3160.0,NEP345,1.8676849110133351,109.34944688369367,9144.0
3160.0,NEP347,1.8250471441310512,109.8439890283231,9144.0
3170.0,MAS8792,-5.003988089395339,117.01799315342889,9144.0
3170.0,MMA231,8.939873749595236,100.84086500218984,9144.0
3170.0,MWG3752,3.9119017851665325,114.53282477861161,9144.0
3170.0,MXD1636,1.4427658489473958,109.0402114885912,9144.0
3170.0,MYU2211,14.496620100166332,110.39629541379924,9144.0
3170.0,NEP341,1.8182468178708813,109.66561110582975,9144.0
3170.0,NEP345,1.8624777625122164,109.37875197537541,9144.0
3170.0,NEP347,1.8190653294291208,109.86811205280966,9144.0
3170.0,MAS8792,-5.003988089395339,117.01799315342889,9144.0
3170.0,MMA231,8.939873749595236,100.84086500218984,9144.0
3170.0,MWG3752,3.9119017851665325,114.53282477861161,9144.0
3170.0,MXD1636,1.4427658489473958,109.0402114885912,9144.0
3170.0,MYU2211,14.496620100166332,110.39629541379924,9144.0
3170.0,NEP341,1.8182468178708813,109.66561110582975,9144.0
3170.0,NEP345,1.8624777625122164,109.37875197537541,9144.0
3170.0,NEP347,1.8190653294291208,109.86811205280966,9144.0
3180.0,MAS8792,-4.994102657678223,116.98703168817882,9144.0
3180.0,MMA231,8.912061700767723,100.85415627269096,9144.0
3180.0,MWG3752,3.9149647621742636,114.54722162648036,9144.0
3180.0,MXD1636,1.4436159948094835,109.07102435617999,9144.0
3180.0,MYU2211,14.471112839802045,110.37748449687861,9144.0
3180.0,NEP341,1.8136550049283051,109.69213028205594,9144.0
3180.0,NEP345,1.8573828569120987,109.40807672579632,9144.0
3180.0,NEP347,1.8130718412489666,109.89223209668849,9144.0
3180.0,MAS8792,-4.994102657678223,116.98703168817882,9144.0
3180.0,MMA231,8.912061700767723,100.85415627269096,9144.0
3180.0,MWG3752,3.9149647621742636,114.54722162648036,9144.0
3180.0,MXD1636,1.4436159948094835,109.07102435617999,9144.0
3180.0,MYU2211,14.471112839802045,110.37748449687861,9144.0
3180.0,NEP341,1.8136550049283051,109.69213028205594,9144.0
3180.0,NEP345,1.8573828569120987,109.40807672579632,9144.0
3180.0,NEP347,1.8130718412489666,109.89223209668849,9144.0
3190.0,MAS8792,-4.984214146008814,116.95607168044347,9144.0
3190.0,MMA231,8.884249176647183,100.86744551413123,9144.0
3190.0,MWG3752,3.913962931677413,114.56119796331181,9144.0
3190.0,MXD1636,1.4444150630579085,109.10183860236734,9144.0
3190.0,MYU2211,14.445602435443154,110.35868028682064,9144.0
3190.0,NEP341,1.8091364434432893,109.7182228746197,9144.0
3190.0,NEP345,1.8523383384071126,109.4371070438301,9144.0
3190.0,NEP347,1.8071388078782924,109.91610626978765,9144.0
3190.0,MAS8792,-4.984214146008814,116.95607168044347,9144.0
3190.0,MMA231,8.884249176647183,100.86744551413123,9144.0
3190.0,MWG3752,3.913962931677413,114.56119796331181,9144.0
3190.0,MXD1636,1.4444150630579085,109.10183860236734,9144.0
3190.0,MYU2211,14.445602435443154,110.35868028682064,9144.0
3190.0,NEP341,1.8091364434432893,109.7182228746197,9144.0
3190.0,NEP345,1.8523383384071126,109.4371070438301,9144.0
3190.0,NEP347,1.8071388078782924,109.91610626978765,9144.0
3200.0,MAS8792,-4.974383600023197,116.92509354120915,9144.0
3200.0,MMA231,8.856436178633501,100.88073273283845,9144.0
3200.0,MWG3752,3.912991632207926,114.57474835217423,9144.0
3200.0,MXD1636,1.4452058878841403,109.13235811758348,9144.0
3200.0,MYU2211,14.420462919602752,110.339352948057,9144.0
3200.0,NEP341,1.8046326578757015,109.74431795952025,9144.0
3200.0,NEP345,1.847192647324124,109.4661194969199,9144.0
3200.0,NEP347,1.8011312529858894,109.93996170240952,9144.0
3200.0,MAS8792,-4.974383600023197,116.92509354120915,9144.0
3200.0,MMA231,8.856436178633501,100.88073273283845,9144.0
3200.0,MWG3752,3.912991632207926,114.57474835217423,9144.0
3200.0,MXD1636,1.4452058878841403,109.13235811758348,9144.0
3200.0,MYU2211,14.420462919602752,110.339352948057,9144.0
3200.0,NEP341,1.8046326578757015,109.74431795952025,9144.0
3200.0,NEP345,1.847192647324124,109.4661194969199,9144.0
3200.0,NEP347,1.8011312529858894,109.93996170240952,9144.0
3210.0,MAS8792,-4.9645676470086295,116.8941720972583,9144.0
3210.0,MMA231,8.828622708101694,100.89401793508547,9144.0
3210.0,MXD1636,1.4459945872949667,109.16287769843649,9144.0
3210.0,MYU2211,14.395320210861223,110.32003221600786,9144.0
3210.0,NEP341,1.8001811016796831,109.77010692509964,9144.0
3210.0,NEP345,1.8421090739322619,109.49477752416075,9144.0
3210.0,NEP347,1.7951850875020265,109.96357072072476,9144.0
3210.0,MAS8792,-4.9645676470086295,116.8941720972583,9144.0
3210.0,MMA231,8.828622708101694,100.89401793508547,9144.0
3210.0,MXD1636,1.4459945872949667,109.16287769843649,9144.0
3210.0,MYU2211,14.395320210861223,110.32003221600786,9144.0
3210.0,NEP341,1.8001811016796831,109.77010692509964,9144.0
3210.0,NEP345,1.8421090739322619,109.49477752416075,9144.0
3210.0,NEP347,1.7951850875020265,109.96357072072476,9144.0
3220.0,MAS8792,-4.954755257367357,116.86324997337223,9144.0
3220.0,MMA231,8.800808766396406,100.90730112707844,9144.0
3220.0,MXD1636,1.446942325542351,109.19339276449102,9144.0
3220.0,MYU2211,14.369922136368421,110.30107298838522,9144.0
3220.0,NEP341,1.7957541789462248,109.79590007229443,9144.0
3220.0,NEP345,1.8369193865559696,109.5234164223443,9144.0
3220.0,NEP347,1.789344235855171,109.9872059642671,9144.0
3220.0,MAS8792,-4.954755257367357,116.86324997337223,9144.0
3220.0,MMA231,8.800808766396406,100.90730112707844,9144.0
3220.0,MXD1636,1.446942325542351,109.19339276449102,9144.0
3220.0,MYU2211,14.369922136368421,110.30107298838522,9144.0
3220.0,NEP341,1.7957541789462248,109.79590007229443,9144.0
3220.0,NEP345,1.8369193865559696,109.5234164223443,9144.0
3220.0,NEP347,1.789344235855171,109.9872059642671,9144.0
3230.0,MAS8792,-4.944957585190943,116.83238454005071,9144.0
3230.0,MMA231,8.772994354824586,100.9205823149411,9144.0
3230.0,MXD1636,1.4478723657127424,109.22337481731859,9144.0
3230.0,MYU2211,14.34452121331922,110.28211997867966,9144.0
3230.0,NEP341,1.7913794240909977,109.82138593036048,9144.0
3230.0,NEP345,1.831804170971524,109.55164022545294,9144.0
3230.0,NEP347,1.7835638431572947,110.01059378768865,9144.0
3230.0,MAS8792,-4.944957585190943,116.83238454005071,9144.0
3230.0,MMA231,8.772994354824586,100.9205823149411,9144.0
3230.0,MXD1636,1.4478723657127424,109.22337481731859,9144.0
3230.0,MYU2211,14.34452121331922,110.28211997867966,9144.0
3230.0,NEP341,1.7913794240909977,109.82138593036048,9144.0
3230.0,NEP345,1.831804170971524,109.55164022545294,9144.0
3230.0,NEP347,1.7835638431572947,110.01059378768865,9144.0
3240.0,MAS8792,-4.935162813672626,116.801518635307,9144.0
3240.0,MMA231,8.745179474645514,100.93386150469337,9144.0
3240.0,MXD1636,1.44859775575998,109.25336253260096,9144.0
3240.0,MYU2211,14.319291059539644,110.26292765368139,9144.0
3240.0,NEP341,1.7870371917668502,109.84687729478932,9144.0
3240.0,NEP345,1.8268322588256871,109.57988957300425,9144.0
3240.0,NEP347,1.7777120396793784,110.03396375445197,9144.0
3240.0,MAS8792,-4.935162813672626,116.801518635307,9144.0
3240.0,MMA231,8.745179474645514,100.93386150469337,9144.0
3240.0,MXD1636,1.44859775575998,109.25336253260096,9144.0
3240.0,MYU2211,14.319291059539644,110.26292765368139,9144.0
3240.0,NEP341,1.7870371917668502,109.84687729478932,9144.0
3240.0,NEP345,1.8268322588256871,109.57988957300425,9144.0
3240.0,NEP347,1.7777120396793784,110.03396375445197,9144.0
3250.0,MAS8792,-4.92536531031599,116.7706540593427,9144.0
3250.0,MMA231,8.717364127056864,100.94713870222151,9144.0
3250.0,MXD1636,1.449296824255848,109.2823340033634,9144.0
3250.0,MYU2211,14.294105263979963,110.24377714311804,9144.0
3250.0,NEP341,1.7827574689768881,109.87199836803214,9144.0
3250.0,NEP345,1.8219436420172153,109.60766159408045,9144.0
3250.0,NEP347,1.771921505121432,110.05708571920722,9144.0
3250.0,MAS8792,-4.92536531031599,116.7706540593427,9144.0
3250.0,MMA231,8.717364127056864,100.94713870222151,9144.0
3250.0,MXD1636,1.449296824255848,109.2823340033634,9144.0
3250.0,MYU2211,14.294105263979963,110.24377714311804,9144.0
3250.0,NEP341,1.7827574689768881,109.87199836803214,9144.0
3250.0,NEP345,1.8219436420172153,109.60766159408045,9144.0
3250.0,NEP347,1.771921505121432,110.05708571920722,9144.0
3260.0,MAS8792,-4.915602333364496,116.73977891643678,9144.0
3260.0,MMA231,8.689548313174626,100.96041391323499,9144.0
3260.0,MXD1636,1.4501353248303295,109.31130178229158,9144.0
3260.0,MYU2211,14.268683943640058,110.22496307641728,9144.0
3260.0,NEP341,1.7785287175001232,109.89712802245062,9144.0
3260.0,NEP345,1.817049056496747,109.63543248741597,9144.0
3260.0,NEP347,1.7662358918145804,110.08023366109722,9144.0
3260.0,MAS8792,-4.915602333364496,116.73977891643678,9144.0
3260.0,MMA231,8.689548313174626,100.96041391323499,9144.0
3260.0,MXD1636,1.4501353248303295,109.31130178229158,9144.0
3260.0,MYU2211,14.268683943640058,110.22496307641728,9144.0
3260.0,NEP341,1.7785287175001232,109.89712802245062,9144.0
3260.0,NEP345,1.817049056496747,109.63543248741597,9144.0
3260.0,NEP347,1.7662358918145804,110.08023366109722,9144.0
3270.0,MAS8792,-4.905854282061838,116.7089604250195,9144.0
3270.0,MMA231,8.661732034003066,100.97368714320214,9144.0
3270.0,MXD1636,1.4509322110311766,109.33887506291292,9144.0
3270.0,MYU2211,14.243260281573221,110.20615449955179,9144.0
3270.0,NEP341,1.7743620112655403,109.92188561527306,9144.0
3270.0,NEP345,1.81224896847182,109.6626631459561,9144.0
3270.0,NEP347,1.7605953572741229,110.10319485768578,9144.0
3270.0,MAS8792,-4.905854282061838,116.7089604250195,9144.0
3270.0,MMA231,8.661732034003066,100.97368714320214,9144.0
3270.0,MXD1636,1.4509322110311766,109.33887506291292,9144.0
3270.0,MYU2211,14.243260281573221,110.20615449955179,9144.0
3270.0,NEP341,1.7743620112655403,109.92188561527306,9144.0
3270.0,NEP345,1.81224896847182,109.6626631459561,9144.0
3270.0,NEP347,1.7605953572741229,110.10319485768578,9144.0
3280.0,MAS8792,-4.896025027314296,116.67816837959886,9144.0
3280.0,MMA231,8.633915290387694,100.98695839724924,9144.0
3280.0,MXD1636,1.4525535755414836,109.36641216184275,9144.0
3280.0,MYU2211,14.217996430959182,110.1871202165229,9144.0
3280.0,NEP341,1.7701307162741358,109.94663218405941,9144.0
3280.0,NEP345,1.807320265265776,109.68987072242885,9144.0
3280.0,NEP347,1.7549207329884056,110.1261475754109,9144.0
3280.0,MAS8792,-4.896025027314296,116.67816837959886,9144.0
3280.0,MMA231,8.633915290387694,100.98695839724924,9144.0
3280.0,MXD1636,1.4525535755414836,109.36641216184275,9144.0
3280.0,MYU2211,14.217996430959182,110.1871202165229,9144.0
3280.0,NEP341,1.7701307162741358,109.94663218405941,9144.0
3280.0,NEP345,1.807320265265776,109.68987072242885,9144.0
3280.0,NEP347,1.7549207329884056,110.1261475754109,9144.0
3290.0,MAS8792,-4.88619332120615,116.64737757467626,9144.0
3290.0,MMA231,8.606098082937256,101.0002276799932,9144.0
3290.0,MXD1636,1.4582062241691343,109.39272076896528,9144.0
3290.0,MYU2211,14.192682897030156,110.16805590248023,9144.0
3290.0,NEP341,1.7659520354922682,109.97106754266747,9144.0
3290.0,NEP345,1.8024564057649846,109.71671642451408,9144.0
3290.0,NEP347,1.7492764161703682,110.14897559047401,9144.0
3290.0,MAS8792,-4.88619332120615,116.64737757467626,9144.0
3290.0,MMA231,8.606098082937256,101.0002276799932,9144.0
3290.0,MXD1636,1.4582062241691343,109.39272076896528,9144.0
3290.0,MYU2211,14.192682897030156,110.16805590248023,9144.0
3290.0,NEP341,1.7659520354922682,109.97106754266747,9144.0
3290.0,NEP345,1.8024564057649846,109.71671642451408,9144.0
3290.0,NEP347,1.7492764161703682,110.14897559047401,9144.0
3300.0,MAS8792,-4.8764016899070795,116.6165743586133,9144.0
3300.0,MMA231,8.578280411884176,101.0134949952423,9144.0
3300.0,MXD1636,1.4660630083518116,109.41839246368437,9144.0
3300.0,MYU2211,14.167298457731738,110.14909428636321,9144.0
3300.0,NEP341,1.7619093753882906,109.99552574141525,9144.0
3300.0,NEP345,1.7974865209602828,109.74354260834322,9144.0
3300.0,NEP347,1.7436251465383736,110.17180181505051,9144.0
3300.0,MAS8792,-4.8764016899070795,116.6165743586133,9144.0
3300.0,MMA231,8.578280411884176,101.0134949952423,9144.0
3300.0,MXD1636,1.4660630083518116,109.41839246368437,9144.0
3300.0,MYU2211,14.167298457731738,110.14909428636321,9144.0
3300.0,NEP341,1.7619093753882906,109.99552574141525,9144.0
3300.0,NEP345,1.7974865209602828,109.74354260834322,9144.0
3300.0,NEP347,1.7436251465383736,110.17180181505051,9144.0
3310.0,MAS8792,-4.866625224163347,116.58582775544127,9144.0
3310.0,MMA231,8.550462276807917,101.02676034540279,9144.0
3310.0,MXD1636,1.47391933302385,109.44406438945569,9144.0
3310.0,MYU2211,14.141911811705636,110.13013793145936,9144.0
3310.0,NEP341,1.7578558224030278,110.02004615189718,9144.0
3310.0,NEP345,1.7926733340571197,109.76951911575037,9144.0
3310.0,NEP347,1.73837828354588,110.19299226314526,9144.0
3310.0,MAS8792,-4.866625224163347,116.58582775544127,9144.0
3310.0,MMA231,8.550462276807917,101.02676034540279,9144.0
3310.0,MXD1636,1.47391933302385,109.44406438945569,9144.0
3310.0,MYU2211,14.141911811705636,110.13013793145936,9144.0
3310.0,NEP341,1.7578558224030278,110.02004615189718,9144.0
3310.0,NEP345,1.7926733340571197,109.76951911575037,9144.0
3310.0,NEP347,1.73837828354588,110.19299226314526,9144.0
3320.0,MAS8792,-4.8568326115219635,116.55508677530658,9144.0
3320.0,MMA231,8.522643675998092,101.04002373011305,9144.0
3320.0,MXD1636,1.4836179845893545,109.46909816329841,9144.0
3320.0,MYU2211,14.116550547777992,110.1111475950158,9144.0
3320.0,NEP341,1.7536600278748027,110.04454254614288,9144.0
3320.0,NEP345,1.788252132977877,109.7955652087262,9144.0
3320.0,NEP347,1.7330474233455573,110.21416165722745,9144.0
3320.0,MAS8792,-4.8568326115219635,116.55508677530658,9144.0
3320.0,MMA231,8.522643675998092,101.04002373011305,9144.0
3320.0,MXD1636,1.4836179845893545,109.46909816329841,9144.0
3320.0,MYU2211,14.116550547777992,110.1111475950158,9144.0
3320.0,NEP341,1.7536600278748027,110.04454254614288,9144.0
3320.0,NEP345,1.788252132977877,109.7955652087262,9144.0
3320.0,NEP347,1.7330474233455573,110.21416165722745,9144.0
3330.0,MAS8792,-4.84703764355534,116.5243469970676,9144.0
3330.0,MMA231,8.494824604588036,101.05328514224051,9144.0
3330.0,MXD1636,1.4933162246087015,109.49413220679345,9144.0
3330.0,MYU2211,14.09114024033179,110.09212640954517,9144.0
3330.0,NEP341,1.7495921588857006,110.0682881014488,9144.0
3330.0,NEP345,1.783892806856261,109.82124342323307,9144.0
3330.0,NEP347,1.7279247426109594,110.23450195423845,9144.0
3330.0,MAS8792,-4.84703764355534,116.5243469970676,9144.0
3330.0,MMA231,8.494824604588036,101.05328514224051,9144.0
3330.0,MXD1636,1.4933162246087015,109.49413220679345,9144.0
3330.0,MYU2211,14.09114024033179,110.09212640954517,9144.0
3330.0,NEP341,1.7495921588857006,110.0682881014488,9144.0
3330.0,NEP345,1.783892806856261,109.82124342323307,9144.0
3330.0,NEP347,1.7279247426109594,110.23450195423845,9144.0
3340.0,MAS8792,-4.837228179517975,116.49361232065127,9144.0
3340.0,MMA231,8.467005045724171,101.06654454894264,9144.0
3340.0,MXD1636,1.5026675730634518,109.51929808393577,9144.0
3340.0,MYU2211,14.065725228166512,110.07311402197239,9144.0
3340.0,NEP341,1.745720163301943,110.0920663630436,9144.0
3340.0,NEP345,1.7794763901286463,109.84691180928012,9144.0
3340.0,NEP347,1.7228562734753092,110.25485578571903,9144.0
3340.0,MAS8792,-4.837228179517975,116.49361232065127,9144.0
3340.0,MMA231,8.467005045724171,101.06654454894264,9144.0
3340.0,MXD1636,1.5026675730634518,109.51929808393577,9144.0
3340.0,MYU2211,14.065725228166512,110.07311402197239,9144.0
3340.0,NEP341,1.745720163301943,110.0920663630436,9144.0
3340.0,NEP345,1.7794763901286463,109.84691180928012,9144.0
3340.0,NEP347,1.7228562734753092,110.25485578571903,9144.0
3350.0,MAS8792,-4.8274347680607965,116.4629340086142,9144.0
3350.0,MMA231,8.439184471629817,101.07980082154646,9144.0
3350.0,MXD1636,1.5121471530515709,109.54481048071698,9144.0
3350.0,MYU2211,14.040342118468985,110.05405850689658,9144.0
3350.0,NEP341,1.7419400353968115,110.11527626177889,9144.0
3350.0,NEP345,1.7751229613559298,109.87221082987917,9144.0
3350.0,NEP347,1.7177712122281195,110.27527349238439,9144.0
3350.0,MAS8792,-4.8274347680607965,116.4629340086142,9144.0
3350.0,MMA231,8.439184471629817,101.07980082154646,9144.0
3350.0,MXD1636,1.5121471530515709,109.54481048071698,9144.0
3350.0,MYU2211,14.040342118468985,110.05405850689658,9144.0
3350.0,NEP341,1.7419400353968115,110.11527626177889,9144.0
3350.0,NEP345,1.7751229613559298,109.87221082987917,9144.0
3350.0,NEP347,1.7177712122281195,110.27527349238439,9144.0
3360.0,MAS8792,-4.81763958077423,116.43225671005102,9144.0
3360.0,MMA231,8.411024664177845,101.09230272409083,9144.0
3360.0,MXD1636,1.5212277058172898,109.57046782028029,9144.0
3360.0,MYU2211,14.014956001623183,110.03500935756693,9144.0
3360.0,NEP341,1.7379316208789097,110.13844774107515,9144.0
3360.0,NEP345,1.7707537679380954,109.89750707033674,9144.0
3360.0,NEP347,1.7126978746589778,110.29569406375185,9144.0
3360.0,MAS8792,-4.81763958077423,116.43225671005102,9144.0
3360.0,MMA231,8.411024664177845,101.09230272409083,9144.0
3360.0,MXD1636,1.5212277058172898,109.57046782028029,9144.0
3360.0,MYU2211,14.014956001623183,110.03500935756693,9144.0
3360.0,NEP341,1.7379316208789097,110.13844774107515,9144.0
3360.0,NEP345,1.7707537679380954,109.89750707033674,9144.0
3360.0,NEP347,1.7126978746589778,110.29569406375185,9144.0
3370.0,MAS8792,-4.807841933095099,116.40158064444228,9144.0
3370.0,MMA231,8.382595122824215,101.10492182672671,9144.0
3370.0,MXD1636,1.5301639626291828,109.59571902398345,9144.0
3370.0,MYU2211,13.989490342606274,110.01607542644817,9144.0
3370.0,NEP341,1.7339225604240356,110.16161905938169,9144.0
3370.0,NEP345,1.7664266888903049,109.92255613121813,9144.0
3370.0,NEP347,1.7076553153939455,110.3159860738938,9144.0
3370.0,MAS8792,-4.807841933095099,116.40158064444228,9144.0
3370.0,MMA231,8.382595122824215,101.10492182672671,9144.0
3370.0,MXD1636,1.5301639626291828,109.59571902398345,9144.0
3370.0,MYU2211,13.989490342606274,110.01607542644817,9144.0
3370.0,NEP341,1.7339225604240356,110.16161905938169,9144.0
3370.0,NEP345,1.7664266888903049,109.92255613121813,9144.0
3370.0,NEP347,1.7076553153939455,110.3159860738938,9144.0
3380.0,MAS8792,-4.7980778969531075,116.37089422752068,9144.0
3380.0,MMA231,8.35444981837719,101.11817498480694,9144.0
3380.0,MXD1636,1.5388141315541266,109.62106982949865,9144.0
3380.0,MYU2211,13.963974804234155,109.99711192655805,9144.0
3380.0,NEP341,1.7300973977831444,110.18482142639856,9144.0
3380.0,NEP345,1.7620729612571981,109.94760051110156,9144.0
3380.0,NEP347,1.7026284303657904,110.33628192310016,9144.0
3380.0,MAS8792,-4.7980778969531075,116.37089422752068,9144.0
3380.0,MMA231,8.35444981837719,101.11817498480694,9144.0
3380.0,MXD1636,1.5388141315541266,109.62106982949865,9144.0
3380.0,MYU2211,13.963974804234155,109.99711192655805,9144.0
3380.0,NEP341,1.7300973977831444,110.18482142639856,9144.0
3380.0,NEP345,1.7620729612571981,109.94760051110156,9144.0
3380.0,NEP347,1.7026284303657904,110.33628192310016,9144.0
3390.0,MAS8792,-4.788329323207713,116.34026439367342,9144.0
3390.0,MMA231,8.326250726790105,101.13145091440093,9144.0
3390.0,MXD1636,1.5471832311299671,109.64559855470927,9144.0
3390.0,MYU2211,13.937265693683068,109.9799842219331,9144.0
3390.0,NEP341,1.7262822199317953,110.20796032190582,9144.0
3390.0,NEP345,1.7577725402587872,109.97233498526612,9144.0
3390.0,NEP347,1.697709032764025,110.35612630567935,9144.0
3390.0,MAS8792,-4.788329323207713,116.34026439367342,9144.0
3390.0,MMA231,8.326250726790105,101.13145091440093,9144.0
3390.0,MXD1636,1.5471832311299671,109.64559855470927,9144.0
3390.0,MYU2211,13.937265693683068,109.9799842219331,9144.0
3390.0,NEP341,1.7262822199317953,110.20796032190582,9144.0
3390.0,NEP345,1.7577725402587872,109.97233498526612,9144.0
3390.0,NEP347,1.697709032764025,110.35612630567935,9144.0
3400.0,MAS8792,-4.778579888442816,116.30963527193785,9144.0
3400.0,MMA231,8.29785111637421,101.14428190302107,9144.0
3400.0,MXD1636,1.5558469753872706,109.67002478957171,9144.0
3400.0,MYU2211,13.910555167554744,109.96286084011118,9144.0
3400.0,NEP341,1.7224906620306448,110.23110305694719,9144.0
3400.0,NEP345,1.7535349631466333,109.9970802575869,9144.0
3400.0,NEP347,1.6927606260997352,110.37596341738997,9144.0
3400.0,MAS8792,-4.778579888442816,116.30963527193785,9144.0
3400.0,MMA231,8.29785111637421,101.14428190302107,9144.0
3400.0,MXD1636,1.5558469753872706,109.67002478957171,9144.0
3400.0,MYU2211,13.910555167554744,109.96286084011118,9144.0
3400.0,NEP341,1.7224906620306448,110.23110305694719,9144.0
3400.0,NEP345,1.7535349631466333,109.9970802575869,9144.0
3400.0,NEP347,1.6927606260997352,110.37596341738997,9144.0
3410.0,MAS8792,-4.7688109947955555,116.27895172351946,9144.0
3410.0,MMA231,8.269451010240838,101.15711084518534,9144.0
3410.0,MXD1636,1.564258886842439,109.69374259222124,9144.0
3410.0,MYU2211,13.883834417482268,109.945756370157,9144.0
3410.0,NEP341,1.7189077524331913,110.25296848482799,9144.0
3410.0,NEP345,1.7493501087092547,110.02151434137335,9144.0
3410.0,NEP347,1.687952278087087,110.39556089642097,9144.0
3410.0,MAS8792,-4.7688109947955555,116.27895172351946,9144.0
3410.0,MMA231,8.269451010240838,101.15711084518534,9144.0
3410.0,MXD1636,1.564258886842439,109.69374259222124,9144.0
3410.0,MYU2211,13.883834417482268,109.945756370157,9144.0
3410.0,NEP341,1.7189077524331913,110.25296848482799,9144.0
3410.0,NEP345,1.7493501087092547,110.02151434137335,9144.0
3410.0,NEP347,1.687952278087087,110.39556089642097,9144.0
3420.0,MAS8792,-4.759039109729476,116.24826957038924,9144.0
3420.0,MMA231,8.241149294087672,101.17015899025286,9144.0
3420.0,MXD1636,1.5729057820157573,109.71737577329742,9144.0
3420.0,MYU2211,13.85706268037246,109.92862443552761,9144.0
3420.0,NEP341,1.7154500115445261,110.27485403407931,9144.0
3420.0,NEP345,1.7450872939426418,110.04593487671116,9144.0
3420.0,NEP347,1.683255058234655,110.41470394758727,9144.0
3420.0,MAS8792,-4.759039109729476,116.24826957038924,9144.0
3420.0,MMA231,8.241149294087672,101.17015899025286,9144.0
3420.0,MXD1636,1.5729057820157573,109.71737577329742,9144.0
3420.0,MYU2211,13.85706268037246,109.92862443552761,9144.0
3420.0,NEP341,1.7154500115445261,110.27485403407931,9144.0
3420.0,NEP345,1.7450872939426418,110.04593487671116,9144.0
3420.0,NEP347,1.683255058234655,110.41470394758727,9144.0
3430.0,MAS8792,-4.749238313906009,116.21759714026811,9144.0
3430.0,MMA231,8.212847034547803,101.18320500013941,9144.0
3430.0,MXD1636,1.5814438804145798,109.74071311981629,9144.0
3430.0,MYU2211,13.830335204502193,109.91142132048327,9144.0
3430.0,NEP341,1.7121861755932333,110.29550725659867,9144.0
3430.0,NEP345,1.7408674892255154,110.07010573503091,9144.0
3430.0,NEP347,1.6751316999997907,110.43266197419095,9144.0
3430.0,MAS8792,-4.749238313906009,116.21759714026811,9144.0
3430.0,MMA231,8.212847034547803,101.18320500013941,9144.0
3430.0,MXD1636,1.5814438804145798,109.74071311981629,9144.0
3430.0,MYU2211,13.830335204502193,109.91142132048327,9144.0
3430.0,NEP341,1.7121861755932333,110.29550725659867,9144.0
3430.0,NEP345,1.7408674892255154,110.07010573503091,9144.0
3430.0,NEP347,1.6751316999997907,110.43266197419095,9144.0
3440.0,MAS8792,-4.739435836562131,116.18692568671446,9144.0
3440.0,MMA231,8.18450645134276,101.19616487865511,9144.0
3440.0,MXD1636,1.5895231862254302,109.76421345612407,9144.0
3440.0,MYU2211,13.803655839274729,109.89425435986962,9144.0
3440.0,NEP341,1.708148287184761,110.31602302763605,9144.0
3440.0,NEP345,1.7366318549792499,110.09427376765899,9144.0
3440.0,NEP347,1.6640382866862398,110.44728997945128,9144.0
3440.0,MAS8792,-4.739435836562131,116.18692568671446,9144.0
3440.0,MMA231,8.18450645134276,101.19616487865511,9144.0
3440.0,MXD1636,1.5895231862254302,109.76421345612407,9144.0
3440.0,MYU2211,13.803655839274729,109.89425435986962,9144.0
3440.0,NEP341,1.708148287184761,110.31602302763605,9144.0
3440.0,NEP345,1.7366318549792499,110.09427376765899,9144.0
3440.0,NEP347,1.6640382866862398,110.44728997945128,9144.0
3450.0,MAS8792,-4.729631316909494,116.15625532511748,9144.0
3450.0,MMA231,8.156218788754524,101.20909821671022,9144.0
3450.0,MXD1636,1.5974578245911732,109.78729475145086,9144.0
3450.0,MYU2211,13.776983936505603,109.87707707055888,9144.0
3450.0,NEP341,1.7042502915013242,110.33582203041755,9144.0
3450.0,NEP345,1.7324066480330258,110.11837916408135,9144.0
3450.0,NEP347,1.6504835469608232,110.458418751623,9144.0
3450.0,MAS8792,-4.729631316909494,116.15625532511748,9144.0
3450.0,MMA231,8.156218788754524,101.20909821671022,9144.0
3450.0,MXD1636,1.5974578245911732,109.78729475145086,9144.0
3450.0,MYU2211,13.776983936505603,109.87707707055888,9144.0
3450.0,NEP341,1.7042502915013242,110.33582203041755,9144.0
3450.0,NEP345,1.7324066480330258,110.11837916408135,9144.0
3450.0,NEP347,1.6504835469608232,110.458418751623,9144.0
3460.0,MAS8792,-4.719844147695582,116.12557981759906,9144.0
3460.0,MMA231,8.127941611890751,101.22205401982626,9144.0
3460.0,MXD1636,1.6055502199675364,109.81032125874388,9144.0
3460.0,MYU2211,13.750261146063634,109.85987213993732,9144.0
3460.0,NEP341,1.7008467037396537,110.35571203470533,9144.0
3460.0,NEP345,1.728330858480716,110.14251024532088,9144.0
3460.0,NEP347,1.6356503271927225,110.46533063061045,9144.0
3460.0,MAS8792,-4.719844147695582,116.12557981759906,9144.0
3460.0,MMA231,8.127941611890751,101.22205401982626,9144.0
3460.0,MXD1636,1.6055502199675364,109.81032125874388,9144.0
3460.0,MYU2211,13.750261146063634,109.85987213993732,9144.0
3460.0,NEP341,1.7008467037396537,110.35571203470533,9144.0
3460.0,NEP345,1.728330858480716,110.14251024532088,9144.0
3460.0,NEP347,1.6356503271927225,110.46533063061045,9144.0
3470.0,MAS8792,-4.7100200204188,116.09479452265566,9144.0
3470.0,MMA231,8.099663925999625,101.23500777773656,9144.0
3470.0,MXD1636,1.6134519191670516,109.83280699583374,9144.0
3470.0,MYU2211,13.723537490506653,109.84267059496032,9144.0
3470.0,NEP341,1.6972934260854777,110.37516846967193,9144.0
3470.0,NEP345,1.7242862614239283,110.16645323262746,9144.0
3470.0,NEP347,1.62300130970727,110.47571564037926,9144.0
3470.0,MAS8792,-4.7100200204188,116.09479452265566,9144.0
3470.0,MMA231,8.099663925999625,101.23500777773656,9144.0
3470.0,MXD1636,1.6134519191670516,109.83280699583374,9144.0
3470.0,MYU2211,13.723537490506653,109.84267059496032,9144.0
3470.0,NEP341,1.6972934260854777,110.37516846967193,9144.0
3470.0,NEP345,1.7242862614239283,110.16645323262746,9144.0
3470.0,NEP347,1.62300130970727,110.47571564037926,9144.0
3480.0,MAS8792,-4.700194047738812,116.06401025519149,9144.0
3480.0,MMA231,8.07139710370683,101.2479847941427,9144.0
3480.0,MXD1636,1.6214736369319611,109.85525025168432,9144.0
3480.0,MYU2211,13.696862053621333,109.82550499350748,9144.0
3480.0,NEP341,1.6937278261516813,110.39469064856233,9144.0
3480.0,NEP345,1.7201422263023067,110.19037914225957,9144.0
3480.0,NEP347,1.6134965507898245,110.48878410015514,9144.0
3480.0,MAS8792,-4.700194047738812,116.06401025519149,9144.0
3480.0,MMA231,8.07139710370683,101.2479847941427,9144.0
3480.0,MXD1636,1.6214736369319611,109.85525025168432,9144.0
3480.0,MYU2211,13.696862053621333,109.82550499350748,9144.0
3480.0,NEP341,1.6937278261516813,110.39469064856233,9144.0
3480.0,NEP345,1.7201422263023067,110.19037914225957,9144.0
3480.0,NEP347,1.6134965507898245,110.48878410015514,9144.0
3490.0,MAS8792,-4.6903643051710695,116.03322763317232,9144.0
3490.0,MMA231,8.043129787645782,101.26095980712239,9144.0
3490.0,MXD1636,1.629365300567848,109.8773317834185,9144.0
3490.0,MYU2211,13.6701851749598,109.80834371138931,9144.0
3490.0,NEP341,1.6902351230210202,110.41422597737588,9144.0
3490.0,NEP345,1.7160520190371422,110.21399094683365,9144.0
3490.0,NEP347,1.6017997189950122,110.49993178641208,9144.0
3490.0,MAS8792,-4.6903643051710695,116.03322763317232,9144.0
3490.0,MMA231,8.043129787645782,101.26095980712239,9144.0
3490.0,MXD1636,1.629365300567848,109.8773317834185,9144.0
3490.0,MYU2211,13.6701851749598,109.80834371138931,9144.0
3490.0,NEP341,1.6902351230210202,110.41422597737588,9144.0
3490.0,NEP345,1.7160520190371422,110.21399094683365,9144.0
3490.0,NEP347,1.6017997189950122,110.49993178641208,9144.0
3500.0,MAS8792,-4.680555252091598,116.00243879968689,9144.0
3500.0,MMA231,8.014847068073063,101.27389963633651,9144.0
3500.0,MXD1636,1.6368393509578996,109.8995583404234,9144.0
3500.0,MYU2211,13.643509384056541,109.79118257993329,9144.0
3500.0,NEP341,1.6867185806190461,110.43389282848894,9144.0
3500.0,NEP345,1.7119744230193077,110.23760488421925,9144.0
3500.0,NEP347,1.5888250838074216,110.50884190295228,9144.0
3500.0,MAS8792,-4.680555252091598,116.00243879968689,9144.0
3500.0,MMA231,8.014847068073063,101.27389963633651,9144.0
3500.0,MXD1636,1.6368393509578996,109.8995583404234,9144.0
3500.0,MYU2211,13.643509384056541,109.79118257993329,9144.0
3500.0,NEP341,1.6867185806190461,110.43389282848894,9144.0
3500.0,NEP345,1.7119744230193077,110.23760488421925,9144.0
3500.0,NEP347,1.5888250838074216,110.50884190295228,9144.0
3510.0,MAS8792,-4.6707094104982065,115.97154029075823,9144.0
3510.0,MMA231,7.9865638774549295,101.28683751783026,9144.0
3510.0,MXD1636,1.6442511558727355,109.92160241095615,9144.0
3510.0,MYU2211,13.616782652697418,109.77399389070399,9144.0
3510.0,NEP341,1.6831260984917684,110.45354590159278,9144.0
3510.0,NEP345,1.707950621141101,110.2609035055452,9144.0
3510.0,NEP347,1.5743489069613024,110.51385268458444,9144.0
3510.0,MAS8792,-4.6707094104982065,115.97154029075823,9144.0
3510.0,MMA231,7.9865638774549295,101.28683751783026,9144.0
3510.0,MXD1636,1.6442511558727355,109.92160241095615,9144.0
3510.0,MYU2211,13.616782652697418,109.77399389070399,9144.0
3510.0,NEP341,1.6831260984917684,110.45354590159278,9144.0
3510.0,NEP345,1.707950621141101,110.2609035055452,9144.0
3510.0,NEP347,1.5743489069613024,110.51385268458444,9144.0
3520.0,MAS8792,-4.660861920126646,115.94064274417484,9144.0
3520.0,MMA231,7.958317411740421,101.2998560540278,9144.0
3520.0,MXD1636,1.6520430938528363,109.94351497802964,9144.0
3520.0,MYU2211,13.590044500699996,109.75682595462646,9144.0
3520.0,NEP341,1.6797559211595847,110.47235247941533,9144.0
3520.0,NEP345,1.704049542334359,110.2842229605256,9144.0
3520.0,NEP347,1.5605199876921731,110.51434983556815,9144.0
3520.0,MAS8792,-4.660861920126646,115.94064274417484,9144.0
3520.0,MMA231,7.958317411740421,101.2998560540278,9144.0
3520.0,MXD1636,1.6520430938528363,109.94351497802964,9144.0
3520.0,MYU2211,13.590044500699996,109.75682595462646,9144.0
3520.0,NEP341,1.6797559211595847,110.47235247941533,9144.0
3520.0,NEP345,1.704049542334359,110.2842229605256,9144.0
3520.0,NEP347,1.5605199876921731,110.51434983556815,9144.0
3530.0,MAS8792,-4.651012512567984,115.90974624530914,9144.0
3530.0,MMA231,7.930017096685594,101.31289723689285,9144.0
3530.0,MXD1636,1.6597480016135937,109.96518490467801,9144.0
3530.0,MYU2211,13.563304922490472,109.73966230435103,9144.0
3530.0,NEP341,1.6762299194227377,110.49030282053339,9144.0
3530.0,NEP345,1.7002963907385142,110.30665270803605,9144.0
3530.0,NEP347,1.548647735955254,110.51073489585178,9144.0
3530.0,MAS8792,-4.651012512567984,115.90974624530914,9144.0
3530.0,MMA231,7.930017096685594,101.31289723689285,9144.0
3530.0,MXD1636,1.6597480016135937,109.96518490467801,9144.0
3530.0,MYU2211,13.563304922490472,109.73966230435103,9144.0
3530.0,NEP341,1.6762299194227377,110.49030282053339,9144.0
3530.0,NEP345,1.7002963907385142,110.30665270803605,9144.0
3530.0,NEP347,1.548647735955254,110.51073489585178,9144.0
3540.0,MAS8792,-4.641154335968974,115.87885299375847,9144.0
3540.0,MMA231,7.9016543209000565,101.32579846343747,9144.0
3540.0,MXD1636,1.6672010227094745,109.98694290512837,9144.0
3540.0,MYU2211,13.536589942615302,109.72246010101777,9144.0
3540.0,NEP341,1.6689289577990212,110.50632774973751,9144.0
3540.0,NEP345,1.696475526402114,110.32907096569716,9144.0
3540.0,NEP347,1.5385971401290601,110.50345256362434,9144.0
3540.0,MAS8792,-4.641154335968974,115.87885299375847,9144.0
3540.0,MMA231,7.9016543209000565,101.32579846343747,9144.0
3540.0,MXD1636,1.6672010227094745,109.98694290512837,9144.0
3540.0,MYU2211,13.536589942615302,109.72246010101777,9144.0
3540.0,NEP341,1.6689289577990212,110.50632774973751,9144.0
3540.0,NEP345,1.696475526402114,110.32907096569716,9144.0
3540.0,NEP347,1.5385971401290601,110.50345256362434,9144.0
3550.0,MAS8792,-4.631292222159584,115.84796143835038,9144.0
3550.0,MMA231,7.873237633232904,101.33872209381754,9144.0
3550.0,MXD1636,1.6742095078753056,110.007408867817,9144.0
3550.0,MYU2211,13.509873551698833,109.705262145053,9144.0
3550.0,NEP341,1.6583248402551796,110.51977780399795,9144.0
3550.0,NEP345,1.692793889179782,110.35065478437109,9144.0
3550.0,NEP347,1.531461867570378,110.49329529120584,9144.0
3550.0,MAS8792,-4.631292222159584,115.84796143835038,9144.0
3550.0,MMA231,7.873237633232904,101.33872209381754,9144.0
3550.0,MXD1636,1.6742095078753056,110.007408867817,9144.0
3550.0,MYU2211,13.509873551698833,109.705262145053,9144.0
3550.0,NEP341,1.6583248402551796,110.51977780399795,9144.0
3550.0,NEP345,1.692793889179782,110.35065478437109,9144.0
3550.0,NEP347,1.531461867570378,110.49329529120584,9144.0
3560.0,MAS8792,-4.621375586985572,115.81690525619356,9144.0
3560.0,MMA231,7.844833148873936,101.35167214921695,9144.0
3560.0,MXD1636,1.6811117704625838,110.02791100167788,9144.0
3560.0,MYU2211,13.48312414425999,109.68812048013986,9144.0
3560.0,NEP341,1.6450479349193734,110.53004071465155,9144.0
3560.0,NEP345,1.689110651708603,110.37223828882433,9144.0
3560.0,NEP347,1.5282757584846332,110.48174427242022,9144.0
3560.0,MAS8792,-4.621375586985572,115.81690525619356,9144.0
3560.0,MMA231,7.844833148873936,101.35167214921695,9144.0
3560.0,MXD1636,1.6811117704625838,110.02791100167788,9144.0
3560.0,MYU2211,13.48312414425999,109.68812048013986,9144.0
3560.0,NEP341,1.6450479349193734,110.53004071465155,9144.0
3560.0,NEP345,1.689110651708603,110.37223828882433,9144.0
3560.0,NEP347,1.5282757584846332,110.48174427242022,9144.0
3570.0,MAS8792,-4.611456975541982,115.78585014337608,9144.0
3570.0,MMA231,7.816374812956631,101.36464464662107,9144.0
3570.0,MXD1636,1.6877914026767489,110.04716318477095,9144.0
3570.0,MYU2211,13.456373358326163,109.67098300681216,9144.0
3570.0,NEP341,1.6296784837572063,110.53677372172481,9144.0
3570.0,NEP345,1.6854309813765573,110.39355659400607,9144.0
3570.0,NEP347,1.5287355878498412,110.47013160753251,9144.0
3570.0,MAS8792,-4.611456975541982,115.78585014337608,9144.0
3570.0,MMA231,7.816374812956631,101.36464464662107,9144.0
3570.0,MXD1636,1.6877914026767489,110.04716318477095,9144.0
3570.0,MYU2211,13.456373358326163,109.67098300681216,9144.0
3570.0,NEP341,1.6296784837572063,110.53677372172481,9144.0
3570.0,NEP345,1.6854309813765573,110.39355659400607,9144.0
3570.0,NEP347,1.5287355878498412,110.47013160753251,9144.0
3580.0,MAS8792,-4.601532308027649,115.75479741142301,9144.0
3580.0,MMA231,7.78798224390802,101.37776225625603,9144.0
3580.0,MXD1636,1.6943177486181298,110.06597458245815,9144.0
3580.0,MYU2211,13.42966947264516,109.65377029226468,9144.0
3580.0,NEP341,1.6131352323336188,110.53957439948132,9144.0
3580.0,NEP345,1.6818862213863335,110.41489772737748,9144.0
3580.0,NEP347,1.5291924633648557,110.45859118050501,9144.0
3580.0,MAS8792,-4.601532308027649,115.75479741142301,9144.0
3580.0,MMA231,7.78798224390802,101.37776225625603,9144.0
3580.0,MXD1636,1.6943177486181298,110.06597458245815,9144.0
3580.0,MYU2211,13.42966947264516,109.65377029226468,9144.0
3580.0,NEP341,1.6131352323336188,110.53957439948132,9144.0
3580.0,NEP345,1.6818862213863335,110.41489772737748,9144.0
3580.0,NEP347,1.5291924633648557,110.45859118050501,9144.0
3590.0,MAS8792,-4.591605776179972,115.7237457117671,9144.0
3590.0,MMA231,7.759589216850963,101.39087796863463,9144.0
3590.0,MXD1636,1.7004194342451062,110.08492816434493,9144.0
3590.0,MYU2211,13.402964211221532,109.63656174729596,9144.0
3590.0,NEP341,1.5971529247870153,110.53853335060188,9144.0
3590.0,NEP345,1.6783499725497038,110.43610717235254,9144.0
3590.0,NEP347,1.5255977084925172,110.4476158233309,9144.0
3590.0,MAS8792,-4.591605776179972,115.7237457117671,9144.0
3590.0,MMA231,7.759589216850963,101.39087796863463,9144.0
3590.0,MXD1636,1.7004194342451062,110.08492816434493,9144.0
3590.0,MYU2211,13.402964211221532,109.63656174729596,9144.0
3590.0,NEP341,1.5971529247870153,110.53853335060188,9144.0
3590.0,NEP345,1.6783499725497038,110.43610717235254,9144.0
3590.0,NEP347,1.5255977084925172,110.4476158233309,9144.0
3600.0,MAS8792,-4.5816745467839795,115.69269595565241,9144.0
3600.0,MMA231,7.7311342888296934,101.40385544429681,9144.0
3600.0,MXD1636,1.7036361659275212,110.10464648795887,9144.0
3600.0,MYU2211,13.376207655046008,109.61943951582492,9144.0
3600.0,NEP341,1.5824274861466354,110.53757418556398,9144.0
3600.0,NEP345,1.6750090655572656,110.45614261172607,9144.0
3600.0,NEP347,1.5209036797869593,110.43738183748235,9144.0
3600.0,MAS8792,-4.5816745467839795,115.69269595565241,9144.0
3600.0,MMA231,7.7311342888296934,101.40385544429681,9144.0
3600.0,MXD1636,1.7036361659275212,110.10464648795887,9144.0
3600.0,MYU2211,13.376207655046008,109.61943951582492,9144.0
3600.0,NEP341,1.5824274861466354,110.53757418556398,9144.0
3600.0,NEP345,1.6750090655572656,110.45614261172607,9144.0
3600.0,NEP347,1.5209036797869593,110.43738183748235,9144.0
3610.0,MAS8792,-4.57174010320975,115.661647665316,9144.0
3610.0,MMA231,7.702625564361367,101.41685539136034,9144.0
3610.0,MXD1636,1.7067987528108612,110.12403463386794,9144.0
3610.0,MYU2211,13.349449740726506,109.60232142606792,9144.0
3610.0,NEP341,1.5676993308342166,110.53665772013885,9144.0
3610.0,NEP345,1.6714401020539886,110.47613861600881,9144.0
3610.0,NEP347,1.516770955776233,110.4269084408405,9144.0
3610.0,MAS8792,-4.57174010320975,115.661647665316,9144.0
3610.0,MMA231,7.702625564361367,101.41685539136034,9144.0
3610.0,MXD1636,1.7067987528108612,110.12403463386794,9144.0
3610.0,MYU2211,13.349449740726506,109.60232142606792,9144.0
3610.0,NEP341,1.5676993308342166,110.53665772013885,9144.0
3610.0,NEP345,1.6714401020539886,110.47613861600881,9144.0
3610.0,NEP347,1.516770955776233,110.4269084408405,9144.0
3620.0,MAS8792,-4.561802036937021,115.63060097190687,9144.0
3620.0,MMA231,7.674140358061334,101.42990685371906,9144.0
3620.0,MXD1636,1.7099608944547253,110.14342288437798,9144.0
3620.0,MYU2211,13.322709874888057,109.58517546832678,9144.0
3620.0,NEP341,1.5543034729027783,110.53175905519143,9144.0
3620.0,NEP345,1.6678616008178653,110.4957261596942,9144.0
3620.0,NEP347,1.5127446621702094,110.41670503943898,9144.0
3620.0,MAS8792,-4.561802036937021,115.63060097190687,9144.0
3620.0,MMA231,7.674140358061334,101.42990685371906,9144.0
3620.0,MXD1636,1.7099608944547253,110.14342288437798,9144.0
3620.0,MYU2211,13.322709874888057,109.58517546832678,9144.0
3620.0,NEP341,1.5543034729027783,110.53175905519143,9144.0
3620.0,NEP345,1.6678616008178653,110.4957261596942,9144.0
3620.0,NEP347,1.5127446621702094,110.41670503943898,9144.0
3630.0,MAS8792,-4.5518413434068155,115.59956200682643,9144.0
3630.0,MMA231,7.645654711464736,101.4429564650277,9144.0
3630.0,MXD1636,1.7129195421732248,110.1628432879568,9144.0
3630.0,MYU2211,13.295968681770935,109.56803358952433,9144.0
3630.0,NEP341,1.5431984926244051,110.52338142697614,9144.0
3630.0,NEP345,1.6603923762667365,110.51389361606823,9144.0
3630.0,NEP347,1.5088788070313792,110.40643975267118,9144.0
3630.0,MAS8792,-4.5518413434068155,115.59956200682643,9144.0
3630.0,MMA231,7.645654711464736,101.4429564650277,9144.0
3630.0,MXD1636,1.7129195421732248,110.1628432879568,9144.0
3630.0,MYU2211,13.295968681770935,109.56803358952433,9144.0
3630.0,NEP341,1.5431984926244051,110.52338142697614,9144.0
3630.0,NEP345,1.6603923762667365,110.51389361606823,9144.0
3630.0,NEP347,1.5088788070313792,110.40643975267118,9144.0
3640.0,MAS8792,-4.541894970993343,115.56857968727245,9144.0
3640.0,MMA231,7.617157239586389,101.45597889824687,9144.0
3640.0,MXD1636,1.7162673223416844,110.1814484749464,9144.0
3640.0,MYU2211,13.269216886256219,109.55091107379359,9144.0
3640.0,NEP341,1.5350156742705845,110.51213035322513,9144.0
3640.0,NEP345,1.6493632593903633,110.52998374199487,9144.0
3640.0,NEP347,1.5049235497283668,110.39667803212606,9144.0
3640.0,MAS8792,-4.541894970993343,115.56857968727245,9144.0
3640.0,MMA231,7.617157239586389,101.45597889824687,9144.0
3640.0,MXD1636,1.7162673223416844,110.1814484749464,9144.0
3640.0,MYU2211,13.269216886256219,109.55091107379359,9144.0
3640.0,NEP341,1.5350156742705845,110.51213035322513,9144.0
3640.0,NEP345,1.6493632593903633,110.52998374199487,9144.0
3640.0,NEP347,1.5049235497283668,110.39667803212606,9144.0
3650.0,MAS8792,-4.531960437694793,115.53759397181213,9144.0
3650.0,MMA231,7.588659332958167,101.46899949855337,9144.0
3650.0,MXD1636,1.7196027131594167,110.19998723189742,9144.0
3650.0,MYU2211,13.242414251729103,109.53376090954316,9144.0
3650.0,NEP341,1.5304652079091932,110.49898231490904,9144.0
3650.0,NEP345,1.6358004000584798,110.54255522863946,9144.0
3650.0,NEP347,1.5008589234228893,110.38664655389019,9144.0
3650.0,MAS8792,-4.531960437694793,115.53759397181213,9144.0
3650.0,MMA231,7.588659332958167,101.46899949855337,9144.0
3650.0,MXD1636,1.7196027131594167,110.19998723189742,9144.0
3650.0,MYU2211,13.242414251729103,109.53376090954316,9144.0
3650.0,NEP341,1.5304652079091932,110.49898231490904,9144.0
3650.0,NEP345,1.6358004000584798,110.54255522863946,9144.0
3650.0,NEP347,1.5008589234228893,110.38664655389019,9144.0
3660.0,MAS8792,-4.522024292099822,115.5066092020154,9144.0
3660.0,MMA231,7.5601447018962125,101.4819819211597,9144.0
3660.0,MXD1636,1.7202103718942927,110.2188141013099,9144.0
3660.0,MYU2211,13.215573955046045,109.51667490250492,9144.0
3660.0,NEP341,1.5299420303302627,110.48507841499786,9144.0
3660.0,NEP345,1.619799584679754,110.55182384194083,9144.0
3660.0,NEP347,1.4967942382189106,110.37661511815651,9144.0
3660.0,MAS8792,-4.522024292099822,115.5066092020154,9144.0
3660.0,MMA231,7.5601447018962125,101.4819819211597,9144.0
3660.0,MXD1636,1.7202103718942927,110.2188141013099,9144.0
3660.0,MYU2211,13.215573955046045,109.51667490250492,9144.0
3660.0,NEP341,1.5299420303302627,110.48507841499786,9144.0
3660.0,NEP345,1.619799584679754,110.55182384194083,9144.0
3660.0,NEP347,1.4967942382189106,110.37661511815651,9144.0
3670.0,MAS8792,-4.512086263697544,115.47562546440334,9144.0
3670.0,MMA231,7.5315763153483415,101.49498681615661,9144.0
3670.0,MXD1636,1.719783785161034,110.2378486709191,9144.0
3670.0,MYU2211,13.188682801627607,109.4995613647994,9144.0
3670.0,NEP341,1.5300316293078449,110.47081078119344,9144.0
3670.0,NEP345,1.6021491526446316,110.55733298139965,9144.0
3670.0,NEP347,1.492729470535909,110.36658373443655,9144.0
3670.0,MAS8792,-4.512086263697544,115.47562546440334,9144.0
3670.0,MMA231,7.5315763153483415,101.49498681615661,9144.0
3670.0,MXD1636,1.719783785161034,110.2378486709191,9144.0
3670.0,MYU2211,13.188682801627607,109.4995613647994,9144.0
3670.0,NEP341,1.5300316293078449,110.47081078119344,9144.0
3670.0,NEP345,1.6021491526446316,110.55733298139965,9144.0
3670.0,NEP347,1.492729470535909,110.36658373443655,9144.0
3680.0,MAS8792,-4.502136800821317,115.44464584364111,9144.0
3680.0,MMA231,7.503049866702607,101.50808418402146,9144.0
3680.0,MXD1636,1.7199425363627412,110.25688736352515,9144.0
3680.0,MYU2211,13.161785699954496,109.48245957048866,9144.0
3680.0,NEP341,1.530121957592529,110.45640179132572,9144.0
3680.0,NEP345,1.5845200984014596,110.55856450455411,9144.0
3680.0,NEP347,1.4889537954632563,110.35643994522157,9144.0
3680.0,MAS8792,-4.502136800821317,115.44464584364111,9144.0
3680.0,MMA231,7.503049866702607,101.50808418402146,9144.0
3680.0,MXD1636,1.7199425363627412,110.25688736352515,9144.0
3680.0,MYU2211,13.161785699954496,109.48245957048866,9144.0
3680.0,NEP341,1.530121957592529,110.45640179132572,9144.0
3680.0,NEP345,1.5845200984014596,110.55856450455411,9144.0
3680.0,NEP347,1.4889537954632563,110.35643994522157,9144.0
3690.0,MAS8792,-4.4922529850291015,115.41364550665637,9144.0
3690.0,MMA231,7.474576244890294,101.52115530304631,9144.0
3690.0,MXD1636,1.720099713441963,110.27579099768548,9144.0
3690.0,MYU2211,13.134857174440526,109.46541188302209,9144.0
3690.0,NEP341,1.526151832184556,110.4425506793715,9144.0
3690.0,NEP345,1.568640133948071,110.55559414738917,9144.0
3690.0,NEP347,1.4892872150037701,110.34583933862916,9144.0
3690.0,MAS8792,-4.4922529850291015,115.41364550665637,9144.0
3690.0,MMA231,7.474576244890294,101.52115530304631,9144.0
3690.0,MXD1636,1.720099713441963,110.27579099768548,9144.0
3690.0,MYU2211,13.134857174440526,109.46541188302209,9144.0
3690.0,NEP341,1.526151832184556,110.4425506793715,9144.0
3690.0,NEP345,1.568640133948071,110.55559414738917,9144.0
3690.0,NEP347,1.4892872150037701,110.34583933862916,9144.0
3700.0,MAS8792,-4.482384787385861,115.38270141802688,9144.0
3700.0,MMA231,7.446069727272563,101.53415243606479,9144.0
3700.0,MXD1636,1.719930596707199,110.29469452703245,9144.0
3700.0,MYU2211,13.107875538407948,109.4483405071033,9144.0
3700.0,NEP341,1.5188212319524257,110.43165852452748,9144.0
3700.0,NEP345,1.5550115461743477,110.5489106148282,9144.0
3700.0,NEP347,1.4935843770219994,110.336543816651,9144.0
3700.0,MAS8792,-4.482384787385861,115.38270141802688,9144.0
3700.0,MMA231,7.446069727272563,101.53415243606479,9144.0
3700.0,MXD1636,1.719930596707199,110.29469452703245,9144.0
3700.0,MYU2211,13.107875538407948,109.4483405071033,9144.0
3700.0,NEP341,1.5188212319524257,110.43165852452748,9144.0
3700.0,NEP345,1.5550115461743477,110.5489106148282,9144.0
3700.0,NEP347,1.4935843770219994,110.336543816651,9144.0
3710.0,MAS8792,-4.472485664562238,115.35176768782193,9144.0
3710.0,MMA231,7.417562794219628,101.54714779888073,9144.0
3710.0,MXD1636,1.7197638145960754,110.31325954101423,9144.0
3710.0,MYU2211,13.081002758616389,109.43109095072953,9144.0
3710.0,NEP341,1.5138761704133392,110.41949534177203,9144.0
3710.0,NEP345,1.5436683454986266,110.53882196882326,9144.0
3710.0,NEP347,1.5011726209441014,110.32966888982126,9144.0
3710.0,MAS8792,-4.472485664562238,115.35176768782193,9144.0
3710.0,MMA231,7.417562794219628,101.54714779888073,9144.0
3710.0,MXD1636,1.7197638145960754,110.31325954101423,9144.0
3710.0,MYU2211,13.081002758616389,109.43109095072953,9144.0
3710.0,NEP341,1.5138761704133392,110.41949534177203,9144.0
3710.0,NEP345,1.5436683454986266,110.53882196882326,9144.0
3710.0,NEP347,1.5011726209441014,110.32966888982126,9144.0
3720.0,MAS8792,-4.462602434279064,115.32089015662002,9144.0
3720.0,MMA231,7.389055847819752,101.56014229182193,9144.0
3720.0,MXD1636,1.719697863387517,110.33182518692772,9144.0
3720.0,MYU2211,13.054078052958841,109.41381576808493,9144.0
3720.0,NEP341,1.5095498785231984,110.40894374197734,9144.0
3720.0,NEP345,1.5366926839541837,110.52719705054749,9144.0
3720.0,NEP347,1.5108438761826546,110.32630908383472,9144.0
3720.0,MAS8792,-4.462602434279064,115.32089015662002,9144.0
3720.0,MMA231,7.389055847819752,101.56014229182193,9144.0
3720.0,MXD1636,1.719697863387517,110.33182518692772,9144.0
3720.0,MYU2211,13.054078052958841,109.41381576808493,9144.0
3720.0,NEP341,1.5095498785231984,110.40894374197734,9144.0
3720.0,NEP345,1.5366926839541837,110.52719705054749,9144.0
3720.0,NEP347,1.5108438761826546,110.32630908383472,9144.0
3730.0,MAS8792,-4.452715395342848,115.29001426753459,9144.0
3730.0,MMA231,7.360601843474853,101.57311071550107,9144.0
3730.0,MXD1636,1.7196474020324508,110.3497102051301,9144.0
3730.0,MYU2211,13.027124207123885,109.39659041370987,9144.0
3730.0,NEP341,1.505585404903323,110.39895041284687,9144.0
3730.0,NEP345,1.5335078514950908,110.51401818021638,9144.0
3730.0,NEP347,1.5210584506669922,110.32699932337987,9144.0
3730.0,MAS8792,-4.452715395342848,115.29001426753459,9144.0,"(NEP341),(NEP347)"
3730.0,MMA231,7.360601843474853,101.57311071550107,9144.0,"(NEP347),(NEP341)"
3740.0,MAS8792,-4.442807082233085,115.25914565551554,9144.0
3740.0,MMA231,7.332148918113378,101.58608071539244,9144.0
3740.0,MXD1636,1.7195966834870802,110.36759522212901,9144.0
3740.0,MYU2211,13.000168273665695,109.37937037385937,9144.0
3740.0,NEP341,1.5016477085415094,110.3890247522647,9144.0
3740.0,NEP345,1.5346411527504429,110.50151139315511,9144.0
3740.0,NEP347,1.5301901543162166,110.33162975581281,9144.0
3740.0,MAS8792,-4.442807082233085,115.25914565551554,9144.0,"(NEP341),(NEP347)"
3740.0,MMA231,7.332148918113378,101.58608071539244,9144.0,"(NEP347),(NEP341)"
3750.0,MAS8792,-4.4328796752392225,115.22822271086022,9144.0
3750.0,MMA231,7.303748975517514,101.59902465232932,9144.0
3750.0,MXD1636,1.719600442019556,110.38548031074667,9144.0
3750.0,MYU2211,12.973283770458139,109.36203498951934,9144.0
3750.0,NEP341,1.4977099569054375,110.37909913148518,9144.0
3750.0,NEP345,1.5345817021499215,110.48881004017603,9144.0
3750.0,NEP347,1.5367851932479846,110.33946322397951,9144.0
3750.0,MAS8792,-4.4328796752392225,115.22822271086022,9144.0,"(NEP341),(NEP347)"
3750.0,MMA231,7.303748975517514,101.59902465232932,9144.0,"(NEP347),(NEP341)"
3760.0,MAS8792,-4.4229508747412964,115.19730063123743,9144.0
3760.0,MMA231,7.275374943684346,101.61202539503151,9144.0
3760.0,MXD1636,1.719544877005056,110.40329697986262,9144.0
3760.0,MYU2211,12.946397320188003,109.34470465704648,9144.0
3760.0,NEP341,1.4937721390749386,110.36917355479727,9144.0
3760.0,NEP345,1.5345268721995076,110.47711610423666,9144.0
3760.0,NEP347,1.5397936180091476,110.34925261641189,9144.0
3760.0,MAS8792,-4.4229508747412964,115.19730063123743,9144.0,"(NEP341),(NEP347)"
3760.0,MMA231,7.275374943684346,101.61202539503151,9144.0,"(NEP347),(NEP341)"
3770.0,MAS8792,-4.413020660439551,115.16637942238201,9144.0
3770.0,MMA231,7.247000506409495,101.6250244181471,9144.0
3770.0,MXD1636,1.7194890423163174,110.4211136476135,9144.0
3770.0,MYU2211,12.919680326310699,109.32710245452465,9144.0
3770.0,NEP341,1.489918838230708,110.3592148573511,9144.0
3770.0,NEP345,1.531140478892039,110.46592347895948,9144.0
3770.0,NEP347,1.5387364785941784,110.35943941715689,9144.0
3770.0,MAS8792,-4.413020660439551,115.16637942238201,9144.0,"(NEP341),(NEP347)"
3770.0,MMA231,7.247000506409495,101.6250244181471,9144.0,"(NEP347),(NEP341)"
3780.0,MAS8792,-4.403088998781341,115.13545909431484,9144.0
3780.0,MMA231,7.2186104429858,101.6379879096153,9144.0
3780.0,MXD1636,1.7194384811584702,110.43893033065257,9144.0
3780.0,MYU2211,12.8929614303463,109.30950517184019,9144.0
3780.0,NEP341,1.4825774925268755,110.35136242744568,9144.0
3780.0,NEP345,1.5279007253552639,110.45521582135243,9144.0
3780.0,MAS8792,-4.403088998781341,115.13545909431484,9144.0
3780.0,MMA231,7.2186104429858,101.6379879096153,9144.0
3780.0,MXD1636,1.7194384811584702,110.43893033065257,9144.0
3780.0,MYU2211,12.8929614303463,109.30950517184019,9144.0
3780.0,NEP341,1.4825774925268755,110.35136242744568,9144.0
3780.0,NEP345,1.5279007253552639,110.45521582135243,9144.0
3790.0,MAS8792,-4.393155827090687,115.10453966647523,9144.0
3790.0,MMA231,7.190219988116313,101.650949718129,9144.0
3790.0,MXD1636,1.7193878390532298,110.45667863197014,9144.0
3790.0,MYU2211,12.866131721360665,109.29208809411637,9144.0
3790.0,NEP341,1.4741096745207796,110.34812344281625,9144.0
3790.0,NEP345,1.5246608052984782,110.44450823029872,9144.0
3790.0,MAS8792,-4.393155827090687,115.10453966647523,9144.0
3790.0,MMA231,7.190219988116313,101.650949718129,9144.0
3790.0,MXD1636,1.7193878390532298,110.45667863197014,9144.0
3790.0,MYU2211,12.866131721360665,109.29208809411637,9144.0
3790.0,NEP341,1.4741096745207796,110.34812344281625,9144.0
3790.0,NEP345,1.5246608052984782,110.44450823029872,9144.0
3800.0,MAS8792,-4.383220995524264,115.07362118649111,9144.0
3800.0,MMA231,7.161829043713477,101.66390962872809,9144.0
3800.0,MXD1636,1.7195223453810553,110.47442649670745,9144.0
3800.0,MYU2211,12.839300274716905,109.27467569366478,9144.0
3800.0,NEP341,1.4650793198100087,110.34892415081444,9144.0
3800.0,NEP345,1.5197810707617612,110.43444205487882,9144.0
3800.0,MAS8792,-4.383220995524264,115.07362118649111,9144.0
3800.0,MMA231,7.161829043713477,101.66390962872809,9144.0
3800.0,MXD1636,1.7195223453810553,110.47442649670745,9144.0
3800.0,MYU2211,12.839300274716905,109.27467569366478,9144.0
3800.0,NEP341,1.4650793198100087,110.34892415081444,9144.0
3800.0,NEP345,1.5197810707617612,110.43444205487882,9144.0
3810.0,MAS8792,-4.3732837495076105,115.04270389754524,9144.0
3810.0,MMA231,7.133447138112032,101.67688882797628,9144.0
3810.0,MXD1636,1.7196549911138144,110.49196894048437,9144.0
3810.0,MYU2211,12.812340560078798,109.2574748158109,9144.0
3810.0,NEP341,1.4573130663135514,110.35360255692514,9144.0
3810.0,NEP345,1.5159900145371583,110.42477173021054,9144.0
3810.0,MAS8792,-4.3732837495076105,115.04270389754524,9144.0
3810.0,MMA231,7.133447138112032,101.67688882797628,9144.0
3810.0,MXD1636,1.7196549911138144,110.49196894048437,9144.0
3810.0,MYU2211,12.812340560078798,109.2574748158109,9144.0
3810.0,NEP341,1.4573130663135514,110.35360255692514,9144.0
3810.0,NEP345,1.5159900145371583,110.42477173021054,9144.0
3820.0,MAS8792,-4.363371025899263,115.01177910016399,9144.0
3820.0,MMA231,7.105064777706528,101.68986621413279,9144.0
3820.0,MXD1636,1.719725346126815,110.50951174564254,9144.0
3820.0,MYU2211,12.785428887146518,109.24030963367386,9144.0
3820.0,NEP341,1.4523818526688663,110.3612123108128,9144.0
3820.0,NEP345,1.5122788002059735,110.41530527986632,9144.0
3820.0,MAS8792,-4.363371025899263,115.01177910016399,9144.0
3820.0,MMA231,7.105064777706528,101.68986621413279,9144.0
3820.0,MXD1636,1.719725346126815,110.50951174564254,9144.0
3820.0,MYU2211,12.785428887146518,109.24030963367386,9144.0
3820.0,NEP341,1.4523818526688663,110.3612123108128,9144.0
3820.0,NEP345,1.5122788002059735,110.41530527986632,9144.0
3830.0,MAS8792,-4.353456399443929,114.9808553241866,9144.0
3830.0,MMA231,7.076636578545254,101.70274051043683,9144.0
3830.0,MXD1636,1.7199021169364517,110.52719081071562,9144.0
3830.0,MYU2211,12.758448578128379,109.22325994164176,9144.0
3830.0,NEP341,1.451283152631804,110.37021413604684,9144.0
3830.0,NEP345,1.5080548396273457,110.40605639979223,9144.0
3830.0,MAS8792,-4.353456399443929,114.9808553241866,9144.0,"(NEP341),(NEP345)"
3830.0,MMA231,7.076636578545254,101.70274051043683,9144.0,"(NEP345),(NEP341)"
3840.0,MAS8792,-4.342636691714256,114.95023869499137,9144.0
3840.0,MMA231,7.048207987017364,101.71561313563446,9144.0
3840.0,MXD1636,1.720079259629362,110.54493830594804,9144.0
3840.0,MYU2211,12.731417333949604,109.2061830062864,9144.0
3840.0,NEP341,1.4542392085409626,110.37878718049632,9144.0
3840.0,NEP345,1.5042785863929484,110.39622400141184,9144.0
3840.0,MAS8792,-4.342636691714256,114.95023869499137,9144.0,"(NEP341),(NEP345)"
3840.0,MMA231,7.048207987017364,101.71561313563446,9144.0,"(NEP345),(NEP341)"
3850.0,MAS8792,-4.328879749232917,114.92083218508576,9144.0
3850.0,MMA231,7.019815385622292,101.72856536426501,9144.0
3850.0,MXD1636,1.7202785981760673,110.56268556739829,9144.0
3850.0,MYU2211,12.70431925339919,109.1892195809708,9144.0
3850.0,NEP341,1.4606520766845763,110.38519731631173,9144.0
3850.0,NEP345,1.5005022821145257,110.38639163964581,9144.0
3850.0,MAS8792,-4.328879749232917,114.92083218508576,9144.0,"(NEP341),(NEP345)"
3850.0,MMA231,7.019815385622292,101.72856536426501,9144.0,"(NEP345),(NEP341)"
3860.0,MAS8792,-4.315195180081483,114.89158439225486,9144.0
3860.0,MMA231,6.991422391246291,101.74151592969064,9144.0
3860.0,MXD1636,1.7163960677566898,110.57986332210332,9144.0
3860.0,MYU2211,12.677319369480433,109.17232227234122,9144.0
3860.0,NEP345,1.4967259233620052,110.37655931577017,9144.0
3860.0,MAS8792,-4.315195180081483,114.89158439225486,9144.0
3860.0,MMA231,6.991422391246291,101.74151592969064,9144.0
3860.0,MXD1636,1.7163960677566898,110.57986332210332,9144.0
3860.0,MYU2211,12.677319369480433,109.17232227234122,9144.0
3860.0,NEP345,1.4967259233620052,110.37655931577017,9144.0
3870.0,MAS8792,-4.301509129015611,114.86233782309279,9144.0
3870.0,MMA231,6.9630506741000575,101.75451295356069,9144.0
3870.0,MXD1636,1.708659943078083,110.59560659140601,9144.0
3870.0,MYU2211,12.650366451814675,109.15534816553682,9144.0
3870.0,NEP345,1.4929494986629999,110.36672703415205,9144.0
3870.0,MAS8792,-4.301509129015611,114.86233782309279,9144.0
3870.0,MMA231,6.9630506741000575,101.75451295356069,9144.0
3870.0,MXD1636,1.708659943078083,110.59560659140601,9144.0
3870.0,MYU2211,12.650366451814675,109.15534816553682,9144.0
3870.0,NEP345,1.4929494986629999,110.36672703415205,9144.0
3880.0,MAS8792,-4.287820311541643,114.83309308067325,9144.0
3880.0,MMA231,6.934731936843752,101.76748387878433,9144.0
3880.0,MXD1636,1.699540319809366,110.6105901739886,9144.0
3880.0,MYU2211,12.623461990496017,109.13840917711795,9144.0
3880.0,NEP345,1.4890177320680005,110.35695589285,9144.0
3880.0,MAS8792,-4.287820311541643,114.83309308067325,9144.0
3880.0,MMA231,6.934731936843752,101.76748387878433,9144.0
3880.0,MXD1636,1.699540319809366,110.6105901739886,9144.0
3880.0,MYU2211,12.623461990496017,109.13840917711795,9144.0
3880.0,NEP345,1.4890177320680005,110.35695589285,9144.0
3890.0,MAS8792,-4.273305662163914,114.8042521174506,9144.0
3890.0,MMA231,6.906395115584299,101.78041388697088,9144.0
3890.0,MXD1636,1.6904561796679218,110.625515018041,9144.0
3890.0,MYU2211,12.596530492926524,109.12151714387959,9144.0
3890.0,NEP345,1.4815720367455616,110.34920240685133,9144.0
3890.0,MAS8792,-4.273305662163914,114.8042521174506,9144.0
3890.0,MMA231,6.906395115584299,101.78041388697088,9144.0
3890.0,MXD1636,1.6904561796679218,110.625515018041,9144.0
3890.0,MYU2211,12.596530492926524,109.12151714387959,9144.0
3890.0,NEP345,1.4815720367455616,110.34920240685133,9144.0
3900.0,MAS8792,-4.258840733344705,114.77551670355207,9144.0
3900.0,MMA231,6.8780579119003855,101.79334227181056,9144.0
3900.0,MXD1636,1.6805386389599983,110.63989900419502,9144.0
3900.0,MYU2211,12.569747240440508,109.10472252043469,9144.0
3900.0,NEP345,1.4731192627157617,110.34613372896347,9144.0
3900.0,MAS8792,-4.258840733344705,114.77551670355207,9144.0
3900.0,MMA231,6.8780579119003855,101.79334227181056,9144.0
3900.0,MXD1636,1.6805386389599983,110.63989900419502,9144.0
3900.0,MYU2211,12.569747240440508,109.10472252043469,9144.0
3900.0,NEP345,1.4731192627157617,110.34613372896347,9144.0
3910.0,MAS8792,-4.2448559743375,114.74654378546039,9144.0
3910.0,MMA231,6.849706075584882,101.80623729972051,9144.0
3910.0,MXD1636,1.6677423386178873,110.65128163156136,9144.0
3910.0,MYU2211,12.542962536038353,109.08793207611562,9144.0
3910.0,NEP345,1.4641806138535052,110.34711410301655,9144.0
3910.0,MAS8792,-4.2448559743375,114.74654378546039,9144.0
3910.0,MMA231,6.849706075584882,101.80623729972051,9144.0
3910.0,MXD1636,1.6677423386178873,110.65128163156136,9144.0
3910.0,MYU2211,12.542962536038353,109.08793207611562,9144.0
3910.0,NEP345,1.4641806138535052,110.34711410301655,9144.0
3920.0,MAS8792,-4.230868812796479,114.717572557622,9144.0
3920.0,MMA231,6.821300426447628,101.81915501981625,9144.0
3920.0,MXD1636,1.652926337813022,110.65901077893159,9144.0
3920.0,MYU2211,12.516246700376833,109.07102862413865,9144.0
3920.0,NEP345,1.4565933553482118,110.35194199267632,9144.0
3920.0,MAS8792,-4.230868812796479,114.717572557622,9144.0
3920.0,MMA231,6.821300426447628,101.81915501981625,9144.0
3920.0,MXD1636,1.652926337813022,110.65901077893159,9144.0
3920.0,MYU2211,12.516246700376833,109.07102862413865,9144.0
3920.0,NEP345,1.4565933553482118,110.35194199267632,9144.0
3930.0,MAS8792,-4.216571211248412,114.68875463512782,9144.0
3930.0,MMA231,6.792905393840253,101.83209562772862,9144.0
3930.0,MXD1636,1.6370550108663822,110.6626995339358,9144.0
3930.0,MYU2211,12.489529412105885,109.05412932889219,9144.0
3930.0,NEP345,1.4519169853018556,110.35962505262725,9144.0
3930.0,MAS8792,-4.216571211248412,114.68875463512782,9144.0
3930.0,MMA231,6.792905393840253,101.83209562772862,9144.0
3930.0,MXD1636,1.6370550108663822,110.6626995339358,9144.0
3930.0,MYU2211,12.489529412105885,109.05412932889219,9144.0
3930.0,NEP345,1.4519169853018556,110.35962505262725,9144.0
3940.0,MAS8792,-4.202298085032755,114.65998998918784,9144.0
3940.0,MMA231,6.764509984972,101.84503463603191,9144.0
3940.0,MXD1636,1.6207657393769423,110.66230636039843,9144.0
3940.0,MYU2211,12.462767175078946,109.03730654971996,9144.0
3940.0,NEP345,1.4511126928193465,110.36858410039108,9144.0
3940.0,MAS8792,-4.202298085032755,114.65998998918784,9144.0
3940.0,MMA231,6.764509984972,101.84503463603191,9144.0
3940.0,MXD1636,1.6207657393769423,110.66230636039843,9144.0
3940.0,MYU2211,12.462767175078946,109.03730654971996,9144.0
3940.0,NEP345,1.4511126928193465,110.36858410039108,9144.0
3950.0,MAS8792,-4.188022940550293,114.63122687586987,9144.0
3950.0,MMA231,6.736102701270353,101.85794642734656,9144.0
3950.0,MXD1636,1.6055929574559338,110.65787107219587,9144.0
3950.0,MYU2211,12.43605339823979,109.02051911429926,9144.0
3950.0,NEP345,1.4543457935544255,110.37697769269762,9144.0
3950.0,MAS8792,-4.188022940550293,114.63122687586987,9144.0
3950.0,MMA231,6.736102701270353,101.85794642734656,9144.0
3950.0,MXD1636,1.6055929574559338,110.65787107219587,9144.0
3950.0,MYU2211,12.43605339823979,109.02051911429926,9144.0
3950.0,NEP345,1.4543457935544255,110.37697769269762,9144.0
3960.0,MAS8792,-4.173925075976145,114.60237650881221,9144.0
3960.0,MMA231,6.707748485840845,101.87083235204386,9144.0
3960.0,MXD1636,1.5928343116635413,110.64990857974377,9144.0
3960.0,MYU2211,12.409365222537339,109.00369076013271,9144.0
3960.0,NEP345,1.4609517504471874,110.38308060129923,9144.0
3960.0,MAS8792,-4.173925075976145,114.60237650881221,9144.0
3960.0,MMA231,6.707748485840845,101.87083235204386,9144.0
3960.0,MXD1636,1.5928343116635413,110.64990857974377,9144.0
3960.0,MYU2211,12.409365222537339,109.00369076013271,9144.0
3960.0,NEP345,1.4609517504471874,110.38308060129923,9144.0
3970.0,MAS8792,-4.1598513955075,114.57357958057023,9144.0
3970.0,MMA231,6.679404185696736,101.88373962393709,9144.0
3970.0,MXD1636,1.5826995154756969,110.63879482827019,9144.0
3970.0,MYU2211,12.382675678306665,108.9868664042358,9144.0
3970.0,MAS8792,-4.1598513955075,114.57357958057023,9144.0
3970.0,MMA231,6.679404185696736,101.88373962393709,9144.0
3970.0,MXD1636,1.5826995154756969,110.63879482827019,9144.0
3970.0,MYU2211,12.382675678306665,108.9868664042358,9144.0
3980.0,MAS8792,-4.145775681674098,114.54478416506068,9144.0
3980.0,MMA231,6.651059520706369,101.89664533750398,9144.0
3980.0,MXD1636,1.5759418457454144,110.62535586092594,9144.0
3980.0,MYU2211,12.35599304076055,108.97003228846113,9144.0
3980.0,MAS8792,-4.145775681674098,114.54478416506068,9144.0
3980.0,MMA231,6.651059520706369,101.89664533750398,9144.0
3980.0,MXD1636,1.5759418457454144,110.62535586092594,9144.0
3980.0,MYU2211,12.35599304076055,108.97003228846113,9144.0
3990.0,MAS8792,-4.131613165548583,114.51603208060688,9144.0
3990.0,MMA231,6.622713068427568,101.90954632887666,9144.0
3990.0,MXD1636,1.5730635716938786,110.61059052398267,9144.0
3990.0,MYU2211,12.329309072884843,108.95320209789604,9144.0
3990.0,MAS8792,-4.131613165548583,114.51603208060688,9144.0
3990.0,MMA231,6.622713068427568,101.90954632887666,9144.0
3990.0,MXD1636,1.5730635716938786,110.61059052398267,9144.0
3990.0,MYU2211,12.329309072884843,108.95320209789604,9144.0
4000.0,MAS8792,-4.11744875474233,114.48728144691339,9144.0
4000.0,MMA231,6.594337444374837,101.92238142463898,9144.0
4000.0,MXD1636,1.5744406513108422,110.59646004897841,9144.0
4000.0,MYU2211,12.302626412281777,108.93637144719311,9144.0
4000.0,MAS8792,-4.11744875474233,114.48728144691339,9144.0
4000.0,MMA231,6.594337444374837,101.92238142463898,9144.0
4000.0,MXD1636,1.5744406513108422,110.59646004897841,9144.0
4000.0,MYU2211,12.302626412281777,108.93637144719311,9144.0
4010.0,MAS8792,-4.103218356614764,114.45856409864126,9144.0
4010.0,MMA231,6.56596138402921,101.93521480973527,9144.0
4010.0,MXD1636,1.5766348145826208,110.58257663767264,9144.0
4010.0,MYU2211,12.275942454838006,108.91954465763465,9144.0
4010.0,MAS8792,-4.103218356614764,114.45856409864126,9144.0
4010.0,MMA231,6.56596138402921,101.93521480973527,9144.0
4010.0,MXD1636,1.5766348145826208,110.58257663767264,9144.0
4010.0,MYU2211,12.275942454838006,108.91954465763465,9144.0
4020.0,MAS8792,-4.088986115118043,114.42984817941264,9144.0
4020.0,MMA231,6.537625997117236,101.94813819970214,9144.0
4020.0,MXD1636,1.5747203977713484,110.56872342609678,9144.0
4020.0,MYU2211,12.249324347454293,108.90261069585301,9144.0
4020.0,MAS8792,-4.088986115118043,114.42984817941264,9144.0
4020.0,MMA231,6.537625997117236,101.94813819970214,9144.0
4020.0,MXD1636,1.5747203977713484,110.56872342609678,9144.0
4020.0,MYU2211,12.249324347454293,108.90261069585301,9144.0
4030.0,MAS8792,-4.074850421957965,114.40108487365816,9144.0
4030.0,MMA231,6.509290191726515,101.96105992926142,9144.0
4030.0,MXD1636,1.5688836667296,110.55609383878362,9144.0
4030.0,MYU2211,12.22275462482616,108.8857121956292,9144.0
4030.0,MAS8792,-4.074850421957965,114.40108487365816,9144.0
4030.0,MMA231,6.509290191726515,101.96105992926142,9144.0
4030.0,MXD1636,1.5688836667296,110.55609383878362,9144.0
4030.0,MYU2211,12.22275462482616,108.8857121956292,9144.0
4040.0,MAS8792,-4.060687341395468,114.37227073603458,9144.0
4040.0,MMA231,6.480943868517652,101.97395754224618,9144.0
4040.0,MXD1636,1.561202944355241,110.54449380755278,9144.0
4040.0,MYU2211,12.196215826709526,108.86876459538406,9144.0
4040.0,MAS8792,-4.060687341395468,114.37227073603458,9144.0
4040.0,MMA231,6.480943868517652,101.97395754224618,9144.0
4040.0,MXD1636,1.561202944355241,110.54449380755278,9144.0
4040.0,MYU2211,12.196215826709526,108.86876459538406,9144.0
4050.0,MAS8792,-4.046525401585124,114.34345653962176,9144.0
4050.0,MMA231,6.452543719610024,101.9868778438643,9144.0
4050.0,MXD1636,1.5572343893862792,110.53115828189601,9144.0
4050.0,MYU2211,12.169675868239821,108.85182059177876,9144.0
4050.0,MAS8792,-4.046525401585124,114.34345653962176,9144.0
4050.0,MMA231,6.452543719610024,101.9868778438643,9144.0
4050.0,MXD1636,1.5572343893862792,110.53115828189601,9144.0
4050.0,MYU2211,12.169675868239821,108.85182059177876,9144.0
4060.0,MAS8792,-4.032361787071266,114.31464367348387,9144.0
4060.0,MMA231,6.424154211953866,101.9998210853938,9144.0
4060.0,MXD1636,1.552572598636341,110.51789878271848,9144.0
4060.0,MYU2211,12.143134034092961,108.83488135354145,9144.0
4060.0,MAS8792,-4.032361787071266,114.31464367348387,9144.0
4060.0,MMA231,6.424154211953866,101.9998210853938,9144.0
4060.0,MXD1636,1.552572598636341,110.51789878271848,9144.0
4060.0,MYU2211,12.143134034092961,108.83488135354145,9144.0
4070.0,MAS8792,-4.018152555923143,114.28585389023534,9144.0
4070.0,MMA231,6.395764319934564,102.01276275271276,9144.0
4070.0,MXD1636,1.5481227805189428,110.50524260903322,9144.0
4070.0,MYU2211,12.116511394370733,108.81807699384734,9144.0
4070.0,MAS8792,-4.018152555923143,114.28585389023534,9144.0
4070.0,MMA231,6.395764319934564,102.01276275271276,9144.0
4070.0,MXD1636,1.5481227805189428,110.50524260903322,9144.0
4070.0,MYU2211,12.116511394370733,108.81807699384734,9144.0
4080.0,MAS8792,-4.003941712256468,114.25706540751652,9144.0
4080.0,MMA231,6.367338347333168,102.02562326166915,9144.0
4080.0,MXD1636,1.5431178787158315,110.4927956813862,9144.0
4080.0,MYU2211,12.089887239453647,108.80127681967369,9144.0
4080.0,MAS8792,-4.003941712256468,114.25706540751652,9144.0
4080.0,MMA231,6.367338347333168,102.02562326166915,9144.0
4080.0,MXD1636,1.5431178787158315,110.4927956813862,9144.0
4080.0,MYU2211,12.089887239453647,108.80127681967369,9144.0
4090.0,MAS8792,-3.989775129158014,114.22825550968741,9144.0
4090.0,MMA231,6.338858565074769,102.03850640034408,9144.0
4090.0,MXD1636,1.5381172355203836,110.48034707018134,9144.0
4090.0,MYU2211,12.063278169537503,108.78445334003405,9144.0
4090.0,MAS8792,-3.989775129158014,114.22825550968741,9144.0
4090.0,MMA231,6.338858565074769,102.03850640034408,9144.0
4090.0,MXD1636,1.5381172355203836,110.48034707018134,9144.0
4090.0,MYU2211,12.063278169537503,108.78445334003405,9144.0
4100.0,MAS8792,-3.97558174679629,114.19939452960197,9144.0
4100.0,MMA231,6.310423789515042,102.05148907593383,9144.0
4100.0,MXD1636,1.5332875272234254,110.4682143452317,9144.0
4100.0,MYU2211,12.036617834105401,108.76760254854359,9144.0
4100.0,MAS8792,-3.97558174679629,114.19939452960197,9144.0
4100.0,MMA231,6.310423789515042,102.05148907593383,9144.0
4100.0,MXD1636,1.5332875272234254,110.4682143452317,9144.0
4100.0,MYU2211,12.036617834105401,108.76760254854359,9144.0
4110.0,MAS8792,-3.9613871285454265,114.17053465629334,9144.0
4110.0,MMA231,6.281988649074201,102.06447023172144,9144.0
4110.0,MXD1636,1.5284577121930267,110.45608169013353,9144.0
4110.0,MYU2211,12.009909793004317,108.75083258727348,9144.0
4110.0,MAS8792,-3.9613871285454265,114.17053465629334,9144.0
4110.0,MMA231,6.281988649074201,102.06447023172144,9144.0
4110.0,MXD1636,1.5284577121930267,110.45608169013353,9144.0
4110.0,MYU2211,12.009909793004317,108.75083258727348,9144.0
4120.0,MAS8792,-3.9471909845873294,114.14167603131577,9144.0
4120.0,MMA231,6.252920085661434,102.07594325104884,9144.0
4120.0,MXD1636,1.5236513320533263,110.44393975269574,9144.0
4120.0,MYU2211,11.98320037039967,108.73406658687716,9144.0
4120.0,MAS8792,-3.9471909845873294,114.14167603131577,9144.0
4120.0,MMA231,6.252920085661434,102.07594325104884,9144.0
4120.0,MXD1636,1.5236513320533263,110.44393975269574,9144.0
4120.0,MYU2211,11.98320037039967,108.73406658687716,9144.0
4130.0,MAS8792,-3.9328795759316826,114.11287516092116,9144.0
4130.0,MMA231,6.22385123626585,102.08741490084194,9144.0
4130.0,MXD1636,1.5190821624999757,110.43239744259542,9144.0
4130.0,MYU2211,11.95639995801024,108.7174546682048,9144.0
4130.0,MAS8792,-3.9328795759316826,114.11287516092116,9144.0
4130.0,MMA231,6.22385123626585,102.08741490084194,9144.0
4130.0,MXD1636,1.5190821624999757,110.43239744259542,9144.0
4130.0,MYU2211,11.95639995801024,108.7174546682048,9144.0
4140.0,MAS8792,-3.918463581386059,114.08386763499445,9144.0
4140.0,MMA231,6.1940267675153615,102.09671859660648,9144.0
4140.0,MXD1636,1.5144443785639465,110.42088257479878,9144.0
4140.0,MYU2211,11.929598244724234,108.70084658594841,9144.0
4140.0,MAS8792,-3.918463581386059,114.08386763499445,9144.0
4140.0,MMA231,6.1940267675153615,102.09671859660648,9144.0
4140.0,MXD1636,1.5144443785639465,110.42088257479878,9144.0
4140.0,MYU2211,11.929598244724234,108.70084658594841,9144.0
4150.0,MAS8792,-3.904044909509578,114.05486194509643,9144.0
4150.0,MMA231,6.164090318849194,102.10605608508826,9144.0
4150.0,MXD1636,1.5098870412508225,110.40956785118127,9144.0
4150.0,MYU2211,11.903009970380158,108.68388556591768,9144.0
4150.0,MAS8792,-3.904044909509578,114.05486194509643,9144.0
4150.0,MMA231,6.164090318849194,102.10605608508826,9144.0
4150.0,MXD1636,1.5098870412508225,110.40956785118127,9144.0
4150.0,MYU2211,11.903009970380158,108.68388556591768,9144.0
4160.0,MAS8792,-3.889762798051121,114.0257889509909,9144.0
4160.0,MMA231,6.134314512751312,102.11589895347146,9144.0
4160.0,MXD1636,1.5018437908326028,110.40039903018672,9144.0
4160.0,MYU2211,11.876420340569627,108.66692842229355,9144.0
4160.0,MAS8792,-3.889762798051121,114.0257889509909,9144.0
4160.0,MMA231,6.134314512751312,102.11589895347146,9144.0
4160.0,MXD1636,1.5018437908326028,110.40039903018672,9144.0
4160.0,MYU2211,11.876420340569627,108.66692842229355,9144.0
4170.0,MAS8792,-3.875428415435931,113.9966131206358,9144.0
4170.0,MMA231,6.104538515997934,102.12574069005166,9144.0
4170.0,MXD1636,1.4975339588919168,110.38937373224329,9144.0
4170.0,MYU2211,11.849783183255898,108.6500509977619,9144.0
4170.0,MAS8792,-3.875428415435931,113.9966131206358,9144.0
4170.0,MMA231,6.104538515997934,102.12574069005166,9144.0
4170.0,MXD1636,1.4975339588919168,110.38937373224329,9144.0
4170.0,MYU2211,11.849783183255898,108.6500509977619,9144.0
4180.0,MAS8792,-3.861092584307663,113.96743849884663,9144.0
4180.0,MMA231,6.074747427940855,102.13553558194295,9144.0
4180.0,MXD1636,1.494881288298182,110.37791079309488,9144.0
4180.0,MYU2211,11.823095049558267,108.63314585379965,9144.0
4180.0,MAS8792,-3.861092584307663,113.96743849884663,9144.0
4180.0,MMA231,6.074747427940855,102.13553558194295,9144.0
4180.0,MXD1636,1.494881288298182,110.37791079309488,9144.0
4180.0,MYU2211,11.823095049558267,108.63314585379965,9144.0
4190.0,MAS8792,-3.8466882772336173,113.93829827198337,9144.0
4190.0,MMA231,6.044956153225923,102.14532935904784,9144.0
4190.0,MXD1636,1.4923100378483867,110.36680006894422,9144.0
4190.0,MYU2211,11.796402026150096,108.61625041601036,9144.0
4190.0,MAS8792,-3.8466882772336173,113.93829827198337,9144.0
4190.0,MMA231,6.044956153225923,102.14532935904784,9144.0
4190.0,MXD1636,1.4923100378483867,110.36680006894422,9144.0
4190.0,MYU2211,11.796402026150096,108.61625041601036,9144.0
4200.0,MAS8792,-3.832231323884632,113.90905557413438,9144.0
4200.0,MMA231,6.015167489211558,102.15513062464174,9144.0
4200.0,MXD1636,1.4897386466573006,110.3556893903662,9144.0
4200.0,MYU2211,11.769707745714562,108.59935869274946,9144.0
4200.0,MAS8792,-3.832231323884632,113.90905557413438,9144.0
4200.0,MMA231,6.015167489211558,102.15513062464174,9144.0
4200.0,MXD1636,1.4897386466573006,110.3556893903662,9144.0
4200.0,MYU2211,11.769707745714562,108.59935869274946,9144.0
4210.0,MAS8792,-3.8178006883194477,113.8798003144126,9144.0
4210.0,MMA231,5.985434250567871,102.16491249385544,9144.0
4210.0,MXD1636,1.4871672554662145,110.34457872474492,9144.0
4210.0,MYU2211,11.743011229156275,108.58247229479716,9144.0
4210.0,MAS8792,-3.8178006883194477,113.8798003144126,9144.0
4210.0,MMA231,5.985434250567871,102.16491249385544,9144.0
4210.0,MXD1636,1.4871672554662145,110.34457872474492,9144.0
4210.0,MYU2211,11.743011229156275,108.58247229479716,9144.0
4220.0,MAS8792,-3.8033431145645324,113.85049443358852,9144.0
4220.0,MMA231,5.955705886696036,102.1747087991599,9144.0
4220.0,MYU2211,11.716263804829728,108.56555814439112,9144.0
4220.0,MAS8792,-3.8033431145645324,113.85049443358852,9144.0
4220.0,MMA231,5.955705886696036,102.1747087991599,9144.0
4220.0,MYU2211,11.716263804829728,108.56555814439112,9144.0
4230.0,MAS8792,-3.788867685306118,113.8211978983254,9144.0
4230.0,MMA231,5.92597734073143,102.18450401695833,9144.0
4230.0,MYU2211,11.68943988750869,108.54877244350054,9144.0
4230.0,MAS8792,-3.788867685306118,113.8211978983254,9144.0
4230.0,MMA231,5.92597734073143,102.18450401695833,9144.0
4230.0,MYU2211,11.68943988750869,108.54877244350054,9144.0
4240.0,MAS8792,-3.774425233666995,113.79188550893156,9144.0
4240.0,MMA231,5.896248072618032,102.19429649305309,9144.0
4240.0,MYU2211,11.662664592032325,108.53202153606469,9144.0
4240.0,MAS8792,-3.774425233666995,113.79188550893156,9144.0
4240.0,MMA231,5.896248072618032,102.19429649305309,9144.0
4240.0,MYU2211,11.662664592032325,108.53202153606469,9144.0
4250.0,MAS8792,-3.7599260884318495,113.76247290751662,9144.0
4250.0,MMA231,5.866574264683712,102.20406956820662,9144.0
4250.0,MYU2211,11.635956622634302,108.51516056087787,9144.0
4250.0,MAS8792,-3.7599260884318495,113.76247290751662,9144.0
4250.0,MMA231,5.866574264683712,102.20406956820662,9144.0
4250.0,MYU2211,11.635956622634302,108.51516056087787,9144.0
4260.0,MAS8792,-3.7454133105499796,113.73306754791787,9144.0
4260.0,MMA231,5.836893212335126,102.21381986931571,9144.0
4260.0,MYU2211,11.609197748079566,108.49827182626589,9144.0
4260.0,MAS8792,-3.7454133105499796,113.73306754791787,9144.0
4260.0,MMA231,5.836893212335126,102.21381986931571,9144.0
4260.0,MYU2211,11.609197748079566,108.49827182626589,9144.0
4270.0,MAS8792,-3.7309215166249228,113.7037166495091,9144.0
4270.0,MMA231,5.807379174526575,102.2235142000482,9144.0
4270.0,MYU2211,11.582403245668711,108.4814436806619,9144.0
4270.0,MAS8792,-3.7309215166249228,113.7037166495091,9144.0
4270.0,MMA231,5.807379174526575,102.2235142000482,9144.0
4270.0,MYU2211,11.582403245668711,108.4814436806619,9144.0
4280.0,MAS8792,-3.716443713867753,113.6743593006503,9144.0
4280.0,MMA231,5.77786480921724,102.23320701681145,9144.0
4280.0,MYU2211,11.555607578181071,108.46461907901251,9144.0
4280.0,MAS8792,-3.716443713867753,113.6743593006503,9144.0
4280.0,MMA231,5.77786480921724,102.23320701681145,9144.0
4280.0,MYU2211,11.555607578181071,108.46461907901251,9144.0
4290.0,MAS8792,-3.7019372718568957,113.6449522537673,9144.0
4290.0,MMA231,5.748475299475849,102.24327528264072,9144.0
4290.0,MYU2211,11.528805422747938,108.44780685326596,9144.0
4290.0,MAS8792,-3.7019372718568957,113.6449522537673,9144.0
4290.0,MMA231,5.748475299475849,102.24327528264072,9144.0
4290.0,MYU2211,11.528805422747938,108.44780685326596,9144.0
4300.0,MAS8792,-3.6874125916054714,113.615554729739,9144.0
4300.0,MMA231,5.719620674572608,102.25463957603027,9144.0
4300.0,MYU2211,11.502051898651956,108.43102935863858,9144.0
4300.0,MAS8792,-3.6874125916054714,113.615554729739,9144.0
4300.0,MMA231,5.719620674572608,102.25463957603027,9144.0
4300.0,MYU2211,11.502051898651956,108.43102935863858,9144.0
4310.0,MAS8792,-3.6728863583022417,113.58615845564385,9144.0
4310.0,MMA231,5.6909300281263855,102.26593802779722,9144.0
4310.0,MYU2211,11.475302476240117,108.41424664707193,9144.0
4310.0,MAS8792,-3.6728863583022417,113.58615845564385,9144.0
4310.0,MMA231,5.6909300281263855,102.26593802779722,9144.0
4310.0,MYU2211,11.475302476240117,108.41424664707193,9144.0
4320.0,MAS8792,-3.658348533936785,113.55676841350427,9144.0
4320.0,MMA231,5.662239108266612,102.27723521602272,9144.0
4320.0,MYU2211,11.448601729067441,108.3974986502905,9144.0
4320.0,MAS8792,-3.658348533936785,113.55676841350427,9144.0
4320.0,MMA231,5.662239108266612,102.27723521602272,9144.0
4320.0,MYU2211,11.448601729067441,108.3974986502905,9144.0
4330.0,MAS8792,-3.6438351439568035,113.52743110712032,9144.0
4330.0,MMA231,5.633606942756914,102.28868137696443,9144.0
4330.0,MYU2211,11.42193795718042,108.38069102399415,9144.0
4330.0,MAS8792,-3.6438351439568035,113.52743110712032,9144.0
4330.0,MMA231,5.633606942756914,102.28868137696443,9144.0
4330.0,MYU2211,11.42193795718042,108.38069102399415,9144.0
4340.0,MAS8792,-3.6293204744353997,113.49809490866767,9144.0
4340.0,MMA231,5.605029226339106,102.30010447194563,9144.0
4340.0,MYU2211,11.395422487181774,108.36398101339357,9144.0
4340.0,MAS8792,-3.6293204744353997,113.49809490866767,9144.0
4340.0,MMA231,5.605029226339106,102.30010447194563,9144.0
4340.0,MYU2211,11.395422487181774,108.36398101339357,9144.0
4350.0,MAS8792,-3.6148027379279912,113.46876070448032,9144.0
4350.0,MMA231,5.576451261833407,102.3115263825942,9144.0
4350.0,MYU2211,11.368903714475934,108.3472780140337,9144.0
4350.0,MAS8792,-3.6148027379279912,113.46876070448032,9144.0
4350.0,MMA231,5.576451261833407,102.3115263825942,9144.0
4350.0,MYU2211,11.368903714475934,108.3472780140337,9144.0
4360.0,MAS8792,-3.600332835262201,113.43940324864673,9144.0
4360.0,MMA231,5.547818350624594,102.32296898264806,9144.0
4360.0,MYU2211,11.342383838222249,108.33057839011222,9144.0
4360.0,MAS8792,-3.600332835262201,113.43940324864673,9144.0
4360.0,MMA231,5.547818350624594,102.32296898264806,9144.0
4360.0,MYU2211,11.342383838222249,108.33057839011222,9144.0
4370.0,MAS8792,-3.5859119017961913,113.41015084477229,9144.0
4370.0,MMA231,5.519186073823858,102.33441263099641,9144.0
4370.0,MYU2211,11.315907340373805,108.31380887133712,9144.0
4370.0,MAS8792,-3.5859119017961913,113.41015084477229,9144.0
4370.0,MMA231,5.519186073823858,102.33441263099641,9144.0
4370.0,MYU2211,11.315907340373805,108.31380887133712,9144.0
4380.0,MAS8792,-3.5714575762052183,113.38091545237614,9144.0
4380.0,MMA231,5.490498890717113,102.3458769626889,9144.0
4380.0,MYU2211,11.28942973700639,108.29704271668622,9144.0
4380.0,MAS8792,-3.5714575762052183,113.38091545237614,9144.0
4380.0,MMA231,5.490498890717113,102.3458769626889,9144.0
4380.0,MYU2211,11.28942973700639,108.29704271668622,9144.0
4390.0,MAS8792,-3.5570022780775963,113.3516810021235,9144.0
4390.0,MMA231,5.4618163481151525,102.35735245591609,9144.0
4390.0,MYU2211,11.262887583285867,108.2803845702585,9144.0
4390.0,MAS8792,-3.5570022780775963,113.3516810021235,9144.0
4390.0,MMA231,5.4618163481151525,102.35735245591609,9144.0
4390.0,MYU2211,11.262887583285867,108.2803845702585,9144.0
4400.0,MAS8792,-3.5425460057531386,113.32244749301937,9144.0
4400.0,MMA231,5.433078948289449,102.36884864883625,9144.0
4400.0,MYU2211,11.236394280435825,108.26376107694799,9144.0
4400.0,MAS8792,-3.5425460057531386,113.32244749301937,9144.0
4400.0,MMA231,5.433078948289449,102.36884864883625,9144.0
4400.0,MYU2211,11.236394280435825,108.26376107694799,9144.0
4410.0,MAS8792,-3.528088755929322,113.2932149248842,9144.0
4410.0,MMA231,5.404327069275229,102.3803077073572,9144.0
4410.0,MYU2211,11.209977103268791,108.24701365856693,9144.0
4410.0,MAS8792,-3.528088755929322,113.2932149248842,9144.0
4410.0,MMA231,5.404327069275229,102.3803077073572,9144.0
4410.0,MYU2211,11.209977103268791,108.24701365856693,9144.0
4420.0,MAS8792,-3.513630522788123,113.26398329878772,9144.0
4420.0,MMA231,5.375520348904999,102.39178739733858,9144.0
4420.0,MYU2211,11.18360867503121,108.23030110807397,9144.0
4420.0,MAS8792,-3.513630522788123,113.26398329878772,9144.0
4420.0,MMA231,5.375520348904999,102.39178739733858,9144.0
4420.0,MYU2211,11.18360867503121,108.23030110807397,9144.0
4430.0,MAS8792,-3.499171296370447,113.23475261785649,9144.0
4430.0,MMA231,5.346714982039883,102.40326997148281,9144.0
4430.0,MYU2211,11.157248021064772,108.21357733835751,9144.0
4430.0,MAS8792,-3.499171296370447,113.23475261785649,9144.0
4430.0,MMA231,5.346714982039883,102.40326997148281,9144.0
4430.0,MYU2211,11.157248021064772,108.21357733835751,9144.0
4440.0,MAS8792,-3.4847110591652246,113.20552288896839,9144.0
4440.0,MMA231,5.317909384396936,102.41475142282717,9144.0
4440.0,MYU2211,11.130836492559272,108.19682523329037,9144.0
4440.0,MAS8792,-3.4847110591652246,113.20552288896839,9144.0
4440.0,MMA231,5.317909384396936,102.41475142282717,9144.0
4440.0,MYU2211,11.130836492559272,108.19682523329037,9144.0
4450.0,MAS8792,-3.470249777534531,113.17629412701235,9144.0
4450.0,MMA231,5.289128276800734,102.42629411832431,9144.0
4450.0,MYU2211,11.104047030556464,108.18071000695237,9144.0
4450.0,MAS8792,-3.470249777534531,113.17629412701235,9144.0
4450.0,MMA231,5.289128276800734,102.42629411832431,9144.0
4450.0,MYU2211,11.104047030556464,108.18071000695237,9144.0
4460.0,MAS8792,-3.4557873722509598,113.14706636952404,9144.0
4460.0,MMA231,5.260346942732944,102.43783570900207,9144.0
4460.0,MYU2211,11.07725661158969,108.16459790968187,9144.0
4460.0,MAS8792,-3.4557873722509598,113.14706636952404,9144.0
4460.0,MMA231,5.260346942732944,102.43783570900207,9144.0
4460.0,MYU2211,11.07725661158969,108.16459790968187,9144.0
4470.0,MAS8792,-3.4413235054955464,113.11783978249389,9144.0
4470.0,MMA231,5.231565320331993,102.44937604226178,9144.0
4470.0,MYU2211,11.048615718367905,108.15222601050297,9144.0
4470.0,MAS8792,-3.4413235054955464,113.11783978249389,9144.0
4470.0,MMA231,5.231565320331993,102.44937604226178,9144.0
4470.0,MYU2211,11.048615718367905,108.15222601050297,9144.0
4480.0,MAS8792,-3.426859341158436,113.08861378601195,9144.0
4480.0,MMA231,5.202751187351855,102.46083374993057,9144.0
4480.0,MYU2211,11.01873321583963,108.14385649462444,9144.0
4480.0,MAS8792,-3.426859341158436,113.08861378601195,9144.0
4480.0,MMA231,5.202751187351855,102.46083374993057,9144.0
4480.0,MYU2211,11.01873321583963,108.14385649462444,9144.0
4490.0,MAS8792,-3.4125224715276836,113.05964798326869,9144.0
4490.0,MMA231,5.173991401910809,102.47226851620198,9144.0
4490.0,MYU2211,10.988026470200449,108.13958903548362,9144.0
4490.0,MAS8792,-3.4125224715276836,113.05964798326869,9144.0
4490.0,MMA231,5.173991401910809,102.47226851620198,9144.0
4490.0,MYU2211,10.988026470200449,108.13958903548362,9144.0
4500.0,MAS8792,-3.3981845300392277,113.03068314427206,9144.0
4500.0,MMA231,5.145242874622383,102.48373126974592,9144.0
4500.0,MYU2211,10.95738568090054,108.13688066899333,9144.0
4500.0,MAS8792,-3.3981845300392277,113.03068314427206,9144.0
4500.0,MMA231,5.145242874622383,102.48373126974592,9144.0
4500.0,MYU2211,10.95738568090054,108.13688066899333,9144.0
4510.0,MAS8792,-3.383845256546037,113.00171939651055,9144.0
4510.0,MMA231,5.116494078721995,102.49519282773231,9144.0
4510.0,MYU2211,10.926744867505905,108.13417286530367,9144.0
4510.0,MAS8792,-3.383845256546037,113.00171939651055,9144.0
4510.0,MMA231,5.116494078721995,102.49519282773231,9144.0
4510.0,MYU2211,10.926744867505905,108.13417286530367,9144.0
4520.0,MAS8792,-3.369502058716209,112.97275802649604,9144.0
4520.0,MMA231,5.087745061579239,102.50665331287442,9144.0
4520.0,MYU2211,10.896178482311756,108.13070082748528,9144.0
4520.0,MAS8792,-3.369502058716209,112.97275802649604,9144.0
4520.0,MMA231,5.087745061579239,102.50665331287442,9144.0
4520.0,MYU2211,10.896178482311756,108.13070082748528,9144.0
4530.0,MAS8792,-3.3552092669473494,112.94390153176778,9144.0
4530.0,MMA231,5.058941187957149,102.51813441307738,9144.0
4530.0,MYU2211,10.865612057603327,108.12722950644101,9144.0
4530.0,MAS8792,-3.3552092669473494,112.94390153176778,9144.0
4530.0,MMA231,5.058941187957149,102.51813441307738,9144.0
4530.0,MYU2211,10.865612057603327,108.12722950644101,9144.0
4540.0,MAS8792,-3.3409151262227077,112.91504612866584,9144.0
4540.0,MMA231,5.030148567129524,102.52964341436683,9144.0
4540.0,MYU2211,10.835031580437137,108.1238893172134,9144.0
4540.0,MAS8792,-3.3409151262227077,112.91504612866584,9144.0
4540.0,MMA231,5.030148567129524,102.52964341436683,9144.0
4540.0,MYU2211,10.835031580437137,108.1238893172134,9144.0
4550.0,MAS8792,-3.3266308918399785,112.88618622276665,9144.0
4550.0,MMA231,5.001355699642748,102.54115128621201,9144.0
4550.0,MYU2211,10.804451066916759,108.12054981369404,9144.0
4550.0,MAS8792,-3.3266308918399785,112.88618622276665,9144.0
4550.0,MMA231,5.001355699642748,102.54115128621201,9144.0
4550.0,MYU2211,10.804451066916759,108.12054981369404,9144.0
4560.0,MAS8792,-3.312371528463013,112.85737918590901,9144.0
4560.0,MMA231,4.97254255109875,102.55260739102114,9144.0
4560.0,MYU2211,10.773864412430218,108.11726944964732,9144.0
4560.0,MAS8792,-3.312371528463013,112.85737918590901,9144.0
4560.0,MMA231,4.97254255109875,102.55260739102114,9144.0
4560.0,MYU2211,10.773864412430218,108.11726944964732,9144.0
4570.0,MAS8792,-3.298111291402453,112.82857299703909,9144.0
4570.0,MMA231,4.943674580383286,102.56408409394305,9144.0
4570.0,MYU2211,10.7433363108099,108.11399603636242,9144.0
4570.0,MAS8792,-3.298111291402453,112.82857299703909,9144.0
4570.0,MMA231,4.943674580383286,102.56408409394305,9144.0
4570.0,MYU2211,10.7433363108099,108.11399603636242,9144.0
4580.0,MAS8792,-3.2838501800391144,112.7997676547141,9144.0
4580.0,MMA231,4.914817700147415,102.5755883626324,9144.0
4580.0,MYU2211,10.71273798444535,108.11149266916655,9144.0
4580.0,MAS8792,-3.2838501800391144,112.7997676547141,9144.0
4580.0,MMA231,4.914817700147415,102.5755883626324,9144.0
4580.0,MYU2211,10.71273798444535,108.11149266916655,9144.0
4590.0,MAS8792,-3.269588192578561,112.77096315807502,9144.0
4590.0,MMA231,4.885960587355842,102.58709154691999,9144.0
4590.0,MYU2211,10.68208091547014,108.10898500613393,9144.0
4590.0,MAS8792,-3.269588192578561,112.77096315807502,9144.0
4590.0,MMA231,4.885960587355842,102.58709154691999,9144.0
4590.0,MYU2211,10.68208091547014,108.10898500613393,9144.0
4600.0,MAS8792,-3.2553253254853405,112.74215950712787,9144.0
4600.0,MMA231,4.857118326774375,102.59863169623273,9144.0
4600.0,MYU2211,10.651421811630257,108.10650348986778,9144.0
4600.0,MAS8792,-3.2553253254853405,112.74215950712787,9144.0
4600.0,MMA231,4.857118326774375,102.59863169623273,9144.0
4600.0,MYU2211,10.651421811630257,108.10650348986778,9144.0
4610.0,MAS8792,-3.241061572484605,112.71335670324002,9144.0
4610.0,MMA231,4.828275836445674,102.610170775033,9144.0
4610.0,MYU2211,10.620880181450465,108.10403198111578,9144.0
4610.0,MAS8792,-3.241061572484605,112.71335670324002,9144.0
4610.0,MMA231,4.828275836445674,102.610170775033,9144.0
4610.0,MYU2211,10.620880181450465,108.10403198111578,9144.0
4620.0,MAS8792,-3.2267969226198563,112.68455475010566,9144.0
4620.0,MMA231,4.799413492340203,102.62165926089419,9144.0
4620.0,MYU2211,10.590339706070715,108.1015459924247,9144.0
4620.0,MAS8792,-3.2267969226198563,112.68455475010566,9144.0
4620.0,MMA231,4.799413492340203,102.62165926089419,9144.0
4620.0,MYU2211,10.590339706070715,108.1015459924247,9144.0
4630.0,MAS8792,-3.212531355906183,112.65575365590642,9144.0
4630.0,MMA231,4.770605499232596,102.63312497691307,9144.0
4630.0,MYU2211,10.5598580162549,108.09906528559371,9144.0
4630.0,MAS8792,-3.212531355906183,112.65575365590642,9144.0
4630.0,MMA231,4.770605499232596,102.63312497691307,9144.0
4630.0,MYU2211,10.5598580162549,108.09906528559371,9144.0
4640.0,MAS8792,-3.1982648311902824,112.62695343934567,9144.0
4640.0,MMA231,4.741811273693889,102.64462498341429,9144.0
4640.0,MYU2211,10.52938007335296,108.0965376405818,9144.0
4640.0,MAS8792,-3.1982648311902824,112.62695343934567,9144.0
4640.0,MMA231,4.741811273693889,102.64462498341429,9144.0
4640.0,MYU2211,10.52938007335296,108.0965376405818,9144.0
4650.0,MAS8792,-3.1839972345647887,112.59815415528897,9144.0
4650.0,MMA231,4.7130168315517045,102.65612396592134,9144.0
4650.0,MYU2211,10.498843312325974,108.09400562158667,9144.0
4650.0,MAS8792,-3.1839972345647887,112.59815415528897,9144.0
4650.0,MMA231,4.7130168315517045,102.65612396592134,9144.0
4650.0,MYU2211,10.498843312325974,108.09400562158667,9144.0
4660.0,MAS8792,-3.169727434777087,112.56935636428231,9144.0
4660.0,MMA231,4.684204711646511,102.66757780706499,9144.0
4660.0,MYU2211,10.468315539383122,108.09136413591712,9144.0
4660.0,MAS8792,-3.169727434777087,112.56935636428231,9144.0
4660.0,MMA231,4.684204711646511,102.66757780706499,9144.0
4660.0,MYU2211,10.468315539383122,108.09136413591712,9144.0
4670.0,MAS8792,-3.155415779667024,112.54057981212607,9144.0
4670.0,MMA231,4.655337798814115,102.67905234098889,9144.0
4670.0,MYU2211,10.437729004307405,108.08871809044959,9144.0
4670.0,MAS8792,-3.155415779667024,112.54057981212607,9144.0
4670.0,MMA231,4.655337798814115,102.67905234098889,9144.0
4670.0,MYU2211,10.437729004307405,108.08871809044959,9144.0
4680.0,MAS8792,-3.140999731638672,112.51159658245614,9144.0
4680.0,MMA231,4.626477017601992,102.690541920786,9144.0
4680.0,MYU2211,10.407242784485074,108.08506660029742,9144.0
4680.0,MAS8792,-3.140999731638672,112.51159658245614,9144.0
4680.0,MMA231,4.626477017601992,102.690541920786,9144.0
4680.0,MYU2211,10.407242784485074,108.08506660029742,9144.0
4690.0,MAS8792,-3.1263038624671715,112.48275505719339,9144.0
4690.0,MMA231,4.597616028792924,102.70203050884275,9144.0
4690.0,MYU2211,10.376756522909131,108.08141582677958,9144.0
4690.0,MAS8792,-3.1263038624671715,112.48275505719339,9144.0
4690.0,MMA231,4.597616028792924,102.70203050884275,9144.0
4690.0,MYU2211,10.376756522909131,108.08141582677958,9144.0
4700.0,MAS8792,-3.111607184335393,112.45391434847902,9144.0
4700.0,MMA231,4.568754232248742,102.71351659059565,9144.0
4700.0,MYU2211,10.346315807337088,108.07739177043416,9144.0
4700.0,MAS8792,-3.111607184335393,112.45391434847902,9144.0
4700.0,MMA231,4.568754232248742,102.71351659059565,9144.0
4700.0,MYU2211,10.346315807337088,108.07739177043416,9144.0
4710.0,MAS8792,-3.0969097001591,112.42507445295306,9144.0
4710.0,MMA231,4.539892232624961,102.72500169793045,9144.0
4710.0,MYU2211,10.315758241284438,108.07335306230085,9144.0
4710.0,MAS8792,-3.0969097001591,112.42507445295306,9144.0
4710.0,MMA231,4.539892232624961,102.72500169793045,9144.0
4710.0,MYU2211,10.315758241284438,108.07335306230085,9144.0
4720.0,MAS8792,-3.0822114127565357,112.39623536730494,9144.0
4720.0,MMA231,4.511030650571437,102.73648740323635,9144.0
4720.0,MYU2211,10.285443402247257,108.06773434639061,9144.0
4720.0,MAS8792,-3.0822114127565357,112.39623536730494,9144.0
4720.0,MMA231,4.511030650571437,102.73648740323635,9144.0
4720.0,MYU2211,10.285443402247257,108.06773434639061,9144.0
4730.0,MAS8792,-3.067512324830254,112.36739708828286,9144.0
4730.0,MMA231,4.482168868568043,102.74797214799032,9144.0
4730.0,MYU2211,10.255012751081065,108.06209527666266,9144.0
4730.0,MAS8792,-3.067512324830254,112.36739708828286,9144.0
4730.0,MMA231,4.482168868568043,102.74797214799032,9144.0
4730.0,MYU2211,10.255012751081065,108.06209527666266,9144.0
4740.0,MAS8792,-3.0528124389441342,112.33855961270547,9144.0
4740.0,MMA231,4.453314777767172,102.75947586822831,9144.0
4740.0,MYU2211,10.224818506366672,108.055269482157,9144.0
4740.0,MAS8792,-3.0528124389441342,112.33855961270547,9144.0
4740.0,MMA231,4.453314777767172,102.75947586822831,9144.0
4740.0,MYU2211,10.224818506366672,108.055269482157,9144.0
4750.0,MAS8792,-3.0381117574938554,112.30972293747705,9144.0
4750.0,MMA231,4.424460496004955,102.7709786568745,9144.0
4750.0,MYU2211,10.194509458140198,108.04841908634917,9144.0
4750.0,MAS8792,-3.0381117574938554,112.30972293747705,9144.0
4750.0,MMA231,4.424460496004955,102.7709786568745,9144.0
4750.0,MYU2211,10.194509458140198,108.04841908634917,9144.0
4760.0,MAS8792,-3.0234102826683356,112.28088705960722,9144.0
4760.0,MMA231,4.395605863325126,102.78248011323171,9144.0
4760.0,MYU2211,10.164200243938911,108.04157009925471,9144.0
4760.0,MAS8792,-3.0234102826683356,112.28088705960722,9144.0
4760.0,MMA231,4.395605863325126,102.78248011323171,9144.0
4760.0,MYU2211,10.164200243938911,108.04157009925471,9144.0
4770.0,MAS8792,-3.008708016398393,112.25205197623724,9144.0
4770.0,MMA231,4.3667769772992,102.79404588677343,9144.0
4770.0,MYU2211,10.134163486304509,108.03357843054124,9144.0
4770.0,MAS8792,-3.008708016398393,112.25205197623724,9144.0
4770.0,MMA231,4.3667769772992,102.79404588677343,9144.0
4770.0,MYU2211,10.134163486304509,108.03357843054124,9144.0
4780.0,MAS8792,-2.994004960286853,112.22321768467576,9144.0
4780.0,MMA231,4.3379477887284725,102.80561045888412,9144.0
4780.0,MYU2211,10.104998450858968,108.02275707174664,9144.0
4780.0,MAS8792,-2.994004960286853,112.22321768467576,9144.0
4780.0,MMA231,4.3379477887284725,102.80561045888412,9144.0
4780.0,MYU2211,10.104998450858968,108.02275707174664,9144.0
4790.0,MAS8792,-2.9793011155108933,112.19438418244883,9144.0
4790.0,MMA231,4.309021072204284,102.81692700976811,9144.0
4790.0,MYU2211,10.077384671493427,108.00807815091372,9144.0
4790.0,MAS8792,-2.9793011155108933,112.19438418244883,9144.0
4790.0,MMA231,4.309021072204284,102.81692700976811,9144.0
4790.0,MYU2211,10.077384671493427,108.00807815091372,9144.0
4800.0,MAS8792,-2.96459648268132,112.16555146737188,9144.0
4800.0,MMA231,4.2801488028318975,102.82822109630754,9144.0
4800.0,MYU2211,10.051564593601544,107.99003329012312,9144.0
4800.0,MAS8792,-2.96459648268132,112.16555146737188,9144.0
4800.0,MMA231,4.2801488028318975,102.82822109630754,9144.0
4800.0,MYU2211,10.051564593601544,107.99003329012312,9144.0
4810.0,MAS8792,-2.949891061632089,112.13671953765753,9144.0
4810.0,MMA231,4.2513931930007764,102.83981017882311,9144.0
4810.0,MYU2211,10.025647153106947,107.97192413824855,9144.0
4810.0,MAS8792,-2.949891061632089,112.13671953765753,9144.0
4810.0,MMA231,4.2513931930007764,102.83981017882311,9144.0
4810.0,MYU2211,10.025647153106947,107.97192413824855,9144.0
4820.0,MAS8792,-2.9351848510907432,112.1078883920841,9144.0
4820.0,MMA231,4.222691838128355,102.85137621988665,9144.0
4820.0,MYU2211,9.999728578050943,107.9538181071366,9144.0
4820.0,MAS8792,-2.9351848510907432,112.1078883920841,9144.0
4820.0,MMA231,4.222691838128355,102.85137621988665,9144.0
4820.0,MYU2211,9.999728578050943,107.9538181071366,9144.0
4830.0,MAS8792,-2.9204778481316733,112.07905803027558,9144.0
4830.0,MMA231,4.193975013103117,102.8629031620159,9144.0
4830.0,MYU2211,9.974001724022205,107.93543375893877,9144.0
4830.0,MAS8792,-2.9204778481316733,112.07905803027558,9144.0
4830.0,MMA231,4.193975013103117,102.8629031620159,9144.0
4830.0,MYU2211,9.974001724022205,107.93543375893877,9144.0
4840.0,MAS8792,-2.9057700471980152,112.05022845320201,9144.0
4840.0,MMA231,4.165367147428077,102.87438525864124,9144.0
4840.0,MYU2211,9.948178241007179,107.91698431988927,9144.0
4840.0,MAS8792,-2.9057700471980152,112.05022845320201,9144.0
4840.0,MMA231,4.165367147428077,102.87438525864124,9144.0
4840.0,MYU2211,9.948178241007179,107.91698431988927,9144.0
4850.0,MAS8792,-2.891061438162266,112.02139966417201,9144.0
4850.0,MMA231,4.1366651999137165,102.8856284317199,9144.0
4850.0,MYU2211,9.922352498839714,107.89853959698935,9144.0
4850.0,MAS8792,-2.891061438162266,112.02139966417201,9144.0
4850.0,MMA231,4.1366651999137165,102.8856284317199,9144.0
4850.0,MYU2211,9.922352498839714,107.89853959698935,9144.0
4860.0,MAS8792,-2.8763520018600013,111.99257167111813,9144.0
4860.0,MMA231,4.108017881477252,102.89684919246542,9144.0
4860.0,MYU2211,9.896471921042176,107.88017570676234,9144.0
4860.0,MAS8792,-2.8763520018600013,111.99257167111813,9144.0
4860.0,MMA231,4.108017881477252,102.89684919246542,9144.0
4860.0,MYU2211,9.896471921042176,107.88017570676234,9144.0
4870.0,MAS8792,-2.861641696993108,111.96374449329844,9144.0
4870.0,MMA231,4.079474662521821,102.90833310653987,9144.0
4870.0,MYU2211,9.870637050099045,107.86185027120148,9144.0
4870.0,MAS8792,-2.861641696993108,111.96374449329844,9144.0
4870.0,MMA231,4.079474662521821,102.90833310653987,9144.0
4870.0,MYU2211,9.870637050099045,107.86185027120148,9144.0
4880.0,MAS8792,-2.8469303980738307,111.9349181930496,9144.0
4880.0,MMA231,4.050931234986361,102.91981609296884,9144.0
4880.0,MYU2211,9.844762203421547,107.84358446976147,9144.0
4880.0,MAS8792,-2.8469303980738307,111.9349181930496,9144.0
4880.0,MMA231,4.050931234986361,102.91981609296884,9144.0
4880.0,MYU2211,9.844762203421547,107.84358446976147,9144.0
4890.0,MAS8792,-2.829810841062568,111.90745755294566,9144.0
4890.0,MMA231,4.022314128842107,102.93111287788565,9144.0
4890.0,MYU2211,9.81883769229165,107.82528885395047,9144.0
4890.0,MAS8792,-2.829810841062568,111.90745755294566,9144.0
4890.0,MMA231,4.022314128842107,102.93111287788565,9144.0
4890.0,MYU2211,9.81883769229165,107.82528885395047,9144.0
4900.0,MAS8792,-2.8129670273764678,111.88044109033707,9144.0
4900.0,MMA231,3.9936968245468214,102.9424087630296,9144.0
4900.0,MYU2211,9.793076878025051,107.8067580597966,9144.0
4900.0,MAS8792,-2.8129670273764678,111.88044109033707,9144.0
4900.0,MMA231,3.9936968245468214,102.9424087630296,9144.0
4900.0,MYU2211,9.793076878025051,107.8067580597966,9144.0
4910.0,MAS8792,-2.796122562346799,111.85342542389078,9144.0
4910.0,MMA231,3.965140162356034,102.95385743026152,9144.0
4910.0,MYU2211,9.767361996054818,107.78826533624508,9144.0
4910.0,MAS8792,-2.796122562346799,111.85342542389078,9144.0
4910.0,MMA231,3.965140162356034,102.95385743026152,9144.0
4910.0,MYU2211,9.767361996054818,107.78826533624508,9144.0
4920.0,MAS8792,-2.779277446778231,111.8264105507828,9144.0
4920.0,MMA231,3.936637998263649,102.96528327124474,9144.0
4920.0,MYU2211,9.7414972069893,107.7699905531629,9144.0
4920.0,MAS8792,-2.779277446778231,111.8264105507828,9144.0
4920.0,MMA231,3.936637998263649,102.96528327124474,9144.0
4920.0,MYU2211,9.7414972069893,107.7699905531629,9144.0
4930.0,MAS8792,-2.762431680630783,111.799396468717,9144.0
4930.0,MMA231,3.908366640991051,102.97727101029312,9144.0
4930.0,MYU2211,9.715535196861214,107.75165170830168,9144.0
4930.0,MAS8792,-2.762431680630783,111.799396468717,9144.0
4930.0,MMA231,3.908366640991051,102.97727101029312,9144.0
4930.0,MYU2211,9.715535196861214,107.75165170830168,9144.0
4940.0,MAS8792,-2.7455852625982295,111.77238317618884,9144.0
4940.0,MMA231,3.8813113763692204,102.99193135215208,9144.0
4940.0,MYU2211,9.689948479620195,107.73277919381168,9144.0
4940.0,MAS8792,-2.7455852625982295,111.77238317618884,9144.0
4940.0,MMA231,3.8813113763692204,102.99193135215208,9144.0
4940.0,MYU2211,9.689948479620195,107.73277919381168,9144.0
4950.0,MAS8792,-2.72873818934979,111.74537067295942,9144.0
4950.0,MMA231,3.855518830653587,103.00872264617317,9144.0
4950.0,MYU2211,9.664454944376804,107.71397935112492,9144.0
4950.0,MAS8792,-2.72873818934979,111.74537067295942,9144.0
4950.0,MMA231,3.855518830653587,103.00872264617317,9144.0
4950.0,MYU2211,9.664454944376804,107.71397935112492,9144.0
4960.0,MAS8792,-2.711890454015102,111.71835896100295,9144.0
4960.0,MMA231,3.8297753290859675,103.02548071498214,9144.0
4960.0,MYU2211,9.63895945713421,107.69518365494821,9144.0
4960.0,MAS8792,-2.711890454015102,111.71835896100295,9144.0
4960.0,MMA231,3.8297753290859675,103.02548071498214,9144.0
4960.0,MYU2211,9.63895945713421,107.69518365494821,9144.0
4970.0,MAS8792,-2.695042042654826,111.69134804671357,9144.0
4970.0,MMA231,3.804031424688753,103.04223765985569,9144.0
4970.0,MYU2211,9.613886926073803,107.675812865718,9144.0
4970.0,MAS8792,-2.695042042654826,111.69134804671357,9144.0
4970.0,MMA231,3.804031424688753,103.04223765985569,9144.0
4970.0,MYU2211,9.613886926073803,107.675812865718,9144.0
4980.0,MAS8792,-2.678192923702183,111.6643379475074,9144.0
4980.0,MMA231,3.778430569887302,103.05921280214102,9144.0
4980.0,MYU2211,9.588812969175637,107.65644540892269,9144.0
4980.0,MAS8792,-2.678192923702183,111.6643379475074,9144.0
4980.0,MMA231,3.778430569887302,103.05921280214102,9144.0
4980.0,MYU2211,9.588812969175637,107.65644540892269,9144.0
4990.0,MAS8792,-2.6580059225029555,111.63972833834958,9144.0
4990.0,MMA231,3.7529276781867402,103.07612161801592,9144.0
4990.0,MYU2211,9.563608721291637,107.63725410992404,9144.0
4990.0,MAS8792,-2.6580059225029555,111.63972833834958,9144.0
4990.0,MMA231,3.7529276781867402,103.07612161801592,9144.0
4990.0,MYU2211,9.563608721291637,107.63725410992404,9144.0
5000.0,MAS8792,-2.63667505690412,111.61771216338882,9144.0
5000.0,MMA231,3.7273566155550064,103.09292622560534,9144.0
5000.0,MYU2211,9.538449802529586,107.61810162517166,9144.0
5000.0,MAS8792,-2.63667505690412,111.61771216338882,9144.0
5000.0,MMA231,3.7273566155550064,103.09292622560534,9144.0
5000.0,MYU2211,9.538449802529586,107.61810162517166,9144.0
5010.0,MAS8792,-2.6153436926284583,111.59569684854402,9144.0
5010.0,MMA231,3.7018345470593337,103.10969733871508,9144.0
5010.0,MYU2211,9.513190933356,107.5990862995622,9144.0
5010.0,MAS8792,-2.6153436926284583,111.59569684854402,9144.0
5010.0,MMA231,3.7018345470593337,103.10969733871508,9144.0
5010.0,MYU2211,9.513190933356,107.5990862995622,9144.0
5020.0,MAS8792,-2.5925042260218083,111.57525410380104,9144.0
5020.0,MMA231,3.676356947779977,103.12653572893765,9144.0
5020.0,MYU2211,9.487930748113937,107.58007417416049,9144.0
5020.0,MAS8792,-2.5925042260218083,111.57525410380104,9144.0
5020.0,MMA231,3.676356947779977,103.12653572893765,9144.0
5020.0,MYU2211,9.487930748113937,107.58007417416049,9144.0
5030.0,MAS8792,-2.5697964505406037,111.55493026051164,9144.0
5030.0,MMA231,3.6509776439225528,103.1433078779669,9144.0
5030.0,MYU2211,9.462711586802076,107.56100754890343,9144.0
5030.0,MAS8792,-2.5697964505406037,111.55493026051164,9144.0
5030.0,MMA231,3.6509776439225528,103.1433078779669,9144.0
5030.0,MYU2211,9.462711586802076,107.56100754890343,9144.0
5040.0,MAS8792,-2.5470883489602816,111.53460714222196,9144.0
5040.0,MMA231,3.6255733514883617,103.16004152721504,9144.0
5040.0,MYU2211,9.437491118498295,107.54194409731066,9144.0
5040.0,MAS8792,-2.5470883489602816,111.53460714222196,9144.0
5040.0,MMA231,3.6255733514883617,103.16004152721504,9144.0
5040.0,MYU2211,9.437491118498295,107.54194409731066,9144.0
5050.0,MAS8792,-2.524379924121361,111.51428474255083,9144.0
5050.0,MMA231,3.600168706714865,103.17677417094303,9144.0
5050.0,MYU2211,9.412265109643476,107.52288957319685,9144.0
5050.0,MAS8792,-2.524379924121361,111.51428474255083,9144.0
5050.0,MMA231,3.600168706714865,103.17677417094303,9144.0
5050.0,MYU2211,9.412265109643476,107.52288957319685,9144.0
5060.0,MAS8792,-2.5016711788625496,111.49396305511925,9144.0
5060.0,MMA231,3.5747632743876245,103.19350514903846,9144.0
5060.0,MYU2211,9.38703781262258,107.50383819012991,9144.0
5060.0,MAS8792,-2.5016711788625496,111.49396305511925,9144.0
5060.0,MMA231,3.5747632743876245,103.19350514903846,9144.0
5060.0,MYU2211,9.38703781262258,107.50383819012991,9144.0
5070.0,MAS8792,-2.4789621160206345,111.47364207355051,9144.0
5070.0,MMA231,3.549338929882154,103.21020680056282,9144.0
5070.0,MYU2211,9.361793180096024,107.48481179633767,9144.0
5070.0,MAS8792,-2.4789621160206345,111.47364207355051,9144.0
5070.0,MMA231,3.549338929882154,103.21020680056282,9144.0
5070.0,MYU2211,9.361793180096024,107.48481179633767,9144.0
5080.0,MAS8792,-2.4562527384303565,111.4533217914703,9144.0
5080.0,MMA231,3.5239139356116844,103.22690700110473,9144.0
5080.0,MYU2211,9.336594181697308,107.46582382500273,9144.0
5080.0,MAS8792,-2.4562527384303565,111.4533217914703,9144.0
5080.0,MMA231,3.5239139356116844,103.22690700110473,9144.0
5080.0,MYU2211,9.336594181697308,107.46582382500273,9144.0
5090.0,MAS8792,-2.4335430489242755,111.4330022025069,9144.0
5090.0,MMA231,3.498557583035714,103.24371117613191,9144.0
5090.0,MYU2211,9.311322470901755,107.44693673051526,9144.0
5090.0,MAS8792,-2.4335430489242755,111.4330022025069,9144.0
5090.0,MMA231,3.498557583035714,103.24371117613191,9144.0
5090.0,MYU2211,9.311322470901755,107.44693673051526,9144.0
5100.0,MAS8792,-2.4108330503326156,111.4126833002913,9144.0
5100.0,MMA231,3.473200640744414,103.26051400496888,9144.0
5100.0,MYU2211,9.286049539581422,107.42805267704775,9144.0
5100.0,MAS8792,-2.4108330503326156,111.4126833002913,9144.0
5100.0,MMA231,3.473200640744414,103.26051400496888,9144.0
5100.0,MYU2211,9.286049539581422,107.42805267704775,9144.0
5110.0,MAS8792,-2.3881227454830936,111.39236507845749,9144.0
5110.0,MMA231,3.447770992924227,103.27720574045676,9144.0
5110.0,MYU2211,9.260821943002107,107.409107849244,9144.0
5110.0,MAS8792,-2.3881227454830936,111.39236507845749,9144.0
5110.0,MMA231,3.447770992924227,103.27720574045676,9144.0
5110.0,MYU2211,9.260821943002107,107.409107849244,9144.0
5120.0,MAS8792,-2.365412137200726,111.37204753064253,9144.0
5120.0,MMA231,3.4223409175402826,103.29389637750617,9144.0
5120.0,MYU2211,9.235593132615769,107.39016603900274,9144.0
5120.0,MAS8792,-2.365412137200726,111.37204753064253,9144.0
5120.0,MMA231,3.4223409175402826,103.29389637750617,9144.0
5120.0,MYU2211,9.235593132615769,107.39016603900274,9144.0
5130.0,MAS8792,-2.342701228307612,111.35173065048693,9144.0
5130.0,MMA231,3.396959341730034,103.31066049652256,9144.0
5130.0,MYU2211,9.210387024193897,107.37119458689405,9144.0
5130.0,MAS8792,-2.342701228307612,111.35173065048693,9144.0
5130.0,MMA231,3.396959341730034,103.31066049652256,9144.0
5130.0,MYU2211,9.210387024193897,107.37119458689405,9144.0
5140.0,MAS8792,-2.319990021622688,111.33141443163483,9144.0
5140.0,MMA231,3.3715772643310844,103.32742341426763,9144.0
5140.0,MYU2211,9.185132811324255,107.35219082672077,9144.0
5140.0,MAS8792,-2.319990021622688,111.33141443163483,9144.0
5140.0,MMA231,3.3715772643310844,103.32742341426763,9144.0
5140.0,MYU2211,9.185132811324255,107.35219082672077,9144.0
5150.0,MAS8792,-2.2972785199614467,111.31109886773437,9144.0
5150.0,MMA231,3.3461841026662187,103.34416904245214,9144.0
5150.0,MYU2211,9.159938164132003,107.33310746297234,9144.0
5150.0,MAS8792,-2.2972785199614467,111.31109886773437,9144.0
5150.0,MMA231,3.3461841026662187,103.34416904245214,9144.0
5150.0,MYU2211,9.159938164132003,107.33310746297234,9144.0
5160.0,MAS8792,-2.274566726135622,111.29078395243803,9144.0
5160.0,MMA231,3.3207906190264382,103.36091374844845,9144.0
5160.0,MYU2211,9.134695536726394,107.31399168320567,9144.0
5160.0,MAS8792,-2.274566726135622,111.29078395243803,9144.0
5160.0,MMA231,3.3207906190264382,103.36091374844845,9144.0
5160.0,MYU2211,9.134695536726394,107.31399168320567,9144.0
5170.0,MAS8792,-2.251854642952822,111.270469679403,9144.0
5170.0,MMA231,3.2953966548736746,103.37765729432425,9144.0
5170.0,MYU2211,9.109359968567164,107.29500380496508,9144.0
5170.0,MAS8792,-2.251854642952822,111.270469679403,9144.0
5170.0,MMA231,3.2953966548736746,103.37765729432425,9144.0
5170.0,MYU2211,9.109359968567164,107.29500380496508,9144.0
5180.0,MAS8792,-2.2291422732161124,111.2501560422917,9144.0
5180.0,MMA231,3.269976949187898,103.39436117918991,9144.0
5180.0,MYU2211,9.084023222703562,107.27601888290617,9144.0
5180.0,MAS8792,-2.2291422732161124,111.2501560422917,9144.0
5180.0,MMA231,3.269976949187898,103.39436117918991,9144.0
5180.0,MYU2211,9.084023222703562,107.27601888290617,9144.0
5190.0,MAS8792,-2.206429619723533,111.22984303477229,9144.0
5190.0,MMA231,3.244556740599284,103.41106387448005,9144.0
5190.0,MYU2211,9.058815347919937,107.25686017855297,9144.0
5190.0,MAS8792,-2.206429619723533,111.22984303477229,9144.0
5190.0,MMA231,3.244556740599284,103.41106387448005,9144.0
5190.0,MYU2211,9.058815347919937,107.25686017855297,9144.0
5200.0,MAS8792,-2.183716685267537,111.20953065051928,9144.0
5200.0,MMA231,3.2191769493194573,103.42782769769468,9144.0
5200.0,MYU2211,9.033606295684496,107.23770440481256,9144.0
5200.0,MAS8792,-2.183716685267537,111.20953065051928,9144.0
5200.0,MMA231,3.2191769493194573,103.42782769769468,9144.0
5200.0,MYU2211,9.033606295684496,107.23770440481256,9144.0
5210.0,MAS8792,-2.1610034726343357,111.18921888321434,9144.0
5210.0,MMA231,3.193944995137519,103.44449254831814,9144.0
5210.0,MYU2211,9.008595495207864,107.21828536191968,9144.0
5210.0,MAS8792,-2.1610034726343357,111.18921888321434,9144.0
5210.0,MMA231,3.193944995137519,103.44449254831814,9144.0
5210.0,MYU2211,9.008595495207864,107.21828536191968,9144.0
5220.0,MAS8792,-2.1382899846031296,111.16890772654705,9144.0
5220.0,MMA231,3.1687064390140005,103.4611469598379,9144.0
5220.0,MYU2211,8.983583579375042,107.19886913366169,9144.0
5220.0,MAS8792,-2.1382899846031296,111.16890772654705,9144.0
5220.0,MMA231,3.1687064390140005,103.4611469598379,9144.0
5220.0,MYU2211,8.983583579375042,107.19886913366169,9144.0
5230.0,MAS8792,-2.115576223945198,111.148597174216,9144.0
5230.0,MMA231,3.1433191777863305,103.47789819983424,9144.0
5230.0,MYU2211,8.958570452389758,107.17945584268811,9144.0
5230.0,MAS8792,-2.115576223945198,111.148597174216,9144.0
5230.0,MMA231,3.1433191777863305,103.47789819983424,9144.0
5230.0,MYU2211,8.958570452389758,107.17945584268811,9144.0
5240.0,MAS8792,-2.0928621934228153,111.12828721992997,9144.0
5240.0,MMA231,3.117920834395364,103.49463217577838,9144.0
5240.0,MYU2211,8.933596155154426,107.15999272082325,9144.0
5240.0,MAS8792,-2.0928621934228153,111.12828721992997,9144.0
5240.0,MMA231,3.117920834395364,103.49463217577838,9144.0
5240.0,MYU2211,8.933596155154426,107.15999272082325,9144.0
5250.0,MAS8792,-2.0701478957879513,111.10797785740944,9144.0
5250.0,MMA231,3.0922755287067343,103.51152764417478,9144.0
5250.0,MYU2211,8.908620741884976,107.14053239810504,9144.0
5250.0,MAS8792,-2.0701478957879513,111.10797785740944,9144.0
5250.0,MMA231,3.0922755287067343,103.51152764417478,9144.0
5250.0,MYU2211,8.908620741884976,107.14053239810504,9144.0
5260.0,MAS8792,-2.0474333337806954,111.08766908038824,9144.0
5260.0,MMA231,3.0666560568423074,103.52846196687688,9144.0
5260.0,MYU2211,8.88364410290677,107.12107501491825,9144.0
5260.0,MAS8792,-2.0474333337806954,111.08766908038824,9144.0
5260.0,MMA231,3.0666560568423074,103.52846196687688,9144.0
5260.0,MYU2211,8.88364410290677,107.12107501491825,9144.0
5270.0,MAS8792,-2.0247185101273297,111.0673608826158,9144.0
5270.0,MMA231,3.0409379231604032,103.54546031131838,9144.0
5270.0,MYU2211,8.858688111151723,107.1015918349263,9144.0
5270.0,MAS8792,-2.0247185101273297,111.0673608826158,9144.0
5270.0,MMA231,3.0409379231604032,103.54546031131838,9144.0
5270.0,MYU2211,8.858688111151723,107.1015918349263,9144.0
5280.0,MAS8792,-2.0020034275379506,111.0470532578598,9144.0
5280.0,MMA231,3.0151673547292397,103.56237842814006,9144.0
5280.0,MYU2211,8.833684712722256,107.08207548805115,9144.0
5280.0,MAS8792,-2.0020034275379506,111.0470532578598,9144.0
5280.0,MMA231,3.0151673547292397,103.56237842814006,9144.0
5280.0,MYU2211,8.833684712722256,107.08207548805115,9144.0
5290.0,MAS8792,-1.9792880887034943,111.02674619990948,9144.0
5290.0,MMA231,2.988613274205141,103.57980981441023,9144.0
5290.0,MYU2211,8.809038298864921,107.06210083361007,9144.0
5290.0,MAS8792,-1.9792880887034943,111.02674619990948,9144.0
5290.0,MMA231,2.988613274205141,103.57980981441023,9144.0
5290.0,MYU2211,8.809038298864921,107.06210083361007,9144.0
5300.0,MAS8792,-1.956572496291967,111.00643970257987,9144.0
5300.0,MMA231,2.9620583008625374,103.59723941694804,9144.0
5300.0,MYU2211,8.784390661358264,107.04212905494433,9144.0
5300.0,MAS8792,-1.956572496291967,111.00643970257987,9144.0
5300.0,MMA231,2.9620583008625374,103.59723941694804,9144.0
5300.0,MYU2211,8.784390661358264,107.04212905494433,9144.0
5310.0,MAS8792,-1.9338566529436003,110.98613375971719,9144.0
5310.0,MMA231,2.935683771807248,103.61494118469504,9144.0
5310.0,MYU2211,8.75974106385691,107.02216107881074,9144.0
5310.0,MAS8792,-1.9338566529436003,110.98613375971719,9144.0
5310.0,MMA231,2.935683771807248,103.61494118469504,9144.0
5310.0,MYU2211,8.75974106385691,107.02216107881074,9144.0
5320.0,MAS8792,-1.911140561264515,110.96582836520602,9144.0
5320.0,MMA231,2.9107608107620035,103.63538087840703,9144.0
5320.0,MYU2211,8.735089720953518,107.00219663037801,9144.0
5320.0,MAS8792,-1.911140561264515,110.96582836520602,9144.0
5320.0,MMA231,2.9107608107620035,103.63538087840703,9144.0
5320.0,MYU2211,8.735089720953518,107.00219663037801,9144.0
5330.0,MAS8792,-1.888424223818272,110.9455235129787,9144.0
5330.0,MMA231,2.8866939916663026,103.6551171208961,9144.0
5330.0,MYU2211,8.710437172271181,106.98223502385295,9144.0
5330.0,MAS8792,-1.888424223818272,110.9455235129787,9144.0
5330.0,MMA231,2.8866939916663026,103.6551171208961,9144.0
5330.0,MYU2211,8.710437172271181,106.98223502385295,9144.0
5340.0,MAS8792,-1.865707643114358,110.92521919702821,9144.0
5340.0,MMA231,2.865435386787061,103.67785711056757,9144.0
5340.0,MYU2211,8.685782845838126,106.96227697848046,9144.0
5340.0,MAS8792,-1.865707643114358,110.92521919702821,9144.0
5340.0,MMA231,2.865435386787061,103.67785711056757,9144.0
5340.0,MYU2211,8.685782845838126,106.96227697848046,9144.0
5350.0,MAS8792,-1.8429908215920587,110.90491541142633,9144.0
5350.0,MMA231,2.8483338762223958,103.70215626287228,9144.0
5350.0,MYU2211,8.662044819236481,106.94121411438702,9144.0
5350.0,MAS8792,-1.8429908215920587,110.90491541142633,9144.0
5350.0,MMA231,2.8483338762223958,103.70215626287228,9144.0
5350.0,MYU2211,8.662044819236481,106.94121411438702,9144.0
5360.0,MAS8792,-1.8202737615971831,110.8846121503496,9144.0
5360.0,MMA231,2.8351646141351283,103.72799231339677,9144.0
5360.0,MYU2211,8.638217261509169,106.92007699299859,9144.0
5360.0,MAS8792,-1.8202737615971831,110.8846121503496,9144.0
5360.0,MMA231,2.8351646141351283,103.72799231339677,9144.0
5360.0,MYU2211,8.638217261509169,106.92007699299859,9144.0
5370.0,MAS8792,-1.7975564653471519,110.86430940811847,9144.0
5370.0,MMA231,2.822749583812085,103.75419976672924,9144.0
5370.0,MYU2211,8.614105642470431,106.89927337099054,9144.0
5370.0,MAS8792,-1.7975564653471519,110.86430940811847,9144.0
5370.0,MMA231,2.822749583812085,103.75419976672924,9144.0
5370.0,MYU2211,8.614105642470431,106.89927337099054,9144.0
5380.0,MAS8792,-1.7748389348761686,110.84400717925877,9144.0
5380.0,MMA231,2.8102564458920565,103.7805695616086,9144.0
5380.0,MYU2211,8.589948274654914,106.87843456510211,9144.0
5380.0,MAS8792,-1.7748389348761686,110.84400717925877,9144.0
5380.0,MMA231,2.8102564458920565,103.7805695616086,9144.0
5380.0,MYU2211,8.589948274654914,106.87843456510211,9144.0
5390.0,MAS8792,-1.752121171943896,110.82370545860391,9144.0
5390.0,MMA231,2.7971538932369064,103.80664090373803,9144.0
5390.0,MYU2211,8.56714709558692,106.85608878955274,9144.0
5390.0,MAS8792,-1.752121171943896,110.82370545860391,9144.0
5390.0,MMA231,2.7971538932369064,103.80664090373803,9144.0
5390.0,MYU2211,8.56714709558692,106.85608878955274,9144.0
5400.0,MAS8792,-1.7294031778712178,110.80340424147893,9144.0
5400.0,MMA231,2.7838353521105597,103.83313970913989,9144.0
5400.0,MYU2211,8.544302436137414,106.83370516271057,9144.0
5400.0,MAS8792,-1.7294031778712178,110.80340424147893,9144.0
5400.0,MMA231,2.7838353521105597,103.83313970913989,9144.0
5400.0,MYU2211,8.544302436137414,106.83370516271057,9144.0
5410.0,MAS8792,-1.7066849532121655,110.78310352406797,9144.0
5410.0,MMA231,2.7705128245721853,103.85963620695522,9144.0
5410.0,MYU2211,8.518794630129252,106.814487955346,9144.0
5410.0,MAS8792,-1.7066849532121655,110.78310352406797,9144.0
5410.0,MMA231,2.7705128245721853,103.85963620695522,9144.0
5410.0,MYU2211,8.518794630129252,106.814487955346,9144.0
5420.0,MAS8792,-1.6839664969898729,110.76280330427011,9144.0
5420.0,MMA231,2.7573726046831513,103.88622350471535,9144.0
5420.0,MYU2211,8.491161781100056,106.79832068509833,9144.0
5420.0,MAS8792,-1.6839664969898729,110.76280330427011,9144.0
5420.0,MMA231,2.7573726046831513,103.88622350471535,9144.0
5420.0,MYU2211,8.491161781100056,106.79832068509833,9144.0
5430.0,MAS8792,-1.6612478044120822,110.74250358425834,9144.0
5430.0,MMA231,2.7442030413646066,103.91286260581101,9144.0
5430.0,MYU2211,8.463679190722733,106.7822442288526,9144.0
5430.0,MAS8792,-1.6612478044120822,110.74250358425834,9144.0
5430.0,MMA231,2.7442030413646066,103.91286260581101,9144.0
5430.0,MYU2211,8.463679190722733,106.7822442288526,9144.0
5440.0,MAS8792,-1.638528855539689,110.72220438317258,9144.0
5440.0,MMA231,2.731012982739499,103.9394912484021,9144.0
5440.0,MYU2211,8.436639294409812,106.76541912934314,9144.0
5440.0,MAS8792,-1.638528855539689,110.72220438317258,9144.0
5440.0,MMA231,2.731012982739499,103.9394912484021,9144.0
5440.0,MYU2211,8.436639294409812,106.76541912934314,9144.0
5450.0,MAS8792,-1.615805103982286,110.70191079158792,9144.0
5450.0,MMA231,2.718521713859999,103.9649211606779,9144.0
5450.0,MYU2211,8.409598583799418,106.74859654307222,9144.0
5450.0,MAS8792,-1.615805103982286,110.70191079158792,9144.0
5450.0,MMA231,2.718521713859999,103.9649211606779,9144.0
5450.0,MYU2211,8.409598583799418,106.74859654307222,9144.0
5460.0,MAS8792,-1.593105931760414,110.6815899144358,9144.0
5460.0,MMA231,2.7066228351699153,103.98914285744145,9144.0
5460.0,MYU2211,8.382553817888695,106.73178179110553,9144.0
5460.0,MAS8792,-1.593105931760414,110.6815899144358,9144.0
5460.0,MMA231,2.7066228351699153,103.98914285744145,9144.0
5460.0,MYU2211,8.382553817888695,106.73178179110553,9144.0
5470.0,MAS8792,-1.5697929712189966,110.66072025333138,9144.0
5470.0,MMA231,2.6947004402691763,104.01335272423026,9144.0
5470.0,MYU2211,8.355544202181276,106.71491058248549,9144.0
5470.0,MAS8792,-1.5697929712189966,110.66072025333138,9144.0
5470.0,MMA231,2.6947004402691763,104.01335272423026,9144.0
5470.0,MYU2211,8.355544202181276,106.71491058248549,9144.0
5480.0,MAS8792,-1.5464797579604384,110.63985110572736,9144.0
5480.0,MMA231,2.683270779048953,104.03655996265384,9144.0
5480.0,MYU2211,8.328533793333362,106.69804183719893,9144.0
5480.0,MAS8792,-1.5464797579604384,110.63985110572736,9144.0
5480.0,MMA231,2.683270779048953,104.03655996265384,9144.0
5480.0,MYU2211,8.328533793333362,106.69804183719893,9144.0
5490.0,MAS8792,-1.52316584248855,110.61898297069314,9144.0
5490.0,MMA231,2.6717351119576613,104.0597143577568,9144.0
5490.0,MYU2211,8.303427544176333,106.67839825451804,9144.0
5490.0,MAS8792,-1.52316584248855,110.61898297069314,9144.0
5490.0,MMA231,2.6717351119576613,104.0597143577568,9144.0
5490.0,MYU2211,8.303427544176333,106.67839825451804,9144.0
5500.0,MAS8792,-1.4998762794042626,110.59808786595046,9144.0
5500.0,MMA231,2.6568505786888714,104.08040600360756,9144.0
5500.0,MYU2211,8.278366335065765,106.65879326429621,9144.0
5500.0,MAS8792,-1.4998762794042626,110.59808786595046,9144.0
5500.0,MMA231,2.6568505786888714,104.08040600360756,9144.0
5500.0,MYU2211,8.278366335065765,106.65879326429621,9144.0
5510.0,MAS8792,-1.4764556477047424,110.57707636192576,9144.0
5510.0,MMA231,2.6388740543777116,104.0983813299383,9144.0
5510.0,MYU2211,8.25330410912905,106.63919084717622,9144.0
5510.0,MAS8792,-1.4764556477047424,110.57707636192576,9144.0
5510.0,MMA231,2.6388740543777116,104.0983813299383,9144.0
5510.0,MYU2211,8.25330410912905,106.63919084717622,9144.0
5520.0,MAS8792,-1.4526821015407325,110.55646549791442,9144.0
5520.0,MMA231,2.6182838536486828,104.11317653498482,9144.0
5520.0,MYU2211,8.228240840143178,106.61959103351036,9144.0
5520.0,MAS8792,-1.4526821015407325,110.55646549791442,9144.0
5520.0,MMA231,2.6182838536486828,104.11317653498482,9144.0
5520.0,MYU2211,8.228240840143178,106.61959103351036,9144.0
5530.0,MAS8792,-1.4264256052867235,110.5391305964791,9144.0
5530.0,MMA231,2.595473120610313,104.1245214886603,9144.0
5530.0,MYU2211,8.203176444182695,106.59999392899549,9144.0
5530.0,MAS8792,-1.4264256052867235,110.5391305964791,9144.0
5530.0,MMA231,2.595473120610313,104.1245214886603,9144.0
5530.0,MYU2211,8.203176444182695,106.59999392899549,9144.0
5540.0,MAS8792,-1.3982326554758107,110.52543228626762,9144.0
5540.0,MMA231,2.5711371447782776,104.13204796588602,9144.0
5540.0,MYU2211,8.179259375418084,106.57898538033618,9144.0
5540.0,MAS8792,-1.3982326554758107,110.52543228626762,9144.0
5540.0,MMA231,2.5711371447782776,104.13204796588602,9144.0
5540.0,MYU2211,8.179259375418084,106.57898538033618,9144.0
5550.0,MAS8792,-1.3691836685488676,110.51587775226714,9144.0
5550.0,MMA231,2.545908962197162,104.135560333563,9144.0
5550.0,MYU2211,8.155077752228575,106.55774842021086,9144.0
5550.0,MAS8792,-1.3691836685488676,110.51587775226714,9144.0
5550.0,MMA231,2.545908962197162,104.135560333563,9144.0
5550.0,MYU2211,8.155077752228575,106.55774842021086,9144.0
5560.0,MAS8792,-1.3391162560668115,110.51030565177342,9144.0
5560.0,MMA231,2.520444817310314,104.13496738647825,9144.0
5560.0,MYU2211,8.130891948568504,106.53651760131639,9144.0
5560.0,MAS8792,-1.3391162560668115,110.51030565177342,9144.0
5560.0,MMA231,2.520444817310314,104.13496738647825,9144.0
5560.0,MYU2211,8.130891948568504,106.53651760131639,9144.0
5570.0,MAS8792,-1.3085747284716518,110.50879008907269,9144.0
5570.0,MMA231,2.495788898309312,104.13029413640523,9144.0
5570.0,MYU2211,8.106593703085434,106.51541947594335,9144.0
5570.0,MAS8792,-1.3085747284716518,110.50879008907269,9144.0
5570.0,MMA231,2.495788898309312,104.13029413640523,9144.0
5570.0,MYU2211,8.106593703085434,106.51541947594335,9144.0
5580.0,MAS8792,-1.2782692896243917,110.50728627841708,9144.0
5580.0,MMA231,2.4705400500359365,104.127449217316,9144.0
5580.0,MYU2211,8.082338368341317,106.49436213090212,9144.0
5580.0,MAS8792,-1.2782692896243917,110.50728627841708,9144.0
5580.0,MMA231,2.4705400500359365,104.127449217316,9144.0
5580.0,MYU2211,8.082338368341317,106.49436213090212,9144.0
5590.0,MAS8792,-1.2482394738610836,110.50293897136879,9144.0
5590.0,MMA231,2.4447319927786944,104.12454140195887,9144.0
5590.0,MYU2211,8.058081934867065,106.47330734095557,9144.0
5590.0,MAS8792,-1.2482394738610836,110.50293897136879,9144.0
5590.0,MMA231,2.4447319927786944,104.12454140195887,9144.0
5590.0,MYU2211,8.058081934867065,106.47330734095557,9144.0
5600.0,MAS8792,-1.2182096507833924,110.49859176391915,9144.0
5600.0,MMA231,2.41892392914557,104.12163369891749,9144.0
5600.0,MYU2211,8.033824404254776,106.45225510034753,9144.0
5600.0,MAS8792,-1.2182096507833924,110.49859176391915,9144.0
5600.0,MMA231,2.41892392914557,104.12163369891749,9144.0
5600.0,MYU2211,8.033824404254776,106.45225510034753,9144.0
5610.0,MAS8792,-1.1881798205325214,110.49424465389653,9144.0
5610.0,MMA231,2.3929806508117477,104.1228356359835,9144.0
5610.0,MYU2211,8.009565777714709,106.4312054037716,9144.0
5610.0,MAS8792,-1.1881798205325214,110.49424465389653,9144.0
5610.0,MMA231,2.3929806508117477,104.1228356359835,9144.0
5610.0,MYU2211,8.009565777714709,106.4312054037716,9144.0
5620.0,MAS8792,-1.1581499830580342,110.48989764045383,9144.0
5620.0,MMA231,2.3669861333833273,104.12814388347897,9144.0
5620.0,MYU2211,7.9853060559416695,106.41015824652831,9144.0
5620.0,MAS8792,-1.1581499830580342,110.48989764045383,9144.0
5620.0,MMA231,2.3669861333833273,104.12814388347897,9144.0
5620.0,MYU2211,7.9853060559416695,106.41015824652831,9144.0
5630.0,MAS8792,-1.1281546977284014,110.4853182374252,9144.0
5630.0,MMA231,2.341339484985969,104.13493879689997,9144.0
5630.0,MYU2211,7.9610452389105175,106.38911362476561,9144.0
5630.0,MAS8792,-1.1281546977284014,110.4853182374252,9144.0
5630.0,MMA231,2.341339484985969,104.13493879689997,9144.0
5630.0,MYU2211,7.9610452389105175,106.38911362476561,9144.0
5640.0,MAS8792,-1.0981594047925067,110.4807389308198,9144.0
5640.0,MMA231,2.314952139457083,104.13768919760662,9144.0
5640.0,MYU2211,7.936783325546633,106.36807153586642,9144.0
5640.0,MAS8792,-1.0981594047925067,110.4807389308198,9144.0
5640.0,MMA231,2.314952139457083,104.13768919760662,9144.0
5640.0,MYU2211,7.936783325546633,106.36807153586642,9144.0
5650.0,MAS8792,-1.0681274103108214,110.47640698284117,9144.0
5650.0,MMA231,2.288776134911587,104.140049944974,9144.0
5650.0,MYU2211,7.912520313158517,106.34703197911591,9144.0
5650.0,MAS8792,-1.0681274103108214,110.47640698284117,9144.0
5650.0,MMA231,2.288776134911587,104.140049944974,9144.0
5650.0,MYU2211,7.912520313158517,106.34703197911591,9144.0
5660.0,MAS8792,-1.0380368588513607,110.47206667570681,9144.0
5660.0,MMA231,2.262723894281233,104.14239944419654,9144.0
5660.0,MYU2211,7.888256196370678,106.32599495695644,9144.0
5660.0,MAS8792,-1.0380368588513607,110.47206667570681,9144.0
5660.0,MMA231,2.262723894281233,104.14239944419654,9144.0
5660.0,MYU2211,7.888256196370678,106.32599495695644,9144.0
5670.0,MAS8792,-1.0079548504077418,110.46766757045066,9144.0
5670.0,MMA231,2.236778627251616,104.14572972898704,9144.0
5670.0,MYU2211,7.863990964851403,106.30496047765966,9144.0
5670.0,MAS8792,-1.0079548504077418,110.46766757045066,9144.0
5670.0,MMA231,2.236778627251616,104.14572972898704,9144.0
5670.0,MYU2211,7.863990964851403,106.30496047765966,9144.0
5680.0,MAS8792,-0.9778143422726919,110.46325999420493,9144.0
5680.0,MMA231,2.211142298387385,104.14902024178114,9144.0
5680.0,MYU2211,7.839724597465016,106.28392856220323,9144.0
5680.0,MAS8792,-0.9778143422726919,110.46325999420493,9144.0
5680.0,MMA231,2.211142298387385,104.14902024178114,9144.0
5680.0,MYU2211,7.839724597465016,106.28392856220323,9144.0
5690.0,MAS8792,-0.9476747196027145,110.45884640434386,9144.0
5690.0,MMA231,2.1855595972803004,104.15270505732119,9144.0
5690.0,MYU2211,7.81545704125567,106.26289926898448,9144.0
5690.0,MAS8792,-0.9476747196027145,110.45884640434386,9144.0
5690.0,MMA231,2.1855595972803004,104.15270505732119,9144.0
5690.0,MYU2211,7.81545704125567,106.26289926898448,9144.0
5700.0,MAS8792,-0.9174766397028505,110.45442433333167,9144.0
5700.0,MMA231,2.1602863280586257,104.1563451783068,9144.0
5700.0,MYU2211,7.791188035365126,106.2418729008805,9144.0
5700.0,MAS8792,-0.9174766397028505,110.45442433333167,9144.0
5700.0,MMA231,2.1602863280586257,104.1563451783068,9144.0
5700.0,MYU2211,7.791188035365126,106.2418729008805,9144.0
5710.0,MAS8792,-0.8872894927894325,110.44992825318275,9144.0
5710.0,MMA231,2.135011064930062,104.15997134891003,9144.0
5710.0,MYU2211,7.766968155946186,106.22079012353043,9144.0
5710.0,MAS8792,-0.8872894927894325,110.44992825318275,9144.0
5710.0,MMA231,2.135011064930062,104.15997134891003,9144.0
5710.0,MYU2211,7.766968155946186,106.22079012353043,9144.0
5720.0,MAS8792,-0.857043950285199,110.44542355131574,9144.0
5720.0,MMA231,2.1102333294765425,104.16352602276869,9144.0
5720.0,MYU2211,7.743099486047979,106.20001722558965,9144.0
5720.0,MAS8792,-0.857043950285199,110.44542355131574,9144.0
5720.0,MMA231,2.1102333294765425,104.16352602276869,9144.0
5720.0,MYU2211,7.743099486047979,106.20001722558965,9144.0
5730.0,MAS8792,-0.8267882106190846,110.44098790546383,9144.0
5730.0,MMA231,2.0854936168730513,104.16733661297133,9144.0
5730.0,MYU2211,7.719200121027149,106.17928147782838,9144.0
5730.0,MAS8792,-0.8267882106190846,110.44098790546383,9144.0
5730.0,MMA231,2.0854936168730513,104.16733661297133,9144.0
5730.0,MYU2211,7.719200121027149,106.17928147782838,9144.0
5740.0,MAS8792,-0.7965908752926683,110.4365608912068,9144.0
5740.0,MMA231,2.061945646669105,104.17096352842562,9144.0
5740.0,MYU2211,7.695299569190477,106.15854829366559,9144.0
5740.0,MAS8792,-0.7965908752926683,110.4365608912068,9144.0
5740.0,MMA231,2.061945646669105,104.17096352842562,9144.0
5740.0,MYU2211,7.695299569190477,106.15854829366559,9144.0
5750.0,MAS8792,-0.7663923060166087,110.43214233549352,9144.0
5750.0,MMA231,2.0385204998234294,104.17531448648597,9144.0
5750.0,MYU2211,7.6705795489817445,106.13881889576815,9144.0
5750.0,MAS8792,-0.7663923060166087,110.43214233549352,9144.0
5750.0,MMA231,2.0385204998234294,104.17531448648597,9144.0
5750.0,MYU2211,7.6705795489817445,106.13881889576815,9144.0
5760.0,MAS8792,-0.7361353200167335,110.42771529659281,9144.0
5760.0,MMA231,2.0162977994332754,104.17944198250277,9144.0
5760.0,MYU2211,7.64585862356813,106.1190917971902,9144.0
5760.0,MAS8792,-0.7361353200167335,110.42771529659281,9144.0
5760.0,MMA231,2.0162977994332754,104.17944198250277,9144.0
5760.0,MYU2211,7.64585862356813,106.1190917971902,9144.0
5770.0,MAS8792,-0.7058959069140784,110.42316978545894,9144.0
5770.0,MMA231,1.9946348708168298,104.18589423057696,9144.0
5770.0,MYU2211,7.621136795849122,106.09936699044556,9144.0
5770.0,MAS8792,-0.7058959069140784,110.42316978545894,9144.0
5770.0,MMA231,1.9946348708168298,104.18589423057696,9144.0
5770.0,MYU2211,7.621136795849122,106.09936699044556,9144.0
5780.0,MAS8792,-0.675656489129765,110.41862433439948,9144.0
5780.0,MMA231,1.9734704522812327,104.19219781987724,9144.0
5780.0,MYU2211,7.5964140687144255,106.07964446806133,9144.0
5780.0,MAS8792,-0.675656489129765,110.41862433439948,9144.0
5780.0,MMA231,1.9734704522812327,104.19219781987724,9144.0
5780.0,MYU2211,7.5964140687144255,106.07964446806133,9144.0
5790.0,MAS8792,-0.6453975708519558,110.41421060846474,9144.0
5790.0,MMA231,1.9522336989918667,104.19825286626305,9144.0
5790.0,MYU2211,7.571690445043147,106.05992422257894,9144.0
5790.0,MAS8792,-0.6453975708519558,110.41421060846474,9144.0
5790.0,MMA231,1.9522336989918667,104.19825286626305,9144.0
5790.0,MYU2211,7.571690445043147,106.05992422257894,9144.0
5800.0,MAS8792,-0.615138648535686,110.40979693586188,9144.0
5800.0,MMA231,1.9317528887671942,104.20409221886698,9144.0
5800.0,MYU2211,7.546965927702856,106.04020624655529,9144.0
5800.0,MAS8792,-0.615138648535686,110.40979693586188,9144.0
5800.0,MMA231,1.9317528887671942,104.20409221886698,9144.0
5800.0,MYU2211,7.546965927702856,106.04020624655529,9144.0
5810.0,MAS8792,-0.5848974971157977,110.405263113735,9144.0
5810.0,MMA231,1.9106564432218134,104.20700293768387,9144.0
5810.0,MYU2211,7.522240519548533,106.02049053256412,9144.0
5810.0,MAS8792,-0.5848974971157977,110.405263113735,9144.0
5810.0,MMA231,1.9106564432218134,104.20700293768387,9144.0
5810.0,MYU2211,7.522240519548533,106.02049053256412,9144.0
5820.0,MAS8792,-0.5546563418243262,110.40072934123243,9144.0
5820.0,MMA231,1.8904636726249644,104.20566377363305,9144.0
5820.0,MYU2211,7.497514223421355,106.0007770731976,9144.0
5820.0,MAS8792,-0.5546563418243262,110.40072934123243,9144.0
5820.0,MMA231,1.8904636726249644,104.20566377363305,9144.0
5820.0,MYU2211,7.497514223421355,106.0007770731976,9144.0
5830.0,MAS8792,-0.5244108122225324,110.3962248680058,9144.0
5830.0,MMA231,1.871432425078403,104.20030758498655,9144.0
5830.0,MYU2211,7.472787042147304,105.98106586106803,9144.0
5830.0,MAS8792,-0.5244108122225324,110.3962248680058,9144.0
5830.0,MMA231,1.871432425078403,104.20030758498655,9144.0
5830.0,MYU2211,7.472787042147304,105.98106586106803,9144.0
5840.0,MAS8792,-0.49416527918644343,110.39172043897736,9144.0
5840.0,MMA231,1.8543125301447718,104.1912470614922,9144.0
5840.0,MYU2211,7.4480589785355615,105.96135688880996,9144.0
5840.0,MAS8792,-0.49416527918644343,110.39172043897736,9144.0
5840.0,MMA231,1.8543125301447718,104.1912470614922,9144.0
5840.0,MYU2211,7.4480589785355615,105.96135688880996,9144.0
5850.0,MAS8792,-0.46391098853784657,110.38727523561101,9144.0
5850.0,MMA231,1.8396677961617427,104.17887736816569,9144.0
5850.0,MYU2211,7.423330035376648,105.94165014908252,9144.0
5850.0,MAS8792,-0.46391098853784657,110.38727523561101,9144.0
5850.0,MMA231,1.8396677961617427,104.17887736816569,9144.0
5850.0,MYU2211,7.423330035376648,105.94165014908252,9144.0
5860.0,MAS8792,-0.43365669492128034,110.38283007083174,9144.0
5860.0,MMA231,1.8279915105428979,104.16367146507947,9144.0
5860.0,MYU2211,7.398600215440244,105.92194563457223,9144.0
5860.0,MAS8792,-0.43365669492128034,110.38283007083174,9144.0
5860.0,MMA231,1.8279915105428979,104.16367146507947,9144.0
5860.0,MYU2211,7.398600215440244,105.92194563457223,9144.0
5870.0,MAS8792,-0.4034080057858716,110.37834694222042,9144.0
5870.0,MMA231,1.819819235320246,104.1463268070653,9144.0
5870.0,MYU2211,7.373869521472638,105.90224333799623,9144.0
5870.0,MAS8792,-0.4034080057858716,110.37834694222042,9144.0
5870.0,MMA231,1.819819235320246,104.1463268070653,9144.0
5870.0,MYU2211,7.373869521472638,105.90224333799623,9144.0
5880.0,MAS8792,-0.3731593140079863,110.37386384747909,9144.0
5880.0,MMA231,1.8156427028459563,104.12788912965186,9144.0
5880.0,MYU2211,7.34913795619371,105.88254325210616,9144.0
5880.0,MAS8792,-0.3731593140079863,110.37386384747909,9144.0
5880.0,MMA231,1.8156427028459563,104.12788912965186,9144.0
5880.0,MYU2211,7.34913795619371,105.88254325210616,9144.0
5890.0,MAS8792,-0.3429072456791994,110.36940361042014,9144.0
5890.0,MMA231,1.811023310851175,104.10976694676592,9144.0
5890.0,MYU2211,7.324405522293331,105.86284536969274,9144.0
5890.0,MAS8792,-0.3429072456791994,110.36940361042014,9144.0
5890.0,MMA231,1.811023310851175,104.10976694676592,9144.0
5890.0,MYU2211,7.324405522293331,105.86284536969274,9144.0
5900.0,MAS8792,-0.31265517510882923,110.36494340203825,9144.0
5900.0,MMA231,1.8026145242902394,104.09329194970654,9144.0
5900.0,MYU2211,7.299672222427056,105.84314968359128,9144.0
5900.0,MAS8792,-0.31265517510882923,110.36494340203825,9144.0
5900.0,MMA231,1.8026145242902394,104.09329194970654,9144.0
5900.0,MYU2211,7.299672222427056,105.84314968359128,9144.0
5910.0,MAS8792,-0.28239509995670364,110.36053784151673,9144.0
5910.0,MMA231,1.7908760142088525,104.0792644306667,9144.0
5910.0,MYU2211,7.274938059210896,105.82345618668838,9144.0
5910.0,MAS8792,-0.28239509995670364,110.36053784151673,9144.0
5910.0,MMA231,1.7908760142088525,104.0792644306667,9144.0
5910.0,MYU2211,7.274938059210896,105.82345618668838,9144.0
5920.0,MAS8792,-0.2521350229970406,110.35613230426429,9144.0
5920.0,MMA231,1.7764413501105574,104.06836944754802,9144.0
5920.0,MYU2211,7.250203035214938,105.80376487193003,9144.0
5920.0,MAS8792,-0.2521350229970406,110.35613230426429,9144.0
5920.0,MMA231,1.7764413501105574,104.06836944754802,9144.0
5920.0,MYU2211,7.250203035214938,105.80376487193003,9144.0
5930.0,MAS8792,-0.22188416068752936,110.35166394111862,9144.0
5930.0,MMA231,1.7599229458683723,104.061011492607,9144.0
5930.0,MYU2211,7.22546715295545,105.78407573233173,9144.0
5930.0,MAS8792,-0.22188416068752936,110.35166394111862,9144.0
5930.0,MMA231,1.7599229458683723,104.061011492607,9144.0
5930.0,MYU2211,7.22546715295545,105.78407573233173,9144.0
5940.0,MAS8792,-0.19157493704966896,110.34718697616405,9144.0
5940.0,MMA231,1.7421716170758477,104.05756948862147,9144.0
5940.0,MYU2211,7.200730414885031,105.76438876099107,9144.0
5940.0,MAS8792,-0.19157493704966896,110.34718697616405,9144.0
5940.0,MMA231,1.7421716170758477,104.05756948862147,9144.0
5940.0,MYU2211,7.200730414885031,105.76438876099107,9144.0
5950.0,MAS8792,-0.1612657120452692,110.34271002775338,9144.0
5950.0,MMA231,1.7247912708751372,104.058351477925,9144.0
5950.0,MYU2211,7.175992823380115,105.74470395110367,9144.0
5950.0,MAS8792,-0.1612657120452692,110.34271002775338,9144.0
5950.0,MMA231,1.7247912708751372,104.058351477925,9144.0
5950.0,MYU2211,7.175992823380115,105.74470395110367,9144.0
5960.0,MAS8792,-0.13095562831196003,110.3382389029319,9144.0
5960.0,MMA231,1.7080772837517686,104.06318374117939,9144.0
5960.0,MYU2211,7.151254380724915,105.72502129598377,9144.0
5960.0,MAS8792,-0.13095562831196003,110.3382389029319,9144.0
5960.0,MMA231,1.7080772837517686,104.06318374117939,9144.0
5960.0,MYU2211,7.151254380724915,105.72502129598377,9144.0
5970.0,MAS8792,-0.10082074901508857,110.33379363438621,9144.0
5970.0,MMA231,1.6929592192697982,104.07179746703711,9144.0
5970.0,MYU2211,7.126515089090428,105.70534078909091,9144.0
5970.0,MAS8792,-0.10082074901508857,110.33379363438621,9144.0
5970.0,MMA231,1.6929592192697982,104.07179746703711,9144.0
5970.0,MYU2211,7.126515089090428,105.70534078909091,9144.0
5980.0,MAS8792,-0.07068555623652475,110.32935049498484,9144.0
5980.0,MMA231,1.6815733105827884,104.08296713957847,9144.0
5980.0,MYU2211,7.101774950506435,105.68566242406585,9144.0
5980.0,MAS8792,-0.07068555623652475,110.32935049498484,9144.0
5980.0,MMA231,1.6815733105827884,104.08296713957847,9144.0
5980.0,MYU2211,7.101774950506435,105.68566242406585,9144.0
5990.0,MAS8792,-0.040608846010582476,110.32491598459676,9144.0
5990.0,MMA231,1.668287211027048,104.09030882604019,9144.0
5990.0,MYU2211,7.077033966823339,105.66598619477925,9144.0
5990.0,MAS8792,-0.040608846010582476,110.32491598459676,9144.0
5990.0,MMA231,1.668287211027048,104.09030882604019,9144.0
5990.0,MYU2211,7.077033966823339,105.66598619477925,9144.0
6000.0,MAS8792,-0.010532723741198104,110.32047748930876,9144.0
6000.0,MMA231,1.6540986007497485,104.09351141563204,9144.0
6000.0,MYU2211,7.052292139658724,105.64631209539994,9144.0
6000.0,MAS8792,-0.010532723741198104,110.32047748930876,9144.0
6000.0,MMA231,1.6540986007497485,104.09351141563204,9144.0
6000.0,MYU2211,7.052292139658724,105.64631209539994,9144.0
6010.0,MAS8792,0.019660322323170096,110.31602174025168,9144.0
6010.0,MMA231,1.639580242894165,104.0926267565802,9144.0
6010.0,MYU2211,7.0275494703201975,105.6266401204935,9144.0
6010.0,MAS8792,0.019660322323170096,110.31602174025168,9144.0
6010.0,MMA231,1.639580242894165,104.0926267565802,9144.0
6010.0,MYU2211,7.0275494703201975,105.6266401204935,9144.0
6020.0,MAS8792,0.04986080043154018,110.31161664494189,9144.0
6020.0,MMA231,1.6253116756053845,104.0894587090895,9144.0
6020.0,MYU2211,7.002805959689671,105.60697026517015,9144.0
6020.0,MAS8792,0.04986080043154018,110.31161664494189,9144.0
6020.0,MMA231,1.6253116756053845,104.0894587090895,9144.0
6020.0,MYU2211,7.002805959689671,105.60697026517015,9144.0
6030.0,MAS8792,0.08029469953046098,110.30717749862868,9144.0
6030.0,MMA231,1.6108519867059907,104.08732764152393,9144.0
6030.0,MYU2211,6.978061608041578,105.58730252531684,9144.0
6030.0,MAS8792,0.08029469953046098,110.30717749862868,9144.0
6030.0,MMA231,1.6108519867059907,104.08732764152393,9144.0
6030.0,MYU2211,6.978061608041578,105.58730252531684,9144.0
6040.0,MAS8792,0.11071114622422196,110.30262030171403,9144.0
6040.0,MMA231,1.5979975581224255,104.08220220699131,9144.0
6040.0,MYU2211,6.953316414740041,105.5676368979843,9144.0
6040.0,MAS8792,0.11071114622422196,110.30262030171403,9144.0
6040.0,MMA231,1.5979975581224255,104.08220220699131,9144.0
6040.0,MYU2211,6.953316414740041,105.5676368979843,9144.0
6050.0,MAS8792,0.14124399559770154,110.29804565536583,9144.0
6050.0,MMA231,1.5855077355535008,104.07712267489003,9144.0
6050.0,MYU2211,6.9285703776940855,105.54797338208282,9144.0
6050.0,MAS8792,0.14124399559770154,110.29804565536583,9144.0
6050.0,MMA231,1.5855077355535008,104.07712267489003,9144.0
6050.0,MYU2211,6.9285703776940855,105.54797338208282,9144.0
6060.0,MAS8792,0.17177723503412015,110.29347360655734,9144.0
6060.0,MMA231,1.5727544650719103,104.07193607232388,9144.0
6060.0,MYU2211,6.9038234922690345,105.528311979773,9144.0
6060.0,MAS8792,0.17177723503412015,110.29347360655734,9144.0
6060.0,MMA231,1.5727544650719103,104.07193607232388,9144.0
6060.0,MYU2211,6.9038234922690345,105.528311979773,9144.0
6070.0,MAS8792,0.20201916138434495,110.28894516468378,9144.0
6070.0,MMA231,1.5600996220529073,104.06651359757096,9144.0
6070.0,MYU2211,6.879075748749777,105.50865269970618,9144.0
6070.0,MAS8792,0.20201916138434495,110.28894516468378,9144.0
6070.0,MMA231,1.5600996220529073,104.06651359757096,9144.0
6070.0,MYU2211,6.879075748749777,105.50865269970618,9144.0
6080.0,MAS8792,0.23227278499284434,110.28449553276911,9144.0
6080.0,MMA231,1.5479026317142373,104.06128738179547,9144.0
6080.0,MYU2211,6.854327124748518,105.48899556672289,9144.0
6080.0,MAS8792,0.23227278499284434,110.28449553276911,9144.0
6080.0,MMA231,1.5479026317142373,104.06128738179547,9144.0
6080.0,MYU2211,6.854327124748518,105.48899556672289,9144.0
6090.0,MAS8792,0.2622925431901197,110.28008027840352,9144.0
6090.0,MMA231,1.5356772490511323,104.05612801058382,9144.0
6090.0,MYU2211,6.829577547458755,105.46934067006944,9144.0
6090.0,MAS8792,0.2622925431901197,110.28008027840352,9144.0
6090.0,MMA231,1.5356772490511323,104.05612801058382,9144.0
6090.0,MYU2211,6.829577547458755,105.46934067006944,9144.0
6100.0,MAS8792,0.2923014683543038,110.27559197364748,9144.0
6100.0,MMA231,1.524640721030878,104.05147045481,9144.0
6100.0,MYU2211,6.8024991808595,105.45309697830615,9144.0
6100.0,MAS8792,0.2923014683543038,110.27559197364748,9144.0
6100.0,MMA231,1.524640721030878,104.05147045481,9144.0
6100.0,MYU2211,6.8024991808595,105.45309697830615,9144.0
6110.0,MAS8792,0.3220172540291045,110.27114748875009,9144.0
6110.0,MMA231,1.513144265726424,104.04810566214422,9144.0
6110.0,MYU2211,6.773805823735481,105.44069205530351,9144.0
6110.0,MAS8792,0.3220172540291045,110.27114748875009,9144.0
6110.0,MMA231,1.513144265726424,104.04810566214422,9144.0
6110.0,MYU2211,6.773805823735481,105.44069205530351,9144.0
6120.0,MAS8792,0.3517477792045394,110.26680268443025,9144.0
6120.0,MMA231,1.503480505594472,104.04233251091378,9144.0
6120.0,MYU2211,6.743743287182426,105.43218965725461,9144.0
6120.0,MAS8792,0.3517477792045394,110.26680268443025,9144.0
6120.0,MMA231,1.503480505594472,104.04233251091378,9144.0
6120.0,MYU2211,6.743743287182426,105.43218965725461,9144.0
6130.0,MAS8792,0.38118399521075647,110.26250086283277,9144.0
6130.0,MMA231,1.4929263647906,104.0382152293628,9144.0
6130.0,MYU2211,6.715049930058407,105.41978623854162,9144.0
6130.0,MAS8792,0.38118399521075647,110.26250086283277,9144.0
6130.0,MMA231,1.4929263647906,104.0382152293628,9144.0
6130.0,MYU2211,6.715049930058407,105.41978623854162,9144.0
6140.0,MAS8792,0.41061530453438455,110.2581655820434,9144.0
6140.0,MMA231,1.482503639103263,104.0337755930097,9144.0
6140.0,MYU2211,6.688168488864263,105.40367352031119,9144.0
6140.0,MAS8792,0.41061530453438455,110.2581655820434,9144.0
6140.0,MMA231,1.482503639103263,104.0337755930097,9144.0
6140.0,MYU2211,6.688168488864263,105.40367352031119,9144.0
6150.0,MAS8792,0.43975132008003837,110.2538737667887,9144.0
6150.0,MMA231,1.4719790382405527,104.02939138788882,9144.0
6150.0,MYU2211,6.662530159276306,105.38583099231747,9144.0
6150.0,MAS8792,0.43975132008003837,110.2538737667887,9144.0
6150.0,MMA231,1.4719790382405527,104.02939138788882,9144.0
6150.0,MYU2211,6.662530159276306,105.38583099231747,9144.0
6160.0,MAS8792,0.4688837884411285,110.24955792044992,9144.0
6160.0,MMA231,1.4616693623364148,104.02505650262866,9144.0
6160.0,MYU2211,6.634881816216821,105.37134776595525,9144.0
6160.0,MAS8792,0.4688837884411285,110.24955792044992,9144.0
6160.0,MMA231,1.4616693623364148,104.02505650262866,9144.0
6160.0,MYU2211,6.634881816216821,105.37134776595525,9144.0
6170.0,MAS8792,0.49777929957368716,110.24527714242319,9144.0
6170.0,MMA231,1.4512928690794167,104.02069356913225,9144.0
6170.0,MYU2211,6.607233030311778,105.35686620764605,9144.0
6170.0,MAS8792,0.49777929957368716,110.24527714242319,9144.0
6170.0,MMA231,1.4512928690794167,104.02069356913225,9144.0
6170.0,MYU2211,6.607233030311778,105.35686620764605,9144.0
6180.0,MAS8792,0.5266751054801472,110.24099833546884,9144.0
6180.0,MMA231,1.4409458053123383,104.01626126896755,9144.0
6180.0,MYU2211,6.5795837831426685,105.34238634954713,9144.0
6180.0,MAS8792,0.5266751054801472,110.24099833546884,9144.0
6180.0,MMA231,1.4409458053123383,104.01626126896755,9144.0
6180.0,MYU2211,6.5795837831426685,105.34238634954713,9144.0
6190.0,MAS8792,0.5553927499967127,110.23674587038018,9144.0
6190.0,MMA231,1.4304656011365502,104.01177198459443,9144.0
6190.0,MYU2211,6.551933462316744,105.32790937320644,9144.0
6190.0,MAS8792,0.5553927499967127,110.23674587038018,9144.0
6190.0,MMA231,1.4304656011365502,104.01177198459443,9144.0
6190.0,MYU2211,6.551933462316744,105.32790937320644,9144.0
6200.0,MAS8792,0.5841199091276131,110.23255814812387,9144.0
6200.0,MMA231,1.4199384092669398,104.00739410904345,9144.0
6200.0,MYU2211,6.524010400388419,105.31397366156723,9144.0
6200.0,MAS8792,0.5841199091276131,110.23255814812387,9144.0
6200.0,MMA231,1.4199384092669398,104.00739410904345,9144.0
6200.0,MYU2211,6.524010400388419,105.31397366156723,9144.0
6210.0,MAS8792,0.6126684675636919,110.22839641861395,9144.0
6210.0,MMA231,1.4102407858618222,104.00329096145916,9144.0
6210.0,MYU2211,6.496139449786216,105.30006578223148,9144.0
6210.0,MAS8792,0.6126684675636919,110.22839641861395,9144.0
6210.0,MMA231,1.4102407858618222,104.00329096145916,9144.0
6210.0,MYU2211,6.496139449786216,105.30006578223148,9144.0
6220.0,MAS8792,0.641197904673552,110.22410553002003,9144.0
6220.0,MMA231,1.4006102469482375,103.99921623536903,9144.0
6220.0,MYU2211,6.468267837447826,105.28616001487698,9144.0
6220.0,MAS8792,0.641197904673552,110.22410553002003,9144.0
6220.0,MMA231,1.4006102469482375,103.99921623536903,9144.0
6220.0,MYU2211,6.468267837447826,105.28616001487698,9144.0
6230.0,MAS8792,0.6693692348675333,110.21986845394485,9144.0
6230.0,MMA231,1.3909126085946377,103.99511315697805,9144.0
6230.0,MYU2211,6.440569712769059,105.27190825249386,9144.0
6230.0,MAS8792,0.6693692348675333,110.21986845394485,9144.0
6230.0,MMA231,1.3909126085946377,103.99511315697805,9144.0
6230.0,MYU2211,6.440569712769059,105.27190825249386,9144.0
6240.0,MAS8792,0.6975364200630624,110.21560388105783,9144.0
6240.0,MMA231,1.3812149622533552,103.99101011428051,9144.0
6240.0,MYU2211,6.412870966568776,105.2576584894688,9144.0
6240.0,MAS8792,0.6975364200630624,110.21560388105783,9144.0
6240.0,MMA231,1.3812149622533552,103.99101011428051,9144.0
6240.0,MYU2211,6.412870966568776,105.2576584894688,9144.0
6250.0,MAS8792,0.7254640450351832,110.21137552701889,9144.0
6250.0,MMA231,1.3715173159120726,103.98690708826865,9144.0
6250.0,MYU2211,6.3850359838503605,105.2436808946034,9144.0
6250.0,MAS8792,0.7254640450351832,110.21137552701889,9144.0
6250.0,MMA231,1.3715173159120726,103.98690708826865,9144.0
6250.0,MYU2211,6.3850359838503605,105.2436808946034,9144.0
6260.0,MAS8792,0.7534039955616505,110.20722938604032,9144.0
6260.0,MYU2211,6.357200451555572,105.22970516606749,9144.0
6260.0,MAS8792,0.7534039955616505,110.20722938604032,9144.0
6260.0,MYU2211,6.357200451555572,105.22970516606749,9144.0
6270.0,MAS8792,0.7810433932317028,110.20312779253142,9144.0
6270.0,MYU2211,6.329456998406107,105.21554604912461,9144.0
6270.0,MAS8792,0.7810433932317028,110.20312779253142,9144.0
6270.0,MYU2211,6.329456998406107,105.21554604912461,9144.0
6280.0,MAS8792,0.8086827868228857,110.1990261440801,9144.0
6280.0,MYU2211,6.301712993626839,105.20138878513886,9144.0
6280.0,MAS8792,0.8086827868228857,110.1990261440801,9144.0
6280.0,MYU2211,6.301712993626839,105.20138878513886,9144.0
6290.0,MAS8792,0.836333652251885,110.19500254654886,9144.0
6290.0,MYU2211,6.273896888237184,105.18737620703536,9144.0
6290.0,MAS8792,0.836333652251885,110.19500254654886,9144.0
6290.0,MYU2211,6.273896888237184,105.18737620703536,9144.0
6300.0,MAS8792,0.8636222684825144,110.19103160396502,9144.0
6300.0,MYU2211,6.246080270109168,105.1733654052827,9144.0
6300.0,MAS8792,0.8636222684825144,110.19103160396502,9144.0
6300.0,MYU2211,6.246080270109168,105.1733654052827,9144.0
6310.0,MAS8792,0.8909321016514903,110.1872093110528,9144.0
6310.0,MYU2211,6.218292063949042,105.15929840946488,9144.0
6310.0,MAS8792,0.8909321016514903,110.1872093110528,9144.0
6310.0,MYU2211,6.218292063949042,105.15929840946488,9144.0
6320.0,MAS8792,0.9179386173536555,110.18342941361772,9144.0
6320.0,MYU2211,6.190503361049312,105.14523314823363,9144.0
6320.0,MAS8792,0.9179386173536555,110.18342941361772,9144.0
6320.0,MYU2211,6.190503361049312,105.14523314823363,9144.0
6330.0,MAS8792,0.9449264000226618,110.17951794386957,9144.0
6330.0,MYU2211,6.162685896571444,105.13122626355839,9144.0
6330.0,MAS8792,0.9449264000226618,110.17951794386957,9144.0
6330.0,MYU2211,6.162685896571444,105.13122626355839,9144.0
6340.0,MAS8792,0.9715489936004233,110.17565934132962,9144.0
6340.0,MYU2211,6.134920422826176,105.11724747503332,9144.0
6340.0,MAS8792,0.9715489936004233,110.17565934132962,9144.0
6340.0,MYU2211,6.134920422826176,105.11724747503332,9144.0
6350.0,MAS8792,0.9981561909282245,110.1716959035262,9144.0
6350.0,MYU2211,6.107186427329803,105.10320634726706,9144.0
6350.0,MAS8792,0.9981561909282245,110.1716959035262,9144.0
6350.0,MYU2211,6.107186427329803,105.10320634726706,9144.0
6360.0,MAS8792,1.0238438942417742,110.1678693648225,9144.0
6360.0,MYU2211,6.079399641183769,105.08914018731602,9144.0
6360.0,MAS8792,1.0238438942417742,110.1678693648225,9144.0
6360.0,MYU2211,6.079399641183769,105.08914018731602,9144.0
6370.0,MAS8792,1.0494800401459843,110.16371128254187,9144.0
6370.0,MYU2211,6.051612445352143,105.07507557070588,9144.0
6370.0,MAS8792,1.0494800401459843,110.16371128254187,9144.0
6370.0,MYU2211,6.051612445352143,105.07507557070588,9144.0
6380.0,MAS8792,1.0746023107851383,110.16238940608716,9144.0
6380.0,MYU2211,6.023947930092539,105.06076921406715,9144.0
6380.0,MAS8792,1.0746023107851383,110.16238940608716,9144.0
6380.0,MYU2211,6.023947930092539,105.06076921406715,9144.0
6390.0,MAS8792,1.0994134894597942,110.16518425609637,9144.0
6390.0,MYU2211,5.996282994172962,105.04646440716178,9144.0
6390.0,MAS8792,1.0994134894597942,110.16518425609637,9144.0
6390.0,MYU2211,5.996282994172962,105.04646440716178,9144.0
6400.0,MAS8792,1.1223437036229718,110.17188614644886,9144.0
6400.0,MYU2211,5.9687669185472485,105.03187293844412,9144.0
6400.0,MAS8792,1.1223437036229718,110.17188614644886,9144.0
6400.0,MYU2211,5.9687669185472485,105.03187293844412,9144.0
6410.0,MAS8792,1.1430373941217506,110.18219720438829,9144.0
6410.0,MYU2211,5.9411985499309985,105.01725552917031,9144.0
6410.0,MAS8792,1.1430373941217506,110.18219720438829,9144.0
6410.0,MYU2211,5.9411985499309985,105.01725552917031,9144.0
6420.0,MAS8792,1.1615804175780486,110.19600803710397,9144.0
6420.0,MYU2211,5.913388416703306,105.00310933089483,9144.0
6420.0,MAS8792,1.1615804175780486,110.19600803710397,9144.0
6420.0,MYU2211,5.913388416703306,105.00310933089483,9144.0
6430.0,MAS8792,1.1773875794465278,110.2128828199668,9144.0
6430.0,MYU2211,5.885577883762263,104.98896463632617,9144.0
6430.0,MAS8792,1.1773875794465278,110.2128828199668,9144.0
6430.0,MYU2211,5.885577883762263,104.98896463632617,9144.0
6440.0,MAS8792,1.1899600255395468,110.2322890162125,9144.0
6440.0,MYU2211,5.856157926892121,104.97862180456339,9144.0
6440.0,MAS8792,1.1899600255395468,110.2322890162125,9144.0
6440.0,MYU2211,5.856157926892121,104.97862180456339,9144.0
6450.0,MAS8792,1.1987587884354922,110.25339379079631,9144.0
6450.0,MYU2211,5.826380067172637,104.96957382966586,9144.0
6450.0,MAS8792,1.1987587884354922,110.25339379079631,9144.0
6450.0,MYU2211,5.826380067172637,104.96957382966586,9144.0
6460.0,MAS8792,1.2035647128794984,110.2755504320681,9144.0
6460.0,MYU2211,5.796243688343205,104.96181784194336,9144.0
6460.0,MAS8792,1.2035647128794984,110.2755504320681,9144.0
6460.0,MYU2211,5.796243688343205,104.96181784194336,9144.0
6470.0,MAS8792,1.212288765347257,110.29647610967811,9144.0
6470.0,MYU2211,5.766277828345165,104.95410659963774,9144.0
6470.0,MAS8792,1.212288765347257,110.29647610967811,9144.0
6470.0,MYU2211,5.766277828345165,104.95410659963774,9144.0
6480.0,MAS8792,1.2241404576896102,110.31557372785606,9144.0
6480.0,MYU2211,5.73631184494576,104.9463962479351,9144.0
6480.0,MAS8792,1.2241404576896102,110.31557372785606,9144.0
6480.0,MYU2211,5.73631184494576,104.9463962479351,9144.0
6490.0,MAS8792,1.2359919422243169,110.33467155987508,9144.0
6490.0,MYU2211,5.706311881758646,104.9388209386531,9144.0
6490.0,MAS8792,1.2359919422243169,110.33467155987508,9144.0
6490.0,MYU2211,5.706311881758646,104.9388209386531,9144.0
6500.0,MAS8792,1.2508515851879736,110.3515339939256,9144.0
6500.0,MYU2211,5.676254826930921,104.93123208692354,9144.0
6500.0,MAS8792,1.2508515851879736,110.3515339939256,9144.0
6500.0,MYU2211,5.676254826930921,104.93123208692354,9144.0
6510.0,MAS8792,1.2654960180990853,110.36815263695067,9144.0
6510.0,MYU2211,5.646256152481164,104.92341383654484,9144.0
6510.0,MAS8792,1.2654960180990853,110.36815263695067,9144.0
6510.0,MYU2211,5.646256152481164,104.92341383654484,9144.0
6520.0,MAS8792,1.2795563991113468,110.38526858776527,9144.0
6520.0,MYU2211,5.616314237121972,104.91561123527964,9144.0
6520.0,MAS8792,1.2795563991113468,110.38526858776527,9144.0
6520.0,MYU2211,5.616314237121972,104.91561123527964,9144.0
6530.0,MAS8792,1.2930682378464537,110.40121810746669,9144.0
6530.0,MYU2211,5.58624063118017,104.90833832448412,9144.0
6530.0,MAS8792,1.2930682378464537,110.40121810746669,9144.0
6530.0,MYU2211,5.58624063118017,104.90833832448412,9144.0
6540.0,MAS8792,1.3058053590288996,110.41625430530702,9144.0
6540.0,MYU2211,5.555415273892655,104.90512146966852,9144.0
6540.0,MAS8792,1.3058053590288996,110.41625430530702,9144.0
6540.0,MYU2211,5.555415273892655,104.90512146966852,9144.0
6550.0,MAS8792,1.3183580300718243,110.43144498306629,9144.0
6550.0,MYU2211,5.524542565380266,104.90319113707663,9144.0
6550.0,MAS8792,1.3183580300718243,110.43144498306629,9144.0
6550.0,MYU2211,5.524542565380266,104.90319113707663,9144.0
6560.0,MAS8792,1.330879108737766,110.44631262516471,9144.0
6560.0,MYU2211,5.493669850609941,104.90126100582113,9144.0
6560.0,MAS8792,1.330879108737766,110.44631262516471,9144.0
6560.0,MYU2211,5.493669850609941,104.90126100582113,9144.0
6570.0,MAS8792,1.343331766708404,110.46115008570558,9144.0
6570.0,MYU2211,5.462797129608736,104.89933107488937,9144.0
6570.0,MAS8792,1.343331766708404,110.46115008570558,9144.0
6570.0,MYU2211,5.462797129608736,104.89933107488937,9144.0
6580.0,MAS8792,1.3556978130020076,110.47588466386573,9144.0
6580.0,MYU2211,5.431876482307357,104.89847320278524,9144.0
6580.0,MAS8792,1.3556978130020076,110.47588466386573,9144.0
6580.0,MYU2211,5.431876482307357,104.89847320278524,9144.0
6590.0,MAS8792,1.3680481579245902,110.49063248815514,9144.0
6590.0,MYU2211,5.401073410768607,104.89761868037154,9144.0
6590.0,MAS8792,1.3680481579245902,110.49063248815514,9144.0
6590.0,MYU2211,5.401073410768607,104.89761868037154,9144.0
6600.0,MAS8792,1.3802685713977947,110.5052254845129,9144.0
6600.0,MYU2211,5.370270337959582,104.89676424746531,9144.0
6600.0,MAS8792,1.3802685713977947,110.5052254845129,9144.0
6600.0,MYU2211,5.370270337959582,104.89676424746531,9144.0
6610.0,MAS8792,1.3925712213445656,110.51974925379025,9144.0
6610.0,MYU2211,5.339468817518375,104.89585515430352,9144.0
6610.0,MAS8792,1.3925712213445656,110.51974925379025,9144.0
6610.0,MYU2211,5.339468817518375,104.89585515430352,9144.0
6620.0,MAS8792,1.4048737445473058,110.53427320663775,9144.0
6620.0,MYU2211,5.30866729570627,104.8949461535374,9144.0
6620.0,MAS8792,1.4048737445473058,110.53427320663775,9144.0
6620.0,MYU2211,5.30866729570627,104.8949461535374,9144.0
6630.0,MAS8792,1.4170362629417694,110.54891474793672,9144.0
6630.0,MYU2211,5.2778726622670495,104.89382627935198,9144.0
6630.0,MAS8792,1.4170362629417694,110.54891474793672,9144.0
6630.0,MYU2211,5.2778726622670495,104.89382627935198,9144.0
6640.0,MAS8792,1.4292417394049046,110.56360835942476,9144.0
6640.0,MYU2211,5.24707802678825,104.89270651716605,9144.0
6640.0,MAS8792,1.4292417394049046,110.56360835942476,9144.0
6640.0,MYU2211,5.24707802678825,104.89270651716605,9144.0
6650.0,MAS8792,1.4418997126190236,110.57791384266623,9144.0
6650.0,MYU2211,5.216281478346493,104.89164118139901,9144.0
6650.0,MAS8792,1.4418997126190236,110.57791384266623,9144.0
6650.0,MYU2211,5.216281478346493,104.89164118139901,9144.0
6660.0,MAS8792,1.4573669518668915,110.58923494116878,9144.0
6660.0,MYU2211,5.185426131901467,104.89057391718268,9144.0
6660.0,MAS8792,1.4573669518668915,110.58923494116878,9144.0
6660.0,MYU2211,5.185426131901467,104.89057391718268,9144.0
6670.0,MAS8792,1.4743295483872974,110.59659502423034,9144.0
6670.0,MYU2211,5.154569571960887,104.8895426822949,9144.0
6670.0,MAS8792,1.4743295483872974,110.59659502423034,9144.0
6670.0,MYU2211,5.154569571960887,104.8895426822949,9144.0
6680.0,MAS8792,1.4915975870928986,110.59964443995698,9144.0
6680.0,MYU2211,5.124243656426483,104.8885292799265,9144.0
6680.0,MAS8792,1.4915975870928986,110.59964443995698,9144.0
6680.0,MYU2211,5.124243656426483,104.8885292799265,9144.0
6690.0,MAS8792,1.5082644236413147,110.59845219934921,9144.0
6690.0,MYU2211,5.0939240056735695,104.88734191420022,9144.0
6690.0,MAS8792,1.5082644236413147,110.59845219934921,9144.0
6690.0,MYU2211,5.0939240056735695,104.88734191420022,9144.0
6700.0,MAS8792,1.5241386240484798,110.59323368221987,9144.0
6700.0,MYU2211,5.063663505062208,104.88615697747967,9144.0
6700.0,MAS8792,1.5241386240484798,110.59323368221987,9144.0
6700.0,MYU2211,5.063663505062208,104.88615697747967,9144.0
6710.0,MAS8792,1.5382634492824308,110.58430335881053,9144.0
6710.0,MYU2211,5.033398231190464,104.88510208527548,9144.0
6710.0,MAS8792,1.5382634492824308,110.58430335881053,9144.0
6710.0,MYU2211,5.033398231190464,104.88510208527548,9144.0
6720.0,MAS8792,1.548699579589785,110.57289555070992,9144.0
6720.0,MYU2211,5.003251402249564,104.88405141950001,9144.0
6720.0,MAS8792,1.548699579589785,110.57289555070992,9144.0
6720.0,MYU2211,5.003251402249564,104.88405141950001,9144.0
6730.0,MAS8792,1.555380779913811,110.55957557316816,9144.0
6730.0,MYU2211,4.973106630293193,104.88294292722611,9144.0
6730.0,MAS8792,1.555380779913811,110.55957557316816,9144.0
6730.0,MYU2211,4.973106630293193,104.88294292722611,9144.0
6740.0,MAS8792,1.5580828702716694,110.54513473752064,9144.0
6740.0,MYU2211,4.942902616609417,104.88183235874715,9144.0
6740.0,MAS8792,1.5580828702716694,110.54513473752064,9144.0
6740.0,MYU2211,4.942902616609417,104.88183235874715,9144.0
6750.0,MAS8792,1.5573025678693706,110.53074643876549,9144.0
6750.0,MYU2211,4.912698870874583,104.88071452333172,9144.0
6750.0,MAS8792,1.5573025678693706,110.53074643876549,9144.0
6750.0,MYU2211,4.912698870874583,104.88071452333172,9144.0
6760.0,MAS8792,1.5525029337784297,110.51716048611642,9144.0
6760.0,MYU2211,4.882199542106703,104.87958585160304,9144.0
6760.0,MAS8792,1.5525029337784297,110.51716048611642,9144.0
6760.0,MYU2211,4.882199542106703,104.87958585160304,9144.0
6770.0,MAS8792,1.547592221372349,110.5036895321052,9144.0
6770.0,MYU2211,4.85177611012488,104.87715049919723,9144.0
6770.0,MAS8792,1.547592221372349,110.5036895321052,9144.0
6770.0,MYU2211,4.85177611012488,104.87715049919723,9144.0
6780.0,MAS8792,1.5420193838359684,110.49047896066341,9144.0
6780.0,MYU2211,4.821176250243935,104.87470124764148,9144.0
6780.0,MAS8792,1.5420193838359684,110.49047896066341,9144.0
6780.0,MYU2211,4.821176250243935,104.87470124764148,9144.0
6790.0,MAS8792,1.536935734687733,110.47729966554759,9144.0
6790.0,MYU2211,4.790790305337727,104.87032680925218,9144.0
6790.0,MAS8792,1.536935734687733,110.47729966554759,9144.0
6790.0,MYU2211,4.790790305337727,104.87032680925218,9144.0
6800.0,MAS8792,1.532107527265676,110.46478315214945,9144.0
6800.0,MYU2211,4.760287741986813,104.8659359826104,9144.0
6800.0,MAS8792,1.532107527265676,110.46478315214945,9144.0
6800.0,MYU2211,4.760287741986813,104.8659359826104,9144.0
6810.0,MAS8792,1.5269567901202492,110.4523959990345,9144.0
6810.0,MYU2211,4.729676358754364,104.86238891169438,9144.0
6810.0,MAS8792,1.5269567901202492,110.4523959990345,9144.0
6810.0,MYU2211,4.729676358754364,104.86238891169438,9144.0
6820.0,MAS8792,1.5225369784188902,110.44110401176411,9144.0
6820.0,MYU2211,4.698948111764927,104.85882861931974,9144.0
6820.0,MAS8792,1.5225369784188902,110.44110401176411,9144.0
6820.0,MYU2211,4.698948111764927,104.85882861931974,9144.0
6830.0,MAS8792,1.518327461137847,110.43034964014318,9144.0
6830.0,MYU2211,4.668233013235624,104.85515603975563,9144.0
6830.0,MAS8792,1.518327461137847,110.43034964014318,9144.0
6830.0,MYU2211,4.668233013235624,104.85515603975563,9144.0
6840.0,MAS8792,1.5140331756385241,110.4196288801754,9144.0
6840.0,MYU2211,4.63751789528499,104.85148378392955,9144.0
6840.0,MAS8792,1.5140331756385241,110.4196288801754,9144.0
6840.0,MYU2211,4.63751789528499,104.85148378392955,9144.0
6850.0,MAS8792,1.5098464298570033,110.40917700991027,9144.0
6850.0,MYU2211,4.6067791299372125,104.8480165612137,9144.0
6850.0,MAS8792,1.5098464298570033,110.40917700991027,9144.0
6850.0,MYU2211,4.6067791299372125,104.8480165612137,9144.0
6860.0,MAS8792,1.502202966515451,110.4009114784231,9144.0
6860.0,MYU2211,4.576040347523788,104.84454964015242,9144.0
6860.0,MAS8792,1.502202966515451,110.4009114784231,9144.0
6860.0,MYU2211,4.576040347523788,104.84454964015242,9144.0
6870.0,MAS8792,1.4982744609779233,110.39074792118593,9144.0
6870.0,MYU2211,4.545298946639438,104.84110631161782,9144.0
6870.0,MAS8792,1.4982744609779233,110.39074792118593,9144.0
6870.0,MYU2211,4.545298946639438,104.84110631161782,9144.0
6880.0,MAS8792,1.4967735070817927,110.37980836742874,9144.0
6880.0,MYU2211,4.514499141448959,104.8376567393458,9144.0
6880.0,MAS8792,1.4967735070817927,110.37980836742874,9144.0
6880.0,MYU2211,4.514499141448959,104.8376567393458,9144.0
6890.0,MAS8792,1.4952724389245688,110.36886883684495,9144.0
6890.0,MYU2211,4.483689438327216,104.83429742608746,9144.0
6890.0,MAS8792,1.4952724389245688,110.36886883684495,9144.0
6890.0,MYU2211,4.483689438327216,104.83429742608746,9144.0
6900.0,MAS8792,1.4898936351917997,110.35922641119912,9144.0
6900.0,MYU2211,4.452821353052636,104.83093203435551,9144.0
6900.0,MAS8792,1.4898936351917997,110.35922641119912,9144.0
6900.0,MYU2211,4.452821353052636,104.83093203435551,9144.0
6910.0,MAS8792,1.4856543131347264,110.34887418405019,9144.0
6910.0,MYU2211,4.421936421818949,104.82772603931335,9144.0
6910.0,MAS8792,1.4856543131347264,110.34887418405019,9144.0
6910.0,MYU2211,4.421936421818949,104.82772603931335,9144.0
6920.0,MAS8792,1.4854752003444662,110.33783358250602,9144.0
6920.0,MYU2211,4.390993118008949,104.82451425551297,9144.0
6920.0,MAS8792,1.4854752003444662,110.33783358250602,9144.0
6920.0,MYU2211,4.390993118008949,104.82451425551297,9144.0
6930.0,MAS8792,1.4893174306573398,110.32942780629904,9144.0
6930.0,MYU2211,4.3600620807681425,104.82118587736984,9144.0
6930.0,MAS8792,1.4893174306573398,110.32942780629904,9144.0
6930.0,MYU2211,4.3600620807681425,104.82118587736984,9144.0
6940.0,MAS8792,1.495845919216356,110.3246193761257,9144.0
6940.0,MYU2211,4.329131028694079,104.81785777437999,9144.0
6940.0,MAS8792,1.495845919216356,110.3246193761257,9144.0
6940.0,MYU2211,4.329131028694079,104.81785777437999,9144.0
6950.0,MAS8792,1.5038874050372248,110.3235890145459,9144.0
6950.0,MYU2211,4.298196959310123,104.81455813096008,9144.0
6950.0,MAS8792,1.5038874050372248,110.3235890145459,9144.0
6950.0,MYU2211,4.298196959310123,104.81455813096008,9144.0
6960.0,MAS8792,1.5114166314770956,110.32659624727616,9144.0
6960.0,MYU2211,4.267321216798337,104.81126497869167,9144.0
6960.0,MAS8792,1.5114166314770956,110.32659624727616,9144.0
6960.0,MYU2211,4.267321216798337,104.81126497869167,9144.0
6970.0,MAS8792,1.516537354955795,110.33288371801308,9144.0
6970.0,MYU2211,4.2364788321069105,104.80767136449634,9144.0
6970.0,MAS8792,1.516537354955795,110.33288371801308,9144.0
6970.0,MYU2211,4.2364788321069105,104.80767136449634,9144.0
6980.0,MAS8792,1.517959915891443,110.34086791880054,9144.0
6980.0,MYU2211,4.205636430606625,104.80407803812169,9144.0
6980.0,MAS8792,1.517959915891443,110.34086791880054,9144.0
6980.0,MYU2211,4.205636430606625,104.80407803812169,9144.0
6990.0,MAS8792,1.5153260408195381,110.34853800682117,9144.0
6990.0,MYU2211,4.174803539343688,104.80040371530684,9144.0
6990.0,MAS8792,1.5153260408195381,110.34853800682117,9144.0
6990.0,MYU2211,4.174803539343688,104.80040371530684,9144.0
7000.0,MAS8792,1.5092990739409706,110.35396225701176,9144.0
7000.0,MYU2211,4.1440289308487355,104.79673662911702,9144.0
7000.0,MAS8792,1.5092990739409706,110.35396225701176,9144.0
7000.0,MYU2211,4.1440289308487355,104.79673662911702,9144.0
7010.0,MYU2211,4.113241586803647,104.79317876486151,9144.0
7010.0,MYU2211,4.113241586803647,104.79317876486151,9144.0
7020.0,MYU2211,4.082454226820201,104.78962117620007,9144.0
7020.0,MYU2211,4.082454226820201,104.78962117620007,9144.0
7030.0,MYU2211,4.051666850911477,104.78606386197619,9144.0
7030.0,MYU2211,4.051666850911477,104.78606386197619,9144.0
7040.0,MYU2211,4.020871278817788,104.7825787098388,9144.0
7040.0,MYU2211,4.020871278817788,104.7825787098388,9144.0
7050.0,MYU2211,3.9900173518644335,104.77908722073909,9144.0
7050.0,MYU2211,3.9900173518644335,104.77908722073909,9144.0
7060.0,MYU2211,3.9598936349510523,104.77154205944399,9144.0
7060.0,MYU2211,3.9598936349510523,104.77154205944399,9144.0
7070.0,MYU2211,3.929950273822423,104.76308782991445,9144.0
7070.0,MYU2211,3.929950273822423,104.76308782991445,9144.0
7080.0,MYU2211,3.9013543886420727,104.75081117736573,9144.0
7080.0,MYU2211,3.9013543886420727,104.75081117736573,9144.0
7090.0,MYU2211,3.8724892090933345,104.73841985502467,9144.0
7090.0,MYU2211,3.8724892090933345,104.73841985502467,9144.0
7100.0,MYU2211,3.843623836994725,104.72602940425803,9144.0
7100.0,MYU2211,3.843623836994725,104.72602940425803,9144.0
7110.0,MYU2211,3.8147582307415013,104.71363991924805,9144.0
7110.0,MYU2211,3.8147582307415013,104.71363991924805,9144.0
7120.0,MYU2211,3.7866002187165146,104.69971096921262,9144.0
7120.0,MYU2211,3.7866002187165146,104.69971096921262,9144.0
7130.0,MYU2211,3.758441897151872,104.68578309903421,9144.0
7130.0,MYU2211,3.758441897151872,104.68578309903421,9144.0
7140.0,MYU2211,3.729798954799511,104.67288624585294,9144.0
7140.0,MYU2211,3.729798954799511,104.67288624585294,9144.0
7150.0,MYU2211,3.7016907508017565,104.6602312325754,9144.0
7150.0,MYU2211,3.7016907508017565,104.6602312325754,9144.0
7160.0,MYU2211,3.6738267432583736,104.64704548695492,9144.0
7160.0,MYU2211,3.6738267432583736,104.64704548695492,9144.0
7170.0,MYU2211,3.6460157137288407,104.63388588424971,9144.0
7170.0,MYU2211,3.6460157137288407,104.63388588424971,9144.0
7180.0,MYU2211,3.6180397185028266,104.6210825772907,9144.0
7180.0,MYU2211,3.6180397185028266,104.6210825772907,9144.0
7190.0,MYU2211,3.5900099433274812,104.60825566217292,9144.0
7190.0,MYU2211,3.5900099433274812,104.60825566217292,9144.0
7200.0,MYU2211,3.5620363094684686,104.59530668537793,9144.0
7200.0,MYU2211,3.5620363094684686,104.59530668537793,9144.0
7210.0,MYU2211,3.5341159291870294,104.58238324961853,9144.0
7210.0,MYU2211,3.5341159291870294,104.58238324961853,9144.0
7220.0,MYU2211,3.506195353358851,104.56946062533419,9144.0
7220.0,MYU2211,3.506195353358851,104.56946062533419,9144.0
7230.0,MYU2211,3.478274152283918,104.55653974137716,9144.0
7230.0,MYU2211,3.478274152283918,104.55653974137716,9144.0
7240.0,MYU2211,3.4504046584993064,104.54350767771783,9144.0
7240.0,MYU2211,3.4504046584993064,104.54350767771783,9144.0
7250.0,MYU2211,3.4228557641357753,104.53062655797272,9144.0
7250.0,MYU2211,3.4228557641357753,104.53062655797272,9144.0
7260.0,MYU2211,3.3953390316599736,104.51767700196656,9144.0
7260.0,MYU2211,3.3953390316599736,104.51767700196656,9144.0
7270.0,MYU2211,3.367982841478157,104.50480387247309,9144.0
7270.0,MYU2211,3.367982841478157,104.50480387247309,9144.0
7280.0,MYU2211,3.3406706116789717,104.49183777682464,9144.0
7280.0,MYU2211,3.3406706116789717,104.49183777682464,9144.0
7290.0,MYU2211,3.313358188373526,104.47887244947326,9144.0
7290.0,MYU2211,3.313358188373526,104.47887244947326,9144.0
7300.0,MYU2211,3.2860747028620256,104.46584649166589,9144.0
7300.0,MYU2211,3.2860747028620256,104.46584649166589,9144.0
7310.0,MYU2211,3.25841748565799,104.45264294710383,9144.0
7310.0,MYU2211,3.25841748565799,104.45264294710383,9144.0
7320.0,MYU2211,3.23076000712553,104.43944031302155,9144.0
7320.0,MYU2211,3.23076000712553,104.43944031302155,9144.0
7330.0,MYU2211,3.20300871627569,104.42643701524503,9144.0
7330.0,MYU2211,3.20300871627569,104.42643701524503,9144.0
7340.0,MYU2211,3.1748310378306757,104.41323488706368,9144.0
7340.0,MYU2211,3.1748310378306757,104.41323488706368,9144.0
7350.0,MYU2211,3.1467517801835028,104.39982443062198,9144.0
7350.0,MYU2211,3.1467517801835028,104.39982443062198,9144.0
7360.0,MYU2211,3.118884329587293,104.38651610090244,9144.0
7360.0,MYU2211,3.118884329587293,104.38651610090244,9144.0
7370.0,MYU2211,3.0910566472198213,104.37312492232876,9144.0
7370.0,MYU2211,3.0910566472198213,104.37312492232876,9144.0
7380.0,MYU2211,3.063228740628216,104.35973456069725,9144.0
7380.0,MYU2211,3.063228740628216,104.35973456069725,9144.0
7390.0,MYU2211,3.0352429965059415,104.34667859667015,9144.0
7390.0,MYU2211,3.0352429965059415,104.34667859667015,9144.0
7400.0,MYU2211,3.007203756658232,104.33359854784104,9144.0
7400.0,MYU2211,3.007203756658232,104.33359854784104,9144.0
7410.0,MYU2211,2.979245773014194,104.32034557106526,9144.0
7410.0,MYU2211,2.979245773014194,104.32034557106526,9144.0
7420.0,MYU2211,2.951553636239531,104.30721947463981,9144.0
7420.0,MYU2211,2.951553636239531,104.30721947463981,9144.0
7430.0,MYU2211,2.9237781244075327,104.29427153452137,9144.0
7430.0,MYU2211,2.9237781244075327,104.29427153452137,9144.0
7440.0,MYU2211,2.8962165707512297,104.28142414126542,9144.0
7440.0,MYU2211,2.8962165707512297,104.28142414126542,9144.0
7450.0,MYU2211,2.868436531312949,104.26905782622191,9144.0
7450.0,MYU2211,2.868436531312949,104.26905782622191,9144.0
7460.0,MYU2211,2.8407103869037673,104.25671623120418,9144.0
7460.0,MYU2211,2.8407103869037673,104.25671623120418,9144.0
7470.0,MYU2211,2.812883912775509,104.24460340210781,9144.0
7470.0,MYU2211,2.812883912775509,104.24460340210781,9144.0
7480.0,MYU2211,2.786205355702453,104.23299091665109,9144.0
7480.0,MYU2211,2.786205355702453,104.23299091665109,9144.0
7490.0,MYU2211,2.759814173139581,104.22073815651271,9144.0
7490.0,MYU2211,2.759814173139581,104.22073815651271,9144.0
7500.0,MYU2211,2.734575595474796,104.20902113059212,9144.0
7500.0,MYU2211,2.734575595474796,104.20902113059212,9144.0
7510.0,MYU2211,2.7097848599019145,104.19638236203623,9144.0
7510.0,MYU2211,2.7097848599019145,104.19638236203623,9144.0
7520.0,MYU2211,2.6860884529481925,104.18430210722623,9144.0
7520.0,MYU2211,2.6860884529481925,104.18430210722623,9144.0
7530.0,MYU2211,2.6622219677555696,104.17256243196671,9144.0
7530.0,MYU2211,2.6622219677555696,104.17256243196671,9144.0
7540.0,MYU2211,2.638577759853271,104.16093265017757,9144.0
7540.0,MYU2211,2.638577759853271,104.16093265017757,9144.0
7550.0,MYU2211,2.61463638768617,104.14992917723367,9144.0
7550.0,MYU2211,2.61463638768617,104.14992917723367,9144.0
7560.0,MYU2211,2.590977346833225,104.13905596052298,9144.0
7560.0,MYU2211,2.590977346833225,104.13905596052298,9144.0
7570.0,MYU2211,2.5673123612020277,104.12819591696653,9144.0
7570.0,MYU2211,2.5673123612020277,104.12819591696653,9144.0
7580.0,MYU2211,2.543874031617893,104.11744036690017,9144.0
7580.0,MYU2211,2.543874031617893,104.11744036690017,9144.0
7590.0,MYU2211,2.5203268665708913,104.10692589796909,9144.0
7590.0,MYU2211,2.5203268665708913,104.10692589796909,9144.0
7600.0,MYU2211,2.495641799232438,104.10039151219652,9144.0
7600.0,MYU2211,2.495641799232438,104.10039151219652,9144.0
7610.0,MYU2211,2.4705367452392264,104.0979850946287,9144.0
7610.0,MYU2211,2.4705367452392264,104.0979850946287,9144.0
7620.0,MYU2211,2.4463477528253663,104.09894280445941,9144.0
7620.0,MYU2211,2.4463477528253663,104.09894280445941,9144.0
7630.0,MYU2211,2.4221587597219907,104.09990047965516,9144.0
7630.0,MYU2211,2.4221587597219907,104.09990047965516,9144.0
7640.0,MYU2211,2.3979531266177254,104.09956819912603,9144.0
7640.0,MYU2211,2.3979531266177254,104.09956819912603,9144.0
7650.0,MYU2211,2.3743220140162014,104.09924381663673,9144.0
7650.0,MYU2211,2.3743220140162014,104.09924381663673,9144.0
7660.0,MYU2211,2.3506888388569007,104.0993308270886,9144.0
7660.0,MYU2211,2.3506888388569007,104.0993308270886,9144.0
7670.0,MYU2211,2.3270556636921462,104.09941783459082,9144.0
7670.0,MYU2211,2.3270556636921462,104.09941783459082,9144.0
7680.0,MYU2211,2.3034223765810213,104.09946548102691,9144.0
7680.0,MYU2211,2.3034223765810213,104.09946548102691,9144.0
7690.0,MYU2211,2.2799814731400123,104.09951273803978,9144.0
7690.0,MYU2211,2.2799814731400123,104.09951273803978,9144.0
7700.0,MYU2211,2.2565408269835108,104.09939309783788,9144.0
7700.0,MYU2211,2.2565408269835108,104.09939309783788,9144.0
7710.0,MYU2211,2.233421775696282,104.09927510282738,9144.0
7710.0,MYU2211,2.233421775696282,104.09927510282738,9144.0
7720.0,MYU2211,2.210302673796225,104.09916749866078,9144.0
7720.0,MYU2211,2.210302673796225,104.09916749866078,9144.0
7730.0,MYU2211,2.1874417138981346,104.09906109927539,9144.0
7730.0,MYU2211,2.1874417138981346,104.09906109927539,9144.0
7740.0,MYU2211,2.164580917159167,104.09919817978106,9144.0
7740.0,MYU2211,2.164580917159167,104.09919817978106,9144.0
7750.0,MYU2211,2.141720120407726,104.09933525614724,9144.0
7750.0,MYU2211,2.141720120407726,104.09933525614724,9144.0
7760.0,MYU2211,2.1188637307765905,104.09980487973169,9144.0
7760.0,MYU2211,2.1188637307765905,104.09980487973169,9144.0
7770.0,MYU2211,2.096136675370348,104.10027183215318,9144.0
7770.0,MYU2211,2.096136675370348,104.10027183215318,9144.0
7780.0,MYU2211,2.073404979189621,104.10035428178497,9144.0
7780.0,MYU2211,2.073404979189621,104.10035428178497,9144.0
7790.0,MYU2211,2.050997530413715,104.10043555302408,9144.0
7790.0,MYU2211,2.050997530413715,104.10043555302408,9144.0
7800.0,MYU2211,2.028590180094052,104.10054054189376,9144.0
7800.0,MYU2211,2.028590180094052,104.10054054189376,9144.0
7810.0,MYU2211,2.0065735230249104,104.10064369734569,9144.0
7810.0,MYU2211,2.0065735230249104,104.10064369734569,9144.0
7820.0,MYU2211,1.9845594707746428,104.10099791549095,9144.0
7820.0,MYU2211,1.9845594707746428,104.10099791549095,9144.0
7830.0,MYU2211,1.9630033826630466,104.10134475558503,9144.0
7830.0,MYU2211,1.9630033826630466,104.10134475558503,9144.0
7840.0,MYU2211,1.9414490481036775,104.10178744984466,9144.0
7840.0,MYU2211,1.9414490481036775,104.10178744984466,9144.0
7850.0,MYU2211,1.9203550253050097,104.10222067902058,9144.0
7850.0,MYU2211,1.9203550253050097,104.10222067902058,9144.0
7860.0,MYU2211,1.8992566003619609,104.10217894865087,9144.0
7860.0,MYU2211,1.8992566003619609,104.10217894865087,9144.0
7870.0,MYU2211,1.8784257856332587,104.1025603705965,9144.0
7870.0,MYU2211,1.8784257856332587,104.1025603705965,9144.0
7880.0,MYU2211,1.8576611226006159,104.1029405721945,9144.0
7880.0,MYU2211,1.8576611226006159,104.1029405721945,9144.0
7890.0,MYU2211,1.8369082891710453,104.1037381877292,9144.0
7890.0,MYU2211,1.8369082891710453,104.1037381877292,9144.0
7900.0,MYU2211,1.8182151507785203,104.10854317316986,9144.0
7900.0,MYU2211,1.8182151507785203,104.10854317316986,9144.0
7910.0,MYU2211,1.8021091803761868,104.11539510361146,9144.0
7910.0,MYU2211,1.8021091803761868,104.11539510361146,9144.0
7920.0,MYU2211,1.7863541906212075,104.12244894193398,9144.0
7920.0,MYU2211,1.7863541906212075,104.12244894193398,9144.0
7930.0,MYU2211,1.7714814178306713,104.12910760752693,9144.0
7930.0,MYU2211,1.7714814178306713,104.12910760752693,9144.0
7940.0,MYU2211,1.75641607681483,104.1353178054978,9144.0
7940.0,MYU2211,1.75641607681483,104.1353178054978,9144.0
7950.0,MYU2211,1.7415492100857748,104.137051941573,9144.0
7950.0,MYU2211,1.7415492100857748,104.137051941573,9144.0
7960.0,MYU2211,1.7277172773104743,104.13458197632178,9144.0
7960.0,MYU2211,1.7277172773104743,104.13458197632178,9144.0
7970.0,MYU2211,1.7159151288206063,104.1283609778338,9144.0
7970.0,MYU2211,1.7159151288206063,104.1283609778338,9144.0
7980.0,MYU2211,1.7065561382371974,104.11885064969123,9144.0
7980.0,MYU2211,1.7065561382371974,104.11885064969123,9144.0
7990.0,MYU2211,1.700419194972448,104.10684054989278,9144.0
7990.0,MYU2211,1.700419194972448,104.10684054989278,9144.0
8000.0,MYU2211,1.6909258261885134,104.09716279744748,9144.0
8000.0,MYU2211,1.6909258261885134,104.09716279744748,9144.0
8010.0,MYU2211,1.6788184341221246,104.09060730875686,9144.0
8010.0,MYU2211,1.6788184341221246,104.09060730875686,9144.0
8020.0,MYU2211,1.6653187802469878,104.08790693961534,9144.0
8020.0,MYU2211,1.6653187802469878,104.08790693961534,9144.0
8030.0,MYU2211,1.6512596219397178,104.08923128079049,9144.0
8030.0,MYU2211,1.6512596219397178,104.08923128079049,9144.0
8040.0,MYU2211,1.6378251056757176,104.09402302392026,9144.0
8040.0,MYU2211,1.6378251056757176,104.09402302392026,9144.0
8050.0,MYU2211,1.6238617263357968,104.09469825568095,9144.0
8050.0,MYU2211,1.6238617263357968,104.09469825568095,9144.0
8060.0,MYU2211,1.6105983805703534,104.09128229961779,9144.0
8060.0,MYU2211,1.6105983805703534,104.09128229961779,9144.0
8070.0,MYU2211,1.5989384859084264,104.08409460464023,9144.0
8070.0,MYU2211,1.5989384859084264,104.08409460464023,9144.0
8080.0,MYU2211,1.5865682395403744,104.07821418020362,9144.0
8080.0,MYU2211,1.5865682395403744,104.07821418020362,9144.0
8090.0,MYU2211,1.5740697054793518,104.072272861691,9144.0
8090.0,MYU2211,1.5740697054793518,104.072272861691,9144.0
8100.0,MYU2211,1.5611981076382486,104.0671908223632,9144.0
8100.0,MYU2211,1.5611981076382486,104.0671908223632,9144.0
8110.0,MYU2211,1.548434806303051,104.06131367106222,9144.0
8110.0,MYU2211,1.548434806303051,104.06131367106222,9144.0
8120.0,MYU2211,1.5358022223365584,104.05640077446614,9144.0
8120.0,MYU2211,1.5358022223365584,104.05640077446614,9144.0
8130.0,MYU2211,1.5232544719857775,104.05108964780224,9144.0
8130.0,MYU2211,1.5232544719857775,104.05108964780224,9144.0
8140.0,MYU2211,1.5105758401811762,104.0457231966103,9144.0
8140.0,MYU2211,1.5105758401811762,104.0457231966103,9144.0
8150.0,MYU2211,1.4978343257941489,104.04050794161249,9144.0
8150.0,MYU2211,1.4978343257941489,104.04050794161249,9144.0
8160.0,MYU2211,1.4863350326428393,104.03479326226038,9144.0
8160.0,MYU2211,1.4863350326428393,104.03479326226038,9144.0
8170.0,MYU2211,1.4750769565921649,104.03070067844848,9144.0
8170.0,MYU2211,1.4750769565921649,104.03070067844848,9144.0
8180.0,MYU2211,1.4644329689327018,104.02622698383786,9144.0
8180.0,MYU2211,1.4644329689327018,104.02622698383786,9144.0
8190.0,MYU2211,1.4539890854225666,104.02183744039401,9144.0
8190.0,MYU2211,1.4539890854225666,104.02183744039401,9144.0
8200.0,MYU2211,1.4435451169481828,104.01744811947358,9144.0
8200.0,MYU2211,1.4435451169481828,104.01744811947358,9144.0
8210.0,MYU2211,1.4331255071116298,104.0130012679322,9144.0
8210.0,MYU2211,1.4331255071116298,104.0130012679322,9144.0
8220.0,MYU2211,1.4227692060777648,104.00859064295254,9144.0
8220.0,MYU2211,1.4227692060777648,104.00859064295254,9144.0
8230.0,MYU2211,1.4128557728688493,104.00443744366613,9144.0
8230.0,MYU2211,1.4128557728688493,104.00443744366613,9144.0
8240.0,MYU2211,1.4031437026540803,104.00036864270125,9144.0
8240.0,MYU2211,1.4031437026540803,104.00036864270125,9144.0
8250.0,MYU2211,1.3930291943187298,103.99613128305175,9144.0
8250.0,MYU2211,1.3930291943187298,103.99613128305175,9144.0
8260.0,MYU2211,1.3829146776450196,103.99189396144178,9144.0
8260.0,MYU2211,1.3829146776450196,103.99189396144178,9144.0
8270.0,MYU2211,1.3728001609713094,103.98765665782375,9144.0
8270.0,MYU2211,1.3728001609713094,103.98765665782375,9144.0
