sim_time,acid,lat,lon,alt
10.0,TGW285,-8.738642594486402,115.16760007830177,9144.0
10.0,TGW288,1.316792526599461,104.01068386966418,9144.0
10.0,TGW300,1.3340502317970169,103.99114922588187,9144.0
10.0,TGW305,10.814267514021457,106.65193745724335,9144.0
10.0,TGW350,1.3224396606009323,104.00673759522962,9144.0
10.0,TGW351,17.98606916556492,102.56733721605846,9144.0
10.0,TGW386,1.3166959582608004,104.0004946177551,9144.0
10.0,TGW388,1.3292350491392133,103.99232934633513,9144.0
10.0,TGW390,1.319065792377343,104.01262003458277,9144.0
10.0,TGW397,14.509918267707008,120.99909454959094,9144.0
10.0,TGW427,5.31882732148664,100.30195454179857,9144.0
10.0,TGW431,1.4704993599335625,110.34208260241003,9144.0
10.0,TGW453,2.701700375069446,101.71212401827405,9144.0
10.0,TGW476,1.3326237462477268,104.01156222333064,9144.0
10.0,TGW484,1.317810931738567,103.99500372864898,9144.0
10.0,TGW486,1.3184357008898977,104.00648707927151,9144.0
10.0,TGW487,4.433649313127917,101.0504320430305,9144.0
10.0,TGW491,5.906130112948607,116.04732072393146,9144.0
10.0,TGW610,1.3229387770608674,103.99189885479288,9144.0
10.0,TGW625,13.680936121941137,100.74309449316794,9144.0
10.0,TGW285,-8.738642594486402,115.16760007830177,9144.0,"(TGW288),(TGW300)"
10.0,TGW288,1.316792526599461,104.01068386966418,9144.0,"(TGW288),(TGW350)"
10.0,TGW300,1.3340502317970169,103.99114922588187,9144.0,"(TGW288),(TGW386)"
10.0,TGW305,10.814267514021457,106.65193745724335,9144.0,"(TGW288),(TGW388)"
10.0,TGW350,1.3224396606009323,104.00673759522962,9144.0,"(TGW288),(TGW390)"
10.0,TGW351,17.98606916556492,102.56733721605846,9144.0,"(TGW288),(TGW476)"
10.0,TGW386,1.3166959582608004,104.0004946177551,9144.0,"(TGW288),(TGW484)"
10.0,TGW388,1.3292350491392133,103.99232934633513,9144.0,"(TGW288),(TGW486)"
10.0,TGW390,1.319065792377343,104.01262003458277,9144.0,"(TGW288),(TGW610)"
10.0,TGW397,14.509918267707008,120.99909454959094,9144.0,"(TGW300),(TGW288)"
10.0,TGW427,5.31882732148664,100.30195454179857,9144.0,"(TGW300),(TGW350)"
10.0,TGW431,1.4704993599335625,110.34208260241003,9144.0,"(TGW300),(TGW386)"
10.0,TGW453,2.701700375069446,101.71212401827405,9144.0,"(TGW300),(TGW388)"
10.0,TGW476,1.3326237462477268,104.01156222333064,9144.0,"(TGW300),(TGW390)"
10.0,TGW484,1.317810931738567,103.99500372864898,9144.0,"(TGW300),(TGW476)"
10.0,TGW486,1.3184357008898977,104.00648707927151,9144.0,"(TGW300),(TGW484)"
10.0,TGW487,4.433649313127917,101.0504320430305,9144.0,"(TGW300),(TGW486)"
10.0,TGW491,5.906130112948607,116.04732072393146,9144.0,"(TGW300),(TGW610)"
10.0,TGW610,1.3229387770608674,103.99189885479288,9144.0,"(TGW350),(TGW288)"
10.0,TGW625,13.680936121941137,100.74309449316794,9144.0,"(TGW350),(TGW300)"
20.0,TGW285,-8.727469582447522,115.16465754618268,9144.0
20.0,TGW288,1.3059109056618907,104.01736591207408,9144.0
20.0,TGW300,1.3311141778474855,103.97827906162975,9144.0
20.0,TGW305,10.820182907326576,106.66245739910613,9144.0
20.0,TGW350,1.3100653532824829,104.00837269002122,9144.0
20.0,TGW351,17.981667188439555,102.57945532968343,9144.0
20.0,TGW386,1.3055438150391712,103.99442328848008,9144.0
20.0,TGW388,1.3211889186016572,103.98204636521648,9144.0
20.0,TGW390,1.3118861223343752,104.02378146873104,9144.0
20.0,TGW397,14.522859427606337,120.9960675826676,9144.0
20.0,TGW427,5.328536359448134,100.31071928948296,9144.0
20.0,TGW431,1.4586346101341674,110.34108798945755,9144.0
20.0,TGW453,2.6907639369770475,101.70820002726992,9144.0
20.0,TGW476,1.3428817322280087,104.01916759415967,9144.0
20.0,TGW484,1.3060701697235895,103.99170773719202,9144.0
20.0,TGW486,1.3057632380928976,104.00569890937979,9144.0
20.0,TGW487,4.440493268085447,101.03349780814209,9144.0
20.0,TGW491,5.895043557966737,116.04805961293738,9144.0
20.0,TGW610,1.3137293890070723,103.98401383438684,9144.0
20.0,TGW625,13.692870544572063,100.74797003319037,9144.0
20.0,TGW285,-8.727469582447522,115.16465754618268,9144.0,"(TGW288),(TGW300)"
20.0,TGW288,1.3059109056618907,104.01736591207408,9144.0,"(TGW288),(TGW350)"
20.0,TGW300,1.3311141778474855,103.97827906162975,9144.0,"(TGW288),(TGW386)"
20.0,TGW305,10.820182907326576,106.66245739910613,9144.0,"(TGW288),(TGW388)"
20.0,TGW350,1.3100653532824829,104.00837269002122,9144.0,"(TGW288),(TGW390)"
20.0,TGW351,17.981667188439555,102.57945532968343,9144.0,"(TGW288),(TGW476)"
20.0,TGW386,1.3055438150391712,103.99442328848008,9144.0,"(TGW288),(TGW484)"
20.0,TGW388,1.3211889186016572,103.98204636521648,9144.0,"(TGW288),(TGW486)"
20.0,TGW390,1.3118861223343752,104.02378146873104,9144.0,"(TGW288),(TGW610)"
20.0,TGW397,14.522859427606337,120.9960675826676,9144.0,"(TGW300),(TGW288)"
20.0,TGW427,5.328536359448134,100.31071928948296,9144.0,"(TGW300),(TGW350)"
20.0,TGW431,1.4586346101341674,110.34108798945755,9144.0,"(TGW300),(TGW386)"
20.0,TGW453,2.6907639369770475,101.70820002726992,9144.0,"(TGW300),(TGW388)"
20.0,TGW476,1.3428817322280087,104.01916759415967,9144.0,"(TGW300),(TGW390)"
20.0,TGW484,1.3060701697235895,103.99170773719202,9144.0,"(TGW300),(TGW476)"
20.0,TGW486,1.3057632380928976,104.00569890937979,9144.0,"(TGW300),(TGW484)"
20.0,TGW487,4.440493268085447,101.03349780814209,9144.0,"(TGW300),(TGW486)"
20.0,TGW491,5.895043557966737,116.04805961293738,9144.0,"(TGW300),(TGW610)"
20.0,TGW610,1.3137293890070723,103.98401383438684,9144.0,"(TGW350),(TGW288)"
20.0,TGW625,13.692870544572063,100.74797003319037,9144.0,"(TGW350),(TGW300)"
30.0,TGW285,-8.71598369648665,115.16584159115506,9144.0
30.0,TGW288,1.2934742361993858,104.02025895394199,9144.0
30.0,TGW300,1.324374641564855,103.96692918855398,9144.0
30.0,TGW305,10.829247430345777,106.67031717086137,9144.0
30.0,TGW350,1.2976910448878112,104.01000776862612,9144.0
30.0,TGW351,17.981278616774347,102.59242065737668,9144.0
30.0,TGW386,1.2969033534164083,103.98511743079686,9144.0
30.0,TGW388,1.310353524153955,103.97476311935435,9144.0
30.0,TGW390,1.3016451865027359,104.03222066055191,9144.0
30.0,TGW397,14.534290233885905,120.98910712852879,9144.0
30.0,TGW427,5.340471531545298,100.31603152362428,9144.0
30.0,TGW431,1.4478072616067215,110.33613368881593,9144.0
30.0,TGW453,2.6791468650176586,101.70831455545877,9144.0
30.0,TGW476,1.3550189954455978,104.0231339290498,9144.0
30.0,TGW484,1.2938768910520684,103.99154227539971,9144.0
30.0,TGW486,1.2940005024985113,104.00091749610583,9144.0
30.0,TGW487,4.443384580135587,101.01545666200724,9144.0
30.0,TGW491,5.884441925491766,116.04471674827526,9144.0
30.0,TGW610,1.3024216140010076,103.9796437331235,9144.0
30.0,TGW625,13.705689425648668,100.74873034266929,9144.0
30.0,TGW285,-8.71598369648665,115.16584159115506,9144.0,"(TGW288),(TGW300)"
30.0,TGW288,1.2934742361993858,104.02025895394199,9144.0,"(TGW288),(TGW350)"
30.0,TGW300,1.324374641564855,103.96692918855398,9144.0,"(TGW288),(TGW386)"
30.0,TGW305,10.829247430345777,106.67031717086137,9144.0,"(TGW288),(TGW388)"
30.0,TGW350,1.2976910448878112,104.01000776862612,9144.0,"(TGW288),(TGW390)"
30.0,TGW351,17.981278616774347,102.59242065737668,9144.0,"(TGW288),(TGW476)"
30.0,TGW386,1.2969033534164083,103.98511743079686,9144.0,"(TGW288),(TGW484)"
30.0,TGW388,1.310353524153955,103.97476311935435,9144.0,"(TGW288),(TGW486)"
30.0,TGW390,1.3016451865027359,104.03222066055191,9144.0,"(TGW288),(TGW610)"
30.0,TGW397,14.534290233885905,120.98910712852879,9144.0,"(TGW300),(TGW288)"
30.0,TGW427,5.340471531545298,100.31603152362428,9144.0,"(TGW300),(TGW350)"
30.0,TGW431,1.4478072616067215,110.33613368881593,9144.0,"(TGW300),(TGW386)"
30.0,TGW453,2.6791468650176586,101.70831455545877,9144.0,"(TGW300),(TGW388)"
30.0,TGW476,1.3550189954455978,104.0231339290498,9144.0,"(TGW300),(TGW390)"
30.0,TGW484,1.2938768910520684,103.99154227539971,9144.0,"(TGW300),(TGW476)"
30.0,TGW486,1.2940005024985113,104.00091749610583,9144.0,"(TGW300),(TGW484)"
30.0,TGW487,4.443384580135587,101.01545666200724,9144.0,"(TGW300),(TGW486)"
30.0,TGW491,5.884441925491766,116.04471674827526,9144.0,"(TGW300),(TGW610)"
30.0,TGW610,1.3024216140010076,103.9796437331235,9144.0,"(TGW350),(TGW288)"
30.0,TGW625,13.705689425648668,100.74873034266929,9144.0,"(TGW350),(TGW300)"
40.0,TGW285,-8.705626949434244,115.171003327064,9144.0
40.0,TGW288,1.2810560092373267,104.01900036347652,9144.0
40.0,TGW300,1.3149893897784308,103.95902903679887,9144.0
40.0,TGW305,10.840390345897037,106.67458818603141,9144.0
40.0,TGW350,1.2853167354236115,104.01164283117141,9144.0
40.0,TGW351,17.9849462226411,102.60480632318387,9144.0
40.0,TGW386,1.285907022991151,103.9792103241058,9144.0
40.0,TGW388,1.2980461984776224,103.97136137763701,9144.0
40.0,TGW390,1.2893189090904886,104.03713340714282,9144.0
40.0,TGW397,14.543121371980197,120.97887624087979,9144.0
40.0,TGW427,5.353242967105875,100.32119377878641,9144.0
40.0,TGW431,1.4396419920009313,110.32796877624405,9144.0
40.0,TGW453,2.6682897408802204,101.71245332677137,9144.0
40.0,TGW476,1.367787302815158,104.0230532796856,9144.0
40.0,TGW484,1.2823493581870424,103.98734855704184,9144.0
40.0,TGW486,1.2847190087285822,103.99278619881503,9144.0
40.0,TGW487,4.442176534615371,100.99722416784526,9144.0
40.0,TGW491,5.875687750804015,116.03772062193951,9144.0
40.0,TGW610,1.2903756949884835,103.9793132062895,9144.0
40.0,TGW625,13.71808896524244,100.74529764387236,9144.0
40.0,TGW285,-8.705626949434244,115.171003327064,9144.0,"(TGW288),(TGW300)"
40.0,TGW288,1.2810560092373267,104.01900036347652,9144.0,"(TGW288),(TGW350)"
40.0,TGW300,1.3149893897784308,103.95902903679887,9144.0,"(TGW288),(TGW386)"
40.0,TGW305,10.840390345897037,106.67458818603141,9144.0,"(TGW288),(TGW388)"
40.0,TGW350,1.2853167354236115,104.01164283117141,9144.0,"(TGW288),(TGW390)"
40.0,TGW351,17.9849462226411,102.60480632318387,9144.0,"(TGW288),(TGW476)"
40.0,TGW386,1.285907022991151,103.9792103241058,9144.0,"(TGW288),(TGW484)"
40.0,TGW388,1.2980461984776224,103.97136137763701,9144.0,"(TGW288),(TGW486)"
40.0,TGW390,1.2893189090904886,104.03713340714282,9144.0,"(TGW288),(TGW610)"
40.0,TGW397,14.543121371980197,120.97887624087979,9144.0,"(TGW300),(TGW288)"
40.0,TGW427,5.353242967105875,100.32119377878641,9144.0,"(TGW300),(TGW350)"
40.0,TGW431,1.4396419920009313,110.32796877624405,9144.0,"(TGW300),(TGW386)"
40.0,TGW453,2.6682897408802204,101.71245332677137,9144.0,"(TGW300),(TGW388)"
40.0,TGW476,1.367787302815158,104.0230532796856,9144.0,"(TGW300),(TGW390)"
40.0,TGW484,1.2823493581870424,103.98734855704184,9144.0,"(TGW300),(TGW476)"
40.0,TGW486,1.2847190087285822,103.99278619881503,9144.0,"(TGW300),(TGW484)"
40.0,TGW487,4.442176534615371,100.99722416784526,9144.0,"(TGW300),(TGW486)"
40.0,TGW491,5.875687750804015,116.03772062193951,9144.0,"(TGW300),(TGW610)"
40.0,TGW610,1.2903756949884835,103.9793132062895,9144.0,"(TGW350),(TGW288)"
40.0,TGW625,13.71808896524244,100.74529764387236,9144.0,"(TGW350),(TGW300)"
50.0,TGW285,-8.697699594678012,115.17949456899012,9144.0
50.0,TGW288,1.269637823510125,104.013782096768,9144.0
50.0,TGW300,1.3030617567590974,103.95427376653208,9144.0
50.0,TGW305,10.852295408881563,106.67476564997816,9144.0
50.0,TGW350,1.274136930887197,104.01719466237573,9144.0
50.0,TGW351,17.99226629389214,102.61524913728336,9144.0
50.0,TGW386,1.2737255098864053,103.97724983355964,9144.0
50.0,TGW388,1.285149952600672,103.97199280086437,9144.0
50.0,TGW390,1.276081939828838,104.03805157779972,9144.0
50.0,TGW397,14.548511266315197,120.96634985885511,9144.0
50.0,TGW427,5.3653604315210845,100.33049057614834,9144.0
50.0,TGW431,1.434835656985715,110.31746812749262,9144.0
50.0,TGW453,2.659538908486991,101.72010305714379,9144.0
50.0,TGW476,1.3798735227503747,104.01893389844716,9144.0
50.0,TGW484,1.2728431467135404,103.97959458449506,9144.0
50.0,TGW486,1.2790041875650664,103.9824207188549,9144.0
50.0,TGW487,4.436930431719408,100.97972559709144,9144.0
50.0,TGW491,5.8669170280607625,116.02941346704438,9144.0
50.0,TGW610,1.2778948480272145,103.98066275021075,9144.0
50.0,TGW625,13.72880801437015,100.73802070172546,9144.0
50.0,TGW285,-8.697699594678012,115.17949456899012,9144.0,"(TGW288),(TGW300)"
50.0,TGW288,1.269637823510125,104.013782096768,9144.0,"(TGW288),(TGW350)"
50.0,TGW300,1.3030617567590974,103.95427376653208,9144.0,"(TGW288),(TGW386)"
50.0,TGW305,10.852295408881563,106.67476564997816,9144.0,"(TGW288),(TGW388)"
50.0,TGW350,1.274136930887197,104.01719466237573,9144.0,"(TGW288),(TGW390)"
50.0,TGW351,17.99226629389214,102.61524913728336,9144.0,"(TGW288),(TGW484)"
50.0,TGW386,1.2737255098864053,103.97724983355964,9144.0,"(TGW288),(TGW486)"
50.0,TGW388,1.285149952600672,103.97199280086437,9144.0,"(TGW288),(TGW610)"
50.0,TGW390,1.276081939828838,104.03805157779972,9144.0,"(TGW300),(TGW288)"
50.0,TGW397,14.548511266315197,120.96634985885511,9144.0,"(TGW300),(TGW350)"
50.0,TGW427,5.3653604315210845,100.33049057614834,9144.0,"(TGW300),(TGW386)"
50.0,TGW431,1.434835656985715,110.31746812749262,9144.0,"(TGW300),(TGW388)"
50.0,TGW453,2.659538908486991,101.72010305714379,9144.0,"(TGW300),(TGW390)"
50.0,TGW476,1.3798735227503747,104.01893389844716,9144.0,"(TGW300),(TGW476)"
50.0,TGW484,1.2728431467135404,103.97959458449506,9144.0,"(TGW300),(TGW484)"
50.0,TGW486,1.2790041875650664,103.9824207188549,9144.0,"(TGW300),(TGW486)"
50.0,TGW487,4.436930431719408,100.97972559709144,9144.0,"(TGW300),(TGW610)"
50.0,TGW491,5.8669170280607625,116.02941346704438,9144.0,"(TGW350),(TGW288)"
50.0,TGW610,1.2778948480272145,103.98066275021075,9144.0,"(TGW350),(TGW300)"
50.0,TGW625,13.72880801437015,100.73802070172546,9144.0,"(TGW350),(TGW386)"
60.0,TGW285,-8.693196883895451,115.19024925123365,9144.0
60.0,TGW288,1.260505548408568,104.00516644958186,9144.0
60.0,TGW300,1.290243945637098,103.95351657463742,9144.0
60.0,TGW305,10.863556346342149,106.67082828149633,9144.0
60.0,TGW350,1.2646847680203395,104.02640716006891,9144.0
60.0,TGW351,18.002433072822516,102.62259951557968,9144.0
60.0,TGW386,1.2623463874555272,103.97211914474272,9144.0
60.0,TGW388,1.2723716733282515,103.97466540332647,9144.0
60.0,TGW390,1.2631957140940246,104.03488771535841,9144.0
60.0,TGW397,14.549946279421937,120.95272186257493,9144.0
60.0,TGW427,5.376042670120863,100.34383402662822,9144.0
60.0,TGW431,1.4339916751204287,110.30595004936846,9144.0
60.0,TGW453,2.6539795198412244,101.73031512079386,9144.0
60.0,TGW476,1.3900346716124055,104.01119940228253,9144.0
60.0,TGW484,1.2623156449949096,103.97288718854702,9144.0
60.0,TGW486,1.2711252970921754,103.97320559172212,9144.0
60.0,TGW487,4.427912475926807,100.96384894874701,9144.0
60.0,TGW491,5.8570520594357065,116.0200704045636,9144.0
60.0,TGW610,1.264231118656098,103.9780627252441,9144.0
60.0,TGW625,13.736756345624046,100.7276394541078,9144.0
60.0,TGW285,-8.693196883895451,115.19024925123365,9144.0,"(TGW288),(TGW300)"
60.0,TGW288,1.260505548408568,104.00516644958186,9144.0,"(TGW288),(TGW350)"
60.0,TGW300,1.290243945637098,103.95351657463742,9144.0,"(TGW288),(TGW386)"
60.0,TGW305,10.863556346342149,106.67082828149633,9144.0,"(TGW288),(TGW388)"
60.0,TGW350,1.2646847680203395,104.02640716006891,9144.0,"(TGW288),(TGW390)"
60.0,TGW351,18.002433072822516,102.62259951557968,9144.0,"(TGW288),(TGW484)"
60.0,TGW386,1.2623463874555272,103.97211914474272,9144.0,"(TGW288),(TGW486)"
60.0,TGW388,1.2723716733282515,103.97466540332647,9144.0,"(TGW288),(TGW610)"
60.0,TGW390,1.2631957140940246,104.03488771535841,9144.0,"(TGW300),(TGW288)"
60.0,TGW397,14.549946279421937,120.95272186257493,9144.0,"(TGW300),(TGW350)"
60.0,TGW427,5.376042670120863,100.34383402662822,9144.0,"(TGW300),(TGW386)"
60.0,TGW431,1.4339916751204287,110.30595004936846,9144.0,"(TGW300),(TGW388)"
60.0,TGW453,2.6539795198412244,101.73031512079386,9144.0,"(TGW300),(TGW484)"
60.0,TGW476,1.3900346716124055,104.01119940228253,9144.0,"(TGW300),(TGW486)"
60.0,TGW484,1.2623156449949096,103.97288718854702,9144.0,"(TGW300),(TGW610)"
60.0,TGW486,1.2711252970921754,103.97320559172212,9144.0,"(TGW350),(TGW288)"
60.0,TGW487,4.427912475926807,100.96384894874701,9144.0,"(TGW350),(TGW300)"
60.0,TGW491,5.8570520594357065,116.0200704045636,9144.0,"(TGW350),(TGW386)"
60.0,TGW610,1.264231118656098,103.9780627252441,9144.0,"(TGW350),(TGW388)"
60.0,TGW625,13.736756345624046,100.7276394541078,9144.0,"(TGW350),(TGW390)"
70.0,TGW285,-8.692684116684907,115.20191724712573,9144.0
70.0,TGW288,1.2546305301382121,103.99406982407201,9144.0
70.0,TGW300,1.277689705097168,103.95682710491087,9144.0
70.0,TGW305,10.872842971966952,106.66324093527226,9144.0
70.0,TGW350,1.2573567250320383,104.03921874302915,9144.0
70.0,TGW351,18.014327450044245,102.62604799502844,9144.0
70.0,TGW386,1.2505400683691263,103.9667165667569,9144.0
70.0,TGW388,1.259320935733736,103.97326091403448,9144.0
70.0,TGW390,1.2518882426706022,104.02794335914724,9144.0
70.0,TGW397,14.547289659732709,120.93929119391852,9144.0
70.0,TGW427,5.38429491375454,100.36068109935522,9144.0
70.0,TGW431,1.437216005377899,110.29486057680266,9144.0
70.0,TGW453,2.652300970128971,101.74182318371527,9144.0
70.0,TGW476,1.3972257459299375,104.00064521575132,9144.0
70.0,TGW484,1.2502489736163749,103.96998752466573,9144.0
70.0,TGW486,1.2604796419272388,103.96696702258046,9144.0
70.0,TGW487,4.415580267912206,100.95039986641638,9144.0
70.0,TGW491,5.844860687477019,116.01411730761075,9144.0
70.0,TGW610,1.2485664748935665,103.97922156896196,9144.0
70.0,TGW625,13.7411255394815,100.71520978582146,9144.0
70.0,TGW285,-8.692684116684907,115.20191724712573,9144.0,"(TGW288),(TGW300)"
70.0,TGW288,1.2546305301382121,103.99406982407201,9144.0,"(TGW288),(TGW350)"
70.0,TGW300,1.277689705097168,103.95682710491087,9144.0,"(TGW288),(TGW386)"
70.0,TGW305,10.872842971966952,106.66324093527226,9144.0,"(TGW288),(TGW388)"
70.0,TGW350,1.2573567250320383,104.03921874302915,9144.0,"(TGW288),(TGW390)"
70.0,TGW351,18.014327450044245,102.62604799502844,9144.0,"(TGW288),(TGW484)"
70.0,TGW386,1.2505400683691263,103.9667165667569,9144.0,"(TGW288),(TGW486)"
70.0,TGW388,1.259320935733736,103.97326091403448,9144.0,"(TGW288),(TGW610)"
70.0,TGW390,1.2518882426706022,104.02794335914724,9144.0,"(TGW300),(TGW288)"
70.0,TGW397,14.547289659732709,120.93929119391852,9144.0,"(TGW300),(TGW350)"
70.0,TGW427,5.38429491375454,100.36068109935522,9144.0,"(TGW300),(TGW386)"
70.0,TGW431,1.437216005377899,110.29486057680266,9144.0,"(TGW300),(TGW388)"
70.0,TGW453,2.652300970128971,101.74182318371527,9144.0,"(TGW300),(TGW484)"
70.0,TGW476,1.3972257459299375,104.00064521575132,9144.0,"(TGW300),(TGW486)"
70.0,TGW484,1.2502489736163749,103.96998752466573,9144.0,"(TGW300),(TGW610)"
70.0,TGW486,1.2604796419272388,103.96696702258046,9144.0,"(TGW350),(TGW288)"
70.0,TGW487,4.415580267912206,100.95039986641638,9144.0,"(TGW350),(TGW300)"
70.0,TGW491,5.844860687477019,116.01411730761075,9144.0,"(TGW350),(TGW386)"
70.0,TGW610,1.2485664748935665,103.97922156896196,9144.0,"(TGW350),(TGW388)"
70.0,TGW625,13.7411255394815,100.71520978582146,9144.0,"(TGW350),(TGW390)"
80.0,TGW285,-8.69622566917715,115.2130338003643,9144.0
80.0,TGW288,1.246379033924898,103.9838592645139,9144.0
80.0,TGW300,1.2667909640558466,103.96388436382183,9144.0
80.0,TGW305,10.879058312938874,106.65289976553922,9144.0
80.0,TGW350,1.2530886292626224,104.05487565171424,9144.0
80.0,TGW351,18.02664015058399,102.62521442951478,9144.0
80.0,TGW386,1.2359261099254248,103.96449463326245,9144.0
80.0,TGW388,1.2449825812940365,103.96911767963184,9144.0
80.0,TGW390,1.2432370867576175,104.01788030062231,9144.0
80.0,TGW397,14.540794573511707,120.92733793467802,9144.0
80.0,TGW427,5.388687865751969,100.37893113199635,9144.0
80.0,TGW431,1.4429905916225811,110.28371046927882,9144.0
80.0,TGW453,2.6525943878975466,101.75344957064476,9144.0
80.0,TGW476,1.400707193736326,103.98835676889631,9144.0
80.0,TGW484,1.237969430460612,103.97118934812005,9144.0
80.0,TGW486,1.2472723151880851,103.96392197635846,9144.0
80.0,TGW487,4.4005595843856495,100.94006074538068,9144.0
80.0,TGW491,5.833227345650885,116.00404726909656,9144.0
80.0,TGW610,1.2325633121840724,103.9844893170592,9144.0
80.0,TGW625,13.741471208120752,100.701996084278,9144.0
80.0,TGW285,-8.69622566917715,115.2130338003643,9144.0,"(TGW288),(TGW300)"
80.0,TGW288,1.246379033924898,103.9838592645139,9144.0,"(TGW288),(TGW350)"
80.0,TGW300,1.2667909640558466,103.96388436382183,9144.0,"(TGW288),(TGW386)"
80.0,TGW305,10.879058312938874,106.65289976553922,9144.0,"(TGW288),(TGW388)"
80.0,TGW350,1.2530886292626224,104.05487565171424,9144.0,"(TGW288),(TGW390)"
80.0,TGW351,18.02664015058399,102.62521442951478,9144.0,"(TGW288),(TGW484)"
80.0,TGW386,1.2359261099254248,103.96449463326245,9144.0,"(TGW288),(TGW486)"
80.0,TGW388,1.2449825812940365,103.96911767963184,9144.0,"(TGW288),(TGW610)"
80.0,TGW390,1.2432370867576175,104.01788030062231,9144.0,"(TGW300),(TGW288)"
80.0,TGW397,14.540794573511707,120.92733793467802,9144.0,"(TGW300),(TGW386)"
80.0,TGW427,5.388687865751969,100.37893113199635,9144.0,"(TGW300),(TGW388)"
80.0,TGW431,1.4429905916225811,110.28371046927882,9144.0,"(TGW300),(TGW390)"
80.0,TGW453,2.6525943878975466,101.75344957064476,9144.0,"(TGW300),(TGW484)"
80.0,TGW476,1.400707193736326,103.98835676889631,9144.0,"(TGW300),(TGW486)"
80.0,TGW484,1.237969430460612,103.97118934812005,9144.0,"(TGW300),(TGW610)"
80.0,TGW486,1.2472723151880851,103.96392197635846,9144.0,"(TGW350),(TGW288)"
80.0,TGW487,4.4005595843856495,100.94006074538068,9144.0,"(TGW350),(TGW386)"
80.0,TGW491,5.833227345650885,116.00404726909656,9144.0,"(TGW350),(TGW388)"
80.0,TGW610,1.2325633121840724,103.9844893170592,9144.0,"(TGW350),(TGW390)"
80.0,TGW625,13.741471208120752,100.701996084278,9144.0,"(TGW350),(TGW484)"
90.0,TGW285,-8.703228626405222,115.22176043589285,9144.0
90.0,TGW288,1.2369967975273308,103.97224964995576,9144.0
90.0,TGW300,1.2586321386795605,103.97398614193435,9144.0
90.0,TGW305,10.88146818868785,106.64102637417021,9144.0
90.0,TGW350,1.2528822350852926,104.07110283528984,9144.0
90.0,TGW351,18.03801585247992,102.62019000803093,9144.0
90.0,TGW386,1.2194238723748652,103.96610379212862,9144.0
90.0,TGW388,1.2304681430537812,103.96492361363634,9144.0
90.0,TGW390,1.2383079170009992,104.00594373993518,9144.0
90.0,TGW397,14.531079979024147,120.91800120278431,9144.0
90.0,TGW427,5.389169741389408,100.39837854424819,9144.0
90.0,TGW431,1.4495924678790202,110.27096272421974,9144.0
90.0,TGW453,2.6529330701907665,101.76687596350526,9144.0
90.0,TGW476,1.400120972344443,103.97559786184102,9144.0
90.0,TGW484,1.2267588427912357,103.97634354896331,9144.0
90.0,TGW486,1.2319331341844542,103.96455646731374,9144.0
90.0,TGW487,4.383612624128475,100.93335610709896,9144.0
90.0,TGW491,5.820230831418576,115.99279797872494,9144.0
90.0,TGW610,1.2177704924321353,103.9936488893824,9144.0
90.0,TGW625,13.73775819381279,100.68934252517055,9144.0
90.0,TGW285,-8.703228626405222,115.22176043589285,9144.0,"(TGW288),(TGW300)"
90.0,TGW288,1.2369967975273308,103.97224964995576,9144.0,"(TGW288),(TGW350)"
90.0,TGW300,1.2586321386795605,103.97398614193435,9144.0,"(TGW288),(TGW386)"
90.0,TGW305,10.88146818868785,106.64102637417021,9144.0,"(TGW288),(TGW388)"
90.0,TGW350,1.2528822350852926,104.07110283528984,9144.0,"(TGW288),(TGW390)"
90.0,TGW351,18.03801585247992,102.62019000803093,9144.0,"(TGW288),(TGW484)"
90.0,TGW386,1.2194238723748652,103.96610379212862,9144.0,"(TGW288),(TGW486)"
90.0,TGW388,1.2304681430537812,103.96492361363634,9144.0,"(TGW288),(TGW610)"
90.0,TGW390,1.2383079170009992,104.00594373993518,9144.0,"(TGW300),(TGW288)"
90.0,TGW397,14.531079979024147,120.91800120278431,9144.0,"(TGW300),(TGW386)"
90.0,TGW427,5.389169741389408,100.39837854424819,9144.0,"(TGW300),(TGW388)"
90.0,TGW431,1.4495924678790202,110.27096272421974,9144.0,"(TGW300),(TGW390)"
90.0,TGW453,2.6529330701907665,101.76687596350526,9144.0,"(TGW300),(TGW484)"
90.0,TGW476,1.400120972344443,103.97559786184102,9144.0,"(TGW300),(TGW486)"
90.0,TGW484,1.2267588427912357,103.97634354896331,9144.0,"(TGW300),(TGW610)"
90.0,TGW486,1.2319331341844542,103.96455646731374,9144.0,"(TGW350),(TGW288)"
90.0,TGW487,4.383612624128475,100.93335610709896,9144.0,"(TGW350),(TGW390)"
90.0,TGW491,5.820230831418576,115.99279797872494,9144.0,"(TGW350),(TGW610)"
90.0,TGW610,1.2177704924321353,103.9936488893824,9144.0,"(TGW386),(TGW288)"
90.0,TGW625,13.73775819381279,100.68934252517055,9144.0,"(TGW386),(TGW300)"
100.0,TGW285,-8.713223537430988,115.22775167552587,9144.0
100.0,TGW288,1.2270158793422634,103.95989940871243,9144.0
100.0,TGW300,1.2537465770687501,103.98647888803346,9144.0
100.0,TGW305,10.879787935193168,106.62902344421079,9144.0
100.0,TGW350,1.2567491040604106,104.08707789234101,9144.0
100.0,TGW351,18.047202374006257,102.61152739582427,9144.0
100.0,TGW386,1.2031956095329481,103.97177985227675,9144.0
100.0,TGW388,1.21536078059049,103.9647872196742,9144.0
100.0,TGW390,1.237335834080583,103.99299397668844,9144.0
100.0,TGW397,14.519071642048448,120.91217054620579,9144.0
100.0,TGW427,5.385560370936942,100.41749106056584,9144.0
100.0,TGW431,1.4524807752684494,110.25655870262135,9144.0
100.0,TGW453,2.6492418786898067,101.78165214045002,9144.0
100.0,TGW476,1.3955273705462148,103.9636806796554,9144.0
100.0,TGW484,1.2173738479475626,103.98510858632096,9144.0
100.0,TGW486,1.2172717498456378,103.96923105188914,9144.0
100.0,TGW487,4.365599331525538,100.9306259977043,9144.0
100.0,TGW491,5.808629718892459,115.97894643126578,9144.0
100.0,TGW610,1.2048198543074975,104.00646460653171,9144.0
100.0,TGW625,13.730364144790743,100.6785362251095,9144.0
100.0,TGW285,-8.713223537430988,115.22775167552587,9144.0,"(TGW288),(TGW300)"
100.0,TGW288,1.2270158793422634,103.95989940871243,9144.0,"(TGW288),(TGW386)"
100.0,TGW300,1.2537465770687501,103.98647888803346,9144.0,"(TGW288),(TGW388)"
100.0,TGW305,10.879787935193168,106.62902344421079,9144.0,"(TGW288),(TGW390)"
100.0,TGW350,1.2567491040604106,104.08707789234101,9144.0,"(TGW288),(TGW484)"
100.0,TGW351,18.047202374006257,102.61152739582427,9144.0,"(TGW288),(TGW486)"
100.0,TGW386,1.2031956095329481,103.97177985227675,9144.0,"(TGW288),(TGW610)"
100.0,TGW388,1.21536078059049,103.9647872196742,9144.0,"(TGW300),(TGW288)"
100.0,TGW390,1.237335834080583,103.99299397668844,9144.0,"(TGW300),(TGW386)"
100.0,TGW397,14.519071642048448,120.91217054620579,9144.0,"(TGW300),(TGW388)"
100.0,TGW427,5.385560370936942,100.41749106056584,9144.0,"(TGW300),(TGW390)"
100.0,TGW431,1.4524807752684494,110.25655870262135,9144.0,"(TGW300),(TGW484)"
100.0,TGW453,2.6492418786898067,101.78165214045002,9144.0,"(TGW300),(TGW486)"
100.0,TGW476,1.3955273705462148,103.9636806796554,9144.0,"(TGW300),(TGW610)"
100.0,TGW484,1.2173738479475626,103.98510858632096,9144.0,"(TGW350),(TGW390)"
100.0,TGW486,1.2172717498456378,103.96923105188914,9144.0,"(TGW386),(TGW288)"
100.0,TGW487,4.365599331525538,100.9306259977043,9144.0,"(TGW386),(TGW300)"
100.0,TGW491,5.808629718892459,115.97894643126578,9144.0,"(TGW386),(TGW388)"
100.0,TGW610,1.2048198543074975,104.00646460653171,9144.0,"(TGW386),(TGW390)"
100.0,TGW625,13.730364144790743,100.6785362251095,9144.0,"(TGW386),(TGW484)"
110.0,TGW285,-8.726291508172242,115.23082445888117,9144.0
110.0,TGW288,1.2142052810934334,103.95051829290719,9144.0
110.0,TGW300,1.2528591163910188,103.99986398290633,9144.0
110.0,TGW305,10.874216030619444,106.61830894233965,9144.0
110.0,TGW350,1.264450951994293,104.10159741564605,9144.0
110.0,TGW351,18.05318850772421,102.6001800070248,9144.0
110.0,TGW386,1.1887740324760008,103.98114018318988,9144.0
110.0,TGW388,1.19891579602556,103.96871189324816,9144.0
110.0,TGW390,1.2364345901252627,103.97840263144343,9144.0
110.0,TGW397,14.505913913740192,120.91040120366836,9144.0
110.0,TGW427,5.378152721054953,100.4347294363272,9144.0
110.0,TGW431,1.451631943320646,110.24009042958649,9144.0
110.0,TGW453,2.641283403388343,101.79670555484772,9144.0
110.0,TGW476,1.3873988083297897,103.95383083060426,9144.0
110.0,TGW484,1.2112250703274723,103.99638327765616,9144.0
110.0,TGW486,1.2043650269805055,103.97761231719159,9144.0
110.0,TGW487,4.347433760164714,100.932008757258,9144.0
110.0,TGW491,5.795897021750807,115.96374506511445,9144.0
110.0,TGW610,1.1950656941253732,104.0218544864762,9144.0
110.0,TGW625,13.720041104897497,100.67067623253132,9144.0
110.0,TGW285,-8.726291508172242,115.23082445888117,9144.0,"(TGW288),(TGW300)"
110.0,TGW288,1.2142052810934334,103.95051829290719,9144.0,"(TGW288),(TGW386)"
110.0,TGW300,1.2528591163910188,103.99986398290633,9144.0,"(TGW288),(TGW388)"
110.0,TGW305,10.874216030619444,106.61830894233965,9144.0,"(TGW288),(TGW390)"
110.0,TGW350,1.264450951994293,104.10159741564605,9144.0,"(TGW288),(TGW484)"
110.0,TGW351,18.05318850772421,102.6001800070248,9144.0,"(TGW288),(TGW486)"
110.0,TGW386,1.1887740324760008,103.98114018318988,9144.0,"(TGW288),(TGW610)"
110.0,TGW388,1.19891579602556,103.96871189324816,9144.0,"(TGW300),(TGW288)"
110.0,TGW390,1.2364345901252627,103.97840263144343,9144.0,"(TGW300),(TGW386)"
110.0,TGW397,14.505913913740192,120.91040120366836,9144.0,"(TGW300),(TGW388)"
110.0,TGW427,5.378152721054953,100.4347294363272,9144.0,"(TGW300),(TGW390)"
110.0,TGW431,1.451631943320646,110.24009042958649,9144.0,"(TGW300),(TGW484)"
110.0,TGW453,2.641283403388343,101.79670555484772,9144.0,"(TGW300),(TGW486)"
110.0,TGW476,1.3873988083297897,103.95383083060426,9144.0,"(TGW300),(TGW610)"
110.0,TGW484,1.2112250703274723,103.99638327765616,9144.0,"(TGW386),(TGW288)"
110.0,TGW486,1.2043650269805055,103.97761231719159,9144.0,"(TGW386),(TGW300)"
110.0,TGW487,4.347433760164714,100.932008757258,9144.0,"(TGW386),(TGW388)"
110.0,TGW491,5.795897021750807,115.96374506511445,9144.0,"(TGW386),(TGW390)"
110.0,TGW610,1.1950656941253732,104.0218544864762,9144.0,"(TGW386),(TGW484)"
110.0,TGW625,13.720041104897497,100.67067623253132,9144.0,"(TGW386),(TGW486)"
120.0,TGW285,-8.741493055084321,115.23017914384583,9144.0
120.0,TGW288,1.1979201645207096,103.94364501924554,9144.0
120.0,TGW300,1.2560525544300662,104.01289265198865,9144.0
120.0,TGW305,10.865410650293626,106.61014852427526,9144.0
120.0,TGW350,1.2755079043640443,104.11375675054596,9144.0
120.0,TGW351,18.05531532925986,102.58739704706974,9144.0
120.0,TGW386,1.1769804598570133,103.99365168428706,9144.0
120.0,TGW388,1.1821060490105972,103.97691847484171,9144.0
120.0,TGW390,1.2314100182257437,103.9630451484224,9144.0
120.0,TGW397,14.492860678098875,120.91286129559758,9144.0
120.0,TGW427,5.36717818184409,100.44992828247761,9144.0
120.0,TGW431,1.4466647383179685,110.22291185774608,9144.0
120.0,TGW453,2.629406638169527,101.81044431397831,9144.0
120.0,TGW476,1.3765712517702922,103.94706129293412,9144.0
120.0,TGW484,1.2089378980419545,104.00902089084138,9144.0
120.0,TGW486,1.1941293293412012,103.98910518147319,9144.0
120.0,TGW487,4.3300376907578455,100.93743402908487,9144.0
120.0,TGW491,5.78316307719077,115.94854509718023,9144.0
120.0,TGW610,1.1882665566832178,104.04020814929692,9144.0
120.0,TGW625,13.707839023703096,100.66656172040916,9144.0
120.0,TGW285,-8.741493055084321,115.23017914384583,9144.0,"(TGW288),(TGW300)"
120.0,TGW288,1.1979201645207096,103.94364501924554,9144.0,"(TGW288),(TGW386)"
120.0,TGW300,1.2560525544300662,104.01289265198865,9144.0,"(TGW288),(TGW388)"
120.0,TGW305,10.865410650293626,106.61014852427526,9144.0,"(TGW288),(TGW390)"
120.0,TGW350,1.2755079043640443,104.11375675054596,9144.0,"(TGW288),(TGW484)"
120.0,TGW351,18.05531532925986,102.58739704706974,9144.0,"(TGW288),(TGW486)"
120.0,TGW386,1.1769804598570133,103.99365168428706,9144.0,"(TGW288),(TGW610)"
120.0,TGW388,1.1821060490105972,103.97691847484171,9144.0,"(TGW300),(TGW288)"
120.0,TGW390,1.2314100182257437,103.9630451484224,9144.0,"(TGW300),(TGW386)"
120.0,TGW397,14.492860678098875,120.91286129559758,9144.0,"(TGW300),(TGW388)"
120.0,TGW427,5.36717818184409,100.44992828247761,9144.0,"(TGW300),(TGW390)"
120.0,TGW431,1.4466647383179685,110.22291185774608,9144.0,"(TGW300),(TGW484)"
120.0,TGW453,2.629406638169527,101.81044431397831,9144.0,"(TGW300),(TGW486)"
120.0,TGW476,1.3765712517702922,103.94706129293412,9144.0,"(TGW300),(TGW610)"
120.0,TGW484,1.2089378980419545,104.00902089084138,9144.0,"(TGW386),(TGW288)"
120.0,TGW486,1.1941293293412012,103.98910518147319,9144.0,"(TGW386),(TGW300)"
120.0,TGW487,4.3300376907578455,100.93743402908487,9144.0,"(TGW386),(TGW388)"
120.0,TGW491,5.78316307719077,115.94854509718023,9144.0,"(TGW386),(TGW390)"
120.0,TGW610,1.1882665566832178,104.04020814929692,9144.0,"(TGW386),(TGW484)"
120.0,TGW625,13.707839023703096,100.66656172040916,9144.0,"(TGW386),(TGW486)"
130.0,TGW285,-8.756656375060338,115.22541715542772,9144.0
130.0,TGW288,1.17933530770225,103.94023061597443,9144.0
130.0,TGW300,1.2630289516842892,104.0243493685192,9144.0
130.0,TGW305,10.854411920441525,106.60550598554632,9144.0
130.0,TGW350,1.2888916297524446,104.12242894827305,9144.0
130.0,TGW351,18.053348728482213,102.57458588242216,9144.0
130.0,TGW386,1.1683419180490244,104.00875657885392,9144.0
130.0,TGW388,1.1660854637113536,103.98928551090648,9144.0
130.0,TGW390,1.2221222163490104,103.94776669012742,9144.0
130.0,TGW397,14.479044073260772,120.91121017703986,9144.0
130.0,TGW427,5.353165803975108,100.46235493215026,9144.0
130.0,TGW431,1.4403525785559943,110.206180992091,9144.0
130.0,TGW453,2.614750239030766,101.82116078647368,9144.0
130.0,TGW476,1.3641582397346494,103.94406823710628,9144.0
130.0,TGW484,1.2107449578736846,104.0217360805617,9144.0
130.0,TGW486,1.1872913806973893,104.00289366059536,9144.0
130.0,TGW487,4.31429385696206,100.94662635803166,9144.0
130.0,TGW491,5.770448218337365,115.93332933824406,9144.0
130.0,TGW610,1.1854449992125158,104.05957667326629,9144.0
130.0,TGW625,13.694998966827375,100.66661076189679,9144.0
130.0,TGW285,-8.756656375060338,115.22541715542772,9144.0,"(TGW288),(TGW386)"
130.0,TGW288,1.17933530770225,103.94023061597443,9144.0,"(TGW288),(TGW388)"
130.0,TGW300,1.2630289516842892,104.0243493685192,9144.0,"(TGW288),(TGW390)"
130.0,TGW305,10.854411920441525,106.60550598554632,9144.0,"(TGW288),(TGW484)"
130.0,TGW350,1.2888916297524446,104.12242894827305,9144.0,"(TGW288),(TGW486)"
130.0,TGW351,18.053348728482213,102.57458588242216,9144.0,"(TGW300),(TGW386)"
130.0,TGW386,1.1683419180490244,104.00875657885392,9144.0,"(TGW300),(TGW388)"
130.0,TGW388,1.1660854637113536,103.98928551090648,9144.0,"(TGW300),(TGW390)"
130.0,TGW390,1.2221222163490104,103.94776669012742,9144.0,"(TGW300),(TGW484)"
130.0,TGW397,14.479044073260772,120.91121017703986,9144.0,"(TGW300),(TGW486)"
130.0,TGW427,5.353165803975108,100.46235493215026,9144.0,"(TGW300),(TGW610)"
130.0,TGW431,1.4403525785559943,110.206180992091,9144.0,"(TGW386),(TGW288)"
130.0,TGW453,2.614750239030766,101.82116078647368,9144.0,"(TGW386),(TGW300)"
130.0,TGW476,1.3641582397346494,103.94406823710628,9144.0,"(TGW386),(TGW388)"
130.0,TGW484,1.2107449578736846,104.0217360805617,9144.0,"(TGW386),(TGW390)"
130.0,TGW486,1.1872913806973893,104.00289366059536,9144.0,"(TGW386),(TGW484)"
130.0,TGW487,4.31429385696206,100.94662635803166,9144.0,"(TGW386),(TGW486)"
130.0,TGW491,5.770448218337365,115.93332933824406,9144.0,"(TGW386),(TGW610)"
130.0,TGW610,1.1854449992125158,104.05957667326629,9144.0,"(TGW388),(TGW288)"
130.0,TGW625,13.694998966827375,100.66661076189679,9144.0,"(TGW388),(TGW300)"
140.0,TGW285,-8.770108340772207,115.21688400849203,9144.0
140.0,TGW288,1.160451772004393,103.94091060371582,9144.0
140.0,TGW300,1.2741058656333342,104.03472869212744,9144.0
140.0,TGW305,10.842519054378915,106.60492944353814,9144.0
140.0,TGW350,1.3040439835554916,104.12740006889605,9144.0
140.0,TGW351,18.04750517920346,102.56315694039526,9144.0
140.0,TGW386,1.1634802011005045,104.02546484614282,9144.0
140.0,TGW388,1.1528899592906832,104.00463195671229,9144.0
140.0,TGW390,1.209596069228366,103.93500908337445,9144.0
140.0,TGW397,14.46532756920715,120.90559001286732,9144.0
140.0,TGW427,5.336791083500098,100.47141043926644,9144.0
140.0,TGW431,1.4373762233516925,110.18672561308955,9144.0
140.0,TGW453,2.602870519351005,101.83369570934947,9144.0
140.0,TGW476,1.3514363641558036,103.9451594372637,9144.0
140.0,TGW484,1.216462454960588,104.03323560916026,9144.0
140.0,TGW486,1.1843366682127507,104.01799879942348,9144.0
140.0,TGW487,4.301001152576795,100.9591191895083,9144.0
140.0,TGW491,5.757260771916401,115.91755056637587,9144.0
140.0,TGW610,1.18672517987689,104.07910780495128,9144.0
140.0,TGW625,13.68282688797539,100.67081792652006,9144.0
140.0,TGW285,-8.770108340772207,115.21688400849203,9144.0,"(TGW288),(TGW386)"
140.0,TGW288,1.160451772004393,103.94091060371582,9144.0,"(TGW288),(TGW388)"
140.0,TGW300,1.2741058656333342,104.03472869212744,9144.0,"(TGW288),(TGW390)"
140.0,TGW305,10.842519054378915,106.60492944353814,9144.0,"(TGW288),(TGW486)"
140.0,TGW350,1.3040439835554916,104.12740006889605,9144.0,"(TGW300),(TGW484)"
140.0,TGW351,18.04750517920346,102.56315694039526,9144.0,"(TGW300),(TGW486)"
140.0,TGW386,1.1634802011005045,104.02546484614282,9144.0,"(TGW386),(TGW288)"
140.0,TGW388,1.1528899592906832,104.00463195671229,9144.0,"(TGW386),(TGW388)"
140.0,TGW390,1.209596069228366,103.93500908337445,9144.0,"(TGW386),(TGW390)"
140.0,TGW397,14.46532756920715,120.90559001286732,9144.0,"(TGW386),(TGW484)"
140.0,TGW427,5.336791083500098,100.47141043926644,9144.0,"(TGW386),(TGW486)"
140.0,TGW431,1.4373762233516925,110.18672561308955,9144.0,"(TGW386),(TGW610)"
140.0,TGW453,2.602870519351005,101.83369570934947,9144.0,"(TGW388),(TGW288)"
140.0,TGW476,1.3514363641558036,103.9451594372637,9144.0,"(TGW388),(TGW386)"
140.0,TGW484,1.216462454960588,104.03323560916026,9144.0,"(TGW388),(TGW390)"
140.0,TGW486,1.1843366682127507,104.01799879942348,9144.0,"(TGW388),(TGW484)"
140.0,TGW487,4.301001152576795,100.9591191895083,9144.0,"(TGW388),(TGW486)"
140.0,TGW491,5.757260771916401,115.91755056637587,9144.0,"(TGW388),(TGW610)"
140.0,TGW610,1.18672517987689,104.07910780495128,9144.0,"(TGW390),(TGW288)"
140.0,TGW625,13.68282688797539,100.67081792652006,9144.0,"(TGW390),(TGW386)"
150.0,TGW285,-8.780951442742229,115.20514886052382,9144.0
150.0,TGW288,1.1421605121774876,103.9456528461789,9144.0
150.0,TGW300,1.2873878066410867,104.04380508647817,9144.0
150.0,TGW305,10.83113688431452,106.60848668172,9144.0
150.0,TGW350,1.3199627673873604,104.12834126946096,9144.0
150.0,TGW351,18.03842791079858,102.5543682908986,9144.0
150.0,TGW386,1.162665697812207,104.0428472617715,9144.0
150.0,TGW388,1.1426666594270818,104.022789143108,9144.0
150.0,TGW390,1.1944915510410747,103.92544447943663,9144.0
150.0,TGW397,14.4516109271061,120.89997055493575,9144.0
150.0,TGW427,5.318237769087362,100.47699076003278,9144.0
150.0,TGW431,1.4375882611644846,110.1666165754926,9144.0
150.0,TGW453,2.590472426864423,101.84677710177407,9144.0
150.0,TGW476,1.3397139814334111,103.95022263097708,9144.0
150.0,TGW484,1.2255088664498812,104.042349870969,9144.0
150.0,TGW486,1.1854749733668466,104.03334817000959,9144.0
150.0,TGW487,4.290834093050379,100.97427855481007,9144.0
150.0,TGW491,5.743802807691197,115.90200460617096,9144.0
150.0,TGW610,1.192050766355612,104.09794213525008,9144.0
150.0,TGW625,13.67256080124854,100.6787549627811,9144.0
150.0,TGW285,-8.780951442742229,115.20514886052382,9144.0,"(TGW288),(TGW388)"
150.0,TGW288,1.1421605121774876,103.9456528461789,9144.0,"(TGW288),(TGW390)"
150.0,TGW300,1.2873878066410867,104.04380508647817,9144.0,"(TGW288),(TGW486)"
150.0,TGW305,10.83113688431452,106.60848668172,9144.0,"(TGW300),(TGW484)"
150.0,TGW350,1.3199627673873604,104.12834126946096,9144.0,"(TGW386),(TGW388)"
150.0,TGW351,18.03842791079858,102.5543682908986,9144.0,"(TGW386),(TGW484)"
150.0,TGW386,1.162665697812207,104.0428472617715,9144.0,"(TGW386),(TGW486)"
150.0,TGW388,1.1426666594270818,104.022789143108,9144.0,"(TGW386),(TGW610)"
150.0,TGW390,1.1944915510410747,103.92544447943663,9144.0,"(TGW388),(TGW288)"
150.0,TGW397,14.4516109271061,120.89997055493575,9144.0,"(TGW388),(TGW386)"
150.0,TGW427,5.318237769087362,100.47699076003278,9144.0,"(TGW388),(TGW484)"
150.0,TGW431,1.4375882611644846,110.1666165754926,9144.0,"(TGW388),(TGW486)"
150.0,TGW453,2.590472426864423,101.84677710177407,9144.0,"(TGW388),(TGW610)"
150.0,TGW476,1.3397139814334111,103.95022263097708,9144.0,"(TGW390),(TGW288)"
150.0,TGW484,1.2255088664498812,104.042349870969,9144.0,"(TGW484),(TGW300)"
150.0,TGW486,1.1854749733668466,104.03334817000959,9144.0,"(TGW484),(TGW386)"
150.0,TGW487,4.290834093050379,100.97427855481007,9144.0,"(TGW484),(TGW388)"
150.0,TGW491,5.743802807691197,115.90200460617096,9144.0,"(TGW484),(TGW486)"
150.0,TGW610,1.192050766355612,104.09794213525008,9144.0,"(TGW484),(TGW610)"
150.0,TGW625,13.67256080124854,100.6787549627811,9144.0,"(TGW486),(TGW288)"
160.0,TGW285,-8.788462233781033,115.19099463821048,9144.0
160.0,TGW288,1.1253245384699002,103.95423355141087,9144.0
160.0,TGW300,1.2980612455404248,104.05602771150582,9144.0
160.0,TGW305,10.819745102488415,106.61201174740802,9144.0
160.0,TGW350,1.335595090082232,104.12519024605531,9144.0
160.0,TGW351,18.030853284165048,102.54412588590489,9144.0
160.0,TGW386,1.1659437075237817,104.05993711161153,9144.0
160.0,TGW388,1.1362020253308849,104.0425990138012,9144.0
160.0,TGW390,1.1776044844664983,103.91957678075853,9144.0
160.0,TGW397,14.439920497791512,120.89067170804294,9144.0
160.0,TGW427,5.298930172453025,100.4785186854362,9144.0
160.0,TGW431,1.437799954383108,110.14650753239806,9144.0
160.0,TGW453,2.578865270297383,101.86056640299564,9144.0
160.0,TGW476,1.330196657080121,103.95873707628182,9144.0
160.0,TGW484,1.2369640878033807,104.04815184667171,9144.0
160.0,TGW486,1.1906254776906515,104.04785200401332,9144.0
160.0,TGW487,4.284308588352362,100.99133523886942,9144.0
160.0,TGW491,5.729865763820513,115.88590911522846,9144.0
160.0,TGW610,1.2011874146580734,104.11525090927775,9144.0
160.0,TGW625,13.665244863547931,100.6896144461831,9144.0
160.0,TGW285,-8.788462233781033,115.19099463821048,9144.0,"(TGW288),(TGW388)"
160.0,TGW288,1.1253245384699002,103.95423355141087,9144.0,"(TGW288),(TGW390)"
160.0,TGW300,1.2980612455404248,104.05602771150582,9144.0,"(TGW300),(TGW484)"
160.0,TGW305,10.819745102488415,106.61201174740802,9144.0,"(TGW386),(TGW388)"
160.0,TGW350,1.335595090082232,104.12519024605531,9144.0,"(TGW386),(TGW484)"
160.0,TGW351,18.030853284165048,102.54412588590489,9144.0,"(TGW386),(TGW486)"
160.0,TGW386,1.1659437075237817,104.05993711161153,9144.0,"(TGW386),(TGW610)"
160.0,TGW388,1.1362020253308849,104.0425990138012,9144.0,"(TGW388),(TGW288)"
160.0,TGW390,1.1776044844664983,103.91957678075853,9144.0,"(TGW388),(TGW386)"
160.0,TGW397,14.439920497791512,120.89067170804294,9144.0,"(TGW388),(TGW486)"
160.0,TGW427,5.298930172453025,100.4785186854362,9144.0,"(TGW390),(TGW288)"
160.0,TGW431,1.437799954383108,110.14650753239806,9144.0,"(TGW484),(TGW300)"
160.0,TGW453,2.578865270297383,101.86056640299564,9144.0,"(TGW484),(TGW386)"
160.0,TGW476,1.330196657080121,103.95873707628182,9144.0,"(TGW484),(TGW486)"
160.0,TGW484,1.2369640878033807,104.04815184667171,9144.0,"(TGW484),(TGW610)"
160.0,TGW486,1.1906254776906515,104.04785200401332,9144.0,"(TGW486),(TGW386)"
160.0,TGW487,4.284308588352362,100.99133523886942,9144.0,"(TGW486),(TGW388)"
160.0,TGW491,5.729865763820513,115.88590911522846,9144.0,"(TGW486),(TGW484)"
160.0,TGW610,1.2011874146580734,104.11525090927775,9144.0,"(TGW486),(TGW610)"
160.0,TGW625,13.665244863547931,100.6896144461831,9144.0,"(TGW610),(TGW386)"
170.0,TGW285,-8.792139597078874,115.17536578791086,9144.0
170.0,TGW288,1.1094584239432923,103.96690494128097,9144.0
170.0,TGW300,1.3114856619926867,104.06550739920594,9144.0
170.0,TGW305,10.807853846655648,106.61140181511291,9144.0
170.0,TGW350,1.3499070074242354,104.11815536473968,9144.0
170.0,TGW351,18.026790549950547,102.53171452567967,9144.0
170.0,TGW386,1.1731319207498851,104.07578394852858,9144.0
170.0,TGW388,1.1337471253211227,104.06329223196595,9144.0
170.0,TGW390,1.1598246106007315,103.9177150964489,9144.0
170.0,TGW397,14.429242698788766,120.877608095199,9144.0
170.0,TGW427,5.279257453559756,100.4759622256347,9144.0
170.0,TGW431,1.4377390162912889,110.12639746728013,9144.0
170.0,TGW453,2.5660989364780633,101.87573223773883,9144.0
170.0,TGW476,1.3238631816954838,103.96982711291281,9144.0
170.0,TGW484,1.2513454865222882,104.05088553711265,9144.0
170.0,TGW486,1.1997649513480644,104.06142809998626,9144.0
170.0,TGW487,4.281755764008397,101.00942379863747,9144.0
170.0,TGW491,5.716064213845782,115.86969651556936,9144.0
170.0,TGW610,1.2137330810596008,104.13027248846333,9144.0
170.0,TGW625,13.66162317406553,100.70229191750155,9144.0
170.0,TGW285,-8.792139597078874,115.17536578791086,9144.0,"(TGW288),(TGW390)"
170.0,TGW288,1.1094584239432923,103.96690494128097,9144.0,"(TGW300),(TGW350)"
170.0,TGW300,1.3114856619926867,104.06550739920594,9144.0,"(TGW300),(TGW484)"
170.0,TGW305,10.807853846655648,106.61140181511291,9144.0,"(TGW350),(TGW300)"
170.0,TGW350,1.3499070074242354,104.11815536473968,9144.0,"(TGW386),(TGW388)"
170.0,TGW351,18.026790549950547,102.53171452567967,9144.0,"(TGW386),(TGW484)"
170.0,TGW386,1.1731319207498851,104.07578394852858,9144.0,"(TGW386),(TGW486)"
170.0,TGW388,1.1337471253211227,104.06329223196595,9144.0,"(TGW386),(TGW610)"
170.0,TGW390,1.1598246106007315,103.9177150964489,9144.0,"(TGW388),(TGW386)"
170.0,TGW397,14.429242698788766,120.877608095199,9144.0,"(TGW388),(TGW486)"
170.0,TGW427,5.279257453559756,100.4759622256347,9144.0,"(TGW390),(TGW288)"
170.0,TGW431,1.4377390162912889,110.12639746728013,9144.0,"(TGW484),(TGW300)"
170.0,TGW453,2.5660989364780633,101.87573223773883,9144.0,"(TGW484),(TGW386)"
170.0,TGW476,1.3238631816954838,103.96982711291281,9144.0,"(TGW484),(TGW486)"
170.0,TGW484,1.2513454865222882,104.05088553711265,9144.0,"(TGW484),(TGW610)"
170.0,TGW486,1.1997649513480644,104.06142809998626,9144.0,"(TGW486),(TGW386)"
170.0,TGW487,4.281755764008397,101.00942379863747,9144.0,"(TGW486),(TGW388)"
170.0,TGW491,5.716064213845782,115.86969651556936,9144.0,"(TGW486),(TGW484)"
170.0,TGW610,1.2137330810596008,104.13027248846333,9144.0,"(TGW486),(TGW610)"
170.0,TGW625,13.66162317406553,100.70229191750155,9144.0,"(TGW610),(TGW386)"
180.0,TGW285,-8.791738180507783,115.1593052178054,9144.0
180.0,TGW288,1.096465278563524,103.98250958334818,9144.0
180.0,TGW300,1.3272474489028359,104.07165171350334,9144.0
180.0,TGW305,10.796261602466723,106.60669073885552,9144.0
180.0,TGW350,1.3619519086989793,104.107701889075,9144.0
180.0,TGW351,18.02669362725876,102.51836254267401,9144.0
180.0,TGW386,1.1842683204358417,104.0904615569639,9144.0
180.0,TGW388,1.1354050790953785,104.08399815290684,9144.0
180.0,TGW390,1.142088710523655,103.91995746332404,9144.0
180.0,TGW397,14.41813538698159,120.86252151714086,9144.0
180.0,TGW427,5.259616767959654,100.47106483785353,9144.0
180.0,TGW431,1.4376739289825984,110.10502899051006,9144.0
180.0,TGW453,2.5524178153831696,101.89198260330244,9144.0
180.0,TGW476,1.3143766059739685,103.97837576814756,9144.0
180.0,TGW484,1.267750934981069,104.04986038525307,9144.0
180.0,TGW486,1.2119927634422853,104.07230436274011,9144.0
180.0,TGW487,4.283305158704292,101.02762645499939,9144.0
180.0,TGW491,5.7022193249069755,115.85343451612725,9144.0
180.0,TGW610,1.229135713398218,104.14234586134612,9144.0
180.0,TGW625,13.65466457083183,100.71339685412588,9144.0
180.0,TGW285,-8.791738180507783,115.1593052178054,9144.0,"(TGW288),(TGW390)"
180.0,TGW288,1.096465278563524,103.98250958334818,9144.0,"(TGW300),(TGW350)"
180.0,TGW300,1.3272474489028359,104.07165171350334,9144.0,"(TGW300),(TGW484)"
180.0,TGW305,10.796261602466723,106.60669073885552,9144.0,"(TGW350),(TGW300)"
180.0,TGW350,1.3619519086989793,104.107701889075,9144.0,"(TGW386),(TGW388)"
180.0,TGW351,18.02669362725876,102.51836254267401,9144.0,"(TGW386),(TGW484)"
180.0,TGW386,1.1842683204358417,104.0904615569639,9144.0,"(TGW386),(TGW486)"
180.0,TGW388,1.1354050790953785,104.08399815290684,9144.0,"(TGW386),(TGW610)"
180.0,TGW390,1.142088710523655,103.91995746332404,9144.0,"(TGW388),(TGW386)"
180.0,TGW397,14.41813538698159,120.86252151714086,9144.0,"(TGW388),(TGW486)"
180.0,TGW427,5.259616767959654,100.47106483785353,9144.0,"(TGW390),(TGW288)"
180.0,TGW431,1.4376739289825984,110.10502899051006,9144.0,"(TGW484),(TGW300)"
180.0,TGW453,2.5524178153831696,101.89198260330244,9144.0,"(TGW484),(TGW386)"
180.0,TGW476,1.3143766059739685,103.97837576814756,9144.0,"(TGW484),(TGW486)"
180.0,TGW484,1.267750934981069,104.04986038525307,9144.0,"(TGW486),(TGW386)"
180.0,TGW486,1.2119927634422853,104.07230436274011,9144.0,"(TGW486),(TGW388)"
180.0,TGW487,4.283305158704292,101.02762645499939,9144.0,"(TGW486),(TGW484)"
180.0,TGW491,5.7022193249069755,115.85343451612725,9144.0,"(TGW486),(TGW610)"
180.0,TGW610,1.229135713398218,104.14234586134612,9144.0,"(TGW610),(TGW386)"
180.0,TGW625,13.65466457083183,100.71339685412588,9144.0,"(TGW610),(TGW486)"
190.0,TGW285,-8.787284766412052,115.1438846507494,9144.0
190.0,TGW288,1.085707199421991,104.00182041537325,9144.0
190.0,TGW300,1.3452066817156685,104.07427536711148,9144.0
190.0,TGW305,10.786790199660933,106.59841504921926,9144.0
190.0,TGW350,1.3709331268821932,104.09452121263796,9144.0
190.0,TGW351,18.03064261731367,102.50567211479985,9144.0
190.0,TGW386,1.1989648875995842,104.10307815473035,9144.0
190.0,TGW388,1.1411199318641398,104.10417475525159,9144.0
190.0,TGW390,1.1253312484363256,103.92618568855141,9144.0
190.0,TGW397,14.403261850169013,120.84928572992544,9144.0
190.0,TGW427,5.239460633034286,100.46603925606964,9144.0
190.0,TGW431,1.4374198665331024,110.08366192827621,9144.0
190.0,TGW453,2.5384460503698003,101.90798309441637,9144.0
190.0,TGW476,1.3050497344374252,103.98678041047131,9144.0
190.0,TGW484,1.2852364135473724,104.04468100656429,9144.0
190.0,TGW486,1.2265406099949119,104.07979738902168,9144.0
190.0,TGW487,4.288878151067927,101.04501963559154,9144.0
190.0,TGW491,5.688373664996038,115.83717357153456,9144.0
190.0,TGW610,1.247736206187216,104.15173370592262,9144.0
190.0,TGW625,13.64453853446169,100.72187550145227,9144.0
190.0,TGW285,-8.787284766412052,115.1438846507494,9144.0,"(TGW288),(TGW390)"
190.0,TGW288,1.085707199421991,104.00182041537325,9144.0,"(TGW300),(TGW350)"
190.0,TGW300,1.3452066817156685,104.07427536711148,9144.0,"(TGW300),(TGW484)"
190.0,TGW305,10.786790199660933,106.59841504921926,9144.0,"(TGW350),(TGW300)"
190.0,TGW350,1.3709331268821932,104.09452121263796,9144.0,"(TGW386),(TGW388)"
190.0,TGW351,18.03064261731367,102.50567211479985,9144.0,"(TGW386),(TGW486)"
190.0,TGW386,1.1989648875995842,104.10307815473035,9144.0,"(TGW386),(TGW610)"
190.0,TGW388,1.1411199318641398,104.10417475525159,9144.0,"(TGW388),(TGW386)"
190.0,TGW390,1.1253312484363256,103.92618568855141,9144.0,"(TGW388),(TGW486)"
190.0,TGW397,14.403261850169013,120.84928572992544,9144.0,"(TGW390),(TGW288)"
190.0,TGW427,5.239460633034286,100.46603925606964,9144.0,"(TGW484),(TGW300)"
190.0,TGW431,1.4374198665331024,110.08366192827621,9144.0,"(TGW484),(TGW486)"
190.0,TGW453,2.5384460503698003,101.90798309441637,9144.0,"(TGW486),(TGW386)"
190.0,TGW476,1.3050497344374252,103.98678041047131,9144.0,"(TGW486),(TGW388)"
190.0,TGW484,1.2852364135473724,104.04468100656429,9144.0,"(TGW486),(TGW484)"
190.0,TGW486,1.2265406099949119,104.07979738902168,9144.0,"(TGW486),(TGW610)"
190.0,TGW487,4.288878151067927,101.04501963559154,9144.0,"(TGW610),(TGW386)"
190.0,TGW491,5.688373664996038,115.83717357153456,9144.0,"(TGW610),(TGW486)"
200.0,TGW285,-8.77907648470151,115.13013305184936,9144.0
200.0,TGW288,1.0757391902314437,104.02254111771988,9144.0
200.0,TGW300,1.3643941002768176,104.07295274560123,9144.0
200.0,TGW305,10.7751737132746,106.59102996918367,9144.0
200.0,TGW350,1.3762566313379143,104.07948512983664,9144.0
200.0,TGW351,18.038827124513727,102.49308971841215,9144.0
200.0,TGW386,1.214024965689677,104.1165990831752,9144.0
200.0,TGW388,1.1427391026078504,104.12488379897066,9144.0
200.0,TGW390,1.1104351368694363,103.93607158394738,9144.0
200.0,TGW397,14.38589217711104,120.83939486035862,9144.0
200.0,TGW427,5.218713844394896,100.46509385246905,9144.0
200.0,TGW431,1.4371440702829763,110.06049579077873,9144.0
200.0,TGW453,2.523575214603854,101.92558391796955,9144.0
200.0,TGW476,1.2935152269309145,103.99173617033357,9144.0
200.0,TGW484,1.3041518800779746,104.04333463010754,9144.0
200.0,TGW486,1.2424944134671787,104.08343633633189,9144.0
200.0,TGW487,4.298191949175722,101.06072081227015,9144.0
200.0,TGW491,5.674507843741204,115.82093037695385,9144.0
200.0,TGW610,1.268475882556013,104.15762165165984,9144.0
200.0,TGW625,13.632475191169624,100.72661191516855,9144.0
200.0,TGW285,-8.77907648470151,115.13013305184936,9144.0,"(TGW300),(TGW350)"
200.0,TGW288,1.0757391902314437,104.02254111771988,9144.0,"(TGW300),(TGW484)"
200.0,TGW300,1.3643941002768176,104.07295274560123,9144.0,"(TGW350),(TGW300)"
200.0,TGW305,10.7751737132746,106.59102996918367,9144.0,"(TGW386),(TGW388)"
200.0,TGW350,1.3762566313379143,104.07948512983664,9144.0,"(TGW386),(TGW486)"
200.0,TGW351,18.038827124513727,102.49308971841215,9144.0,"(TGW386),(TGW610)"
200.0,TGW386,1.214024965689677,104.1165990831752,9144.0,"(TGW388),(TGW386)"
200.0,TGW388,1.1427391026078504,104.12488379897066,9144.0,"(TGW476),(TGW484)"
200.0,TGW390,1.1104351368694363,103.93607158394738,9144.0,"(TGW484),(TGW300)"
200.0,TGW397,14.38589217711104,120.83939486035862,9144.0,"(TGW484),(TGW476)"
200.0,TGW427,5.218713844394896,100.46509385246905,9144.0,"(TGW484),(TGW486)"
200.0,TGW431,1.4371440702829763,110.06049579077873,9144.0,"(TGW486),(TGW386)"
200.0,TGW453,2.523575214603854,101.92558391796955,9144.0,"(TGW486),(TGW484)"
200.0,TGW476,1.2935152269309145,103.99173617033357,9144.0,"(TGW486),(TGW610)"
200.0,TGW484,1.3041518800779746,104.04333463010754,9144.0,"(TGW610),(TGW386)"
200.0,TGW486,1.2424944134671787,104.08343633633189,9144.0,"(TGW610),(TGW486)"
210.0,TGW285,-8.767660988469293,115.11896792397259,9144.0
210.0,TGW288,1.0652983149495243,104.04424421170452,9144.0
210.0,TGW300,1.3828639607063486,104.06758745081764,9144.0
210.0,TGW305,10.76203143351132,106.58267575643207,9144.0
210.0,TGW350,1.3779693847269276,104.06244299973484,9144.0
210.0,TGW351,18.04389371321522,102.47773002285663,9144.0
210.0,TGW386,1.2292334448622564,104.130253471206,9144.0
210.0,TGW388,1.1435419795617323,104.14564054779758,9144.0
210.0,TGW390,1.098185218031937,103.94909426211423,9144.0
210.0,TGW397,14.366922385944996,120.83340734737753,9144.0
210.0,TGW427,5.197182571691548,100.4682219083295,9144.0
210.0,TGW431,1.4366563028736534,110.03666800527253,9144.0
210.0,TGW453,2.5082311034524585,101.94374408634442,9144.0
210.0,TGW476,1.2830949759655483,103.9988664789753,9144.0
210.0,TGW484,1.3233704937935598,104.04156131974217,9144.0
210.0,TGW486,1.2588517565350423,104.08299251279344,9144.0
210.0,TGW487,4.311237532592188,101.07470866482684,9144.0
210.0,TGW491,5.659470310042251,115.80331629363808,9144.0
210.0,TGW610,1.289955457029519,104.15946954304177,9144.0
210.0,TGW625,13.619577165173643,100.72722287774435,9144.0
210.0,TGW285,-8.767660988469293,115.11896792397259,9144.0,"(TGW300),(TGW350)"
210.0,TGW288,1.0652983149495243,104.04424421170452,9144.0,"(TGW300),(TGW484)"
210.0,TGW300,1.3828639607063486,104.06758745081764,9144.0,"(TGW350),(TGW300)"
210.0,TGW305,10.76203143351132,106.58267575643207,9144.0,"(TGW350),(TGW484)"
210.0,TGW350,1.3779693847269276,104.06244299973484,9144.0,"(TGW386),(TGW388)"
210.0,TGW351,18.04389371321522,102.47773002285663,9144.0,"(TGW386),(TGW486)"
210.0,TGW386,1.2292334448622564,104.130253471206,9144.0,"(TGW386),(TGW610)"
210.0,TGW388,1.1435419795617323,104.14564054779758,9144.0,"(TGW388),(TGW386)"
210.0,TGW390,1.098185218031937,103.94909426211423,9144.0,"(TGW476),(TGW484)"
210.0,TGW397,14.366922385944996,120.83340734737753,9144.0,"(TGW484),(TGW300)"
210.0,TGW427,5.197182571691548,100.4682219083295,9144.0,"(TGW484),(TGW350)"
210.0,TGW431,1.4366563028736534,110.03666800527253,9144.0,"(TGW484),(TGW476)"
210.0,TGW453,2.5082311034524585,101.94374408634442,9144.0,"(TGW484),(TGW486)"
210.0,TGW476,1.2830949759655483,103.9988664789753,9144.0,"(TGW486),(TGW386)"
210.0,TGW484,1.3233704937935598,104.04156131974217,9144.0,"(TGW486),(TGW484)"
210.0,TGW486,1.2588517565350423,104.08299251279344,9144.0,"(TGW486),(TGW610)"
210.0,TGW487,4.311237532592188,101.07470866482684,9144.0,"(TGW610),(TGW386)"
210.0,TGW491,5.659470310042251,115.80331629363808,9144.0,"(TGW610),(TGW486)"
220.0,TGW285,-8.753799914808484,115.11113406896617,9144.0
220.0,TGW288,1.0513214661085641,104.06385672149426,9144.0
220.0,TGW300,1.4006939742551874,104.058153896229,9144.0
220.0,TGW305,10.74673755509693,106.57783540382098,9144.0
220.0,TGW350,1.383877279062607,104.04446198588194,9144.0
220.0,TGW351,18.04487238562697,102.46172609368244,9144.0
220.0,TGW386,1.2444418452033963,104.14390802533232,9144.0
220.0,TGW388,1.1402465228674497,104.1661496229513,9144.0
220.0,TGW390,1.089226912261659,103.96456758233987,9144.0
220.0,TGW397,14.347999860069265,120.82985512675,9144.0
220.0,TGW427,5.176519871676425,100.47505809215511,9144.0
220.0,TGW431,1.4361512130550975,110.0120132926911,9144.0
220.0,TGW453,2.49288655527111,101.96190367235288,9144.0
220.0,TGW476,1.2754421222301315,104.0090004275626,9144.0
220.0,TGW484,1.3419846601207537,104.03574320404007,9144.0
220.0,TGW486,1.2745848664736446,104.07849375495152,9144.0
220.0,TGW487,4.327479520336573,101.08612954634614,9144.0
220.0,TGW491,5.644031070998859,115.78525108727852,9144.0
220.0,TGW610,1.3113956870878725,104.15721027321857,9144.0
220.0,TGW625,13.607066960745986,100.72365014934057,9144.0
220.0,TGW285,-8.753799914808484,115.11113406896617,9144.0,"(TGW300),(TGW350)"
220.0,TGW288,1.0513214661085641,104.06385672149426,9144.0,"(TGW300),(TGW484)"
220.0,TGW300,1.4006939742551874,104.058153896229,9144.0,"(TGW350),(TGW300)"
220.0,TGW305,10.74673755509693,106.57783540382098,9144.0,"(TGW350),(TGW484)"
220.0,TGW350,1.383877279062607,104.04446198588194,9144.0,"(TGW386),(TGW486)"
220.0,TGW351,18.04487238562697,102.46172609368244,9144.0,"(TGW386),(TGW610)"
220.0,TGW386,1.2444418452033963,104.14390802533232,9144.0,"(TGW476),(TGW484)"
220.0,TGW388,1.1402465228674497,104.1661496229513,9144.0,"(TGW484),(TGW300)"
220.0,TGW390,1.089226912261659,103.96456758233987,9144.0,"(TGW484),(TGW350)"
220.0,TGW397,14.347999860069265,120.82985512675,9144.0,"(TGW484),(TGW476)"
220.0,TGW427,5.176519871676425,100.47505809215511,9144.0,"(TGW484),(TGW486)"
220.0,TGW431,1.4361512130550975,110.0120132926911,9144.0,"(TGW486),(TGW386)"
220.0,TGW453,2.49288655527111,101.96190367235288,9144.0,"(TGW486),(TGW484)"
220.0,TGW476,1.2754421222301315,104.0090004275626,9144.0,"(TGW486),(TGW610)"
220.0,TGW484,1.3419846601207537,104.03574320404007,9144.0,"(TGW610),(TGW386)"
220.0,TGW486,1.2745848664736446,104.07849375495152,9144.0,"(TGW610),(TGW486)"
230.0,TGW285,-8.738418068706558,115.1071539064765,9144.0
230.0,TGW288,1.0352783272979367,104.0793221531735,9144.0
230.0,TGW300,1.416902292527053,104.04495448848502,9144.0
230.0,TGW305,10.729533604693138,106.57312806622488,9144.0
230.0,TGW350,1.3941010761302306,104.02643423491158,9144.0
230.0,TGW351,18.041761210401575,102.44602673899271,9144.0
230.0,TGW386,1.2566147533572267,104.1603276574415,9144.0
230.0,TGW388,1.1410388656344088,104.18697298268609,9144.0
230.0,TGW390,1.0836158310227302,103.98240164550512,9144.0
230.0,TGW397,14.328286054853434,120.82615501579568,9144.0
230.0,TGW427,5.157293056368255,100.48527933959,9144.0
230.0,TGW431,1.4357152617608866,109.9873572645506,9144.0
230.0,TGW453,2.4767791087414888,101.97938860727815,9144.0
230.0,TGW476,1.2711439008114427,104.0214058464042,9144.0
230.0,TGW484,1.3592301311406179,104.0260740324154,9144.0
230.0,TGW486,1.2887051926849444,104.07022268809017,9144.0
230.0,TGW487,4.341196771861953,101.10077716751363,9144.0
230.0,TGW491,5.628578869550358,115.7671975559847,9144.0
230.0,TGW610,1.3320187575598417,104.1509257367756,9144.0
230.0,TGW625,13.59647722676388,100.71631047572558,9144.0
230.0,TGW285,-8.738418068706558,115.1071539064765,9144.0,"(TGW300),(TGW350)"
230.0,TGW288,1.0352783272979367,104.0793221531735,9144.0,"(TGW300),(TGW484)"
230.0,TGW300,1.416902292527053,104.04495448848502,9144.0,"(TGW350),(TGW300)"
230.0,TGW305,10.729533604693138,106.57312806622488,9144.0,"(TGW350),(TGW484)"
230.0,TGW350,1.3941010761302306,104.02643423491158,9144.0,"(TGW386),(TGW486)"
230.0,TGW351,18.041761210401575,102.44602673899271,9144.0,"(TGW386),(TGW610)"
230.0,TGW386,1.2566147533572267,104.1603276574415,9144.0,"(TGW476),(TGW484)"
230.0,TGW388,1.1410388656344088,104.18697298268609,9144.0,"(TGW476),(TGW486)"
230.0,TGW390,1.0836158310227302,103.98240164550512,9144.0,"(TGW484),(TGW300)"
230.0,TGW397,14.328286054853434,120.82615501579568,9144.0,"(TGW484),(TGW350)"
230.0,TGW427,5.157293056368255,100.48527933959,9144.0,"(TGW484),(TGW476)"
230.0,TGW431,1.4357152617608866,109.9873572645506,9144.0,"(TGW484),(TGW486)"
230.0,TGW453,2.4767791087414888,101.97938860727815,9144.0,"(TGW486),(TGW386)"
230.0,TGW476,1.2711439008114427,104.0214058464042,9144.0,"(TGW486),(TGW476)"
230.0,TGW484,1.3592301311406179,104.0260740324154,9144.0,"(TGW486),(TGW484)"
230.0,TGW486,1.2887051926849444,104.07022268809017,9144.0,"(TGW610),(TGW386)"
240.0,TGW285,-8.722541720446735,115.10729266181518,9144.0
240.0,TGW288,1.0166730907663981,104.09157703050953,9144.0
240.0,TGW300,1.4347342382096937,104.03404927468237,9144.0
240.0,TGW305,10.71248207313792,106.56743613785447,9144.0
240.0,TGW350,1.4078687282701992,104.01044200505532,9144.0
240.0,TGW351,18.034800391299655,102.43184197157873,9144.0
240.0,TGW386,1.26634854314732,104.18032401655071,9144.0
240.0,TGW388,1.1459123485811136,104.2075727418222,9144.0
240.0,TGW390,1.0820313011498175,104.0010305829386,9144.0
240.0,TGW397,14.308572190093134,120.82245556770374,9144.0
240.0,TGW427,5.1364764682390796,100.49634491728814,9144.0
240.0,TGW431,1.4352699685547206,109.96219630039525,9144.0
240.0,TGW453,2.4573340018502727,101.99445231053532,9144.0
240.0,TGW476,1.2702778640426922,104.03630906183396,9144.0
240.0,TGW484,1.377250394241018,104.01794046743528,9144.0
240.0,TGW486,1.3003255198011487,104.05869897599213,9144.0
240.0,TGW487,4.351556327697284,101.11782136310602,9144.0
240.0,TGW491,5.611952516353575,115.74777544823803,9144.0
240.0,TGW610,1.3510764984376042,104.14084386626243,9144.0
240.0,TGW625,13.584173827526225,100.71279714732438,9144.0
240.0,TGW285,-8.722541720446735,115.10729266181518,9144.0,"(TGW300),(TGW350)"
240.0,TGW288,1.0166730907663981,104.09157703050953,9144.0,"(TGW300),(TGW484)"
240.0,TGW300,1.4347342382096937,104.03404927468237,9144.0,"(TGW350),(TGW300)"
240.0,TGW305,10.71248207313792,106.56743613785447,9144.0,"(TGW350),(TGW484)"
240.0,TGW350,1.4078687282701992,104.01044200505532,9144.0,"(TGW386),(TGW610)"
240.0,TGW351,18.034800391299655,102.43184197157873,9144.0,"(TGW476),(TGW486)"
240.0,TGW386,1.26634854314732,104.18032401655071,9144.0,"(TGW484),(TGW300)"
240.0,TGW388,1.1459123485811136,104.2075727418222,9144.0,"(TGW484),(TGW350)"
240.0,TGW390,1.0820313011498175,104.0010305829386,9144.0,"(TGW484),(TGW486)"
240.0,TGW397,14.308572190093134,120.82245556770374,9144.0,"(TGW486),(TGW476)"
240.0,TGW427,5.1364764682390796,100.49634491728814,9144.0,"(TGW486),(TGW484)"
240.0,TGW431,1.4352699685547206,109.96219630039525,9144.0,"(TGW610),(TGW386)"
250.0,TGW285,-8.707230133287608,115.11154073390084,9144.0
250.0,TGW288,0.9961348592912785,104.10020797055174,9144.0
250.0,TGW300,1.4534072461871241,104.02262947511765,9144.0
250.0,TGW305,10.693887712327527,106.5612299853592,9144.0
250.0,TGW350,1.4244722390907396,103.99741996620716,9144.0
250.0,TGW351,18.02448353280249,102.42013470607489,9144.0
250.0,TGW386,1.2724025237386247,104.20210581661885,9144.0
250.0,TGW388,1.1548109133677331,104.22742912219532,9144.0
250.0,TGW390,1.0845497082274078,104.01955637237553,9144.0
250.0,TGW397,14.28991116440143,120.8149251348301,9144.0
250.0,TGW427,5.115419996861671,100.50753711321903,9144.0
250.0,TGW431,1.4349233350103558,109.9370337864991,9144.0
250.0,TGW453,2.4357496141953474,102.00713929906527,9144.0
250.0,TGW476,1.2734960473549055,104.05093017899293,9144.0
250.0,TGW484,1.3968415182314222,104.00909772706603,9144.0
250.0,TGW486,1.309168489098523,104.0441933003618,9144.0
250.0,TGW487,4.358208905776541,101.13663464656472,9144.0
250.0,TGW491,5.595028073277172,115.72789948552511,9144.0
250.0,TGW610,1.3678775272152925,104.1273303697508,9144.0
250.0,TGW625,13.570987414116303,100.71335175617736,9144.0
250.0,TGW285,-8.707230133287608,115.11154073390084,9144.0,"(TGW300),(TGW350)"
250.0,TGW288,0.9961348592912785,104.10020797055174,9144.0,"(TGW300),(TGW484)"
250.0,TGW300,1.4534072461871241,104.02262947511765,9144.0,"(TGW350),(TGW300)"
250.0,TGW305,10.693887712327527,106.5612299853592,9144.0,"(TGW350),(TGW484)"
250.0,TGW350,1.4244722390907396,103.99741996620716,9144.0,"(TGW476),(TGW486)"
250.0,TGW351,18.02448353280249,102.42013470607489,9144.0,"(TGW484),(TGW300)"
250.0,TGW386,1.2724025237386247,104.20210581661885,9144.0,"(TGW484),(TGW350)"
250.0,TGW388,1.1548109133677331,104.22742912219532,9144.0,"(TGW486),(TGW476)"
260.0,TGW285,-8.693504889865372,115.11961440286998,9144.0
260.0,TGW288,0.97822874391849,104.11124302911102,9144.0
260.0,TGW300,1.4738841061226169,104.01489986416107,9144.0
260.0,TGW305,10.675293169837088,106.55502477660335,9144.0
260.0,TGW350,1.443282770009114,103.98786134889986,9144.0
260.0,TGW351,18.011563417948203,102.4117589614098,9144.0
260.0,TGW386,1.2770701535241633,104.22422639153018,9144.0
260.0,TGW388,1.1672814194522434,104.24525939318698,9144.0
260.0,TGW390,1.0910496471624915,104.03708596157387,9144.0
260.0,TGW397,14.270077371825527,120.80692299821186,9144.0
260.0,TGW427,5.0949046494259775,100.51969982518766,9144.0
260.0,TGW431,1.4345702157388827,109.91143188023571,9144.0
260.0,TGW453,2.4141650902729594,102.01982585294212,9144.0
260.0,TGW476,1.2805595086723731,104.06412952384281,9144.0
260.0,TGW484,1.4164326047365579,104.00025482935273,9144.0
260.0,TGW486,1.3148225802206666,104.02708566134179,9144.0
260.0,TGW487,4.360871498296588,101.15641660001728,9144.0
260.0,TGW491,5.577819541041792,115.70769340043621,9144.0
260.0,TGW610,1.381812331073314,104.11087546807916,9144.0
260.0,TGW625,13.558100934161189,100.71628134028349,9144.0
260.0,TGW285,-8.693504889865372,115.11961440286998,9144.0,"(TGW300),(TGW350)"
260.0,TGW288,0.97822874391849,104.11124302911102,9144.0,"(TGW300),(TGW484)"
260.0,TGW300,1.4738841061226169,104.01489986416107,9144.0,"(TGW350),(TGW300)"
260.0,TGW305,10.675293169837088,106.55502477660335,9144.0,"(TGW350),(TGW484)"
260.0,TGW350,1.443282770009114,103.98786134889986,9144.0,"(TGW476),(TGW486)"
260.0,TGW351,18.011563417948203,102.4117589614098,9144.0,"(TGW484),(TGW300)"
260.0,TGW386,1.2770701535241633,104.22422639153018,9144.0,"(TGW484),(TGW350)"
260.0,TGW388,1.1672814194522434,104.24525939318698,9144.0,"(TGW486),(TGW476)"
270.0,TGW285,-8.682281732631282,115.13097481261676,9144.0
270.0,TGW288,0.9597070867035653,104.1226572708293,9144.0
270.0,TGW300,1.4945411923325056,104.0074704886154,9144.0
270.0,TGW305,10.656870598915555,106.54830977454971,9144.0
270.0,TGW350,1.4635878941337384,103.98212823006389,9144.0
270.0,TGW351,17.99698277977086,102.40732539275386,9144.0
270.0,TGW386,1.2821089076491634,104.2481073893134,9144.0
270.0,TGW388,1.1831088026543173,104.26075456354212,9144.0
270.0,TGW390,1.101217774771597,104.05277431329992,9144.0
270.0,TGW397,14.249754927044572,120.80035530305844,9144.0
270.0,TGW427,5.073677054488405,100.53228377787988,9144.0
270.0,TGW431,1.4342821612976822,109.88582916195624,9144.0
270.0,TGW453,2.3922965532744027,102.03201522189092,9144.0
270.0,TGW476,1.2918244765071187,104.0765506691365,9144.0
270.0,TGW484,1.4359927850930334,103.99134365970288,9144.0
270.0,TGW486,1.3246840198677299,104.0102564466778,9144.0
270.0,TGW487,4.359430835717291,101.17632557313794,9144.0
270.0,TGW491,5.560574129321129,115.68751967438759,9144.0
270.0,TGW610,1.3923753789693518,104.09207611211983,9144.0
270.0,TGW625,13.543458148709338,100.71960979468892,9144.0
270.0,TGW285,-8.682281732631282,115.13097481261676,9144.0,"(TGW300),(TGW350)"
270.0,TGW288,0.9597070867035653,104.1226572708293,9144.0,"(TGW300),(TGW484)"
270.0,TGW300,1.4945411923325056,104.0074704886154,9144.0,"(TGW350),(TGW300)"
270.0,TGW305,10.656870598915555,106.54830977454971,9144.0,"(TGW350),(TGW484)"
270.0,TGW350,1.4635878941337384,103.98212823006389,9144.0,"(TGW476),(TGW486)"
270.0,TGW351,17.99698277977086,102.40732539275386,9144.0,"(TGW484),(TGW300)"
270.0,TGW386,1.2821089076491634,104.2481073893134,9144.0,"(TGW484),(TGW350)"
270.0,TGW388,1.1831088026543173,104.26075456354212,9144.0,"(TGW486),(TGW476)"
280.0,TGW285,-8.670056334563911,115.14369061735243,9144.0
280.0,TGW288,0.9418691016906641,104.13511312740363,9144.0
280.0,TGW300,1.515198252155878,104.00004096928464,9144.0
280.0,TGW305,10.638006990416631,106.5414350886755,9144.0
280.0,TGW350,1.4853910230971124,103.98022162030232,9144.0
280.0,TGW351,17.981805513554868,102.40715682302688,9144.0
280.0,TGW386,1.2894722962466714,104.27197099748145,9144.0
280.0,TGW388,1.2020439042899407,104.2735674073066,9144.0
280.0,TGW390,1.1145639151458726,104.06586513711467,9144.0
280.0,TGW397,14.227715864877021,120.79323428145119,9144.0
280.0,TGW427,5.052448727168844,100.54486607227962,9144.0
280.0,TGW431,1.4339908563486967,109.8599763781765,9144.0
280.0,TGW453,2.369824772684964,102.04454033790968,9144.0
280.0,TGW476,1.3070142382645613,104.08722701528183,9144.0
280.0,TGW484,1.4565622212591949,103.98197250263242,9144.0
280.0,TGW486,1.338676385555575,103.99446103122193,9144.0
280.0,TGW487,4.353948205369179,101.19551451490119,9144.0
280.0,TGW491,5.542965303757571,115.66692413445034,9144.0
280.0,TGW610,1.3991508579097092,104.07167266101163,9144.0
280.0,TGW625,13.528595314077277,100.72470862596782,9144.0
280.0,TGW285,-8.670056334563911,115.14369061735243,9144.0,"(TGW300),(TGW350)"
280.0,TGW288,0.9418691016906641,104.13511312740363,9144.0,"(TGW300),(TGW484)"
280.0,TGW300,1.515198252155878,104.00004096928464,9144.0,"(TGW350),(TGW300)"
280.0,TGW305,10.638006990416631,106.5414350886755,9144.0,"(TGW350),(TGW484)"
280.0,TGW350,1.4853910230971124,103.98022162030232,9144.0,"(TGW476),(TGW486)"
280.0,TGW351,17.981805513554868,102.40715682302688,9144.0,"(TGW484),(TGW300)"
280.0,TGW386,1.2894722962466714,104.27197099748145,9144.0,"(TGW484),(TGW350)"
280.0,TGW388,1.2020439042899407,104.2735674073066,9144.0,"(TGW486),(TGW476)"
290.0,TGW285,-8.6550967827936,115.15333634063029,9144.0
290.0,TGW288,0.923870234565383,104.14768114760803,9144.0
290.0,TGW300,1.535792297684392,103.99243833210562,9144.0
290.0,TGW305,10.619223360792875,106.53433774263503,9144.0
290.0,TGW350,1.5072988198106725,103.98241150107421,9144.0
290.0,TGW351,17.96713904832774,102.41126482963388,9144.0
290.0,TGW386,1.2972228608423304,104.29709070291607,9144.0
290.0,TGW388,1.2205790088026833,104.28695269736147,9144.0
290.0,TGW390,1.1304446896084261,104.07572734530078,9144.0
290.0,TGW397,14.205512803273434,120.78568951880766,9144.0
290.0,TGW427,5.03121291987716,100.55743522845205,9144.0
290.0,TGW431,1.4336455336748548,109.83412426381825,9144.0
290.0,TGW453,2.3470189171428193,102.05644503672427,9144.0
290.0,TGW476,1.3246256964487497,104.09461668910136,9144.0
290.0,TGW484,1.4770885339785333,103.97250711490884,9144.0
290.0,TGW486,1.3563920231005357,103.98063068281363,9144.0
290.0,TGW487,4.34465684422471,101.21316703457313,9144.0
290.0,TGW491,5.52535498520442,115.64633049640095,9144.0
290.0,TGW610,1.4017977676502522,104.050734621194,9144.0
290.0,TGW625,13.512026118619131,100.73039201956611,9144.0
290.0,TGW285,-8.6550967827936,115.15333634063029,9144.0,"(TGW300),(TGW350)"
290.0,TGW288,0.923870234565383,104.14768114760803,9144.0,"(TGW300),(TGW484)"
290.0,TGW300,1.535792297684392,103.99243833210562,9144.0,"(TGW350),(TGW300)"
290.0,TGW305,10.619223360792875,106.53433774263503,9144.0,"(TGW350),(TGW484)"
290.0,TGW350,1.5072988198106725,103.98241150107421,9144.0,"(TGW484),(TGW300)"
290.0,TGW351,17.96713904832774,102.41126482963388,9144.0,"(TGW484),(TGW350)"
300.0,TGW285,-8.638524815838126,115.15913339663656,9144.0
300.0,TGW288,0.9058705323292436,104.16024790839721,9144.0
300.0,TGW300,1.5574818360179494,103.98443110249359,9144.0
300.0,TGW305,10.600064961398154,106.52710015800623,9144.0
300.0,TGW350,1.5289456177471275,103.98868688279835,9144.0
300.0,TGW351,17.9537040060735,102.41944935620313,9144.0
300.0,TGW386,1.3047341368810579,104.32228310726045,9144.0
300.0,TGW388,1.239323333558624,104.3004893307184,9144.0
300.0,TGW390,1.1480945321322855,104.08188547606649,9144.0
300.0,TGW397,14.181977946983526,120.77769395493826,9144.0
300.0,TGW427,5.009487539634079,100.57029260627007,9144.0
300.0,TGW431,1.433290626472791,109.80758827005462,9144.0
300.0,TGW453,2.323660808766531,102.06863753025632,9144.0
300.0,TGW476,1.3434089818012322,104.0980715854569,9144.0
300.0,TGW484,1.4992482425199427,103.96228829019168,9144.0
300.0,TGW486,1.376328015345217,103.97025602712637,9144.0
300.0,TGW487,4.3319520167474215,101.22853215323761,9144.0
300.0,TGW491,5.507503260951104,115.6254578171998,9144.0
300.0,TGW610,1.4044501530543743,104.02959801520333,9144.0
300.0,TGW625,13.4946484952723,100.73470717184257,9144.0
300.0,TGW285,-8.638524815838126,115.15913339663656,9144.0,"(TGW300),(TGW350)"
300.0,TGW288,0.9058705323292436,104.16024790839721,9144.0,"(TGW300),(TGW484)"
300.0,TGW300,1.5574818360179494,103.98443110249359,9144.0,"(TGW350),(TGW300)"
300.0,TGW305,10.600064961398154,106.52710015800623,9144.0,"(TGW350),(TGW484)"
300.0,TGW350,1.5289456177471275,103.98868688279835,9144.0,"(TGW386),(TGW388)"
300.0,TGW351,17.9537040060735,102.41944935620313,9144.0,"(TGW388),(TGW386)"
300.0,TGW386,1.3047341368810579,104.32228310726045,9144.0,"(TGW484),(TGW300)"
300.0,TGW388,1.239323333558624,104.3004893307184,9144.0,"(TGW484),(TGW350)"
310.0,TGW285,-8.621074654441845,115.16087636100775,9144.0
310.0,TGW288,0.8878988433742876,104.17285464645815,9144.0
310.0,TGW300,1.5791713356015227,103.97642368484831,9144.0
310.0,TGW305,10.580976473598342,106.51967430374047,9144.0
310.0,TGW350,1.5513713774173323,103.99092858464984,9144.0
310.0,TGW351,17.942775447144097,102.43104454653127,9144.0
310.0,TGW386,1.312191733115027,104.34729695989583,9144.0
310.0,TGW388,1.2553771968159138,104.31712996843174,9144.0
310.0,TGW390,1.1666625950557368,104.08404261751453,9144.0
310.0,TGW397,14.158416393724416,120.76978330253213,9144.0
310.0,TGW427,4.987742588476288,100.58311617659196,9144.0
310.0,TGW431,1.433008484934316,109.78105140558641,9144.0
310.0,TGW453,2.3003024116413346,102.0808292690106,9144.0
310.0,TGW476,1.3624964854225678,104.09743205959317,9144.0
310.0,TGW484,1.5217509110732048,103.95191105845,9144.0
310.0,TGW486,1.397818571843335,103.96368359544138,9144.0
310.0,TGW487,4.316374199917926,101.24095626379885,9144.0
310.0,TGW491,5.489697462075421,115.60454620841749,9144.0
310.0,TGW610,1.4112600908189918,104.0081756370594,9144.0
310.0,TGW625,13.476346203795114,100.73925122114095,9144.0
310.0,TGW285,-8.621074654441845,115.16087636100775,9144.0,"(TGW300),(TGW350)"
310.0,TGW288,0.8878988433742876,104.17285464645815,9144.0,"(TGW300),(TGW484)"
310.0,TGW300,1.5791713356015227,103.97642368484831,9144.0,"(TGW350),(TGW300)"
310.0,TGW305,10.580976473598342,106.51967430374047,9144.0,"(TGW350),(TGW484)"
310.0,TGW350,1.5513713774173323,103.99092858464984,9144.0,"(TGW386),(TGW388)"
310.0,TGW351,17.942775447144097,102.43104454653127,9144.0,"(TGW388),(TGW386)"
310.0,TGW386,1.312191733115027,104.34729695989583,9144.0,"(TGW484),(TGW300)"
310.0,TGW388,1.2553771968159138,104.31712996843174,9144.0,"(TGW484),(TGW350)"
310.0,TGW390,1.1666625950557368,104.08404261751453,9144.0,"(TGW486),(TGW610)"
310.0,TGW397,14.158416393724416,120.76978330253213,9144.0,"(TGW610),(TGW486)"
320.0,TGW285,-8.602865514087144,115.15855038123591,9144.0
320.0,TGW288,0.8687077597540057,104.18631652409641,9144.0
320.0,TGW300,1.6008634843159275,103.96842336787888,9144.0
320.0,TGW305,10.561454433564611,106.51208126202283,9144.0
320.0,TGW350,1.5756488879893897,103.98924050198505,9144.0
320.0,TGW351,17.93511545509187,102.44524172188477,9144.0
320.0,TGW386,1.3191303468436477,104.3724598620932,9144.0
320.0,TGW388,1.2706823178196969,104.33480419433748,9144.0
320.0,TGW390,1.1852537659776565,104.08209472682617,9144.0
320.0,TGW397,14.13455463023246,120.76177367193431,9144.0
320.0,TGW427,4.965564801278082,100.59619357199023,9144.0
320.0,TGW431,1.4327199801330361,109.75395908257865,9144.0
320.0,TGW453,2.276572251970433,102.09227916618629,9144.0
320.0,TGW476,1.3821692960393352,104.09268516315265,9144.0
320.0,TGW484,1.543807878517797,103.94061664115222,9144.0
320.0,TGW486,1.4201459852931324,103.9611329531176,9144.0
320.0,TGW487,4.298586090763761,101.24991093775107,9144.0
320.0,TGW491,5.471453624355762,115.58312414349822,9144.0
320.0,TGW610,1.4224101737096406,103.98661055708872,9144.0
320.0,TGW625,13.45803996446918,100.74377807690963,9144.0
320.0,TGW285,-8.602865514087144,115.15855038123591,9144.0,"(TGW300),(TGW350)"
320.0,TGW288,0.8687077597540057,104.18631652409641,9144.0,"(TGW300),(TGW484)"
320.0,TGW300,1.6008634843159275,103.96842336787888,9144.0,"(TGW350),(TGW300)"
320.0,TGW305,10.561454433564611,106.51208126202283,9144.0,"(TGW350),(TGW484)"
320.0,TGW350,1.5756488879893897,103.98924050198505,9144.0,"(TGW386),(TGW388)"
320.0,TGW351,17.93511545509187,102.44524172188477,9144.0,"(TGW388),(TGW386)"
320.0,TGW386,1.3191303468436477,104.3724598620932,9144.0,"(TGW484),(TGW300)"
320.0,TGW388,1.2706823178196969,104.33480419433748,9144.0,"(TGW484),(TGW350)"
320.0,TGW390,1.1852537659776565,104.08209472682617,9144.0,"(TGW486),(TGW610)"
320.0,TGW397,14.13455463023246,120.76177367193431,9144.0,"(TGW610),(TGW486)"
330.0,TGW285,-8.58562259333894,115.15219074393306,9144.0
330.0,TGW288,0.8494642380513434,104.19970325051162,9144.0
330.0,TGW300,1.624262186731697,103.95985212333986,9144.0
330.0,TGW305,10.541927442459304,106.50450188653839,9144.0
330.0,TGW350,1.5996164471193624,103.9834690022103,9144.0
330.0,TGW351,17.931258185791513,102.46105102497883,9144.0
330.0,TGW386,1.3261841055507337,104.39804187545057,9144.0
330.0,TGW388,1.2859872359491917,104.3524787013614,9144.0
330.0,TGW390,1.2029718185274096,104.07613565337681,9144.0
330.0,TGW397,14.110685993516068,120.7537866861171,9144.0
330.0,TGW427,4.943407140519753,100.60930485699365,9144.0
330.0,TGW431,1.4324288218876953,109.72686679141799,9144.0
330.0,TGW453,2.2532682803058277,102.10430559297303,9144.0
330.0,TGW476,1.4010057421503457,104.08393589514374,9144.0
330.0,TGW484,1.565582948416628,103.9294662788768,9144.0
330.0,TGW486,1.4425646003802084,103.96268936064888,9144.0
330.0,TGW487,4.279344414517414,101.25501539562892,9144.0
330.0,TGW491,5.453192977715344,115.56171718898608,9144.0
330.0,TGW610,1.43724355250065,103.96683510071323,9144.0
330.0,TGW625,13.438558216244914,100.74859482245961,9144.0
330.0,TGW285,-8.58562259333894,115.15219074393306,9144.0,"(TGW300),(TGW350)"
330.0,TGW288,0.8494642380513434,104.19970325051162,9144.0,"(TGW300),(TGW484)"
330.0,TGW300,1.624262186731697,103.95985212333986,9144.0,"(TGW350),(TGW300)"
330.0,TGW305,10.541927442459304,106.50450188653839,9144.0,"(TGW350),(TGW484)"
330.0,TGW350,1.5996164471193624,103.9834690022103,9144.0,"(TGW386),(TGW388)"
330.0,TGW351,17.931258185791513,102.46105102497883,9144.0,"(TGW388),(TGW386)"
330.0,TGW386,1.3261841055507337,104.39804187545057,9144.0,"(TGW484),(TGW300)"
330.0,TGW388,1.2859872359491917,104.3524787013614,9144.0,"(TGW484),(TGW350)"
330.0,TGW390,1.2029718185274096,104.07613565337681,9144.0,"(TGW486),(TGW610)"
330.0,TGW397,14.110685993516068,120.7537866861171,9144.0,"(TGW610),(TGW486)"
340.0,TGW285,-8.570207992112277,115.14211571703383,9144.0
340.0,TGW288,0.8287602365557942,104.21410573433808,9144.0
340.0,TGW300,1.6488834337460572,103.9508328103181,9144.0
340.0,TGW305,10.521601348419404,106.4966136076515,9144.0
340.0,TGW350,1.6222932943872643,103.97379616747722,9144.0
340.0,TGW351,17.931472619033475,102.47737035135918,9144.0
340.0,TGW386,1.3333502811151619,104.42359268328879,9144.0
340.0,TGW388,1.300891030619684,104.37049301622852,9144.0
340.0,TGW390,1.2219566008159122,104.07405681634587,9144.0
340.0,TGW397,14.086518165397068,120.74570143034258,9144.0
340.0,TGW427,4.920766109177161,100.62270080916062,9144.0
340.0,TGW431,1.4320829195134392,109.69977514839614,9144.0
340.0,TGW453,2.2294139770483192,102.1166155524841,9144.0
340.0,TGW476,1.4176922123523552,104.07167932565514,9144.0
340.0,TGW484,1.5873232731125984,103.91824815569001,9144.0
340.0,TGW486,1.4643257159834595,103.96830091863497,9144.0
340.0,TGW487,4.259467732713717,101.25605268698907,9144.0
340.0,TGW491,5.434773050230738,115.54012679043677,9144.0
340.0,TGW610,1.4551464002348675,103.94979024302465,9144.0
340.0,TGW625,13.419126637087981,100.75362082031644,9144.0
340.0,TGW285,-8.570207992112277,115.14211571703383,9144.0,"(TGW300),(TGW350)"
340.0,TGW288,0.8287602365557942,104.21410573433808,9144.0,"(TGW300),(TGW484)"
340.0,TGW300,1.6488834337460572,103.9508328103181,9144.0,"(TGW350),(TGW300)"
340.0,TGW305,10.521601348419404,106.4966136076515,9144.0,"(TGW350),(TGW484)"
340.0,TGW350,1.6222932943872643,103.97379616747722,9144.0,"(TGW386),(TGW388)"
340.0,TGW351,17.931472619033475,102.47737035135918,9144.0,"(TGW388),(TGW386)"
340.0,TGW386,1.3333502811151619,104.42359268328879,9144.0,"(TGW484),(TGW300)"
340.0,TGW388,1.300891030619684,104.37049301622852,9144.0,"(TGW484),(TGW350)"
340.0,TGW390,1.2219566008159122,104.07405681634587,9144.0,"(TGW486),(TGW610)"
340.0,TGW397,14.086518165397068,120.74570143034258,9144.0,"(TGW610),(TGW486)"
350.0,TGW285,-8.557392399236617,115.12882921439109,9144.0
350.0,TGW288,0.8083924245545282,104.22897987614587,9144.0
350.0,TGW300,1.6735019786760001,103.94180600587586,9144.0
350.0,TGW305,10.501197714858494,106.4889357142032,9144.0
350.0,TGW350,1.6450930523808867,103.96175042620007,9144.0
350.0,TGW351,17.935743801698333,102.49306206135472,9144.0
350.0,TGW386,1.3405327878500868,104.44920327356384,9144.0
350.0,TGW388,1.3169413546639817,104.38989366531362,9144.0
350.0,TGW390,1.2427096414622527,104.07589558301943,9144.0
350.0,TGW397,14.06236056253031,120.7375846153676,9144.0
350.0,TGW427,4.898061399107646,100.6359872892691,9144.0
350.0,TGW431,1.4317289618804616,109.6721317080574,9144.0
350.0,TGW453,2.2055594170824238,102.1289248153329,9144.0
350.0,TGW476,1.4313601968328733,104.0565706810871,9144.0
350.0,TGW484,1.609063523846233,103.9070297702927,9144.0
350.0,TGW486,1.4864702702548847,103.97823951243004,9144.0
350.0,TGW487,4.239801620704644,101.25297889493756,9144.0
350.0,TGW491,5.416330282503148,115.51855673512277,9144.0
350.0,TGW610,1.4760412423970175,103.93555092857406,9144.0
350.0,TGW625,13.399307557815135,100.75874616335464,9144.0
350.0,TGW285,-8.557392399236617,115.12882921439109,9144.0,"(TGW300),(TGW350)"
350.0,TGW288,0.8083924245545282,104.22897987614587,9144.0,"(TGW300),(TGW484)"
350.0,TGW300,1.6735019786760001,103.94180600587586,9144.0,"(TGW350),(TGW300)"
350.0,TGW305,10.501197714858494,106.4889357142032,9144.0,"(TGW350),(TGW484)"
350.0,TGW350,1.6450930523808867,103.96175042620007,9144.0,"(TGW386),(TGW388)"
350.0,TGW351,17.935743801698333,102.49306206135472,9144.0,"(TGW388),(TGW386)"
350.0,TGW386,1.3405327878500868,104.44920327356384,9144.0,"(TGW484),(TGW300)"
350.0,TGW388,1.3169413546639817,104.38989366531362,9144.0,"(TGW484),(TGW350)"
350.0,TGW390,1.2427096414622527,104.07589558301943,9144.0,"(TGW486),(TGW610)"
350.0,TGW397,14.06236056253031,120.7375846153676,9144.0,"(TGW610),(TGW486)"
360.0,TGW285,-8.547238293445416,115.1123919964753,9144.0
360.0,TGW288,0.7897907827541845,104.24763621043274,9144.0
360.0,TGW300,1.6983534904842332,103.93269351306004,9144.0
360.0,TGW305,10.478131031338767,106.48469287708036,9144.0
360.0,TGW350,1.6681683627987496,103.9495587710928,9144.0
360.0,TGW351,17.943773890485893,102.50703216172923,9144.0
360.0,TGW386,1.3441819612359034,104.47555089776158,9144.0
360.0,TGW388,1.3296524425077534,104.4116819118935,9144.0
360.0,TGW390,1.2626991667020926,104.08176957694134,9144.0
360.0,TGW397,14.037904991230091,120.72936956795684,9144.0
360.0,TGW427,4.87503516901683,100.64946052664837,9144.0
360.0,TGW431,1.4314781843403421,109.64448714146319,9144.0
360.0,TGW453,2.1819076081371875,102.14161966100346,9144.0
360.0,TGW476,1.4419483090145013,104.03877567530162,9144.0
360.0,TGW484,1.6308110428760267,103.89582537228786,9144.0
360.0,TGW486,1.5081928874874988,103.99247904148356,9144.0
360.0,TGW487,4.221182695977372,101.24592497790002,9144.0
360.0,TGW491,5.397689106613534,115.49675793509451,9144.0
360.0,TGW610,1.4989654863085065,103.92488439838269,9144.0
360.0,TGW625,13.379444394020792,100.7636874651044,9144.0
360.0,TGW285,-8.547238293445416,115.1123919964753,9144.0,"(TGW300),(TGW350)"
360.0,TGW288,0.7897907827541845,104.24763621043274,9144.0,"(TGW300),(TGW484)"
360.0,TGW300,1.6983534904842332,103.93269351306004,9144.0,"(TGW350),(TGW300)"
360.0,TGW305,10.478131031338767,106.48469287708036,9144.0,"(TGW350),(TGW484)"
360.0,TGW350,1.6681683627987496,103.9495587710928,9144.0,"(TGW386),(TGW388)"
360.0,TGW351,17.943773890485893,102.50703216172923,9144.0,"(TGW388),(TGW386)"
360.0,TGW386,1.3441819612359034,104.47555089776158,9144.0,"(TGW484),(TGW300)"
360.0,TGW388,1.3296524425077534,104.4116819118935,9144.0,"(TGW484),(TGW350)"
360.0,TGW390,1.2626991667020926,104.08176957694134,9144.0,"(TGW486),(TGW610)"
360.0,TGW397,14.037904991230091,120.72936956795684,9144.0,"(TGW610),(TGW486)"
370.0,TGW285,-8.540524803221931,115.09373250206124,9144.0
370.0,TGW288,0.7734756382991106,104.2685584521144,9144.0
370.0,TGW300,1.7232171339761897,103.92361408557586,9144.0
370.0,TGW305,10.455011692237765,106.48466810117702,9144.0
370.0,TGW350,1.6912435803396055,103.93736679605934,9144.0
370.0,TGW351,17.955002921486148,102.51830647619283,9144.0
370.0,TGW386,1.3478391993326495,104.5019598901597,9144.0
370.0,TGW388,1.3395457226972403,104.43677040794223,9144.0
370.0,TGW390,1.2815999317036066,104.09158447139814,9144.0
370.0,TGW397,14.01344849415504,120.7211583249697,9144.0
370.0,TGW427,4.85206721507743,100.66303312480416,9144.0
370.0,TGW431,1.4312220997326368,109.61635508001582,9144.0
370.0,TGW453,2.159061113091494,102.15640612616434,9144.0
370.0,TGW476,1.4488174526137565,104.01924035695527,9144.0
370.0,TGW484,1.6530083337054102,103.88438893874438,9144.0
370.0,TGW486,1.5323620297997969,104.00342356448297,9144.0
370.0,TGW487,4.2038946893117615,101.23499699024003,9144.0
370.0,TGW491,5.379090541397844,115.47492311280993,9144.0
370.0,TGW610,1.5233139238231403,103.91807232419605,9144.0
370.0,TGW625,13.357932474219755,100.76946909849646,9144.0
370.0,TGW285,-8.540524803221931,115.09373250206124,9144.0,"(TGW300),(TGW350)"
370.0,TGW288,0.7734756382991106,104.2685584521144,9144.0,"(TGW300),(TGW484)"
370.0,TGW300,1.7232171339761897,103.92361408557586,9144.0,"(TGW350),(TGW300)"
370.0,TGW305,10.455011692237765,106.48466810117702,9144.0,"(TGW350),(TGW484)"
370.0,TGW350,1.6912435803396055,103.93736679605934,9144.0,"(TGW386),(TGW388)"
370.0,TGW351,17.955002921486148,102.51830647619283,9144.0,"(TGW388),(TGW386)"
370.0,TGW386,1.3478391993326495,104.5019598901597,9144.0,"(TGW476),(TGW486)"
370.0,TGW388,1.3395457226972403,104.43677040794223,9144.0,"(TGW484),(TGW300)"
370.0,TGW390,1.2815999317036066,104.09158447139814,9144.0,"(TGW484),(TGW350)"
370.0,TGW397,14.01344849415504,120.7211583249697,9144.0,"(TGW486),(TGW476)"
370.0,TGW427,4.85206721507743,100.66303312480416,9144.0,"(TGW486),(TGW610)"
370.0,TGW431,1.4312220997326368,109.61635508001582,9144.0,"(TGW610),(TGW486)"
380.0,TGW285,-8.537794514489432,115.07406943997339,9144.0
380.0,TGW288,0.7580739137907786,104.29016199220204,9144.0
380.0,TGW300,1.7480807299578611,103.91453440847641,9144.0
380.0,TGW305,10.431018995199018,106.48880414724863,9144.0
380.0,TGW350,1.7157328761353703,103.92834860659477,9144.0
380.0,TGW351,17.969326834506088,102.52677289137998,9144.0
380.0,TGW386,1.3482014246848986,104.52861859616966,9144.0
380.0,TGW388,1.3456043241820237,104.46330289984203,9144.0
380.0,TGW390,1.298503435869661,104.10496911322541,9144.0
380.0,TGW397,13.988986795887898,120.71296442885294,9144.0
380.0,TGW427,4.828779942895108,100.6767929937749,9144.0
380.0,TGW431,1.4309784479338945,109.58822291106061,9144.0
380.0,TGW453,2.1381291712375585,102.17483662459995,9144.0
380.0,TGW476,1.4594055647953845,104.00144521386237,9144.0
380.0,TGW484,1.6753052712390049,103.87314805471503,9144.0
380.0,TGW486,1.557816234117194,104.01045245823,9144.0
380.0,TGW487,4.188962462587032,101.22071596803173,9144.0
380.0,TGW491,5.360294621421912,115.45286008599851,9144.0
380.0,TGW610,1.54844374757995,103.91529463409591,9144.0
380.0,TGW625,13.334882082203768,100.77566301922357,9144.0
380.0,TGW285,-8.537794514489432,115.07406943997339,9144.0,"(TGW300),(TGW350)"
380.0,TGW288,0.7580739137907786,104.29016199220204,9144.0,"(TGW300),(TGW484)"
380.0,TGW300,1.7480807299578611,103.91453440847641,9144.0,"(TGW350),(TGW300)"
380.0,TGW305,10.431018995199018,106.48880414724863,9144.0,"(TGW350),(TGW484)"
380.0,TGW350,1.7157328761353703,103.92834860659477,9144.0,"(TGW386),(TGW388)"
380.0,TGW351,17.969326834506088,102.52677289137998,9144.0,"(TGW388),(TGW386)"
380.0,TGW386,1.3482014246848986,104.52861859616966,9144.0,"(TGW484),(TGW300)"
380.0,TGW388,1.3456043241820237,104.46330289984203,9144.0,"(TGW484),(TGW350)"
390.0,TGW285,-8.531081024265948,115.05541040716288,9144.0
390.0,TGW288,0.7423853635757854,104.31216744843132,9144.0
390.0,TGW300,1.7740492467140785,103.90941352028528,9144.0
390.0,TGW305,10.407648281712092,106.49570033439028,9144.0
390.0,TGW350,1.7403388315692176,103.91928719679608,9144.0
390.0,TGW351,17.982817525309287,102.53966574095503,9144.0
390.0,TGW386,1.3485623866004715,104.55521546207802,9144.0
390.0,TGW388,1.347599829811282,104.49044543100702,9144.0
390.0,TGW390,1.31256320907227,104.12131683773904,9144.0
390.0,TGW397,13.964050448885569,120.70461426124514,9144.0
390.0,TGW427,4.805443749073444,100.69046866489953,9144.0
390.0,TGW431,1.4307318040327783,109.55984805178592,9144.0
390.0,TGW453,2.119762936165673,102.19647023858177,9144.0
390.0,TGW476,1.4734000950530168,103.98591653159781,9144.0
390.0,TGW484,1.6979953149705447,103.86170866325607,9144.0
390.0,TGW486,1.584052226781983,104.01344660095675,9144.0
390.0,TGW487,4.173893711967852,101.2044420705399,9144.0
390.0,TGW491,5.344802768393253,115.42834410806054,9144.0
390.0,TGW610,1.573691521344843,103.91662475616666,9144.0
390.0,TGW625,13.311831412992344,100.78185526032438,9144.0
390.0,TGW285,-8.531081024265948,115.05541040716288,9144.0,"(TGW300),(TGW350)"
390.0,TGW288,0.7423853635757854,104.31216744843132,9144.0,"(TGW350),(TGW300)"
390.0,TGW300,1.7740492467140785,103.90941352028528,9144.0,"(TGW350),(TGW484)"
390.0,TGW305,10.407648281712092,106.49570033439028,9144.0,"(TGW386),(TGW388)"
390.0,TGW350,1.7403388315692176,103.91928719679608,9144.0,"(TGW388),(TGW386)"
390.0,TGW351,17.982817525309287,102.53966574095503,9144.0,"(TGW484),(TGW350)"
400.0,TGW285,-8.520279703732998,115.03747415855119,9144.0
400.0,TGW288,0.7263871552131825,104.3339487017785,9144.0
400.0,TGW300,1.801475273866676,103.90818318673433,9144.0
400.0,TGW305,10.38346969985359,106.49850153203185,9144.0
400.0,TGW350,1.7653890944561452,103.91153943853804,9144.0
400.0,TGW351,17.994581018553585,102.55671120150065,9144.0
400.0,TGW386,1.3489216712589762,104.58181235463589,9144.0
400.0,TGW388,1.345450761767308,104.51708177674689,9144.0
400.0,TGW390,1.3232691865933177,104.14003458284029,9144.0
400.0,TGW397,13.939110814970995,120.69627542535763,9144.0
400.0,TGW427,4.7821071296068824,100.70414313745029,9144.0
400.0,TGW431,1.4304091748842827,109.5314739592173,9144.0
400.0,TGW453,2.1047125946828307,102.22053181902555,9144.0
400.0,TGW476,1.4904750414244003,103.97307572289593,9144.0
400.0,TGW484,1.7207869529769297,103.85047309762294,9144.0
400.0,TGW486,1.6104349321516385,104.0123334130601,9144.0
400.0,TGW487,4.1548417933390756,101.18989750972929,9144.0
400.0,TGW491,5.3326361784162195,115.40140775502942,9144.0
400.0,TGW610,1.5983906949618023,103.9220276725621,9144.0
400.0,TGW625,13.28884621816874,100.78829877548633,9144.0
400.0,TGW285,-8.520279703732998,115.03747415855119,9144.0,"(TGW300),(TGW350)"
400.0,TGW288,0.7263871552131825,104.3339487017785,9144.0,"(TGW350),(TGW300)"
400.0,TGW300,1.801475273866676,103.90818318673433,9144.0,"(TGW350),(TGW484)"
400.0,TGW305,10.38346969985359,106.49850153203185,9144.0,"(TGW386),(TGW388)"
400.0,TGW350,1.7653890944561452,103.91153943853804,9144.0,"(TGW388),(TGW386)"
400.0,TGW351,17.994581018553585,102.55671120150065,9144.0,"(TGW484),(TGW350)"
410.0,TGW285,-8.506199824694342,115.02203763802923,9144.0
410.0,TGW288,0.710170669820531,104.35602674868238,9144.0
410.0,TGW300,1.829882897197701,103.90711616277595,9144.0
410.0,TGW305,10.357524796532884,106.4973169758476,9144.0
410.0,TGW350,1.7912813837195471,103.90782007605972,9144.0
410.0,TGW351,18.002995324290985,102.57621727559422,9144.0
410.0,TGW386,1.349527400700886,104.60840478008633,9144.0
410.0,TGW388,1.3418113997584513,104.54330570413235,9144.0
410.0,TGW390,1.3302329737319973,104.1604432876667,9144.0
410.0,TGW397,13.913875869117614,120.68784000537062,9144.0
410.0,TGW427,4.758815650170964,100.71789442442245,9144.0
410.0,TGW431,1.4300849849082613,109.50303931588967,9144.0
410.0,TGW453,2.09329391807061,102.24651654959294,9144.0
410.0,TGW476,1.5094732328590805,103.96330517675709,9144.0
410.0,TGW484,1.7439154108191244,103.83907116361843,9144.0
410.0,TGW486,1.6368256323612662,104.00711803607747,9144.0
410.0,TGW487,4.1337920159881305,101.17898463047715,9144.0
410.0,TGW491,5.320708576310523,115.37384111295394,9144.0
410.0,TGW610,1.621889201512723,103.93136083609893,9144.0
410.0,TGW625,13.264125622379616,100.79522735156897,9144.0
410.0,TGW285,-8.506199824694342,115.02203763802923,9144.0,"(TGW300),(TGW350)"
410.0,TGW288,0.710170669820531,104.35602674868238,9144.0,"(TGW350),(TGW300)"
410.0,TGW300,1.829882897197701,103.90711616277595,9144.0,"(TGW350),(TGW484)"
410.0,TGW305,10.357524796532884,106.4973169758476,9144.0,"(TGW386),(TGW388)"
410.0,TGW350,1.7912813837195471,103.90782007605972,9144.0,"(TGW388),(TGW386)"
410.0,TGW351,18.002995324290985,102.57621727559422,9144.0,"(TGW484),(TGW350)"
420.0,TGW285,-8.489124459015846,115.00711982189013,9144.0
420.0,TGW288,0.6939079211128764,104.37807065820398,9144.0
420.0,TGW300,1.8582905199034732,103.90604910512089,9144.0
420.0,TGW305,10.331621576534692,106.49922379740731,9144.0
420.0,TGW350,1.8175585589434677,103.90731236044452,9144.0
420.0,TGW351,18.00751885132227,102.59710181043047,9144.0
420.0,TGW386,1.3501302251961838,104.63493536124598,9144.0
420.0,TGW388,1.3382143630431016,104.56922207816747,9144.0
420.0,TGW390,1.3332019361056113,104.18180253207295,9144.0
420.0,TGW397,13.88866144025673,120.67934064273472,9144.0
420.0,TGW427,4.735259029067594,100.73180085198696,9144.0
420.0,TGW431,1.429827298870228,109.47460399488251,9144.0
420.0,TGW453,2.0810228758851075,102.27210906257571,9144.0
420.0,TGW476,1.5262516955486372,103.95007884320336,9144.0
420.0,TGW484,1.767039857807094,103.8276609486549,9144.0
420.0,TGW486,1.662114645446556,103.99794287050275,9144.0
420.0,TGW487,4.111178961236474,101.1718800965231,9144.0
420.0,TGW491,5.307713487259246,115.34676615366067,9144.0
420.0,TGW610,1.64386172187272,103.94449559153627,9144.0
420.0,TGW625,13.239371088056359,100.80216387155261,9144.0
420.0,TGW285,-8.489124459015846,115.00711982189013,9144.0,"(TGW300),(TGW350)"
420.0,TGW288,0.6939079211128764,104.37807065820398,9144.0,"(TGW350),(TGW300)"
420.0,TGW300,1.8582905199034732,103.90604910512089,9144.0,"(TGW386),(TGW388)"
420.0,TGW305,10.331621576534692,106.49922379740731,9144.0,"(TGW388),(TGW386)"
420.0,TGW350,1.8175585589434677,103.90731236044452,9144.0,"(TGW486),(TGW610)"
420.0,TGW351,18.00751885132227,102.59710181043047,9144.0,"(TGW610),(TGW486)"
430.0,TGW285,-8.47177663010783,114.99196628441531,9144.0
430.0,TGW288,0.6774634615508744,104.40036049650216,9144.0
430.0,TGW300,1.8866244377414065,103.90374144086574,9144.0
430.0,TGW305,10.305284377797792,106.50116224165491,9144.0
430.0,TGW350,1.8438357340261846,103.90680463007126,9144.0
430.0,TGW351,18.007967848470486,102.61851600477745,9144.0
430.0,TGW386,1.3503653802315425,104.66147175405918,9144.0
430.0,TGW388,1.3346169254032667,104.59513835856184,9144.0
430.0,TGW390,1.3320683647963576,104.20333740441373,9144.0
430.0,TGW397,13.863211646893687,120.67076415041366,9144.0
430.0,TGW427,4.711646561622395,100.74561111781597,9144.0
430.0,TGW431,1.4295645145348999,109.44568571175469,9144.0
430.0,TGW453,2.0685421512245448,102.29813697706068,9144.0
430.0,TGW476,1.541283284914475,103.93302016073656,9144.0
430.0,TGW484,1.7909443922574275,103.81586546148553,9144.0
430.0,TGW486,1.6857120752190955,103.98502184871664,9144.0
430.0,TGW487,4.087681966095297,101.1687971210921,9144.0
430.0,TGW491,5.294613513482788,115.31947772607688,9144.0
430.0,TGW610,1.6678148600470644,103.95404198511241,9144.0
430.0,TGW625,13.21497438250591,100.81032862703107,9144.0
430.0,TGW285,-8.47177663010783,114.99196628441531,9144.0,"(TGW300),(TGW350)"
430.0,TGW288,0.6774634615508744,104.40036049650216,9144.0,"(TGW350),(TGW300)"
430.0,TGW300,1.8866244377414065,103.90374144086574,9144.0,"(TGW386),(TGW388)"
430.0,TGW305,10.305284377797792,106.50116224165491,9144.0,"(TGW388),(TGW386)"
430.0,TGW350,1.8438357340261846,103.90680463007126,9144.0,"(TGW486),(TGW610)"
430.0,TGW351,18.007967848470486,102.61851600477745,9144.0,"(TGW610),(TGW486)"
440.0,TGW285,-8.453650943367004,114.97777455381757,9144.0
440.0,TGW288,0.6611021974776594,104.42271140763064,9144.0
440.0,TGW300,1.914474334136964,103.90147312427561,9144.0
440.0,TGW305,10.278958555002916,106.5032540671109,9144.0
440.0,TGW350,1.870061476468248,103.90508386274844,9144.0
440.0,TGW351,18.004324076924664,102.6395894991641,9144.0
440.0,TGW386,1.3506003586490127,104.6881319123965,9144.0
440.0,TGW388,1.3351205408431983,104.62129841753827,9144.0
440.0,TGW390,1.3268733838481297,104.22426662184677,9144.0
440.0,TGW397,13.83773414193415,120.66227632453172,9144.0
440.0,TGW427,4.687716537764957,100.75960574937729,9144.0
440.0,TGW431,1.429266859018318,109.41676777049189,9144.0
440.0,TGW453,2.0544089517726367,102.3233045131557,9144.0
440.0,TGW476,1.555051745247742,103.91492575783134,9144.0
440.0,TGW484,1.8127530711853503,103.80053441103195,9144.0
440.0,TGW486,1.7070674836751474,103.96865629863808,9144.0
440.0,TGW487,4.064006922741773,101.16982808316382,9144.0
440.0,TGW491,5.281608592914354,115.29214405542739,9144.0
440.0,TGW610,1.6931556614510588,103.95973126158364,9144.0
440.0,TGW625,13.189690216643546,100.81878846669385,9144.0
440.0,TGW285,-8.453650943367004,114.97777455381757,9144.0,"(TGW300),(TGW350)"
440.0,TGW288,0.6611021974776594,104.42271140763064,9144.0,"(TGW350),(TGW300)"
440.0,TGW300,1.914474334136964,103.90147312427561,9144.0,"(TGW386),(TGW388)"
440.0,TGW305,10.278958555002916,106.5032540671109,9144.0,"(TGW388),(TGW386)"
440.0,TGW350,1.870061476468248,103.90508386274844,9144.0,"(TGW486),(TGW610)"
440.0,TGW351,18.004324076924664,102.6395894991641,9144.0,"(TGW610),(TGW486)"
450.0,TGW285,-8.432499540572998,114.96483162346628,9144.0
450.0,TGW288,0.6453942278966335,104.44416950331606,9144.0
450.0,TGW300,1.9423668755827808,103.89981012826635,9144.0
450.0,TGW305,10.252016891371335,106.50539446388304,9144.0
450.0,TGW350,1.896596427399211,103.90334275466358,9144.0
450.0,TGW351,17.996735551122537,102.65946584983166,9144.0
450.0,TGW386,1.3509584204225327,104.71479070490616,9144.0
450.0,TGW388,1.3356831935844615,104.6458874830986,9144.0
450.0,TGW390,1.3178054583559753,104.24383088171261,9144.0
450.0,TGW397,13.81184623830237,120.65365395532018,9144.0
450.0,TGW427,4.663863937700972,100.77373233810883,9144.0
450.0,TGW431,1.4289629422607237,109.38730977869822,9144.0
450.0,TGW453,2.040216215086379,102.34857650522747,9144.0
450.0,TGW476,1.569909392625877,103.89539933029491,9144.0
450.0,TGW484,1.8330631355796272,103.78124600091263,9144.0
450.0,TGW486,1.7256827306141536,103.9492279195937,9144.0
450.0,TGW487,4.040283137266266,101.1749680759593,9144.0
450.0,TGW491,5.268397964246384,115.2643831304523,9144.0
450.0,TGW610,1.7190761647084232,103.9613516623881,9144.0
450.0,TGW625,13.164718053535053,100.82817421277696,9144.0
450.0,TGW285,-8.432499540572998,114.96483162346628,9144.0,"(TGW300),(TGW350)"
450.0,TGW288,0.6453942278966335,104.44416950331606,9144.0,"(TGW350),(TGW300)"
450.0,TGW300,1.9423668755827808,103.89981012826635,9144.0,"(TGW386),(TGW388)"
450.0,TGW305,10.252016891371335,106.50539446388304,9144.0,"(TGW388),(TGW386)"
450.0,TGW350,1.896596427399211,103.90334275466358,9144.0,"(TGW486),(TGW610)"
450.0,TGW351,17.996735551122537,102.65946584983166,9144.0,"(TGW610),(TGW486)"
460.0,TGW285,-8.410387891674644,114.951303022208,9144.0
460.0,TGW288,0.6296547659730573,104.46560444167838,9144.0
460.0,TGW300,1.9704415274985945,103.89813621904878,9144.0
460.0,TGW305,10.225074935644862,106.50753087886174,9144.0
460.0,TGW350,1.9231363006704851,103.9016784217298,9144.0
460.0,TGW351,17.985510526223813,102.67733742502058,9144.0
460.0,TGW386,1.351314936992199,104.74144952204914,9144.0
460.0,TGW388,1.336245009563482,104.67047657342505,9144.0
460.0,TGW390,1.3050808471852482,104.2615621759891,9144.0
460.0,TGW397,13.786013304865216,120.64485946513163,9144.0
460.0,TGW427,4.63974854185918,100.78801319734686,9144.0
460.0,TGW431,1.428676202085432,109.3578516182728,9144.0
460.0,TGW453,2.026296480419845,102.37399985934692,9144.0
460.0,TGW476,1.5871274850782868,103.87766150542663,9144.0
460.0,TGW484,1.8509979599016424,103.75855911650059,9144.0
460.0,TGW486,1.7411235933490272,103.92718988113678,9144.0
460.0,TGW487,4.017763680548514,101.18404468779609,9144.0
460.0,TGW491,5.255132393132677,115.23664923210092,9144.0
460.0,TGW610,1.7449277757266919,103.95886253052828,9144.0
460.0,TGW625,13.140036492137016,100.8374485385286,9144.0
460.0,TGW285,-8.410387891674644,114.951303022208,9144.0,"(TGW300),(TGW350)"
460.0,TGW288,0.6296547659730573,104.46560444167838,9144.0,"(TGW350),(TGW300)"
460.0,TGW300,1.9704415274985945,103.89813621904878,9144.0,"(TGW386),(TGW388)"
460.0,TGW305,10.225074935644862,106.50753087886174,9144.0,"(TGW388),(TGW386)"
460.0,TGW350,1.9231363006704851,103.9016784217298,9144.0,"(TGW486),(TGW610)"
460.0,TGW351,17.985510526223813,102.67733742502058,9144.0,"(TGW610),(TGW486)"
470.0,TGW285,-8.388255503896442,114.93780988869797,9144.0
470.0,TGW288,0.613732440720708,104.48728808820184,9144.0
470.0,TGW300,1.9985063382615276,103.89630449392395,9144.0
470.0,TGW305,10.197765621470548,106.50969605256759,9144.0
470.0,TGW350,1.950352583286138,103.89997161684762,9144.0
470.0,TGW351,17.97110497641019,102.6924782887725,9144.0
470.0,TGW386,1.3515646826956043,104.76810955664791,9144.0
470.0,TGW388,1.3368995675326134,104.69506337506785,9144.0
470.0,TGW390,1.2891049454193302,104.27681042080083,9144.0
470.0,TGW397,13.75977289894471,120.63592853591655,9144.0
470.0,TGW427,4.61556459859451,100.80217641138223,9144.0
470.0,TGW431,1.4283864450871528,109.32815453929962,9144.0
470.0,TGW453,2.0124050564610507,102.3993698748139,9144.0
470.0,TGW476,1.6051332203243474,103.85911167524013,9144.0
470.0,TGW484,1.8675932236920514,103.7348734937266,9144.0
470.0,TGW486,1.7530298954647225,103.90305625210536,9144.0
470.0,TGW487,3.9970935254176716,101.19679777819657,9144.0
470.0,TGW491,5.2417121851326085,115.20859714418893,9144.0
470.0,TGW610,1.7701891176010693,103.95231379218453,9144.0
470.0,TGW625,13.116092767930564,100.84857605893376,9144.0
470.0,TGW285,-8.388255503896442,114.93780988869797,9144.0,"(TGW300),(TGW350)"
470.0,TGW288,0.613732440720708,104.48728808820184,9144.0,"(TGW350),(TGW300)"
470.0,TGW300,1.9985063382615276,103.89630449392395,9144.0,"(TGW386),(TGW388)"
470.0,TGW305,10.197765621470548,106.50969605256759,9144.0,"(TGW388),(TGW386)"
470.0,TGW350,1.950352583286138,103.89997161684762,9144.0,"(TGW486),(TGW610)"
470.0,TGW351,17.97110497641019,102.6924782887725,9144.0,"(TGW610),(TGW486)"
480.0,TGW285,-8.365802643980036,114.92412337120952,9144.0
480.0,TGW288,0.5978178753955992,104.50897736766761,9144.0
480.0,TGW300,2.0271751467835784,103.89443328248674,9144.0
480.0,TGW305,10.17045927587363,106.51189935082046,9144.0
480.0,TGW350,1.9775688499820712,103.89826453003222,9144.0
480.0,TGW351,17.954007976180183,102.70437417520075,9144.0
480.0,TGW386,1.3518125310554467,104.79470775340567,9144.0
480.0,TGW388,1.337550106853222,104.71952342893722,9144.0
480.0,TGW390,1.270486514910226,104.28892734466396,9144.0
480.0,TGW397,13.733467555138372,120.62720342456413,9144.0
480.0,TGW427,4.5911180842709385,100.81649208464464,9144.0
480.0,TGW431,1.4280867646473465,109.29845756274241,9144.0
480.0,TGW453,1.9984588272476738,102.42470955133236,9144.0
480.0,TGW476,1.6246670389810516,103.84217966126579,9144.0
480.0,TGW484,1.8844292896781676,103.71084305375071,9144.0
480.0,TGW486,1.761096366842116,103.877445998868,9144.0
480.0,TGW487,3.9788646794252944,101.21286196290893,9144.0
480.0,TGW491,5.228314521666469,115.18053479259588,9144.0
480.0,TGW610,1.7942319485990428,103.94184784183321,9144.0
480.0,TGW625,13.092101072836392,100.8571647947023,9144.0
480.0,TGW285,-8.365802643980036,114.92412337120952,9144.0,"(TGW300),(TGW350)"
480.0,TGW288,0.5978178753955992,104.50897736766761,9144.0,"(TGW350),(TGW300)"
480.0,TGW300,2.0271751467835784,103.89443328248674,9144.0,"(TGW386),(TGW388)"
480.0,TGW305,10.17045927587363,106.51189935082046,9144.0,"(TGW388),(TGW386)"
480.0,TGW350,1.9775688499820712,103.89826453003222,9144.0,"(TGW486),(TGW610)"
480.0,TGW351,17.954007976180183,102.70437417520075,9144.0,"(TGW610),(TGW486)"
490.0,TGW285,-8.343342331335268,114.91045013935091,9144.0
490.0,TGW288,0.5816123308372213,104.53106288909717,9144.0
490.0,TGW300,2.055847951651015,103.89262438641776,9144.0
490.0,TGW305,10.142726414259895,106.51413667626558,9144.0
490.0,TGW350,2.0052736535978255,103.8965267430745,9144.0
490.0,TGW351,17.93499904392412,102.71244993177527,9144.0
490.0,TGW386,1.3520938652469279,104.82130561995059,9144.0
490.0,TGW388,1.3382126650593371,104.74398316662742,9144.0
490.0,TGW390,1.2536995587746058,104.30473384859236,9144.0
490.0,TGW397,13.706871621786261,120.61838414378119,9144.0
490.0,TGW427,4.566666635684322,100.83079878510385,9144.0
490.0,TGW431,1.4277833808610638,109.26846287849688,9144.0
490.0,TGW453,1.9845701409036884,102.44994313061922,9144.0
490.0,TGW476,1.6445769211179158,103.82492116542656,9144.0
490.0,TGW484,1.9034194975652285,103.68847757610287,9144.0
490.0,TGW486,1.765291714189962,103.8504881698575,9144.0
490.0,TGW487,3.9635992293392524,101.2317770855642,9144.0
490.0,TGW491,5.214763032128715,115.15215549236416,9144.0
490.0,TGW610,1.8163456179460906,103.9277527477303,9144.0
490.0,TGW625,13.067577719454167,100.86594199874645,9144.0
490.0,TGW285,-8.343342331335268,114.91045013935091,9144.0,"(TGW300),(TGW350)"
490.0,TGW288,0.5816123308372213,104.53106288909717,9144.0,"(TGW350),(TGW300)"
490.0,TGW300,2.055847951651015,103.89262438641776,9144.0,"(TGW386),(TGW388)"
490.0,TGW305,10.142726414259895,106.51413667626558,9144.0,"(TGW388),(TGW386)"
490.0,TGW350,2.0052736535978255,103.8965267430745,9144.0,"(TGW486),(TGW610)"
490.0,TGW351,17.93499904392412,102.71244993177527,9144.0,"(TGW610),(TGW486)"
500.0,TGW285,-8.320869051161543,114.89679947455038,9144.0
500.0,TGW288,0.565408901605869,104.5531499001549,9144.0
500.0,TGW300,2.085000925051781,103.89078513096014,9144.0
500.0,TGW305,10.114993131736542,106.51636841780358,9144.0
500.0,TGW350,2.0329784554254497,103.89478889794954,9144.0
500.0,TGW351,17.914840403997673,102.71638256549654,9144.0
500.0,TGW386,1.3523683928244126,104.84790356066814,9144.0
500.0,TGW388,1.3388712626883916,104.76831596606843,9144.0
500.0,TGW390,1.2387579723834103,104.32442603005343,9144.0
500.0,TGW397,13.680314207106447,120.60944373841258,9144.0
500.0,TGW427,4.541953494374938,100.845257271791,9144.0
500.0,TGW431,1.4274975265326557,109.23846802569349,9144.0
500.0,TGW453,1.97074721787779,102.47521262764757,9144.0
500.0,TGW476,1.6644865507428916,103.80766220481551,9144.0
500.0,TGW484,1.9226800819789078,103.665792673218,9144.0
500.0,TGW486,1.7655045135130458,103.82247280787574,9144.0
500.0,TGW487,3.951492101253732,101.25330255774749,9144.0
500.0,TGW491,5.201160551401877,115.12380141433907,9144.0
500.0,TGW610,1.840388448944064,103.91728652986492,9144.0
500.0,TGW625,13.043054052516403,100.87471740845517,9144.0
500.0,TGW285,-8.320869051161543,114.89679947455038,9144.0,"(TGW300),(TGW350)"
500.0,TGW288,0.565408901605869,104.5531499001549,9144.0,"(TGW350),(TGW300)"
500.0,TGW300,2.085000925051781,103.89078513096014,9144.0,"(TGW386),(TGW388)"
500.0,TGW305,10.114993131736542,106.51636841780358,9144.0,"(TGW388),(TGW386)"
510.0,TGW285,-8.298288301455784,114.883086691681,9144.0
510.0,TGW288,0.54935055318146,104.57503884454354,9144.0
510.0,TGW300,2.114155766952781,103.88897574150059,9144.0
510.0,TGW305,10.087017084112047,106.51861930262145,9144.0
510.0,TGW350,2.060676616173595,103.8929480769752,9144.0
510.0,TGW351,17.89434038198811,102.71601534623966,9144.0
510.0,TGW386,1.3526442257637497,104.87450149089621,9144.0
510.0,TGW388,1.3393462177794437,104.79265304971443,9144.0
510.0,TGW390,1.2272835745084385,104.34632146110664,9144.0
510.0,TGW397,13.653352425364673,120.6003695001459,9144.0
510.0,TGW427,4.51726585581488,100.85975904014794,9144.0
510.0,TGW431,1.4272081632268578,109.20817650005951,9144.0
510.0,TGW453,1.9570977438683645,102.50016354708832,9144.0
510.0,TGW476,1.6849701293025399,103.79108890556935,9144.0
510.0,TGW484,1.9419398483173222,103.64310681771377,9144.0
510.0,TGW486,1.7698189770193726,103.79405532536674,9144.0
510.0,TGW487,3.9428994407777127,101.2769355685555,9144.0
510.0,TGW491,5.187429532470234,115.09518472496107,9144.0
510.0,TGW610,1.8658982832315407,103.90914134723948,9144.0
510.0,TGW625,13.018381204676707,100.88303972557051,9144.0
510.0,TGW285,-8.298288301455784,114.883086691681,9144.0,"(TGW300),(TGW350)"
510.0,TGW288,0.54935055318146,104.57503884454354,9144.0,"(TGW350),(TGW300)"
510.0,TGW300,2.114155766952781,103.88897574150059,9144.0,"(TGW386),(TGW388)"
510.0,TGW305,10.087017084112047,106.51861930262145,9144.0,"(TGW388),(TGW386)"
520.0,TGW285,-8.275421210674214,114.86986815646047,9144.0
520.0,TGW288,0.5332697256843112,104.59691122036354,9144.0
520.0,TGW300,2.143549688011438,103.88715144552992,9144.0
520.0,TGW305,10.059040944866226,106.52086881721333,9144.0
520.0,TGW350,2.0887392377746554,103.89108296852552,9144.0
520.0,TGW351,17.874320992296713,102.71136397787889,9144.0
520.0,TGW386,1.3529190496966623,104.90109943458758,9144.0
520.0,TGW388,1.3398244821268879,104.8171805472222,9144.0
520.0,TGW390,1.219593327951087,104.36981533128592,9144.0
520.0,TGW397,13.626382844190447,120.59132087376172,9144.0
520.0,TGW427,4.492473678641989,100.87432085846761,9144.0
520.0,TGW431,1.4269123521390572,109.1778850406397,9144.0
520.0,TGW453,1.9433326548676344,102.52505059215022,9144.0
520.0,TGW476,1.7050178468249182,103.77486758535154,9144.0
520.0,TGW484,1.9615008270340202,103.62068020382189,9144.0
520.0,TGW486,1.7781872740996587,103.76624343480813,9144.0
520.0,TGW487,3.9303350880216414,101.2995041149032,9144.0
520.0,TGW491,5.173785208096049,115.06652687612126,9144.0
520.0,TGW610,1.892353234460164,103.90499651938008,9144.0
520.0,TGW625,12.993708081925961,100.89136035639002,9144.0
520.0,TGW285,-8.275421210674214,114.86986815646047,9144.0,"(TGW300),(TGW350)"
520.0,TGW288,0.5332697256843112,104.59691122036354,9144.0,"(TGW350),(TGW300)"
520.0,TGW300,2.143549688011438,103.88715144552992,9144.0,"(TGW386),(TGW388)"
520.0,TGW305,10.059040944866226,106.52086881721333,9144.0,"(TGW388),(TGW386)"
530.0,TGW285,-8.252445441849005,114.85659003053067,9144.0
530.0,TGW288,0.5169346123442068,104.61912917778209,9144.0
530.0,TGW300,2.1729392031897836,103.88525736260894,9144.0
530.0,TGW305,10.030400816491818,106.52317131652758,9144.0
530.0,TGW350,2.1168091021207096,103.88933035734081,9144.0
530.0,TGW351,17.855584976824133,102.7026158526985,9144.0
530.0,TGW386,1.3531594985265238,104.92769771406755,9144.0
530.0,TGW388,1.3404736971798612,104.8417041196373,9144.0
530.0,TGW390,1.2158996640841226,104.3942586874015,9144.0
530.0,TGW397,13.599297807766854,120.58223581808087,9144.0
530.0,TGW427,4.467459270408847,100.88849463390063,9144.0
530.0,TGW431,1.4266135480208795,109.14735698618323,9144.0
530.0,TGW453,1.9295670299089505,102.5499371382666,9144.0
530.0,TGW476,1.7246571802492885,103.75815355278277,9144.0
530.0,TGW484,1.9813734467446225,103.59789410510085,9144.0
530.0,TGW486,1.7904316209875721,103.73977585332031,9144.0
530.0,TGW487,3.9149143512260918,101.32052783212356,9144.0
530.0,TGW491,5.15998853267966,115.03755431191419,9144.0
530.0,TGW610,1.9195480687965225,103.90226988288302,9144.0
530.0,TGW625,12.969034660855783,100.89967922957328,9144.0
530.0,TGW285,-8.252445441849005,114.85659003053067,9144.0,"(TGW300),(TGW350)"
530.0,TGW288,0.5169346123442068,104.61912917778209,9144.0,"(TGW350),(TGW300)"
530.0,TGW300,2.1729392031897836,103.88525736260894,9144.0,"(TGW476),(TGW486)"
530.0,TGW305,10.030400816491818,106.52317131652758,9144.0,"(TGW486),(TGW476)"
540.0,TGW285,-8.229643558008693,114.84301008726614,9144.0
540.0,TGW288,0.5006376052567508,104.64137504753153,9144.0
540.0,TGW300,2.202626576705748,103.88334400843875,9144.0
540.0,TGW305,10.00176067120763,106.52547339566895,9144.0
540.0,TGW350,2.145663464565318,103.88752869783308,9144.0
540.0,TGW351,17.838883616448697,102.69012243733317,9144.0
540.0,TGW386,1.3533982380924157,104.95423410800494,9144.0
540.0,TGW388,1.3411258671760786,104.86635438687429,9144.0
540.0,TGW390,1.2163046147578827,104.4189763547956,9144.0
540.0,TGW397,13.57350921568463,120.56978335886465,9144.0
540.0,TGW427,4.442392047719162,100.90269709975124,9144.0
540.0,TGW431,1.4262737171592645,109.1168293656364,9144.0
540.0,TGW453,1.915805795694265,102.57482591463518,9144.0
540.0,TGW476,1.7442962779723783,103.74143906952551,9144.0
540.0,TGW484,2.0009327159631463,103.57483787594825,9144.0
540.0,TGW486,1.8062741027402824,103.71529352642152,9144.0
540.0,TGW487,3.8994929785080483,101.34155069423217,9144.0
540.0,TGW491,5.146181174395818,115.00858750831281,9144.0
540.0,TGW610,1.9467428988023587,103.8995431594636,9144.0
540.0,TGW625,12.944342494253622,100.90793850665412,9144.0
540.0,TGW285,-8.229643558008693,114.84301008726614,9144.0,"(TGW300),(TGW350)"
540.0,TGW288,0.5006376052567508,104.64137504753153,9144.0,"(TGW350),(TGW300)"
540.0,TGW300,2.202626576705748,103.88334400843875,9144.0,"(TGW476),(TGW486)"
540.0,TGW305,10.00176067120763,106.52547339566895,9144.0,"(TGW486),(TGW476)"
550.0,TGW285,-8.20636206607559,114.82914729390279,9144.0
550.0,TGW288,0.4841601456466557,104.66386695919273,9144.0
550.0,TGW300,2.232313210963018,103.88141916285352,9144.0
550.0,TGW305,9.973117087461826,106.52773073415025,9144.0
550.0,TGW350,2.1745201957238973,103.88576540485008,9144.0
550.0,TGW351,17.82488660600016,102.67438511125566,9144.0
550.0,TGW386,1.3536595300892644,104.98077029220183,9144.0
550.0,TGW388,1.341687889943125,104.89100688107165,9144.0
550.0,TGW390,1.2208251838261248,104.44487261565916,9144.0
550.0,TGW397,13.54753730395524,120.5568620681067,9144.0
550.0,TGW427,4.416382098801244,100.91507679424689,9144.0
550.0,TGW431,1.425929284904953,109.08594807578571,9144.0
550.0,TGW453,1.9018686102327744,102.60003147241311,9144.0
550.0,TGW476,1.7642502965535176,103.72510201401748,9144.0
550.0,TGW484,2.020720894810005,103.55151009805587,9144.0
550.0,TGW486,1.8253999326860824,103.69328290947882,9144.0
550.0,TGW487,3.880964069015725,101.35987974233865,9144.0
550.0,TGW491,5.1323131643035,114.97965055826134,9144.0
550.0,TGW610,1.9740311777930541,103.8980141652322,9144.0
550.0,TGW625,12.919531630158826,100.91623566630238,9144.0
550.0,TGW285,-8.20636206607559,114.82914729390279,9144.0,"(TGW300),(TGW350)"
550.0,TGW288,0.4841601456466557,104.66386695919273,9144.0,"(TGW350),(TGW300)"
550.0,TGW300,2.232313210963018,103.88141916285352,9144.0,"(TGW476),(TGW486)"
550.0,TGW305,9.973117087461826,106.52773073415025,9144.0,"(TGW486),(TGW476)"
560.0,TGW285,-8.183087085292238,114.81527415578766,9144.0
560.0,TGW288,0.4676617084466166,104.6863434328763,9144.0
560.0,TGW300,2.2622373743945565,103.87947883731232,9144.0
560.0,TGW305,9.943874310985626,106.53003487718581,9144.0
560.0,TGW350,2.20367674804435,103.88398372270083,9144.0
560.0,TGW351,17.8141552006888,102.65603503629505,9144.0
560.0,TGW386,1.3539195995264168,105.00730649126187,9144.0
560.0,TGW388,1.3422509368809852,104.91572266440387,9144.0
560.0,TGW390,1.2294660098169765,104.47054863522109,9144.0
560.0,TGW397,13.521456291736653,120.54388987037814,9144.0
560.0,TGW427,4.390045921874124,100.9276107212765,9144.0
560.0,TGW431,1.4256348714166598,109.05506627219567,9144.0
560.0,TGW453,1.8880395632890998,102.62529638599378,9144.0
560.0,TGW476,1.784464572812013,103.70820012641623,9144.0
560.0,TGW484,2.0407223259445075,103.52836484596021,9144.0
560.0,TGW486,1.8474290847377552,103.67418137229042,9144.0
560.0,TGW487,3.8596096245874127,101.3752356388971,9144.0
560.0,TGW491,5.1182902497205855,114.95040171862969,9144.0
560.0,TGW610,2.001625023271033,103.89646799864774,9144.0
560.0,TGW625,12.894704540918026,100.924480761451,9144.0
560.0,TGW285,-8.183087085292238,114.81527415578766,9144.0,"(TGW300),(TGW350)"
560.0,TGW288,0.4676617084466166,104.6863434328763,9144.0,"(TGW350),(TGW300)"
560.0,TGW300,2.2622373743945565,103.87947883731232,9144.0,"(TGW476),(TGW486)"
560.0,TGW305,9.943874310985626,106.53003487718581,9144.0,"(TGW486),(TGW476)"
570.0,TGW285,-8.159493955100316,114.8012140688618,9144.0
570.0,TGW288,0.45087559943953415,104.70921154306625,9144.0
570.0,TGW300,2.2921636141703976,103.87757081465632,9144.0
570.0,TGW305,9.914639439437614,106.53243997830829,9144.0
570.0,TGW350,2.2328222278019214,103.88202897190591,9144.0
570.0,TGW351,17.807119710770273,102.635807868327,9144.0
570.0,TGW386,1.3541645813562027,105.03384283666138,9144.0
570.0,TGW388,1.3428658670771894,104.94043721684076,9144.0
570.0,TGW390,1.2419100022036809,104.49468104122504,9144.0
570.0,TGW397,13.495091465456337,120.53154083948762,9144.0
570.0,TGW427,4.363817978851238,100.94037044965913,9144.0
570.0,TGW431,1.4253369779269573,109.02389084929004,9144.0
570.0,TGW453,1.8742969440819794,102.65040198166132,9144.0
570.0,TGW476,1.8048213356203058,103.69117855279207,9144.0
570.0,TGW484,2.060954240735534,103.50495129452233,9144.0
570.0,TGW486,1.8719238444283934,103.65836851009203,9144.0
570.0,TGW487,3.836407398162336,101.38760857199698,9144.0
570.0,TGW491,5.1043369161104195,114.92111999231246,9144.0
570.0,TGW610,2.029199878957772,103.8946133640832,9144.0
570.0,TGW625,12.869995659826813,100.93268480209066,9144.0
570.0,TGW285,-8.159493955100316,114.8012140688618,9144.0,"(TGW300),(TGW350)"
570.0,TGW288,0.45087559943953415,104.70921154306625,9144.0,"(TGW350),(TGW300)"
570.0,TGW300,2.2921636141703976,103.87757081465632,9144.0,"(TGW476),(TGW486)"
570.0,TGW305,9.914639439437614,106.53243997830829,9144.0,"(TGW486),(TGW476)"
580.0,TGW285,-8.135874392661988,114.78720017331416,9144.0
580.0,TGW288,0.43410096385002167,104.7320880195722,9144.0
580.0,TGW300,2.322149134790225,103.87565893222722,9144.0
580.0,TGW305,9.885047170164523,106.53487404103083,9144.0
580.0,TGW350,2.262027519456408,103.88007013164179,9144.0
580.0,TGW351,17.804062246870142,102.61451432185054,9144.0
580.0,TGW386,1.3544042834462753,105.0599446301611,9144.0
580.0,TGW388,1.3434897854569932,104.96553042438194,9144.0
580.0,TGW390,1.2577667402600083,104.51649293545782,9144.0
580.0,TGW397,13.46861659014328,120.51914344925046,9144.0
580.0,TGW427,4.33737412065486,100.95323415318263,9144.0
580.0,TGW431,1.425004424570824,108.99271578156069,9144.0
580.0,TGW453,1.8604470106520645,102.67544827483108,9144.0
580.0,TGW476,1.8251778767690516,103.67415652217545,9144.0
580.0,TGW484,2.0806457637551703,103.48108058467875,9144.0
580.0,TGW486,1.8964592663145559,103.64153642705783,9144.0
580.0,TGW487,3.815305039871865,101.40330982893008,9144.0
580.0,TGW491,5.090230638580031,114.8915269780479,9144.0
580.0,TGW610,2.0571397033912526,103.89273411772423,9144.0
580.0,TGW625,12.845315474844536,100.94097841503067,9144.0
580.0,TGW285,-8.135874392661988,114.78720017331416,9144.0,"(TGW300),(TGW350)"
580.0,TGW288,0.43410096385002167,104.7320880195722,9144.0,"(TGW350),(TGW300)"
580.0,TGW300,2.322149134790225,103.87565893222722,9144.0,"(TGW476),(TGW486)"
580.0,TGW305,9.885047170164523,106.53487404103083,9144.0,"(TGW486),(TGW476)"
590.0,TGW285,-8.111832648048512,114.77293829968202,9144.0
590.0,TGW288,0.41732623289791076,104.7549643763824,9144.0
590.0,TGW300,2.3521376751184806,103.8737950543194,9144.0
590.0,TGW305,9.855444511907828,106.53717405419357,9144.0
590.0,TGW350,2.291236885307997,103.87817307157624,9144.0
590.0,TGW351,17.80510540784982,102.5930077577714,9144.0
590.0,TGW386,1.354821060981083,105.08604420002041,9144.0
590.0,TGW388,1.3440368535433167,104.99062543159364,9144.0
590.0,TGW390,1.27642033182199,104.53596592513512,9144.0
590.0,TGW397,13.4422013273279,120.50661370820077,9144.0
590.0,TGW427,4.310929953507004,100.96609676902432,9144.0
590.0,TGW431,1.4246700235004295,108.96142355418068,9144.0
590.0,TGW453,1.8466551198554504,102.7003882800875,9144.0
590.0,TGW476,1.8455460954371512,103.65714828682371,9144.0
590.0,TGW484,2.0990426525680794,103.45590521706013,9144.0
590.0,TGW486,1.920748332012473,103.62487271719633,9144.0
590.0,TGW487,3.794102660292143,101.41908430206695,9144.0
590.0,TGW491,5.076057004616625,114.86196707124546,9144.0
590.0,TGW610,2.0850869030902723,103.89096805898473,9144.0
590.0,TGW625,12.820575813173065,100.94929023414174,9144.0
590.0,TGW285,-8.111832648048512,114.77293829968202,9144.0,"(TGW300),(TGW350)"
590.0,TGW288,0.41732623289791076,104.7549643763824,9144.0,"(TGW350),(TGW300)"
590.0,TGW300,2.3521376751184806,103.8737950543194,9144.0,"(TGW476),(TGW486)"
590.0,TGW305,9.855444511907828,106.53717405419357,9144.0,"(TGW486),(TGW476)"
600.0,TGW285,-8.08775908150946,114.75873215047264,9144.0
600.0,TGW288,0.40086205111813805,104.77806520700717,9144.0
600.0,TGW300,2.3823038333717736,103.87192005591825,9144.0
600.0,TGW305,9.825901317451986,106.53946903218669,9144.0
600.0,TGW350,2.3205060291875745,103.87627205131884,9144.0
600.0,TGW351,17.810225416856262,102.5717957825587,9144.0
600.0,TGW386,1.3552387992045032,105.11226817064558,9144.0
600.0,TGW388,1.3445889484435094,105.01597196179944,9144.0
600.0,TGW390,1.2951163591875243,104.55548367569158,9144.0
600.0,TGW397,13.415513203728187,120.49395779961606,9144.0
600.0,TGW427,4.284109567136068,100.97914130522426,9144.0
600.0,TGW431,1.424334178768151,108.93013134683231,9144.0
600.0,TGW453,1.8328616841153966,102.72532723718636,9144.0
600.0,TGW476,1.8662932025655141,103.6398230068191,9144.0
600.0,TGW484,2.1149447293181747,103.42887757877602,9144.0
600.0,TGW486,1.942482863387771,103.60498829046522,9144.0
600.0,TGW487,3.77200667321963,101.43357434650116,9144.0
600.0,TGW491,5.061855179511439,114.83235728286955,9144.0
600.0,TGW610,2.1133371180002225,103.88918278802727,9144.0
600.0,TGW625,12.795799303722657,100.95748499334684,9144.0
600.0,TGW285,-8.08775908150946,114.75873215047264,9144.0,"(TGW300),(TGW350)"
600.0,TGW288,0.40086205111813805,104.77806520700717,9144.0,"(TGW350),(TGW300)"
600.0,TGW300,2.3823038333717736,103.87192005591825,9144.0,"(TGW476),(TGW486)"
600.0,TGW305,9.825901317451986,106.53946903218669,9144.0,"(TGW486),(TGW476)"
610.0,TGW285,-8.063265227856881,114.7442804460536,9144.0
610.0,TGW288,0.3842924254000118,104.80131374760407,9144.0
610.0,TGW300,2.4125243875500555,103.87144555353254,9144.0
610.0,TGW305,9.79636901940378,106.54190396274171,9144.0
610.0,TGW350,2.3493811678241627,103.87111824296528,9144.0
610.0,TGW351,17.811448841403674,102.54925706240572,9144.0
610.0,TGW386,1.355460432568978,105.13849453553479,9144.0
610.0,TGW388,1.3452559814680767,105.04131573308777,9144.0
610.0,TGW390,1.3106382868455335,104.57761092889268,9144.0
610.0,TGW397,13.388893979139914,120.48115086863777,9144.0
610.0,TGW427,4.2573029634319415,100.99221384337314,9144.0
610.0,TGW431,1.4240705802606637,108.89883845065759,9144.0
610.0,TGW453,1.8191263415583125,102.75029807862491,9144.0
610.0,TGW476,1.887033046541622,103.62248881803922,9144.0
610.0,TGW484,2.130816562951025,103.40189979044632,9144.0
610.0,TGW486,1.9631590704350006,103.58375300082302,9144.0
610.0,TGW487,3.7495997973766797,101.44826721793677,9144.0
610.0,TGW491,5.047734964456216,114.80270883027569,9144.0
610.0,TGW610,2.14158426666214,103.88734954327634,9144.0
610.0,TGW625,12.770904079927638,100.96571725760158,9144.0
610.0,TGW285,-8.063265227856881,114.7442804460536,9144.0,"(TGW300),(TGW350)"
610.0,TGW288,0.3842924254000118,104.80131374760407,9144.0,"(TGW350),(TGW300)"
620.0,TGW285,-8.038814788811868,114.72975481939075,9144.0
620.0,TGW288,0.3712318080869282,104.82670016428675,9144.0
620.0,TGW300,2.4422099998568103,103.87097942992538,9144.0
620.0,TGW305,9.76653983193925,106.54436292812802,9144.0
620.0,TGW350,2.3783685191002535,103.86469508406886,9144.0
620.0,TGW351,17.80860915887308,102.52611812164592,9144.0
620.0,TGW386,1.3556861985582946,105.16534013117045,9144.0
620.0,TGW388,1.345925853942178,105.06678498399795,9144.0
620.0,TGW390,1.3226986750676306,104.6019381723992,9144.0
620.0,TGW397,13.362111617220775,120.46826878026017,9144.0
620.0,TGW427,4.230228822812336,101.00541576553408,9144.0
620.0,TGW431,1.4238023002848421,108.8671367111937,9144.0
620.0,TGW453,1.8051557610887747,102.77569021437738,9144.0
620.0,TGW476,1.9080083978890006,103.60495711590663,9144.0
620.0,TGW484,2.1466877405849063,103.37492133656157,9144.0
620.0,TGW486,1.9838318019882106,103.56251405971588,9144.0
620.0,TGW487,3.7274187066728777,101.46329983505727,9144.0
620.0,TGW491,5.033512771983523,114.77285410740316,9144.0
620.0,TGW610,2.1701333109803036,103.88549663661846,9144.0
620.0,TGW625,12.746059567620684,100.97410822359372,9144.0
620.0,TGW285,-8.038814788811868,114.72975481939075,9144.0,"(TGW300),(TGW350)"
620.0,TGW288,0.3712318080869282,104.82670016428675,9144.0,"(TGW350),(TGW300)"
630.0,TGW285,-8.013947175668639,114.71498388024597,9144.0
630.0,TGW288,0.35809338385285366,104.85231798943065,9144.0
630.0,TGW300,2.471883301705229,103.87000506956946,9144.0
630.0,TGW305,9.736699340313766,106.54667616230965,9144.0
630.0,TGW350,2.4075303242905,103.85823298517509,9144.0
630.0,TGW351,17.8015255845888,102.50202197161097,9144.0
630.0,TGW386,1.3570518680010795,105.19215191435812,9144.0
630.0,TGW388,1.346516640438134,105.09225619935629,9144.0
630.0,TGW390,1.3309506221598175,104.6278074363332,9144.0
630.0,TGW397,13.335314620745507,120.45542030939122,9144.0
630.0,TGW427,4.203154216019435,101.01861626649713,9144.0
630.0,TGW431,1.4234228920161551,108.8354361128819,9144.0
630.0,TGW453,1.7911012479021633,102.8010357486081,9144.0
630.0,TGW476,1.9290205141021906,103.5874693282678,9144.0
630.0,TGW484,2.158888183623434,103.3460935976482,9144.0
630.0,TGW486,2.005458801494818,103.54224857899936,9144.0
630.0,TGW487,3.7051351082632866,101.47840084675272,9144.0
630.0,TGW491,5.0192533719347106,114.74301792880122,9144.0
630.0,TGW610,2.198684290548683,103.88367380149671,9144.0
630.0,TGW625,12.72109673950748,100.98253733418989,9144.0
630.0,TGW285,-8.013947175668639,114.71498388024597,9144.0,"(TGW300),(TGW350)"
630.0,TGW288,0.35809338385285366,104.85231798943065,9144.0,"(TGW350),(TGW300)"
640.0,TGW285,-7.989023127217063,114.70031116385543,9144.0
640.0,TGW288,0.3456584780401347,104.8782845675502,9144.0
640.0,TGW300,2.5013776126292617,103.86903654344793,9144.0
640.0,TGW305,9.706562884220087,106.54901191737034,9144.0
640.0,TGW350,2.435772013208084,103.84850293252514,9144.0
640.0,TGW351,17.79053790000487,102.47921821543054,9144.0
640.0,TGW386,1.3612136921553475,105.21779457629495,9144.0
640.0,TGW388,1.3471040484927166,105.11760196146538,9144.0
640.0,TGW390,1.3352051102956604,104.65462612851827,9144.0
640.0,TGW397,13.308085190861469,120.44236788007709,9144.0
640.0,TGW427,4.176037459634084,101.03172903976267,9144.0
640.0,TGW431,1.4230381855592835,108.80338662662851,9144.0
640.0,TGW453,1.7771020883598672,102.82627409863582,9144.0
640.0,TGW476,1.9503146349689127,103.56974612551987,9144.0
640.0,TGW484,2.1707926748583573,103.31657447265455,9144.0
640.0,TGW486,2.0270853510218645,103.5219823481911,9144.0
640.0,TGW487,3.682809067300715,101.49343839607931,9144.0
640.0,TGW491,5.004892209281055,114.71297606292275,9144.0
640.0,TGW610,2.2275361085964147,103.8818316883681,9144.0
640.0,TGW625,12.696049629649869,100.99069864824946,9144.0
640.0,TGW285,-7.989023127217063,114.70031116385543,9144.0,"(TGW300),(TGW350)"
640.0,TGW288,0.3456584780401347,104.8782845675502,9144.0,"(TGW350),(TGW300)"
650.0,TGW285,-7.963890549410026,114.68551823436785,9144.0
650.0,TGW288,0.33317144468089394,104.9043597021967,9144.0
650.0,TGW300,2.53086645324427,103.86791343538573,9144.0
650.0,TGW305,9.676430955895409,106.5514068258761,9144.0
650.0,TGW350,2.463665030575101,103.83669920159048,9144.0
650.0,TGW351,17.776054734882745,102.45868184011098,9144.0
650.0,TGW386,1.3654050770656965,105.24362172911209,9144.0
650.0,TGW388,1.347692716430101,105.1429477004532,9144.0
650.0,TGW390,1.3361244270774404,104.68176480390558,9144.0
650.0,TGW397,13.280853721096554,120.42932141055405,9144.0
650.0,TGW427,4.148760204680778,101.04491815885937,9144.0
650.0,TGW431,1.4227886604132154,108.77133580548423,9144.0
650.0,TGW453,1.7632775634810187,102.85160843101299,9144.0
650.0,TGW476,1.9715957158162256,103.5520070233933,9144.0
650.0,TGW484,2.1802312679866396,103.28617552862644,9144.0
650.0,TGW486,2.0479783215758527,103.50095945403062,9144.0
650.0,TGW487,3.660380471047705,101.5085439415042,9144.0
650.0,TGW491,4.990562555133839,114.68291969709416,9144.0
650.0,TGW610,2.2563910748524707,103.88003960590224,9144.0
650.0,TGW625,12.670765915366438,100.99893529225017,9144.0
650.0,TGW285,-7.963890549410026,114.68551823436785,9144.0,"(TGW300),(TGW350)"
650.0,TGW288,0.33317144468089394,104.9043597021967,9144.0,"(TGW350),(TGW300)"
660.0,TGW285,-7.941072882021781,114.6672982784288,9144.0
660.0,TGW288,0.32074181989624434,104.93046222004608,9144.0
660.0,TGW300,2.5602357780791904,103.86679482839126,9144.0
660.0,TGW305,9.645886466095012,106.55383408407789,9144.0
660.0,TGW350,2.4918845171801114,103.82475674761831,9144.0
660.0,TGW351,17.758488738353286,102.44099784924913,9144.0
660.0,TGW386,1.3695958868861278,105.26944902040104,9144.0
660.0,TGW388,1.348291103286756,105.16873179005518,9144.0
660.0,TGW390,1.3370495782998009,104.7090876108326,9144.0
660.0,TGW397,13.25365733689518,120.41619937395645,9144.0
660.0,TGW427,4.121557185674007,101.05826005962834,9144.0
660.0,TGW431,1.4225367010315366,108.73911105948399,9144.0
660.0,TGW453,1.7484750006866399,102.87574728145562,9144.0
660.0,TGW476,1.9930639099946668,103.53411120670889,9144.0
660.0,TGW484,2.1897551904148953,103.25549861216885,9144.0
660.0,TGW486,2.06908080041687,103.47972443283312,9144.0
660.0,TGW487,3.6372674816243578,101.52257503078177,9144.0
660.0,TGW491,4.976131650282567,114.65265806827267,9144.0
660.0,TGW610,2.2853660885855844,103.87823999600346,9144.0
660.0,TGW625,12.645357548715005,101.00675781318445,9144.0
660.0,TGW285,-7.941072882021781,114.6672982784288,9144.0,"(TGW300),(TGW350)"
660.0,TGW288,0.32074181989624434,104.93046222004608,9144.0,"(TGW350),(TGW300)"
670.0,TGW285,-7.918116021074269,114.64906183189261,9144.0
670.0,TGW288,0.3082862337783102,104.95661897952563,9144.0
670.0,TGW300,2.5896073663788695,103.86573742149662,9144.0
670.0,TGW305,9.615346450156624,106.55631836341126,9144.0
670.0,TGW350,2.5197413929228745,103.81198954151307,9144.0
670.0,TGW351,17.738340394470878,102.42666968414561,9144.0
670.0,TGW386,1.3741553189649895,105.29521380504536,9144.0
670.0,TGW388,1.3488829827537872,105.19451603621013,9144.0
670.0,TGW390,1.3379741142690482,104.73641044889044,9144.0
670.0,TGW397,13.226244567488829,120.40297891581312,9144.0
670.0,TGW427,4.094141394969281,101.07170511770818,9144.0
670.0,TGW431,1.4221929361801116,108.70688716740183,9144.0
670.0,TGW453,1.7302711986815478,102.89759189373558,9144.0
670.0,TGW476,2.014443652816788,103.51610944946583,9144.0
670.0,TGW484,2.1992774203257603,103.22482097416385,9144.0
670.0,TGW486,2.087621221627081,103.4562161562479,9144.0
670.0,TGW487,3.6137343454356325,101.53686019677902,9144.0
670.0,TGW491,4.961627386523105,114.6224324629084,9144.0
670.0,TGW610,2.314338205191055,103.87639422197314,9144.0
670.0,TGW625,12.620008242907762,101.01456044712738,9144.0
670.0,TGW285,-7.918116021074269,114.64906183189261,9144.0,"(TGW300),(TGW350)"
670.0,TGW288,0.3082862337783102,104.95661897952563,9144.0,"(TGW350),(TGW300)"
680.0,TGW285,-7.895205295698415,114.63086514666958,9144.0
680.0,TGW288,0.2958266852172486,104.98277382172188,9144.0
680.0,TGW300,2.6196342628875655,103.86465637214701,9144.0
680.0,TGW305,9.584747652562202,106.55880697165094,9144.0
680.0,TGW350,2.5473833620124227,103.79932020876379,9144.0
680.0,TGW351,17.716183762601776,102.41610489348126,9144.0
680.0,TGW386,1.3787682864662532,105.32128440661906,9144.0
680.0,TGW388,1.3494858226547226,105.2207984859559,9144.0
680.0,TGW390,1.3384795060953267,104.7637442642161,9144.0
680.0,TGW397,13.199323977582862,120.38873269866964,9144.0
680.0,TGW427,4.066656612058885,101.08500738661283,9144.0
680.0,TGW431,1.4218466013909268,108.67448970194951,9144.0
680.0,TGW453,1.708953220692009,102.91677014908534,9144.0
680.0,TGW476,2.036471989768979,103.49756080109282,9144.0
680.0,TGW484,2.207930241240951,103.19388630990647,9144.0
680.0,TGW486,2.106418371807255,103.43238100153216,9144.0
680.0,TGW487,3.5902094090294527,101.55115854648082,9144.0
680.0,TGW491,4.947095794865943,114.59215712228789,9144.0
680.0,TGW610,2.3435498841784828,103.87453310921539,9144.0
680.0,TGW625,12.594416627200442,101.02148209992173,9144.0
680.0,TGW285,-7.895205295698415,114.63086514666958,9144.0
680.0,TGW288,0.2958266852172486,104.98277382172188,9144.0
680.0,TGW300,2.6196342628875655,103.86465637214701,9144.0
680.0,TGW305,9.584747652562202,106.55880697165094,9144.0
680.0,TGW350,2.5473833620124227,103.79932020876379,9144.0
680.0,TGW351,17.716183762601776,102.41610489348126,9144.0
680.0,TGW386,1.3787682864662532,105.32128440661906,9144.0
680.0,TGW388,1.3494858226547226,105.2207984859559,9144.0
680.0,TGW390,1.3384795060953267,104.7637442642161,9144.0
680.0,TGW397,13.199323977582862,120.38873269866964,9144.0
680.0,TGW427,4.066656612058885,101.08500738661283,9144.0
680.0,TGW431,1.4218466013909268,108.67448970194951,9144.0
680.0,TGW453,1.708953220692009,102.91677014908534,9144.0
680.0,TGW476,2.036471989768979,103.49756080109282,9144.0
680.0,TGW484,2.207930241240951,103.19388630990647,9144.0
680.0,TGW486,2.106418371807255,103.43238100153216,9144.0
680.0,TGW487,3.5902094090294527,101.55115854648082,9144.0
680.0,TGW491,4.947095794865943,114.59215712228789,9144.0
680.0,TGW610,2.3435498841784828,103.87453310921539,9144.0
680.0,TGW625,12.594416627200442,101.02148209992173,9144.0
690.0,TGW285,-7.87213750188531,114.61287285388738,9144.0
690.0,TGW288,0.2833894418605137,105.00893924949914,9144.0
690.0,TGW300,2.649661158492906,103.863575271583,9144.0
690.0,TGW305,9.55414385169539,106.56123125865807,9144.0
690.0,TGW350,2.575025119740709,103.78665014054488,9144.0
690.0,TGW351,17.69171692597637,102.40916045099974,9144.0
690.0,TGW386,1.3831625673317907,105.34739282849634,9144.0
690.0,TGW388,1.3501367559327995,105.24707979495662,9144.0
690.0,TGW390,1.3389832207102248,104.79101674593589,9144.0
690.0,TGW397,13.174369857065967,120.37079158554734,9144.0
690.0,TGW427,4.038853110392645,101.0984627044547,9144.0
690.0,TGW431,1.4214972413496123,108.64209227390157,9144.0
690.0,TGW453,1.6851137883240022,102.9327023652874,9144.0
690.0,TGW476,2.056752214268644,103.47711290216807,9144.0
690.0,TGW484,2.216627875909211,103.16278343038725,9144.0
690.0,TGW486,2.1225246731394196,103.40664823422813,9144.0
690.0,TGW487,3.5661110291532263,101.56580443523704,9144.0
690.0,TGW491,4.932657937928519,114.56183729390423,9144.0
690.0,TGW610,2.372511061558727,103.87028325112288,9144.0
690.0,TGW625,12.568109167463035,101.02859583870926,9144.0
690.0,TGW285,-7.87213750188531,114.61287285388738,9144.0
690.0,TGW288,0.2833894418605137,105.00893924949914,9144.0
690.0,TGW300,2.649661158492906,103.863575271583,9144.0
690.0,TGW305,9.55414385169539,106.56123125865807,9144.0
690.0,TGW350,2.575025119740709,103.78665014054488,9144.0
690.0,TGW351,17.69171692597637,102.40916045099974,9144.0
690.0,TGW386,1.3831625673317907,105.34739282849634,9144.0
690.0,TGW388,1.3501367559327995,105.24707979495662,9144.0
690.0,TGW390,1.3389832207102248,104.79101674593589,9144.0
690.0,TGW397,13.174369857065967,120.37079158554734,9144.0
690.0,TGW427,4.038853110392645,101.0984627044547,9144.0
690.0,TGW431,1.4214972413496123,108.64209227390157,9144.0
690.0,TGW453,1.6851137883240022,102.9327023652874,9144.0
690.0,TGW476,2.056752214268644,103.47711290216807,9144.0
690.0,TGW484,2.216627875909211,103.16278343038725,9144.0
690.0,TGW486,2.1225246731394196,103.40664823422813,9144.0
690.0,TGW487,3.5661110291532263,101.56580443523704,9144.0
690.0,TGW491,4.932657937928519,114.56183729390423,9144.0
690.0,TGW610,2.372511061558727,103.87028325112288,9144.0
690.0,TGW625,12.568109167463035,101.02859583870926,9144.0
700.0,TGW285,-7.848879033245069,114.59473491447736,9144.0
700.0,TGW288,0.2707457748211201,105.03553773585334,9144.0
700.0,TGW300,2.679692623921564,103.86452066998497,9144.0
700.0,TGW305,9.523481300905424,106.56365975981086,9144.0
700.0,TGW350,2.602715793686724,103.77408728264906,9144.0
700.0,TGW351,17.66650266448195,102.4064563611868,9144.0
700.0,TGW386,1.3875973368170897,105.37374548107445,9144.0
700.0,TGW388,1.3507933436428992,105.27360910653948,9144.0
700.0,TGW390,1.3396344374329494,104.81828610981701,9144.0
700.0,TGW397,13.151604668754008,120.34928564407511,9144.0
700.0,TGW427,4.011085408978977,101.11199165401098,9144.0
700.0,TGW431,1.4211440412732532,108.6094063127627,9144.0
700.0,TGW453,1.6630898752053778,102.9510644400552,9144.0
700.0,TGW476,2.077665542840307,103.45602571173204,9144.0
700.0,TGW484,2.225921155587294,103.13185336575307,9144.0
700.0,TGW486,2.13878716285195,103.3806643195145,9144.0
700.0,TGW487,3.5420502267131977,101.580511831361,9144.0
700.0,TGW491,4.918168625783129,114.53141589821688,9144.0
700.0,TGW610,2.4009324537983963,103.86211492912926,9144.0
700.0,TGW625,12.541874187496719,101.03598445777101,9144.0
700.0,TGW285,-7.848879033245069,114.59473491447736,9144.0
700.0,TGW288,0.2707457748211201,105.03553773585334,9144.0
700.0,TGW300,2.679692623921564,103.86452066998497,9144.0
700.0,TGW305,9.523481300905424,106.56365975981086,9144.0
700.0,TGW350,2.602715793686724,103.77408728264906,9144.0
700.0,TGW351,17.66650266448195,102.4064563611868,9144.0
700.0,TGW386,1.3875973368170897,105.37374548107445,9144.0
700.0,TGW388,1.3507933436428992,105.27360910653948,9144.0
700.0,TGW390,1.3396344374329494,104.81828610981701,9144.0
700.0,TGW397,13.151604668754008,120.34928564407511,9144.0
700.0,TGW427,4.011085408978977,101.11199165401098,9144.0
700.0,TGW431,1.4211440412732532,108.6094063127627,9144.0
700.0,TGW453,1.6630898752053778,102.9510644400552,9144.0
700.0,TGW476,2.077665542840307,103.45602571173204,9144.0
700.0,TGW484,2.225921155587294,103.13185336575307,9144.0
700.0,TGW486,2.13878716285195,103.3806643195145,9144.0
700.0,TGW487,3.5420502267131977,101.580511831361,9144.0
700.0,TGW491,4.918168625783129,114.53141589821688,9144.0
700.0,TGW610,2.4009324537983963,103.86211492912926,9144.0
700.0,TGW625,12.541874187496719,101.03598445777101,9144.0
710.0,TGW285,-7.825606217733174,114.5766167503113,9144.0
710.0,TGW288,0.2582109607884778,105.06218766749387,9144.0
710.0,TGW300,2.7094755792833602,103.86575454966349,9144.0
710.0,TGW305,9.492728799097012,106.56319312197365,9144.0
710.0,TGW350,2.6307288024035946,103.76137744970379,9144.0
710.0,TGW351,17.641203355915824,102.40806246065922,9144.0
710.0,TGW386,1.3917549572887755,105.40014335070349,9144.0
710.0,TGW388,1.3513751256206592,105.300140171329,9144.0
710.0,TGW390,1.3402836743098552,104.84549410620288,9144.0
710.0,TGW397,13.131640900050023,120.3249446764943,9144.0
710.0,TGW427,3.983264549855842,101.12554532556288,9144.0
710.0,TGW431,1.4208595294638757,108.57671968518136,9144.0
710.0,TGW453,1.6412050086156889,102.96930998453979,9144.0
710.0,TGW476,2.0988721915281148,103.43464247409185,9144.0
710.0,TGW484,2.2352125251399446,103.10092253102722,9144.0
710.0,TGW486,2.152538257050999,103.35326617298061,9144.0
710.0,TGW487,3.517833854171286,101.59531330685446,9144.0
710.0,TGW491,4.903623346418752,114.50102208310219,9144.0
710.0,TGW610,2.4296402768134597,103.85386391938738,9144.0
710.0,TGW625,12.515166663088513,101.04350452195169,9144.0
710.0,TGW285,-7.825606217733174,114.5766167503113,9144.0
710.0,TGW288,0.2582109607884778,105.06218766749387,9144.0
710.0,TGW300,2.7094755792833602,103.86575454966349,9144.0
710.0,TGW305,9.492728799097012,106.56319312197365,9144.0
710.0,TGW350,2.6307288024035946,103.76137744970379,9144.0
710.0,TGW351,17.641203355915824,102.40806246065922,9144.0
710.0,TGW386,1.3917549572887755,105.40014335070349,9144.0
710.0,TGW388,1.3513751256206592,105.300140171329,9144.0
710.0,TGW390,1.3402836743098552,104.84549410620288,9144.0
710.0,TGW397,13.131640900050023,120.3249446764943,9144.0
710.0,TGW427,3.983264549855842,101.12554532556288,9144.0
710.0,TGW431,1.4208595294638757,108.57671968518136,9144.0
710.0,TGW453,1.6412050086156889,102.96930998453979,9144.0
710.0,TGW476,2.0988721915281148,103.43464247409185,9144.0
710.0,TGW484,2.2352125251399446,103.10092253102722,9144.0
710.0,TGW486,2.152538257050999,103.35326617298061,9144.0
710.0,TGW487,3.517833854171286,101.59531330685446,9144.0
710.0,TGW491,4.903623346418752,114.50102208310219,9144.0
710.0,TGW610,2.4296402768134597,103.85386391938738,9144.0
710.0,TGW625,12.515166663088513,101.04350452195169,9144.0
720.0,TGW285,-7.802190443817546,114.55839029586099,9144.0
720.0,TGW288,0.2455996141718001,105.08899962413224,9144.0
720.0,TGW300,2.7383613314133424,103.86695131694815,9144.0
720.0,TGW305,9.462074875890874,106.55857053511744,9144.0
720.0,TGW350,2.6586976311421973,103.748570195971,9144.0
720.0,TGW351,17.616483612258996,102.41393537203516,9144.0
720.0,TGW386,1.3960173215679443,105.42721006003146,9144.0
720.0,TGW388,1.3519726645083112,105.32741090286223,9144.0
720.0,TGW390,1.340984955490865,104.87270081798759,9144.0
720.0,TGW397,13.1087162942946,120.30353204862392,9144.0
720.0,TGW427,3.9554647812967385,101.13914195464335,9144.0
720.0,TGW431,1.4205748040860686,108.544090702239,9144.0
720.0,TGW453,1.6193198708976384,102.98755500519694,9144.0
720.0,TGW484,2.244194678128792,103.06990016132161,9144.0
720.0,TGW486,2.1663414119940416,103.32576195428933,9144.0
720.0,TGW487,3.4936396812955475,101.61015079469914,9144.0
720.0,TGW491,4.889199487537553,114.47088825584244,9144.0
720.0,TGW610,2.456944922933761,103.84174690509805,9144.0
720.0,TGW625,12.488371357652598,101.05068872131551,9144.0
720.0,TGW285,-7.802190443817546,114.55839029586099,9144.0
720.0,TGW288,0.2455996141718001,105.08899962413224,9144.0
720.0,TGW300,2.7383613314133424,103.86695131694815,9144.0
720.0,TGW305,9.462074875890874,106.55857053511744,9144.0
720.0,TGW350,2.6586976311421973,103.748570195971,9144.0
720.0,TGW351,17.616483612258996,102.41393537203516,9144.0
720.0,TGW386,1.3960173215679443,105.42721006003146,9144.0
720.0,TGW388,1.3519726645083112,105.32741090286223,9144.0
720.0,TGW390,1.340984955490865,104.87270081798759,9144.0
720.0,TGW397,13.1087162942946,120.30353204862392,9144.0
720.0,TGW427,3.9554647812967385,101.13914195464335,9144.0
720.0,TGW431,1.4205748040860686,108.544090702239,9144.0
720.0,TGW453,1.6193198708976384,102.98755500519694,9144.0
720.0,TGW484,2.244194678128792,103.06990016132161,9144.0
720.0,TGW486,2.1663414119940416,103.32576195428933,9144.0
720.0,TGW487,3.4936396812955475,101.61015079469914,9144.0
720.0,TGW491,4.889199487537553,114.47088825584244,9144.0
720.0,TGW610,2.456944922933761,103.84174690509805,9144.0
720.0,TGW625,12.488371357652598,101.05068872131551,9144.0
730.0,TGW285,-7.778857539881596,114.54005691145822,9144.0
730.0,TGW288,0.2326420210388747,105.11564594394356,9144.0
730.0,TGW300,2.767232212952961,103.86846564951918,9144.0
730.0,TGW305,9.431768091466145,106.5497979011527,9144.0
730.0,TGW350,2.6866662550903815,103.73576220220325,9144.0
730.0,TGW351,17.592992820341895,102.42391973531909,9144.0
730.0,TGW386,1.4001256857941633,105.45430063368191,9144.0
730.0,TGW388,1.3526731320520462,105.35467919124036,9144.0
730.0,TGW390,1.3416888901498545,104.90003027432083,9144.0
730.0,TGW397,13.084867254766129,120.28302546696189,9144.0
730.0,TGW427,3.927401091459699,101.15286649404919,9144.0
730.0,TGW431,1.4202284648641805,108.51146232038381,9144.0
730.0,TGW453,1.596845547308212,103.00506834776976,9144.0
730.0,TGW484,2.253159025838653,103.03893275134412,9144.0
730.0,TGW486,2.1767188439540877,103.29678872350586,9144.0
730.0,TGW487,3.469290409476808,101.62508237901453,9144.0
730.0,TGW491,4.874700846383959,114.44079125148279,9144.0
730.0,TGW610,2.4840146824828375,103.82855955217386,9144.0
730.0,TGW625,12.460636258744902,101.05812324161425,9144.0
730.0,TGW285,-7.778857539881596,114.54005691145822,9144.0
730.0,TGW288,0.2326420210388747,105.11564594394356,9144.0
730.0,TGW300,2.767232212952961,103.86846564951918,9144.0
730.0,TGW305,9.431768091466145,106.5497979011527,9144.0
730.0,TGW350,2.6866662550903815,103.73576220220325,9144.0
730.0,TGW351,17.592992820341895,102.42391973531909,9144.0
730.0,TGW386,1.4001256857941633,105.45430063368191,9144.0
730.0,TGW388,1.3526731320520462,105.35467919124036,9144.0
730.0,TGW390,1.3416888901498545,104.90003027432083,9144.0
730.0,TGW397,13.084867254766129,120.28302546696189,9144.0
730.0,TGW427,3.927401091459699,101.15286649404919,9144.0
730.0,TGW431,1.4202284648641805,108.51146232038381,9144.0
730.0,TGW453,1.596845547308212,103.00506834776976,9144.0
730.0,TGW484,2.253159025838653,103.03893275134412,9144.0
730.0,TGW486,2.1767188439540877,103.29678872350586,9144.0
730.0,TGW487,3.469290409476808,101.62508237901453,9144.0
730.0,TGW491,4.874700846383959,114.44079125148279,9144.0
730.0,TGW610,2.4840146824828375,103.82855955217386,9144.0
730.0,TGW625,12.460636258744902,101.05812324161425,9144.0
740.0,TGW285,-7.755241544218158,114.52150413789398,9144.0
740.0,TGW288,0.21968415509774453,105.14229210730217,9144.0
740.0,TGW300,2.7957417161357836,103.86996109950297,9144.0
740.0,TGW305,9.402844919730706,106.53710361430512,9144.0
740.0,TGW350,2.7146598489146547,103.72300870250176,9144.0
740.0,TGW351,17.571348082474277,102.43775236964628,9144.0
740.0,TGW386,1.4042793236170683,105.48169380158014,9144.0
740.0,TGW388,1.3533935280164178,105.38274145493006,9144.0
740.0,TGW390,1.342356995954371,104.92736063796949,9144.0
740.0,TGW397,13.061640610588011,120.2617812333354,9144.0
740.0,TGW427,3.8992968783628745,101.16650700944967,9144.0
740.0,TGW431,1.4198832632419538,108.47900707844975,9144.0
740.0,TGW453,1.5741803508629013,103.02272965858705,9144.0
740.0,TGW484,2.2622534874548115,103.00800316819264,9144.0
740.0,TGW486,2.186010437232361,103.26714008882804,9144.0
740.0,TGW487,3.4449534985231245,101.64003379207742,9144.0
740.0,TGW491,4.860250021521088,114.41079927748487,9144.0
740.0,TGW610,2.511084288011105,103.8153716107318,9144.0
740.0,TGW625,12.43246667672919,101.06358125733153,9144.0
740.0,TGW285,-7.755241544218158,114.52150413789398,9144.0
740.0,TGW288,0.21968415509774453,105.14229210730217,9144.0
740.0,TGW300,2.7957417161357836,103.86996109950297,9144.0
740.0,TGW305,9.402844919730706,106.53710361430512,9144.0
740.0,TGW350,2.7146598489146547,103.72300870250176,9144.0
740.0,TGW351,17.571348082474277,102.43775236964628,9144.0
740.0,TGW386,1.4042793236170683,105.48169380158014,9144.0
740.0,TGW388,1.3533935280164178,105.38274145493006,9144.0
740.0,TGW390,1.342356995954371,104.92736063796949,9144.0
740.0,TGW397,13.061640610588011,120.2617812333354,9144.0
740.0,TGW427,3.8992968783628745,101.16650700944967,9144.0
740.0,TGW431,1.4198832632419538,108.47900707844975,9144.0
740.0,TGW453,1.5741803508629013,103.02272965858705,9144.0
740.0,TGW484,2.2622534874548115,103.00800316819264,9144.0
740.0,TGW486,2.186010437232361,103.26714008882804,9144.0
740.0,TGW487,3.4449534985231245,101.64003379207742,9144.0
740.0,TGW491,4.860250021521088,114.41079927748487,9144.0
740.0,TGW610,2.511084288011105,103.8153716107318,9144.0
740.0,TGW625,12.43246667672919,101.06358125733153,9144.0
750.0,TGW285,-7.7316373063167845,114.50293717036084,9144.0
750.0,TGW288,0.20686787195749684,105.1690066363666,9144.0
750.0,TGW300,2.8242406494036105,103.87164648392474,9144.0
750.0,TGW305,9.374826274871191,106.52247391309527,9144.0
750.0,TGW350,2.7428673844306566,103.71015697128726,9144.0
750.0,TGW351,17.55211800518841,102.45506924779515,9144.0
750.0,TGW386,1.4090517372814881,105.50898596438088,9144.0
750.0,TGW388,1.3540960045269181,105.41080418129556,9144.0
750.0,TGW390,1.343026063953419,104.95475231908057,9144.0
750.0,TGW397,13.038236921053851,120.2403814792781,9144.0
750.0,TGW427,3.8710870414761978,101.18019765556711,9144.0
750.0,TGW431,1.4194956636984857,108.44655232090213,9144.0
750.0,TGW453,1.5512489637581628,103.04004349127351,9144.0
750.0,TGW484,2.271313709358454,102.97718420331304,9144.0
750.0,TGW486,2.195318681505204,103.23743496268338,9144.0
750.0,TGW487,3.420513334905412,101.6550476314881,9144.0
750.0,TGW491,4.845927984010272,114.380745782878,9144.0
750.0,TGW610,2.5385370780840515,103.80300245779868,9144.0
750.0,TGW625,12.403412162507989,101.06920945159726,9144.0
750.0,TGW285,-7.7316373063167845,114.50293717036084,9144.0
750.0,TGW288,0.20686787195749684,105.1690066363666,9144.0
750.0,TGW300,2.8242406494036105,103.87164648392474,9144.0
750.0,TGW305,9.374826274871191,106.52247391309527,9144.0
750.0,TGW350,2.7428673844306566,103.71015697128726,9144.0
750.0,TGW351,17.55211800518841,102.45506924779515,9144.0
750.0,TGW386,1.4090517372814881,105.50898596438088,9144.0
750.0,TGW388,1.3540960045269181,105.41080418129556,9144.0
750.0,TGW390,1.343026063953419,104.95475231908057,9144.0
750.0,TGW397,13.038236921053851,120.2403814792781,9144.0
750.0,TGW427,3.8710870414761978,101.18019765556711,9144.0
750.0,TGW431,1.4194956636984857,108.44655232090213,9144.0
750.0,TGW453,1.5512489637581628,103.04004349127351,9144.0
750.0,TGW484,2.271313709358454,102.97718420331304,9144.0
750.0,TGW486,2.195318681505204,103.23743496268338,9144.0
750.0,TGW487,3.420513334905412,101.6550476314881,9144.0
750.0,TGW491,4.845927984010272,114.380745782878,9144.0
750.0,TGW610,2.5385370780840515,103.80300245779868,9144.0
750.0,TGW625,12.403412162507989,101.06920945159726,9144.0
760.0,TGW285,-7.707891523497865,114.48426196882235,9144.0
760.0,TGW288,0.1939483058044248,105.19593597050586,9144.0
760.0,TGW300,2.85340068166084,103.87337105053267,9144.0
760.0,TGW305,9.345259821224563,106.51140832907444,9144.0
760.0,TGW350,2.7710797582065845,103.69731558450597,9144.0
760.0,TGW351,17.53580776196469,102.4754150940813,9144.0
760.0,TGW386,1.4179143652567405,105.5358774893506,9144.0
760.0,TGW388,1.354789431852622,105.43886714087971,9144.0
760.0,TGW390,1.3436500532625335,104.98214507174845,9144.0
760.0,TGW397,13.01481716387285,120.21900227604935,9144.0
760.0,TGW427,3.842886382208152,101.19390682775852,9144.0
760.0,TGW431,1.4191073852967249,108.41409757692331,9144.0
760.0,TGW453,1.5264343813810597,103.05488291236713,9144.0
760.0,TGW484,2.280294373487125,102.94634173263019,9144.0
760.0,TGW486,2.2039843066456473,103.20753559426703,9144.0
760.0,TGW487,3.3960884699557345,101.67008605330183,9144.0
760.0,TGW491,4.831926514708166,114.35137068407528,9144.0
760.0,TGW610,2.5661519008079083,103.79055967036528,9144.0
760.0,TGW625,12.37418919190009,101.07383327345009,9144.0
760.0,TGW285,-7.707891523497865,114.48426196882235,9144.0
760.0,TGW288,0.1939483058044248,105.19593597050586,9144.0
760.0,TGW300,2.85340068166084,103.87337105053267,9144.0
760.0,TGW305,9.345259821224563,106.51140832907444,9144.0
760.0,TGW350,2.7710797582065845,103.69731558450597,9144.0
760.0,TGW351,17.53580776196469,102.4754150940813,9144.0
760.0,TGW386,1.4179143652567405,105.5358774893506,9144.0
760.0,TGW388,1.354789431852622,105.43886714087971,9144.0
760.0,TGW390,1.3436500532625335,104.98214507174845,9144.0
760.0,TGW397,13.01481716387285,120.21900227604935,9144.0
760.0,TGW427,3.842886382208152,101.19390682775852,9144.0
760.0,TGW431,1.4191073852967249,108.41409757692331,9144.0
760.0,TGW453,1.5264343813810597,103.05488291236713,9144.0
760.0,TGW484,2.280294373487125,102.94634173263019,9144.0
760.0,TGW486,2.2039843066456473,103.20753559426703,9144.0
760.0,TGW487,3.3960884699557345,101.67008605330183,9144.0
760.0,TGW491,4.831926514708166,114.35137068407528,9144.0
760.0,TGW610,2.5661519008079083,103.79055967036528,9144.0
760.0,TGW625,12.37418919190009,101.07383327345009,9144.0
770.0,TGW285,-7.684108101302553,114.4656366502685,9144.0
770.0,TGW288,0.18077750624599798,105.22274330364883,9144.0
770.0,TGW300,2.8825430210643432,103.87537315747379,9144.0
770.0,TGW305,9.314984227626962,106.5000795309653,9144.0
770.0,TGW350,2.7995055253213055,103.6843762967227,9144.0
770.0,TGW351,17.52284582234137,102.49825535002901,9144.0
770.0,TGW386,1.4305756478644323,105.56120236183308,9144.0
770.0,TGW388,1.355508830678459,105.468017287219,9144.0
770.0,TGW390,1.3442805698823797,105.00984367069492,9144.0
770.0,TGW397,12.991496763706687,120.19751098551322,9144.0
770.0,TGW427,3.8144752354859515,101.20771719279165,9144.0
770.0,TGW431,1.4187062917326227,108.38164299451478,9144.0
770.0,TGW453,1.501671360261243,103.06969107159897,9144.0
770.0,TGW484,2.2892086384049555,102.91572179699348,9144.0
770.0,TGW486,2.2127305563883546,103.17735440579902,9144.0
770.0,TGW487,3.3713554715645992,101.68531318427551,9144.0
770.0,TGW491,4.817874059910057,114.3220207233016,9144.0
770.0,TGW610,2.593631594218959,103.77782036852487,9144.0
770.0,TGW625,12.344436670004063,101.07853979746038,9144.0
770.0,TGW285,-7.684108101302553,114.4656366502685,9144.0
770.0,TGW288,0.18077750624599798,105.22274330364883,9144.0
770.0,TGW300,2.8825430210643432,103.87537315747379,9144.0
770.0,TGW305,9.314984227626962,106.5000795309653,9144.0
770.0,TGW350,2.7995055253213055,103.6843762967227,9144.0
770.0,TGW351,17.52284582234137,102.49825535002901,9144.0
770.0,TGW386,1.4305756478644323,105.56120236183308,9144.0
770.0,TGW388,1.355508830678459,105.468017287219,9144.0
770.0,TGW390,1.3442805698823797,105.00984367069492,9144.0
770.0,TGW397,12.991496763706687,120.19751098551322,9144.0
770.0,TGW427,3.8144752354859515,101.20771719279165,9144.0
770.0,TGW431,1.4187062917326227,108.38164299451478,9144.0
770.0,TGW453,1.501671360261243,103.06969107159897,9144.0
770.0,TGW484,2.2892086384049555,102.91572179699348,9144.0
770.0,TGW486,2.2127305563883546,103.17735440579902,9144.0
770.0,TGW487,3.3713554715645992,101.68531318427551,9144.0
770.0,TGW491,4.817874059910057,114.3220207233016,9144.0
770.0,TGW610,2.593631594218959,103.77782036852487,9144.0
770.0,TGW625,12.344436670004063,101.07853979746038,9144.0
780.0,TGW285,-7.660230020572442,114.44694026148169,9144.0
780.0,TGW288,0.16752794807388108,105.24971062027265,9144.0
780.0,TGW300,2.9124002790524557,103.87742448668752,9144.0
780.0,TGW305,9.285105442076057,106.48771718898855,9144.0
780.0,TGW350,2.8280628986263707,103.67173051731156,9144.0
780.0,TGW351,17.51357269603429,102.52299019303473,9144.0
780.0,TGW386,1.4467413389452661,105.58437219109287,9144.0
780.0,TGW388,1.3561007372484004,105.49717030973981,9144.0
780.0,TGW390,1.3449099457520903,105.0375423027412,9144.0
780.0,TGW397,12.967998844892671,120.17586573375235,9144.0
780.0,TGW427,3.78605386770723,101.22150596292785,9144.0
780.0,TGW431,1.418498213957204,108.34918660251506,9144.0
780.0,TGW453,1.4769081892378415,103.08449881358779,9144.0
780.0,TGW484,2.298273863343596,102.88514609117848,9144.0
780.0,TGW486,2.221586035400649,103.1472049527122,9144.0
780.0,TGW487,3.346601225798141,101.70050524435212,9144.0
780.0,TGW491,4.803920074009714,114.29288141828866,9144.0
780.0,TGW610,2.6212185375226937,103.76503068325768,9144.0
780.0,TGW625,12.314738369582575,101.08359187460994,9144.0
780.0,TGW285,-7.660230020572442,114.44694026148169,9144.0
780.0,TGW288,0.16752794807388108,105.24971062027265,9144.0
780.0,TGW300,2.9124002790524557,103.87742448668752,9144.0
780.0,TGW305,9.285105442076057,106.48771718898855,9144.0
780.0,TGW350,2.8280628986263707,103.67173051731156,9144.0
780.0,TGW351,17.51357269603429,102.52299019303473,9144.0
780.0,TGW386,1.4467413389452661,105.58437219109287,9144.0
780.0,TGW388,1.3561007372484004,105.49717030973981,9144.0
780.0,TGW390,1.3449099457520903,105.0375423027412,9144.0
780.0,TGW397,12.967998844892671,120.17586573375235,9144.0
780.0,TGW427,3.78605386770723,101.22150596292785,9144.0
780.0,TGW431,1.418498213957204,108.34918660251506,9144.0
780.0,TGW453,1.4769081892378415,103.08449881358779,9144.0
780.0,TGW484,2.298273863343596,102.88514609117848,9144.0
780.0,TGW486,2.221586035400649,103.1472049527122,9144.0
780.0,TGW487,3.346601225798141,101.70050524435212,9144.0
780.0,TGW491,4.803920074009714,114.29288141828866,9144.0
780.0,TGW610,2.6212185375226937,103.76503068325768,9144.0
780.0,TGW625,12.314738369582575,101.08359187460994,9144.0
790.0,TGW285,-7.636363045228482,114.42823048842972,9144.0
790.0,TGW288,0.1544444740853765,105.27675888758537,9144.0
790.0,TGW300,2.9422707549304534,103.87927289566383,9144.0
790.0,TGW305,9.255065625056295,106.47529065440393,9144.0
790.0,TGW350,2.8567271663009053,103.6590366450639,9144.0
790.0,TGW351,17.50823198775814,102.54897024233993,9144.0
790.0,TGW386,1.4609587928633043,105.6087869371478,9144.0
790.0,TGW388,1.356700269111385,105.52674243729908,9144.0
790.0,TGW390,1.3457012810126665,105.06523678757924,9144.0
790.0,TGW397,12.94448305525567,120.1542429704461,9144.0
790.0,TGW427,3.757527303353879,101.23534465444372,9144.0
790.0,TGW431,1.4181655652037448,108.31655810722971,9144.0
790.0,TGW453,1.4509825248505295,103.09715981316393,9144.0
790.0,TGW484,2.3073375670679255,102.85456973915437,9144.0
790.0,TGW486,2.2303580092668573,103.11733612587614,9144.0
790.0,TGW487,3.3216420168248044,101.71582208598191,9144.0
790.0,TGW491,4.789960511982879,114.2637453987652,9144.0
790.0,TGW610,2.6488783775403286,103.75239947631225,9144.0
790.0,TGW625,12.284340422757783,101.08876175855112,9144.0
790.0,TGW285,-7.636363045228482,114.42823048842972,9144.0
790.0,TGW288,0.1544444740853765,105.27675888758537,9144.0
790.0,TGW300,2.9422707549304534,103.87927289566383,9144.0
790.0,TGW305,9.255065625056295,106.47529065440393,9144.0
790.0,TGW350,2.8567271663009053,103.6590366450639,9144.0
790.0,TGW351,17.50823198775814,102.54897024233993,9144.0
790.0,TGW386,1.4609587928633043,105.6087869371478,9144.0
790.0,TGW388,1.356700269111385,105.52674243729908,9144.0
790.0,TGW390,1.3457012810126665,105.06523678757924,9144.0
790.0,TGW397,12.94448305525567,120.1542429704461,9144.0
790.0,TGW427,3.757527303353879,101.23534465444372,9144.0
790.0,TGW431,1.4181655652037448,108.31655810722971,9144.0
790.0,TGW453,1.4509825248505295,103.09715981316393,9144.0
790.0,TGW484,2.3073375670679255,102.85456973915437,9144.0
790.0,TGW486,2.2303580092668573,103.11733612587614,9144.0
790.0,TGW487,3.3216420168248044,101.71582208598191,9144.0
790.0,TGW491,4.789960511982879,114.2637453987652,9144.0
790.0,TGW610,2.6488783775403286,103.75239947631225,9144.0
790.0,TGW625,12.284340422757783,101.08876175855112,9144.0
800.0,TGW285,-7.612541903684847,114.40955971931078,9144.0
800.0,TGW288,0.1413609124148665,105.30380709654112,9144.0
800.0,TGW300,2.972791613854657,103.88116165340293,9144.0
800.0,TGW305,9.22494839041786,106.4630590439988,9144.0
800.0,TGW350,2.8853822208754036,103.64632161827835,9144.0
800.0,TGW351,17.506871040295405,102.57596874199578,9144.0
800.0,TGW386,1.4753587034364208,105.63351595314259,9144.0
800.0,TGW388,1.3571641180311915,105.5563170113011,9144.0
800.0,TGW390,1.3464986367111007,105.09317513902708,9144.0
800.0,TGW397,12.920747209810951,120.13242657092681,9144.0
800.0,TGW427,3.7292159758497103,101.24961989810615,9144.0
800.0,TGW431,1.4178322469156999,108.28392962348002,9144.0
800.0,TGW453,1.4268729860194995,103.11042265492615,9144.0
800.0,TGW484,2.316189246712563,102.82393104349427,9144.0
800.0,TGW486,2.2391029388726005,103.08745917991683,9144.0
800.0,TGW487,3.296692523593591,101.73115441564971,9144.0
800.0,TGW491,4.775992696643907,114.2346139569946,9144.0
800.0,TGW610,2.676699310033346,103.739694028014,9144.0
800.0,TGW625,12.253927696054054,101.09383919471307,9144.0
800.0,TGW285,-7.612541903684847,114.40955971931078,9144.0
800.0,TGW288,0.1413609124148665,105.30380709654112,9144.0
800.0,TGW300,2.972791613854657,103.88116165340293,9144.0
800.0,TGW305,9.22494839041786,106.4630590439988,9144.0
800.0,TGW350,2.8853822208754036,103.64632161827835,9144.0
800.0,TGW351,17.506871040295405,102.57596874199578,9144.0
800.0,TGW386,1.4753587034364208,105.63351595314259,9144.0
800.0,TGW388,1.3571641180311915,105.5563170113011,9144.0
800.0,TGW390,1.3464986367111007,105.09317513902708,9144.0
800.0,TGW397,12.920747209810951,120.13242657092681,9144.0
800.0,TGW427,3.7292159758497103,101.24961989810615,9144.0
800.0,TGW431,1.4178322469156999,108.28392962348002,9144.0
800.0,TGW453,1.4268729860194995,103.11042265492615,9144.0
800.0,TGW484,2.316189246712563,102.82393104349427,9144.0
800.0,TGW486,2.2391029388726005,103.08745917991683,9144.0
800.0,TGW487,3.296692523593591,101.73115441564971,9144.0
800.0,TGW491,4.775992696643907,114.2346139569946,9144.0
800.0,TGW610,2.676699310033346,103.739694028014,9144.0
800.0,TGW625,12.253927696054054,101.09383919471307,9144.0
810.0,TGW285,-7.588735004658343,114.39087150513731,9144.0
810.0,TGW288,0.1275946423853619,105.33051428821535,9144.0
810.0,TGW300,3.0033357400646983,103.88262551022676,9144.0
810.0,TGW305,9.194509704308803,106.4506992848683,9144.0
810.0,TGW350,2.9141439847940145,103.63355846179124,9144.0
810.0,TGW351,17.50139375510647,102.60325350661579,9144.0
810.0,TGW386,1.4897579951033821,105.65824549060956,9144.0
810.0,TGW388,1.3576269902677705,105.58589160627531,9144.0
810.0,TGW390,1.3470459246958308,105.12111951717536,9144.0
810.0,TGW397,12.89705805923701,120.11055888464172,9144.0
810.0,TGW427,3.7008003696735767,101.26394658223509,9144.0
810.0,TGW431,1.4174960729230743,108.2513011737837,9144.0
810.0,TGW453,1.4043394081674594,103.12281823685638,9144.0
810.0,TGW484,2.324990822230251,102.79345954657887,9144.0
810.0,TGW486,2.247846939966814,103.057581783156,9144.0
810.0,TGW487,3.271538721084298,101.74661128929496,9144.0
810.0,TGW491,4.762046177240005,114.20553732812513,9144.0
810.0,TGW610,2.704542253300115,103.72703670401589,9144.0
810.0,TGW625,12.22305147521018,101.09899278845161,9144.0
810.0,TGW285,-7.588735004658343,114.39087150513731,9144.0
810.0,TGW288,0.1275946423853619,105.33051428821535,9144.0
810.0,TGW300,3.0033357400646983,103.88262551022676,9144.0
810.0,TGW305,9.194509704308803,106.4506992848683,9144.0
810.0,TGW350,2.9141439847940145,103.63355846179124,9144.0
810.0,TGW351,17.50139375510647,102.60325350661579,9144.0
810.0,TGW386,1.4897579951033821,105.65824549060956,9144.0
810.0,TGW388,1.3576269902677705,105.58589160627531,9144.0
810.0,TGW390,1.3470459246958308,105.12111951717536,9144.0
810.0,TGW397,12.89705805923701,120.11055888464172,9144.0
810.0,TGW427,3.7008003696735767,101.26394658223509,9144.0
810.0,TGW431,1.4174960729230743,108.2513011737837,9144.0
810.0,TGW453,1.4043394081674594,103.12281823685638,9144.0
810.0,TGW484,2.324990822230251,102.79345954657887,9144.0
810.0,TGW486,2.247846939966814,103.057581783156,9144.0
810.0,TGW487,3.271538721084298,101.74661128929496,9144.0
810.0,TGW491,4.762046177240005,114.20553732812513,9144.0
810.0,TGW610,2.704542253300115,103.72703670401589,9144.0
810.0,TGW625,12.22305147521018,101.09899278845161,9144.0
820.0,TGW285,-7.564833612843768,114.37211214519027,9144.0
820.0,TGW288,0.113773918005478,105.35732691975204,9144.0
820.0,TGW300,3.0344673041023817,103.88411760492409,9144.0
820.0,TGW305,9.164119763488978,106.43821810957965,9144.0
820.0,TGW350,2.9428730630915734,103.62072138226824,9144.0
820.0,TGW351,17.491857247612334,102.62990243785192,9144.0
820.0,TGW386,1.5036684038576746,105.68325363823539,9144.0
820.0,TGW388,1.3569700167055527,105.61546251608735,9144.0
820.0,TGW390,1.3475958923825873,105.14924636971563,9144.0
820.0,TGW397,12.873236490444725,120.08857703133769,9144.0
820.0,TGW427,3.672558676729181,101.27861405951289,9144.0
820.0,TGW431,1.4170726485397356,108.21867374629608,9144.0
820.0,TGW453,1.3842284202678963,103.13855553273868,9144.0
820.0,TGW484,2.3340385702050295,102.76306015938003,9144.0
820.0,TGW486,2.256643077153775,103.02771953738434,9144.0
820.0,TGW487,3.2463559108840525,101.76202031710837,9144.0
820.0,TGW491,4.748102721571731,114.1764598083767,9144.0
820.0,TGW610,2.7326532509083528,103.71425682920032,9144.0
820.0,TGW625,12.192172780409592,101.10413024154813,9144.0
820.0,TGW285,-7.564833612843768,114.37211214519027,9144.0
820.0,TGW288,0.113773918005478,105.35732691975204,9144.0
820.0,TGW300,3.0344673041023817,103.88411760492409,9144.0
820.0,TGW305,9.164119763488978,106.43821810957965,9144.0
820.0,TGW350,2.9428730630915734,103.62072138226824,9144.0
820.0,TGW351,17.491857247612334,102.62990243785192,9144.0
820.0,TGW386,1.5036684038576746,105.68325363823539,9144.0
820.0,TGW388,1.3569700167055527,105.61546251608735,9144.0
820.0,TGW390,1.3475958923825873,105.14924636971563,9144.0
820.0,TGW397,12.873236490444725,120.08857703133769,9144.0
820.0,TGW427,3.672558676729181,101.27861405951289,9144.0
820.0,TGW431,1.4170726485397356,108.21867374629608,9144.0
820.0,TGW453,1.3842284202678963,103.13855553273868,9144.0
820.0,TGW484,2.3340385702050295,102.76306015938003,9144.0
820.0,TGW486,2.256643077153775,103.02771953738434,9144.0
820.0,TGW487,3.2463559108840525,101.76202031710837,9144.0
820.0,TGW491,4.748102721571731,114.1764598083767,9144.0
820.0,TGW610,2.7326532509083528,103.71425682920032,9144.0
820.0,TGW625,12.192172780409592,101.10413024154813,9144.0
830.0,TGW285,-7.540898226523428,114.35339798163676,9144.0
830.0,TGW288,0.10003192742164631,105.38417997712513,9144.0
830.0,TGW300,3.065591229831968,103.88576179651778,9144.0
830.0,TGW305,9.133357041034051,106.42558628539801,9144.0
830.0,TGW350,2.9717085860261685,103.60783595614502,9144.0
830.0,TGW351,17.47859425900101,102.65473539428966,9144.0
830.0,TGW386,1.5201012134455067,105.70697487237793,9144.0
830.0,TGW388,1.3563056114240315,105.64533146853334,9144.0
830.0,TGW390,1.3483520609433388,105.17736844022163,9144.0
830.0,TGW397,12.849378006912747,120.0666394305465,9144.0
830.0,TGW427,3.644368372291823,101.29325370086956,9144.0
830.0,TGW431,1.4166459185532185,108.18593112298569,9144.0
830.0,TGW453,1.3671036760631556,103.15655674484417,9144.0
830.0,TGW484,2.3430848293591304,102.73266013235445,9144.0
830.0,TGW486,2.2652885736293764,102.99836511230987,9144.0
830.0,TGW487,3.2209182990540417,101.77758425295907,9144.0
830.0,TGW491,4.734105519159076,114.14727986884311,9144.0
830.0,TGW610,2.7608152058731266,103.70158959926617,9144.0
830.0,TGW625,12.160890542036055,101.10933358914075,9144.0
830.0,TGW285,-7.540898226523428,114.35339798163676,9144.0
830.0,TGW288,0.10003192742164631,105.38417997712513,9144.0
830.0,TGW300,3.065591229831968,103.88576179651778,9144.0
830.0,TGW305,9.133357041034051,106.42558628539801,9144.0
830.0,TGW350,2.9717085860261685,103.60783595614502,9144.0
830.0,TGW351,17.47859425900101,102.65473539428966,9144.0
830.0,TGW386,1.5201012134455067,105.70697487237793,9144.0
830.0,TGW388,1.3563056114240315,105.64533146853334,9144.0
830.0,TGW390,1.3483520609433388,105.17736844022163,9144.0
830.0,TGW397,12.849378006912747,120.0666394305465,9144.0
830.0,TGW427,3.644368372291823,101.29325370086956,9144.0
830.0,TGW431,1.4166459185532185,108.18593112298569,9144.0
830.0,TGW453,1.3671036760631556,103.15655674484417,9144.0
830.0,TGW484,2.3430848293591304,102.73266013235445,9144.0
830.0,TGW486,2.2652885736293764,102.99836511230987,9144.0
830.0,TGW487,3.2209182990540417,101.77758425295907,9144.0
830.0,TGW491,4.734105519159076,114.14727986884311,9144.0
830.0,TGW610,2.7608152058731266,103.70158959926617,9144.0
830.0,TGW625,12.160890542036055,101.10933358914075,9144.0
840.0,TGW285,-7.516821628515827,114.33457642260237,9144.0
840.0,TGW288,0.08647943838790109,105.41066256199632,9144.0
840.0,TGW300,3.097182116391984,103.88743075433095,9144.0
840.0,TGW305,9.102574164311646,106.41300601439438,9144.0
840.0,TGW350,3.0005834217528458,103.59503877100997,9144.0
840.0,TGW351,17.461908589242537,102.67718344167629,9144.0
840.0,TGW386,1.5366707136146844,105.73089431438262,9144.0
840.0,TGW388,1.3558130311274674,105.67520374443394,9144.0
840.0,TGW390,1.3491139273861663,105.20573315578761,9144.0
840.0,TGW397,12.825344166441845,120.04454843453834,9144.0
840.0,TGW427,3.6161341392884205,101.30780764019424,9144.0
840.0,TGW431,1.4164450440094125,108.15318633668436,9144.0
840.0,TGW453,1.3499787470538327,103.17455765344614,9144.0
840.0,TGW484,2.35194471406912,102.70220498110828,9144.0
840.0,TGW486,2.2738360127125175,102.9689817664639,9144.0
840.0,TGW487,3.195483470062944,101.79315236316909,9144.0
840.0,TGW491,4.720141622502197,114.11808445539026,9144.0
840.0,TGW610,2.78929822285148,103.68877724183847,9144.0
840.0,TGW625,12.129616983468631,101.11459063385006,9144.0
840.0,TGW285,-7.516821628515827,114.33457642260237,9144.0
840.0,TGW288,0.08647943838790109,105.41066256199632,9144.0
840.0,TGW300,3.097182116391984,103.88743075433095,9144.0
840.0,TGW305,9.102574164311646,106.41300601439438,9144.0
840.0,TGW350,3.0005834217528458,103.59503877100997,9144.0
840.0,TGW351,17.461908589242537,102.67718344167629,9144.0
840.0,TGW386,1.5366707136146844,105.73089431438262,9144.0
840.0,TGW388,1.3558130311274674,105.67520374443394,9144.0
840.0,TGW390,1.3491139273861663,105.20573315578761,9144.0
840.0,TGW397,12.825344166441845,120.04454843453834,9144.0
840.0,TGW427,3.6161341392884205,101.30780764019424,9144.0
840.0,TGW431,1.4164450440094125,108.15318633668436,9144.0
840.0,TGW453,1.3499787470538327,103.17455765344614,9144.0
840.0,TGW484,2.35194471406912,102.70220498110828,9144.0
840.0,TGW486,2.2738360127125175,102.9689817664639,9144.0
840.0,TGW487,3.195483470062944,101.79315236316909,9144.0
840.0,TGW491,4.720141622502197,114.11808445539026,9144.0
840.0,TGW610,2.78929822285148,103.68877724183847,9144.0
840.0,TGW625,12.129616983468631,101.11459063385006,9144.0
850.0,TGW285,-7.492740985275228,114.3157611713,9144.0
850.0,TGW288,0.07282610481031679,105.43709328793386,9144.0
850.0,TGW300,3.128768327810902,103.88918626894721,9144.0
850.0,TGW305,9.071684693711342,106.40038460511319,9144.0
850.0,TGW350,3.0296711711002873,103.58214642582159,9144.0
850.0,TGW351,17.442182437713026,102.69673254842694,9144.0
850.0,TGW386,1.556443906014149,105.7522398901458,9144.0
850.0,TGW388,1.3553167098508525,105.70525436180004,9144.0
850.0,TGW390,1.3496849782358917,105.23410236355782,9144.0
850.0,TGW397,12.801245162317795,120.02253434127799,9144.0
850.0,TGW427,3.5879514182303653,101.32233390620536,9144.0
850.0,TGW431,1.4162426678097746,108.12044156249473,9144.0
850.0,TGW453,1.332814784132251,103.192521200157,9144.0
850.0,TGW484,2.3608196330133184,102.67169331228776,9144.0
850.0,TGW486,2.282399048768861,102.93954129925805,9144.0
850.0,TGW487,3.1696430082390044,101.80896774390632,9144.0
850.0,TGW491,4.706224546649908,114.08899597155265,9144.0
850.0,TGW610,2.8178341157363254,103.6760830589237,9144.0
850.0,TGW625,12.097999116497453,101.1199042763065,9144.0
850.0,TGW285,-7.492740985275228,114.3157611713,9144.0
850.0,TGW288,0.07282610481031679,105.43709328793386,9144.0
850.0,TGW300,3.128768327810902,103.88918626894721,9144.0
850.0,TGW305,9.071684693711342,106.40038460511319,9144.0
850.0,TGW350,3.0296711711002873,103.58214642582159,9144.0
850.0,TGW351,17.442182437713026,102.69673254842694,9144.0
850.0,TGW386,1.556443906014149,105.7522398901458,9144.0
850.0,TGW388,1.3553167098508525,105.70525436180004,9144.0
850.0,TGW390,1.3496849782358917,105.23410236355782,9144.0
850.0,TGW397,12.801245162317795,120.02253434127799,9144.0
850.0,TGW427,3.5879514182303653,101.32233390620536,9144.0
850.0,TGW431,1.4162426678097746,108.12044156249473,9144.0
850.0,TGW453,1.332814784132251,103.192521200157,9144.0
850.0,TGW484,2.3608196330133184,102.67169331228776,9144.0
850.0,TGW486,2.282399048768861,102.93954129925805,9144.0
850.0,TGW487,3.1696430082390044,101.80896774390632,9144.0
850.0,TGW491,4.706224546649908,114.08899597155265,9144.0
850.0,TGW610,2.8178341157363254,103.6760830589237,9144.0
850.0,TGW625,12.097999116497453,101.1199042763065,9144.0
860.0,TGW285,-7.46868563276707,114.29691407689924,9144.0
860.0,TGW288,0.05911806877057627,105.46362979891148,9144.0
860.0,TGW300,3.1603545363135988,103.8909418893605,9144.0
860.0,TGW305,9.04079467549841,106.38776565473383,9144.0
860.0,TGW350,3.058724330169815,103.56917575190784,9144.0
860.0,TGW351,17.41986764859475,102.71293537383036,9144.0
860.0,TGW386,1.5791910998191714,105.77076329425232,9144.0
860.0,TGW388,1.3560528727804186,105.73530006676029,9144.0
860.0,TGW390,1.3502625506738104,105.26283426982744,9144.0
860.0,TGW397,12.776970862654624,120.0003677971397,9144.0
860.0,TGW427,3.559749543287713,101.3368223590945,9144.0
860.0,TGW431,1.4158025069749136,108.08769912900642,9144.0
860.0,TGW453,1.316000773304254,103.21011801797982,9144.0
860.0,TGW484,2.369729492759273,102.64119164978834,9144.0
860.0,TGW486,2.2948218442854103,102.91151228232143,9144.0
860.0,TGW487,3.1438007254337763,101.82477974653743,9144.0
860.0,TGW491,4.692238543945191,114.05994137281311,9144.0
860.0,TGW610,2.8466370269187133,103.66326936045293,9144.0
860.0,TGW625,12.066382383485017,101.1252243429317,9144.0
860.0,TGW285,-7.46868563276707,114.29691407689924,9144.0
860.0,TGW288,0.05911806877057627,105.46362979891148,9144.0
860.0,TGW300,3.1603545363135988,103.8909418893605,9144.0
860.0,TGW305,9.04079467549841,106.38776565473383,9144.0
860.0,TGW350,3.058724330169815,103.56917575190784,9144.0
860.0,TGW351,17.41986764859475,102.71293537383036,9144.0
860.0,TGW386,1.5791910998191714,105.77076329425232,9144.0
860.0,TGW388,1.3560528727804186,105.73530006676029,9144.0
860.0,TGW390,1.3502625506738104,105.26283426982744,9144.0
860.0,TGW397,12.776970862654624,120.0003677971397,9144.0
860.0,TGW427,3.559749543287713,101.3368223590945,9144.0
860.0,TGW431,1.4158025069749136,108.08769912900642,9144.0
860.0,TGW453,1.316000773304254,103.21011801797982,9144.0
860.0,TGW484,2.369729492759273,102.64119164978834,9144.0
860.0,TGW486,2.2948218442854103,102.91151228232143,9144.0
860.0,TGW487,3.1438007254337763,101.82477974653743,9144.0
860.0,TGW491,4.692238543945191,114.05994137281311,9144.0
860.0,TGW610,2.8466370269187133,103.66326936045293,9144.0
860.0,TGW625,12.066382383485017,101.1252243429317,9144.0
870.0,TGW285,-7.44434969150865,114.27785061886537,9144.0
870.0,TGW288,0.04483893279603749,105.48986341502794,9144.0
870.0,TGW300,3.1919407418817882,103.89269761643925,9144.0
870.0,TGW305,9.009946889482807,106.37504230799725,9144.0
870.0,TGW350,3.0880425458104863,103.55608591353527,9144.0
870.0,TGW351,17.39547536100304,102.72542150212547,9144.0
870.0,TGW386,1.6021393775512112,105.78903699992506,9144.0
870.0,TGW388,1.360882131918447,105.7650242672989,9144.0
870.0,TGW390,1.35101226966979,105.29156220625725,9144.0
870.0,TGW397,12.752708204481142,119.97818998395877,9144.0
870.0,TGW427,3.531651149142716,101.35125656044718,9144.0
870.0,TGW431,1.4153608881926059,108.05495672139838,9144.0
870.0,TGW453,1.3023851629234515,103.2302927807648,9144.0
870.0,TGW484,2.3786380951018273,102.6106894227537,9144.0
870.0,TGW486,2.31088090800568,102.8853989301,9144.0
870.0,TGW487,3.117925179391245,101.84053670272951,9144.0
870.0,TGW491,4.678174356594729,114.03073175070924,9144.0
870.0,TGW610,2.875403171987743,103.65037280904129,9144.0
870.0,TGW625,12.03516724531508,101.13047557679239,9144.0
870.0,TGW285,-7.44434969150865,114.27785061886537,9144.0
870.0,TGW288,0.04483893279603749,105.48986341502794,9144.0
870.0,TGW300,3.1919407418817882,103.89269761643925,9144.0
870.0,TGW305,9.009946889482807,106.37504230799725,9144.0
870.0,TGW350,3.0880425458104863,103.55608591353527,9144.0
870.0,TGW351,17.39547536100304,102.72542150212547,9144.0
870.0,TGW386,1.6021393775512112,105.78903699992506,9144.0
870.0,TGW388,1.360882131918447,105.7650242672989,9144.0
870.0,TGW390,1.35101226966979,105.29156220625725,9144.0
870.0,TGW397,12.752708204481142,119.97818998395877,9144.0
870.0,TGW427,3.531651149142716,101.35125656044718,9144.0
870.0,TGW431,1.4153608881926059,108.05495672139838,9144.0
870.0,TGW453,1.3023851629234515,103.2302927807648,9144.0
870.0,TGW484,2.3786380951018273,102.6106894227537,9144.0
870.0,TGW486,2.31088090800568,102.8853989301,9144.0
870.0,TGW487,3.117925179391245,101.84053670272951,9144.0
870.0,TGW491,4.678174356594729,114.03073175070924,9144.0
870.0,TGW610,2.875403171987743,103.65037280904129,9144.0
870.0,TGW625,12.03516724531508,101.13047557679239,9144.0
880.0,TGW285,-7.419995995525397,114.2588112911284,9144.0
880.0,TGW288,0.03061670753158925,105.51599240594268,9144.0
880.0,TGW300,3.2235317714509675,103.89436406005309,9144.0
880.0,TGW305,8.978992752633738,106.36227761677266,9144.0
880.0,TGW350,3.1173775129620016,103.54303340666212,9144.0
880.0,TGW351,17.369564300912607,102.73390588932604,9144.0
880.0,TGW386,1.6243608556819773,105.80818879815264,9144.0
880.0,TGW388,1.3697033964585732,105.79375469839289,9144.0
880.0,TGW390,1.3517659195407399,105.32047090318076,9144.0
880.0,TGW397,12.728314008001046,119.95589909271852,9144.0
880.0,TGW427,3.5034941956084182,101.36557532277031,9144.0
880.0,TGW431,1.4150815387042213,108.02221253015612,9144.0
880.0,TGW453,1.2904167673601765,103.25052780377192,9144.0
880.0,TGW484,2.387552498301918,102.58018869597264,9144.0
880.0,TGW486,2.3290727638799944,102.86036080908049,9144.0
880.0,TGW487,3.091947366211832,101.8563529722583,9144.0
880.0,TGW491,4.664206124115193,114.00147639591185,9144.0
880.0,TGW610,2.9044881651283108,103.63733254596414,9144.0
880.0,TGW625,12.003936218723606,101.135626501891,9144.0
880.0,TGW285,-7.419995995525397,114.2588112911284,9144.0
880.0,TGW288,0.03061670753158925,105.51599240594268,9144.0
880.0,TGW300,3.2235317714509675,103.89436406005309,9144.0
880.0,TGW305,8.978992752633738,106.36227761677266,9144.0
880.0,TGW350,3.1173775129620016,103.54303340666212,9144.0
880.0,TGW351,17.369564300912607,102.73390588932604,9144.0
880.0,TGW386,1.6243608556819773,105.80818879815264,9144.0
880.0,TGW388,1.3697033964585732,105.79375469839289,9144.0
880.0,TGW390,1.3517659195407399,105.32047090318076,9144.0
880.0,TGW397,12.728314008001046,119.95589909271852,9144.0
880.0,TGW427,3.5034941956084182,101.36557532277031,9144.0
880.0,TGW431,1.4150815387042213,108.02221253015612,9144.0
880.0,TGW453,1.2904167673601765,103.25052780377192,9144.0
880.0,TGW484,2.387552498301918,102.58018869597264,9144.0
880.0,TGW486,2.3290727638799944,102.86036080908049,9144.0
880.0,TGW487,3.091947366211832,101.8563529722583,9144.0
880.0,TGW491,4.664206124115193,114.00147639591185,9144.0
880.0,TGW610,2.9044881651283108,103.63733254596414,9144.0
880.0,TGW625,12.003936218723606,101.135626501891,9144.0
890.0,TGW285,-7.395362675810048,114.23955678076678,9144.0
890.0,TGW288,0.016514414992612574,105.54218631868773,9144.0
890.0,TGW300,3.255529332955258,103.89605205403521,9144.0
890.0,TGW305,8.94799634554511,106.34961957776807,9144.0
890.0,TGW350,3.1468711068094564,103.52990946892798,9144.0
890.0,TGW351,17.342727983066602,102.73819533293134,9144.0
890.0,TGW386,1.6467180364034235,105.82745830082371,9144.0
890.0,TGW388,1.3823435358242562,105.8209552869173,9144.0
890.0,TGW390,1.3524808611453494,105.34938059235947,9144.0
890.0,TGW397,12.703964079582379,119.9335595312697,9144.0
890.0,TGW427,3.4754931994841796,101.37981373464903,9144.0
890.0,TGW431,1.414801425594785,107.98952595010115,9144.0
890.0,TGW453,1.2784480907560765,103.27076256569217,9144.0
890.0,TGW484,2.3964656561037394,102.549687406389,9144.0
890.0,TGW486,2.3472638283381846,102.83532178751572,9144.0
890.0,TGW487,3.0660579438475324,101.8723135475196,9144.0
890.0,TGW491,4.6501855888178145,113.97211818176397,9144.0
890.0,TGW610,2.9335803078718174,103.62430794497196,9144.0
890.0,TGW625,11.973863950335419,101.14058516132425,9144.0
890.0,TGW285,-7.395362675810048,114.23955678076678,9144.0
890.0,TGW288,0.016514414992612574,105.54218631868773,9144.0
890.0,TGW300,3.255529332955258,103.89605205403521,9144.0
890.0,TGW305,8.94799634554511,106.34961957776807,9144.0
890.0,TGW350,3.1468711068094564,103.52990946892798,9144.0
890.0,TGW351,17.342727983066602,102.73819533293134,9144.0
890.0,TGW386,1.6467180364034235,105.82745830082371,9144.0
890.0,TGW388,1.3823435358242562,105.8209552869173,9144.0
890.0,TGW390,1.3524808611453494,105.34938059235947,9144.0
890.0,TGW397,12.703964079582379,119.9335595312697,9144.0
890.0,TGW427,3.4754931994841796,101.37981373464903,9144.0
890.0,TGW431,1.414801425594785,107.98952595010115,9144.0
890.0,TGW453,1.2784480907560765,103.27076256569217,9144.0
890.0,TGW484,2.3964656561037394,102.549687406389,9144.0
890.0,TGW486,2.3472638283381846,102.83532178751572,9144.0
890.0,TGW487,3.0660579438475324,101.8723135475196,9144.0
890.0,TGW491,4.6501855888178145,113.97211818176397,9144.0
890.0,TGW610,2.9335803078718174,103.62430794497196,9144.0
890.0,TGW625,11.973863950335419,101.14058516132425,9144.0
900.0,TGW285,-7.370745530362073,114.22028232067518,9144.0
900.0,TGW288,0.002610338581076921,105.56801203063199,9144.0
900.0,TGW300,3.2875073783397712,103.89807743811022,9144.0
900.0,TGW305,8.916893590239308,106.33692059488953,9144.0
900.0,TGW350,3.176356361300514,103.51676637590523,9144.0
900.0,TGW351,17.31558111601951,102.73819282190483,9144.0
900.0,TGW386,1.669269067914454,105.84650060393942,9144.0
900.0,TGW388,1.3985826211164138,105.84617205663325,9144.0
900.0,TGW390,1.3532010125804212,105.37853069234554,9144.0
900.0,TGW397,12.679568846500942,119.91118549817803,9144.0
900.0,TGW427,3.4475117914719213,101.39409032264957,9144.0
900.0,TGW431,1.414357259250523,107.95684119503383,9144.0
900.0,TGW453,1.2660397064574285,103.2907304808297,9144.0
900.0,TGW484,2.405351923097505,102.51917805943748,9144.0
900.0,TGW486,2.365169961336435,102.81007755056994,9144.0
900.0,TGW487,3.0400171651073102,101.88836606221652,9144.0
900.0,TGW491,4.636116514485328,113.94278393637445,9144.0
900.0,TGW610,2.9629900899734953,103.61114034286585,9144.0
900.0,TGW625,11.94379105092638,101.14553926930768,9144.0
900.0,TGW285,-7.370745530362073,114.22028232067518,9144.0
900.0,TGW288,0.002610338581076921,105.56801203063199,9144.0
900.0,TGW300,3.2875073783397712,103.89807743811022,9144.0
900.0,TGW305,8.916893590239308,106.33692059488953,9144.0
900.0,TGW350,3.176356361300514,103.51676637590523,9144.0
900.0,TGW351,17.31558111601951,102.73819282190483,9144.0
900.0,TGW386,1.669269067914454,105.84650060393942,9144.0
900.0,TGW388,1.3985826211164138,105.84617205663325,9144.0
900.0,TGW390,1.3532010125804212,105.37853069234554,9144.0
900.0,TGW397,12.679568846500942,119.91118549817803,9144.0
900.0,TGW427,3.4475117914719213,101.39409032264957,9144.0
900.0,TGW431,1.414357259250523,107.95684119503383,9144.0
900.0,TGW453,1.2660397064574285,103.2907304808297,9144.0
900.0,TGW484,2.405351923097505,102.51917805943748,9144.0
900.0,TGW486,2.365169961336435,102.81007755056994,9144.0
900.0,TGW487,3.0400171651073102,101.88836606221652,9144.0
900.0,TGW491,4.636116514485328,113.94278393637445,9144.0
900.0,TGW610,2.9629900899734953,103.61114034286585,9144.0
900.0,TGW625,11.94379105092638,101.14553926930768,9144.0
910.0,TGW285,-7.345988534238774,114.20090176131905,9144.0
910.0,TGW288,-0.011504904898846617,105.59372293619865,9144.0
910.0,TGW300,3.319543305433423,103.90010661885256,9144.0
910.0,TGW305,8.885785184106785,106.32423688073172,9144.0
910.0,TGW350,3.2057356314909904,103.50366966532751,9144.0
910.0,TGW351,17.288745521717885,102.73389967427437,9144.0
910.0,TGW386,1.6924107968353765,105.86604246963087,9144.0
910.0,TGW388,1.4181156986192522,105.86893146555512,9144.0
910.0,TGW390,1.3539103255644216,105.40768106675395,9144.0
910.0,TGW397,12.655176442671708,119.88881036563765,9144.0
910.0,TGW427,3.4196343802654363,101.40831282829481,9144.0
910.0,TGW431,1.4139119812776442,107.92415646137161,9144.0
910.0,TGW453,1.2544510520575758,103.30937835045009,9144.0
910.0,TGW484,2.4142043667556536,102.48878011164112,9144.0
910.0,TGW486,2.3831093637856413,102.78478451270323,9144.0
910.0,TGW487,3.013953407122669,101.90438074888478,9144.0
910.0,TGW491,4.621995107836311,113.91334702692794,9144.0
910.0,TGW610,2.9924703910584607,103.59813146862338,9144.0
910.0,TGW625,11.913951755901426,101.15045378476428,9144.0
910.0,TGW285,-7.345988534238774,114.20090176131905,9144.0
910.0,TGW288,-0.011504904898846617,105.59372293619865,9144.0
910.0,TGW300,3.319543305433423,103.90010661885256,9144.0
910.0,TGW305,8.885785184106785,106.32423688073172,9144.0
910.0,TGW350,3.2057356314909904,103.50366966532751,9144.0
910.0,TGW351,17.288745521717885,102.73389967427437,9144.0
910.0,TGW386,1.6924107968353765,105.86604246963087,9144.0
910.0,TGW388,1.4181156986192522,105.86893146555512,9144.0
910.0,TGW390,1.3539103255644216,105.40768106675395,9144.0
910.0,TGW397,12.655176442671708,119.88881036563765,9144.0
910.0,TGW427,3.4196343802654363,101.40831282829481,9144.0
910.0,TGW431,1.4139119812776442,107.92415646137161,9144.0
910.0,TGW453,1.2544510520575758,103.30937835045009,9144.0
910.0,TGW484,2.4142043667556536,102.48878011164112,9144.0
910.0,TGW486,2.3831093637856413,102.78478451270323,9144.0
910.0,TGW487,3.013953407122669,101.90438074888478,9144.0
910.0,TGW491,4.621995107836311,113.91334702692794,9144.0
910.0,TGW610,2.9924703910584607,103.59813146862338,9144.0
910.0,TGW625,11.913951755901426,101.15045378476428,9144.0
920.0,TGW285,-7.3212215975718475,114.18153519552446,9144.0
920.0,TGW288,-0.02570651395669481,105.61959116126081,9144.0
920.0,TGW300,3.3516211199193684,103.90129954597076,9144.0
920.0,TGW305,8.854941290673802,106.31166342847922,9144.0
920.0,TGW350,3.2350389901966152,103.49040306753187,9144.0
920.0,TGW351,17.262835892142824,102.72541542113981,9144.0
920.0,TGW386,1.716608863231086,105.88425901154955,9144.0
920.0,TGW388,1.4380900914823622,105.89185804545772,9144.0
920.0,TGW390,1.3546261406736175,105.43713099566568,9144.0
920.0,TGW397,12.630695956497446,119.86636144402142,9144.0
920.0,TGW427,3.391753295210619,101.4225276931829,9144.0
920.0,TGW431,1.4128797872586434,107.8914850184079,9144.0
920.0,TGW453,1.2421858176494067,103.32758804964044,9144.0
920.0,TGW484,2.4231326663385664,102.45840419676907,9144.0
920.0,TGW486,2.401122355270356,102.7595435892927,9144.0
920.0,TGW487,2.98763820423945,101.92054869129245,9144.0
920.0,TGW491,4.607859132649299,113.88391774251238,9144.0
920.0,TGW610,3.0222678232615285,103.58498183981028,9144.0
920.0,TGW625,11.884122031882182,101.15542807342993,9144.0
920.0,TGW285,-7.3212215975718475,114.18153519552446,9144.0
920.0,TGW288,-0.02570651395669481,105.61959116126081,9144.0
920.0,TGW300,3.3516211199193684,103.90129954597076,9144.0
920.0,TGW305,8.854941290673802,106.31166342847922,9144.0
920.0,TGW350,3.2350389901966152,103.49040306753187,9144.0
920.0,TGW351,17.262835892142824,102.72541542113981,9144.0
920.0,TGW386,1.716608863231086,105.88425901154955,9144.0
920.0,TGW388,1.4380900914823622,105.89185804545772,9144.0
920.0,TGW390,1.3546261406736175,105.43713099566568,9144.0
920.0,TGW397,12.630695956497446,119.86636144402142,9144.0
920.0,TGW427,3.391753295210619,101.4225276931829,9144.0
920.0,TGW431,1.4128797872586434,107.8914850184079,9144.0
920.0,TGW453,1.2421858176494067,103.32758804964044,9144.0
920.0,TGW484,2.4231326663385664,102.45840419676907,9144.0
920.0,TGW486,2.401122355270356,102.7595435892927,9144.0
920.0,TGW487,2.98763820423945,101.92054869129245,9144.0
920.0,TGW491,4.607859132649299,113.88391774251238,9144.0
920.0,TGW610,3.0222678232615285,103.58498183981028,9144.0
920.0,TGW625,11.884122031882182,101.15542807342993,9144.0
930.0,TGW285,-7.2963150602413025,114.16206281064076,9144.0
930.0,TGW288,-0.04003774834014772,105.64538780210796,9144.0
930.0,TGW300,3.3832341536475554,103.90247526501629,9144.0
930.0,TGW305,8.824137237527465,106.29899139118191,9144.0
930.0,TGW350,3.264500403777022,103.47706402261791,9144.0
930.0,TGW351,17.23844570927031,102.71293544753473,9144.0
930.0,TGW386,1.7413252349245598,105.90286644172457,9144.0
930.0,TGW388,1.454791110213355,105.91726996348618,9144.0
930.0,TGW390,1.3552670929624375,105.4665826577607,9144.0
930.0,TGW397,12.606186451458692,119.84394794732435,9144.0
930.0,TGW427,3.363924152239289,101.43671507670513,9144.0
930.0,TGW431,1.4118378035305286,107.85852613996572,9144.0
930.0,TGW453,1.2305073401036013,103.34492526968873,9144.0
930.0,TGW484,2.4320597771031003,102.42802773122145,9144.0
930.0,TGW486,2.4190321207543075,102.73444547313505,9144.0
930.0,TGW487,2.9613253433283835,101.93672006939138,9144.0
930.0,TGW491,4.593671460092149,113.85438566291747,9144.0
930.0,TGW610,3.0520308396709726,103.57175391793471,9144.0
930.0,TGW625,11.853942034572107,101.16045964119296,9144.0
930.0,TGW285,-7.2963150602413025,114.16206281064076,9144.0
930.0,TGW288,-0.04003774834014772,105.64538780210796,9144.0
930.0,TGW300,3.3832341536475554,103.90247526501629,9144.0
930.0,TGW305,8.824137237527465,106.29899139118191,9144.0
930.0,TGW350,3.264500403777022,103.47706402261791,9144.0
930.0,TGW351,17.23844570927031,102.71293544753473,9144.0
930.0,TGW386,1.7413252349245598,105.90286644172457,9144.0
930.0,TGW388,1.454791110213355,105.91726996348618,9144.0
930.0,TGW390,1.3552670929624375,105.4665826577607,9144.0
930.0,TGW397,12.606186451458692,119.84394794732435,9144.0
930.0,TGW427,3.363924152239289,101.43671507670513,9144.0
930.0,TGW431,1.4118378035305286,107.85852613996572,9144.0
930.0,TGW453,1.2305073401036013,103.34492526968873,9144.0
930.0,TGW484,2.4320597771031003,102.42802773122145,9144.0
930.0,TGW486,2.4190321207543075,102.73444547313505,9144.0
930.0,TGW487,2.9613253433283835,101.93672006939138,9144.0
930.0,TGW491,4.593671460092149,113.85438566291747,9144.0
930.0,TGW610,3.0520308396709726,103.57175391793471,9144.0
930.0,TGW625,11.853942034572107,101.16045964119296,9144.0
940.0,TGW285,-7.2714163638034925,114.14258131868819,9144.0
940.0,TGW288,-0.054484889567297745,105.67139311665441,9144.0
940.0,TGW300,3.414834734344018,103.90394917474762,9144.0
940.0,TGW305,8.793279726299996,106.28629976218201,9144.0
940.0,TGW350,3.2940118034345867,103.4638359072127,9144.0
940.0,TGW351,17.216133650864677,102.69674645130604,9144.0
940.0,TGW386,1.766833485471212,105.92037176202213,9144.0
940.0,TGW388,1.4748310996629619,105.94029655224175,9144.0
940.0,TGW390,1.3559084952200302,105.49609412832739,9144.0
940.0,TGW397,12.581588893837088,119.82146088605305,9144.0
940.0,TGW427,3.336142001163129,101.4509941728065,9144.0
940.0,TGW431,1.4108664796403891,107.82556511590677,9144.0
940.0,TGW453,1.2197241151881815,103.36283322304817,9144.0
940.0,TGW484,2.4424269349160665,102.3981127071261,9144.0
940.0,TGW486,2.437008202734482,102.70939456375766,9144.0
940.0,TGW487,2.935012098365818,101.95289043843778,9144.0
940.0,TGW491,4.579478611299218,113.82485667348959,9144.0
940.0,TGW610,3.0820042733753263,103.5584316337611,9144.0
940.0,TGW625,11.82376190568519,101.16548982946321,9144.0
940.0,TGW285,-7.2714163638034925,114.14258131868819,9144.0
940.0,TGW288,-0.054484889567297745,105.67139311665441,9144.0
940.0,TGW300,3.414834734344018,103.90394917474762,9144.0
940.0,TGW305,8.793279726299996,106.28629976218201,9144.0
940.0,TGW350,3.2940118034345867,103.4638359072127,9144.0
940.0,TGW351,17.216133650864677,102.69674645130604,9144.0
940.0,TGW386,1.766833485471212,105.92037176202213,9144.0
940.0,TGW388,1.4748310996629619,105.94029655224175,9144.0
940.0,TGW390,1.3559084952200302,105.49609412832739,9144.0
940.0,TGW397,12.581588893837088,119.82146088605305,9144.0
940.0,TGW427,3.336142001163129,101.4509941728065,9144.0
940.0,TGW431,1.4108664796403891,107.82556511590677,9144.0
940.0,TGW453,1.2197241151881815,103.36283322304817,9144.0
940.0,TGW484,2.4424269349160665,102.3981127071261,9144.0
940.0,TGW486,2.437008202734482,102.70939456375766,9144.0
940.0,TGW487,2.935012098365818,101.95289043843778,9144.0
940.0,TGW491,4.579478611299218,113.82485667348959,9144.0
940.0,TGW610,3.0820042733753263,103.5584316337611,9144.0
940.0,TGW625,11.82376190568519,101.16548982946321,9144.0
950.0,TGW285,-7.246332401273331,114.12295817515232,9144.0
950.0,TGW288,-0.07166041836120826,105.69568298689526,9144.0
950.0,TGW300,3.4464353127998377,103.90542318142298,9144.0
950.0,TGW305,8.762395204850314,106.27367663466315,9144.0
950.0,TGW350,3.323470213788871,103.45063064693086,9144.0
950.0,TGW351,17.196410793491978,102.6772198298627,9144.0
950.0,TGW386,1.7929207428829896,105.93827511835633,9144.0
950.0,TGW388,1.495085225216785,105.96344959781437,9144.0
950.0,TGW390,1.3566755166447897,105.5256026088517,9144.0
950.0,TGW397,12.557045312915742,119.79891414761408,9144.0
950.0,TGW427,3.308620615532568,101.46513826993946,9144.0
950.0,TGW431,1.4099012344966655,107.7928340435084,9144.0
950.0,TGW453,1.208441228228142,103.38035181696354,9144.0
950.0,TGW484,2.4528311729599146,102.36808689262506,9144.0
950.0,TGW486,2.455017904876026,102.68429498785831,9144.0
950.0,TGW487,2.9086901983193356,101.96904629914704,9144.0
950.0,TGW491,4.565363018590921,113.79529102110186,9144.0
950.0,TGW610,3.111977438704097,103.545108366944,9144.0
950.0,TGW625,11.793596409440012,101.17061025282517,9144.0
950.0,TGW285,-7.246332401273331,114.12295817515232,9144.0
950.0,TGW288,-0.07166041836120826,105.69568298689526,9144.0
950.0,TGW300,3.4464353127998377,103.90542318142298,9144.0
950.0,TGW305,8.762395204850314,106.27367663466315,9144.0
950.0,TGW350,3.323470213788871,103.45063064693086,9144.0
950.0,TGW351,17.196410793491978,102.6772198298627,9144.0
950.0,TGW386,1.7929207428829896,105.93827511835633,9144.0
950.0,TGW388,1.495085225216785,105.96344959781437,9144.0
950.0,TGW390,1.3566755166447897,105.5256026088517,9144.0
950.0,TGW397,12.557045312915742,119.79891414761408,9144.0
950.0,TGW427,3.308620615532568,101.46513826993946,9144.0
950.0,TGW431,1.4099012344966655,107.7928340435084,9144.0
950.0,TGW453,1.208441228228142,103.38035181696354,9144.0
950.0,TGW484,2.4528311729599146,102.36808689262506,9144.0
950.0,TGW486,2.455017904876026,102.68429498785831,9144.0
950.0,TGW487,2.9086901983193356,101.96904629914704,9144.0
950.0,TGW491,4.565363018590921,113.79529102110186,9144.0
950.0,TGW610,3.111977438704097,103.545108366944,9144.0
950.0,TGW625,11.793596409440012,101.17061025282517,9144.0
960.0,TGW285,-7.221234847931606,114.10335378816825,9144.0
960.0,TGW288,-0.08883592553868878,105.71997288261949,9144.0
960.0,TGW300,3.4780145175427366,103.90730153584303,9144.0
960.0,TGW305,8.731616353075117,106.2610990503002,9144.0
960.0,TGW350,3.3529281886339786,103.43742401583086,9144.0
960.0,TGW351,17.17932432914757,102.65440179374191,9144.0
960.0,TGW386,1.8188557687964153,105.95639876957429,9144.0
960.0,TGW388,1.5153390198845307,105.98660314810417,9144.0
960.0,TGW390,1.3574448553221148,105.55523054535138,9144.0
960.0,TGW397,12.532499411023304,119.77637221028452,9144.0
960.0,TGW427,3.2806792974187706,101.4784302650533,9144.0
960.0,TGW431,1.4091596037127387,107.76009714794914,9144.0
960.0,TGW453,1.1973735290081526,103.39753580153284,9144.0
960.0,TGW484,2.466355441754226,102.3393332557682,9144.0
960.0,TGW486,2.4729790895686348,102.65916026729052,9144.0
960.0,TGW487,2.8826693881772547,101.98501615191041,9144.0
960.0,TGW491,4.551317005551192,113.76588490920071,9144.0
960.0,TGW610,3.141922977740432,103.5317225574839,9144.0
960.0,TGW625,11.76325633887254,101.17575905219772,9144.0
960.0,TGW285,-7.221234847931606,114.10335378816825,9144.0
960.0,TGW288,-0.08883592553868878,105.71997288261949,9144.0
960.0,TGW300,3.4780145175427366,103.90730153584303,9144.0
960.0,TGW305,8.731616353075117,106.2610990503002,9144.0
960.0,TGW350,3.3529281886339786,103.43742401583086,9144.0
960.0,TGW351,17.17932432914757,102.65440179374191,9144.0
960.0,TGW386,1.8188557687964153,105.95639876957429,9144.0
960.0,TGW388,1.5153390198845307,105.98660314810417,9144.0
960.0,TGW390,1.3574448553221148,105.55523054535138,9144.0
960.0,TGW397,12.532499411023304,119.77637221028452,9144.0
960.0,TGW427,3.2806792974187706,101.4784302650533,9144.0
960.0,TGW431,1.4091596037127387,107.76009714794914,9144.0
960.0,TGW453,1.1973735290081526,103.39753580153284,9144.0
960.0,TGW484,2.466355441754226,102.3393332557682,9144.0
960.0,TGW486,2.4729790895686348,102.65916026729052,9144.0
960.0,TGW487,2.8826693881772547,101.98501615191041,9144.0
960.0,TGW491,4.551317005551192,113.76588490920071,9144.0
960.0,TGW610,3.141922977740432,103.5317225574839,9144.0
960.0,TGW625,11.76325633887254,101.17575905219772,9144.0
970.0,TGW285,-7.195906541117012,114.08357246576549,9144.0
970.0,TGW288,-0.105288456248669,105.74475820025805,9144.0
970.0,TGW300,3.5097100226339055,103.9091869346892,9144.0
970.0,TGW305,8.700865939747752,106.24845150607545,9144.0
970.0,TGW350,3.382350838754352,103.4241382018412,9144.0
970.0,TGW351,17.16565076419286,102.62919100779696,9144.0
970.0,TGW386,1.8446470761467864,105.97442267783143,9144.0
970.0,TGW388,1.5375169967472373,106.00791963629743,9144.0
970.0,TGW390,1.3605376906067845,105.58470660444141,9144.0
970.0,TGW397,12.507915766308837,119.75387562000813,9144.0
970.0,TGW427,3.2528972085572616,101.49164563713796,9144.0
970.0,TGW431,1.4084160095559004,107.72730273187769,9144.0
970.0,TGW453,1.1858649170524462,103.4144274684051,9144.0
970.0,TGW484,2.481388089040171,102.31147224485086,9144.0
970.0,TGW486,2.4909396457795894,102.63402475525855,9144.0
970.0,TGW487,2.856626499167821,102.00094951960955,9144.0
970.0,TGW491,4.537145649311172,113.73653995574404,9144.0
970.0,TGW610,3.1721304619862547,103.51821852503166,9144.0
970.0,TGW625,11.732873212929517,101.18063522436925,9144.0
970.0,TGW285,-7.195906541117012,114.08357246576549,9144.0
970.0,TGW288,-0.105288456248669,105.74475820025805,9144.0
970.0,TGW300,3.5097100226339055,103.9091869346892,9144.0
970.0,TGW305,8.700865939747752,106.24845150607545,9144.0
970.0,TGW350,3.382350838754352,103.4241382018412,9144.0
970.0,TGW351,17.16565076419286,102.62919100779696,9144.0
970.0,TGW386,1.8446470761467864,105.97442267783143,9144.0
970.0,TGW388,1.5375169967472373,106.00791963629743,9144.0
970.0,TGW390,1.3605376906067845,105.58470660444141,9144.0
970.0,TGW397,12.507915766308837,119.75387562000813,9144.0
970.0,TGW427,3.2528972085572616,101.49164563713796,9144.0
970.0,TGW431,1.4084160095559004,107.72730273187769,9144.0
970.0,TGW453,1.1858649170524462,103.4144274684051,9144.0
970.0,TGW484,2.481388089040171,102.31147224485086,9144.0
970.0,TGW486,2.4909396457795894,102.63402475525855,9144.0
970.0,TGW487,2.856626499167821,102.00094951960955,9144.0
970.0,TGW491,4.537145649311172,113.73653995574404,9144.0
970.0,TGW610,3.1721304619862547,103.51821852503166,9144.0
970.0,TGW625,11.732873212929517,101.18063522436925,9144.0
980.0,TGW285,-7.170567174973331,114.06380663975057,9144.0
980.0,TGW288,-0.12167500448192585,105.76944418127336,9144.0
980.0,TGW300,3.541278867467633,103.91259262667573,9144.0
980.0,TGW305,8.670274374795596,106.2358716142906,9144.0
980.0,TGW350,3.411983930982252,103.4107561561956,9144.0
980.0,TGW351,17.15569098231803,102.6021419989107,9144.0
980.0,TGW386,1.870438113869605,105.99244723543949,9144.0
980.0,TGW388,1.5597371599249208,106.02927742789119,9144.0
980.0,TGW390,1.3636484776743192,105.61436068528323,9144.0
980.0,TGW397,12.483415538446737,119.73146216492783,9144.0
980.0,TGW427,3.2248835784313923,101.50436083946218,9144.0
980.0,TGW431,1.4076704721984044,107.69450837044026,9144.0
980.0,TGW453,1.174543492902553,103.43104388213584,9144.0
980.0,TGW484,2.4964198096738075,102.28361041530586,9144.0
980.0,TGW486,2.5088821057701196,102.60887595414272,9144.0
980.0,TGW487,2.8302314137614584,102.0170973050205,9144.0
980.0,TGW491,4.522971182929802,113.70719708905553,9144.0
980.0,TGW610,3.2023524099257927,103.50474659730813,9144.0
980.0,TGW625,11.702373714382924,101.18552888751371,9144.0
980.0,TGW285,-7.170567174973331,114.06380663975057,9144.0
980.0,TGW288,-0.12167500448192585,105.76944418127336,9144.0
980.0,TGW300,3.541278867467633,103.91259262667573,9144.0
980.0,TGW305,8.670274374795596,106.2358716142906,9144.0
980.0,TGW350,3.411983930982252,103.4107561561956,9144.0
980.0,TGW351,17.15569098231803,102.6021419989107,9144.0
980.0,TGW386,1.870438113869605,105.99244723543949,9144.0
980.0,TGW388,1.5597371599249208,106.02927742789119,9144.0
980.0,TGW390,1.3636484776743192,105.61436068528323,9144.0
980.0,TGW397,12.483415538446737,119.73146216492783,9144.0
980.0,TGW427,3.2248835784313923,101.50436083946218,9144.0
980.0,TGW431,1.4076704721984044,107.69450837044026,9144.0
980.0,TGW453,1.174543492902553,103.43104388213584,9144.0
980.0,TGW484,2.4964198096738075,102.28361041530586,9144.0
980.0,TGW486,2.5088821057701196,102.60887595414272,9144.0
980.0,TGW487,2.8302314137614584,102.0170973050205,9144.0
980.0,TGW491,4.522971182929802,113.70719708905553,9144.0
980.0,TGW610,3.2023524099257927,103.50474659730813,9144.0
980.0,TGW625,11.702373714382924,101.18552888751371,9144.0
990.0,TGW285,-7.145272665418881,114.04407906884241,9144.0
990.0,TGW288,-0.1380614911596312,105.79413021915208,9144.0
990.0,TGW300,3.573309507929952,103.91604837720308,9144.0
990.0,TGW305,8.63967723103855,106.22330663476266,9144.0
990.0,TGW350,3.4422092117939975,103.39877639138993,9144.0
990.0,TGW351,17.14966414626036,102.57384953968338,9144.0
990.0,TGW386,1.8963128914021616,106.01035151140613,9144.0
990.0,TGW388,1.581559898847172,106.05104166118801,9144.0
990.0,TGW390,1.370806809254502,105.64330513620096,9144.0
990.0,TGW397,12.458897078687613,119.7090717527648,9144.0
990.0,TGW427,3.196977129482196,101.51702658346927,9144.0
990.0,TGW431,1.4068971681432616,107.66171466326564,9144.0
990.0,TGW453,1.1635689890148146,103.44789146792559,9144.0
990.0,TGW484,2.5144990508423315,102.2576257650281,9144.0
990.0,TGW486,2.5269678142833,102.58382982226479,9144.0
990.0,TGW487,2.8038322534179763,102.03323804544013,9144.0
990.0,TGW491,4.508907156678354,113.67780136661298,9144.0
990.0,TGW610,3.2329921224212774,103.49108744210635,9144.0
990.0,TGW625,11.671942386189782,101.19084618115711,9144.0
990.0,TGW285,-7.145272665418881,114.04407906884241,9144.0
990.0,TGW288,-0.1380614911596312,105.79413021915208,9144.0
990.0,TGW300,3.573309507929952,103.91604837720308,9144.0
990.0,TGW305,8.63967723103855,106.22330663476266,9144.0
990.0,TGW350,3.4422092117939975,103.39877639138993,9144.0
990.0,TGW351,17.14966414626036,102.57384953968338,9144.0
990.0,TGW386,1.8963128914021616,106.01035151140613,9144.0
990.0,TGW388,1.581559898847172,106.05104166118801,9144.0
990.0,TGW390,1.370806809254502,105.64330513620096,9144.0
990.0,TGW397,12.458897078687613,119.7090717527648,9144.0
990.0,TGW427,3.196977129482196,101.51702658346927,9144.0
990.0,TGW431,1.4068971681432616,107.66171466326564,9144.0
990.0,TGW453,1.1635689890148146,103.44789146792559,9144.0
990.0,TGW484,2.5144990508423315,102.2576257650281,9144.0
990.0,TGW486,2.5269678142833,102.58382982226479,9144.0
990.0,TGW487,2.8038322534179763,102.03323804544013,9144.0
990.0,TGW491,4.508907156678354,113.67780136661298,9144.0
990.0,TGW610,3.2329921224212774,103.49108744210635,9144.0
990.0,TGW625,11.671942386189782,101.19084618115711,9144.0
1000.0,TGW285,-7.121030896428908,114.02305292800757,9144.0
1000.0,TGW288,-0.15437603467909652,105.81886388010793,9144.0
1000.0,TGW300,3.6054020921459657,103.91886888212632,9144.0
1000.0,TGW305,8.609078120561954,106.21074757343413,9144.0
1000.0,TGW350,3.4724342885875683,103.38679572816703,9144.0
1000.0,TGW351,17.147702875177995,102.54493562650042,9144.0
1000.0,TGW386,1.9221874257124874,106.02825640878888,9144.0
1000.0,TGW388,1.6035488529922104,106.07297243421937,9144.0
1000.0,TGW390,1.3814138641049136,105.67155192195456,9144.0
1000.0,TGW397,12.434398250977493,119.68666092873343,9144.0
1000.0,TGW427,3.1691547616520865,101.5298761948837,9144.0
1000.0,TGW431,1.4061220245362032,107.62886347141038,9144.0
1000.0,TGW453,1.1529961321879982,103.46412166480178,9144.0
1000.0,TGW484,2.5325439325076413,102.23168793246614,9144.0
1000.0,TGW486,2.5450502841800486,102.55878099742822,9144.0
1000.0,TGW487,2.7772824852913276,102.04946985125498,9144.0
1000.0,TGW491,4.49483983495782,113.64840779909373,9144.0
1000.0,TGW610,3.2635531227848227,103.47725209901121,9144.0
1000.0,TGW625,11.641695197189826,101.19800805529862,9144.0
1000.0,TGW285,-7.121030896428908,114.02305292800757,9144.0
1000.0,TGW288,-0.15437603467909652,105.81886388010793,9144.0
1000.0,TGW300,3.6054020921459657,103.91886888212632,9144.0
1000.0,TGW305,8.609078120561954,106.21074757343413,9144.0
1000.0,TGW350,3.4724342885875683,103.38679572816703,9144.0
1000.0,TGW351,17.147702875177995,102.54493562650042,9144.0
1000.0,TGW386,1.9221874257124874,106.02825640878888,9144.0
1000.0,TGW388,1.6035488529922104,106.07297243421937,9144.0
1000.0,TGW390,1.3814138641049136,105.67155192195456,9144.0
1000.0,TGW397,12.434398250977493,119.68666092873343,9144.0
1000.0,TGW427,3.1691547616520865,101.5298761948837,9144.0
1000.0,TGW431,1.4061220245362032,107.62886347141038,9144.0
1000.0,TGW453,1.1529961321879982,103.46412166480178,9144.0
1000.0,TGW484,2.5325439325076413,102.23168793246614,9144.0
1000.0,TGW486,2.5450502841800486,102.55878099742822,9144.0
1000.0,TGW487,2.7772824852913276,102.04946985125498,9144.0
1000.0,TGW491,4.49483983495782,113.64840779909373,9144.0
1000.0,TGW610,3.2635531227848227,103.47725209901121,9144.0
1000.0,TGW625,11.641695197189826,101.19800805529862,9144.0
1010.0,TGW285,-7.099575951734098,113.99899189640695,9144.0
1010.0,TGW288,-0.1709852914490771,105.84404452811214,9144.0
1010.0,TGW300,3.6373214443263713,103.92167436078951,9144.0
1010.0,TGW305,8.578584438145247,106.19823560190214,9144.0
1010.0,TGW350,3.5028843843769826,103.37540093265382,9144.0
1010.0,TGW351,17.1498503263955,102.5160358703798,9144.0
1010.0,TGW386,1.9480261184818968,106.0462133223827,9144.0
1010.0,TGW388,1.6255374337088802,106.09490381919265,9144.0
1010.0,TGW390,1.3921520445557123,105.69974921944439,9144.0
1010.0,TGW397,12.409848422901335,119.66422235472011,9144.0
1010.0,TGW427,3.1413857881582175,101.54270033728211,9144.0
1010.0,TGW431,1.4053463945266238,107.59601230195577,9144.0
1010.0,TGW453,1.142645893026764,103.48049472461366,9144.0
1010.0,TGW484,2.551676486880077,102.20654287497625,9144.0
1010.0,TGW486,2.5629772881121853,102.53362010308375,9144.0
1010.0,TGW487,2.75077678383932,102.06577332103012,9144.0
1010.0,TGW491,4.480727455093229,113.61903653958694,9144.0
1010.0,TGW610,3.294373376748147,103.463298351318,9144.0
1010.0,TGW625,11.612524041174787,101.20921180867676,9144.0
1010.0,TGW285,-7.099575951734098,113.99899189640695,9144.0
1010.0,TGW288,-0.1709852914490771,105.84404452811214,9144.0
1010.0,TGW300,3.6373214443263713,103.92167436078951,9144.0
1010.0,TGW305,8.578584438145247,106.19823560190214,9144.0
1010.0,TGW350,3.5028843843769826,103.37540093265382,9144.0
1010.0,TGW351,17.1498503263955,102.5160358703798,9144.0
1010.0,TGW386,1.9480261184818968,106.0462133223827,9144.0
1010.0,TGW388,1.6255374337088802,106.09490381919265,9144.0
1010.0,TGW390,1.3921520445557123,105.69974921944439,9144.0
1010.0,TGW397,12.409848422901335,119.66422235472011,9144.0
1010.0,TGW427,3.1413857881582175,101.54270033728211,9144.0
1010.0,TGW431,1.4053463945266238,107.59601230195577,9144.0
1010.0,TGW453,1.142645893026764,103.48049472461366,9144.0
1010.0,TGW484,2.551676486880077,102.20654287497625,9144.0
1010.0,TGW486,2.5629772881121853,102.53362010308375,9144.0
1010.0,TGW487,2.75077678383932,102.06577332103012,9144.0
1010.0,TGW491,4.480727455093229,113.61903653958694,9144.0
1010.0,TGW610,3.294373376748147,103.463298351318,9144.0
1010.0,TGW625,11.612524041174787,101.20921180867676,9144.0
1020.0,TGW285,-7.078393971576671,113.97453241739551,9144.0
1020.0,TGW288,-0.18752215172731934,105.86927280326722,9144.0
1020.0,TGW300,3.6692519734756135,103.92434918558833,9144.0
1020.0,TGW305,8.548076204386204,106.1857609630317,9144.0
1020.0,TGW350,3.53322610185213,103.36404578580546,9144.0
1020.0,TGW351,17.15605924573674,102.48778559340616,9144.0
1020.0,TGW386,1.9740083580156524,106.06427077311571,9144.0
1020.0,TGW388,1.6475514024108373,106.11680994040547,9144.0
1020.0,TGW390,1.4064879427459966,105.72663395093353,9144.0
1020.0,TGW397,12.385244046256828,119.64184862079705,9144.0
1020.0,TGW427,3.114917161748988,101.55803614157759,9144.0
1020.0,TGW431,1.4045702755506821,107.56316115497044,9144.0
1020.0,TGW453,1.1323307160647422,103.49681033511996,9144.0
1020.0,TGW484,2.5708080926827632,102.18139671873611,9144.0
1020.0,TGW486,2.580936622411492,102.50840965157548,9144.0
1020.0,TGW487,2.7245712604010532,102.08189119118107,9144.0
1020.0,TGW491,4.466587423298881,113.58961497399902,9144.0
1020.0,TGW610,3.3252312570996394,103.44942785586241,9144.0
1020.0,TGW625,11.58371777970301,101.22104134555671,9144.0
1020.0,TGW285,-7.078393971576671,113.97453241739551,9144.0
1020.0,TGW288,-0.18752215172731934,105.86927280326722,9144.0
1020.0,TGW300,3.6692519734756135,103.92434918558833,9144.0
1020.0,TGW305,8.548076204386204,106.1857609630317,9144.0
1020.0,TGW350,3.53322610185213,103.36404578580546,9144.0
1020.0,TGW351,17.15605924573674,102.48778559340616,9144.0
1020.0,TGW386,1.9740083580156524,106.06427077311571,9144.0
1020.0,TGW388,1.6475514024108373,106.11680994040547,9144.0
1020.0,TGW390,1.4064879427459966,105.72663395093353,9144.0
1020.0,TGW397,12.385244046256828,119.64184862079705,9144.0
1020.0,TGW427,3.114917161748988,101.55803614157759,9144.0
1020.0,TGW431,1.4045702755506821,107.56316115497044,9144.0
1020.0,TGW453,1.1323307160647422,103.49681033511996,9144.0
1020.0,TGW484,2.5708080926827632,102.18139671873611,9144.0
1020.0,TGW486,2.580936622411492,102.50840965157548,9144.0
1020.0,TGW487,2.7245712604010532,102.08189119118107,9144.0
1020.0,TGW491,4.466587423298881,113.58961497399902,9144.0
1020.0,TGW610,3.3252312570996394,103.44942785586241,9144.0
1020.0,TGW625,11.58371777970301,101.22104134555671,9144.0
1030.0,TGW285,-7.0572072034614655,113.95007827072543,9144.0
1030.0,TGW288,-0.20435062917861174,105.8949461087545,9144.0
1030.0,TGW300,3.7010667793243726,103.92701450724813,9144.0
1030.0,TGW305,8.51772740200223,106.17335397191154,9144.0
1030.0,TGW350,3.5633346104025403,103.35208334611916,9144.0
1030.0,TGW351,17.166193007342276,102.46080592960493,9144.0
1030.0,TGW386,2.0001268192315194,106.08213067065888,9144.0
1030.0,TGW388,1.6696066199402941,106.13875804859384,9144.0
1030.0,TGW390,1.4209067511668778,105.75367539364129,9144.0
1030.0,TGW397,12.360549681872465,119.61940371135879,9144.0
1030.0,TGW427,3.0907923123470864,101.57675736731021,9144.0
1030.0,TGW431,1.4037936642971465,107.5303100305409,9144.0
1030.0,TGW453,1.1223871475284053,103.51335507864033,9144.0
1030.0,TGW484,2.5893723676778784,102.15582764735159,9144.0
1030.0,TGW486,2.598983442971343,102.48326152158657,9144.0
1030.0,TGW487,2.6983621053254123,102.09800279285766,9144.0
1030.0,TGW491,4.452384091908105,113.56022466862589,9144.0
1030.0,TGW610,3.3564512427330033,103.43539354533385,9144.0
1030.0,TGW625,11.554910977401672,101.23286829269124,9144.0
1030.0,TGW285,-7.0572072034614655,113.95007827072543,9144.0
1030.0,TGW288,-0.20435062917861174,105.8949461087545,9144.0
1030.0,TGW300,3.7010667793243726,103.92701450724813,9144.0
1030.0,TGW305,8.51772740200223,106.17335397191154,9144.0
1030.0,TGW350,3.5633346104025403,103.35208334611916,9144.0
1030.0,TGW351,17.166193007342276,102.46080592960493,9144.0
1030.0,TGW386,2.0001268192315194,106.08213067065888,9144.0
1030.0,TGW388,1.6696066199402941,106.13875804859384,9144.0
1030.0,TGW390,1.4209067511668778,105.75367539364129,9144.0
1030.0,TGW397,12.360549681872465,119.61940371135879,9144.0
1030.0,TGW427,3.0907923123470864,101.57675736731021,9144.0
1030.0,TGW431,1.4037936642971465,107.5303100305409,9144.0
1030.0,TGW453,1.1223871475284053,103.51335507864033,9144.0
1030.0,TGW484,2.5893723676778784,102.15582764735159,9144.0
1030.0,TGW486,2.598983442971343,102.48326152158657,9144.0
1030.0,TGW487,2.6983621053254123,102.09800279285766,9144.0
1030.0,TGW491,4.452384091908105,113.56022466862589,9144.0
1030.0,TGW610,3.3564512427330033,103.43539354533385,9144.0
1030.0,TGW625,11.554910977401672,101.23286829269124,9144.0
1040.0,TGW285,-7.036379690923724,113.9253138735919,9144.0
1040.0,TGW288,-0.22120360524270896,105.92060336685861,9144.0
1040.0,TGW300,3.732877557660848,103.92972777016155,9144.0
1040.0,TGW305,8.487341593479131,106.16104091299943,9144.0
1040.0,TGW350,3.5937646295982955,103.33999225230022,9144.0
1040.0,TGW351,17.18002862009039,102.43569022916822,9144.0
1040.0,TGW386,2.026341236732712,106.10005697920158,9144.0
1040.0,TGW388,1.6920382227365205,106.1603212516599,9144.0
1040.0,TGW390,1.4388136052316078,105.77854357638121,9144.0
1040.0,TGW397,12.335998817746036,119.59679654132884,9144.0
1040.0,TGW427,3.068192765635044,101.5964954313085,9144.0
1040.0,TGW431,1.4030165563645856,107.49745892877964,9144.0
1040.0,TGW453,1.1124395354063623,103.52989733429705,9144.0
1040.0,TGW484,2.607935850150801,102.13025762340233,9144.0
1040.0,TGW486,2.616994601793166,102.45815985008235,9144.0
1040.0,TGW487,2.672202887501086,102.11408275624713,9144.0
1040.0,TGW491,4.438128003915512,113.5307320917319,9144.0
1040.0,TGW610,3.3878518359322243,103.42176911108045,9144.0
1040.0,TGW625,11.526816334905156,101.24636114259663,9144.0
1040.0,TGW285,-7.036379690923724,113.9253138735919,9144.0
1040.0,TGW288,-0.22120360524270896,105.92060336685861,9144.0
1040.0,TGW300,3.732877557660848,103.92972777016155,9144.0
1040.0,TGW305,8.487341593479131,106.16104091299943,9144.0
1040.0,TGW350,3.5937646295982955,103.33999225230022,9144.0
1040.0,TGW351,17.18002862009039,102.43569022916822,9144.0
1040.0,TGW386,2.026341236732712,106.10005697920158,9144.0
1040.0,TGW388,1.6920382227365205,106.1603212516599,9144.0
1040.0,TGW390,1.4388136052316078,105.77854357638121,9144.0
1040.0,TGW397,12.335998817746036,119.59679654132884,9144.0
1040.0,TGW427,3.068192765635044,101.5964954313085,9144.0
1040.0,TGW431,1.4030165563645856,107.49745892877964,9144.0
1040.0,TGW453,1.1124395354063623,103.52989733429705,9144.0
1040.0,TGW484,2.607935850150801,102.13025762340233,9144.0
1040.0,TGW486,2.616994601793166,102.45815985008235,9144.0
1040.0,TGW487,2.672202887501086,102.11408275624713,9144.0
1040.0,TGW491,4.438128003915512,113.5307320917319,9144.0
1040.0,TGW610,3.3878518359322243,103.42176911108045,9144.0
1040.0,TGW625,11.526816334905156,101.24636114259663,9144.0
1050.0,TGW285,-7.015624362686228,113.90064199767707,9144.0
1050.0,TGW288,-0.23837895968148695,105.94675158016175,9144.0
1050.0,TGW300,3.7645144860377773,103.93242640056651,9144.0
1050.0,TGW305,8.457652927472157,106.14901257695584,9144.0
1050.0,TGW350,3.6242015038997772,103.32791808881922,9144.0
1050.0,TGW351,17.197261634466024,102.4129910590028,9144.0
1050.0,TGW386,2.0525243182542656,106.11802937561282,9144.0
1050.0,TGW388,1.7145117918396169,106.18192567020868,9144.0
1050.0,TGW390,1.458196796350581,105.80258205091187,9144.0
1050.0,TGW397,12.311528775682087,119.57427525231071,9144.0
1050.0,TGW427,3.045592806838376,101.61623260635378,9144.0
1050.0,TGW431,1.4022389456711297,107.46460784983921,9144.0
1050.0,TGW453,1.102480409565205,103.54643260259738,9144.0
1050.0,TGW484,2.6267044976375202,102.10483774261918,9144.0
1050.0,TGW486,2.6349480703869723,102.43301643692884,9144.0
1050.0,TGW487,2.6459937685187827,102.13008073782642,9144.0
1050.0,TGW491,4.423993326223281,113.5011813489328,9144.0
1050.0,TGW610,3.4195115349698813,103.40803120986543,9144.0
1050.0,TGW625,11.498561829832772,101.25992751871661,9144.0
1050.0,TGW285,-7.015624362686228,113.90064199767707,9144.0,"(TGW484),(TGW487)"
1050.0,TGW288,-0.23837895968148695,105.94675158016175,9144.0,"(TGW487),(TGW484)"
1060.0,TGW285,-6.994563239968011,113.87623571245125,9144.0
1060.0,TGW288,-0.25560173179065593,105.97286861903338,9144.0
1060.0,TGW300,3.7961514060764845,103.93512522760847,9144.0
1060.0,TGW305,8.427997145904822,106.13690254020928,9144.0
1060.0,TGW350,3.6544238392041204,103.31592811476312,9144.0
1060.0,TGW351,17.217704740334437,102.39295581450465,9144.0
1060.0,TGW386,2.0785629906281766,106.13590346756648,9144.0
1060.0,TGW388,1.7368747046467172,106.20364496760347,9144.0
1060.0,TGW390,1.4803319949893954,105.82411166965767,9144.0
1060.0,TGW397,12.286960064658821,119.55186888028679,9144.0
1060.0,TGW427,3.0229923691293656,101.63596881878615,9144.0
1060.0,TGW431,1.401460823344422,107.43175679393872,9144.0
1060.0,TGW453,1.0927100394144165,103.56292377079365,9144.0
1060.0,TGW484,2.6455070520994206,102.07936997573971,9144.0
1060.0,TGW486,2.652797849306525,102.40801579298575,9144.0
1060.0,TGW487,2.6198850915096537,102.14601649065722,9144.0
1060.0,TGW491,4.409781768506856,113.47147612820758,9144.0
1060.0,TGW610,3.4516337214886343,103.39541625850852,9144.0
1060.0,TGW625,11.469921485569337,101.27262212898582,9144.0
1060.0,TGW285,-6.994563239968011,113.87623571245125,9144.0,"(TGW484),(TGW487)"
1060.0,TGW288,-0.25560173179065593,105.97286861903338,9144.0,"(TGW487),(TGW484)"
1070.0,TGW285,-6.973499741394972,113.85183260752662,9144.0
1070.0,TGW288,-0.27282444116749827,105.9989857354768,9144.0
1070.0,TGW300,3.8277634516246355,103.9381025639269,9144.0
1070.0,TGW305,8.398179589263744,106.12472864964636,9144.0
1070.0,TGW350,3.684637688989252,103.30391628055357,9144.0
1070.0,TGW351,17.241041892523356,102.37595916989898,9144.0
1070.0,TGW386,2.1046393942641637,106.15372269203934,9144.0
1070.0,TGW388,1.7593633433801916,106.22548724825916,9144.0
1070.0,TGW390,1.50255122700744,105.8457237195854,9144.0
1070.0,TGW397,12.262430655860097,119.52950785879881,9144.0
1070.0,TGW427,3.0011359972329315,101.6565278109535,9144.0
1070.0,TGW431,1.4006821753579661,107.39890576142008,9144.0
1070.0,TGW453,1.0827681592038254,103.57970407644063,9144.0
1070.0,TGW484,2.6642214689401618,102.05383684797042,9144.0
1070.0,TGW486,2.6706775371461418,102.3830362137618,9144.0
1070.0,TGW487,2.593808505540354,102.1620044802213,9144.0
1070.0,TGW491,4.395538938854137,113.44178654618239,9144.0
1070.0,TGW610,3.4839131970369057,103.38273856801911,9144.0
1070.0,TGW625,11.44095886347686,101.28545657650352,9144.0
1070.0,TGW285,-6.973499741394972,113.85183260752662,9144.0,"(TGW484),(TGW487)"
1070.0,TGW288,-0.27282444116749827,105.9989857354768,9144.0,"(TGW487),(TGW484)"
1080.0,TGW285,-6.95249007332641,113.82738354430676,9144.0
1080.0,TGW288,-0.2900470604692988,106.02510294988288,9144.0
1080.0,TGW300,3.859027023728895,103.94104729760754,9144.0
1080.0,TGW305,8.368375086947188,106.11252307473315,9144.0
1080.0,TGW350,3.7149049898254414,103.29188226713966,9144.0
1080.0,TGW351,17.26219525801257,102.35532303456604,9144.0
1080.0,TGW386,2.130522606440689,106.17141071400295,9144.0
1080.0,TGW388,1.7818500837883966,106.24733175011089,9144.0
1080.0,TGW390,1.524770163663758,105.86733629484615,9144.0
1080.0,TGW397,12.237850871742996,119.50720692012065,9144.0
1080.0,TGW427,2.9794960465384586,101.67688178576856,9144.0
1080.0,TGW431,1.3999029764480528,107.36605475289295,9144.0
1080.0,TGW453,1.0765583442886446,103.59819401896179,9144.0
1080.0,TGW484,2.6829351291291474,102.02830277499409,9144.0
1080.0,TGW486,2.688487788623385,102.35815172062915,9144.0
1080.0,TGW487,2.567631095482331,102.17805340553421,9144.0
1080.0,TGW491,4.381293990161536,113.41209855325978,9144.0
1080.0,TGW610,3.5161790397110004,103.37002565454705,9144.0
1080.0,TGW625,11.412135157565281,101.29861119886691,9144.0
1080.0,TGW285,-6.95249007332641,113.82738354430676,9144.0
1080.0,TGW288,-0.2900470604692988,106.02510294988288,9144.0
1080.0,TGW300,3.859027023728895,103.94104729760754,9144.0
1080.0,TGW305,8.368375086947188,106.11252307473315,9144.0
1080.0,TGW350,3.7149049898254414,103.29188226713966,9144.0
1080.0,TGW351,17.26219525801257,102.35532303456604,9144.0
1080.0,TGW386,2.130522606440689,106.17141071400295,9144.0
1080.0,TGW388,1.7818500837883966,106.24733175011089,9144.0
1080.0,TGW390,1.524770163663758,105.86733629484615,9144.0
1080.0,TGW397,12.237850871742996,119.50720692012065,9144.0
1080.0,TGW427,2.9794960465384586,101.67688178576856,9144.0
1080.0,TGW431,1.3999029764480528,107.36605475289295,9144.0
1080.0,TGW453,1.0765583442886446,103.59819401896179,9144.0
1080.0,TGW484,2.6829351291291474,102.02830277499409,9144.0
1080.0,TGW486,2.688487788623385,102.35815172062915,9144.0
1080.0,TGW487,2.567631095482331,102.17805340553421,9144.0
1080.0,TGW491,4.381293990161536,113.41209855325978,9144.0
1080.0,TGW610,3.5161790397110004,103.37002565454705,9144.0
1080.0,TGW625,11.412135157565281,101.29861119886691,9144.0
1090.0,TGW285,-6.931668109049972,113.80315879404615,9144.0
1090.0,TGW288,-0.30718633993241495,106.05127497335576,9144.0
1090.0,TGW300,3.890425571666499,103.94146576270512,9144.0
1090.0,TGW305,8.338623882232191,106.10034148476139,9144.0
1090.0,TGW350,3.745166251740579,103.2798325972067,9144.0
1090.0,TGW351,17.280518628331038,102.33157911092697,9144.0
1090.0,TGW386,2.1565560507001877,106.18887685711925,9144.0
1090.0,TGW388,1.8040554421036097,106.26946276616269,9144.0
1090.0,TGW390,1.5496523186015723,105.88581823203697,9144.0
1090.0,TGW397,12.213139398613041,119.48479431580026,9144.0
1090.0,TGW427,2.9573592492445178,101.69669237164467,9144.0
1090.0,TGW431,1.3991231682505236,107.33320376975523,9144.0
1090.0,TGW453,1.0744207281433948,103.61737885862874,9144.0
1090.0,TGW484,2.7016776510247364,102.00278953362849,9144.0
1090.0,TGW486,2.706324952109744,102.33328618873001,9144.0
1090.0,TGW487,2.5414587916991107,102.19411034622186,9144.0
1090.0,TGW491,4.367010994135305,113.38242951941274,9144.0
1090.0,TGW610,3.548601805214876,103.35724991338174,9144.0
1090.0,TGW625,11.38309811879803,101.31186010703334,9144.0
1090.0,TGW285,-6.931668109049972,113.80315879404615,9144.0
1090.0,TGW288,-0.30718633993241495,106.05127497335576,9144.0
1090.0,TGW300,3.890425571666499,103.94146576270512,9144.0
1090.0,TGW305,8.338623882232191,106.10034148476139,9144.0
1090.0,TGW350,3.745166251740579,103.2798325972067,9144.0
1090.0,TGW351,17.280518628331038,102.33157911092697,9144.0
1090.0,TGW386,2.1565560507001877,106.18887685711925,9144.0
1090.0,TGW388,1.8040554421036097,106.26946276616269,9144.0
1090.0,TGW390,1.5496523186015723,105.88581823203697,9144.0
1090.0,TGW397,12.213139398613041,119.48479431580026,9144.0
1090.0,TGW427,2.9573592492445178,101.69669237164467,9144.0
1090.0,TGW431,1.3991231682505236,107.33320376975523,9144.0
1090.0,TGW453,1.0744207281433948,103.61737885862874,9144.0
1090.0,TGW484,2.7016776510247364,102.00278953362849,9144.0
1090.0,TGW486,2.706324952109744,102.33328618873001,9144.0
1090.0,TGW487,2.5414587916991107,102.19411034622186,9144.0
1090.0,TGW491,4.367010994135305,113.38242951941274,9144.0
1090.0,TGW610,3.548601805214876,103.35724991338174,9144.0
1090.0,TGW625,11.38309811879803,101.31186010703334,9144.0
1100.0,TGW285,-6.910843554741359,113.77893737182436,9144.0
1100.0,TGW288,-0.3243255290993678,106.07744709910828,9144.0
1100.0,TGW300,3.9217071477218712,103.94188269984117,9144.0
1100.0,TGW305,8.308879843015369,106.08814296025528,9144.0
1100.0,TGW350,3.7756414503164217,103.26769678949256,9144.0
1100.0,TGW351,17.29547203191892,102.30537071528008,9144.0
1100.0,TGW386,2.182637825597575,106.20637623744894,9144.0
1100.0,TGW388,1.8262598785813922,106.29159497984442,9144.0
1100.0,TGW390,1.5770451292961967,105.90105582291069,9144.0
1100.0,TGW397,12.185898345857021,119.46569785229099,9144.0
1100.0,TGW427,2.9352219927424636,101.71650204907989,9144.0
1100.0,TGW431,1.3983424760721246,107.30035281855523,9144.0
1100.0,TGW453,1.0763804178941083,103.63665030400313,9144.0
1100.0,TGW484,2.720453933157496,101.97722833475505,9144.0
1100.0,TGW486,2.7241957972844535,102.30837179319816,9144.0
1100.0,TGW487,2.515487513395087,102.2100431111223,9144.0
1100.0,TGW491,4.352725973663294,113.3527620298658,9144.0
1100.0,TGW610,3.581052718081051,103.34454566581725,9144.0
1100.0,TGW625,11.354060310519255,101.32510591037178,9144.0
1100.0,TGW285,-6.910843554741359,113.77893737182436,9144.0
1100.0,TGW288,-0.3243255290993678,106.07744709910828,9144.0
1100.0,TGW300,3.9217071477218712,103.94188269984117,9144.0
1100.0,TGW305,8.308879843015369,106.08814296025528,9144.0
1100.0,TGW350,3.7756414503164217,103.26769678949256,9144.0
1100.0,TGW351,17.29547203191892,102.30537071528008,9144.0
1100.0,TGW386,2.182637825597575,106.20637623744894,9144.0
1100.0,TGW388,1.8262598785813922,106.29159497984442,9144.0
1100.0,TGW390,1.5770451292961967,105.90105582291069,9144.0
1100.0,TGW397,12.185898345857021,119.46569785229099,9144.0
1100.0,TGW427,2.9352219927424636,101.71650204907989,9144.0
1100.0,TGW431,1.3983424760721246,107.30035281855523,9144.0
1100.0,TGW453,1.0763804178941083,103.63665030400313,9144.0
1100.0,TGW484,2.720453933157496,101.97722833475505,9144.0
1100.0,TGW486,2.7241957972844535,102.30837179319816,9144.0
1100.0,TGW487,2.515487513395087,102.2100431111223,9144.0
1100.0,TGW491,4.352725973663294,113.3527620298658,9144.0
1100.0,TGW610,3.581052718081051,103.34454566581725,9144.0
1100.0,TGW625,11.354060310519255,101.32510591037178,9144.0
1110.0,TGW285,-6.8900930876432405,113.75480752688783,9144.0
1110.0,TGW288,-0.3415442727838233,106.10356699828269,9144.0
1110.0,TGW300,3.9529163517318557,103.9440548025876,9144.0
1110.0,TGW305,8.279081690703677,106.07592434217068,9144.0
1110.0,TGW350,3.806118310333471,103.25556474537636,9144.0
1110.0,TGW351,17.30675834789455,102.27721880422466,9144.0
1110.0,TGW386,2.2087322932360096,106.2238569628901,9144.0
1110.0,TGW388,1.8488313716739686,106.31335261846402,9144.0
1110.0,TGW390,1.6064013503650334,105.91269171688488,9144.0
1110.0,TGW397,12.156168960176005,119.44994626096613,9144.0
1110.0,TGW427,2.9132126586950715,101.73645373785648,9144.0
1110.0,TGW431,1.3974899579900437,107.26750366583518,9144.0
1110.0,TGW453,1.082356831173345,103.65507587201262,9144.0
1110.0,TGW484,2.739258639983255,101.95168768746112,9144.0
1110.0,TGW486,2.742016179613074,102.28342082628427,9144.0
1110.0,TGW487,2.4895073881534744,102.22596110272157,9144.0
1110.0,TGW491,4.338422101717983,113.32310424004459,9144.0
1110.0,TGW610,3.6132412032716887,103.33194315591668,9144.0
1110.0,TGW625,11.325535599353115,101.33946335419108,9144.0
1110.0,TGW285,-6.8900930876432405,113.75480752688783,9144.0
1110.0,TGW288,-0.3415442727838233,106.10356699828269,9144.0
1110.0,TGW300,3.9529163517318557,103.9440548025876,9144.0
1110.0,TGW305,8.279081690703677,106.07592434217068,9144.0
1110.0,TGW350,3.806118310333471,103.25556474537636,9144.0
1110.0,TGW351,17.30675834789455,102.27721880422466,9144.0
1110.0,TGW386,2.2087322932360096,106.2238569628901,9144.0
1110.0,TGW388,1.8488313716739686,106.31335261846402,9144.0
1110.0,TGW390,1.6064013503650334,105.91269171688488,9144.0
1110.0,TGW397,12.156168960176005,119.44994626096613,9144.0
1110.0,TGW427,2.9132126586950715,101.73645373785648,9144.0
1110.0,TGW431,1.3974899579900437,107.26750366583518,9144.0
1110.0,TGW453,1.082356831173345,103.65507587201262,9144.0
1110.0,TGW484,2.739258639983255,101.95168768746112,9144.0
1110.0,TGW486,2.742016179613074,102.28342082628427,9144.0
1110.0,TGW487,2.4895073881534744,102.22596110272157,9144.0
1110.0,TGW491,4.338422101717983,113.32310424004459,9144.0
1110.0,TGW610,3.6132412032716887,103.33194315591668,9144.0
1110.0,TGW625,11.325535599353115,101.33946335419108,9144.0
1120.0,TGW285,-6.869313139627412,113.73070449101515,9144.0
1120.0,TGW288,-0.35876291252514264,106.12968701395286,9144.0
1120.0,TGW300,3.984067140137963,103.94622300326239,9144.0
1120.0,TGW305,8.24925890626584,106.0637681669122,9144.0
1120.0,TGW350,3.8368618581760505,103.24332556145444,9144.0
1120.0,TGW351,17.314153319610696,102.24768317019034,9144.0
1120.0,TGW386,2.234777926411803,106.24130581211378,9144.0
1120.0,TGW388,1.8714863603881315,106.33519240758005,9144.0
1120.0,TGW390,1.6342142866819065,105.92764824893526,9144.0
1120.0,TGW397,12.128550252459064,119.43058922886983,9144.0
1120.0,TGW427,2.8912913497390202,101.75632433773823,9144.0
1120.0,TGW431,1.396659288962829,107.23552108175498,9144.0
1120.0,TGW453,1.0843165209240584,103.67434736772458,9144.0
1120.0,TGW484,2.7580625803580627,101.92614607213976,9144.0
1120.0,TGW486,2.759801508911846,102.25851700069317,9144.0
1120.0,TGW487,2.4636783971314995,102.24178567151654,9144.0
1120.0,TGW491,4.32409158070909,113.29339591891961,9144.0
1120.0,TGW610,3.64534795480818,103.31913257588677,9144.0
1120.0,TGW625,11.296957708264575,101.35384348662734,9144.0
1120.0,TGW285,-6.869313139627412,113.73070449101515,9144.0
1120.0,TGW288,-0.35876291252514264,106.12968701395286,9144.0
1120.0,TGW300,3.984067140137963,103.94622300326239,9144.0
1120.0,TGW305,8.24925890626584,106.0637681669122,9144.0
1120.0,TGW350,3.8368618581760505,103.24332556145444,9144.0
1120.0,TGW351,17.314153319610696,102.24768317019034,9144.0
1120.0,TGW386,2.234777926411803,106.24130581211378,9144.0
1120.0,TGW388,1.8714863603881315,106.33519240758005,9144.0
1120.0,TGW390,1.6342142866819065,105.92764824893526,9144.0
1120.0,TGW397,12.128550252459064,119.43058922886983,9144.0
1120.0,TGW427,2.8912913497390202,101.75632433773823,9144.0
1120.0,TGW431,1.396659288962829,107.23552108175498,9144.0
1120.0,TGW453,1.0843165209240584,103.67434736772458,9144.0
1120.0,TGW484,2.7580625803580627,101.92614607213976,9144.0
1120.0,TGW486,2.759801508911846,102.25851700069317,9144.0
1120.0,TGW487,2.4636783971314995,102.24178567151654,9144.0
1120.0,TGW491,4.32409158070909,113.29339591891961,9144.0
1120.0,TGW610,3.64534795480818,103.31913257588677,9144.0
1120.0,TGW625,11.296957708264575,101.35384348662734,9144.0
1130.0,TGW285,-6.848531164953936,113.70660427939403,9144.0
1130.0,TGW288,-0.37590260999700786,106.15585895078337,9144.0
1130.0,TGW300,4.01513434981102,103.94937374488023,9144.0
1130.0,TGW305,8.219597094853356,106.05167966629841,9144.0
1130.0,TGW350,3.867608302021194,103.23109324523807,9144.0
1130.0,TGW351,17.317510010585416,102.21735125825245,9144.0
1130.0,TGW386,2.2608919398088467,106.25865230990487,9144.0
1130.0,TGW388,1.8941413491022945,106.3570324805753,9144.0
1130.0,TGW390,1.6621297903797965,105.94266044509888,9144.0
1130.0,TGW397,12.103411006464935,119.40788568572742,9144.0
1130.0,TGW427,2.8693407112227383,101.77616206797487,9144.0
1130.0,TGW431,1.3958270486503126,107.20353854987101,9144.0
1130.0,TGW453,1.0821983878414274,103.69387217705838,9144.0
1130.0,TGW484,2.7768454052754237,101.90058848387041,9144.0
1130.0,TGW486,2.7775846819289547,102.23361125790461,9144.0
1130.0,TGW487,2.437840354501076,102.25759512418577,9144.0
1130.0,TGW491,4.309724634144073,113.26370585871585,9144.0
1130.0,TGW610,3.6773496559465753,103.3063628898916,9144.0
1130.0,TGW625,11.269330430944875,101.37003914312103,9144.0
1130.0,TGW285,-6.848531164953936,113.70660427939403,9144.0
1130.0,TGW288,-0.37590260999700786,106.15585895078337,9144.0
1130.0,TGW300,4.01513434981102,103.94937374488023,9144.0
1130.0,TGW305,8.219597094853356,106.05167966629841,9144.0
1130.0,TGW350,3.867608302021194,103.23109324523807,9144.0
1130.0,TGW351,17.317510010585416,102.21735125825245,9144.0
1130.0,TGW386,2.2608919398088467,106.25865230990487,9144.0
1130.0,TGW388,1.8941413491022945,106.3570324805753,9144.0
1130.0,TGW390,1.6621297903797965,105.94266044509888,9144.0
1130.0,TGW397,12.103411006464935,119.40788568572742,9144.0
1130.0,TGW427,2.8693407112227383,101.77616206797487,9144.0
1130.0,TGW431,1.3958270486503126,107.20353854987101,9144.0
1130.0,TGW453,1.0821983878414274,103.69387217705838,9144.0
1130.0,TGW484,2.7768454052754237,101.90058848387041,9144.0
1130.0,TGW486,2.7775846819289547,102.23361125790461,9144.0
1130.0,TGW487,2.437840354501076,102.25759512418577,9144.0
1130.0,TGW491,4.309724634144073,113.26370585871585,9144.0
1130.0,TGW610,3.6773496559465753,103.3063628898916,9144.0
1130.0,TGW625,11.269330430944875,101.37003914312103,9144.0
1140.0,TGW285,-6.827751272153945,113.68250329501913,9144.0
1140.0,TGW288,-0.3930422201403658,106.18203099734347,9144.0
1140.0,TGW300,4.046143254534113,103.95251881428307,9144.0
1140.0,TGW305,8.189934985195976,106.03959281505877,9144.0
1140.0,TGW350,3.8981945265330418,103.2189236865626,9144.0
1140.0,TGW351,17.316761724098058,102.18682642068708,9144.0
1140.0,TGW386,2.286270968551932,106.27551138826362,9144.0
1140.0,TGW390,1.6902556164922884,105.95727466752116,9144.0
1140.0,TGW397,12.078513469695325,119.38490736798663,9144.0
1140.0,TGW427,2.847389625486509,101.795998922644,9144.0
1140.0,TGW431,1.3951405390270566,107.17155256531002,9144.0
1140.0,TGW453,1.083921409539921,103.71343583827662,9144.0
1140.0,TGW484,2.79562749003369,101.87502994263119,9144.0
1140.0,TGW486,2.795435719088036,102.20860855283804,9144.0
1140.0,TGW487,2.412002089978774,102.27340391163463,9144.0
1140.0,TGW491,4.295453900342081,113.23396972760835,9144.0
1140.0,TGW610,3.7093791886672154,103.29366300530877,9144.0
1140.0,TGW625,11.241500738052228,101.38634933515439,9144.0
1140.0,TGW285,-6.827751272153945,113.68250329501913,9144.0
1140.0,TGW288,-0.3930422201403658,106.18203099734347,9144.0
1140.0,TGW300,4.046143254534113,103.95251881428307,9144.0
1140.0,TGW305,8.189934985195976,106.03959281505877,9144.0
1140.0,TGW350,3.8981945265330418,103.2189236865626,9144.0
1140.0,TGW351,17.316761724098058,102.18682642068708,9144.0
1140.0,TGW386,2.286270968551932,106.27551138826362,9144.0
1140.0,TGW390,1.6902556164922884,105.95727466752116,9144.0
1140.0,TGW397,12.078513469695325,119.38490736798663,9144.0
1140.0,TGW427,2.847389625486509,101.795998922644,9144.0
1140.0,TGW431,1.3951405390270566,107.17155256531002,9144.0
1140.0,TGW453,1.083921409539921,103.71343583827662,9144.0
1140.0,TGW484,2.79562749003369,101.87502994263119,9144.0
1140.0,TGW486,2.795435719088036,102.20860855283804,9144.0
1140.0,TGW487,2.412002089978774,102.27340391163463,9144.0
1140.0,TGW491,4.295453900342081,113.23396972760835,9144.0
1140.0,TGW610,3.7093791886672154,103.29366300530877,9144.0
1140.0,TGW625,11.241500738052228,101.38634933515439,9144.0
1150.0,TGW285,-6.806855013843047,113.65827226031669,9144.0
1150.0,TGW288,-0.4101817312784511,106.20820316362216,9144.0
1150.0,TGW300,4.077151652816049,103.95566901896214,9144.0
1150.0,TGW305,8.160272505080247,106.02750779066278,9144.0
1150.0,TGW350,3.928796264775062,103.20679293018772,9144.0
1150.0,TGW351,17.31192332843861,102.15671584855103,9144.0
1150.0,TGW386,2.312926459094498,106.29026641154327,9144.0
1150.0,TGW390,1.7185362569189893,105.97196984605624,9144.0
1150.0,TGW397,12.053613830433282,119.36193356717865,9144.0
1150.0,TGW427,2.825587881104501,101.8159998223743,9144.0
1150.0,TGW431,1.3944483350202281,107.13933466171895,9144.0
1150.0,TGW453,1.0856321515077971,103.73286591748182,9144.0
1150.0,TGW484,2.814433822325404,101.84948886958291,9144.0
1150.0,TGW486,2.81331353805878,102.18362465449285,9144.0
1150.0,TGW487,2.3861558683626405,102.28919936483226,9144.0
1150.0,TGW491,4.281178584831245,113.20423636366537,9144.0
1150.0,TGW610,3.7414085277927636,103.2809621681441,9144.0
1150.0,TGW625,11.213253626097773,101.40189420012288,9144.0
1150.0,TGW285,-6.806855013843047,113.65827226031669,9144.0
1150.0,TGW288,-0.4101817312784511,106.20820316362216,9144.0
1150.0,TGW300,4.077151652816049,103.95566901896214,9144.0
1150.0,TGW305,8.160272505080247,106.02750779066278,9144.0
1150.0,TGW350,3.928796264775062,103.20679293018772,9144.0
1150.0,TGW351,17.31192332843861,102.15671584855103,9144.0
1150.0,TGW386,2.312926459094498,106.29026641154327,9144.0
1150.0,TGW390,1.7185362569189893,105.97196984605624,9144.0
1150.0,TGW397,12.053613830433282,119.36193356717865,9144.0
1150.0,TGW427,2.825587881104501,101.8159998223743,9144.0
1150.0,TGW431,1.3944483350202281,107.13933466171895,9144.0
1150.0,TGW453,1.0856321515077971,103.73286591748182,9144.0
1150.0,TGW484,2.814433822325404,101.84948886958291,9144.0
1150.0,TGW486,2.81331353805878,102.18362465449285,9144.0
1150.0,TGW487,2.3861558683626405,102.28919936483226,9144.0
1150.0,TGW491,4.281178584831245,113.20423636366537,9144.0
1150.0,TGW610,3.7414085277927636,103.2809621681441,9144.0
1150.0,TGW625,11.213253626097773,101.40189420012288,9144.0
1160.0,TGW285,-6.785994835205769,113.634010768545,9144.0
1160.0,TGW288,-0.42732109753210773,106.23437548200738,9144.0
1160.0,TGW300,4.1085091972307675,103.95885494304373,9144.0
1160.0,TGW305,8.130609648921467,106.01542460368424,9144.0
1160.0,TGW350,3.9589693107488966,103.19483113727412,9144.0
1160.0,TGW351,17.30309096147801,102.12761842656208,9144.0
1160.0,TGW386,2.339114916140655,106.30476357515981,9144.0
1160.0,TGW390,1.746835334745922,105.98662967457037,9144.0
1160.0,TGW397,12.028711873048188,119.33896452316151,9144.0
1160.0,TGW427,2.8037856889284622,101.83599985862158,9144.0
1160.0,TGW431,1.3936762272531702,107.10711858564312,9144.0
1160.0,TGW453,1.0858942788310055,103.75236942992275,9144.0
1160.0,TGW484,2.8332394178648523,101.82394683924747,9144.0
1160.0,TGW486,2.8312249266527654,102.15859189168766,9144.0
1160.0,TGW487,2.36035999196016,102.30496327631002,9144.0
1160.0,TGW491,4.266877577290999,113.17451597203069,9144.0
1160.0,TGW610,3.773427658435515,103.26823504012856,9144.0
1160.0,TGW625,11.18490333379131,101.4174913855199,9144.0
1160.0,TGW285,-6.785994835205769,113.634010768545,9144.0,"(TGW427),(TGW484)"
1160.0,TGW288,-0.42732109753210773,106.23437548200738,9144.0,"(TGW484),(TGW427)"
1170.0,TGW285,-6.764942916872985,113.60953095996557,9144.0
1170.0,TGW288,-0.44447171049344325,106.2605404910267,9144.0
1170.0,TGW300,4.139933901766596,103.96128647780151,9144.0
1170.0,TGW305,8.100946381236776,106.00334333959687,9144.0
1170.0,TGW350,3.98914114643661,103.1828658395778,9144.0
1170.0,TGW351,17.290440120429523,102.10011275911268,9144.0
1170.0,TGW386,2.3667806539537755,106.31618646523584,9144.0
1170.0,TGW390,1.7741470545007,106.00077852764008,9144.0
1170.0,TGW397,12.003593484908098,119.31624529848537,9144.0
1170.0,TGW427,2.7819126735137485,101.85592185722378,9144.0
1170.0,TGW431,1.3929048740813827,107.07496046004579,9144.0
1170.0,TGW453,1.086755038462088,103.77178848478408,9144.0
1170.0,TGW484,2.8520468032809734,101.79840571376026,9144.0
1170.0,TGW486,2.849114828152734,102.13354334285222,9144.0
1170.0,TGW487,2.334604548266803,102.32079298163492,9144.0
1170.0,TGW491,4.252622201979149,113.1449020631955,9144.0
1170.0,TGW610,3.804867211453611,103.25573726256374,9144.0
1170.0,TGW625,11.156620967756236,101.43321465613467,9144.0
1170.0,TGW285,-6.764942916872985,113.60953095996557,9144.0,"(TGW427),(TGW484)"
1170.0,TGW288,-0.44447171049344325,106.2605404910267,9144.0,"(TGW484),(TGW427)"
1180.0,TGW285,-6.743899880609638,113.58504447358185,9144.0
1180.0,TGW288,-0.46159010999283173,106.28665666769983,9144.0
1180.0,TGW300,4.171416778524411,103.96372270804838,9144.0
1180.0,TGW305,8.071292328315845,105.99123990761673,9144.0
1180.0,TGW350,4.01927697059556,103.17080924863541,9144.0
1180.0,TGW351,17.274222174757234,102.07474561133952,9144.0
1180.0,TGW386,2.394556160230648,106.32765518777765,9144.0
1180.0,TGW390,1.8014527402624005,106.01493924394006,9144.0
1180.0,TGW397,11.97843016916521,119.29349213153264,9144.0
1180.0,TGW427,2.7599950714958243,101.87588323184487,9144.0
1180.0,TGW431,1.3921314651175372,107.0428023944063,9144.0
1180.0,TGW453,1.0876126263780013,103.79114042016366,9144.0
1180.0,TGW484,2.8708534429333783,101.77286361872817,9144.0
1180.0,TGW486,2.8670382151713163,102.1084459124407,9144.0
1180.0,TGW487,2.3088994137126564,102.33659101728686,9144.0
1180.0,TGW491,4.238351458309438,113.11529614554654,9144.0
1180.0,TGW610,3.8362974764855635,103.24321558344252,9144.0
1180.0,TGW625,11.128134612790488,101.44904755511192,9144.0
1180.0,TGW285,-6.743899880609638,113.58504447358185,9144.0
1180.0,TGW288,-0.46159010999283173,106.28665666769983,9144.0
1180.0,TGW300,4.171416778524411,103.96372270804838,9144.0
1180.0,TGW305,8.071292328315845,105.99123990761673,9144.0
1180.0,TGW350,4.01927697059556,103.17080924863541,9144.0
1180.0,TGW351,17.274222174757234,102.07474561133952,9144.0
1180.0,TGW386,2.394556160230648,106.32765518777765,9144.0
1180.0,TGW390,1.8014527402624005,106.01493924394006,9144.0
1180.0,TGW397,11.97843016916521,119.29349213153264,9144.0
1180.0,TGW427,2.7599950714958243,101.87588323184487,9144.0
1180.0,TGW431,1.3921314651175372,107.0428023944063,9144.0
1180.0,TGW453,1.0876126263780013,103.79114042016366,9144.0
1180.0,TGW484,2.8708534429333783,101.77286361872817,9144.0
1180.0,TGW486,2.8670382151713163,102.1084459124407,9144.0
1180.0,TGW487,2.3088994137126564,102.33659101728686,9144.0
1180.0,TGW491,4.238351458309438,113.11529614554654,9144.0
1180.0,TGW610,3.8362974764855635,103.24321558344252,9144.0
1180.0,TGW625,11.128134612790488,101.44904755511192,9144.0
1190.0,TGW285,-6.722930893037237,113.56064894040749,9144.0
1190.0,TGW288,-0.47870830421573907,106.31277304296142,9144.0
1190.0,TGW300,4.202962577500196,103.96511855000938,9144.0
1190.0,TGW305,8.041422852685264,105.97905057938712,9144.0
1190.0,TGW350,4.0493433557836545,103.15873410709172,9144.0
1190.0,TGW351,17.25475937151939,102.0520209999179,9144.0
1190.0,TGW386,2.4223315567320647,106.33912441049004,9144.0
1190.0,TGW390,1.828601289660103,106.02901897256753,9144.0
1190.0,TGW397,11.953257916696254,119.27075141449866,9144.0
1190.0,TGW427,2.7380295677996522,101.89579139412402,9144.0
1190.0,TGW431,1.3913640874071451,107.01064419465843,9144.0
1190.0,TGW453,1.0884985877039597,103.81049108254516,9144.0
1190.0,TGW484,2.8896158180001614,101.74728848764487,9144.0
1190.0,TGW486,2.8849842411377553,102.08336431104894,9144.0
1190.0,TGW487,2.2831601215870134,102.35233296538378,9144.0
1190.0,TGW491,4.224128709085761,113.08579572587396,9144.0
1190.0,TGW610,3.866877778696162,103.23103153349831,9144.0
1190.0,TGW625,11.099428403170844,101.46446096996556,9144.0
1190.0,TGW285,-6.722930893037237,113.56064894040749,9144.0
1190.0,TGW288,-0.47870830421573907,106.31277304296142,9144.0
1190.0,TGW300,4.202962577500196,103.96511855000938,9144.0
1190.0,TGW305,8.041422852685264,105.97905057938712,9144.0
1190.0,TGW350,4.0493433557836545,103.15873410709172,9144.0
1190.0,TGW351,17.25475937151939,102.0520209999179,9144.0
1190.0,TGW386,2.4223315567320647,106.33912441049004,9144.0
1190.0,TGW390,1.828601289660103,106.02901897256753,9144.0
1190.0,TGW397,11.953257916696254,119.27075141449866,9144.0
1190.0,TGW427,2.7380295677996522,101.89579139412402,9144.0
1190.0,TGW431,1.3913640874071451,107.01064419465843,9144.0
1190.0,TGW453,1.0884985877039597,103.81049108254516,9144.0
1190.0,TGW484,2.8896158180001614,101.74728848764487,9144.0
1190.0,TGW486,2.8849842411377553,102.08336431104894,9144.0
1190.0,TGW487,2.2831601215870134,102.35233296538378,9144.0
1190.0,TGW491,4.224128709085761,113.08579572587396,9144.0
1190.0,TGW610,3.866877778696162,103.23103153349831,9144.0
1190.0,TGW625,11.099428403170844,101.46446096996556,9144.0
1200.0,TGW285,-6.701902524151133,113.53630633713793,9144.0
1200.0,TGW288,-0.49589038696558396,106.33884749363234,9144.0
1200.0,TGW300,4.234508374000299,103.96651450491409,9144.0
1200.0,TGW305,8.011552719165765,105.96686379153064,9144.0
1200.0,TGW350,4.079443907696655,103.14674437123128,9144.0
1200.0,TGW351,17.232438432389337,102.03239015392373,9144.0
1200.0,TGW386,2.4501711899961798,106.35043676824154,9144.0
1200.0,TGW390,1.8557495480589816,106.04309947743849,9144.0
1200.0,TGW397,11.928107609497845,119.24798745541918,9144.0
1200.0,TGW427,2.716063647964958,101.91569873266897,9144.0
1200.0,TGW431,1.390593404809895,106.97837020717432,9144.0
1200.0,TGW453,1.08938128149617,103.8297745813949,9144.0
1200.0,TGW484,2.9083774492914,101.72171238543474,9144.0
1200.0,TGW486,2.9029295221393054,102.05828177816201,9144.0
1200.0,TGW487,2.25742063613417,102.36807431651344,9144.0
1200.0,TGW491,4.209945407668103,113.056276755365,9144.0
1200.0,TGW610,3.8974767510300583,103.218894222955,9144.0
1200.0,TGW625,11.07026283504981,101.4801173077326,9144.0
1200.0,TGW285,-6.701902524151133,113.53630633713793,9144.0
1200.0,TGW288,-0.49589038696558396,106.33884749363234,9144.0
1200.0,TGW300,4.234508374000299,103.96651450491409,9144.0
1200.0,TGW305,8.011552719165765,105.96686379153064,9144.0
1200.0,TGW350,4.079443907696655,103.14674437123128,9144.0
1200.0,TGW351,17.232438432389337,102.03239015392373,9144.0
1200.0,TGW386,2.4501711899961798,106.35043676824154,9144.0
1200.0,TGW390,1.8557495480589816,106.04309947743849,9144.0
1200.0,TGW397,11.928107609497845,119.24798745541918,9144.0
1200.0,TGW427,2.716063647964958,101.91569873266897,9144.0
1200.0,TGW431,1.390593404809895,106.97837020717432,9144.0
1200.0,TGW453,1.08938128149617,103.8297745813949,9144.0
1200.0,TGW484,2.9083774492914,101.72171238543474,9144.0
1200.0,TGW486,2.9029295221393054,102.05828177816201,9144.0
1200.0,TGW487,2.25742063613417,102.36807431651344,9144.0
1200.0,TGW491,4.209945407668103,113.056276755365,9144.0
1200.0,TGW610,3.8974767510300583,103.218894222955,9144.0
1200.0,TGW625,11.07026283504981,101.4801173077326,9144.0
1210.0,TGW285,-6.68110138466493,113.51223125021053,9144.0
1210.0,TGW288,-0.51310453031791,106.36497100835855,9144.0
1210.0,TGW300,4.266054168010268,103.96791057352097,9144.0
1210.0,TGW305,7.981682218264127,105.9546788144511,9144.0
1210.0,TGW350,4.109543235674101,103.13475109647355,9144.0
1210.0,TGW351,17.207702869579855,102.01624254711739,9144.0
1210.0,TGW386,2.477790322559656,106.36166006674586,9144.0
1210.0,TGW390,1.8829738908266516,106.05703236624537,9144.0
1210.0,TGW397,11.90286576109645,119.22515562059817,9144.0
1210.0,TGW427,2.694152785332861,101.93566642880907,9144.0
1210.0,TGW431,1.389822090624796,106.94609624533116,9144.0
1210.0,TGW453,1.0903014005263043,103.84905633598196,9144.0
1210.0,TGW484,2.927136343313764,101.6961338434804,9144.0
1210.0,TGW486,2.9208655624864766,102.03319222013276,9144.0
1210.0,TGW487,2.2316808483021466,102.38381489526506,9144.0
1210.0,TGW491,4.195760616177956,113.02675904175088,9144.0
1210.0,TGW610,3.927216333978732,103.20709684734341,9144.0
1210.0,TGW625,11.039412067229197,101.49195285945773,9144.0
1210.0,TGW285,-6.68110138466493,113.51223125021053,9144.0
1210.0,TGW288,-0.51310453031791,106.36497100835855,9144.0
1210.0,TGW300,4.266054168010268,103.96791057352097,9144.0
1210.0,TGW305,7.981682218264127,105.9546788144511,9144.0
1210.0,TGW350,4.109543235674101,103.13475109647355,9144.0
1210.0,TGW351,17.207702869579855,102.01624254711739,9144.0
1210.0,TGW386,2.477790322559656,106.36166006674586,9144.0
1210.0,TGW390,1.8829738908266516,106.05703236624537,9144.0
1210.0,TGW397,11.90286576109645,119.22515562059817,9144.0
1210.0,TGW427,2.694152785332861,101.93566642880907,9144.0
1210.0,TGW431,1.389822090624796,106.94609624533116,9144.0
1210.0,TGW453,1.0903014005263043,103.84905633598196,9144.0
1210.0,TGW484,2.927136343313764,101.6961338434804,9144.0
1210.0,TGW486,2.9208655624864766,102.03319222013276,9144.0
1210.0,TGW487,2.2316808483021466,102.38381489526506,9144.0
1210.0,TGW491,4.195760616177956,113.02675904175088,9144.0
1210.0,TGW610,3.927216333978732,103.20709684734341,9144.0
1210.0,TGW625,11.039412067229197,101.49195285945773,9144.0
1220.0,TGW285,-6.660299805490442,113.48815757061458,9144.0
1220.0,TGW288,-0.5302928098449089,106.3911116205253,9144.0
1220.0,TGW300,4.297630512458527,103.96781123054765,9144.0
1220.0,TGW305,7.951811346505065,105.94249565335075,9144.0
1220.0,TGW350,4.139588652808701,103.12277829805468,9144.0
1220.0,TGW351,17.18088997754533,102.0037977495815,9144.0
1220.0,TGW386,2.5054090141181793,106.37288468791729,9144.0
1220.0,TGW390,1.9104079234833593,106.07107323171222,9144.0
1220.0,TGW397,11.877698850530788,119.20223966771496,9144.0
1220.0,TGW427,2.6722415227338194,101.95563332722372,9144.0
1220.0,TGW431,1.3890489400052237,106.91382233801819,9144.0
1220.0,TGW453,1.091208473072977,103.86806893192103,9144.0
1220.0,TGW484,2.946040706948097,101.67066247551418,9144.0
1220.0,TGW486,2.9388008317375713,102.00810170747776,9144.0
1220.0,TGW487,2.2059459816112317,102.3995632566383,9144.0
1220.0,TGW491,4.18157255002659,112.99724344575888,9144.0
1220.0,TGW610,3.956935731334779,103.19524805083377,9144.0
1220.0,TGW625,11.007180092449628,101.5005126524774,9144.0
1220.0,TGW285,-6.660299805490442,113.48815757061458,9144.0
1220.0,TGW288,-0.5302928098449089,106.3911116205253,9144.0
1220.0,TGW300,4.297630512458527,103.96781123054765,9144.0
1220.0,TGW305,7.951811346505065,105.94249565335075,9144.0
1220.0,TGW350,4.139588652808701,103.12277829805468,9144.0
1220.0,TGW351,17.18088997754533,102.0037977495815,9144.0
1220.0,TGW386,2.5054090141181793,106.37288468791729,9144.0
1220.0,TGW390,1.9104079234833593,106.07107323171222,9144.0
1220.0,TGW397,11.877698850530788,119.20223966771496,9144.0
1220.0,TGW427,2.6722415227338194,101.95563332722372,9144.0
1220.0,TGW431,1.3890489400052237,106.91382233801819,9144.0
1220.0,TGW453,1.091208473072977,103.86806893192103,9144.0
1220.0,TGW484,2.946040706948097,101.67066247551418,9144.0
1220.0,TGW486,2.9388008317375713,102.00810170747776,9144.0
1220.0,TGW487,2.2059459816112317,102.3995632566383,9144.0
1220.0,TGW491,4.18157255002659,112.99724344575888,9144.0
1220.0,TGW610,3.956935731334779,103.19524805083377,9144.0
1220.0,TGW625,11.007180092449628,101.5005126524774,9144.0
1230.0,TGW285,-6.63964968982241,113.46426360511981,9144.0
1230.0,TGW288,-0.547545193433263,106.41735016569382,9144.0
1230.0,TGW300,4.329381678211744,103.96771132931237,9144.0
1230.0,TGW305,7.921940088518409,105.93031434316822,9144.0
1230.0,TGW350,4.1696338045625145,103.11080437411377,9144.0
1230.0,TGW351,17.152678625704112,101.99539856615169,9144.0
1230.0,TGW386,2.5329171743313657,106.38406492509796,9144.0
1230.0,TGW390,1.9377570047471824,106.0852792675746,9144.0
1230.0,TGW397,11.852527515194758,119.17933090479443,9144.0
1230.0,TGW427,2.650328006268415,101.97559739170832,9144.0
1230.0,TGW431,1.3881640505408566,106.88155131483849,9144.0
1230.0,TGW453,1.09271463015417,103.88704346517132,9144.0
1230.0,TGW484,2.9649414554669185,101.64518798391028,9144.0
1230.0,TGW486,2.95677711805385,101.98304023803148,9144.0
1230.0,TGW487,2.180160339629812,102.41534196433268,9144.0
1230.0,TGW491,4.167417095070028,112.96771264468188,9144.0
1230.0,TGW610,3.986708879777295,103.1833768713563,9144.0
1230.0,TGW625,10.974947870525346,101.50907054452401,9144.0
1230.0,TGW285,-6.63964968982241,113.46426360511981,9144.0
1230.0,TGW288,-0.547545193433263,106.41735016569382,9144.0
1230.0,TGW300,4.329381678211744,103.96771132931237,9144.0
1230.0,TGW305,7.921940088518409,105.93031434316822,9144.0
1230.0,TGW350,4.1696338045625145,103.11080437411377,9144.0
1230.0,TGW351,17.152678625704112,101.99539856615169,9144.0
1230.0,TGW386,2.5329171743313657,106.38406492509796,9144.0
1230.0,TGW390,1.9377570047471824,106.0852792675746,9144.0
1230.0,TGW397,11.852527515194758,119.17933090479443,9144.0
1230.0,TGW427,2.650328006268415,101.97559739170832,9144.0
1230.0,TGW431,1.3881640505408566,106.88155131483849,9144.0
1230.0,TGW453,1.09271463015417,103.88704346517132,9144.0
1230.0,TGW484,2.9649414554669185,101.64518798391028,9144.0
1230.0,TGW486,2.95677711805385,101.98304023803148,9144.0
1230.0,TGW487,2.180160339629812,102.41534196433268,9144.0
1230.0,TGW491,4.167417095070028,112.96771264468188,9144.0
1230.0,TGW610,3.986708879777295,103.1833768713563,9144.0
1230.0,TGW625,10.974947870525346,101.50907054452401,9144.0
1240.0,TGW285,-6.61902497650368,113.44034841300363,9144.0
1240.0,TGW288,-0.5647511304914883,106.443619270955,9144.0
1240.0,TGW300,4.361114114432818,103.96661318785117,9144.0
1240.0,TGW305,7.892075471527758,105.9181173286083,9144.0
1240.0,TGW350,4.199688893303881,103.09885508857236,9144.0
1240.0,TGW351,17.123622525547507,101.9912086122867,9144.0
1240.0,TGW386,2.560425548421802,106.39524487373875,9144.0
1240.0,TGW390,1.965105934986536,106.09948582556203,9144.0
1240.0,TGW397,11.827344273393221,119.15643791730383,9144.0
1240.0,TGW427,2.6284068753585172,101.99555272513453,9144.0
1240.0,TGW431,1.3872785665479122,106.84928032005804,9144.0
1240.0,TGW453,1.0962845479330054,103.90518846037625,9144.0
1240.0,TGW484,2.983638597262057,101.619562845692,9144.0
1240.0,TGW486,2.9747869519961965,101.95792995732602,9144.0
1240.0,TGW487,2.1543759730466783,102.43112249036544,9144.0
1240.0,TGW491,4.153259095289249,112.93818360083239,9144.0
1240.0,TGW610,4.016506286869126,103.17156658217719,9144.0
1240.0,TGW625,10.941950203009613,101.51369926628722,9144.0
1240.0,TGW285,-6.61902497650368,113.44034841300363,9144.0
1240.0,TGW288,-0.5647511304914883,106.443619270955,9144.0
1240.0,TGW300,4.361114114432818,103.96661318785117,9144.0
1240.0,TGW305,7.892075471527758,105.9181173286083,9144.0
1240.0,TGW350,4.199688893303881,103.09885508857236,9144.0
1240.0,TGW351,17.123622525547507,101.9912086122867,9144.0
1240.0,TGW386,2.560425548421802,106.39524487373875,9144.0
1240.0,TGW390,1.965105934986536,106.09948582556203,9144.0
1240.0,TGW397,11.827344273393221,119.15643791730383,9144.0
1240.0,TGW427,2.6284068753585172,101.99555272513453,9144.0
1240.0,TGW431,1.3872785665479122,106.84928032005804,9144.0
1240.0,TGW453,1.0962845479330054,103.90518846037625,9144.0
1240.0,TGW484,2.983638597262057,101.619562845692,9144.0
1240.0,TGW486,2.9747869519961965,101.95792995732602,9144.0
1240.0,TGW487,2.1543759730466783,102.43112249036544,9144.0
1240.0,TGW491,4.153259095289249,112.93818360083239,9144.0
1240.0,TGW610,4.016506286869126,103.17156658217719,9144.0
1240.0,TGW625,10.941950203009613,101.51369926628722,9144.0
1250.0,TGW285,-6.59855228119242,113.41661325383885,9144.0
1250.0,TGW288,-0.5819889149328025,106.46993744799111,9144.0
1250.0,TGW300,4.393078959848894,103.96550690975938,9144.0
1250.0,TGW305,7.862156820952218,105.9059002104249,9144.0
1250.0,TGW350,4.2299584479685635,103.08681925822206,9144.0
1250.0,TGW351,17.094291968660258,101.99130879613088,9144.0
1250.0,TGW386,2.5878785518659893,106.40640284355719,9144.0
1250.0,TGW390,1.992492687898421,106.11361948045638,9144.0
1250.0,TGW397,11.802158982630075,119.1335493874714,9144.0
1250.0,TGW427,2.606485027006364,102.01550691973424,9144.0
1250.0,TGW431,1.3863921275588549,106.81700936359844,9144.0
1250.0,TGW453,1.0999326599447588,103.92373214143305,9144.0
1250.0,TGW484,3.0023334743034096,101.593935613487,9144.0
1250.0,TGW486,2.99271130317239,101.93275801044527,9144.0
1250.0,TGW487,2.1285408797278924,102.44693336756566,9144.0
1250.0,TGW491,4.138995690151635,112.90870612631142,9144.0
1250.0,TGW610,4.0462495394208595,103.15977679803936,9144.0
1250.0,TGW625,10.90838773685303,101.51840614331691,9144.0
1250.0,TGW285,-6.59855228119242,113.41661325383885,9144.0
1250.0,TGW288,-0.5819889149328025,106.46993744799111,9144.0
1250.0,TGW300,4.393078959848894,103.96550690975938,9144.0
1250.0,TGW305,7.862156820952218,105.9059002104249,9144.0
1250.0,TGW350,4.2299584479685635,103.08681925822206,9144.0
1250.0,TGW351,17.094291968660258,101.99130879613088,9144.0
1250.0,TGW386,2.5878785518659893,106.40640284355719,9144.0
1250.0,TGW390,1.992492687898421,106.11361948045638,9144.0
1250.0,TGW397,11.802158982630075,119.1335493874714,9144.0
1250.0,TGW427,2.606485027006364,102.01550691973424,9144.0
1250.0,TGW431,1.3863921275588549,106.81700936359844,9144.0
1250.0,TGW453,1.0999326599447588,103.92373214143305,9144.0
1250.0,TGW484,3.0023334743034096,101.593935613487,9144.0
1250.0,TGW486,2.99271130317239,101.93275801044527,9144.0
1250.0,TGW487,2.1285408797278924,102.44693336756566,9144.0
1250.0,TGW491,4.138995690151635,112.90870612631142,9144.0
1250.0,TGW610,4.0462495394208595,103.15977679803936,9144.0
1250.0,TGW625,10.90838773685303,101.51840614331691,9144.0
1260.0,TGW285,-6.578077693662008,113.39288072830557,9144.0
1260.0,TGW288,-0.599911310867233,106.49579430799635,9144.0
1260.0,TGW300,4.425017938331938,103.96720598340016,9144.0
1260.0,TGW305,7.832237752928876,105.89368501322555,9144.0
1260.0,TGW350,4.260214436948784,103.0747487074722,9144.0
1260.0,TGW351,17.065262633460268,101.99569580818763,9144.0
1260.0,TGW386,2.61533145394067,106.41756130622163,9144.0
1260.0,TGW390,2.020036054397686,106.12783453777118,9144.0
1260.0,TGW397,11.776971416763834,119.11066557040355,9144.0
1260.0,TGW427,2.5846723511809966,102.03558029705466,9144.0
1260.0,TGW431,1.3856987206311817,106.78473368916278,9144.0
1260.0,TGW453,1.1037162458024206,103.94224866935309,9144.0
1260.0,TGW484,3.0211716112151663,101.56841335260981,9144.0
1260.0,TGW486,3.0107031108789526,101.9074892533895,9144.0
1260.0,TGW487,2.103022574483543,102.46325101728506,9144.0
1260.0,TGW491,4.124730677450593,112.87922996393088,9144.0
1260.0,TGW610,4.0759922680082346,103.14798525093437,9144.0
1260.0,TGW625,10.874825195398852,101.52311193302297,9144.0
1260.0,TGW285,-6.578077693662008,113.39288072830557,9144.0
1260.0,TGW288,-0.599911310867233,106.49579430799635,9144.0
1260.0,TGW300,4.425017938331938,103.96720598340016,9144.0
1260.0,TGW305,7.832237752928876,105.89368501322555,9144.0
1260.0,TGW350,4.260214436948784,103.0747487074722,9144.0
1260.0,TGW351,17.065262633460268,101.99569580818763,9144.0
1260.0,TGW386,2.61533145394067,106.41756130622163,9144.0
1260.0,TGW390,2.020036054397686,106.12783453777118,9144.0
1260.0,TGW397,11.776971416763834,119.11066557040355,9144.0
1260.0,TGW427,2.5846723511809966,102.03558029705466,9144.0
1260.0,TGW431,1.3856987206311817,106.78473368916278,9144.0
1260.0,TGW453,1.1037162458024206,103.94224866935309,9144.0
1260.0,TGW484,3.0211716112151663,101.56841335260981,9144.0
1260.0,TGW486,3.0107031108789526,101.9074892533895,9144.0
1260.0,TGW487,2.103022574483543,102.46325101728506,9144.0
1260.0,TGW491,4.124730677450593,112.87922996393088,9144.0
1260.0,TGW610,4.0759922680082346,103.14798525093437,9144.0
1260.0,TGW625,10.874825195398852,101.52311193302297,9144.0
1270.0,TGW285,-6.557665776337092,113.36909453921116,9144.0
1270.0,TGW288,-0.617866815081501,106.52169935590634,9144.0
1270.0,TGW300,4.456840879393309,103.96889903015631,9144.0
1270.0,TGW305,7.802304227100416,105.88150683375088,9144.0
1270.0,TGW350,4.2903629170149795,103.06271982166673,9144.0
1270.0,TGW351,17.037104286209566,102.00428226466974,9144.0
1270.0,TGW386,2.642784248249434,106.42872028007764,9144.0
1270.0,TGW390,2.0475561088039953,106.14209497367315,9144.0
1270.0,TGW397,11.751749010581387,119.08782392498797,9144.0
1270.0,TGW427,2.562859075688384,102.0556526778909,9144.0
1270.0,TGW431,1.3850044913703827,106.75245804187237,9144.0
1270.0,TGW453,1.107580562205045,103.96116159546662,9144.0
1270.0,TGW484,3.0400084306447392,101.54288967237787,9144.0
1270.0,TGW486,3.028662348298042,101.8821968550666,9144.0
1270.0,TGW487,2.077504070148967,102.47956808998742,9144.0
1270.0,TGW491,4.110526861904271,112.84972463650308,9144.0
1270.0,TGW610,4.1056647978120075,103.13601682362349,9144.0
1270.0,TGW625,10.841192439510005,101.5272650473381,9144.0
1270.0,TGW285,-6.557665776337092,113.36909453921116,9144.0
1270.0,TGW288,-0.617866815081501,106.52169935590634,9144.0
1270.0,TGW300,4.456840879393309,103.96889903015631,9144.0
1270.0,TGW305,7.802304227100416,105.88150683375088,9144.0
1270.0,TGW350,4.2903629170149795,103.06271982166673,9144.0
1270.0,TGW351,17.037104286209566,102.00428226466974,9144.0
1270.0,TGW386,2.642784248249434,106.42872028007764,9144.0
1270.0,TGW390,2.0475561088039953,106.14209497367315,9144.0
1270.0,TGW397,11.751749010581387,119.08782392498797,9144.0
1270.0,TGW427,2.562859075688384,102.0556526778909,9144.0
1270.0,TGW431,1.3850044913703827,106.75245804187237,9144.0
1270.0,TGW453,1.107580562205045,103.96116159546662,9144.0
1270.0,TGW484,3.0400084306447392,101.54288967237787,9144.0
1270.0,TGW486,3.028662348298042,101.8821968550666,9144.0
1270.0,TGW487,2.077504070148967,102.47956808998742,9144.0
1270.0,TGW491,4.110526861904271,112.84972463650308,9144.0
1270.0,TGW610,4.1056647978120075,103.13601682362349,9144.0
1270.0,TGW625,10.841192439510005,101.5272650473381,9144.0
1280.0,TGW285,-6.5369465787067496,113.34495496771584,9144.0
1280.0,TGW288,-0.6382729559902922,106.54572131720407,9144.0
1280.0,TGW300,4.488681217178869,103.97022277432723,9144.0
1280.0,TGW305,7.772370318102702,105.86933048383219,9144.0
1280.0,TGW350,4.3205204279420695,103.05071324688376,9144.0
1280.0,TGW351,17.010369598064667,102.01689849561346,9144.0
1280.0,TGW386,2.6691178814960845,106.4423164010616,9144.0
1280.0,TGW390,2.0750760202545853,106.15635593233807,9144.0
1280.0,TGW397,11.726524490100786,119.06498680486713,9144.0
1280.0,TGW427,2.5411367233619653,102.07582327654487,9144.0
1280.0,TGW431,1.3842578340712615,106.72018357572978,9144.0
1280.0,TGW453,1.1150121310052188,103.9789770392236,9144.0
1280.0,TGW484,3.058757849725323,101.51730109295427,9144.0
1280.0,TGW486,3.0465867490586644,101.8569514216415,9144.0
1280.0,TGW487,2.0539389773575834,102.49860076575897,9144.0
1280.0,TGW491,4.09629643017044,112.82016861327143,9144.0
1280.0,TGW610,4.135229297233261,103.1240908589729,9144.0
1280.0,TGW625,10.807559626347738,101.53141721475568,9144.0
1280.0,TGW285,-6.5369465787067496,113.34495496771584,9144.0
1280.0,TGW288,-0.6382729559902922,106.54572131720407,9144.0
1280.0,TGW300,4.488681217178869,103.97022277432723,9144.0
1280.0,TGW305,7.772370318102702,105.86933048383219,9144.0
1280.0,TGW350,4.3205204279420695,103.05071324688376,9144.0
1280.0,TGW351,17.010369598064667,102.01689849561346,9144.0
1280.0,TGW386,2.6691178814960845,106.4423164010616,9144.0
1280.0,TGW390,2.0750760202545853,106.15635593233807,9144.0
1280.0,TGW397,11.726524490100786,119.06498680486713,9144.0
1280.0,TGW427,2.5411367233619653,102.07582327654487,9144.0
1280.0,TGW431,1.3842578340712615,106.72018357572978,9144.0
1280.0,TGW453,1.1150121310052188,103.9789770392236,9144.0
1280.0,TGW484,3.058757849725323,101.51730109295427,9144.0
1280.0,TGW486,3.0465867490586644,101.8569514216415,9144.0
1280.0,TGW487,2.0539389773575834,102.49860076575897,9144.0
1280.0,TGW491,4.09629643017044,112.82016861327143,9144.0
1280.0,TGW610,4.135229297233261,103.1240908589729,9144.0
1280.0,TGW625,10.807559626347738,101.53141721475568,9144.0
1290.0,TGW285,-6.516165664646044,113.32087020280076,9144.0
1290.0,TGW288,-0.6586789589494636,106.56974349253684,9144.0
1290.0,TGW300,4.52046344576803,103.97154421790663,9144.0
1290.0,TGW305,7.7424394939917915,105.85714727872346,9144.0
1290.0,TGW350,4.350570289361685,103.03874839592238,9144.0
1290.0,TGW351,16.985583297656998,102.03329593704284,9144.0
1290.0,TGW386,2.695874463961262,106.45613157436824,9144.0
1290.0,TGW390,2.1026145241087697,106.17058115727784,9144.0
1290.0,TGW397,11.701297014599618,119.04215517425123,9144.0
1290.0,TGW427,2.519457109023819,102.0959517926908,9144.0
1290.0,TGW431,1.3835064272443962,106.68773570532787,9144.0
1290.0,TGW453,1.1250745065544536,103.99537086672379,9144.0
1290.0,TGW484,3.0774715352946633,101.49175819097395,9144.0
1290.0,TGW486,3.0645902500793296,101.8317620739476,9144.0
1290.0,TGW487,2.0303736084175505,102.51763282005544,9144.0
1290.0,TGW491,4.082019907608515,112.79063546601888,9144.0
1290.0,TGW610,4.1648612617264185,103.11233397005167,9144.0
1290.0,TGW625,10.774024284667213,101.53631830613361,9144.0
1290.0,TGW285,-6.516165664646044,113.32087020280076,9144.0
1290.0,TGW288,-0.6586789589494636,106.56974349253684,9144.0
1290.0,TGW300,4.52046344576803,103.97154421790663,9144.0
1290.0,TGW305,7.7424394939917915,105.85714727872346,9144.0
1290.0,TGW350,4.350570289361685,103.03874839592238,9144.0
1290.0,TGW351,16.985583297656998,102.03329593704284,9144.0
1290.0,TGW386,2.695874463961262,106.45613157436824,9144.0
1290.0,TGW390,2.1026145241087697,106.17058115727784,9144.0
1290.0,TGW397,11.701297014599618,119.04215517425123,9144.0
1290.0,TGW427,2.519457109023819,102.0959517926908,9144.0
1290.0,TGW431,1.3835064272443962,106.68773570532787,9144.0
1290.0,TGW453,1.1250745065544536,103.99537086672379,9144.0
1290.0,TGW484,3.0774715352946633,101.49175819097395,9144.0
1290.0,TGW486,3.0645902500793296,101.8317620739476,9144.0
1290.0,TGW487,2.0303736084175505,102.51763282005544,9144.0
1290.0,TGW491,4.082019907608515,112.79063546601888,9144.0
1290.0,TGW610,4.1648612617264185,103.11233397005167,9144.0
1290.0,TGW625,10.774024284667213,101.53631830613361,9144.0
1300.0,TGW285,-6.495230414929698,113.29661113956918,9144.0
1300.0,TGW288,-0.6790846272033093,106.59376605210706,9144.0
1300.0,TGW300,4.552252936350428,103.97267637643002,9144.0
1300.0,TGW305,7.712508319828996,105.84496581305659,9144.0
1300.0,TGW350,4.380628041986281,103.02680301938024,9144.0
1300.0,TGW351,16.963231872108476,102.05315205589355,9144.0
1300.0,TGW386,2.7226308867778934,106.46994736285605,9144.0
1300.0,TGW390,2.130152883195176,106.18480691551825,9144.0
1300.0,TGW397,11.676122501327704,119.01926473961694,9144.0
1300.0,TGW427,2.497797839690604,102.11610190806782,9144.0
1300.0,TGW431,1.3828249699072221,106.65528629893235,9144.0
1300.0,TGW453,1.1337334983674596,104.01254767474471,9144.0
1300.0,TGW484,3.0962639785213177,101.46627289355382,9144.0
1300.0,TGW486,3.0819387775418092,101.80748707806274,9144.0
1300.0,TGW487,2.0094925693056567,102.53957969855769,9144.0
1300.0,TGW491,4.067766939677093,112.7611555463504,9144.0
1300.0,TGW610,4.194330687693737,103.10064054614112,9144.0
1300.0,TGW625,10.741003856409419,101.54428762192819,9144.0
1300.0,TGW285,-6.495230414929698,113.29661113956918,9144.0
1300.0,TGW288,-0.6790846272033093,106.59376605210706,9144.0
1300.0,TGW300,4.552252936350428,103.97267637643002,9144.0
1300.0,TGW305,7.712508319828996,105.84496581305659,9144.0
1300.0,TGW350,4.380628041986281,103.02680301938024,9144.0
1300.0,TGW351,16.963231872108476,102.05315205589355,9144.0
1300.0,TGW386,2.7226308867778934,106.46994736285605,9144.0
1300.0,TGW390,2.130152883195176,106.18480691551825,9144.0
1300.0,TGW397,11.676122501327704,119.01926473961694,9144.0
1300.0,TGW427,2.497797839690604,102.11610190806782,9144.0
1300.0,TGW431,1.3828249699072221,106.65528629893235,9144.0
1300.0,TGW453,1.1337334983674596,104.01254767474471,9144.0
1300.0,TGW484,3.0962639785213177,101.46627289355382,9144.0
1300.0,TGW486,3.0819387775418092,101.80748707806274,9144.0
1300.0,TGW487,2.0094925693056567,102.53957969855769,9144.0
1300.0,TGW491,4.067766939677093,112.7611555463504,9144.0
1300.0,TGW610,4.194330687693737,103.10064054614112,9144.0
1300.0,TGW625,10.741003856409419,101.54428762192819,9144.0
1310.0,TGW285,-6.4743015070659675,113.27234754137639,9144.0
1310.0,TGW288,-0.70003334856321,106.61731658213938,9144.0
1310.0,TGW300,4.583867830557444,103.97380241607893,9144.0
1310.0,TGW305,7.682576796421917,105.83278608132385,9144.0
1310.0,TGW350,4.410631789142677,103.0148779626863,9144.0
1310.0,TGW351,16.94375401862309,102.07607670757275,9144.0
1310.0,TGW386,2.749387147072663,106.48376377513179,9144.0
1310.0,TGW390,2.15766092655361,106.19909154406518,9144.0
1310.0,TGW397,11.650775502219652,118.99622497389306,9144.0
1310.0,TGW427,2.476137896854819,102.13625096726147,9144.0
1310.0,TGW431,1.382140479190311,106.62272147910535,9144.0
1310.0,TGW453,1.1424226105266808,104.0297847134262,9144.0
1310.0,TGW484,3.1149164384846313,101.44097430384652,9144.0
1310.0,TGW486,3.099245102547045,101.78318149323425,9144.0
1310.0,TGW487,1.988733811168114,102.56139709290069,9144.0
1310.0,TGW491,4.053595098054602,112.73163686201914,9144.0
1310.0,TGW610,4.2237743037579065,103.08888149265462,9144.0
1310.0,TGW625,10.708593173281612,101.55210800672914,9144.0
1310.0,TGW285,-6.4743015070659675,113.27234754137639,9144.0
1310.0,TGW288,-0.70003334856321,106.61731658213938,9144.0
1310.0,TGW300,4.583867830557444,103.97380241607893,9144.0
1310.0,TGW305,7.682576796421917,105.83278608132385,9144.0
1310.0,TGW350,4.410631789142677,103.0148779626863,9144.0
1310.0,TGW351,16.94375401862309,102.07607670757275,9144.0
1310.0,TGW386,2.749387147072663,106.48376377513179,9144.0
1310.0,TGW390,2.15766092655361,106.19909154406518,9144.0
1310.0,TGW397,11.650775502219652,118.99622497389306,9144.0
1310.0,TGW427,2.476137896854819,102.13625096726147,9144.0
1310.0,TGW431,1.382140479190311,106.62272147910535,9144.0
1310.0,TGW453,1.1424226105266808,104.0297847134262,9144.0
1310.0,TGW484,3.1149164384846313,101.44097430384652,9144.0
1310.0,TGW486,3.099245102547045,101.78318149323425,9144.0
1310.0,TGW487,1.988733811168114,102.56139709290069,9144.0
1310.0,TGW491,4.053595098054602,112.73163686201914,9144.0
1310.0,TGW610,4.2237743037579065,103.08888149265462,9144.0
1310.0,TGW625,10.708593173281612,101.55210800672914,9144.0
1320.0,TGW285,-6.453408954449486,113.24813063676659,9144.0
1320.0,TGW288,-0.7210982246296616,106.64099804316973,9144.0
1320.0,TGW300,4.615479349247792,103.97502015603953,9144.0
1320.0,TGW305,7.652644924331374,105.82060807863674,9144.0
1320.0,TGW350,4.440616686634554,103.00290482262754,9144.0
1320.0,TGW351,16.927532034063514,102.10161979940641,9144.0
1320.0,TGW386,2.7761432407330857,106.49758082220784,9144.0
1320.0,TGW390,2.185220939000119,106.21340377002907,9144.0
1320.0,TGW397,11.62539268377034,118.9732284540846,9144.0
1320.0,TGW427,2.454418265794143,102.1563352229758,9144.0
1320.0,TGW431,1.3814549058695897,106.5901566914643,9144.0
1320.0,TGW453,1.1508801300026628,104.04713665554364,9144.0
1320.0,TGW484,3.133478812025319,101.41560889679091,9144.0
1320.0,TGW486,3.1162385167010163,101.75931336473488,9144.0
1320.0,TGW487,1.9679746427501152,102.58321382334833,9144.0
1320.0,TGW491,4.039421737006386,112.70211942742321,9144.0
1320.0,TGW610,4.253163581806797,103.07714311059843,9144.0
1320.0,TGW625,10.67737552761497,101.56392982277922,9144.0
1320.0,TGW285,-6.453408954449486,113.24813063676659,9144.0
1320.0,TGW288,-0.7210982246296616,106.64099804316973,9144.0
1320.0,TGW300,4.615479349247792,103.97502015603953,9144.0
1320.0,TGW305,7.652644924331374,105.82060807863674,9144.0
1320.0,TGW350,4.440616686634554,103.00290482262754,9144.0
1320.0,TGW351,16.927532034063514,102.10161979940641,9144.0
1320.0,TGW386,2.7761432407330857,106.49758082220784,9144.0
1320.0,TGW390,2.185220939000119,106.21340377002907,9144.0
1320.0,TGW397,11.62539268377034,118.9732284540846,9144.0
1320.0,TGW427,2.454418265794143,102.1563352229758,9144.0
1320.0,TGW431,1.3814549058695897,106.5901566914643,9144.0
1320.0,TGW453,1.1508801300026628,104.04713665554364,9144.0
1320.0,TGW484,3.133478812025319,101.41560889679091,9144.0
1320.0,TGW486,3.1162385167010163,101.75931336473488,9144.0
1320.0,TGW487,1.9679746427501152,102.58321382334833,9144.0
1320.0,TGW491,4.039421737006386,112.70211942742321,9144.0
1320.0,TGW610,4.253163581806797,103.07714311059843,9144.0
1320.0,TGW625,10.67737552761497,101.56392982277922,9144.0
1330.0,TGW285,-6.432575468777705,113.2238632457577,9144.0
1330.0,TGW288,-0.7419301928990096,106.66441802306645,9144.0
1330.0,TGW300,4.647032595512769,103.97623575946908,9144.0
1330.0,TGW305,7.622712703679003,105.80843180120748,9144.0
1330.0,TGW350,4.470547580980129,102.99095211037212,9144.0
1330.0,TGW351,16.914884311511837,102.12928010921645,9144.0
1330.0,TGW386,2.8028991590768997,106.51139852396668,9144.0
1330.0,TGW390,2.2127807868119374,106.22771657783231,9144.0
1330.0,TGW397,11.599965389895871,118.95019788194556,9144.0
1330.0,TGW427,2.432654231036478,102.17645909567565,9144.0
1330.0,TGW431,1.3806517738096222,106.55759460361084,9144.0
1330.0,TGW453,1.1569086526930121,104.06547492348695,9144.0
1330.0,TGW484,3.152039895258771,101.39024209151306,9144.0
1330.0,TGW486,3.133288008559496,101.73548499301774,9144.0
1330.0,TGW487,1.9503780763274532,102.60765567926573,9144.0
1330.0,TGW491,4.026627199202709,112.67197610754837,9144.0
1330.0,TGW610,4.282196101026973,103.06454313505996,9144.0
1330.0,TGW625,10.647809938781823,101.57822886576908,9144.0
1330.0,TGW285,-6.432575468777705,113.2238632457577,9144.0
1330.0,TGW288,-0.7419301928990096,106.66441802306645,9144.0
1330.0,TGW300,4.647032595512769,103.97623575946908,9144.0
1330.0,TGW305,7.622712703679003,105.80843180120748,9144.0
1330.0,TGW350,4.470547580980129,102.99095211037212,9144.0
1330.0,TGW351,16.914884311511837,102.12928010921645,9144.0
1330.0,TGW386,2.8028991590768997,106.51139852396668,9144.0
1330.0,TGW390,2.2127807868119374,106.22771657783231,9144.0
1330.0,TGW397,11.599965389895871,118.95019788194556,9144.0
1330.0,TGW427,2.432654231036478,102.17645909567565,9144.0
1330.0,TGW431,1.3806517738096222,106.55759460361084,9144.0
1330.0,TGW453,1.1569086526930121,104.06547492348695,9144.0
1330.0,TGW484,3.152039895258771,101.39024209151306,9144.0
1330.0,TGW486,3.133288008559496,101.73548499301774,9144.0
1330.0,TGW487,1.9503780763274532,102.60765567926573,9144.0
1330.0,TGW491,4.026627199202709,112.67197610754837,9144.0
1330.0,TGW610,4.282196101026973,103.06454313505996,9144.0
1330.0,TGW625,10.647809938781823,101.57822886576908,9144.0
1340.0,TGW285,-6.4117782931657965,113.19964261766282,9144.0
1340.0,TGW288,-0.762762035065898,106.6878382269677,9144.0
1340.0,TGW300,4.67858583971769,103.9774514713277,9144.0
1340.0,TGW305,7.592780133683554,105.79625724750937,9144.0
1340.0,TGW350,4.500507644512507,102.97907266349826,9144.0
1340.0,TGW351,16.90605909108626,102.15851508722503,9144.0
1340.0,TGW386,2.8296547705691673,106.52521713874047,9144.0
1340.0,TGW390,2.240330805963166,106.24204859137404,9144.0
1340.0,TGW397,11.574535920976453,118.92717190813163,9144.0
1340.0,TGW427,2.4109653448367867,102.19666376094571,9144.0
1340.0,TGW431,1.3798421106489673,106.52480215115706,9144.0
1340.0,TGW453,1.1664234286256654,104.08219288458443,9144.0
1340.0,TGW484,3.170720991947179,101.36496335128004,9144.0
1340.0,TGW486,3.1501268707969814,101.71194903861257,9144.0
1340.0,TGW487,1.9324666992078388,102.63164505036079,9144.0
1340.0,TGW491,4.0138311218651825,112.64183391754706,9144.0
1340.0,TGW610,4.311442101087105,103.0518494034748,9144.0
1340.0,TGW625,10.618243576127698,101.59252486701642,9144.0
1340.0,TGW285,-6.4117782931657965,113.19964261766282,9144.0
1340.0,TGW288,-0.762762035065898,106.6878382269677,9144.0
1340.0,TGW300,4.67858583971769,103.9774514713277,9144.0
1340.0,TGW305,7.592780133683554,105.79625724750937,9144.0
1340.0,TGW350,4.500507644512507,102.97907266349826,9144.0
1340.0,TGW351,16.90605909108626,102.15851508722503,9144.0
1340.0,TGW386,2.8296547705691673,106.52521713874047,9144.0
1340.0,TGW390,2.240330805963166,106.24204859137404,9144.0
1340.0,TGW397,11.574535920976453,118.92717190813163,9144.0
1340.0,TGW427,2.4109653448367867,102.19666376094571,9144.0
1340.0,TGW431,1.3798421106489673,106.52480215115706,9144.0
1340.0,TGW453,1.1664234286256654,104.08219288458443,9144.0
1340.0,TGW484,3.170720991947179,101.36496335128004,9144.0
1340.0,TGW486,3.1501268707969814,101.71194903861257,9144.0
1340.0,TGW487,1.9324666992078388,102.63164505036079,9144.0
1340.0,TGW491,4.0138311218651825,112.64183391754706,9144.0
1340.0,TGW610,4.311442101087105,103.0518494034748,9144.0
1340.0,TGW625,10.618243576127698,101.59252486701642,9144.0
1350.0,TGW285,-6.390913414971978,113.17548201177685,9144.0
1350.0,TGW288,-0.7835937470127475,106.71125866163288,9144.0
1350.0,TGW300,4.710106920732259,103.97932777943092,9144.0
1350.0,TGW305,7.5628472111872815,105.78408442196454,9144.0
1350.0,TGW350,4.530521318336863,102.96717081485446,9144.0
1350.0,TGW351,16.90122958766817,102.18875145169825,9144.0
1350.0,TGW386,2.8560694644325633,106.53967862788011,9144.0
1350.0,TGW390,2.267148112493477,106.25600005427495,9144.0
1350.0,TGW397,11.549101969965424,118.90415318340719,9144.0
1350.0,TGW427,2.389232247457792,102.21690819674399,9144.0
1350.0,TGW431,1.3790826970209002,106.49200850630685,9144.0
1350.0,TGW453,1.1793367737557345,104.09663004997681,9144.0
1350.0,TGW484,3.189192032643716,101.33996633384038,9144.0
1350.0,TGW486,3.1669736442038046,101.68841838164275,9144.0
1350.0,TGW487,1.9145192867028606,102.6556814764489,9144.0
1350.0,TGW491,4.002128477640149,112.6112488811338,9144.0
1350.0,TGW610,4.338815949381818,103.03548622493871,9144.0
1350.0,TGW625,10.58915698180745,101.60780426899855,9144.0
1350.0,TGW285,-6.390913414971978,113.17548201177685,9144.0
1350.0,TGW288,-0.7835937470127475,106.71125866163288,9144.0
1350.0,TGW300,4.710106920732259,103.97932777943092,9144.0
1350.0,TGW305,7.5628472111872815,105.78408442196454,9144.0
1350.0,TGW350,4.530521318336863,102.96717081485446,9144.0
1350.0,TGW351,16.90122958766817,102.18875145169825,9144.0
1350.0,TGW386,2.8560694644325633,106.53967862788011,9144.0
1350.0,TGW390,2.267148112493477,106.25600005427495,9144.0
1350.0,TGW397,11.549101969965424,118.90415318340719,9144.0
1350.0,TGW427,2.389232247457792,102.21690819674399,9144.0
1350.0,TGW431,1.3790826970209002,106.49200850630685,9144.0
1350.0,TGW453,1.1793367737557345,104.09663004997681,9144.0
1350.0,TGW484,3.189192032643716,101.33996633384038,9144.0
1350.0,TGW486,3.1669736442038046,101.68841838164275,9144.0
1350.0,TGW487,1.9145192867028606,102.6556814764489,9144.0
1350.0,TGW491,4.002128477640149,112.6112488811338,9144.0
1350.0,TGW610,4.338815949381818,103.03548622493871,9144.0
1350.0,TGW625,10.58915698180745,101.60780426899855,9144.0
1360.0,TGW285,-6.370085071033071,113.15136802072462,9144.0
1360.0,TGW288,-0.8044253244307672,106.73467933399144,9144.0
1360.0,TGW300,4.741569746473518,103.98120079038266,9144.0
1360.0,TGW305,7.5329139221376975,105.77191335626043,9144.0
1360.0,TGW350,4.560500015104092,102.95518008954545,9144.0
1360.0,TGW351,16.90049059116891,102.2193963744584,9144.0
1360.0,TGW386,2.8824839764306667,106.55414078419345,9144.0
1360.0,TGW390,2.2939651829969914,106.26995223162541,9144.0
1360.0,TGW397,11.523688454360855,118.88111304372235,9144.0
1360.0,TGW427,2.367588713689489,102.23724820484027,9144.0
1360.0,TGW431,1.3783186908711156,106.45904247787352,9144.0
1360.0,TGW453,1.1952314108999103,104.10827580501021,9144.0
1360.0,TGW484,3.2075335112250367,101.31487335229176,9144.0
1360.0,TGW486,3.1837143287248435,101.6650339041174,9144.0
1360.0,TGW487,1.8964502767769578,102.67962627442682,9144.0
1360.0,TGW491,3.990403641693731,112.58061099332222,9144.0
1360.0,TGW610,4.364363973318167,103.01542521350419,9144.0
1360.0,TGW625,10.560274373118228,101.62297292298626,9144.0
1360.0,TGW285,-6.370085071033071,113.15136802072462,9144.0
1360.0,TGW288,-0.8044253244307672,106.73467933399144,9144.0
1360.0,TGW300,4.741569746473518,103.98120079038266,9144.0
1360.0,TGW305,7.5329139221376975,105.77191335626043,9144.0
1360.0,TGW350,4.560500015104092,102.95518008954545,9144.0
1360.0,TGW351,16.90049059116891,102.2193963744584,9144.0
1360.0,TGW386,2.8824839764306667,106.55414078419345,9144.0
1360.0,TGW390,2.2939651829969914,106.26995223162541,9144.0
1360.0,TGW397,11.523688454360855,118.88111304372235,9144.0
1360.0,TGW427,2.367588713689489,102.23724820484027,9144.0
1360.0,TGW431,1.3783186908711156,106.45904247787352,9144.0
1360.0,TGW453,1.1952314108999103,104.10827580501021,9144.0
1360.0,TGW484,3.2075335112250367,101.31487335229176,9144.0
1360.0,TGW486,3.1837143287248435,101.6650339041174,9144.0
1360.0,TGW487,1.8964502767769578,102.67962627442682,9144.0
1360.0,TGW491,3.990403641693731,112.58061099332222,9144.0
1360.0,TGW610,4.364363973318167,103.01542521350419,9144.0
1360.0,TGW625,10.560274373118228,101.62297292298626,9144.0
1370.0,TGW285,-6.349247546064088,113.12726303878652,9144.0
1370.0,TGW288,-0.8252567627185476,106.7581002512331,9144.0
1370.0,TGW300,4.77305791624079,103.98257989728253,9144.0
1370.0,TGW305,7.502984949975191,105.75973233334507,9144.0
1370.0,TGW350,4.590585919410593,102.94314532319557,9144.0
1370.0,TGW351,16.9038566060637,102.2498490418016,9144.0
1370.0,TGW386,2.9088983048045995,106.56860361399364,9144.0
1370.0,TGW390,2.3208160209046684,106.28383947044357,9144.0
1370.0,TGW397,11.498400170555042,118.85819297191375,9144.0
1370.0,TGW427,2.3459880962433424,102.25754642065652,9144.0
1370.0,TGW431,1.3775538118674848,106.42607648027823,9144.0
1370.0,TGW453,1.2131937076336328,104.11637453256576,9144.0
1370.0,TGW484,3.2259433021985164,101.28968440209262,9144.0
1370.0,TGW486,3.200671749517081,101.6418062180244,9144.0
1370.0,TGW487,1.8783450403229418,102.70361793036147,9144.0
1370.0,TGW491,3.9786744364598245,112.54997522294434,9144.0
1370.0,TGW610,4.387544076254483,102.99199818443084,9144.0
1370.0,TGW625,10.531180665915391,101.63771683320184,9144.0
1370.0,TGW285,-6.349247546064088,113.12726303878652,9144.0
1370.0,TGW288,-0.8252567627185476,106.7581002512331,9144.0
1370.0,TGW300,4.77305791624079,103.98257989728253,9144.0
1370.0,TGW305,7.502984949975191,105.75973233334507,9144.0
1370.0,TGW350,4.590585919410593,102.94314532319557,9144.0
1370.0,TGW351,16.9038566060637,102.2498490418016,9144.0
1370.0,TGW386,2.9088983048045995,106.56860361399364,9144.0
1370.0,TGW390,2.3208160209046684,106.28383947044357,9144.0
1370.0,TGW397,11.498400170555042,118.85819297191375,9144.0
1370.0,TGW427,2.3459880962433424,102.25754642065652,9144.0
1370.0,TGW431,1.3775538118674848,106.42607648027823,9144.0
1370.0,TGW453,1.2131937076336328,104.11637453256576,9144.0
1370.0,TGW484,3.2259433021985164,101.28968440209262,9144.0
1370.0,TGW486,3.200671749517081,101.6418062180244,9144.0
1370.0,TGW487,1.8783450403229418,102.70361793036147,9144.0
1370.0,TGW491,3.9786744364598245,112.54997522294434,9144.0
1370.0,TGW610,4.387544076254483,102.99199818443084,9144.0
1370.0,TGW625,10.531180665915391,101.63771683320184,9144.0
1380.0,TGW285,-6.328408435935947,113.10316041804792,9144.0
1380.0,TGW288,-0.8460880567935042,106.78152142097564,9144.0
1380.0,TGW300,4.8044269241402,103.9849761054359,9144.0
1380.0,TGW305,7.473163035968194,105.74759669611457,9144.0
1380.0,TGW350,4.620698941671929,102.93117850529941,9144.0
1380.0,TGW351,16.911261566708554,102.27951236959854,9144.0
1380.0,TGW386,2.935312447787445,106.58306712360898,9144.0
1380.0,TGW390,2.347561306385907,106.29767284557828,9144.0
1380.0,TGW397,11.473105544181706,118.83528224496285,9144.0
1380.0,TGW427,2.324243321429797,102.27768955748653,9144.0
1380.0,TGW431,1.3767743458858506,106.39311083533906,9144.0
1380.0,TGW453,1.232568730868545,104.1206304557959,9144.0
1380.0,TGW484,3.2444418872166416,101.26456033801588,9144.0
1380.0,TGW486,3.2174858450623534,101.61877294525306,9144.0
1380.0,TGW487,1.8602380506956366,102.72760801430728,9144.0
1380.0,TGW491,3.9669279829622694,112.51934652987866,9144.0
1380.0,TGW610,4.408575247799638,102.96661259042193,9144.0
1380.0,TGW625,10.501828339708492,101.65258845921984,9144.0
1380.0,TGW285,-6.328408435935947,113.10316041804792,9144.0
1380.0,TGW288,-0.8460880567935042,106.78152142097564,9144.0
1380.0,TGW300,4.8044269241402,103.9849761054359,9144.0
1380.0,TGW305,7.473163035968194,105.74759669611457,9144.0
1380.0,TGW350,4.620698941671929,102.93117850529941,9144.0
1380.0,TGW351,16.911261566708554,102.27951236959854,9144.0
1380.0,TGW386,2.935312447787445,106.58306712360898,9144.0
1380.0,TGW390,2.347561306385907,106.29767284557828,9144.0
1380.0,TGW397,11.473105544181706,118.83528224496285,9144.0
1380.0,TGW427,2.324243321429797,102.27768955748653,9144.0
1380.0,TGW431,1.3767743458858506,106.39311083533906,9144.0
1380.0,TGW453,1.232568730868545,104.1206304557959,9144.0
1380.0,TGW484,3.2444418872166416,101.26456033801588,9144.0
1380.0,TGW486,3.2174858450623534,101.61877294525306,9144.0
1380.0,TGW487,1.8602380506956366,102.72760801430728,9144.0
1380.0,TGW491,3.9669279829622694,112.51934652987866,9144.0
1380.0,TGW610,4.408575247799638,102.96661259042193,9144.0
1380.0,TGW625,10.501828339708492,101.65258845921984,9144.0
1390.0,TGW285,-6.307568129405221,113.07905981509211,9144.0
1390.0,TGW288,-0.866919200696903,106.80494285161615,9144.0
1390.0,TGW300,4.835737660669039,103.98736808309442,9144.0
1390.0,TGW305,7.4433407858243195,105.73546272597166,9144.0
1390.0,TGW350,4.6508117392021076,102.91921060820036,9144.0
1390.0,TGW351,16.922560134027734,102.30780464851915,9144.0
1390.0,TGW386,2.9617264036028357,106.59753131938548,9144.0
1390.0,TGW390,2.3743233718791874,106.31147394120765,9144.0
1390.0,TGW397,11.447840343773976,118.81233978759398,9144.0
1390.0,TGW427,2.3024105832107593,102.29791299152235,9144.0
1390.0,TGW431,1.3759941946591179,106.36014521740381,9144.0
1390.0,TGW453,1.251818931279985,104.12541968935884,9144.0
1390.0,TGW484,3.2626603818836366,101.23981406738325,9144.0
1390.0,TGW486,3.2355503306113396,101.59670941626574,9144.0
1390.0,TGW487,1.8421076030521253,102.75158011096232,9144.0
1390.0,TGW491,3.955157018959506,112.4886659217981,9144.0
1390.0,TGW610,4.4323932479094985,102.94383690457279,9144.0
1390.0,TGW625,10.470877540154921,101.66360824614965,9144.0
1390.0,TGW285,-6.307568129405221,113.07905981509211,9144.0
1390.0,TGW288,-0.866919200696903,106.80494285161615,9144.0
1390.0,TGW300,4.835737660669039,103.98736808309442,9144.0
1390.0,TGW305,7.4433407858243195,105.73546272597166,9144.0
1390.0,TGW350,4.6508117392021076,102.91921060820036,9144.0
1390.0,TGW351,16.922560134027734,102.30780464851915,9144.0
1390.0,TGW386,2.9617264036028357,106.59753131938548,9144.0
1390.0,TGW390,2.3743233718791874,106.31147394120765,9144.0
1390.0,TGW397,11.447840343773976,118.81233978759398,9144.0
1390.0,TGW427,2.3024105832107593,102.29791299152235,9144.0
1390.0,TGW431,1.3759941946591179,106.36014521740381,9144.0
1390.0,TGW453,1.251818931279985,104.12541968935884,9144.0
1390.0,TGW484,3.2626603818836366,101.23981406738325,9144.0
1390.0,TGW486,3.2355503306113396,101.59670941626574,9144.0
1390.0,TGW487,1.8421076030521253,102.75158011096232,9144.0
1390.0,TGW491,3.955157018959506,112.4886659217981,9144.0
1390.0,TGW610,4.4323932479094985,102.94383690457279,9144.0
1390.0,TGW625,10.470877540154921,101.66360824614965,9144.0
1400.0,TGW285,-6.286726265055301,113.05496154311332,9144.0
1400.0,TGW288,-0.8877501866035459,106.82836455321207,9144.0
1400.0,TGW300,4.867048388768779,103.98976028282966,9144.0
1400.0,TGW305,7.413518200116981,105.72333041804606,9144.0
1400.0,TGW350,4.680904250917284,102.90719094337555,9144.0
1400.0,TGW351,16.93764705161754,102.33446193517862,9144.0
1400.0,TGW386,2.9881401704631805,106.61199620769014,9144.0
1400.0,TGW390,2.401032524029027,106.32524837155835,9144.0
1400.0,TGW397,11.422358980662043,118.78921160189996,9144.0
1400.0,TGW427,2.278001564773244,102.31493218977516,9144.0
1400.0,TGW431,1.3752475816641456,106.32717883270337,9144.0
1400.0,TGW453,1.2710042056219406,104.13019284369126,9144.0
1400.0,TGW484,3.281668350234261,101.2156704304597,9144.0
1400.0,TGW486,3.2534990532243686,101.57478570712317,9144.0
1400.0,TGW487,1.8239722520446635,102.77569701530547,9144.0
1400.0,TGW491,3.9432799195183437,112.45802687893892,9144.0
1400.0,TGW610,4.456335020898395,102.92094041796723,9144.0
1400.0,TGW625,10.438377745942521,101.67075899795314,9144.0
1400.0,TGW285,-6.286726265055301,113.05496154311332,9144.0
1400.0,TGW288,-0.8877501866035459,106.82836455321207,9144.0
1400.0,TGW300,4.867048388768779,103.98976028282966,9144.0
1400.0,TGW305,7.413518200116981,105.72333041804606,9144.0
1400.0,TGW350,4.680904250917284,102.90719094337555,9144.0
1400.0,TGW351,16.93764705161754,102.33446193517862,9144.0
1400.0,TGW386,2.9881401704631805,106.61199620769014,9144.0
1400.0,TGW390,2.401032524029027,106.32524837155835,9144.0
1400.0,TGW397,11.422358980662043,118.78921160189996,9144.0
1400.0,TGW427,2.278001564773244,102.31493218977516,9144.0
1400.0,TGW431,1.3752475816641456,106.32717883270337,9144.0
1400.0,TGW453,1.2710042056219406,104.13019284369126,9144.0
1400.0,TGW484,3.281668350234261,101.2156704304597,9144.0
1400.0,TGW486,3.2534990532243686,101.57478570712317,9144.0
1400.0,TGW487,1.8239722520446635,102.77569701530547,9144.0
1400.0,TGW491,3.9432799195183437,112.45802687893892,9144.0
1400.0,TGW610,4.456335020898395,102.92094041796723,9144.0
1400.0,TGW625,10.438377745942521,101.67075899795314,9144.0
1410.0,TGW285,-6.2658787322905996,113.0308691984061,9144.0
1410.0,TGW288,-0.9085810014362573,106.85178654049277,9144.0
1410.0,TGW300,4.898433690626193,103.99076692847692,9144.0
1410.0,TGW305,7.383695278996654,105.71119976852643,9144.0
1410.0,TGW350,4.710996527476059,102.89517016728404,9144.0
1410.0,TGW351,16.956270324270502,102.35895370013257,9144.0
1410.0,TGW386,3.0145537465674024,106.62646179491507,9144.0
1410.0,TGW390,2.427741522074561,106.33902337199154,9144.0
1410.0,TGW397,11.396764296169337,118.76621609486442,9144.0
1410.0,TGW427,2.2514326248442167,102.32845687880719,9144.0
1410.0,TGW431,1.3745016146362694,106.29426990555383,9144.0
1410.0,TGW453,1.289562889583471,104.1370079238644,9144.0
1410.0,TGW484,3.3003827670323083,101.1918975387908,9144.0
1410.0,TGW486,3.271446923038677,101.55286090608864,9144.0
1410.0,TGW487,1.8061942360503276,102.79933760085869,9144.0
1410.0,TGW491,3.931399675673755,112.42738949821553,9144.0
1410.0,TGW610,4.480274684568337,102.89804096487609,9144.0
1410.0,TGW625,10.405258659814214,101.67377808100764,9144.0
1410.0,TGW285,-6.2658787322905996,113.0308691984061,9144.0
1410.0,TGW288,-0.9085810014362573,106.85178654049277,9144.0
1410.0,TGW300,4.898433690626193,103.99076692847692,9144.0
1410.0,TGW305,7.383695278996654,105.71119976852643,9144.0
1410.0,TGW350,4.710996527476059,102.89517016728404,9144.0
1410.0,TGW351,16.956270324270502,102.35895370013257,9144.0
1410.0,TGW386,3.0145537465674024,106.62646179491507,9144.0
1410.0,TGW390,2.427741522074561,106.33902337199154,9144.0
1410.0,TGW397,11.396764296169337,118.76621609486442,9144.0
1410.0,TGW427,2.2514326248442167,102.32845687880719,9144.0
1410.0,TGW431,1.3745016146362694,106.29426990555383,9144.0
1410.0,TGW453,1.289562889583471,104.1370079238644,9144.0
1410.0,TGW484,3.3003827670323083,101.1918975387908,9144.0
1410.0,TGW486,3.271446923038677,101.55286090608864,9144.0
1410.0,TGW487,1.8061942360503276,102.79933760085869,9144.0
1410.0,TGW491,3.931399675673755,112.42738949821553,9144.0
1410.0,TGW610,4.480274684568337,102.89804096487609,9144.0
1410.0,TGW625,10.405258659814214,101.67377808100764,9144.0
1420.0,TGW285,-6.245029673549244,113.00677915105526,9144.0
1420.0,TGW288,-0.9294116027674397,106.87520885429676,9144.0
1420.0,TGW300,4.929809591995131,103.98949893548024,9144.0
1420.0,TGW305,7.353872021744277,105.69907077577679,9144.0
1420.0,TGW350,4.74108979920858,102.88315137782119,9144.0
1420.0,TGW351,16.977964555214346,102.38059912026215,9144.0
1420.0,TGW386,3.040967130098004,106.64092808748292,9144.0
1420.0,TGW390,2.454419463311854,106.35285880636472,9144.0
1420.0,TGW397,11.37112372055369,118.74318836238055,9144.0
1420.0,TGW427,2.2239699794751506,102.34080127328878,9144.0
1420.0,TGW431,1.3737535258929674,106.26136103690166,9144.0
1420.0,TGW453,1.3071105859813352,104.14345185508725,9144.0
1420.0,TGW484,3.321845230997572,101.17058099690173,9144.0
1420.0,TGW486,3.28940695749414,101.53094570761637,9144.0
1420.0,TGW487,1.7883733938175783,102.82294565721347,9144.0
1420.0,TGW491,3.9196703453345685,112.39669418168263,9144.0
1420.0,TGW610,4.504012451725798,102.87493025900581,9144.0
1420.0,TGW625,10.37152936350886,101.67632706008062,9144.0
1420.0,TGW285,-6.245029673549244,113.00677915105526,9144.0
1420.0,TGW288,-0.9294116027674397,106.87520885429676,9144.0
1420.0,TGW300,4.929809591995131,103.98949893548024,9144.0
1420.0,TGW305,7.353872021744277,105.69907077577679,9144.0
1420.0,TGW350,4.74108979920858,102.88315137782119,9144.0
1420.0,TGW351,16.977964555214346,102.38059912026215,9144.0
1420.0,TGW386,3.040967130098004,106.64092808748292,9144.0
1420.0,TGW390,2.454419463311854,106.35285880636472,9144.0
1420.0,TGW397,11.37112372055369,118.74318836238055,9144.0
1420.0,TGW427,2.2239699794751506,102.34080127328878,9144.0
1420.0,TGW431,1.3737535258929674,106.26136103690166,9144.0
1420.0,TGW453,1.3071105859813352,104.14345185508725,9144.0
1420.0,TGW484,3.321845230997572,101.17058099690173,9144.0
1420.0,TGW486,3.28940695749414,101.53094570761637,9144.0
1420.0,TGW487,1.7883733938175783,102.82294565721347,9144.0
1420.0,TGW491,3.9196703453345685,112.39669418168263,9144.0
1420.0,TGW610,4.504012451725798,102.87493025900581,9144.0
1420.0,TGW625,10.37152936350886,101.67632706008062,9144.0
1430.0,TGW285,-6.224216606393209,112.98265858628523,9144.0
1430.0,TGW288,-0.9502422040986221,106.89863130779369,9144.0
1430.0,TGW300,4.961360525446787,103.98822374803076,9144.0
1430.0,TGW305,7.324048425351877,105.68694344388496,9144.0
1430.0,TGW350,4.7709139349878065,102.87123890660332,9144.0
1430.0,TGW351,17.002458815003735,102.3991154282359,9144.0
1430.0,TGW386,3.0673803192172002,106.65539509185388,9144.0
1430.0,TGW390,2.481360427848183,106.36683129057047,9144.0
1430.0,TGW397,11.345656834563092,118.71996303151661,9144.0
1430.0,TGW427,2.19650722034706,102.35314518595024,9144.0
1430.0,TGW431,1.373040955726239,106.22845138937289,9144.0
1430.0,TGW453,1.3248553914483443,104.14933102573326,9144.0
1430.0,TGW484,3.343938938814784,101.15089428464805,9144.0
1430.0,TGW486,3.307442983891913,101.5089356031211,9144.0
1430.0,TGW487,1.7708046949872134,102.84621862610031,9144.0
1430.0,TGW491,3.9079380783873683,112.36600042271651,9144.0
1430.0,TGW610,4.527747580720621,102.85181607064786,9144.0
1430.0,TGW625,10.337708209806134,101.67661761286948,9144.0
1430.0,TGW285,-6.224216606393209,112.98265858628523,9144.0
1430.0,TGW288,-0.9502422040986221,106.89863130779369,9144.0
1430.0,TGW300,4.961360525446787,103.98822374803076,9144.0
1430.0,TGW305,7.324048425351877,105.68694344388496,9144.0
1430.0,TGW350,4.7709139349878065,102.87123890660332,9144.0
1430.0,TGW351,17.002458815003735,102.3991154282359,9144.0
1430.0,TGW386,3.0673803192172002,106.65539509185388,9144.0
1430.0,TGW390,2.481360427848183,106.36683129057047,9144.0
1430.0,TGW397,11.345656834563092,118.71996303151661,9144.0
1430.0,TGW427,2.19650722034706,102.35314518595024,9144.0
1430.0,TGW431,1.373040955726239,106.22845138937289,9144.0
1430.0,TGW453,1.3248553914483443,104.14933102573326,9144.0
1430.0,TGW484,3.343938938814784,101.15089428464805,9144.0
1430.0,TGW486,3.307442983891913,101.5089356031211,9144.0
1430.0,TGW487,1.7708046949872134,102.84621862610031,9144.0
1430.0,TGW491,3.9079380783873683,112.36600042271651,9144.0
1430.0,TGW610,4.527747580720621,102.85181607064786,9144.0
1430.0,TGW625,10.337708209806134,101.67661761286948,9144.0
1440.0,TGW285,-6.203440212029709,112.95858452138755,9144.0
1440.0,TGW300,4.992911456461218,103.98694843866902,9144.0
1440.0,TGW305,7.294224476315868,105.67481780317881,9144.0
1440.0,TGW350,4.800746128176147,102.85934625016283,9144.0
1440.0,TGW351,17.029128587285182,102.41398826893538,9144.0
1440.0,TGW386,3.0937933120616963,106.66986281453529,9144.0
1440.0,TGW390,2.508301241135705,106.38080435321454,9144.0
1440.0,TGW397,11.320186820036842,118.69674333853378,9144.0
1440.0,TGW427,2.1697367847546816,102.36692805812275,9144.0
1440.0,TGW431,1.3723351204699934,106.19588715944124,9144.0
1440.0,TGW453,1.3422137673157883,104.15508225742842,9144.0
1440.0,TGW484,3.365718923262491,101.1314854273866,9144.0
1440.0,TGW486,3.32603319372323,101.48739269914586,9144.0
1440.0,TGW487,1.7534321185711963,102.86963827950147,9144.0
1440.0,TGW491,3.896073193734931,112.33535835504667,9144.0
1440.0,TGW610,4.551593204492712,102.82881584737753,9144.0
1440.0,TGW625,10.30434308480045,101.67690418666521,9144.0
1440.0,TGW285,-6.203440212029709,112.95858452138755,9144.0
1440.0,TGW300,4.992911456461218,103.98694843866902,9144.0
1440.0,TGW305,7.294224476315868,105.67481780317881,9144.0
1440.0,TGW350,4.800746128176147,102.85934625016283,9144.0
1440.0,TGW351,17.029128587285182,102.41398826893538,9144.0
1440.0,TGW386,3.0937933120616963,106.66986281453529,9144.0
1440.0,TGW390,2.508301241135705,106.38080435321454,9144.0
1440.0,TGW397,11.320186820036842,118.69674333853378,9144.0
1440.0,TGW427,2.1697367847546816,102.36692805812275,9144.0
1440.0,TGW431,1.3723351204699934,106.19588715944124,9144.0
1440.0,TGW453,1.3422137673157883,104.15508225742842,9144.0
1440.0,TGW484,3.365718923262491,101.1314854273866,9144.0
1440.0,TGW486,3.32603319372323,101.48739269914586,9144.0
1440.0,TGW487,1.7534321185711963,102.86963827950147,9144.0
1440.0,TGW491,3.896073193734931,112.33535835504667,9144.0
1440.0,TGW610,4.551593204492712,102.82881584737753,9144.0
1440.0,TGW625,10.30434308480045,101.67690418666521,9144.0
1450.0,TGW285,-6.182625647614831,112.93454478863451,9144.0
1450.0,TGW300,5.02446238502309,103.98567300661725,9144.0
1450.0,TGW305,7.264400106778764,105.66269401987337,9144.0
1450.0,TGW350,4.830578100869865,102.8474525150293,9144.0
1450.0,TGW351,17.057480864086276,102.4249417319287,9144.0
1450.0,TGW386,3.120206106735488,106.68433126209486,9144.0
1450.0,TGW390,2.5352418994412833,106.39477800461222,9144.0
1450.0,TGW397,11.294547582673594,118.67372022350247,9144.0
1450.0,TGW427,2.14286074594911,102.38076470720908,9144.0
1450.0,TGW431,1.371572642224138,106.16332421765547,9144.0
1450.0,TGW453,1.3594384680946172,104.16122250451407,9144.0
1450.0,TGW484,3.3900068917573125,101.11533675900505,9144.0
1450.0,TGW486,3.347403547919272,101.46889125716184,9144.0
1450.0,TGW487,1.7360947428568474,102.89300905864192,9144.0
1450.0,TGW491,3.8842057514796546,112.3047177139852,9144.0
1450.0,TGW610,4.5754373302207645,102.80581329720611,9144.0
1450.0,TGW625,10.270977959542035,101.67719069977645,9144.0
1450.0,TGW285,-6.182625647614831,112.93454478863451,9144.0
1450.0,TGW300,5.02446238502309,103.98567300661725,9144.0
1450.0,TGW305,7.264400106778764,105.66269401987337,9144.0
1450.0,TGW350,4.830578100869865,102.8474525150293,9144.0
1450.0,TGW351,17.057480864086276,102.4249417319287,9144.0
1450.0,TGW386,3.120206106735488,106.68433126209486,9144.0
1450.0,TGW390,2.5352418994412833,106.39477800461222,9144.0
1450.0,TGW397,11.294547582673594,118.67372022350247,9144.0
1450.0,TGW427,2.14286074594911,102.38076470720908,9144.0
1450.0,TGW431,1.371572642224138,106.16332421765547,9144.0
1450.0,TGW453,1.3594384680946172,104.16122250451407,9144.0
1450.0,TGW484,3.3900068917573125,101.11533675900505,9144.0
1450.0,TGW486,3.347403547919272,101.46889125716184,9144.0
1450.0,TGW487,1.7360947428568474,102.89300905864192,9144.0
1450.0,TGW491,3.8842057514796546,112.3047177139852,9144.0
1450.0,TGW610,4.5754373302207645,102.80581329720611,9144.0
1450.0,TGW625,10.270977959542035,101.67719069977645,9144.0
1460.0,TGW285,-6.161809622637632,112.91050727985817,9144.0
1460.0,TGW300,5.055996746455051,103.9840358725446,9144.0
1460.0,TGW305,7.234682958754258,105.6506155726296,9144.0
1460.0,TGW350,4.8603930772251855,102.83551540790229,9144.0
1460.0,TGW351,17.08699153525146,102.43177215938665,9144.0
1460.0,TGW386,3.146618701299619,106.69880044117934,9144.0
1460.0,TGW390,2.562182395699417,106.40875226151626,9144.0
1460.0,TGW397,11.268948656980873,118.6507399063429,9144.0
1460.0,TGW427,2.115927737263933,102.39448973857624,9144.0
1460.0,TGW431,1.3708162967632767,106.13105015930434,9144.0
1460.0,TGW453,1.37627807110709,104.16722558059307,9144.0
1460.0,TGW484,3.4144813244779497,101.10026341404516,9144.0
1460.0,TGW486,3.368681652393637,101.45046847524426,9144.0
1460.0,TGW487,1.7222217050109618,102.91859042881276,9144.0
1460.0,TGW491,3.8724407068734625,112.27403785503188,9144.0
1460.0,TGW610,4.5992203362517365,102.78274638684285,9144.0
1460.0,TGW625,10.237612834031665,101.67747715240304,9144.0
1460.0,TGW285,-6.161809622637632,112.91050727985817,9144.0
1460.0,TGW300,5.055996746455051,103.9840358725446,9144.0
1460.0,TGW305,7.234682958754258,105.6506155726296,9144.0
1460.0,TGW350,4.8603930772251855,102.83551540790229,9144.0
1460.0,TGW351,17.08699153525146,102.43177215938665,9144.0
1460.0,TGW386,3.146618701299619,106.69880044117934,9144.0
1460.0,TGW390,2.562182395699417,106.40875226151626,9144.0
1460.0,TGW397,11.268948656980873,118.6507399063429,9144.0
1460.0,TGW427,2.115927737263933,102.39448973857624,9144.0
1460.0,TGW431,1.3708162967632767,106.13105015930434,9144.0
1460.0,TGW453,1.37627807110709,104.16722558059307,9144.0
1460.0,TGW484,3.4144813244779497,101.10026341404516,9144.0
1460.0,TGW486,3.368681652393637,101.45046847524426,9144.0
1460.0,TGW487,1.7222217050109618,102.91859042881276,9144.0
1460.0,TGW491,3.8724407068734625,112.27403785503188,9144.0
1460.0,TGW610,4.5992203362517365,102.78274638684285,9144.0
1460.0,TGW625,10.237612834031665,101.67747715240304,9144.0
1470.0,TGW285,-6.141027501108557,112.88644105245302,9144.0
1470.0,TGW300,5.087705692649125,103.98238951373146,9144.0
1470.0,TGW305,7.204965482816336,105.63853873873771,9144.0
1470.0,TGW350,4.890315467570593,102.82353410829586,9144.0
1470.0,TGW351,17.117115076956903,102.43435197098108,9144.0
1470.0,TGW386,3.1730310937571202,106.71327035854218,9144.0
1470.0,TGW390,2.5891226832067695,106.42272721724758,9144.0
1470.0,TGW397,11.243397788962813,118.6277060936792,9144.0
1470.0,TGW427,2.0890474177213916,102.40818734909325,9144.0
1470.0,TGW431,1.3700580992985554,106.09877615465032,9144.0
1470.0,TGW453,1.3931676537729445,104.17308652470555,9144.0
1470.0,TGW484,3.43890405342972,101.08522084009564,9144.0
1470.0,TGW486,3.389959242035254,101.43204469265433,9144.0
1470.0,TGW487,1.7087482514464531,102.94397618647993,9144.0
1470.0,TGW491,3.8606526659332383,112.24330553450953,9144.0
1470.0,TGW610,4.6229608228016374,102.75971736977381,9144.0
1470.0,TGW625,10.204276488203057,101.67604052950618,9144.0
1470.0,TGW285,-6.141027501108557,112.88644105245302,9144.0
1470.0,TGW300,5.087705692649125,103.98238951373146,9144.0
1470.0,TGW305,7.204965482816336,105.63853873873771,9144.0
1470.0,TGW350,4.890315467570593,102.82353410829586,9144.0
1470.0,TGW351,17.117115076956903,102.43435197098108,9144.0
1470.0,TGW386,3.1730310937571202,106.71327035854218,9144.0
1470.0,TGW390,2.5891226832067695,106.42272721724758,9144.0
1470.0,TGW397,11.243397788962813,118.6277060936792,9144.0
1470.0,TGW427,2.0890474177213916,102.40818734909325,9144.0
1470.0,TGW431,1.3700580992985554,106.09877615465032,9144.0
1470.0,TGW453,1.3931676537729445,104.17308652470555,9144.0
1470.0,TGW484,3.43890405342972,101.08522084009564,9144.0
1470.0,TGW486,3.389959242035254,101.43204469265433,9144.0
1470.0,TGW487,1.7087482514464531,102.94397618647993,9144.0
1470.0,TGW491,3.8606526659332383,112.24330553450953,9144.0
1470.0,TGW610,4.6229608228016374,102.75971736977381,9144.0
1470.0,TGW625,10.204276488203057,101.67604052950618,9144.0
1480.0,TGW285,-6.120243944270181,112.8623770165202,9144.0
1480.0,TGW300,5.119416330033738,103.98077624070407,9144.0
1480.0,TGW305,7.175247674083634,105.62646352701472,9144.0
1480.0,TGW350,4.920236910371516,102.81154988810955,9144.0
1480.0,TGW351,17.147294636070846,102.43263209299035,9144.0
1480.0,TGW386,3.1994432820299092,106.72774102108575,9144.0
1480.0,TGW390,2.616088485911364,106.43665307262715,9144.0
1480.0,TGW397,11.217802266649581,118.60463860324766,9144.0
1480.0,TGW427,2.062122064221797,102.4217958728643,9144.0
1480.0,TGW431,1.3693267819898063,106.06650153920876,9144.0
1480.0,TGW453,1.4101217007882259,104.17896994410654,9144.0
1480.0,TGW484,3.4650668605304924,101.07347579919949,9144.0
1480.0,TGW486,3.411232748814792,101.41361577270374,9144.0
1480.0,TGW487,1.6954443486723563,102.96904105552966,9144.0
1480.0,TGW491,3.8488633217213044,112.21257414226511,9144.0
1480.0,TGW610,4.646743338982995,102.73673127068386,9144.0
1480.0,TGW625,10.170826008019068,101.67459929091093,9144.0
1480.0,TGW285,-6.120243944270181,112.8623770165202,9144.0
1480.0,TGW300,5.119416330033738,103.98077624070407,9144.0
1480.0,TGW305,7.175247674083634,105.62646352701472,9144.0
1480.0,TGW350,4.920236910371516,102.81154988810955,9144.0
1480.0,TGW351,17.147294636070846,102.43263209299035,9144.0
1480.0,TGW386,3.1994432820299092,106.72774102108575,9144.0
1480.0,TGW390,2.616088485911364,106.43665307262715,9144.0
1480.0,TGW397,11.217802266649581,118.60463860324766,9144.0
1480.0,TGW427,2.062122064221797,102.4217958728643,9144.0
1480.0,TGW431,1.3693267819898063,106.06650153920876,9144.0
1480.0,TGW453,1.4101217007882259,104.17896994410654,9144.0
1480.0,TGW484,3.4650668605304924,101.07347579919949,9144.0
1480.0,TGW486,3.411232748814792,101.41361577270374,9144.0
1480.0,TGW487,1.6954443486723563,102.96904105552966,9144.0
1480.0,TGW491,3.8488633217213044,112.21257414226511,9144.0
1480.0,TGW610,4.646743338982995,102.73673127068386,9144.0
1480.0,TGW625,10.170826008019068,101.67459929091093,9144.0
1490.0,TGW285,-6.099419748426065,112.83834947891059,9144.0
1490.0,TGW300,5.151126963392286,103.97916280765986,9144.0
1490.0,TGW305,7.14552950007373,105.61439001528643,9144.0
1490.0,TGW350,4.950213892557542,102.7997057827036,9144.0
1490.0,TGW351,17.17697232394355,102.4266429415818,9144.0
1490.0,TGW386,3.2258552639214573,106.74221243592976,9144.0
1490.0,TGW390,2.643369008984253,106.45074218741665,9144.0
1490.0,TGW397,11.193901763036767,118.57975480423866,9144.0
1490.0,TGW427,2.035249531623175,102.4353771513585,9144.0
1490.0,TGW431,1.3685932311715334,106.03416910551486,9144.0
1490.0,TGW453,1.427096338373985,104.18479369609425,9144.0
1490.0,TGW484,3.4909536049818164,101.06185388914632,9144.0
1490.0,TGW486,3.432367710899639,101.39530535521051,9144.0
1490.0,TGW487,1.6820911080324061,102.99407947972195,9144.0
1490.0,TGW491,3.8370510753215807,112.1817902932646,9144.0
1490.0,TGW610,4.6704417952302,102.71382290280627,9144.0
1490.0,TGW625,10.137453748844056,101.67733256421076,9144.0
1490.0,TGW285,-6.099419748426065,112.83834947891059,9144.0
1490.0,TGW300,5.151126963392286,103.97916280765986,9144.0
1490.0,TGW305,7.14552950007373,105.61439001528643,9144.0
1490.0,TGW350,4.950213892557542,102.7997057827036,9144.0
1490.0,TGW351,17.17697232394355,102.4266429415818,9144.0
1490.0,TGW386,3.2258552639214573,106.74221243592976,9144.0
1490.0,TGW390,2.643369008984253,106.45074218741665,9144.0
1490.0,TGW397,11.193901763036767,118.57975480423866,9144.0
1490.0,TGW427,2.035249531623175,102.4353771513585,9144.0
1490.0,TGW431,1.3685932311715334,106.03416910551486,9144.0
1490.0,TGW453,1.427096338373985,104.18479369609425,9144.0
1490.0,TGW484,3.4909536049818164,101.06185388914632,9144.0
1490.0,TGW486,3.432367710899639,101.39530535521051,9144.0
1490.0,TGW487,1.6820911080324061,102.99407947972195,9144.0
1490.0,TGW491,3.8370510753215807,112.1817902932646,9144.0
1490.0,TGW610,4.6704417952302,102.71382290280627,9144.0
1490.0,TGW625,10.137453748844056,101.67733256421076,9144.0
1500.0,TGW285,-6.078594143167309,112.8143241084073,9144.0
1500.0,TGW300,5.182834730362998,103.97749346525592,9144.0
1500.0,TGW305,7.115802468419373,105.60233945456606,9144.0
1500.0,TGW350,4.980190431938654,102.78786000981655,9144.0
1500.0,TGW351,17.205599529339423,102.4164939365099,9144.0
1500.0,TGW386,3.252267037052268,106.75668461052935,9144.0
1500.0,TGW390,2.6706366755941606,106.46485653283015,9144.0
1500.0,TGW397,11.170037712386133,118.55491750509091,9144.0
1500.0,TGW427,2.008318593501574,102.44884187269328,9144.0
1500.0,TGW431,1.3678261178705053,106.00183746149145,9144.0
1500.0,TGW453,1.4448170250836492,104.18656293623637,9144.0
1500.0,TGW484,3.516883904450097,101.05032952961695,9144.0
1500.0,TGW486,3.453564367891927,101.37706624457489,9144.0
1500.0,TGW487,1.6688515840650504,103.01890330673059,9144.0
1500.0,TGW491,3.825215078689661,112.15101603488448,9144.0
1500.0,TGW610,4.694072750898229,102.69084367136902,9144.0
1500.0,TGW625,10.103746056584875,101.68079088722163,9144.0
1500.0,TGW285,-6.078594143167309,112.8143241084073,9144.0
1500.0,TGW300,5.182834730362998,103.97749346525592,9144.0
1500.0,TGW305,7.115802468419373,105.60233945456606,9144.0
1500.0,TGW350,4.980190431938654,102.78786000981655,9144.0
1500.0,TGW351,17.205599529339423,102.4164939365099,9144.0
1500.0,TGW386,3.252267037052268,106.75668461052935,9144.0
1500.0,TGW390,2.6706366755941606,106.46485653283015,9144.0
1500.0,TGW397,11.170037712386133,118.55491750509091,9144.0
1500.0,TGW427,2.008318593501574,102.44884187269328,9144.0
1500.0,TGW431,1.3678261178705053,106.00183746149145,9144.0
1500.0,TGW453,1.4448170250836492,104.18656293623637,9144.0
1500.0,TGW484,3.516883904450097,101.05032952961695,9144.0
1500.0,TGW486,3.453564367891927,101.37706624457489,9144.0
1500.0,TGW487,1.6688515840650504,103.01890330673059,9144.0
1500.0,TGW491,3.825215078689661,112.15101603488448,9144.0
1500.0,TGW610,4.694072750898229,102.69084367136902,9144.0
1500.0,TGW625,10.103746056584875,101.68079088722163,9144.0
1510.0,TGW285,-6.057818863016373,112.79025564195761,9144.0
1510.0,TGW300,5.214542492969472,103.97582395521758,9144.0
1510.0,TGW305,7.086075110092614,105.59029049108442,9144.0
1510.0,TGW350,5.010125519200914,102.7759085370187,9144.0
1510.0,TGW351,17.232647059870207,102.40237154858403,9144.0
1510.0,TGW386,3.278678598737907,106.77115755289836,9144.0
1510.0,TGW390,2.697799409569151,106.47891727672084,9144.0
1510.0,TGW397,11.149252411834892,118.52735654013523,9144.0
1510.0,TGW427,1.9813875313304943,102.46230612517242,9144.0
1510.0,TGW431,1.3670526898412447,105.96927483949422,9144.0
1510.0,TGW453,1.462418445116324,104.18628973845702,9144.0
1510.0,TGW484,3.5429246904054494,101.03875528010391,9144.0
1510.0,TGW486,3.4745292092693134,101.35902521038699,9144.0
1510.0,TGW487,1.655537461042653,103.04368700187423,9144.0
1510.0,TGW491,3.8133563431917206,112.12018930018745,9144.0
1510.0,TGW610,4.71770254237115,102.66786245451867,9144.0
1510.0,TGW625,10.070038328211592,101.6842484851633,9144.0
1510.0,TGW285,-6.057818863016373,112.79025564195761,9144.0
1510.0,TGW300,5.214542492969472,103.97582395521758,9144.0
1510.0,TGW305,7.086075110092614,105.59029049108442,9144.0
1510.0,TGW350,5.010125519200914,102.7759085370187,9144.0
1510.0,TGW351,17.232647059870207,102.40237154858403,9144.0
1510.0,TGW386,3.278678598737907,106.77115755289836,9144.0
1510.0,TGW390,2.697799409569151,106.47891727672084,9144.0
1510.0,TGW397,11.149252411834892,118.52735654013523,9144.0
1510.0,TGW427,1.9813875313304943,102.46230612517242,9144.0
1510.0,TGW431,1.3670526898412447,105.96927483949422,9144.0
1510.0,TGW453,1.462418445116324,104.18628973845702,9144.0
1510.0,TGW484,3.5429246904054494,101.03875528010391,9144.0
1510.0,TGW486,3.4745292092693134,101.35902521038699,9144.0
1510.0,TGW487,1.655537461042653,103.04368700187423,9144.0
1510.0,TGW491,3.8133563431917206,112.12018930018745,9144.0
1510.0,TGW610,4.71770254237115,102.66786245451867,9144.0
1510.0,TGW625,10.070038328211592,101.6842484851633,9144.0
1520.0,TGW285,-6.037003991764852,112.76614511581468,9144.0
1520.0,TGW300,5.246267007013468,103.97451399120577,9144.0
1520.0,TGW305,7.056347398436618,105.57824318825152,9144.0
1520.0,TGW350,5.040060144476524,102.7639553491332,9144.0
1520.0,TGW351,17.25761492445817,102.38453591173693,9144.0
1520.0,TGW386,3.3050899457273033,106.78563127208851,9144.0
1520.0,TGW390,2.724961978151071,106.49297865651681,9144.0
1520.0,TGW397,11.128394401270377,118.49970888335919,9144.0
1520.0,TGW427,1.9544767171461277,102.47581063192814,9144.0
1520.0,TGW431,1.3663550222033127,105.93671051469765,9144.0
1520.0,TGW453,1.4797456352205676,104.18602079292238,9144.0
1520.0,TGW484,3.5688765037559316,101.02698180547671,9144.0
1520.0,TGW486,3.4954343443662212,101.34091436813463,9144.0
1520.0,TGW487,1.642280353402467,103.06836310435081,9144.0
1520.0,TGW491,3.8015186435981323,112.08935486948418,9144.0
1520.0,TGW610,4.7414140743589686,102.64496537677327,9144.0
1520.0,TGW625,10.03633056385445,101.68770536065468,9144.0
1520.0,TGW285,-6.037003991764852,112.76614511581468,9144.0
1520.0,TGW300,5.246267007013468,103.97451399120577,9144.0
1520.0,TGW305,7.056347398436618,105.57824318825152,9144.0
1520.0,TGW350,5.040060144476524,102.7639553491332,9144.0
1520.0,TGW351,17.25761492445817,102.38453591173693,9144.0
1520.0,TGW386,3.3050899457273033,106.78563127208851,9144.0
1520.0,TGW390,2.724961978151071,106.49297865651681,9144.0
1520.0,TGW397,11.128394401270377,118.49970888335919,9144.0
1520.0,TGW427,1.9544767171461277,102.47581063192814,9144.0
1520.0,TGW431,1.3663550222033127,105.93671051469765,9144.0
1520.0,TGW453,1.4797456352205676,104.18602079292238,9144.0
1520.0,TGW484,3.5688765037559316,101.02698180547671,9144.0
1520.0,TGW486,3.4954343443662212,101.34091436813463,9144.0
1520.0,TGW487,1.642280353402467,103.06836310435081,9144.0
1520.0,TGW491,3.8015186435981323,112.08935486948418,9144.0
1520.0,TGW610,4.7414140743589686,102.64496537677327,9144.0
1520.0,TGW625,10.03633056385445,101.68770536065468,9144.0
1530.0,TGW285,-6.016155811638778,112.74206463311286,9144.0
1530.0,TGW300,5.277991518339199,103.97320389400232,9144.0
1530.0,TGW305,7.026578428374388,105.56630053998991,9144.0
1530.0,TGW350,5.070031797781975,102.75209549027544,9144.0
1530.0,TGW351,17.280041575994247,102.36331605783325,9144.0
1530.0,TGW386,3.3315010735209882,106.80010577943749,9144.0
1530.0,TGW390,2.7521243784092886,106.50704068106982,9144.0
1530.0,TGW397,11.106206229493836,118.47316059240202,9144.0
1530.0,TGW427,1.9276188458529426,102.48928805774365,9144.0
1530.0,TGW431,1.3656516326595438,105.90391580380552,9144.0
1530.0,TGW453,1.4970748632886965,104.18598009811335,9144.0
1530.0,TGW484,3.5950482233118346,101.01510775441373,9144.0
1530.0,TGW486,3.5161074739068416,101.32300309796315,9144.0
1530.0,TGW487,1.6291730114169476,103.09311898771082,9144.0
1530.0,TGW491,3.789658333582797,112.05846795129304,9144.0
1530.0,TGW610,4.765124506500157,102.62206636433798,9144.0
1530.0,TGW625,10.002622763643588,101.69116151631256,9144.0
1530.0,TGW285,-6.016155811638778,112.74206463311286,9144.0
1530.0,TGW300,5.277991518339199,103.97320389400232,9144.0
1530.0,TGW305,7.026578428374388,105.56630053998991,9144.0
1530.0,TGW350,5.070031797781975,102.75209549027544,9144.0
1530.0,TGW351,17.280041575994247,102.36331605783325,9144.0
1530.0,TGW386,3.3315010735209882,106.80010577943749,9144.0
1530.0,TGW390,2.7521243784092886,106.50704068106982,9144.0
1530.0,TGW397,11.106206229493836,118.47316059240202,9144.0
1530.0,TGW427,1.9276188458529426,102.48928805774365,9144.0
1530.0,TGW431,1.3656516326595438,105.90391580380552,9144.0
1530.0,TGW453,1.4970748632886965,104.18598009811335,9144.0
1530.0,TGW484,3.5950482233118346,101.01510775441373,9144.0
1530.0,TGW486,3.5161074739068416,101.32300309796315,9144.0
1530.0,TGW487,1.6291730114169476,103.09311898771082,9144.0
1530.0,TGW491,3.789658333582797,112.05846795129304,9144.0
1530.0,TGW610,4.765124506500157,102.62206636433798,9144.0
1530.0,TGW625,10.002622763643588,101.69116151631256,9144.0
1540.0,TGW285,-5.99530638086784,112.71798616708791,9144.0
1540.0,TGW300,5.309633963014481,103.97584240884441,9144.0
1540.0,TGW305,6.996863069180894,105.55438107452551,9144.0
1540.0,TGW350,5.099949192316342,102.74025546429456,9144.0
1540.0,TGW351,17.29951244333455,102.33910385894625,9144.0
1540.0,TGW386,3.3579119738612895,106.81458109316387,9144.0
1540.0,TGW390,2.779286606254534,106.52110336147517,9144.0
1540.0,TGW397,11.083978155327108,118.4465732046211,9144.0
1540.0,TGW427,1.9007606588971386,102.50276464263887,9144.0
1540.0,TGW431,1.3644436746282902,105.87113582471778,9144.0
1540.0,TGW453,1.5131999369503584,104.18187001472178,9144.0
1540.0,TGW484,3.6212771949495193,101.00336087550453,9144.0
1540.0,TGW486,3.536833724121325,101.30515315849806,9144.0
1540.0,TGW487,1.6167544032428534,103.11657235419784,9144.0
1540.0,TGW491,3.7776804808220827,112.02762705121697,9144.0
1540.0,TGW610,4.788786960278482,102.59911664122384,9144.0
1540.0,TGW625,9.968914927709028,101.69461695475164,9144.0
1540.0,TGW285,-5.99530638086784,112.71798616708791,9144.0
1540.0,TGW300,5.309633963014481,103.97584240884441,9144.0
1540.0,TGW305,6.996863069180894,105.55438107452551,9144.0
1540.0,TGW350,5.099949192316342,102.74025546429456,9144.0
1540.0,TGW351,17.29951244333455,102.33910385894625,9144.0
1540.0,TGW386,3.3579119738612895,106.81458109316387,9144.0
1540.0,TGW390,2.779286606254534,106.52110336147517,9144.0
1540.0,TGW397,11.083978155327108,118.4465732046211,9144.0
1540.0,TGW427,1.9007606588971386,102.50276464263887,9144.0
1540.0,TGW431,1.3644436746282902,105.87113582471778,9144.0
1540.0,TGW453,1.5131999369503584,104.18187001472178,9144.0
1540.0,TGW484,3.6212771949495193,101.00336087550453,9144.0
1540.0,TGW486,3.536833724121325,101.30515315849806,9144.0
1540.0,TGW487,1.6167544032428534,103.11657235419784,9144.0
1540.0,TGW491,3.7776804808220827,112.02762705121697,9144.0
1540.0,TGW610,4.788786960278482,102.59911664122384,9144.0
1540.0,TGW625,9.968914927709028,101.69461695475164,9144.0
1550.0,TGW285,-5.974455353760148,112.69391001724233,9144.0
1550.0,TGW300,5.3412183613685436,103.97847635482545,9144.0
1550.0,TGW305,6.967147391346504,105.54246317242527,9144.0
1550.0,TGW350,5.129801203707797,102.728249686657,9144.0
1550.0,TGW351,17.315667594915837,102.31234678712502,9144.0
1550.0,TGW386,3.384322611808554,106.82905728033528,9144.0
1550.0,TGW390,2.8064486535970765,106.5351667165735,9144.0
1550.0,TGW397,11.061988621111414,118.41978264986169,9144.0
1550.0,TGW427,1.8738021903396376,102.51603905833933,9144.0
1550.0,TGW431,1.3632287152145688,105.8381835500399,9144.0
1550.0,TGW453,1.5274152574101962,104.17404656621267,9144.0
1550.0,TGW484,3.6471195884391854,100.99178632169279,9144.0
1550.0,TGW486,3.5573265460899353,101.28750286039154,9144.0
1550.0,TGW487,1.6034747625727843,103.13954862164566,9144.0
1550.0,TGW491,3.7656799241826087,111.99673375256907,9144.0
1550.0,TGW610,4.812448322147771,102.57616498843764,9144.0
1550.0,TGW625,9.935207056180687,101.69807167858447,9144.0
1550.0,TGW285,-5.974455353760148,112.69391001724233,9144.0
1550.0,TGW300,5.3412183613685436,103.97847635482545,9144.0
1550.0,TGW305,6.967147391346504,105.54246317242527,9144.0
1550.0,TGW350,5.129801203707797,102.728249686657,9144.0
1550.0,TGW351,17.315667594915837,102.31234678712502,9144.0
1550.0,TGW386,3.384322611808554,106.82905728033528,9144.0
1550.0,TGW390,2.8064486535970765,106.5351667165735,9144.0
1550.0,TGW397,11.061988621111414,118.41978264986169,9144.0
1550.0,TGW427,1.8738021903396376,102.51603905833933,9144.0
1550.0,TGW431,1.3632287152145688,105.8381835500399,9144.0
1550.0,TGW453,1.5274152574101962,104.17404656621267,9144.0
1550.0,TGW484,3.6471195884391854,100.99178632169279,9144.0
1550.0,TGW486,3.5573265460899353,101.28750286039154,9144.0
1550.0,TGW487,1.6034747625727843,103.13954862164566,9144.0
1550.0,TGW491,3.7656799241826087,111.99673375256907,9144.0
1550.0,TGW610,4.812448322147771,102.57616498843764,9144.0
1550.0,TGW625,9.935207056180687,101.69807167858447,9144.0
1560.0,TGW285,-5.953617540887343,112.66982321955953,9144.0
1560.0,TGW300,5.372680165479904,103.98231508504212,9144.0
1560.0,TGW305,6.936978341075176,105.53176428646101,9144.0
1560.0,TGW350,5.1595990867499335,102.7162641811324,9144.0
1560.0,TGW351,17.328208392323013,102.28353962510273,9144.0
1560.0,TGW386,3.410730526696634,106.84353884801891,9144.0
1560.0,TGW390,2.833610454482533,106.54923087723185,9144.0
1560.0,TGW397,11.039887116217525,118.39286431201747,9144.0
1560.0,TGW427,1.8470572057210826,102.52934265114736,9144.0
1560.0,TGW431,1.357924121669929,105.80563865700424,9144.0
1560.0,TGW453,1.5410544454626223,104.16551576962733,9144.0
1560.0,TGW484,3.67294741107213,100.98017882394578,9144.0
1560.0,TGW486,3.5778043020061054,101.26983462377036,9144.0
1560.0,TGW487,1.5871238632436955,103.15965383867098,9144.0
1560.0,TGW491,3.753833861596753,111.96578104690539,9144.0
1560.0,TGW610,4.836118977808993,102.55322218870947,9144.0
1560.0,TGW625,9.901499149188375,101.70152569042148,9144.0
1560.0,TGW285,-5.953617540887343,112.66982321955953,9144.0
1560.0,TGW300,5.372680165479904,103.98231508504212,9144.0
1560.0,TGW305,6.936978341075176,105.53176428646101,9144.0
1560.0,TGW350,5.1595990867499335,102.7162641811324,9144.0
1560.0,TGW351,17.328208392323013,102.28353962510273,9144.0
1560.0,TGW386,3.410730526696634,106.84353884801891,9144.0
1560.0,TGW390,2.833610454482533,106.54923087723185,9144.0
1560.0,TGW397,11.039887116217525,118.39286431201747,9144.0
1560.0,TGW427,1.8470572057210826,102.52934265114736,9144.0
1560.0,TGW431,1.357924121669929,105.80563865700424,9144.0
1560.0,TGW453,1.5410544454626223,104.16551576962733,9144.0
1560.0,TGW484,3.67294741107213,100.98017882394578,9144.0
1560.0,TGW486,3.5778043020061054,101.26983462377036,9144.0
1560.0,TGW487,1.5871238632436955,103.15965383867098,9144.0
1560.0,TGW491,3.753833861596753,111.96578104690539,9144.0
1560.0,TGW610,4.836118977808993,102.55322218870947,9144.0
1560.0,TGW625,9.901499149188375,101.70152569042148,9144.0
1570.0,TGW285,-5.932701971485858,112.64565029601867,9144.0
1570.0,TGW300,5.403968282417319,103.98613301987216,9144.0
1570.0,TGW305,6.906863825475494,105.52108622155855,9144.0
1570.0,TGW350,5.189502571864912,102.70454627476622,9144.0
1570.0,TGW351,17.33690301081318,102.25321528240569,9144.0
1570.0,TGW386,3.4370340377924675,106.85796409552977,9144.0
1570.0,TGW390,2.860800096480627,106.5632413364861,9144.0
1570.0,TGW397,11.017859318144925,118.3658853523298,9144.0
1570.0,TGW427,1.8202588440969285,102.54267231842461,9144.0
1570.0,TGW431,1.3485750094559552,105.77377890135911,9144.0
1570.0,TGW453,1.555549532795899,104.15853883465627,9144.0
1570.0,TGW484,3.6985535198693738,100.96867019063832,9144.0
1570.0,TGW486,3.598047956074488,101.25236698554328,9144.0
1570.0,TGW487,1.567841726106841,103.17687167325505,9144.0
1570.0,TGW491,3.741985954381797,111.93482946957876,9144.0
1570.0,TGW610,4.859912414081974,102.53015742609259,9144.0
1570.0,TGW625,9.86779120686179,101.70497899287099,9144.0
1570.0,TGW285,-5.932701971485858,112.64565029601867,9144.0
1570.0,TGW300,5.403968282417319,103.98613301987216,9144.0
1570.0,TGW305,6.906863825475494,105.52108622155855,9144.0
1570.0,TGW350,5.189502571864912,102.70454627476622,9144.0
1570.0,TGW351,17.33690301081318,102.25321528240569,9144.0
1570.0,TGW386,3.4370340377924675,106.85796409552977,9144.0
1570.0,TGW390,2.860800096480627,106.5632413364861,9144.0
1570.0,TGW397,11.017859318144925,118.3658853523298,9144.0
1570.0,TGW427,1.8202588440969285,102.54267231842461,9144.0
1570.0,TGW431,1.3485750094559552,105.77377890135911,9144.0
1570.0,TGW453,1.555549532795899,104.15853883465627,9144.0
1570.0,TGW484,3.6985535198693738,100.96867019063832,9144.0
1570.0,TGW486,3.598047956074488,101.25236698554328,9144.0
1570.0,TGW487,1.567841726106841,103.17687167325505,9144.0
1570.0,TGW491,3.741985954381797,111.93482946957876,9144.0
1570.0,TGW610,4.859912414081974,102.53015742609259,9144.0
1570.0,TGW625,9.86779120686179,101.70497899287099,9144.0
1580.0,TGW285,-5.911785785104699,112.62147882744293,9144.0
1580.0,TGW300,5.435256375476821,103.98995134994485,9144.0
1580.0,TGW305,6.876749043341425,105.5104095976952,9144.0
1580.0,TGW350,5.219297676727576,102.69286945827906,9144.0
1580.0,TGW351,17.341590724745814,102.22193488939622,9144.0
1580.0,TGW386,3.4633373158170007,106.87239016883322,9144.0
1580.0,TGW390,2.888408123532607,106.57746832084425,9144.0
1580.0,TGW397,10.995756486429007,118.33882244673964,9144.0
1580.0,TGW427,1.7934599747214943,102.5560007671608,9144.0
1580.0,TGW431,1.3355086277157335,105.74381897963322,9144.0
1580.0,TGW453,1.5676806517847612,104.148184644213,9144.0
1580.0,TGW484,3.7242232212999253,100.95730437523544,9144.0
1580.0,TGW486,3.6182923821299147,101.23489985639844,9144.0
1580.0,TGW487,1.5459817962578202,103.19089959275172,9144.0
1580.0,TGW491,3.7300822817681416,111.90389980743487,9144.0
1580.0,TGW610,4.8837103207093655,102.50709649290543,9144.0
1580.0,TGW625,9.834083229330524,101.70843158853923,9144.0
1580.0,TGW285,-5.911785785104699,112.62147882744293,9144.0
1580.0,TGW300,5.435256375476821,103.98995134994485,9144.0
1580.0,TGW305,6.876749043341425,105.5104095976952,9144.0
1580.0,TGW350,5.219297676727576,102.69286945827906,9144.0
1580.0,TGW351,17.341590724745814,102.22193488939622,9144.0
1580.0,TGW386,3.4633373158170007,106.87239016883322,9144.0
1580.0,TGW390,2.888408123532607,106.57746832084425,9144.0
1580.0,TGW397,10.995756486429007,118.33882244673964,9144.0
1580.0,TGW427,1.7934599747214943,102.5560007671608,9144.0
1580.0,TGW431,1.3355086277157335,105.74381897963322,9144.0
1580.0,TGW453,1.5676806517847612,104.148184644213,9144.0
1580.0,TGW484,3.7242232212999253,100.95730437523544,9144.0
1580.0,TGW486,3.6182923821299147,101.23489985639844,9144.0
1580.0,TGW487,1.5459817962578202,103.19089959275172,9144.0
1580.0,TGW491,3.7300822817681416,111.90389980743487,9144.0
1580.0,TGW610,4.8837103207093655,102.50709649290543,9144.0
1580.0,TGW625,9.834083229330524,101.70843158853923,9144.0
1590.0,TGW285,-5.890868354033831,112.59730935960299,9144.0
1590.0,TGW300,5.466544444364106,103.99377007886288,9144.0
1590.0,TGW305,6.846548995649916,105.49998084312901,9144.0
1590.0,TGW350,5.248961297902689,102.68085926212873,9144.0
1590.0,TGW351,17.342184878700053,102.19027735646235,9144.0
1590.0,TGW386,3.489640325096423,106.88681713627705,9144.0
1590.0,TGW390,2.9159795347779562,106.5917666648665,9144.0
1590.0,TGW397,10.973649892165698,118.31176475703887,9144.0
1590.0,TGW427,1.7665560133304008,102.56911538701394,9144.0
1590.0,TGW431,1.3187860776439477,105.71573671297392,9144.0
1590.0,TGW453,1.5766618453130476,104.13517172729361,9144.0
1590.0,TGW484,3.749278680033333,100.9462097827414,9144.0
1590.0,TGW486,3.6383957351203864,101.21755305957828,9144.0
1590.0,TGW487,1.5221841136419092,103.20130355872232,9144.0
1590.0,TGW491,3.718197925243699,111.87302470091093,9144.0
1590.0,TGW610,4.907548393991983,102.48399366753137,9144.0
1590.0,TGW625,9.800375216724058,101.7118834800303,9144.0
1590.0,TGW285,-5.890868354033831,112.59730935960299,9144.0
1590.0,TGW300,5.466544444364106,103.99377007886288,9144.0
1590.0,TGW305,6.846548995649916,105.49998084312901,9144.0
1590.0,TGW350,5.248961297902689,102.68085926212873,9144.0
1590.0,TGW351,17.342184878700053,102.19027735646235,9144.0
1590.0,TGW386,3.489640325096423,106.88681713627705,9144.0
1590.0,TGW390,2.9159795347779562,106.5917666648665,9144.0
1590.0,TGW397,10.973649892165698,118.31176475703887,9144.0
1590.0,TGW427,1.7665560133304008,102.56911538701394,9144.0
1590.0,TGW431,1.3187860776439477,105.71573671297392,9144.0
1590.0,TGW453,1.5766618453130476,104.13517172729361,9144.0
1590.0,TGW484,3.749278680033333,100.9462097827414,9144.0
1590.0,TGW486,3.6383957351203864,101.21755305957828,9144.0
1590.0,TGW487,1.5221841136419092,103.20130355872232,9144.0
1590.0,TGW491,3.718197925243699,111.87302470091093,9144.0
1590.0,TGW610,4.907548393991983,102.48399366753137,9144.0
1590.0,TGW625,9.800375216724058,101.7118834800303,9144.0
1600.0,TGW285,-5.869949292046173,112.57314222715767,9144.0
1600.0,TGW300,5.497789477744349,103.99792944081246,9144.0
1600.0,TGW305,6.816568832071607,105.489629463235,9144.0
1600.0,TGW350,5.27862459357057,102.66884768235364,9144.0
1600.0,TGW351,17.338674489356162,102.15882859647536,9144.0
1600.0,TGW386,3.514102779118268,106.90419347852728,9144.0
1600.0,TGW390,2.9434464634703392,106.60601161741228,9144.0
1600.0,TGW397,10.951506986838918,118.28473991550251,9144.0
1600.0,TGW427,1.7395984477320254,102.58225552891429,9144.0
1600.0,TGW431,1.298820832835601,105.69022607123551,9144.0
1600.0,TGW453,1.5817504856298779,104.1206436638244,9144.0
1600.0,TGW484,3.775708165181289,100.93899537477782,9144.0
1600.0,TGW486,3.6585401473906782,101.20025376619051,9144.0
1600.0,TGW487,1.5011961098629496,103.21494856622603,9144.0
1600.0,TGW491,3.7063120089757984,111.84215061289682,9144.0
1600.0,TGW610,4.931379905659354,102.46088319638923,9144.0
1600.0,TGW625,9.766667169171765,101.7153346699462,9144.0
1600.0,TGW285,-5.869949292046173,112.57314222715767,9144.0
1600.0,TGW300,5.497789477744349,103.99792944081246,9144.0
1600.0,TGW305,6.816568832071607,105.489629463235,9144.0
1600.0,TGW350,5.27862459357057,102.66884768235364,9144.0
1600.0,TGW351,17.338674489356162,102.15882859647536,9144.0
1600.0,TGW386,3.514102779118268,106.90419347852728,9144.0
1600.0,TGW390,2.9434464634703392,106.60601161741228,9144.0
1600.0,TGW397,10.951506986838918,118.28473991550251,9144.0
1600.0,TGW427,1.7395984477320254,102.58225552891429,9144.0
1600.0,TGW431,1.298820832835601,105.69022607123551,9144.0
1600.0,TGW453,1.5817504856298779,104.1206436638244,9144.0
1600.0,TGW484,3.775708165181289,100.93899537477782,9144.0
1600.0,TGW486,3.6585401473906782,101.20025376619051,9144.0
1600.0,TGW487,1.5011961098629496,103.21494856622603,9144.0
1600.0,TGW491,3.7063120089757984,111.84215061289682,9144.0
1600.0,TGW610,4.931379905659354,102.46088319638923,9144.0
1600.0,TGW625,9.766667169171765,101.7153346699462,9144.0
1610.0,TGW285,-5.849033298028029,112.54897331682928,9144.0
1610.0,TGW300,5.529034482078238,104.00208924193076,9144.0
1610.0,TGW305,6.78673676344719,105.47885351309748,9144.0
1610.0,TGW350,5.308260230490572,102.65676686404649,9144.0
1610.0,TGW351,17.331124448529287,102.12817061548603,9144.0
1610.0,TGW386,3.5387101497015676,106.92167398876768,9144.0
1610.0,TGW390,2.9709132104147327,106.6202572741021,9144.0
1610.0,TGW397,10.929325181427677,118.25767537054352,9144.0
1610.0,TGW427,1.7126186296929102,102.59534969240354,9144.0
1610.0,TGW431,1.2757867121324082,105.66744985734368,9144.0
1610.0,TGW453,1.582823359327609,104.10528700593203,9144.0
1610.0,TGW484,3.802437146517021,100.93595411591869,9144.0
1610.0,TGW486,3.678542916312648,101.18307477344149,9144.0
1610.0,TGW487,1.4829360497429984,103.23170384331108,9144.0
1610.0,TGW491,3.6944370071639736,111.81127272151957,9144.0
1610.0,TGW610,4.955251557879732,102.4377308463985,9144.0
1610.0,TGW625,9.732959086802907,101.71878516088684,9144.0
1610.0,TGW285,-5.849033298028029,112.54897331682928,9144.0
1610.0,TGW300,5.529034482078238,104.00208924193076,9144.0
1610.0,TGW305,6.78673676344719,105.47885351309748,9144.0
1610.0,TGW350,5.308260230490572,102.65676686404649,9144.0
1610.0,TGW351,17.331124448529287,102.12817061548603,9144.0
1610.0,TGW386,3.5387101497015676,106.92167398876768,9144.0
1610.0,TGW390,2.9709132104147327,106.6202572741021,9144.0
1610.0,TGW397,10.929325181427677,118.25767537054352,9144.0
1610.0,TGW427,1.7126186296929102,102.59534969240354,9144.0
1610.0,TGW431,1.2757867121324082,105.66744985734368,9144.0
1610.0,TGW453,1.582823359327609,104.10528700593203,9144.0
1610.0,TGW484,3.802437146517021,100.93595411591869,9144.0
1610.0,TGW486,3.678542916312648,101.18307477344149,9144.0
1610.0,TGW487,1.4829360497429984,103.23170384331108,9144.0
1610.0,TGW491,3.6944370071639736,111.81127272151957,9144.0
1610.0,TGW610,4.955251557879732,102.4377308463985,9144.0
1610.0,TGW625,9.732959086802907,101.71878516088684,9144.0
1620.0,TGW285,-5.828115798615767,112.52480662523892,9144.0
1620.0,TGW300,5.560298790151491,104.00610018686812,9144.0
1620.0,TGW305,6.757014178885442,105.46811858736018,9144.0
1620.0,TGW350,5.337895580979844,102.64468475479693,9144.0
1620.0,TGW351,17.319614463432767,102.098628455855,9144.0
1620.0,TGW386,3.560908247436739,106.94213826900979,9144.0
1620.0,TGW390,2.998379773841789,106.6345036416521,9144.0
1620.0,TGW397,10.907140104475827,118.23061562843398,9144.0
1620.0,TGW427,1.6855852156587057,102.60846930340203,9144.0
1620.0,TGW431,1.2539511925224032,105.64352176178514,9144.0
1620.0,TGW453,1.5879119996444393,104.09075889923687,9144.0
1620.0,TGW484,3.8290189315257033,100.93399190697825,9144.0
1620.0,TGW486,3.698462940090629,101.16579911886524,9144.0
1620.0,TGW487,1.4676941144834708,103.25124649017388,9144.0
1620.0,TGW491,3.68256046514737,111.78039583758923,9144.0
1620.0,TGW610,4.979801188963677,102.4153033323167,9144.0
1620.0,TGW625,9.69925096974664,101.72223495544999,9144.0
1620.0,TGW285,-5.828115798615767,112.52480662523892,9144.0
1620.0,TGW300,5.560298790151491,104.00610018686812,9144.0
1620.0,TGW305,6.757014178885442,105.46811858736018,9144.0
1620.0,TGW350,5.337895580979844,102.64468475479693,9144.0
1620.0,TGW351,17.319614463432767,102.098628455855,9144.0
1620.0,TGW386,3.560908247436739,106.94213826900979,9144.0
1620.0,TGW390,2.998379773841789,106.6345036416521,9144.0
1620.0,TGW397,10.907140104475827,118.23061562843398,9144.0
1620.0,TGW427,1.6855852156587057,102.60846930340203,9144.0
1620.0,TGW431,1.2539511925224032,105.64352176178514,9144.0
1620.0,TGW453,1.5879119996444393,104.09075889923687,9144.0
1620.0,TGW484,3.8290189315257033,100.93399190697825,9144.0
1620.0,TGW486,3.698462940090629,101.16579911886524,9144.0
1620.0,TGW487,1.4676941144834708,103.25124649017388,9144.0
1620.0,TGW491,3.68256046514737,111.78039583758923,9144.0
1620.0,TGW610,4.979801188963677,102.4153033323167,9144.0
1620.0,TGW625,9.69925096974664,101.72223495544999,9144.0
1630.0,TGW285,-5.807218142234739,112.50062349271239,9144.0
1630.0,TGW300,5.591620953597875,104.0101189870926,9144.0
1630.0,TGW305,6.727275334689385,105.4574300787505,9144.0
1630.0,TGW350,5.3675748637240535,102.63271133820349,9144.0
1630.0,TGW351,17.304413144300035,102.07098023634826,9144.0
1630.0,TGW386,3.583062195438005,106.96256333857266,9144.0
1630.0,TGW390,3.025846151974666,106.64875072679341,9144.0
1630.0,TGW397,10.884961763302819,118.20355217703221,9144.0
1630.0,TGW427,1.6585147973413155,102.62151214408128,9144.0
1630.0,TGW431,1.232349592528019,105.61985080646079,9144.0
1630.0,TGW453,1.5890083989064556,104.07533370190365,9144.0
1630.0,TGW484,3.855569004779632,100.93163753639803,9144.0
1630.0,TGW486,3.7160023514494496,101.14635205222089,9144.0
1630.0,TGW487,1.455967927949542,103.27293815832093,9144.0
1630.0,TGW491,3.670656058773983,111.74953014244356,9144.0
1630.0,TGW610,5.0066918437892385,102.39557119142441,9144.0
1630.0,TGW625,9.665542818132003,101.72568405623134,9144.0
1630.0,TGW285,-5.807218142234739,112.50062349271239,9144.0
1630.0,TGW300,5.591620953597875,104.0101189870926,9144.0
1630.0,TGW305,6.727275334689385,105.4574300787505,9144.0
1630.0,TGW350,5.3675748637240535,102.63271133820349,9144.0
1630.0,TGW351,17.304413144300035,102.07098023634826,9144.0
1630.0,TGW386,3.583062195438005,106.96256333857266,9144.0
1630.0,TGW390,3.025846151974666,106.64875072679341,9144.0
1630.0,TGW397,10.884961763302819,118.20355217703221,9144.0
1630.0,TGW427,1.6585147973413155,102.62151214408128,9144.0
1630.0,TGW431,1.232349592528019,105.61985080646079,9144.0
1630.0,TGW453,1.5890083989064556,104.07533370190365,9144.0
1630.0,TGW484,3.855569004779632,100.93163753639803,9144.0
1630.0,TGW486,3.7160023514494496,101.14635205222089,9144.0
1630.0,TGW487,1.455967927949542,103.27293815832093,9144.0
1630.0,TGW491,3.670656058773983,111.74953014244356,9144.0
1630.0,TGW610,5.0066918437892385,102.39557119142441,9144.0
1630.0,TGW625,9.665542818132003,101.72568405623134,9144.0
1640.0,TGW285,-5.786319055760186,112.47644250428499,9144.0
1640.0,TGW300,5.622940321385743,104.0141599412811,9144.0
1640.0,TGW305,6.697536238897619,105.44674293280018,9144.0
1640.0,TGW350,5.397253874387689,102.62073665684882,9144.0
1640.0,TGW351,17.285797153606097,102.04572926354551,9144.0
1640.0,TGW386,3.6052156095352657,106.98298948555563,9144.0
1640.0,TGW390,3.0533123430277134,106.6629985362747,9144.0
1640.0,TGW397,10.862780234824875,118.1764934469162,9144.0
1640.0,TGW427,1.6314442681209322,102.6345545774186,9144.0
1640.0,TGW431,1.2138980439438576,105.59364904032918,9144.0
1640.0,TGW453,1.5859981941043142,104.06037985118819,9144.0
1640.0,TGW484,3.881934142539086,100.92929941897039,9144.0
1640.0,TGW486,3.7333323563975673,101.12713567308033,9144.0
1640.0,TGW487,1.4480052567304853,103.296276363412,9144.0
1640.0,TGW491,3.6587915402329276,111.71877276171485,9144.0
1640.0,TGW610,5.0334894313567276,102.37590512362382,9144.0
1640.0,TGW625,9.63183463208793,101.72913246582449,9144.0
1640.0,TGW285,-5.786319055760186,112.47644250428499,9144.0
1640.0,TGW300,5.622940321385743,104.0141599412811,9144.0
1640.0,TGW305,6.697536238897619,105.44674293280018,9144.0
1640.0,TGW350,5.397253874387689,102.62073665684882,9144.0
1640.0,TGW351,17.285797153606097,102.04572926354551,9144.0
1640.0,TGW386,3.6052156095352657,106.98298948555563,9144.0
1640.0,TGW390,3.0533123430277134,106.6629985362747,9144.0
1640.0,TGW397,10.862780234824875,118.1764934469162,9144.0
1640.0,TGW427,1.6314442681209322,102.6345545774186,9144.0
1640.0,TGW431,1.2138980439438576,105.59364904032918,9144.0
1640.0,TGW453,1.5859981941043142,104.06037985118819,9144.0
1640.0,TGW484,3.881934142539086,100.92929941897039,9144.0
1640.0,TGW486,3.7333323563975673,101.12713567308033,9144.0
1640.0,TGW487,1.4480052567304853,103.296276363412,9144.0
1640.0,TGW491,3.6587915402329276,111.71877276171485,9144.0
1640.0,TGW610,5.0334894313567276,102.37590512362382,9144.0
1640.0,TGW625,9.63183463208793,101.72913246582449,9144.0
1650.0,TGW285,-5.765383443278912,112.45229435013535,9144.0
1650.0,TGW300,5.654259661194776,104.0182013325189,9144.0
1650.0,TGW305,6.667761849149729,105.43615652598365,9144.0
1650.0,TGW350,5.42700170542346,102.60893494464632,9144.0
1650.0,TGW351,17.264105300503967,102.02333494244063,9144.0
1650.0,TGW386,3.6245516514722267,107.00611102410556,9144.0
1650.0,TGW390,3.080778345204824,106.67724707686534,9144.0
1650.0,TGW397,10.840639828240683,118.14940182739086,9144.0
1650.0,TGW427,1.6045437673239773,102.64794428859128,9144.0
1650.0,TGW431,1.199187376288747,105.565636518985,9144.0
1650.0,TGW453,1.5792926943371903,104.04762685466895,9144.0
1650.0,TGW484,3.908341443810298,100.92750173177421,9144.0
1650.0,TGW486,3.7502644924522284,101.1075659538347,9144.0
1650.0,TGW487,1.4442135540221146,103.32006408684869,9144.0
1650.0,TGW491,3.6469148918125094,111.68802048888303,9144.0
1650.0,TGW610,5.060286003979422,102.35623684983089,9144.0
1650.0,TGW625,9.598126411743241,101.73258018682088,9144.0
1650.0,TGW285,-5.765383443278912,112.45229435013535,9144.0
1650.0,TGW300,5.654259661194776,104.0182013325189,9144.0
1650.0,TGW305,6.667761849149729,105.43615652598365,9144.0
1650.0,TGW350,5.42700170542346,102.60893494464632,9144.0
1650.0,TGW351,17.264105300503967,102.02333494244063,9144.0
1650.0,TGW386,3.6245516514722267,107.00611102410556,9144.0
1650.0,TGW390,3.080778345204824,106.67724707686534,9144.0
1650.0,TGW397,10.840639828240683,118.14940182739086,9144.0
1650.0,TGW427,1.6045437673239773,102.64794428859128,9144.0
1650.0,TGW431,1.199187376288747,105.565636518985,9144.0
1650.0,TGW453,1.5792926943371903,104.04762685466895,9144.0
1650.0,TGW484,3.908341443810298,100.92750173177421,9144.0
1650.0,TGW486,3.7502644924522284,101.1075659538347,9144.0
1650.0,TGW487,1.4442135540221146,103.32006408684869,9144.0
1650.0,TGW491,3.6469148918125094,111.68802048888303,9144.0
1650.0,TGW610,5.060286003979422,102.35623684983089,9144.0
1650.0,TGW625,9.598126411743241,101.73258018682088,9144.0
1660.0,TGW285,-5.744446441087983,112.42814830242365,9144.0
1660.0,TGW300,5.6857106387491,104.02102795139304,9144.0
1660.0,TGW305,6.638042239489867,105.42559101267153,9144.0
1660.0,TGW350,5.456641202943208,102.59717486615763,9144.0
1660.0,TGW351,17.23973237453226,102.00420440195977,9144.0
1660.0,TGW386,3.643810764622927,107.02914238556525,9144.0
1660.0,TGW390,3.108244156697327,106.69149635535953,9144.0
1660.0,TGW397,10.818532360817624,118.12235897510969,9144.0
1660.0,TGW427,1.5776963287028754,102.66130710838634,9144.0
1660.0,TGW431,1.1883133984676035,105.53610945060456,9144.0
1660.0,TGW453,1.5692681706702258,104.03727947172766,9144.0
1660.0,TGW484,3.934439123926265,100.9257250105946,9144.0
1660.0,TGW486,3.766700953531065,101.08856296986696,9144.0
1660.0,TGW487,1.4445185197082064,103.34415036980523,9144.0
1660.0,TGW491,3.635075862653428,111.65725405940942,9144.0
1660.0,TGW610,5.088236235762101,102.33825867931739,9144.0
1660.0,TGW625,9.564418157226642,101.73602722180988,9144.0
1660.0,TGW285,-5.744446441087983,112.42814830242365,9144.0
1660.0,TGW300,5.6857106387491,104.02102795139304,9144.0
1660.0,TGW305,6.638042239489867,105.42559101267153,9144.0
1660.0,TGW350,5.456641202943208,102.59717486615763,9144.0
1660.0,TGW351,17.23973237453226,102.00420440195977,9144.0
1660.0,TGW386,3.643810764622927,107.02914238556525,9144.0
1660.0,TGW390,3.108244156697327,106.69149635535953,9144.0
1660.0,TGW397,10.818532360817624,118.12235897510969,9144.0
1660.0,TGW427,1.5776963287028754,102.66130710838634,9144.0
1660.0,TGW431,1.1883133984676035,105.53610945060456,9144.0
1660.0,TGW453,1.5692681706702258,104.03727947172766,9144.0
1660.0,TGW484,3.934439123926265,100.9257250105946,9144.0
1660.0,TGW486,3.766700953531065,101.08856296986696,9144.0
1660.0,TGW487,1.4445185197082064,103.34415036980523,9144.0
1660.0,TGW491,3.635075862653428,111.65725405940942,9144.0
1660.0,TGW610,5.088236235762101,102.33825867931739,9144.0
1660.0,TGW625,9.564418157226642,101.73602722180988,9144.0
1670.0,TGW285,-5.723519437228816,112.40399438698157,9144.0
1670.0,TGW300,5.717161602568825,104.02385487952054,9144.0
1670.0,TGW305,6.608361935374539,105.41491474340347,9144.0
1670.0,TGW350,5.48626323043582,102.58536986740661,9144.0
1670.0,TGW351,17.2131219604854,101.98868509285437,9144.0
1670.0,TGW386,3.6630691903671253,107.05217481846924,9144.0
1670.0,TGW390,3.135709775681258,106.70574637858154,9144.0
1670.0,TGW397,10.796369370772489,118.09536526346034,9144.0
1670.0,TGW427,1.551104281646795,102.67517139442502,9144.0
1670.0,TGW431,1.181502443478607,105.50574918168311,9144.0
1670.0,TGW453,1.5567362449050897,104.03017544509942,9144.0
1670.0,TGW484,3.9605252580549957,100.92378533581177,9144.0
1670.0,TGW486,3.782598647132433,101.07018254444849,9144.0
1670.0,TGW487,1.4489112806248952,103.36783444975804,9144.0
1670.0,TGW491,3.623251877191683,111.62654393648967,9144.0
1670.0,TGW610,5.118136501951918,102.32391646156113,9144.0
1670.0,TGW625,9.530709868666726,101.73947357337869,9144.0
1670.0,TGW285,-5.723519437228816,112.40399438698157,9144.0
1670.0,TGW300,5.717161602568825,104.02385487952054,9144.0
1670.0,TGW305,6.608361935374539,105.41491474340347,9144.0
1670.0,TGW350,5.48626323043582,102.58536986740661,9144.0
1670.0,TGW351,17.2131219604854,101.98868509285437,9144.0
1670.0,TGW386,3.6630691903671253,107.05217481846924,9144.0
1670.0,TGW390,3.135709775681258,106.70574637858154,9144.0
1670.0,TGW397,10.796369370772489,118.09536526346034,9144.0
1670.0,TGW427,1.551104281646795,102.67517139442502,9144.0
1670.0,TGW431,1.181502443478607,105.50574918168311,9144.0
1670.0,TGW453,1.5567362449050897,104.03017544509942,9144.0
1670.0,TGW484,3.9605252580549957,100.92378533581177,9144.0
1670.0,TGW486,3.782598647132433,101.07018254444849,9144.0
1670.0,TGW487,1.4489112806248952,103.36783444975804,9144.0
1670.0,TGW491,3.623251877191683,111.62654393648967,9144.0
1670.0,TGW610,5.118136501951918,102.32391646156113,9144.0
1670.0,TGW625,9.530709868666726,101.73947357337869,9144.0
1680.0,TGW285,-5.702629253368704,112.37988662994374,9144.0
1680.0,TGW300,5.748612552539432,104.02668211906554,9144.0
1680.0,TGW305,6.578736373806402,105.40425957965888,9144.0
1680.0,TGW350,5.515885000429468,102.57356362874977,9144.0
1680.0,TGW351,17.184758365215103,101.97705849201134,9144.0
1680.0,TGW386,3.682326776093621,107.07520845353109,9144.0
1680.0,TGW390,3.163175200313747,106.71999715339268,9144.0
1680.0,TGW397,10.774203744043913,118.06837578465688,9144.0
1680.0,TGW427,1.5243541921289676,102.68911761778402,9144.0
1680.0,TGW431,1.1788425659412154,105.47516112931838,9144.0
1680.0,TGW453,1.5432917183216472,104.02721275012794,9144.0
1680.0,TGW484,3.985109850748042,100.9219571981109,9144.0
1680.0,TGW487,1.455406455525481,103.39023103138244,9144.0
1680.0,TGW491,3.611423996306293,111.59583572044265,9144.0
1680.0,TGW610,5.148038582571395,102.30984661279325,9144.0
1680.0,TGW625,9.497001546191973,101.74291924411241,9144.0
1680.0,TGW285,-5.702629253368704,112.37988662994374,9144.0
1680.0,TGW300,5.748612552539432,104.02668211906554,9144.0
1680.0,TGW305,6.578736373806402,105.40425957965888,9144.0
1680.0,TGW350,5.515885000429468,102.57356362874977,9144.0
1680.0,TGW351,17.184758365215103,101.97705849201134,9144.0
1680.0,TGW386,3.682326776093621,107.07520845353109,9144.0
1680.0,TGW390,3.163175200313747,106.71999715339268,9144.0
1680.0,TGW397,10.774203744043913,118.06837578465688,9144.0
1680.0,TGW427,1.5243541921289676,102.68911761778402,9144.0
1680.0,TGW431,1.1788425659412154,105.47516112931838,9144.0
1680.0,TGW453,1.5432917183216472,104.02721275012794,9144.0
1680.0,TGW484,3.985109850748042,100.9219571981109,9144.0
1680.0,TGW487,1.455406455525481,103.39023103138244,9144.0
1680.0,TGW491,3.611423996306293,111.59583572044265,9144.0
1680.0,TGW610,5.148038582571395,102.30984661279325,9144.0
1680.0,TGW625,9.497001546191973,101.74291924411241,9144.0
1690.0,TGW285,-5.681721519883171,112.35579511952798,9144.0
1690.0,TGW300,5.780050974378949,104.02964693411738,9144.0
1690.0,TGW305,6.549098235289495,105.39364054864323,9144.0
1690.0,TGW350,5.545501047578115,102.56174231624131,9144.0
1690.0,TGW351,17.155157803294532,101.96953502559106,9144.0
1690.0,TGW386,3.701242288867566,107.09852547682388,9144.0
1690.0,TGW390,3.1906404287281496,106.73424868670078,9144.0
1690.0,TGW397,10.752035268250564,118.04139071550841,9144.0
1690.0,TGW427,1.497603330651736,102.70306218757274,9144.0
1690.0,TGW431,1.180291332446529,105.44449179515438,9144.0
1690.0,TGW453,1.5295710070174824,104.02833946020225,9144.0
1690.0,TGW484,4.009694705337446,100.92013254819585,9144.0
1690.0,TGW487,1.4618834144322137,103.41256597022621,9144.0
1690.0,TGW491,3.599611759647431,111.56518361573401,9144.0
1690.0,TGW610,5.177940333040472,102.29577539317998,9144.0
1690.0,TGW625,9.463293189930742,101.746364236594,9144.0
1690.0,TGW285,-5.681721519883171,112.35579511952798,9144.0
1690.0,TGW300,5.780050974378949,104.02964693411738,9144.0
1690.0,TGW305,6.549098235289495,105.39364054864323,9144.0
1690.0,TGW350,5.545501047578115,102.56174231624131,9144.0
1690.0,TGW351,17.155157803294532,101.96953502559106,9144.0
1690.0,TGW386,3.701242288867566,107.09852547682388,9144.0
1690.0,TGW390,3.1906404287281496,106.73424868670078,9144.0
1690.0,TGW397,10.752035268250564,118.04139071550841,9144.0
1690.0,TGW427,1.497603330651736,102.70306218757274,9144.0
1690.0,TGW431,1.180291332446529,105.44449179515438,9144.0
1690.0,TGW453,1.5295710070174824,104.02833946020225,9144.0
1690.0,TGW484,4.009694705337446,100.92013254819585,9144.0
1690.0,TGW487,1.4618834144322137,103.41256597022621,9144.0
1690.0,TGW491,3.599611759647431,111.56518361573401,9144.0
1690.0,TGW610,5.177940333040472,102.29577539317998,9144.0
1690.0,TGW625,9.463293189930742,101.746364236594,9144.0
1700.0,TGW285,-5.660888967603945,112.33179383647784,9144.0
1700.0,TGW300,5.8115474390999005,104.03261755538084,9144.0
1700.0,TGW305,6.519459857813749,105.38302282251483,9144.0
1700.0,TGW350,5.575116838951005,102.54991976201562,9144.0
1700.0,TGW351,17.12485900196512,101.96625029990838,9144.0
1700.0,TGW386,3.720156924499464,107.1218437138701,9144.0
1700.0,TGW390,3.218105459027313,106.74850098547316,9144.0
1700.0,TGW397,10.729862466799943,118.01441130927151,9144.0
1700.0,TGW427,1.4701196491961697,102.71738825358753,9144.0
1700.0,TGW431,1.1834848889520178,105.41395481944161,9144.0
1700.0,TGW453,1.5167894325379165,104.03345572681496,9144.0
1700.0,TGW484,4.032622325047293,100.91843079648419,9144.0
1700.0,TGW487,1.4652221088612523,103.43558064486317,9144.0
1700.0,TGW491,3.5877719210564467,111.53454260193455,9144.0
1700.0,TGW610,5.209351222139949,102.28554208709377,9144.0
1700.0,TGW625,9.429584800011275,101.74980855340424,9144.0
1700.0,TGW285,-5.660888967603945,112.33179383647784,9144.0
1700.0,TGW300,5.8115474390999005,104.03261755538084,9144.0
1700.0,TGW305,6.519459857813749,105.38302282251483,9144.0
1700.0,TGW350,5.575116838951005,102.54991976201562,9144.0
1700.0,TGW351,17.12485900196512,101.96625029990838,9144.0
1700.0,TGW386,3.720156924499464,107.1218437138701,9144.0
1700.0,TGW390,3.218105459027313,106.74850098547316,9144.0
1700.0,TGW397,10.729862466799943,118.01441130927151,9144.0
1700.0,TGW427,1.4701196491961697,102.71738825358753,9144.0
1700.0,TGW431,1.1834848889520178,105.41395481944161,9144.0
1700.0,TGW453,1.5167894325379165,104.03345572681496,9144.0
1700.0,TGW484,4.032622325047293,100.91843079648419,9144.0
1700.0,TGW487,1.4652221088612523,103.43558064486317,9144.0
1700.0,TGW491,3.5877719210564467,111.53454260193455,9144.0
1700.0,TGW610,5.209351222139949,102.28554208709377,9144.0
1700.0,TGW625,9.429584800011275,101.74980855340424,9144.0
1710.0,TGW285,-5.640073417469626,112.30777852491185,9144.0
1710.0,TGW300,5.84290180339826,104.03684250895543,9144.0
1710.0,TGW305,6.4898391318287265,105.37235594078484,9144.0
1710.0,TGW350,5.604750656379139,102.53814229974,9144.0
1710.0,TGW351,17.09441339635512,101.96726270413433,9144.0
1710.0,TGW386,3.739112220582738,107.14512927263192,9144.0
1710.0,TGW390,3.245570289273991,106.76275405675516,9144.0
1710.0,TGW397,10.707798884522061,117.98734128030642,9144.0
1710.0,TGW427,1.4426223880002145,102.73168804584915,9144.0
1710.0,TGW431,1.1866533456084818,105.38365257535261,9144.0
1710.0,TGW453,1.506079131730945,104.04210833709938,9144.0
1710.0,TGW484,4.055549941218054,100.91672894870712,9144.0
1710.0,TGW487,1.46857895523325,103.45872270020632,9144.0
1710.0,TGW491,3.575928235270795,111.5039034772886,9144.0
1710.0,TGW610,5.2402880631653135,102.27610905213167,9144.0
1710.0,TGW625,9.395876376561695,101.75325219712171,9144.0
1710.0,TGW285,-5.640073417469626,112.30777852491185,9144.0
1710.0,TGW300,5.84290180339826,104.03684250895543,9144.0
1710.0,TGW305,6.4898391318287265,105.37235594078484,9144.0
1710.0,TGW350,5.604750656379139,102.53814229974,9144.0
1710.0,TGW351,17.09441339635512,101.96726270413433,9144.0
1710.0,TGW386,3.739112220582738,107.14512927263192,9144.0
1710.0,TGW390,3.245570289273991,106.76275405675516,9144.0
1710.0,TGW397,10.707798884522061,117.98734128030642,9144.0
1710.0,TGW427,1.4426223880002145,102.73168804584915,9144.0
1710.0,TGW431,1.1866533456084818,105.38365257535261,9144.0
1710.0,TGW453,1.506079131730945,104.04210833709938,9144.0
1710.0,TGW484,4.055549941218054,100.91672894870712,9144.0
1710.0,TGW487,1.46857895523325,103.45872270020632,9144.0
1710.0,TGW491,3.575928235270795,111.5039034772886,9144.0
1710.0,TGW610,5.2402880631653135,102.27610905213167,9144.0
1710.0,TGW625,9.395876376561695,101.75325219712171,9144.0
1720.0,TGW285,-5.619256582379848,112.28376519804786,9144.0
1720.0,TGW300,5.87419833964939,104.04106014869471,9144.0
1720.0,TGW305,6.4601631888711974,105.36167055882852,9144.0
1720.0,TGW350,5.634492269276864,102.52632063995287,9144.0
1720.0,TGW351,17.064375093415876,101.97255242324101,9144.0
1720.0,TGW386,3.7580666437346935,107.16841604972818,9144.0
1720.0,TGW390,3.2730349174767146,106.77700790769748,9144.0
1720.0,TGW397,10.685731959160739,117.96027604301207,9144.0
1720.0,TGW427,1.4150729173295202,102.74601452894518,9144.0
1720.0,TGW431,1.1857151700217066,105.35319952555544,9144.0
1720.0,TGW453,1.4932395462814345,104.04727061625628,9144.0
1720.0,TGW484,4.078477553825159,100.91502700425536,9144.0
1720.0,TGW487,1.4719353199711949,103.48186486024814,9144.0
1720.0,TGW491,3.5641674296498866,111.4732327119053,9144.0
1720.0,TGW610,5.272133059378019,102.2704974471704,9144.0
1720.0,TGW625,9.36216791971,101.75669517032283,9144.0
1720.0,TGW285,-5.619256582379848,112.28376519804786,9144.0
1720.0,TGW300,5.87419833964939,104.04106014869471,9144.0
1720.0,TGW305,6.4601631888711974,105.36167055882852,9144.0
1720.0,TGW350,5.634492269276864,102.52632063995287,9144.0
1720.0,TGW351,17.064375093415876,101.97255242324101,9144.0
1720.0,TGW386,3.7580666437346935,107.16841604972818,9144.0
1720.0,TGW390,3.2730349174767146,106.77700790769748,9144.0
1720.0,TGW397,10.685731959160739,117.96027604301207,9144.0
1720.0,TGW427,1.4150729173295202,102.74601452894518,9144.0
1720.0,TGW431,1.1857151700217066,105.35319952555544,9144.0
1720.0,TGW453,1.4932395462814345,104.04727061625628,9144.0
1720.0,TGW484,4.078477553825159,100.91502700425536,9144.0
1720.0,TGW487,1.4719353199711949,103.48186486024814,9144.0
1720.0,TGW491,3.5641674296498866,111.4732327119053,9144.0
1720.0,TGW610,5.272133059378019,102.2704974471704,9144.0
1720.0,TGW625,9.36216791971,101.75669517032283,9144.0
1730.0,TGW285,-5.5984479268849325,112.25974557094783,9144.0
1730.0,TGW300,5.905509226768327,104.04516896932003,9144.0
1730.0,TGW305,6.430479793423956,105.35100678701251,9144.0
1730.0,TGW350,5.664205275295281,102.51442595536834,9144.0
1730.0,TGW351,17.035290787231215,101.98202187364843,9144.0
1730.0,TGW386,3.776965776926438,107.19174842183816,9144.0
1730.0,TGW390,3.3004993415680786,106.79126254559817,9144.0
1730.0,TGW397,10.66361236854624,117.93325732977453,9144.0
1730.0,TGW427,1.3874937629092645,102.76028358287947,9144.0
1730.0,TGW431,1.1840002648720622,105.32307688758513,9144.0
1730.0,TGW453,1.4794516233012576,104.04844538593474,9144.0
1730.0,TGW484,4.101405194857735,100.91332539603766,9144.0
1730.0,TGW487,1.4746729317533496,103.50508842699877,9144.0
1730.0,TGW491,3.5524447817010394,111.44267121466818,9144.0
1730.0,TGW610,5.304314711205604,102.26900815476544,9144.0
1730.0,TGW625,9.328459429584058,101.76013747558173,9144.0
1730.0,TGW285,-5.5984479268849325,112.25974557094783,9144.0
1730.0,TGW300,5.905509226768327,104.04516896932003,9144.0
1730.0,TGW305,6.430479793423956,105.35100678701251,9144.0
1730.0,TGW350,5.664205275295281,102.51442595536834,9144.0
1730.0,TGW351,17.035290787231215,101.98202187364843,9144.0
1730.0,TGW386,3.776965776926438,107.19174842183816,9144.0
1730.0,TGW390,3.3004993415680786,106.79126254559817,9144.0
1730.0,TGW397,10.66361236854624,117.93325732977453,9144.0
1730.0,TGW427,1.3874937629092645,102.76028358287947,9144.0
1730.0,TGW431,1.1840002648720622,105.32307688758513,9144.0
1730.0,TGW453,1.4794516233012576,104.04844538593474,9144.0
1730.0,TGW484,4.101405194857735,100.91332539603766,9144.0
1730.0,TGW487,1.4746729317533496,103.50508842699877,9144.0
1730.0,TGW491,3.5524447817010394,111.44267121466818,9144.0
1730.0,TGW610,5.304314711205604,102.26900815476544,9144.0
1730.0,TGW625,9.328459429584058,101.76013747558173,9144.0
1740.0,TGW285,-5.577638012061289,112.2357278988693,9144.0
1740.0,TGW300,5.936762221822171,104.0492706620475,9144.0
1740.0,TGW305,6.400796162952289,105.34034429889743,9144.0
1740.0,TGW350,5.693918017595382,102.50252999209228,9144.0
1740.0,TGW351,17.007689809240247,101.99549754824419,9144.0
1740.0,TGW386,3.79593888474118,107.21517443063811,9144.0
1740.0,TGW390,3.327963559369537,106.80551797797061,9144.0
1740.0,TGW397,10.641490052511474,117.90624288910857,9144.0
1740.0,TGW427,1.3596543001479517,102.77468689882873,9144.0
1740.0,TGW431,1.1834341907237516,105.29291077206103,9144.0
1740.0,TGW453,1.4678066785198123,104.04538862336092,9144.0
1740.0,TGW484,4.123417376609996,100.91286850401767,9144.0
1740.0,TGW487,1.4774475782480696,103.52863062331144,9144.0
1740.0,TGW491,3.540693768945916,111.41212104292352,9144.0
1740.0,TGW610,5.336180588716348,102.26934804563064,9144.0
1740.0,TGW625,9.294750906311608,101.7635791154703,9144.0
1740.0,TGW285,-5.577638012061289,112.2357278988693,9144.0
1740.0,TGW300,5.936762221822171,104.0492706620475,9144.0
1740.0,TGW305,6.400796162952289,105.34034429889743,9144.0
1740.0,TGW350,5.693918017595382,102.50252999209228,9144.0
1740.0,TGW351,17.007689809240247,101.99549754824419,9144.0
1740.0,TGW386,3.79593888474118,107.21517443063811,9144.0
1740.0,TGW390,3.327963559369537,106.80551797797061,9144.0
1740.0,TGW397,10.641490052511474,117.90624288910857,9144.0
1740.0,TGW427,1.3596543001479517,102.77468689882873,9144.0
1740.0,TGW431,1.1834341907237516,105.29291077206103,9144.0
1740.0,TGW453,1.4678066785198123,104.04538862336092,9144.0
1740.0,TGW484,4.123417376609996,100.91286850401767,9144.0
1740.0,TGW487,1.4774475782480696,103.52863062331144,9144.0
1740.0,TGW491,3.540693768945916,111.41212104292352,9144.0
1740.0,TGW610,5.336180588716348,102.26934804563064,9144.0
1740.0,TGW625,9.294750906311608,101.7635791154703,9144.0
1750.0,TGW285,-5.556799235530183,112.21173635362767,9144.0
1750.0,TGW300,5.968041986279799,104.05316084709547,9144.0
1750.0,TGW305,6.37112442531537,105.32964896443796,9144.0
1750.0,TGW350,5.723631706022335,102.49063579912188,9144.0
1750.0,TGW351,16.982074494458566,102.01273323228733,9144.0
1750.0,TGW386,3.81494585205412,107.23857337083737,9144.0
1750.0,TGW390,3.3554275685303243,106.81977421266164,9144.0
1750.0,TGW397,10.619364427159345,117.8792332122591,9144.0
1750.0,TGW427,1.3314133731451743,102.78828558530861,9144.0
1750.0,TGW431,1.1828720362815401,105.26298221310415,9144.0
1750.0,TGW453,1.4579936275407737,104.03864367078596,9144.0
1750.0,TGW484,4.145240199593761,100.91579303876152,9144.0
1750.0,TGW487,1.4803563066792522,103.5521566496062,9144.0
1750.0,TGW491,3.5289399708221416,111.38157233393031,9144.0
1750.0,TGW610,5.368046466041177,102.26968797178873,9144.0
1750.0,TGW625,9.261042350020249,101.76702009255811,9144.0
1750.0,TGW285,-5.556799235530183,112.21173635362767,9144.0
1750.0,TGW300,5.968041986279799,104.05316084709547,9144.0
1750.0,TGW305,6.37112442531537,105.32964896443796,9144.0
1750.0,TGW350,5.723631706022335,102.49063579912188,9144.0
1750.0,TGW351,16.982074494458566,102.01273323228733,9144.0
1750.0,TGW386,3.81494585205412,107.23857337083737,9144.0
1750.0,TGW390,3.3554275685303243,106.81977421266164,9144.0
1750.0,TGW397,10.619364427159345,117.8792332122591,9144.0
1750.0,TGW427,1.3314133731451743,102.78828558530861,9144.0
1750.0,TGW431,1.1828720362815401,105.26298221310415,9144.0
1750.0,TGW453,1.4579936275407737,104.03864367078596,9144.0
1750.0,TGW484,4.145240199593761,100.91579303876152,9144.0
1750.0,TGW487,1.4803563066792522,103.5521566496062,9144.0
1750.0,TGW491,3.5289399708221416,111.38157233393031,9144.0
1750.0,TGW610,5.368046466041177,102.26968797178873,9144.0
1750.0,TGW625,9.261042350020249,101.76702009255811,9144.0
1760.0,TGW285,-5.535959203085186,112.18774675697256,9144.0
1760.0,TGW300,5.999321723299984,104.0570514777904,9144.0
1760.0,TGW305,6.341342622113652,105.3189153200248,9144.0
1760.0,TGW350,5.7533451304569345,102.47874032013704,9144.0
1760.0,TGW351,16.958911039031626,102.0334145275895,9144.0
1760.0,TGW386,3.8339519315286217,107.26197355429787,9144.0
1760.0,TGW390,3.3828913664113798,106.83403125807592,9144.0
1760.0,TGW397,10.597235526299128,117.85222826683444,9144.0
1760.0,TGW427,1.303383455634822,102.80178229277169,9144.0
1760.0,TGW431,1.1821749130327073,105.23305650249053,9144.0
1760.0,TGW453,1.4510431134930952,104.02897355084913,9144.0
1760.0,TGW484,4.166803880370055,100.9186830068729,9144.0
1760.0,TGW487,1.4832093143518923,103.57523679370027,9144.0
1760.0,TGW491,3.5170201355190276,111.35108866347154,9144.0
1760.0,TGW610,5.399894907013447,102.27079992218887,9144.0
1760.0,TGW625,9.22733376083744,101.77046040941232,9144.0
1760.0,TGW285,-5.535959203085186,112.18774675697256,9144.0
1760.0,TGW300,5.999321723299984,104.0570514777904,9144.0
1760.0,TGW305,6.341342622113652,105.3189153200248,9144.0
1760.0,TGW350,5.7533451304569345,102.47874032013704,9144.0
1760.0,TGW351,16.958911039031626,102.0334145275895,9144.0
1760.0,TGW386,3.8339519315286217,107.26197355429787,9144.0
1760.0,TGW390,3.3828913664113798,106.83403125807592,9144.0
1760.0,TGW397,10.597235526299128,117.85222826683444,9144.0
1760.0,TGW427,1.303383455634822,102.80178229277169,9144.0
1760.0,TGW431,1.1821749130327073,105.23305650249053,9144.0
1760.0,TGW453,1.4510431134930952,104.02897355084913,9144.0
1760.0,TGW484,4.166803880370055,100.9186830068729,9144.0
1760.0,TGW487,1.4832093143518923,103.57523679370027,9144.0
1760.0,TGW491,3.5170201355190276,111.35108866347154,9144.0
1760.0,TGW610,5.399894907013447,102.27079992218887,9144.0
1760.0,TGW625,9.22733376083744,101.77046040941232,9144.0
1770.0,TGW285,-5.515114758134187,112.163761874381,9144.0
1770.0,TGW300,6.030839006199437,104.05681676673191,9144.0
1770.0,TGW305,6.311548169961864,105.30821788842954,9144.0
1770.0,TGW350,5.7830627466160065,102.46685480058747,9144.0
1770.0,TGW351,16.93862101551193,102.05716459966168,9144.0
1770.0,TGW386,3.852920118942222,107.2854051226008,9144.0
1770.0,TGW390,3.410354949834349,106.84828912366109,9144.0
1770.0,TGW397,10.57506729447149,117.8251839602567,9144.0
1770.0,TGW427,1.2744840198671419,102.81329886191587,9144.0
1770.0,TGW431,1.1814869989744632,105.20354806957432,9144.0
1770.0,TGW453,1.4447403057021615,104.01903959114978,9144.0
1770.0,TGW484,4.18830678259614,100.92199720888455,9144.0
1770.0,TGW487,1.4861194472642794,103.59830983016107,9144.0
1770.0,TGW491,3.5050977560008003,111.32060638092157,9144.0
1770.0,TGW610,5.431568864057705,102.27190589663479,9144.0
1770.0,TGW625,9.19362513889049,101.77390006859764,9144.0
1770.0,TGW285,-5.515114758134187,112.163761874381,9144.0
1770.0,TGW300,6.030839006199437,104.05681676673191,9144.0
1770.0,TGW305,6.311548169961864,105.30821788842954,9144.0
1770.0,TGW350,5.7830627466160065,102.46685480058747,9144.0
1770.0,TGW351,16.93862101551193,102.05716459966168,9144.0
1770.0,TGW386,3.852920118942222,107.2854051226008,9144.0
1770.0,TGW390,3.410354949834349,106.84828912366109,9144.0
1770.0,TGW397,10.57506729447149,117.8251839602567,9144.0
1770.0,TGW427,1.2744840198671419,102.81329886191587,9144.0
1770.0,TGW431,1.1814869989744632,105.20354806957432,9144.0
1770.0,TGW453,1.4447403057021615,104.01903959114978,9144.0
1770.0,TGW484,4.18830678259614,100.92199720888455,9144.0
1770.0,TGW487,1.4861194472642794,103.59830983016107,9144.0
1770.0,TGW491,3.5050977560008003,111.32060638092157,9144.0
1770.0,TGW610,5.431568864057705,102.27190589663479,9144.0
1770.0,TGW625,9.19362513889049,101.77390006859764,9144.0
1780.0,TGW285,-5.494269078342365,112.13977891592643,9144.0
1780.0,TGW300,6.062116848626659,104.0524597453576,9144.0
1780.0,TGW305,6.281753487131268,105.29752172096019,9144.0
1780.0,TGW350,5.812780098949256,102.45496798864016,9144.0
1780.0,TGW351,16.92157370028108,102.08355104155386,9144.0
1780.0,TGW386,3.871850006100423,107.30879174130934,9144.0
1780.0,TGW390,3.4378183144193417,106.86254782118783,9144.0
1780.0,TGW397,10.552883044972361,117.79815520110496,9144.0
1780.0,TGW427,1.2456935723011087,102.82477170649955,9144.0
1780.0,TGW431,1.1808190778999212,105.17403918424625,9144.0
1780.0,TGW453,1.4357113804899075,104.01231638684601,9144.0
1780.0,TGW484,4.209754144853641,100.92476649381038,9144.0
1780.0,TGW487,1.4889480721785915,103.62074199852037,9144.0
1780.0,TGW491,3.4934431109212865,111.29002072511362,9144.0
1780.0,TGW610,5.4632481349415976,102.27284588606916,9144.0
1780.0,TGW625,9.159916484306539,101.77733907267621,9144.0
1780.0,TGW285,-5.494269078342365,112.13977891592643,9144.0
1780.0,TGW300,6.062116848626659,104.0524597453576,9144.0
1780.0,TGW305,6.281753487131268,105.29752172096019,9144.0
1780.0,TGW350,5.812780098949256,102.45496798864016,9144.0
1780.0,TGW351,16.92157370028108,102.08355104155386,9144.0
1780.0,TGW386,3.871850006100423,107.30879174130934,9144.0
1780.0,TGW390,3.4378183144193417,106.86254782118783,9144.0
1780.0,TGW397,10.552883044972361,117.79815520110496,9144.0
1780.0,TGW427,1.2456935723011087,102.82477170649955,9144.0
1780.0,TGW431,1.1808190778999212,105.17403918424625,9144.0
1780.0,TGW453,1.4357113804899075,104.01231638684601,9144.0
1780.0,TGW484,4.209754144853641,100.92476649381038,9144.0
1780.0,TGW487,1.4889480721785915,103.62074199852037,9144.0
1780.0,TGW491,3.4934431109212865,111.29002072511362,9144.0
1780.0,TGW610,5.4632481349415976,102.27284588606916,9144.0
1780.0,TGW625,9.159916484306539,101.77733907267621,9144.0
1790.0,TGW285,-5.4734717611813775,112.11575445617338,9144.0
1790.0,TGW300,6.092567100288792,104.04405418754182,9144.0
1790.0,TGW305,6.251958331324408,105.28682749777587,9144.0
1790.0,TGW350,5.842477914527531,102.44303131480336,9144.0
1790.0,TGW351,16.908079352756875,102.11209372918596,9144.0
1790.0,TGW386,3.890821326554554,107.33214513233729,9144.0
1790.0,TGW390,3.46528145208481,106.87680736958252,9144.0
1790.0,TGW397,10.530659577447095,117.77108703944327,9144.0
1790.0,TGW427,1.2171397066580545,102.83682144071692,9144.0
1790.0,TGW431,1.1801588361557434,105.14488961166727,9144.0
1790.0,TGW453,1.4256986773030078,104.00985421039991,9144.0
1790.0,TGW484,4.231006230073219,100.92751071696664,9144.0
1790.0,TGW487,1.4916802716002373,103.643186151316,9144.0
1790.0,TGW491,3.4817861183521384,111.25943634648787,9144.0
1790.0,TGW610,5.494985613824348,102.27378770236773,9144.0
1790.0,TGW625,9.12620779721256,101.78077742420749,9144.0
1790.0,TGW285,-5.4734717611813775,112.11575445617338,9144.0
1790.0,TGW300,6.092567100288792,104.04405418754182,9144.0
1790.0,TGW305,6.251958331324408,105.28682749777587,9144.0
1790.0,TGW350,5.842477914527531,102.44303131480336,9144.0
1790.0,TGW351,16.908079352756875,102.11209372918596,9144.0
1790.0,TGW386,3.890821326554554,107.33214513233729,9144.0
1790.0,TGW390,3.46528145208481,106.87680736958252,9144.0
1790.0,TGW397,10.530659577447095,117.77108703944327,9144.0
1790.0,TGW427,1.2171397066580545,102.83682144071692,9144.0
1790.0,TGW431,1.1801588361557434,105.14488961166727,9144.0
1790.0,TGW453,1.4256986773030078,104.00985421039991,9144.0
1790.0,TGW484,4.231006230073219,100.92751071696664,9144.0
1790.0,TGW487,1.4916802716002373,103.643186151316,9144.0
1790.0,TGW491,3.4817861183521384,111.25943634648787,9144.0
1790.0,TGW610,5.494985613824348,102.27378770236773,9144.0
1790.0,TGW625,9.12620779721256,101.78077742420749,9144.0
1800.0,TGW285,-5.452673232836442,112.09173188859819,9144.0
1800.0,TGW300,6.121673980074727,104.03174204803526,9144.0
1800.0,TGW305,6.222089512704329,105.27634388573583,9144.0
1800.0,TGW350,5.872175462733013,102.43109333405229,9144.0
1800.0,TGW351,16.898383568703217,102.14227352631913,9144.0
1800.0,TGW386,3.9097918879042455,107.35549967005727,9144.0
1800.0,TGW390,3.4906154298513914,106.89458874793915,9144.0
1800.0,TGW397,10.508401149399843,117.74405056301313,9144.0
1800.0,TGW427,1.1886940781142459,102.84882520597974,9144.0
1800.0,TGW431,1.1794965704776288,105.11574009195947,9144.0
1800.0,TGW453,1.4162170381392871,104.00580188579895,9144.0
1800.0,TGW484,4.252232750436219,100.9304472348815,9144.0
1800.0,TGW487,1.4943725703128774,103.66530794860697,9144.0
1800.0,TGW491,3.4698888303482978,111.22894536707986,9144.0
1800.0,TGW610,5.526723091294948,102.27472961702942,9144.0
1800.0,TGW625,9.092499077735331,101.78421512574808,9144.0
1800.0,TGW285,-5.452673232836442,112.09173188859819,9144.0
1800.0,TGW300,6.121673980074727,104.03174204803526,9144.0
1800.0,TGW305,6.222089512704329,105.27634388573583,9144.0
1800.0,TGW350,5.872175462733013,102.43109333405229,9144.0
1800.0,TGW351,16.898383568703217,102.14227352631913,9144.0
1800.0,TGW386,3.9097918879042455,107.35549967005727,9144.0
1800.0,TGW390,3.4906154298513914,106.89458874793915,9144.0
1800.0,TGW397,10.508401149399843,117.74405056301313,9144.0
1800.0,TGW427,1.1886940781142459,102.84882520597974,9144.0
1800.0,TGW431,1.1794965704776288,105.11574009195947,9144.0
1800.0,TGW453,1.4162170381392871,104.00580188579895,9144.0
1800.0,TGW484,4.252232750436219,100.9304472348815,9144.0
1800.0,TGW487,1.4943725703128774,103.66530794860697,9144.0
1800.0,TGW491,3.4698888303482978,111.22894536707986,9144.0
1800.0,TGW610,5.526723091294948,102.27472961702942,9144.0
1800.0,TGW625,9.092499077735331,101.78421512574808,9144.0
1810.0,TGW285,-5.431870366546137,112.06771394252043,9144.0
1810.0,TGW300,6.148944461556851,104.01573151360135,9144.0
1810.0,TGW305,6.19222036034452,105.26586183024108,9144.0
1810.0,TGW350,5.901872462084197,102.4191533354935,9144.0
1810.0,TGW351,16.884889221179012,102.1708127050276,9144.0
1810.0,TGW386,3.9287615091775425,107.37885550469395,9144.0
1810.0,TGW390,3.5136636633385256,106.91578252254342,9144.0
1810.0,TGW397,10.486139692582361,117.71701861232894,9144.0
1810.0,TGW427,1.1602229927178378,102.86076831822288,9144.0
1810.0,TGW431,1.17870541500807,105.08659379535474,9144.0
1810.0,TGW453,1.4067825748815845,104.00182519603871,9144.0
1810.0,TGW484,4.2724771212154105,100.93325141817719,9144.0
1810.0,TGW487,1.497055236982264,103.68743094386569,9144.0
1810.0,TGW491,3.4579684370247774,111.19840188335188,9144.0
1810.0,TGW610,5.558455208658352,102.27583899725528,9144.0
1810.0,TGW625,9.058790326001418,101.78765217985153,9144.0
1810.0,TGW285,-5.431870366546137,112.06771394252043,9144.0
1810.0,TGW300,6.148944461556851,104.01573151360135,9144.0
1810.0,TGW305,6.19222036034452,105.26586183024108,9144.0
1810.0,TGW350,5.901872462084197,102.4191533354935,9144.0
1810.0,TGW351,16.884889221179012,102.1708127050276,9144.0
1810.0,TGW386,3.9287615091775425,107.37885550469395,9144.0
1810.0,TGW390,3.5136636633385256,106.91578252254342,9144.0
1810.0,TGW397,10.486139692582361,117.71701861232894,9144.0
1810.0,TGW427,1.1602229927178378,102.86076831822288,9144.0
1810.0,TGW431,1.17870541500807,105.08659379535474,9144.0
1810.0,TGW453,1.4067825748815845,104.00182519603871,9144.0
1810.0,TGW484,4.2724771212154105,100.93325141817719,9144.0
1810.0,TGW487,1.497055236982264,103.68743094386569,9144.0
1810.0,TGW491,3.4579684370247774,111.19840188335188,9144.0
1810.0,TGW610,5.558455208658352,102.27583899725528,9144.0
1810.0,TGW625,9.058790326001418,101.78765217985153,9144.0
1820.0,TGW285,-5.4109866416088535,112.04376773485174,9144.0
1820.0,TGW300,6.173916624111473,103.9962934937966,9144.0
1820.0,TGW305,6.162492847180985,105.25498061800117,9144.0
1820.0,TGW350,5.931618870643091,102.40733766153116,9144.0
1820.0,TGW351,16.86773622033342,102.19741466099246,9144.0
1820.0,TGW386,3.947693249527673,107.40224273208983,9144.0
1820.0,TGW390,3.534519148476207,106.93914559846102,9144.0
1820.0,TGW397,10.463916114225086,117.68995638663455,9144.0
1820.0,TGW427,1.1319147220170072,102.87264285899182,9144.0
1820.0,TGW431,1.1781039471677395,105.05859146481119,9144.0
1820.0,TGW453,1.3974153694358182,103.99787689109205,9144.0
1820.0,TGW484,4.29172894585036,100.93591825627,9144.0
1820.0,TGW487,1.499721341290051,103.70942474373318,9144.0
1820.0,TGW491,3.446261350973138,111.16777608390323,9144.0
1820.0,TGW610,5.590129124351586,102.27694646166525,9144.0
1820.0,TGW625,9.025081542137146,101.79108858906804,9144.0
1820.0,TGW285,-5.4109866416088535,112.04376773485174,9144.0
1820.0,TGW300,6.173916624111473,103.9962934937966,9144.0
1820.0,TGW305,6.162492847180985,105.25498061800117,9144.0
1820.0,TGW350,5.931618870643091,102.40733766153116,9144.0
1820.0,TGW351,16.86773622033342,102.19741466099246,9144.0
1820.0,TGW386,3.947693249527673,107.40224273208983,9144.0
1820.0,TGW390,3.534519148476207,106.93914559846102,9144.0
1820.0,TGW397,10.463916114225086,117.68995638663455,9144.0
1820.0,TGW427,1.1319147220170072,102.87264285899182,9144.0
1820.0,TGW431,1.1781039471677395,105.05859146481119,9144.0
1820.0,TGW453,1.3974153694358182,103.99787689109205,9144.0
1820.0,TGW484,4.29172894585036,100.93591825627,9144.0
1820.0,TGW487,1.499721341290051,103.70942474373318,9144.0
1820.0,TGW491,3.446261350973138,111.16777608390323,9144.0
1820.0,TGW610,5.590129124351586,102.27694646166525,9144.0
1820.0,TGW625,9.025081542137146,101.79108858906804,9144.0
1830.0,TGW285,-5.390100280322974,112.01982467240256,9144.0
1830.0,TGW300,6.196167477154079,103.9737570441038,9144.0
1830.0,TGW305,6.132710332309767,105.244080638266,9144.0
1830.0,TGW350,5.961364937196434,102.39552047828512,9144.0
1830.0,TGW351,16.847203685051692,102.22158717498208,9144.0
1830.0,TGW386,3.966586800297239,107.42558487217451,9144.0
1830.0,TGW390,3.555374040986859,106.96250973223455,9144.0
1830.0,TGW397,10.441617858160713,117.66281036912395,9144.0
1830.0,TGW427,1.1036034119999707,102.88451003435088,9144.0
1830.0,TGW431,1.177500750658478,105.03052833891422,9144.0
1830.0,TGW453,1.3881154550503045,103.99395698427826,9144.0
1830.0,TGW484,4.3109807611497315,100.93858522953504,9144.0
1830.0,TGW487,1.5023205620235864,103.73142657976209,9144.0
1830.0,TGW491,3.4345522676862847,111.13715142702216,9144.0
1830.0,TGW610,5.621816299686517,102.27756154265577,9144.0
1830.0,TGW625,8.991372726268558,101.79452435594406,9144.0
1830.0,TGW285,-5.390100280322974,112.01982467240256,9144.0
1830.0,TGW300,6.196167477154079,103.9737570441038,9144.0
1830.0,TGW305,6.132710332309767,105.244080638266,9144.0
1830.0,TGW350,5.961364937196434,102.39552047828512,9144.0
1830.0,TGW351,16.847203685051692,102.22158717498208,9144.0
1830.0,TGW386,3.966586800297239,107.42558487217451,9144.0
1830.0,TGW390,3.555374040986859,106.96250973223455,9144.0
1830.0,TGW397,10.441617858160713,117.66281036912395,9144.0
1830.0,TGW427,1.1036034119999707,102.88451003435088,9144.0
1830.0,TGW431,1.177500750658478,105.03052833891422,9144.0
1830.0,TGW453,1.3881154550503045,103.99395698427826,9144.0
1830.0,TGW484,4.3109807611497315,100.93858522953504,9144.0
1830.0,TGW487,1.5023205620235864,103.73142657976209,9144.0
1830.0,TGW491,3.4345522676862847,111.13715142702216,9144.0
1830.0,TGW610,5.621816299686517,102.27756154265577,9144.0
1830.0,TGW625,8.991372726268558,101.79452435594406,9144.0
1840.0,TGW285,-5.369343386777851,111.9957691073393,9144.0
1840.0,TGW300,6.215320124958723,103.94850379801727,9144.0
1840.0,TGW305,6.1028417888239685,105.23342203048436,9144.0
1840.0,TGW350,5.99108174192423,102.3836284582254,9144.0
1840.0,TGW351,16.823785558179456,102.24269989646538,9144.0
1840.0,TGW386,3.9854794594729483,107.44892827237429,9144.0
1840.0,TGW390,3.5762283368920182,106.98587493052979,9144.0
1840.0,TGW397,10.41931697675071,117.63566852636251,9144.0
1840.0,TGW427,1.0755642794923308,102.89626286757387,9144.0
1840.0,TGW431,1.1768061449339264,105.0024673346271,9144.0
1840.0,TGW453,1.3788155334881493,103.99003710986693,9144.0
1840.0,TGW484,4.330216095409001,100.94136930072136,9144.0
1840.0,TGW487,1.5039667661127776,103.75338941454496,9144.0
1840.0,TGW491,3.422763773272523,111.10655773742545,9144.0
1840.0,TGW610,5.653561698361849,102.2781778209271,9144.0
1840.0,TGW625,8.957663878521362,101.79795948302174,9144.0
1840.0,TGW285,-5.369343386777851,111.9957691073393,9144.0
1840.0,TGW300,6.215320124958723,103.94850379801727,9144.0
1840.0,TGW305,6.1028417888239685,105.23342203048436,9144.0
1840.0,TGW350,5.99108174192423,102.3836284582254,9144.0
1840.0,TGW351,16.823785558179456,102.24269989646538,9144.0
1840.0,TGW386,3.9854794594729483,107.44892827237429,9144.0
1840.0,TGW390,3.5762283368920182,106.98587493052979,9144.0
1840.0,TGW397,10.41931697675071,117.63566852636251,9144.0
1840.0,TGW427,1.0755642794923308,102.89626286757387,9144.0
1840.0,TGW431,1.1768061449339264,105.0024673346271,9144.0
1840.0,TGW453,1.3788155334881493,103.99003710986693,9144.0
1840.0,TGW484,4.330216095409001,100.94136930072136,9144.0
1840.0,TGW487,1.5039667661127776,103.75338941454496,9144.0
1840.0,TGW491,3.422763773272523,111.10655773742545,9144.0
1840.0,TGW610,5.653561698361849,102.2781778209271,9144.0
1840.0,TGW625,8.957663878521362,101.79795948302174,9144.0
1850.0,TGW285,-5.348622301256865,111.97176064023026,9144.0
1850.0,TGW300,6.231050150700382,103.92096150189636,9144.0
1850.0,TGW305,6.072918136063776,105.22274507596273,9144.0
1850.0,TGW350,6.0207981945185525,102.37173489959702,9144.0
1850.0,TGW351,16.797895173126832,102.26038075819842,9144.0
1850.0,TGW386,4.004387276047825,107.47225987510141,9144.0
1850.0,TGW390,3.597082032158475,107.00924120006144,9144.0
1850.0,TGW397,10.397013160676305,117.60853111712159,9144.0
1850.0,TGW427,1.0476351874219945,102.90827483747194,9144.0
1850.0,TGW431,1.1761277225020548,104.97507763802761,9144.0
1850.0,TGW453,1.3695156119259941,103.98611725071818,9144.0
1850.0,TGW484,4.348314402160109,100.94398893288745,9144.0
1850.0,TGW487,1.5056126856880718,103.77535228724018,9144.0
1850.0,TGW491,3.4109733523521957,111.07596516876147,9144.0
1850.0,TGW610,5.685208313197364,102.27558861081972,9144.0
1850.0,TGW625,8.92395499902085,101.80139397283817,9144.0
1850.0,TGW285,-5.348622301256865,111.97176064023026,9144.0
1850.0,TGW300,6.231050150700382,103.92096150189636,9144.0
1850.0,TGW305,6.072918136063776,105.22274507596273,9144.0
1850.0,TGW350,6.0207981945185525,102.37173489959702,9144.0
1850.0,TGW351,16.797895173126832,102.26038075819842,9144.0
1850.0,TGW386,4.004387276047825,107.47225987510141,9144.0
1850.0,TGW390,3.597082032158475,107.00924120006144,9144.0
1850.0,TGW397,10.397013160676305,117.60853111712159,9144.0
1850.0,TGW427,1.0476351874219945,102.90827483747194,9144.0
1850.0,TGW431,1.1761277225020548,104.97507763802761,9144.0
1850.0,TGW453,1.3695156119259941,103.98611725071818,9144.0
1850.0,TGW484,4.348314402160109,100.94398893288745,9144.0
1850.0,TGW487,1.5056126856880718,103.77535228724018,9144.0
1850.0,TGW491,3.4109733523521957,111.07596516876147,9144.0
1850.0,TGW610,5.685208313197364,102.27558861081972,9144.0
1850.0,TGW625,8.92395499902085,101.80139397283817,9144.0
1860.0,TGW285,-5.327829678547192,111.94781545697195,9144.0
1860.0,TGW300,6.243091111584271,103.8915967620809,9144.0
1860.0,TGW305,6.043011134757422,105.21202163616108,9144.0
1860.0,TGW350,6.0505189410735225,102.35985154291163,9144.0
1860.0,TGW351,16.769989499027243,102.27431852490466,9144.0
1860.0,TGW386,4.023181839498311,107.49545375200785,9144.0
1860.0,TGW390,3.617935122688624,107.0326085476018,9144.0
1860.0,TGW397,10.374692238399211,117.5814101865038,9144.0
1860.0,TGW427,1.019978146357473,102.92016955916635,9144.0
1860.0,TGW431,1.1754635991141107,104.94768759735456,9144.0
1860.0,TGW484,4.366539445172408,100.94249478472864,9144.0
1860.0,TGW487,1.507258231993737,103.79731520451317,9144.0
1860.0,TGW491,3.399085935259628,111.0454106700846,9144.0
1860.0,TGW610,5.716912920304282,102.27299436914247,9144.0
1860.0,TGW625,8.890246087891782,101.80482782792416,9144.0
1860.0,TGW285,-5.327829678547192,111.94781545697195,9144.0
1860.0,TGW300,6.243091111584271,103.8915967620809,9144.0
1860.0,TGW305,6.043011134757422,105.21202163616108,9144.0
1860.0,TGW350,6.0505189410735225,102.35985154291163,9144.0
1860.0,TGW351,16.769989499027243,102.27431852490466,9144.0
1860.0,TGW386,4.023181839498311,107.49545375200785,9144.0
1860.0,TGW390,3.617935122688624,107.0326085476018,9144.0
1860.0,TGW397,10.374692238399211,117.5814101865038,9144.0
1860.0,TGW427,1.019978146357473,102.92016955916635,9144.0
1860.0,TGW431,1.1754635991141107,104.94768759735456,9144.0
1860.0,TGW484,4.366539445172408,100.94249478472864,9144.0
1860.0,TGW487,1.507258231993737,103.79731520451317,9144.0
1860.0,TGW491,3.399085935259628,111.0454106700846,9144.0
1860.0,TGW610,5.716912920304282,102.27299436914247,9144.0
1860.0,TGW625,8.890246087891782,101.80482782792416,9144.0
1870.0,TGW285,-5.306996612635179,111.92382885222978,9144.0
1870.0,TGW300,6.251239051982949,103.86090712759702,9144.0
1870.0,TGW305,6.013103907311669,105.20129942516978,9144.0
1870.0,TGW350,6.0802393547818365,102.34796668939296,9144.0
1870.0,TGW351,16.740561075164482,102.28426825135418,9144.0
1870.0,TGW386,4.041975636497882,107.51864878940394,9144.0
1870.0,TGW390,3.6387876043083893,107.05597697999153,9144.0
1870.0,TGW397,10.352354350504802,117.55430562873667,9144.0
1870.0,TGW427,0.9924550949079424,102.93237110804131,9144.0
1870.0,TGW431,1.1748080420695097,104.92066600225817,9144.0
1870.0,TGW484,4.3821316684312785,100.93712089993791,9144.0
1870.0,TGW487,1.5088275174938388,103.81928372213575,9144.0
1870.0,TGW491,3.3871967708108692,111.01485722958924,9144.0
1870.0,TGW610,5.748638655525402,102.27067551325517,9144.0
1870.0,TGW625,8.856537145258205,101.80826105080244,9144.0
1870.0,TGW285,-5.306996612635179,111.92382885222978,9144.0
1870.0,TGW300,6.251239051982949,103.86090712759702,9144.0
1870.0,TGW305,6.013103907311669,105.20129942516978,9144.0
1870.0,TGW350,6.0802393547818365,102.34796668939296,9144.0
1870.0,TGW351,16.740561075164482,102.28426825135418,9144.0
1870.0,TGW386,4.041975636497882,107.51864878940394,9144.0
1870.0,TGW390,3.6387876043083893,107.05597697999153,9144.0
1870.0,TGW397,10.352354350504802,117.55430562873667,9144.0
1870.0,TGW427,0.9924550949079424,102.93237110804131,9144.0
1870.0,TGW431,1.1748080420695097,104.92066600225817,9144.0
1870.0,TGW484,4.3821316684312785,100.93712089993791,9144.0
1870.0,TGW487,1.5088275174938388,103.81928372213575,9144.0
1870.0,TGW491,3.3871967708108692,111.01485722958924,9144.0
1870.0,TGW610,5.748638655525402,102.27067551325517,9144.0
1870.0,TGW625,8.856537145258205,101.80826105080244,9144.0
1880.0,TGW285,-5.286083967645741,111.899913005017,9144.0
1880.0,TGW300,6.25535595813552,103.82941264350062,9144.0
1880.0,TGW305,5.983185028539836,105.19061071695297,9144.0
1880.0,TGW350,6.109924681910086,102.33599281779907,9144.0
1880.0,TGW351,16.70996024212115,102.29011255484718,9144.0
1880.0,TGW386,4.06076852025366,107.54184510929753,9144.0
1880.0,TGW390,3.659639472751899,107.07934650415342,9144.0
1880.0,TGW397,10.32996904727311,117.5271688086766,9144.0
1880.0,TGW427,0.9655310551367426,102.94430687488114,9144.0
1880.0,TGW431,1.1741518117864778,104.8936444298551,9144.0
1880.0,TGW484,4.3951882812257,100.92830890766759,9144.0
1880.0,TGW487,1.5144331132466051,103.84037968337316,9144.0
1880.0,TGW491,3.375416589799857,110.98426182819688,9144.0
1880.0,TGW610,5.780480349592092,102.26834792097658,9144.0
1880.0,TGW625,8.822828171243149,101.81169364398467,9144.0
1880.0,TGW285,-5.286083967645741,111.899913005017,9144.0
1880.0,TGW300,6.25535595813552,103.82941264350062,9144.0
1880.0,TGW305,5.983185028539836,105.19061071695297,9144.0
1880.0,TGW350,6.109924681910086,102.33599281779907,9144.0
1880.0,TGW351,16.70996024212115,102.29011255484718,9144.0
1880.0,TGW386,4.06076852025366,107.54184510929753,9144.0
1880.0,TGW390,3.659639472751899,107.07934650415342,9144.0
1880.0,TGW397,10.32996904727311,117.5271688086766,9144.0
1880.0,TGW427,0.9655310551367426,102.94430687488114,9144.0
1880.0,TGW431,1.1741518117864778,104.8936444298551,9144.0
1880.0,TGW484,4.3951882812257,100.92830890766759,9144.0
1880.0,TGW487,1.5144331132466051,103.84037968337316,9144.0
1880.0,TGW491,3.375416589799857,110.98426182819688,9144.0
1880.0,TGW610,5.780480349592092,102.26834792097658,9144.0
1880.0,TGW625,8.822828171243149,101.81169364398467,9144.0
1890.0,TGW285,-5.265169337736122,111.87599971451347,9144.0
1890.0,TGW300,6.255372095891566,103.79764701927049,9144.0
1890.0,TGW305,5.953265928093558,105.17992321952416,9144.0
1890.0,TGW350,6.139555759933601,102.32403916320047,9144.0
1890.0,TGW351,16.678888586598568,102.29169413980728,9144.0
1890.0,TGW386,4.07956852197534,107.56503617303359,9144.0
1890.0,TGW390,3.68049072364174,107.10271712711003,9144.0
1890.0,TGW397,10.307596544789972,117.50002301366503,9144.0
1890.0,TGW427,0.938651295958725,102.95634196575456,9144.0
1890.0,TGW431,1.173453328232669,104.86662392384099,9144.0
1890.0,TGW484,4.405531693413467,100.91641272453641,9144.0
1890.0,TGW487,1.5238040747764612,103.85972934935096,9144.0
1890.0,TGW491,3.3636346775120773,110.9536674661867,9144.0
1890.0,TGW610,5.81231512745153,102.2659265040253,9144.0
1890.0,TGW625,8.789119165968106,101.81512560996609,9144.0
1890.0,TGW285,-5.265169337736122,111.87599971451347,9144.0
1890.0,TGW300,6.255372095891566,103.79764701927049,9144.0
1890.0,TGW305,5.953265928093558,105.17992321952416,9144.0
1890.0,TGW350,6.139555759933601,102.32403916320047,9144.0
1890.0,TGW351,16.678888586598568,102.29169413980728,9144.0
1890.0,TGW386,4.07956852197534,107.56503617303359,9144.0
1890.0,TGW390,3.68049072364174,107.10271712711003,9144.0
1890.0,TGW397,10.307596544789972,117.50002301366503,9144.0
1890.0,TGW427,0.938651295958725,102.95634196575456,9144.0
1890.0,TGW431,1.173453328232669,104.86662392384099,9144.0
1890.0,TGW484,4.405531693413467,100.91641272453641,9144.0
1890.0,TGW487,1.5238040747764612,103.85972934935096,9144.0
1890.0,TGW491,3.3636346775120773,110.9536674661867,9144.0
1890.0,TGW610,5.81231512745153,102.2659265040253,9144.0
1890.0,TGW625,8.789119165968106,101.81512560996609,9144.0
1900.0,TGW285,-5.244329563277134,111.85202141009854,9144.0
1900.0,TGW300,6.25128719190196,103.76614856348304,9144.0
1900.0,TGW305,5.923357681165311,105.16920563932729,9144.0
1900.0,TGW350,6.169578589399863,102.31311838356402,9144.0
1900.0,TGW351,16.64788834441699,102.28898679470434,9144.0
1900.0,TGW386,4.098367730652943,107.5882284268856,9144.0
1900.0,TGW390,3.701341352463075,107.12608885600685,9144.0
1900.0,TGW397,10.285257863971788,117.47292490950926,9144.0
1900.0,TGW427,0.9120448776446719,102.96825445983555,9144.0
1900.0,TGW431,1.1727715791903726,104.84028308804159,9144.0
1900.0,TGW484,4.412459587354919,100.90224009160981,9144.0
1900.0,TGW487,1.5368868603570098,103.87736277431615,9144.0
1900.0,TGW491,3.351815284634702,110.92308798442423,9144.0
1900.0,TGW610,5.844265682959771,102.26349600437693,9144.0
1900.0,TGW625,8.755410129552002,101.81855695121524,9144.0
1900.0,TGW285,-5.244329563277134,111.85202141009854,9144.0
1900.0,TGW300,6.25128719190196,103.76614856348304,9144.0
1900.0,TGW305,5.923357681165311,105.16920563932729,9144.0
1900.0,TGW350,6.169578589399863,102.31311838356402,9144.0
1900.0,TGW351,16.64788834441699,102.28898679470434,9144.0
1900.0,TGW386,4.098367730652943,107.5882284268856,9144.0
1900.0,TGW390,3.701341352463075,107.12608885600685,9144.0
1900.0,TGW397,10.285257863971788,117.47292490950926,9144.0
1900.0,TGW427,0.9120448776446719,102.96825445983555,9144.0
1900.0,TGW431,1.1727715791903726,104.84028308804159,9144.0
1900.0,TGW484,4.412459587354919,100.90224009160981,9144.0
1900.0,TGW487,1.5368868603570098,103.87736277431615,9144.0
1900.0,TGW491,3.351815284634702,110.92308798442423,9144.0
1900.0,TGW610,5.844265682959771,102.26349600437693,9144.0
1900.0,TGW625,8.755410129552002,101.81855695121524,9144.0
1910.0,TGW285,-5.223487959203692,111.82804550826222,9144.0
1910.0,TGW300,6.243170438248982,103.7354510401329,9144.0
1910.0,TGW305,5.8933943982074695,105.15846961236605,9144.0
1910.0,TGW350,6.199601159796155,102.30219626325676,9144.0
1910.0,TGW351,16.617500505152424,102.2820391227815,9144.0
1910.0,TGW386,4.117165909971432,107.61142206585615,9144.0
1910.0,TGW390,3.722191354529036,107.1494616981433,9144.0
1910.0,TGW397,10.262916898377476,117.44583066609063,9144.0
1910.0,TGW427,0.885481910965814,102.98026346894007,9144.0
1910.0,TGW431,1.172242184334708,104.81393875338887,9144.0
1910.0,TGW484,4.415501559083504,100.88675337803748,9144.0
1910.0,TGW487,1.5530237858625462,103.89225020915285,9144.0
1910.0,TGW491,3.3399942276710983,110.89250951695173,9144.0
1910.0,TGW610,5.8762162279699695,102.2610652261597,9144.0
1910.0,TGW625,8.721701062108908,101.82198767015102,9144.0
1910.0,TGW285,-5.223487959203692,111.82804550826222,9144.0
1910.0,TGW300,6.243170438248982,103.7354510401329,9144.0
1910.0,TGW305,5.8933943982074695,105.15846961236605,9144.0
1910.0,TGW350,6.199601159796155,102.30219626325676,9144.0
1910.0,TGW351,16.617500505152424,102.2820391227815,9144.0
1910.0,TGW386,4.117165909971432,107.61142206585615,9144.0
1910.0,TGW390,3.722191354529036,107.1494616981433,9144.0
1910.0,TGW397,10.262916898377476,117.44583066609063,9144.0
1910.0,TGW427,0.885481910965814,102.98026346894007,9144.0
1910.0,TGW431,1.172242184334708,104.81393875338887,9144.0
1910.0,TGW484,4.415501559083504,100.88675337803748,9144.0
1910.0,TGW487,1.5530237858625462,103.89225020915285,9144.0
1910.0,TGW491,3.3399942276710983,110.89250951695173,9144.0
1910.0,TGW610,5.8762162279699695,102.2610652261597,9144.0
1910.0,TGW625,8.721701062108908,101.82198767015102,9144.0
1920.0,TGW285,-5.202622866613467,111.80409101137265,9144.0
1920.0,TGW300,6.231159320437325,103.70607460332438,9144.0
1920.0,TGW305,5.86340976114226,105.1477945845105,9144.0
1920.0,TGW350,6.230385966534917,102.2936871700382,9144.0
1920.0,TGW351,16.588255371251652,102.27097362412819,9144.0
1920.0,TGW386,4.135948877468849,107.6346286382585,9144.0
1920.0,TGW390,3.743040724933381,107.17283566101514,9144.0
1920.0,TGW397,10.240573651894945,117.41874027596715,9144.0
1920.0,TGW427,0.8594676981962628,102.99202419496505,9144.0
1920.0,TGW431,1.1717097764422355,104.78747043812064,9144.0
1920.0,TGW484,4.414451058732935,100.8710042119772,9144.0
1920.0,TGW487,1.5716501304308474,103.90387062872091,9144.0
1920.0,TGW491,3.3282150272506854,110.86191521288227,9144.0
1920.0,TGW610,5.908163870600274,102.25859605511137,9144.0
1920.0,TGW625,8.68799196374169,101.82541776907867,9144.0
1920.0,TGW285,-5.202622866613467,111.80409101137265,9144.0
1920.0,TGW300,6.231159320437325,103.70607460332438,9144.0
1920.0,TGW305,5.86340976114226,105.1477945845105,9144.0
1920.0,TGW350,6.230385966534917,102.2936871700382,9144.0
1920.0,TGW351,16.588255371251652,102.27097362412819,9144.0
1920.0,TGW386,4.135948877468849,107.6346286382585,9144.0
1920.0,TGW390,3.743040724933381,107.17283566101514,9144.0
1920.0,TGW397,10.240573651894945,117.41874027596715,9144.0
1920.0,TGW427,0.8594676981962628,102.99202419496505,9144.0
1920.0,TGW431,1.1717097764422355,104.78747043812064,9144.0
1920.0,TGW484,4.414451058732935,100.8710042119772,9144.0
1920.0,TGW487,1.5716501304308474,103.90387062872091,9144.0
1920.0,TGW491,3.3282150272506854,110.86191521288227,9144.0
1920.0,TGW610,5.908163870600274,102.25859605511137,9144.0
1920.0,TGW625,8.68799196374169,101.82541776907867,9144.0
1930.0,TGW285,-5.181756124960109,111.78013875556897,9144.0
1930.0,TGW300,6.215457288598016,103.67851696562273,9144.0
1930.0,TGW305,5.833315306015234,105.13708172005671,9144.0
1930.0,TGW350,6.261058513039134,102.28520805326319,9144.0
1930.0,TGW351,16.560663303649815,102.2559844955499,9144.0
1930.0,TGW386,4.154768506555501,107.65788279863497,9144.0
1930.0,TGW390,3.7638894584839573,107.196210752374,9144.0
1930.0,TGW397,10.218228128262629,117.39165373182388,9144.0
1930.0,TGW427,0.8354110629700792,103.00739791824019,9144.0
1930.0,TGW431,1.1710298128885523,104.76100551027035,9144.0
1930.0,TGW484,4.409379415272152,100.85606204185677,9144.0
1930.0,TGW487,1.5917660921452084,103.91162818061962,9144.0
1930.0,TGW491,3.3164342306512764,110.83132189065243,9144.0
1930.0,TGW610,5.940342594609774,102.25610873491111,9144.0
1930.0,TGW625,8.654282834515287,101.8288472499212,9144.0
1930.0,TGW285,-5.181756124960109,111.78013875556897,9144.0
1930.0,TGW300,6.215457288598016,103.67851696562273,9144.0
1930.0,TGW305,5.833315306015234,105.13708172005671,9144.0
1930.0,TGW350,6.261058513039134,102.28520805326319,9144.0
1930.0,TGW351,16.560663303649815,102.2559844955499,9144.0
1930.0,TGW386,4.154768506555501,107.65788279863497,9144.0
1930.0,TGW390,3.7638894584839573,107.196210752374,9144.0
1930.0,TGW397,10.218228128262629,117.39165373182388,9144.0
1930.0,TGW427,0.8354110629700792,103.00739791824019,9144.0
1930.0,TGW431,1.1710298128885523,104.76100551027035,9144.0
1930.0,TGW484,4.409379415272152,100.85606204185677,9144.0
1930.0,TGW487,1.5917660921452084,103.91162818061962,9144.0
1930.0,TGW491,3.3164342306512764,110.83132189065243,9144.0
1930.0,TGW610,5.940342594609774,102.25610873491111,9144.0
1930.0,TGW625,8.654282834515287,101.8288472499212,9144.0
1940.0,TGW285,-5.16095071618039,111.75613355668258,9144.0
1940.0,TGW300,6.196330311351567,103.65324495115334,9144.0
1940.0,TGW305,5.803220467531805,105.12637051713216,9144.0
1940.0,TGW350,6.291493483127056,102.27590224899626,9144.0
1940.0,TGW351,16.53520581539013,102.23733419085872,9144.0
1940.0,TGW386,4.173586298377347,107.68113900973677,9144.0
1940.0,TGW390,3.7847375496061484,107.2195869803138,9144.0
1940.0,TGW397,10.195880331045554,117.36457102649338,9144.0
1940.0,TGW427,0.8142229962585764,103.0258018453412,9144.0
1940.0,TGW431,1.1703670278092797,104.73522475652437,9144.0
1940.0,TGW484,4.4006309932686625,100.84294148772655,9144.0
1940.0,TGW487,1.6108348561366268,103.91898204506695,9144.0
1940.0,TGW491,3.3046255566083973,110.80073971868065,9144.0
1940.0,TGW610,5.972524002917641,102.25365662679285,9144.0
1940.0,TGW625,8.620573674000212,101.83227610962827,9144.0
1940.0,TGW285,-5.16095071618039,111.75613355668258,9144.0
1940.0,TGW300,6.196330311351567,103.65324495115334,9144.0
1940.0,TGW305,5.803220467531805,105.12637051713216,9144.0
1940.0,TGW350,6.291493483127056,102.27590224899626,9144.0
1940.0,TGW351,16.53520581539013,102.23733419085872,9144.0
1940.0,TGW386,4.173586298377347,107.68113900973677,9144.0
1940.0,TGW390,3.7847375496061484,107.2195869803138,9144.0
1940.0,TGW397,10.195880331045554,117.36457102649338,9144.0
1940.0,TGW427,0.8142229962585764,103.0258018453412,9144.0
1940.0,TGW431,1.1703670278092797,104.73522475652437,9144.0
1940.0,TGW484,4.4006309932686625,100.84294148772655,9144.0
1940.0,TGW487,1.6108348561366268,103.91898204506695,9144.0
1940.0,TGW491,3.3046255566083973,110.80073971868065,9144.0
1940.0,TGW610,5.972524002917641,102.25365662679285,9144.0
1940.0,TGW625,8.620573674000212,101.83227610962827,9144.0
1950.0,TGW285,-5.140143763455469,111.73213049265455,9144.0
1950.0,TGW300,6.174102370702651,103.63068657766594,9144.0
1950.0,TGW305,5.773129025403315,105.11565024865435,9144.0
1950.0,TGW350,6.321761126041712,102.26664644490637,9144.0
1950.0,TGW351,16.5123271686722,102.21534880500217,9144.0
1950.0,TGW386,4.192403189757311,107.70439651190783,9144.0
1950.0,TGW390,3.805584992197221,107.24296435340123,9144.0
1950.0,TGW397,10.173530263605892,117.33749215298087,9144.0
1950.0,TGW427,0.7961812356245392,103.04690049874281,9144.0
1950.0,TGW431,1.1697795360232635,104.70944218174924,9144.0
1950.0,TGW484,4.388799810536001,100.8325334245731,9144.0
1950.0,TGW487,1.628049534427277,103.93000053851587,9144.0
1950.0,TGW491,3.292794585759346,110.77010474934833,9144.0
1950.0,TGW610,6.004878331862972,102.2511910510255,9144.0
1950.0,TGW625,8.586871309285142,101.83577232862518,9144.0
1950.0,TGW285,-5.140143763455469,111.73213049265455,9144.0
1950.0,TGW300,6.174102370702651,103.63068657766594,9144.0
1950.0,TGW305,5.773129025403315,105.11565024865435,9144.0
1950.0,TGW350,6.321761126041712,102.26664644490637,9144.0
1950.0,TGW351,16.5123271686722,102.21534880500217,9144.0
1950.0,TGW386,4.192403189757311,107.70439651190783,9144.0
1950.0,TGW390,3.805584992197221,107.24296435340123,9144.0
1950.0,TGW397,10.173530263605892,117.33749215298087,9144.0
1950.0,TGW427,0.7961812356245392,103.04690049874281,9144.0
1950.0,TGW431,1.1697795360232635,104.70944218174924,9144.0
1950.0,TGW484,4.388799810536001,100.8325334245731,9144.0
1950.0,TGW487,1.628049534427277,103.93000053851587,9144.0
1950.0,TGW491,3.292794585759346,110.77010474934833,9144.0
1950.0,TGW610,6.004878331862972,102.2511910510255,9144.0
1950.0,TGW625,8.586871309285142,101.83577232862518,9144.0
1960.0,TGW285,-5.119299002066338,111.70816130376576,9144.0
1960.0,TGW300,6.149149974275991,103.61122380238477,9144.0
1960.0,TGW305,5.7430372758296695,105.10493141970731,9144.0
1960.0,TGW350,6.3520662546237805,102.25751511284257,9144.0
1960.0,TGW351,16.49242662197005,102.19041236491951,9144.0
1960.0,TGW386,4.211219299692908,107.72765521084789,9144.0
1960.0,TGW390,3.8264317793958242,107.26634288088205,9144.0
1960.0,TGW397,10.151177929066357,117.31041710449553,9144.0
1960.0,TGW427,0.7817724136674119,103.07005479645858,9144.0
1960.0,TGW431,1.169204483716576,104.68422357877283,9144.0
1960.0,TGW484,4.3746892043269385,100.82554448350946,9144.0
1960.0,TGW487,1.641962526887966,103.9434792526908,9144.0
1960.0,TGW491,3.280907336464723,110.73949201064724,9144.0
1960.0,TGW610,6.0372292129358405,102.2486799997094,9144.0
1960.0,TGW625,8.553112403520142,101.83927378700203,9144.0
1960.0,TGW285,-5.119299002066338,111.70816130376576,9144.0
1960.0,TGW300,6.149149974275991,103.61122380238477,9144.0
1960.0,TGW305,5.7430372758296695,105.10493141970731,9144.0
1960.0,TGW350,6.3520662546237805,102.25751511284257,9144.0
1960.0,TGW351,16.49242662197005,102.19041236491951,9144.0
1960.0,TGW386,4.211219299692908,107.72765521084789,9144.0
1960.0,TGW390,3.8264317793958242,107.26634288088205,9144.0
1960.0,TGW397,10.151177929066357,117.31041710449553,9144.0
1960.0,TGW427,0.7817724136674119,103.07005479645858,9144.0
1960.0,TGW431,1.169204483716576,104.68422357877283,9144.0
1960.0,TGW484,4.3746892043269385,100.82554448350946,9144.0
1960.0,TGW487,1.641962526887966,103.9434792526908,9144.0
1960.0,TGW491,3.280907336464723,110.73949201064724,9144.0
1960.0,TGW610,6.0372292129358405,102.2486799997094,9144.0
1960.0,TGW625,8.553112403520142,101.83927378700203,9144.0
1970.0,TGW285,-5.098491096267934,111.6842382539112,9144.0
1970.0,TGW300,6.121895777847853,103.59518605474057,9144.0
1970.0,TGW305,5.712977706533165,105.09412233735105,9144.0
1970.0,TGW350,6.382315354077706,102.24839951514411,9144.0
1970.0,TGW351,16.47585146251646,102.16296012790072,9144.0
1970.0,TGW386,4.230034544305654,107.75091517727522,9144.0
1970.0,TGW390,3.8472779031943123,107.28972257302821,9144.0
1970.0,TGW397,10.12882333026411,117.28334587448983,9144.0
1970.0,TGW427,0.7710054726637513,103.09511118303938,9144.0
1970.0,TGW431,1.1686375845512713,104.65900479621581,9144.0
1970.0,TGW484,4.359257284737744,100.82244908086031,9144.0
1970.0,TGW487,1.6558748649871928,103.95695873705321,9144.0
1970.0,TGW491,3.2689977657762745,110.70882652926662,9144.0
1970.0,TGW610,6.069637644018707,102.2461641794481,9144.0
1970.0,TGW625,8.519353466199734,101.84277462462387,9144.0
1970.0,TGW285,-5.098491096267934,111.6842382539112,9144.0
1970.0,TGW300,6.121895777847853,103.59518605474057,9144.0
1970.0,TGW305,5.712977706533165,105.09412233735105,9144.0
1970.0,TGW350,6.382315354077706,102.24839951514411,9144.0
1970.0,TGW351,16.47585146251646,102.16296012790072,9144.0
1970.0,TGW386,4.230034544305654,107.75091517727522,9144.0
1970.0,TGW390,3.8472779031943123,107.28972257302821,9144.0
1970.0,TGW397,10.12882333026411,117.28334587448983,9144.0
1970.0,TGW427,0.7710054726637513,103.09511118303938,9144.0
1970.0,TGW431,1.1686375845512713,104.65900479621581,9144.0
1970.0,TGW484,4.359257284737744,100.82244908086031,9144.0
1970.0,TGW487,1.6558748649871928,103.95695873705321,9144.0
1970.0,TGW491,3.2689977657762745,110.70882652926662,9144.0
1970.0,TGW610,6.069637644018707,102.2461641794481,9144.0
1970.0,TGW625,8.519353466199734,101.84277462462387,9144.0
1980.0,TGW285,-5.077679663159897,111.66031907052692,9144.0
1980.0,TGW300,6.092801426197797,103.58284466526487,9144.0
1980.0,TGW305,5.682972560480942,105.08333433051835,9144.0
1980.0,TGW350,6.412571120690059,102.23930581014571,9144.0
1980.0,TGW351,16.462890945744743,102.13347100429188,9144.0
1980.0,TGW386,4.2488479630256295,107.7741771948437,9144.0
1980.0,TGW390,3.868123353732376,107.31310344177035,9144.0
1980.0,TGW397,10.106466469691902,117.25627845670986,9144.0
1980.0,TGW427,0.7641248261466509,103.12150088577118,9144.0
1980.0,TGW431,1.1680773536927391,104.6341009705034,9144.0
1980.0,TGW484,4.343551879037078,100.82345722967435,9144.0
1980.0,TGW487,1.6722458600888794,103.96731150119895,9144.0
1980.0,TGW491,3.2571387231221065,110.67814177041605,9144.0
1980.0,TGW610,6.102048214738528,102.2436762403566,9144.0
1980.0,TGW625,8.485594497451903,101.84627484404919,9144.0
1980.0,TGW285,-5.077679663159897,111.66031907052692,9144.0
1980.0,TGW300,6.092801426197797,103.58284466526487,9144.0
1980.0,TGW305,5.682972560480942,105.08333433051835,9144.0
1980.0,TGW350,6.412571120690059,102.23930581014571,9144.0
1980.0,TGW351,16.462890945744743,102.13347100429188,9144.0
1980.0,TGW386,4.2488479630256295,107.7741771948437,9144.0
1980.0,TGW390,3.868123353732376,107.31310344177035,9144.0
1980.0,TGW397,10.106466469691902,117.25627845670986,9144.0
1980.0,TGW427,0.7641248261466509,103.12150088577118,9144.0
1980.0,TGW431,1.1680773536927391,104.6341009705034,9144.0
1980.0,TGW484,4.343551879037078,100.82345722967435,9144.0
1980.0,TGW487,1.6722458600888794,103.96731150119895,9144.0
1980.0,TGW491,3.2571387231221065,110.67814177041605,9144.0
1980.0,TGW610,6.102048214738528,102.2436762403566,9144.0
1980.0,TGW625,8.485594497451903,101.84627484404919,9144.0
1990.0,TGW285,-5.056905132109737,111.63644602617758,9144.0
1990.0,TGW300,6.062359733545801,103.57440828429243,9144.0
1990.0,TGW305,5.65294159046583,105.07261969458865,9144.0
1990.0,TGW350,6.442826720693916,102.23021100280603,9144.0
1990.0,TGW351,16.453697505495462,102.10229113441692,9144.0
1990.0,TGW386,4.2676873901804235,107.79741860644314,9144.0
1990.0,TGW390,3.888968117859804,107.3364855019846,9144.0
1990.0,TGW397,10.084107349421675,117.22921484526064,9144.0
1990.0,TGW427,0.7613334928575645,103.1484444373383,9144.0
1990.0,TGW431,1.1674336787244013,104.60919916834982,9144.0
1990.0,TGW487,1.6864680256476923,103.97996215761967,9144.0
1990.0,TGW491,3.245298981303037,110.64751165132704,9144.0
1990.0,TGW610,6.134573790888116,102.24117916935111,9144.0
1990.0,TGW625,8.451835497403225,101.84977444782169,9144.0
1990.0,TGW285,-5.056905132109737,111.63644602617758,9144.0
1990.0,TGW300,6.062359733545801,103.57440828429243,9144.0
1990.0,TGW305,5.65294159046583,105.07261969458865,9144.0
1990.0,TGW350,6.442826720693916,102.23021100280603,9144.0
1990.0,TGW351,16.453697505495462,102.10229113441692,9144.0
1990.0,TGW386,4.2676873901804235,107.79741860644314,9144.0
1990.0,TGW390,3.888968117859804,107.3364855019846,9144.0
1990.0,TGW397,10.084107349421675,117.22921484526064,9144.0
1990.0,TGW427,0.7613334928575645,103.1484444373383,9144.0
1990.0,TGW431,1.1674336787244013,104.60919916834982,9144.0
1990.0,TGW487,1.6864680256476923,103.97996215761967,9144.0
1990.0,TGW491,3.245298981303037,110.64751165132704,9144.0
1990.0,TGW610,6.134573790888116,102.24117916935111,9144.0
1990.0,TGW625,8.451835497403225,101.84977444782169,9144.0
2000.0,TGW285,-5.036175072266241,111.61253481703275,9144.0
2000.0,TGW300,6.0310863360263145,103.5700193669634,9144.0
2000.0,TGW305,5.622965172280976,105.06192588068448,9144.0
2000.0,TGW350,6.4730542807346705,102.22102170589999,9144.0
2000.0,TGW351,16.448468425062845,102.07000702193179,9144.0
2000.0,TGW386,4.2866011038556415,107.82075373469456,9144.0
2000.0,TGW390,3.9098121756932103,107.35986877457569,9144.0
2000.0,TGW397,10.0617459710036,117.20215503469227,9144.0
2000.0,TGW427,0.7626936845640534,103.17506585424738,9144.0
2000.0,TGW431,1.1667961088341852,104.58455016065673,9144.0
2000.0,TGW487,1.6999373675936786,103.9922340106633,9144.0
2000.0,TGW491,3.233455625242319,110.61688329234947,9144.0
2000.0,TGW610,6.1671004285690465,102.23869597274724,9144.0
2000.0,TGW625,8.418076466177993,101.85327343846164,9144.0
2000.0,TGW285,-5.036175072266241,111.61253481703275,9144.0
2000.0,TGW300,6.0310863360263145,103.5700193669634,9144.0
2000.0,TGW305,5.622965172280976,105.06192588068448,9144.0
2000.0,TGW350,6.4730542807346705,102.22102170589999,9144.0
2000.0,TGW351,16.448468425062845,102.07000702193179,9144.0
2000.0,TGW386,4.2866011038556415,107.82075373469456,9144.0
2000.0,TGW390,3.9098121756932103,107.35986877457569,9144.0
2000.0,TGW397,10.0617459710036,117.20215503469227,9144.0
2000.0,TGW427,0.7626936845640534,103.17506585424738,9144.0
2000.0,TGW431,1.1667961088341852,104.58455016065673,9144.0
2000.0,TGW487,1.6999373675936786,103.9922340106633,9144.0
2000.0,TGW491,3.233455625242319,110.61688329234947,9144.0
2000.0,TGW610,6.1671004285690465,102.23869597274724,9144.0
2000.0,TGW625,8.418076466177993,101.85327343846164,9144.0
2010.0,TGW285,-5.015443630328349,111.58862557629905,9144.0
2010.0,TGW300,5.999510957593665,103.56975178266025,9144.0
2010.0,TGW305,5.592984565830715,105.05124447717009,9144.0
2010.0,TGW350,6.503281669601255,102.21183128730573,9144.0
2010.0,TGW351,16.447288602826227,102.03704545011948,9144.0
2010.0,TGW386,4.305514075915784,107.84409004606516,9144.0
2010.0,TGW390,3.9306554897908605,107.38325329616985,9144.0
2010.0,TGW397,10.039382335329803,117.17509902011639,9144.0
2010.0,TGW427,0.7681286042730996,103.2011619924039,9144.0
2010.0,TGW431,1.1663024305660834,104.55989785424026,9144.0
2010.0,TGW487,1.709803238361645,104.00673675656984,9144.0
2010.0,TGW491,3.221590091441264,110.58620212852107,9144.0
2010.0,TGW610,6.19956956341711,102.23621686108808,9144.0
2010.0,TGW625,8.384317403896342,101.85677181844751,9144.0
2010.0,TGW285,-5.015443630328349,111.58862557629905,9144.0
2010.0,TGW300,5.999510957593665,103.56975178266025,9144.0
2010.0,TGW305,5.592984565830715,105.05124447717009,9144.0
2010.0,TGW350,6.503281669601255,102.21183128730573,9144.0
2010.0,TGW351,16.447288602826227,102.03704545011948,9144.0
2010.0,TGW386,4.305514075915784,107.84409004606516,9144.0
2010.0,TGW390,3.9306554897908605,107.38325329616985,9144.0
2010.0,TGW397,10.039382335329803,117.17509902011639,9144.0
2010.0,TGW427,0.7681286042730996,103.2011619924039,9144.0
2010.0,TGW431,1.1663024305660834,104.55989785424026,9144.0
2010.0,TGW487,1.709803238361645,104.00673675656984,9144.0
2010.0,TGW491,3.221590091441264,110.58620212852107,9144.0
2010.0,TGW610,6.19956956341711,102.23621686108808,9144.0
2010.0,TGW625,8.384317403896342,101.85677181844751,9144.0
2020.0,TGW285,-4.994621119895045,111.56479697486706,9144.0
2020.0,TGW305,5.56305857466715,105.04058382355242,9144.0
2020.0,TGW350,6.533508748071654,102.20263928053778,9144.0
2020.0,TGW351,16.450218981764387,102.00426331831571,9144.0
2020.0,TGW386,4.324426296186609,107.86742755138623,9144.0
2020.0,TGW390,3.95149794431352,107.40663917359116,9144.0
2020.0,TGW397,10.017016442445861,117.14804679736721,9144.0
2020.0,TGW427,0.7720854837987361,103.22752282829163,9144.0
2020.0,TGW431,1.1658235667398342,104.53600853108294,9144.0
2020.0,TGW487,1.715515875101439,104.02237273747143,9144.0
2020.0,TGW491,3.2097299093955667,110.55551924579144,9144.0
2020.0,TGW610,6.232038686292314,102.23373743774704,9144.0
2020.0,TGW625,8.350558310669415,101.86026959016823,9144.0
2020.0,TGW285,-4.994621119895045,111.56479697486706,9144.0
2020.0,TGW305,5.56305857466715,105.04058382355242,9144.0
2020.0,TGW350,6.533508748071654,102.20263928053778,9144.0
2020.0,TGW351,16.450218981764387,102.00426331831571,9144.0
2020.0,TGW386,4.324426296186609,107.86742755138623,9144.0
2020.0,TGW390,3.95149794431352,107.40663917359116,9144.0
2020.0,TGW397,10.017016442445861,117.14804679736721,9144.0
2020.0,TGW427,0.7720854837987361,103.22752282829163,9144.0
2020.0,TGW431,1.1658235667398342,104.53600853108294,9144.0
2020.0,TGW487,1.715515875101439,104.02237273747143,9144.0
2020.0,TGW491,3.2097299093955667,110.55551924579144,9144.0
2020.0,TGW610,6.232038686292314,102.23373743774704,9144.0
2020.0,TGW625,8.350558310669415,101.86026959016823,9144.0
2030.0,TGW285,-4.973835793234023,111.54101430158569,9144.0
2030.0,TGW305,5.533186713307262,105.02977155056529,9144.0
2030.0,TGW350,6.563787525188818,102.19362075763408,9144.0
2030.0,TGW351,16.457224238017687,101.9719714688197,9144.0
2030.0,TGW386,4.343337751084466,107.89076626426638,9144.0
2030.0,TGW390,3.97121371431648,107.4309875181021,9144.0
2030.0,TGW397,9.994648291282395,117.12099836323074,9144.0
2030.0,TGW427,0.7759222707933476,103.25308513667422,9144.0
2030.0,TGW431,1.1654176942292278,104.51211785923813,9144.0
2030.0,TGW487,1.7169894034200557,104.0382582128969,9144.0
2030.0,TGW491,3.197868347245996,110.52483725379179,9144.0
2030.0,TGW610,6.264506335787957,102.2312384114524,9144.0
2030.0,TGW625,8.316799186581846,101.86376675575048,9144.0
2030.0,TGW285,-4.973835793234023,111.54101430158569,9144.0
2030.0,TGW305,5.533186713307262,105.02977155056529,9144.0
2030.0,TGW350,6.563787525188818,102.19362075763408,9144.0
2030.0,TGW351,16.457224238017687,101.9719714688197,9144.0
2030.0,TGW386,4.343337751084466,107.89076626426638,9144.0
2030.0,TGW390,3.97121371431648,107.4309875181021,9144.0
2030.0,TGW397,9.994648291282395,117.12099836323074,9144.0
2030.0,TGW427,0.7759222707933476,103.25308513667422,9144.0
2030.0,TGW431,1.1654176942292278,104.51211785923813,9144.0
2030.0,TGW487,1.7169894034200557,104.0382582128969,9144.0
2030.0,TGW491,3.197868347245996,110.52483725379179,9144.0
2030.0,TGW610,6.264506335787957,102.2312384114524,9144.0
2030.0,TGW625,8.316799186581846,101.86376675575048,9144.0
2040.0,TGW285,-4.953147883816776,111.51714694668526,9144.0
2040.0,TGW305,5.503314615325181,105.01896048203122,9144.0
2040.0,TGW350,6.594066005211492,102.1846006743833,9144.0
2040.0,TGW351,16.46009321995611,101.9393651895161,9144.0
2040.0,TGW386,4.362248420325466,107.91410620377273,9144.0
2040.0,TGW390,3.991112852914164,107.4555644538189,9144.0
2040.0,TGW397,9.972277879259419,117.09395371578263,9144.0
2040.0,TGW427,0.7761386455160401,103.27893293128285,9144.0
2040.0,TGW431,1.1650232704427228,104.48893265401325,9144.0
2040.0,TGW487,1.7143645150426223,104.05399430696406,9144.0
2040.0,TGW491,3.185985279768571,110.49416396510482,9144.0
2040.0,TGW610,6.296973973396422,102.22873907298849,9144.0
2040.0,TGW625,8.283040031540551,101.86726331556785,9144.0
2040.0,TGW285,-4.953147883816776,111.51714694668526,9144.0
2040.0,TGW305,5.503314615325181,105.01896048203122,9144.0
2040.0,TGW350,6.594066005211492,102.1846006743833,9144.0
2040.0,TGW351,16.46009321995611,101.9393651895161,9144.0
2040.0,TGW386,4.362248420325466,107.91410620377273,9144.0
2040.0,TGW390,3.991112852914164,107.4555644538189,9144.0
2040.0,TGW397,9.972277879259419,117.09395371578263,9144.0
2040.0,TGW427,0.7761386455160401,103.27893293128285,9144.0
2040.0,TGW431,1.1650232704427228,104.48893265401325,9144.0
2040.0,TGW487,1.7143645150426223,104.05399430696406,9144.0
2040.0,TGW491,3.185985279768571,110.49416396510482,9144.0
2040.0,TGW610,6.296973973396422,102.22873907298849,9144.0
2040.0,TGW625,8.283040031540551,101.86726331556785,9144.0
2050.0,TGW285,-4.93245891317132,111.49328126388677,9144.0
2050.0,TGW305,5.4733769924810955,105.00833445448231,9144.0
2050.0,TGW350,6.624272257557035,102.17533787599014,9144.0
2050.0,TGW351,16.45885934891899,101.90658648099749,9144.0
2050.0,TGW386,4.381158267388891,107.93744740220077,9144.0
2050.0,TGW390,4.011011220909148,107.48014261351754,9144.0
2050.0,TGW397,9.94990520167791,117.06691285490786,9144.0
2050.0,TGW427,0.7763553187990276,103.30484311996791,9144.0
2050.0,TGW431,1.1650031950608306,104.46574410155884,9144.0
2050.0,TGW487,1.7078761426566973,104.06818502018426,9144.0
2050.0,TGW491,3.174100918377131,110.46349153275123,9144.0
2050.0,TGW610,6.329448218078617,102.22632803145845,9144.0
2050.0,TGW625,8.249277776510223,101.87072887788183,9144.0
2050.0,TGW285,-4.93245891317132,111.49328126388677,9144.0
2050.0,TGW305,5.4733769924810955,105.00833445448231,9144.0
2050.0,TGW350,6.624272257557035,102.17533787599014,9144.0
2050.0,TGW351,16.45885934891899,101.90658648099749,9144.0
2050.0,TGW386,4.381158267388891,107.93744740220077,9144.0
2050.0,TGW390,4.011011220909148,107.48014261351754,9144.0
2050.0,TGW397,9.94990520167791,117.06691285490786,9144.0
2050.0,TGW427,0.7763553187990276,103.30484311996791,9144.0
2050.0,TGW431,1.1650031950608306,104.46574410155884,9144.0
2050.0,TGW487,1.7078761426566973,104.06818502018426,9144.0
2050.0,TGW491,3.174100918377131,110.46349153275123,9144.0
2050.0,TGW610,6.329448218078617,102.22632803145845,9144.0
2050.0,TGW625,8.249277776510223,101.87072887788183,9144.0
2060.0,TGW285,-4.911767849238201,111.46941815157314,9144.0
2060.0,TGW305,5.443549003778353,104.9977485690588,9144.0
2060.0,TGW350,6.654533969766488,102.16605633378467,9144.0
2060.0,TGW351,16.453538341392026,101.87425604026353,9144.0
2060.0,TGW386,4.40006719553791,107.96078994090678,9144.0
2060.0,TGW390,4.030908805225434,107.50472201079607,9144.0
2060.0,TGW397,9.927530250733346,117.03987578314305,9144.0
2060.0,TGW427,0.7765714495439517,103.33075331450969,9144.0
2060.0,TGW431,1.1690736649497173,104.44363867556912,9144.0
2060.0,TGW487,1.6980985259694592,104.07979931225597,9144.0
2060.0,TGW491,3.162206255692014,110.43282345842252,9144.0
2060.0,TGW610,6.361979951985977,102.22391241602631,9144.0
2060.0,TGW625,8.215515491414433,101.87419384570616,9144.0
2060.0,TGW285,-4.911767849238201,111.46941815157314,9144.0
2060.0,TGW305,5.443549003778353,104.9977485690588,9144.0
2060.0,TGW350,6.654533969766488,102.16605633378467,9144.0
2060.0,TGW351,16.453538341392026,101.87425604026353,9144.0
2060.0,TGW386,4.40006719553791,107.96078994090678,9144.0
2060.0,TGW390,4.030908805225434,107.50472201079607,9144.0
2060.0,TGW397,9.927530250733346,117.03987578314305,9144.0
2060.0,TGW427,0.7765714495439517,103.33075331450969,9144.0
2060.0,TGW431,1.1690736649497173,104.44363867556912,9144.0
2060.0,TGW487,1.6980985259694592,104.07979931225597,9144.0
2060.0,TGW491,3.162206255692014,110.43282345842252,9144.0
2060.0,TGW610,6.361979951985977,102.22391241602631,9144.0
2060.0,TGW625,8.215515491414433,101.87419384570616,9144.0
2070.0,TGW285,-4.890976763586291,111.44564351819012,9144.0
2070.0,TGW305,5.413743628780334,104.98709913086074,9144.0
2070.0,TGW350,6.684854745847308,102.15697171503697,9144.0
2070.0,TGW351,16.444220996393977,101.84292616721106,9144.0
2070.0,TGW386,4.418973367665736,107.98413531913423,9144.0
2070.0,TGW390,4.050805587322054,107.52930266369668,9144.0
2070.0,TGW397,9.905153013803666,117.0128425071384,9144.0
2070.0,TGW427,0.7754305857108161,103.35663927076818,9144.0
2070.0,TGW431,1.176891031612741,104.42375440589173,9144.0
2070.0,TGW487,1.6861399169416618,104.08770469750414,9144.0
2070.0,TGW491,3.1503555944558,110.402138652366,9144.0
2070.0,TGW610,6.394509271756322,102.22146395168072,9144.0
2070.0,TGW625,8.181752886924958,101.87765534115034,9144.0
2070.0,TGW285,-4.890976763586291,111.44564351819012,9144.0
2070.0,TGW305,5.413743628780334,104.98709913086074,9144.0
2070.0,TGW350,6.684854745847308,102.15697171503697,9144.0
2070.0,TGW351,16.444220996393977,101.84292616721106,9144.0
2070.0,TGW386,4.418973367665736,107.98413531913423,9144.0
2070.0,TGW390,4.050805587322054,107.52930266369668,9144.0
2070.0,TGW397,9.905153013803666,117.0128425071384,9144.0
2070.0,TGW427,0.7754305857108161,103.35663927076818,9144.0
2070.0,TGW431,1.176891031612741,104.42375440589173,9144.0
2070.0,TGW487,1.6861399169416618,104.08770469750414,9144.0
2070.0,TGW491,3.1503555944558,110.402138652366,9144.0
2070.0,TGW610,6.394509271756322,102.22146395168072,9144.0
2070.0,TGW625,8.181752886924958,101.87765534115034,9144.0
2080.0,TGW285,-4.870184659624471,111.42187051854692,9144.0
2080.0,TGW305,5.384047980463853,104.97649002995438,9144.0
2080.0,TGW350,6.715231170471523,102.14786910143492,9144.0
2080.0,TGW351,16.43104882543937,101.81307332393513,9144.0
2080.0,TGW386,4.4378552459036635,108.00750106442285,9144.0
2080.0,TGW390,4.070701536453965,107.55388460018663,9144.0
2080.0,TGW397,9.882773470194218,116.98581304043698,9144.0
2080.0,TGW427,0.7761407795858953,103.38254062782917,9144.0
2080.0,TGW431,1.1883922718930175,104.40567118091738,9144.0
2080.0,TGW487,1.6724339375799662,104.09190118028162,9144.0
2080.0,TGW491,3.1385227133141598,110.37150905713517,9144.0
2080.0,TGW610,6.427096038232701,102.21901084946676,9144.0
2080.0,TGW625,8.148046768448976,101.88111045552522,9144.0
2080.0,TGW285,-4.870184659624471,111.42187051854692,9144.0
2080.0,TGW305,5.384047980463853,104.97649002995438,9144.0
2080.0,TGW350,6.715231170471523,102.14786910143492,9144.0
2080.0,TGW351,16.43104882543937,101.81307332393513,9144.0
2080.0,TGW386,4.4378552459036635,108.00750106442285,9144.0
2080.0,TGW390,4.070701536453965,107.55388460018663,9144.0
2080.0,TGW397,9.882773470194218,116.98581304043698,9144.0
2080.0,TGW427,0.7761407795858953,103.38254062782917,9144.0
2080.0,TGW431,1.1883922718930175,104.40567118091738,9144.0
2080.0,TGW487,1.6724339375799662,104.09190118028162,9144.0
2080.0,TGW491,3.1385227133141598,110.37150905713517,9144.0
2080.0,TGW610,6.427096038232701,102.21901084946676,9144.0
2080.0,TGW625,8.148046768448976,101.88111045552522,9144.0
2090.0,TGW285,-4.849391005032955,111.39809961853345,9144.0
2090.0,TGW305,5.354352129862629,104.96588201705222,9144.0
2090.0,TGW350,6.745588343056205,102.13870102966199,9144.0
2090.0,TGW351,16.41423843234825,101.78520775737437,9144.0
2090.0,TGW386,4.456736370933907,108.0308680209174,9144.0
2090.0,TGW390,4.090596584115064,107.57846787894404,9144.0
2090.0,TGW397,9.860391584096003,116.95878740948696,9144.0
2090.0,TGW427,0.7809285092362522,103.40775122750462,9144.0
2090.0,TGW487,1.6587381768422662,104.09185625625238,9144.0
2090.0,TGW491,3.126564829320045,110.34092854232465,9144.0
2090.0,TGW610,6.459680064940182,102.21652100502146,9144.0
2090.0,TGW625,8.114341698480263,101.88457570107413,9144.0
2090.0,TGW285,-4.849391005032955,111.39809961853345,9144.0
2090.0,TGW305,5.354352129862629,104.96588201705222,9144.0
2090.0,TGW350,6.745588343056205,102.13870102966199,9144.0
2090.0,TGW351,16.41423843234825,101.78520775737437,9144.0
2090.0,TGW386,4.456736370933907,108.0308680209174,9144.0
2090.0,TGW390,4.090596584115064,107.57846787894404,9144.0
2090.0,TGW397,9.860391584096003,116.95878740948696,9144.0
2090.0,TGW427,0.7809285092362522,103.40775122750462,9144.0
2090.0,TGW487,1.6587381768422662,104.09185625625238,9144.0
2090.0,TGW491,3.126564829320045,110.34092854232465,9144.0
2090.0,TGW610,6.459680064940182,102.21652100502146,9144.0
2090.0,TGW625,8.114341698480263,101.88457570107413,9144.0
2100.0,TGW285,-4.8286266858749,111.37430363490103,9144.0
2100.0,TGW305,5.324633540603802,104.95533894881336,9144.0
2100.0,TGW350,6.77600110028355,102.12951487747407,9144.0
2100.0,TGW351,16.39409894663765,101.75985677469114,9144.0
2100.0,TGW386,4.475616737563936,108.05423619537402,9144.0
2100.0,TGW390,4.110490362098912,107.60305280239632,9144.0
2100.0,TGW397,9.838007285992873,116.93176566951536,9144.0
2100.0,TGW427,0.7889462101689666,103.43199576717875,9144.0
2100.0,TGW487,1.6455383528537926,104.08820228099056,9144.0
2100.0,TGW491,3.1146052243023,110.31034905054176,9144.0
2100.0,TGW610,6.492264079546728,102.21403083944558,9144.0
2100.0,TGW625,8.08063659903333,101.8880403640678,9144.0
2100.0,TGW285,-4.8286266858749,111.37430363490103,9144.0
2100.0,TGW305,5.324633540603802,104.95533894881336,9144.0
2100.0,TGW350,6.77600110028355,102.12951487747407,9144.0
2100.0,TGW351,16.39409894663765,101.75985677469114,9144.0
2100.0,TGW386,4.475616737563936,108.05423619537402,9144.0
2100.0,TGW390,4.110490362098912,107.60305280239632,9144.0
2100.0,TGW397,9.838007285992873,116.93176566951536,9144.0
2100.0,TGW427,0.7889462101689666,103.43199576717875,9144.0
2100.0,TGW487,1.6455383528537926,104.08820228099056,9144.0
2100.0,TGW491,3.1146052243023,110.31034905054176,9144.0
2100.0,TGW610,6.492264079546728,102.21403083944558,9144.0
2100.0,TGW625,8.08063659903333,101.8880403640678,9144.0
2110.0,TGW285,-4.80786105308842,111.3505095327079,9144.0
2110.0,TGW305,5.2950249095015645,104.9448360189117,9144.0
2110.0,TGW350,6.806401185203163,102.12028570232027,9144.0
2110.0,TGW351,16.370971500671022,101.73744955888486,9144.0
2110.0,TGW386,4.494496340164869,108.07760559490309,9144.0
2110.0,TGW390,4.130383214768076,107.62763909337762,9144.0
2110.0,TGW397,9.815620402369799,116.9047479645376,9144.0
2110.0,TGW427,0.7969636854613945,103.45624042844067,9144.0
2110.0,TGW487,1.6323385219882331,104.08454835467853,9144.0
2110.0,TGW491,3.1028264277972495,110.27969959452604,9144.0
2110.0,TGW610,6.524847521105376,102.21153292794337,9144.0
2110.0,TGW625,8.046931469756966,101.89150444229168,9144.0
2110.0,TGW285,-4.80786105308842,111.3505095327079,9144.0
2110.0,TGW305,5.2950249095015645,104.9448360189117,9144.0
2110.0,TGW350,6.806401185203163,102.12028570232027,9144.0
2110.0,TGW351,16.370971500671022,101.73744955888486,9144.0
2110.0,TGW386,4.494496340164869,108.07760559490309,9144.0
2110.0,TGW390,4.130383214768076,107.62763909337762,9144.0
2110.0,TGW397,9.815620402369799,116.9047479645376,9144.0
2110.0,TGW427,0.7969636854613945,103.45624042844067,9144.0
2110.0,TGW487,1.6323385219882331,104.08454835467853,9144.0
2110.0,TGW491,3.1028264277972495,110.27969959452604,9144.0
2110.0,TGW610,6.524847521105376,102.21153292794337,9144.0
2110.0,TGW625,8.046931469756966,101.89150444229168,9144.0
2120.0,TGW285,-4.787153906435382,111.32666487820127,9144.0
2120.0,TGW305,5.265448379097072,104.93424276479085,9144.0
2120.0,TGW350,6.836801065378994,102.11105525733652,9144.0
2120.0,TGW351,16.345247838329826,101.71836516119619,9144.0
2120.0,TGW386,4.513375172512887,108.10097622709804,9144.0
2120.0,TGW390,4.150275147991368,107.65222675006068,9144.0
2120.0,TGW397,9.793229944356845,116.87773513465527,9144.0
2120.0,TGW427,0.8055028015531472,103.48030633272907,9144.0
2120.0,TGW487,1.6186438160225984,104.08437248013041,9144.0
2120.0,TGW491,3.0910460657580243,110.24905108291193,9144.0
2120.0,TGW610,6.557488365094675,102.20903028879997,9144.0
2120.0,TGW625,8.01323648673286,101.89506748287752,9144.0
2120.0,TGW285,-4.787153906435382,111.32666487820127,9144.0
2120.0,TGW305,5.265448379097072,104.93424276479085,9144.0
2120.0,TGW350,6.836801065378994,102.11105525733652,9144.0
2120.0,TGW351,16.345247838329826,101.71836516119619,9144.0
2120.0,TGW386,4.513375172512887,108.10097622709804,9144.0
2120.0,TGW390,4.150275147991368,107.65222675006068,9144.0
2120.0,TGW397,9.793229944356845,116.87773513465527,9144.0
2120.0,TGW427,0.8055028015531472,103.48030633272907,9144.0
2120.0,TGW487,1.6186438160225984,104.08437248013041,9144.0
2120.0,TGW491,3.0910460657580243,110.24905108291193,9144.0
2120.0,TGW610,6.557488365094675,102.20903028879997,9144.0
2120.0,TGW625,8.01323648673286,101.89506748287752,9144.0
2130.0,TGW285,-4.76652245160538,111.3029102472451,9144.0
2130.0,TGW305,5.235871652818716,104.92365056471077,9144.0
2130.0,TGW350,6.867199037922307,102.10181785288984,9144.0
2130.0,TGW351,16.31736367946595,101.702926091547,9144.0
2130.0,TGW386,4.532253227543056,108.12434810023532,9144.0
2130.0,TGW390,4.17016573998308,107.67681611838536,9144.0
2130.0,TGW397,9.770851944502738,116.85071349543374,9144.0
2130.0,TGW427,0.8140416952480592,103.50437236663673,9144.0
2130.0,TGW487,1.6050201753353273,104.08419752060148,9144.0
2130.0,TGW491,3.079175256979726,110.21843793337787,9144.0
2130.0,TGW610,6.590129196564211,102.20652731989625,9144.0
2130.0,TGW625,7.979428514457751,101.89864187303641,9144.0
2130.0,TGW285,-4.76652245160538,111.3029102472451,9144.0
2130.0,TGW305,5.235871652818716,104.92365056471077,9144.0
2130.0,TGW350,6.867199037922307,102.10181785288984,9144.0
2130.0,TGW351,16.31736367946595,101.702926091547,9144.0
2130.0,TGW386,4.532253227543056,108.12434810023532,9144.0
2130.0,TGW390,4.17016573998308,107.67681611838536,9144.0
2130.0,TGW397,9.770851944502738,116.85071349543374,9144.0
2130.0,TGW427,0.8140416952480592,103.50437236663673,9144.0
2130.0,TGW487,1.6050201753353273,104.08419752060148,9144.0
2130.0,TGW491,3.079175256979726,110.21843793337787,9144.0
2130.0,TGW610,6.590129196564211,102.20652731989625,9144.0
2130.0,TGW625,7.979428514457751,101.89864187303641,9144.0
2140.0,TGW285,-4.745865397057173,111.27917874119031,9144.0
2140.0,TGW305,5.206290661260162,104.913070881454,9144.0
2140.0,TGW350,6.897541058836765,102.09259613709627,9144.0
2140.0,TGW351,16.28779133946781,101.6913928842253,9144.0
2140.0,TGW386,4.551130496945462,108.14772122360247,9144.0
2140.0,TGW390,4.190064930268709,107.701399115973,9144.0
2140.0,TGW397,9.748652825782836,116.8239145113198,9144.0
2140.0,TGW427,0.8223762992765254,103.52850997600345,9144.0
2140.0,TGW487,1.5920644426961708,104.07997888317804,9144.0
2140.0,TGW491,3.0673028573433756,110.18782574312843,9144.0
2140.0,TGW610,6.622655160944237,102.20403299525664,9144.0
2140.0,TGW625,7.945600102151496,101.90201303507375,9144.0
2140.0,TGW285,-4.745865397057173,111.27917874119031,9144.0
2140.0,TGW305,5.206290661260162,104.913070881454,9144.0
2140.0,TGW350,6.897541058836765,102.09259613709627,9144.0
2140.0,TGW351,16.28779133946781,101.6913928842253,9144.0
2140.0,TGW386,4.551130496945462,108.14772122360247,9144.0
2140.0,TGW390,4.190064930268709,107.701399115973,9144.0
2140.0,TGW397,9.748652825782836,116.8239145113198,9144.0
2140.0,TGW427,0.8223762992765254,103.52850997600345,9144.0
2140.0,TGW487,1.5920644426961708,104.07997888317804,9144.0
2140.0,TGW491,3.0673028573433756,110.18782574312843,9144.0
2140.0,TGW610,6.622655160944237,102.20403299525664,9144.0
2140.0,TGW625,7.945600102151496,101.90201303507375,9144.0
2150.0,TGW285,-4.725245870498766,111.25549295178449,9144.0
2150.0,TGW305,5.176709478336022,104.90249223395968,9144.0
2150.0,TGW350,6.927924301642584,102.08351259100637,9144.0
2150.0,TGW351,16.257031728953535,101.68395972879686,9144.0
2150.0,TGW386,4.570006970453253,108.17109560807653,9144.0
2150.0,TGW390,4.2097791248021865,107.72575599387594,9144.0
2150.0,TGW397,9.726451213727353,116.79711943558408,9144.0
2150.0,TGW427,0.8307106864116525,103.55264771093154,9144.0
2150.0,TGW487,1.579579052155723,104.07470275124832,9144.0
2150.0,TGW491,3.055456255155169,110.15720387022563,9144.0
2150.0,TGW625,7.911884689251806,101.90537237924005,9144.0
2150.0,TGW285,-4.725245870498766,111.25549295178449,9144.0
2150.0,TGW305,5.176709478336022,104.90249223395968,9144.0
2150.0,TGW350,6.927924301642584,102.08351259100637,9144.0
2150.0,TGW351,16.257031728953535,101.68395972879686,9144.0
2150.0,TGW386,4.570006970453253,108.17109560807653,9144.0
2150.0,TGW390,4.2097791248021865,107.72575599387594,9144.0
2150.0,TGW397,9.726451213727353,116.79711943558408,9144.0
2150.0,TGW427,0.8307106864116525,103.55264771093154,9144.0
2150.0,TGW487,1.579579052155723,104.07470275124832,9144.0
2150.0,TGW491,3.055456255155169,110.15720387022563,9144.0
2150.0,TGW625,7.911884689251806,101.90537237924005,9144.0
2160.0,TGW285,-4.704625263063631,111.2318088128389,9144.0
2160.0,TGW305,5.147145250056098,104.89186640333726,9144.0
2160.0,TGW350,6.958363179445966,102.07441111017928,9144.0
2160.0,TGW351,16.22560586910431,101.680751237142,9144.0
2160.0,TGW386,4.588882634459614,108.19447126724758,9144.0
2160.0,TGW390,4.229492312728211,107.75011430921732,9144.0
2160.0,TGW397,9.704246374766946,116.77032889011818,9144.0
2160.0,TGW427,0.8389033106747902,103.57683398998043,9144.0
2160.0,TGW487,1.5670281369079935,104.06939900399152,9144.0
2160.0,TGW491,3.043608207455323,110.12658289551574,9144.0
2160.0,TGW625,7.878169247249025,101.90873115157214,9144.0
2160.0,TGW285,-4.704625263063631,111.2318088128389,9144.0
2160.0,TGW305,5.147145250056098,104.89186640333726,9144.0
2160.0,TGW350,6.958363179445966,102.07441111017928,9144.0
2160.0,TGW351,16.22560586910431,101.680751237142,9144.0
2160.0,TGW386,4.588882634459614,108.19447126724758,9144.0
2160.0,TGW390,4.229492312728211,107.75011430921732,9144.0
2160.0,TGW397,9.704246374766946,116.77032889011818,9144.0
2160.0,TGW427,0.8389033106747902,103.57683398998043,9144.0
2160.0,TGW487,1.5670281369079935,104.06939900399152,9144.0
2160.0,TGW491,3.043608207455323,110.12658289551574,9144.0
2160.0,TGW625,7.878169247249025,101.90873115157214,9144.0
2170.0,TGW285,-4.6839990526490025,111.2081302863174,9144.0
2170.0,TGW305,5.117580831779369,104.88124159806755,9144.0
2170.0,TGW350,6.988768992263105,102.06519754577296,9144.0
2170.0,TGW351,16.194046066355245,101.68182039746279,9144.0
2170.0,TGW386,4.607757468929184,108.21784821992799,9144.0
2170.0,TGW390,4.2491504464829655,107.77451794065367,9144.0
2170.0,TGW397,9.682062790697769,116.74352200045026,9144.0
2170.0,TGW427,0.8469748470747533,103.60066358510396,9144.0
2170.0,TGW487,1.554457967002792,104.06414111995245,9144.0
2170.0,TGW491,3.0317418292160245,110.09596937621022,9144.0
2170.0,TGW625,7.844477172207312,101.91232065387574,9144.0
2170.0,TGW285,-4.6839990526490025,111.2081302863174,9144.0
2170.0,TGW305,5.117580831779369,104.88124159806755,9144.0
2170.0,TGW350,6.988768992263105,102.06519754577296,9144.0
2170.0,TGW351,16.194046066355245,101.68182039746279,9144.0
2170.0,TGW386,4.607757468929184,108.21784821992799,9144.0
2170.0,TGW390,4.2491504464829655,107.77451794065367,9144.0
2170.0,TGW397,9.682062790697769,116.74352200045026,9144.0
2170.0,TGW427,0.8469748470747533,103.60066358510396,9144.0
2170.0,TGW487,1.554457967002792,104.06414111995245,9144.0
2170.0,TGW491,3.0317418292160245,110.09596937621022,9144.0
2170.0,TGW625,7.844477172207312,101.91232065387574,9144.0
2180.0,TGW285,-4.6634102883864275,111.18449758574943,9144.0
2180.0,TGW305,5.08797223401781,104.87074202133257,9144.0
2180.0,TGW350,7.019230338103915,102.0559658327567,9144.0
2180.0,TGW351,16.162886895931166,101.6871477454734,9144.0
2180.0,TGW386,4.626631438802921,108.24122649713543,9144.0
2180.0,TGW390,4.268807566050037,107.79892301706249,9144.0
2180.0,TGW397,9.659912402892687,116.71676337222019,9144.0
2180.0,TGW427,0.8549019412755925,103.62454167819128,9144.0
2180.0,TGW487,1.5419533917731802,104.05891074713243,9144.0
2180.0,TGW491,3.019874008325979,110.06535675288806,9144.0
2180.0,TGW625,7.810728573477968,101.9159155821551,9144.0
2180.0,TGW285,-4.6634102883864275,111.18449758574943,9144.0
2180.0,TGW305,5.08797223401781,104.87074202133257,9144.0
2180.0,TGW350,7.019230338103915,102.0559658327567,9144.0
2180.0,TGW351,16.162886895931166,101.6871477454734,9144.0
2180.0,TGW386,4.626631438802921,108.24122649713543,9144.0
2180.0,TGW390,4.268807566050037,107.79892301706249,9144.0
2180.0,TGW397,9.659912402892687,116.71676337222019,9144.0
2180.0,TGW427,0.8549019412755925,103.62454167819128,9144.0
2180.0,TGW487,1.5419533917731802,104.05891074713243,9144.0
2180.0,TGW491,3.019874008325979,110.06535675288806,9144.0
2180.0,TGW625,7.810728573477968,101.9159155821551,9144.0
2190.0,TGW285,-4.642851289887025,111.16083950495033,9144.0
2190.0,TGW305,5.058308361746185,104.86022389873112,9144.0
2190.0,TGW350,7.049682697450494,102.04670346390809,9144.0
2190.0,TGW351,16.13236645035799,101.69669149339084,9144.0
2190.0,TGW386,4.645504457755502,108.26460617153828,9144.0
2190.0,TGW390,4.285104992043093,107.8257018807954,9144.0
2190.0,TGW397,9.637732971509374,116.69003126943707,9144.0
2190.0,TGW427,0.8628089529212966,103.6483601584767,9144.0
2190.0,TGW487,1.529495557911121,104.05356995225837,9144.0
2190.0,TGW491,3.0079926885336774,110.03474971496219,9144.0
2190.0,TGW625,7.776968206560729,101.91939583333395,9144.0
2190.0,TGW285,-4.642851289887025,111.16083950495033,9144.0
2190.0,TGW305,5.058308361746185,104.86022389873112,9144.0
2190.0,TGW350,7.049682697450494,102.04670346390809,9144.0
2190.0,TGW351,16.13236645035799,101.69669149339084,9144.0
2190.0,TGW386,4.645504457755502,108.26460617153828,9144.0
2190.0,TGW390,4.285104992043093,107.8257018807954,9144.0
2190.0,TGW397,9.637732971509374,116.69003126943707,9144.0
2190.0,TGW427,0.8628089529212966,103.6483601584767,9144.0
2190.0,TGW487,1.529495557911121,104.05356995225837,9144.0
2190.0,TGW491,3.0079926885336774,110.03474971496219,9144.0
2190.0,TGW625,7.776968206560729,101.91939583333395,9144.0
2200.0,TGW285,-4.622291242638885,111.13718302943937,9144.0
2200.0,TGW305,5.028644269580246,104.84970688172297,9144.0
2200.0,TGW350,7.080079142602789,102.03745676047471,9144.0
2200.0,TGW351,16.10299947755211,101.71033043314893,9144.0
2200.0,TGW386,4.664375756636105,108.28798787055918,9144.0
2200.0,TGW390,4.299326456008456,107.8537114055193,9144.0
2200.0,TGW397,9.6155505640127,116.66330346262306,9144.0
2200.0,TGW427,0.8710802257661296,103.67205463036551,9144.0
2200.0,TGW487,1.5174307274011447,104.04839771737588,9144.0
2200.0,TGW491,2.996110043080732,110.0041435259833,9144.0
2200.0,TGW625,7.743207811079825,101.92287552283197,9144.0
2200.0,TGW285,-4.622291242638885,111.13718302943937,9144.0
2200.0,TGW305,5.028644269580246,104.84970688172297,9144.0
2200.0,TGW350,7.080079142602789,102.03745676047471,9144.0
2200.0,TGW351,16.10299947755211,101.71033043314893,9144.0
2200.0,TGW386,4.664375756636105,108.28798787055918,9144.0
2200.0,TGW390,4.299326456008456,107.8537114055193,9144.0
2200.0,TGW397,9.6155505640127,116.66330346262306,9144.0
2200.0,TGW427,0.8710802257661296,103.67205463036551,9144.0
2200.0,TGW487,1.5174307274011447,104.04839771737588,9144.0
2200.0,TGW491,2.996110043080732,110.0041435259833,9144.0
2200.0,TGW625,7.743207811079825,101.92287552283197,9144.0
2210.0,TGW285,-4.601729053071912,111.11352911297777,9144.0
2210.0,TGW305,4.999018764912013,104.83908130153986,9144.0
2210.0,TGW350,7.110525577839765,102.0283779958979,9144.0
2210.0,TGW351,16.074906226657365,101.72805034064186,9144.0
2210.0,TGW386,4.683272412393235,108.31134957485588,9144.0
2210.0,TGW390,4.313546696283273,107.88172207853522,9144.0
2210.0,TGW397,9.593390321261337,116.63655849908189,9144.0
2210.0,TGW427,0.8792681190863282,103.69551105846325,9144.0
2210.0,TGW487,1.5052796479698096,104.04343166502726,9144.0
2210.0,TGW491,2.9842264049242524,109.97353805507487,9144.0
2210.0,TGW625,7.709447382680172,101.92635460888863,9144.0
2210.0,TGW285,-4.601729053071912,111.11352911297777,9144.0
2210.0,TGW305,4.999018764912013,104.83908130153986,9144.0
2210.0,TGW350,7.110525577839765,102.0283779958979,9144.0
2210.0,TGW351,16.074906226657365,101.72805034064186,9144.0
2210.0,TGW386,4.683272412393235,108.31134957485588,9144.0
2210.0,TGW390,4.313546696283273,107.88172207853522,9144.0
2210.0,TGW397,9.593390321261337,116.63655849908189,9144.0
2210.0,TGW427,0.8792681190863282,103.69551105846325,9144.0
2210.0,TGW487,1.5052796479698096,104.04343166502726,9144.0
2210.0,TGW491,2.9842264049242524,109.97353805507487,9144.0
2210.0,TGW625,7.709447382680172,101.92635460888863,9144.0
2220.0,TGW285,-4.581165931338462,111.08987669384472,9144.0
2220.0,TGW305,4.969393080545549,104.82845670533975,9144.0
2220.0,TGW350,7.141027624920294,102.01928133120013,9144.0
2220.0,TGW351,16.049109364594873,101.74931061768848,9144.0
2220.0,TGW386,4.702130606457005,108.3346664132371,9144.0
2220.0,TGW390,4.327765508186466,107.90973400598281,9144.0
2220.0,TGW397,9.571264151650862,116.60986106429459,9144.0
2220.0,TGW427,0.8875020033141497,103.71895143012786,9144.0
2220.0,TGW487,1.4929304586982395,104.03838472091944,9144.0
2220.0,TGW491,2.9723206953690546,109.94287972569833,9144.0
2220.0,TGW625,7.6756875559594056,101.92983935804752,9144.0
2220.0,TGW285,-4.581165931338462,111.08987669384472,9144.0
2220.0,TGW305,4.969393080545549,104.82845670533975,9144.0
2220.0,TGW350,7.141027624920294,102.01928133120013,9144.0
2220.0,TGW351,16.049109364594873,101.74931061768848,9144.0
2220.0,TGW386,4.702130606457005,108.3346664132371,9144.0
2220.0,TGW390,4.327765508186466,107.90973400598281,9144.0
2220.0,TGW397,9.571264151650862,116.60986106429459,9144.0
2220.0,TGW427,0.8875020033141497,103.71895143012786,9144.0
2220.0,TGW487,1.4929304586982395,104.03838472091944,9144.0
2220.0,TGW491,2.9723206953690546,109.94287972569833,9144.0
2220.0,TGW625,7.6756875559594056,101.92983935804752,9144.0
2230.0,TGW285,-4.560601577658989,111.06622603132801,9144.0
2230.0,TGW305,4.939767179473532,104.81783319419733,9144.0
2230.0,TGW350,7.171473950801983,102.00999638460095,9144.0
2230.0,TGW351,16.021012391883527,101.7670193409133,9144.0
2230.0,TGW386,4.720971734078704,108.3579977699019,9144.0
2230.0,TGW390,4.341833365346128,107.93782300577179,9144.0
2230.0,TGW397,9.54913560686261,116.58316739056775,9144.0
2230.0,TGW427,0.8995282451075117,103.74083499552262,9144.0
2230.0,TGW487,1.481163302851094,104.03209844406332,9144.0
2230.0,TGW491,2.9604659819111108,109.91220191719448,9144.0
2230.0,TGW625,7.641984202667361,101.93331762814128,9144.0
2230.0,TGW285,-4.560601577658989,111.06622603132801,9144.0
2230.0,TGW305,4.939767179473532,104.81783319419733,9144.0
2230.0,TGW350,7.171473950801983,102.00999638460095,9144.0
2230.0,TGW351,16.021012391883527,101.7670193409133,9144.0
2230.0,TGW386,4.720971734078704,108.3579977699019,9144.0
2230.0,TGW390,4.341833365346128,107.93782300577179,9144.0
2230.0,TGW397,9.54913560686261,116.58316739056775,9144.0
2230.0,TGW427,0.8995282451075117,103.74083499552262,9144.0
2230.0,TGW487,1.481163302851094,104.03209844406332,9144.0
2230.0,TGW491,2.9604659819111108,109.91220191719448,9144.0
2230.0,TGW625,7.641984202667361,101.93331762814128,9144.0
2240.0,TGW285,-4.539967000781969,111.04263767800138,9144.0
2240.0,TGW305,4.910076635430441,104.80739354759174,9144.0
2240.0,TGW350,7.201975739890961,102.00069316784156,9144.0
2240.0,TGW351,15.991059617954745,101.78090616266557,9144.0
2240.0,TGW386,4.739824995962875,108.38131989052859,9144.0
2240.0,TGW390,4.355583831282389,107.96528143694643,9144.0
2240.0,TGW397,9.527004275771844,116.55647782452634,9144.0
2240.0,TGW427,0.9123410397279975,103.76234090869983,9144.0
2240.0,TGW487,1.4679120741925187,104.02961116436865,9144.0
2240.0,TGW491,2.9486308045172183,109.8815786087301,9144.0
2240.0,TGW625,7.608280847671363,101.93679560752575,9144.0
2240.0,TGW285,-4.539967000781969,111.04263767800138,9144.0
2240.0,TGW305,4.910076635430441,104.80739354759174,9144.0
2240.0,TGW350,7.201975739890961,102.00069316784156,9144.0
2240.0,TGW351,15.991059617954745,101.78090616266557,9144.0
2240.0,TGW386,4.739824995962875,108.38131989052859,9144.0
2240.0,TGW390,4.355583831282389,107.96528143694643,9144.0
2240.0,TGW397,9.527004275771844,116.55647782452634,9144.0
2240.0,TGW427,0.9123410397279975,103.76234090869983,9144.0
2240.0,TGW487,1.4679120741925187,104.02961116436865,9144.0
2240.0,TGW491,2.9486308045172183,109.8815786087301,9144.0
2240.0,TGW625,7.608280847671363,101.93679560752575,9144.0
2250.0,TGW285,-4.5192929464717135,111.01900666196828,9144.0
2250.0,TGW305,4.880330783642528,104.79693556062574,9144.0
2250.0,TGW350,7.2325066138425695,101.99148676744183,9144.0
2250.0,TGW351,15.959672319176159,101.79078506704363,9144.0
2250.0,TGW386,4.758639904874535,108.40459700401647,9144.0
2250.0,TGW390,4.369333249207827,107.99274089864525,9144.0
2250.0,TGW397,9.504840800639608,116.52981742628036,9144.0
2250.0,TGW427,0.9251536508852662,103.7838470083309,9144.0
2250.0,TGW487,1.4571974085550148,104.02349143846632,9144.0
2250.0,TGW491,2.936652318800846,109.85101154821947,9144.0
2250.0,TGW625,7.574634009152868,101.94026717899715,9144.0
2250.0,TGW285,-4.5192929464717135,111.01900666196828,9144.0
2250.0,TGW305,4.880330783642528,104.79693556062574,9144.0
2250.0,TGW350,7.2325066138425695,101.99148676744183,9144.0
2250.0,TGW351,15.959672319176159,101.79078506704363,9144.0
2250.0,TGW386,4.758639904874535,108.40459700401647,9144.0
2250.0,TGW390,4.369333249207827,107.99274089864525,9144.0
2250.0,TGW397,9.504840800639608,116.52981742628036,9144.0
2250.0,TGW427,0.9251536508852662,103.7838470083309,9144.0
2250.0,TGW487,1.4571974085550148,104.02349143846632,9144.0
2250.0,TGW491,2.936652318800846,109.85101154821947,9144.0
2250.0,TGW625,7.574634009152868,101.94026717899715,9144.0
2260.0,TGW285,-4.498617879425878,110.99537720993224,9144.0
2260.0,TGW305,4.850658805230634,104.78626874967394,9144.0
2260.0,TGW350,7.262981574153113,101.98229588435632,9144.0
2260.0,TGW351,15.927343488214992,101.7965021445408,9144.0
2260.0,TGW386,4.777453859887903,108.42787553142333,9144.0
2260.0,TGW390,4.383081607536573,108.02020139823274,9144.0
2260.0,TGW397,9.482711048645758,116.50320487535815,9144.0
2260.0,TGW427,0.9381950945761132,103.80521516009719,9144.0
2260.0,TGW487,1.4466486397880942,104.01862234849543,9144.0
2260.0,TGW491,2.9249172597597863,109.8203502831992,9144.0
2260.0,TGW625,7.540984342673504,101.94371047442633,9144.0
2260.0,TGW285,-4.498617879425878,110.99537720993224,9144.0
2260.0,TGW305,4.850658805230634,104.78626874967394,9144.0
2260.0,TGW350,7.262981574153113,101.98229588435632,9144.0
2260.0,TGW351,15.927343488214992,101.7965021445408,9144.0
2260.0,TGW386,4.777453859887903,108.42787553142333,9144.0
2260.0,TGW390,4.383081607536573,108.02020139823274,9144.0
2260.0,TGW397,9.482711048645758,116.50320487535815,9144.0
2260.0,TGW427,0.9381950945761132,103.80521516009719,9144.0
2260.0,TGW487,1.4466486397880942,104.01862234849543,9144.0
2260.0,TGW491,2.9249172597597863,109.8203502831992,9144.0
2260.0,TGW625,7.540984342673504,101.94371047442633,9144.0
2270.0,TGW285,-4.477991562833862,110.97170559700773,9144.0
2270.0,TGW305,4.820986624132555,104.77560297392864,9144.0
2270.0,TGW350,7.293440132470178,101.97304928468513,9144.0
2270.0,TGW351,15.894580906155442,101.79796895157463,9144.0
2270.0,TGW386,4.796266363629842,108.45115587998046,9144.0
2270.0,TGW390,4.396828891620221,108.0476629446135,9144.0
2270.0,TGW397,9.460543987195411,116.47662597648166,9144.0
2270.0,TGW427,0.9509398806233287,103.82609773616396,9144.0
2270.0,TGW487,1.436279615261567,104.01424171185725,9144.0
2270.0,TGW491,2.9131936709048203,109.78974664215468,9144.0
2270.0,TGW625,7.507391235929028,101.94714743435853,9144.0
2270.0,TGW285,-4.477991562833862,110.97170559700773,9144.0
2270.0,TGW305,4.820986624132555,104.77560297392864,9144.0
2270.0,TGW350,7.293440132470178,101.97304928468513,9144.0
2270.0,TGW351,15.894580906155442,101.79796895157463,9144.0
2270.0,TGW386,4.796266363629842,108.45115587998046,9144.0
2270.0,TGW390,4.396828891620221,108.0476629446135,9144.0
2270.0,TGW397,9.460543987195411,116.47662597648166,9144.0
2270.0,TGW427,0.9509398806233287,103.82609773616396,9144.0
2270.0,TGW487,1.436279615261567,104.01424171185725,9144.0
2270.0,TGW491,2.9131936709048203,109.78974664215468,9144.0
2270.0,TGW625,7.507391235929028,101.94714743435853,9144.0
2280.0,TGW285,-4.457325797232221,110.94799134253518,9144.0
2280.0,TGW305,4.79127950073362,104.76503607147276,9144.0
2280.0,TGW350,7.32395417589621,101.96378447165533,9144.0
2280.0,TGW351,15.861899166904701,101.79516383636066,9144.0
2280.0,TGW386,4.815078867371781,108.47443687118253,9144.0
2280.0,TGW390,4.410575081697183,108.07512554926411,9144.0
2280.0,TGW397,9.438447340974962,116.45013863318317,9144.0
2280.0,TGW427,0.9637050349613316,103.84696794194285,9144.0
2280.0,TGW487,1.4263786403160144,104.01005885729815,9144.0
2280.0,TGW491,2.9012303572099887,109.75923647893266,9144.0
2280.0,TGW625,7.473793428939476,101.95053706903018,9144.0
2280.0,TGW285,-4.457325797232221,110.94799134253518,9144.0
2280.0,TGW305,4.79127950073362,104.76503607147276,9144.0
2280.0,TGW350,7.32395417589621,101.96378447165533,9144.0
2280.0,TGW351,15.861899166904701,101.79516383636066,9144.0
2280.0,TGW386,4.815078867371781,108.47443687118253,9144.0
2280.0,TGW390,4.410575081697183,108.07512554926411,9144.0
2280.0,TGW397,9.438447340974962,116.45013863318317,9144.0
2280.0,TGW427,0.9637050349613316,103.84696794194285,9144.0
2280.0,TGW487,1.4263786403160144,104.01005885729815,9144.0
2280.0,TGW491,2.9012303572099887,109.75923647893266,9144.0
2280.0,TGW625,7.473793428939476,101.95053706903018,9144.0
2290.0,TGW285,-4.4366552952157265,110.92428190675912,9144.0
2290.0,TGW305,4.761572185368199,104.75447017027408,9144.0
2290.0,TGW350,7.354412532911019,101.95453593317207,9144.0
2290.0,TGW351,15.829811594591629,101.78813221395095,9144.0
2290.0,TGW390,4.424320148484888,108.10258922845111,9144.0
2290.0,TGW397,9.416428669948282,116.42358633878334,9144.0
2290.0,TGW427,0.9763373925609243,103.86762151995141,9144.0
2290.0,TGW487,1.416492539528938,104.00584096463685,9144.0
2290.0,TGW491,2.8892417126607413,109.72867469869227,9144.0
2290.0,TGW625,7.440252227568231,101.95392046682394,9144.0
2290.0,TGW285,-4.4366552952157265,110.92428190675912,9144.0
2290.0,TGW305,4.761572185368199,104.75447017027408,9144.0
2290.0,TGW350,7.354412532911019,101.95453593317207,9144.0
2290.0,TGW351,15.829811594591629,101.78813221395095,9144.0
2290.0,TGW390,4.424320148484888,108.10258922845111,9144.0
2290.0,TGW397,9.416428669948282,116.42358633878334,9144.0
2290.0,TGW427,0.9763373925609243,103.86762151995141,9144.0
2290.0,TGW487,1.416492539528938,104.00584096463685,9144.0
2290.0,TGW491,2.8892417126607413,109.72867469869227,9144.0
2290.0,TGW625,7.440252227568231,101.95392046682394,9144.0
2300.0,TGW285,-4.415951620466442,110.90060226954208,9144.0
2300.0,TGW305,4.731855704297992,104.74393070823882,9144.0
2300.0,TGW351,15.798708817571885,101.77696087823655,9144.0
2300.0,TGW390,4.4380640416622965,108.13005400902676,9144.0
2300.0,TGW397,9.394626367431028,116.39730196449689,9144.0
2300.0,TGW427,0.9890449993314294,103.88822894945105,9144.0
2300.0,TGW487,1.406714658067437,104.00174080748825,9144.0
2300.0,TGW491,2.877476500135287,109.69802630766164,9144.0
2300.0,TGW625,7.4067230297258275,101.95742251218935,9144.0
2300.0,TGW285,-4.415951620466442,110.90060226954208,9144.0
2300.0,TGW305,4.731855704297992,104.74393070823882,9144.0
2300.0,TGW351,15.798708817571885,101.77696087823655,9144.0
2300.0,TGW390,4.4380640416622965,108.13005400902676,9144.0
2300.0,TGW397,9.394626367431028,116.39730196449689,9144.0
2300.0,TGW427,0.9890449993314294,103.88822894945105,9144.0
2300.0,TGW487,1.406714658067437,104.00174080748825,9144.0
2300.0,TGW491,2.877476500135287,109.69802630766164,9144.0
2300.0,TGW625,7.4067230297258275,101.95742251218935,9144.0
2310.0,TGW285,-4.395242993505292,110.87692764816721,9144.0
2310.0,TGW305,4.702139036379145,104.73339222767078,9144.0
2310.0,TGW351,15.769297947726724,101.76188923657524,9144.0
2310.0,TGW390,4.4518066472209625,108.15751994989154,9144.0
2310.0,TGW397,9.372832999117735,116.37101163189955,9144.0
2310.0,TGW427,1.001652104815839,103.90867389870937,9144.0
2310.0,TGW487,1.3969367691709387,103.99764068520399,9144.0
2310.0,TGW491,2.8657493997086285,109.66748705414597,9144.0
2310.0,TGW625,7.373307136009043,101.96091218796138,9144.0
2310.0,TGW285,-4.395242993505292,110.87692764816721,9144.0
2310.0,TGW305,4.702139036379145,104.73339222767078,9144.0
2310.0,TGW351,15.769297947726724,101.76188923657524,9144.0
2310.0,TGW390,4.4518066472209625,108.15751994989154,9144.0
2310.0,TGW397,9.372832999117735,116.37101163189955,9144.0
2310.0,TGW427,1.001652104815839,103.90867389870937,9144.0
2310.0,TGW487,1.3969367691709387,103.99764068520399,9144.0
2310.0,TGW491,2.8657493997086285,109.66748705414597,9144.0
2310.0,TGW625,7.373307136009043,101.96091218796138,9144.0
2320.0,TGW285,-4.374607700410883,110.85318935856718,9144.0
2320.0,TGW305,4.672439634409987,104.7228053083586,9144.0
2320.0,TGW351,15.741932267472542,101.7431158999103,9144.0
2320.0,TGW390,4.465547389292844,108.18498734236948,9144.0
2320.0,TGW397,9.351183757471334,116.34490146710023,9144.0
2320.0,TGW427,1.0142287239974543,103.92913770035925,9144.0
2320.0,TGW487,1.3870917583015456,103.9935124553924,9144.0
2320.0,TGW491,2.853869286512211,109.63700746256191,9144.0
2320.0,TGW625,7.339885435676788,101.96434460158189,9144.0
2320.0,TGW285,-4.374607700410883,110.85318935856718,9144.0
2320.0,TGW305,4.672439634409987,104.7228053083586,9144.0
2320.0,TGW351,15.741932267472542,101.7431158999103,9144.0
2320.0,TGW390,4.465547389292844,108.18498734236948,9144.0
2320.0,TGW397,9.351183757471334,116.34490146710023,9144.0
2320.0,TGW427,1.0142287239974543,103.92913770035925,9144.0
2320.0,TGW487,1.3870917583015456,103.9935124553924,9144.0
2320.0,TGW491,2.853869286512211,109.63700746256191,9144.0
2320.0,TGW625,7.339885435676788,101.96434460158189,9144.0
2330.0,TGW285,-4.353970284611529,110.82945357765578,9144.0
2330.0,TGW305,4.642685066006797,104.71219974833728,9144.0
2330.0,TGW351,15.717041602892628,101.72093641953032,9144.0
2330.0,TGW390,4.4797110413157535,108.2122382753137,9144.0
2330.0,TGW397,9.329531750905025,116.31879527998197,9144.0
2330.0,TGW427,1.0267717496781306,103.94954734042061,9144.0
2330.0,TGW487,1.3772467393085894,103.98938426208035,9144.0
2330.0,TGW491,2.8420073028031685,109.60658302843284,9144.0
2330.0,TGW625,7.306577205843148,101.96776484388793,9144.0
2330.0,TGW285,-4.353970284611529,110.82945357765578,9144.0
2330.0,TGW305,4.642685066006797,104.71219974833728,9144.0
2330.0,TGW351,15.717041602892628,101.72093641953032,9144.0
2330.0,TGW390,4.4797110413157535,108.2122382753137,9144.0
2330.0,TGW397,9.329531750905025,116.31879527998197,9144.0
2330.0,TGW427,1.0267717496781306,103.94954734042061,9144.0
2330.0,TGW487,1.3772467393085894,103.98938426208035,9144.0
2330.0,TGW491,2.8420073028031685,109.60658302843284,9144.0
2330.0,TGW625,7.306577205843148,101.96776484388793,9144.0
2340.0,TGW285,-4.333184587425078,110.80584894452174,9144.0
2340.0,TGW305,4.612962722538946,104.70150406813947,9144.0
2340.0,TGW351,15.695016905601097,101.69569959442883,9144.0
2340.0,TGW390,4.493954860313479,108.23964774318709,9144.0
2340.0,TGW397,9.307832023792859,116.29273143603183,9144.0
2340.0,TGW427,1.0392736909191682,103.96998226107988,9144.0
2340.0,TGW487,1.3674017203156332,103.9852560857613,9144.0
2340.0,TGW491,2.8301701312266454,109.5761492197915,9144.0
2340.0,TGW625,7.273271161698256,101.97120639695362,9144.0
2340.0,TGW285,-4.333184587425078,110.80584894452174,9144.0
2340.0,TGW305,4.612962722538946,104.70150406813947,9144.0
2340.0,TGW351,15.695016905601097,101.69569959442883,9144.0
2340.0,TGW390,4.493954860313479,108.23964774318709,9144.0
2340.0,TGW397,9.307832023792859,116.29273143603183,9144.0
2340.0,TGW427,1.0392736909191682,103.96998226107988,9144.0
2340.0,TGW487,1.3674017203156332,103.9852560857613,9144.0
2340.0,TGW491,2.8301701312266454,109.5761492197915,9144.0
2340.0,TGW625,7.273271161698256,101.97120639695362,9144.0
2350.0,TGW285,-4.3123591259986345,110.78220199962188,9144.0
2350.0,TGW305,4.583185309859893,104.6907895873289,9144.0
2350.0,TGW351,15.676204112160988,101.66780198833565,9144.0
2350.0,TGW390,4.510159950771983,108.26593884891875,9144.0
2350.0,TGW397,9.28612969223113,116.26667143486233,9144.0
2350.0,TGW427,1.0515751381968836,103.99008997977944,9144.0
2350.0,TGW491,2.8183304968550105,109.54571668173908,9144.0
2350.0,TGW625,7.240021890735312,101.97464156961111,9144.0
2350.0,TGW285,-4.3123591259986345,110.78220199962188,9144.0
2350.0,TGW305,4.583185309859893,104.6907895873289,9144.0
2350.0,TGW351,15.676204112160988,101.66780198833565,9144.0
2350.0,TGW390,4.510159950771983,108.26593884891875,9144.0
2350.0,TGW397,9.28612969223113,116.26667143486233,9144.0
2350.0,TGW427,1.0515751381968836,103.99008997977944,9144.0
2350.0,TGW491,2.8183304968550105,109.54571668173908,9144.0
2350.0,TGW625,7.240021890735312,101.97464156961111,9144.0
2360.0,TGW285,-4.29167280040937,110.75843319793032,9144.0
2360.0,TGW305,4.5533569970728935,104.68021899752756,9144.0
2360.0,TGW351,15.660898710542815,101.63768171227119,9144.0
2360.0,TGW390,4.526177841106395,108.29192933189944,9144.0
2360.0,TGW397,9.264453576049116,116.2405906529001,9144.0
2360.0,TGW427,1.063927497576535,104.01016653227467,9144.0
2360.0,TGW491,2.8065215597373445,109.51527249823978,9144.0
2360.0,TGW625,7.206772059426699,101.97807097438933,9144.0
2360.0,TGW285,-4.29167280040937,110.75843319793032,9144.0
2360.0,TGW305,4.5533569970728935,104.68021899752756,9144.0
2360.0,TGW351,15.660898710542815,101.63768171227119,9144.0
2360.0,TGW390,4.526177841106395,108.29192933189944,9144.0
2360.0,TGW397,9.264453576049116,116.2405906529001,9144.0
2360.0,TGW427,1.063927497576535,104.01016653227467,9144.0
2360.0,TGW491,2.8065215597373445,109.51527249823978,9144.0
2360.0,TGW625,7.206772059426699,101.97807097438933,9144.0
2370.0,TGW285,-4.270985644466993,110.73466576544101,9144.0
2370.0,TGW305,4.523418656707997,104.66961040518063,9144.0
2370.0,TGW351,15.649721259301918,101.6065608330361,9144.0
2370.0,TGW390,4.542194390893553,108.31792122237407,9144.0
2370.0,TGW397,9.242848627496874,116.21460176618459,9144.0
2370.0,TGW427,1.0764473245878523,104.03051580501594,9144.0
2370.0,TGW491,2.794731263166468,109.48488329917046,9144.0
2370.0,TGW625,7.173522202341075,101.98149987420165,9144.0
2370.0,TGW285,-4.270985644466993,110.73466576544101,9144.0
2370.0,TGW305,4.523418656707997,104.66961040518063,9144.0
2370.0,TGW351,15.649721259301918,101.6065608330361,9144.0
2370.0,TGW390,4.542194390893553,108.31792122237407,9144.0
2370.0,TGW397,9.242848627496874,116.21460176618459,9144.0
2370.0,TGW427,1.0764473245878523,104.03051580501594,9144.0
2370.0,TGW491,2.794731263166468,109.48488329917046,9144.0
2370.0,TGW625,7.173522202341075,101.98149987420165,9144.0
2380.0,TGW285,-4.250297589018407,110.71089975959023,9144.0
2380.0,TGW305,4.493501882565918,104.65894120718089,9144.0
2380.0,TGW351,15.642519551768148,101.5743235922896,9144.0
2380.0,TGW390,4.558064840163793,108.34400371594657,9144.0
2380.0,TGW397,9.221240514274513,116.18861717318312,9144.0
2380.0,TGW427,1.088950537455834,104.05087537778319,9144.0
2380.0,TGW491,2.7830039348958615,109.45446999010184,9144.0
2380.0,TGW625,7.140267709998692,101.98488255629024,9144.0
2380.0,TGW285,-4.250297589018407,110.71089975959023,9144.0
2380.0,TGW305,4.493501882565918,104.65894120718089,9144.0
2380.0,TGW351,15.642519551768148,101.5743235922896,9144.0
2380.0,TGW390,4.558064840163793,108.34400371594657,9144.0
2380.0,TGW397,9.221240514274513,116.18861717318312,9144.0
2380.0,TGW427,1.088950537455834,104.05087537778319,9144.0
2380.0,TGW491,2.7830039348958615,109.45446999010184,9144.0
2380.0,TGW625,7.140267709998692,101.98488255629024,9144.0
2390.0,TGW285,-4.229608007152071,110.6871357260861,9144.0
2390.0,TGW305,4.463530103946735,104.64825337499522,9144.0
2390.0,TGW351,15.63134288740396,101.54314088662309,9144.0
2390.0,TGW390,4.573779986544982,108.36983400163518,9144.0
2390.0,TGW397,9.19951863813182,116.16273170578987,9144.0
2390.0,TGW427,1.1016203638848874,104.07150680341677,9144.0
2390.0,TGW491,2.771274392638545,109.42405783886466,9144.0
2390.0,TGW625,7.107013192853946,101.98826474537695,9144.0
2390.0,TGW285,-4.229608007152071,110.6871357260861,9144.0
2390.0,TGW305,4.463530103946735,104.64825337499522,9144.0
2390.0,TGW351,15.63134288740396,101.54314088662309,9144.0
2390.0,TGW390,4.573779986544982,108.36983400163518,9144.0
2390.0,TGW397,9.19951863813182,116.16273170578987,9144.0
2390.0,TGW427,1.1016203638848874,104.07150680341677,9144.0
2390.0,TGW491,2.771274392638545,109.42405783886466,9144.0
2390.0,TGW625,7.107013192853946,101.98826474537695,9144.0
2400.0,TGW285,-4.208818608872235,110.66346007717864,9144.0
2400.0,TGW305,4.433537951536151,104.63762363292933,9144.0
2400.0,TGW351,15.620207983331852,101.51213678736693,9144.0
2400.0,TGW390,4.589493908952523,108.39566560443419,9144.0
2400.0,TGW397,9.177942638213477,116.137025943201,9144.0
2400.0,TGW427,1.1142210975674494,104.09218060368045,9144.0
2400.0,TGW491,2.7593946129265503,109.39370450011545,9144.0
2400.0,TGW625,7.073758650563248,101.99164643922312,9144.0
2400.0,TGW285,-4.208818608872235,110.66346007717864,9144.0
2400.0,TGW305,4.433537951536151,104.63762363292933,9144.0
2400.0,TGW351,15.620207983331852,101.51213678736693,9144.0
2400.0,TGW390,4.589493908952523,108.39566560443419,9144.0
2400.0,TGW397,9.177942638213477,116.137025943201,9144.0
2400.0,TGW427,1.1142210975674494,104.09218060368045,9144.0
2400.0,TGW491,2.7593946129265503,109.39370450011545,9144.0
2400.0,TGW625,7.073758650563248,101.99164643922312,9144.0
2410.0,TGW285,-4.188028206591311,110.63978594530052,9144.0
2410.0,TGW305,4.403545637197315,104.62699478044013,9144.0
2410.0,TGW351,15.60532304828596,101.48288054985605,9144.0
2410.0,TGW390,4.605204122232483,108.42150004735011,9144.0
2410.0,TGW397,9.156364323577684,116.1113237364949,9144.0
2410.0,TGW427,1.1267553190788562,104.11274587012038,9144.0
2410.0,TGW491,2.7475130583645053,109.36335216040149,9144.0
2410.0,TGW625,7.040510422646204,101.99509035250323,9144.0
2410.0,TGW285,-4.188028206591311,110.63978594530052,9144.0
2410.0,TGW305,4.403545637197315,104.62699478044013,9144.0
2410.0,TGW351,15.60532304828596,101.48288054985605,9144.0
2410.0,TGW390,4.605204122232483,108.42150004735011,9144.0
2410.0,TGW397,9.156364323577684,116.1113237364949,9144.0
2410.0,TGW427,1.1267553190788562,104.11274587012038,9144.0
2410.0,TGW491,2.7475130583645053,109.36335216040149,9144.0
2410.0,TGW625,7.040510422646204,101.99509035250323,9144.0
2420.0,TGW285,-4.167312876852973,110.61604637071949,9144.0
2420.0,TGW305,4.373568712610691,104.6163227729636,9144.0
2420.0,TGW351,15.587100483196863,101.45618229989118,9144.0
2420.0,TGW390,4.620500051879007,108.4475840737137,9144.0
2420.0,TGW397,9.134775863076653,116.08563183110056,9144.0
2420.0,TGW427,1.140307292690339,104.13265502238112,9144.0
2420.0,TGW491,2.7357185216472937,109.33296612232807,9144.0
2420.0,TGW625,7.007262169119055,101.99853376855711,9144.0
2420.0,TGW285,-4.167312876852973,110.61604637071949,9144.0
2420.0,TGW305,4.373568712610691,104.6163227729636,9144.0
2420.0,TGW351,15.587100483196863,101.45618229989118,9144.0
2420.0,TGW390,4.620500051879007,108.4475840737137,9144.0
2420.0,TGW397,9.134775863076653,116.08563183110056,9144.0
2420.0,TGW427,1.140307292690339,104.13265502238112,9144.0
2420.0,TGW491,2.7357185216472937,109.33296612232807,9144.0
2420.0,TGW625,7.007262169119055,101.99853376855711,9144.0
2430.0,TGW285,-4.146596558081055,110.59230828761144,9144.0
2430.0,TGW305,4.343591631732919,104.60565163262322,9144.0
2430.0,TGW351,15.565686833854912,101.43217498684965,9144.0
2430.0,TGW390,4.636064670177692,108.47412939291476,9144.0
2430.0,TGW397,9.113328987059699,116.05982011729337,9144.0
2430.0,TGW427,1.1570450621155688,104.1499709886493,9144.0
2430.0,TGW491,2.723943179630456,109.3026348824293,9144.0
2430.0,TGW625,6.974009277668279,102.00193117703152,9144.0
2430.0,TGW285,-4.146596558081055,110.59230828761144,9144.0
2430.0,TGW305,4.343591631732919,104.60565163262322,9144.0
2430.0,TGW351,15.565686833854912,101.43217498684965,9144.0
2430.0,TGW390,4.636064670177692,108.47412939291476,9144.0
2430.0,TGW397,9.113328987059699,116.05982011729337,9144.0
2430.0,TGW427,1.1570450621155688,104.1499709886493,9144.0
2430.0,TGW491,2.723943179630456,109.3026348824293,9144.0
2430.0,TGW625,6.974009277668279,102.00193117703152,9144.0
2440.0,TGW285,-4.125877951759563,110.56857283224201,9144.0
2440.0,TGW305,4.313614390342912,104.5949813683782,9144.0
2440.0,TGW351,15.542114898555733,101.41064132966483,9144.0
2440.0,TGW390,4.651628091862812,108.50067600404294,9144.0
2440.0,TGW397,9.091984973165916,116.034149589405,9144.0
2440.0,TGW427,1.1765715745507659,104.16428268187978,9144.0
2440.0,TGW491,2.7122076852374697,109.2722884629442,9144.0
2440.0,TGW625,6.940813203851853,102.00532229476873,9144.0
2440.0,TGW285,-4.125877951759563,110.56857283224201,9144.0
2440.0,TGW305,4.313614390342912,104.5949813683782,9144.0
2440.0,TGW351,15.542114898555733,101.41064132966483,9144.0
2440.0,TGW390,4.651628091862812,108.50067600404294,9144.0
2440.0,TGW397,9.091984973165916,116.034149589405,9144.0
2440.0,TGW427,1.1765715745507659,104.16428268187978,9144.0
2440.0,TGW491,2.7122076852374697,109.2722884629442,9144.0
2440.0,TGW625,6.940813203851853,102.00532229476873,9144.0
2450.0,TGW285,-4.105158554020897,110.54483868888235,9144.0
2450.0,TGW305,4.283635151162345,104.58431716980726,9144.0
2450.0,TGW351,15.517248771188292,101.39073992651038,9144.0
2450.0,TGW390,4.667190042195527,108.52722407110713,9144.0
2450.0,TGW397,9.070644703491267,116.00847739750128,9144.0
2450.0,TGW427,1.1984442578170347,104.17523848743538,9144.0
2450.0,TGW491,2.700449804276597,109.24188907810169,9144.0
2450.0,TGW625,6.907622732737341,102.00876837437328,9144.0
2450.0,TGW285,-4.105158554020897,110.54483868888235,9144.0
2450.0,TGW305,4.283635151162345,104.58431716980726,9144.0
2450.0,TGW351,15.517248771188292,101.39073992651038,9144.0
2450.0,TGW390,4.667190042195527,108.52722407110713,9144.0
2450.0,TGW397,9.070644703491267,116.00847739750128,9144.0
2450.0,TGW427,1.1984442578170347,104.17523848743538,9144.0
2450.0,TGW491,2.700449804276597,109.24188907810169,9144.0
2450.0,TGW625,6.907622732737341,102.00876837437328,9144.0
2460.0,TGW285,-4.084438308646299,110.52110590376539,9144.0
2460.0,TGW305,4.253820409782848,104.57371239006409,9144.0
2460.0,TGW351,15.492519264093257,101.37095534516799,9144.0
2460.0,TGW390,4.683126598710038,108.55354807557008,9144.0
2460.0,TGW397,9.049228197027203,115.98272013214437,9144.0
2460.0,TGW427,1.2218413741293088,104.18237918591015,9144.0
2460.0,TGW491,2.6885827695701736,109.21153252776358,9144.0
2460.0,TGW625,6.874546011856624,102.01220215775845,9144.0
2460.0,TGW285,-4.084438308646299,110.52110590376539,9144.0
2460.0,TGW305,4.253820409782848,104.57371239006409,9144.0
2460.0,TGW351,15.492519264093257,101.37095534516799,9144.0
2460.0,TGW390,4.683126598710038,108.55354807557008,9144.0
2460.0,TGW397,9.049228197027203,115.98272013214437,9144.0
2460.0,TGW427,1.2218413741293088,104.18237918591015,9144.0
2460.0,TGW491,2.6885827695701736,109.21153252776358,9144.0
2460.0,TGW625,6.874546011856624,102.01220215775845,9144.0
2470.0,TGW285,-4.063716851037446,110.49737479376739,9144.0
2470.0,TGW305,4.223004539403466,104.56654145004639,9144.0
2470.0,TGW351,15.467049443528476,101.35221168971913,9144.0
2470.0,TGW390,4.69942777137804,108.58047728876294,9144.0
2470.0,TGW397,9.028142352965322,115.95668615875684,9144.0
2470.0,TGW427,1.246103187281551,104.1855033626628,9144.0
2470.0,TGW491,2.6767141661733014,109.18117688668987,9144.0
2470.0,TGW625,6.841461445996049,102.01555815620766,9144.0
2470.0,TGW285,-4.063716851037446,110.49737479376739,9144.0
2470.0,TGW305,4.223004539403466,104.56654145004639,9144.0
2470.0,TGW351,15.467049443528476,101.35221168971913,9144.0
2470.0,TGW390,4.69942777137804,108.58047728876294,9144.0
2470.0,TGW397,9.028142352965322,115.95668615875684,9144.0
2470.0,TGW427,1.246103187281551,104.1855033626628,9144.0
2470.0,TGW491,2.6767141661733014,109.18117688668987,9144.0
2470.0,TGW625,6.841461445996049,102.01555815620766,9144.0
2480.0,TGW285,-4.043013231912339,110.4736286489455,9144.0
2480.0,TGW305,4.1916362471058815,104.56346338921833,9144.0
2480.0,TGW351,15.441673461777754,101.33354327914208,9144.0
2480.0,TGW390,4.715727895649382,108.6074077717473,9144.0
2480.0,TGW397,9.006764980616044,115.93029787198394,9144.0
2480.0,TGW427,1.2690960933445141,104.19198716681893,9144.0
2480.0,TGW491,2.6649041727929177,109.15079863732618,9144.0
2480.0,TGW625,6.808319937131396,102.01891946043902,9144.0
2480.0,TGW285,-4.043013231912339,110.4736286489455,9144.0
2480.0,TGW305,4.1916362471058815,104.56346338921833,9144.0
2480.0,TGW351,15.441673461777754,101.33354327914208,9144.0
2480.0,TGW390,4.715727895649382,108.6074077717473,9144.0
2480.0,TGW397,9.006764980616044,115.93029787198394,9144.0
2480.0,TGW427,1.2690960933445141,104.19198716681893,9144.0
2480.0,TGW491,2.6649041727929177,109.15079863732618,9144.0
2480.0,TGW625,6.808319937131396,102.01891946043902,9144.0
2490.0,TGW285,-4.022308689764801,110.44988391786089,9144.0
2490.0,TGW305,4.1604286618327695,104.56453233935187,9144.0
2490.0,TGW351,15.416295052354483,101.3148807023712,9144.0
2490.0,TGW390,4.732026967035462,108.63433952940036,9144.0
2490.0,TGW397,8.985385589961261,115.90391282017163,9144.0
2490.0,TGW427,1.2917193406772594,104.19836684970001,9144.0
2490.0,TGW491,2.653071803590857,109.12036746131655,9144.0
2490.0,TGW625,6.775179033793497,102.02228658263267,9144.0
2490.0,TGW285,-4.022308689764801,110.44988391786089,9144.0
2490.0,TGW305,4.1604286618327695,104.56453233935187,9144.0
2490.0,TGW351,15.416295052354483,101.3148807023712,9144.0
2490.0,TGW390,4.732026967035462,108.63433952940036,9144.0
2490.0,TGW397,8.985385589961261,115.90391282017163,9144.0
2490.0,TGW427,1.2917193406772594,104.19836684970001,9144.0
2490.0,TGW491,2.653071803590857,109.12036746131655,9144.0
2490.0,TGW625,6.775179033793497,102.02228658263267,9144.0
2500.0,TGW285,-4.00156496607911,110.42617418003628,9144.0
2500.0,TGW305,4.129336088981833,104.56742114594392,9144.0
2500.0,TGW351,15.391081961325893,101.29598083941006,9144.0
2500.0,TGW390,4.7483249809655135,108.66127256664862,9144.0
2500.0,TGW397,8.964004142200288,115.87753103190775,9144.0
2500.0,TGW427,1.313439379734052,104.20735424826505,9144.0
2500.0,TGW491,2.6412946516823075,109.08991511657935,9144.0
2500.0,TGW625,6.742095025582616,102.02564745879114,9144.0
2500.0,TGW285,-4.00156496607911,110.42617418003628,9144.0
2500.0,TGW305,4.129336088981833,104.56742114594392,9144.0
2500.0,TGW351,15.391081961325893,101.29598083941006,9144.0
2500.0,TGW390,4.7483249809655135,108.66127256664862,9144.0
2500.0,TGW397,8.964004142200288,115.87753103190775,9144.0
2500.0,TGW427,1.313439379734052,104.20735424826505,9144.0
2500.0,TGW491,2.6412946516823075,109.08991511657935,9144.0
2500.0,TGW625,6.742095025582616,102.02564745879114,9144.0
2510.0,TGW285,-3.98082033735358,110.40246583686526,9144.0
2510.0,TGW305,4.098243505460518,104.57030972434447,9144.0
2510.0,TGW351,15.365676585882927,101.27694440845454,9144.0
2510.0,TGW390,4.764621932774069,108.68820688847552,9144.0
2510.0,TGW397,8.942620557218218,115.851152570117,9144.0
2510.0,TGW427,1.3347302964813494,104.21182726403197,9144.0
2510.0,TGW491,2.6294953300316846,109.05940980123577,9144.0
2510.0,TGW625,6.709015166139873,102.02904925941124,9144.0
2510.0,TGW285,-3.98082033735358,110.40246583686526,9144.0
2510.0,TGW305,4.098243505460518,104.57030972434447,9144.0
2510.0,TGW351,15.365676585882927,101.27694440845454,9144.0
2510.0,TGW390,4.764621932774069,108.68820688847552,9144.0
2510.0,TGW397,8.942620557218218,115.851152570117,9144.0
2510.0,TGW427,1.3347302964813494,104.21182726403197,9144.0
2510.0,TGW491,2.6294953300316846,109.05940980123577,9144.0
2510.0,TGW625,6.709015166139873,102.02904925941124,9144.0
2520.0,TGW285,-3.960116916621994,110.378721921469,9144.0
2520.0,TGW305,4.067133405370996,104.57300196359562,9144.0
2520.0,TGW351,15.340227851645832,101.25797268152152,9144.0
2520.0,TGW390,4.780917817685696,108.71514249993076,9144.0
2520.0,TGW397,8.921234601837682,115.82477762493042,9144.0
2520.0,TGW427,1.3543395613464013,104.21594705227199,9144.0
2520.0,TGW491,2.617657997511884,109.02891953528999,9144.0
2520.0,TGW625,6.675935283059188,102.0324505965455,9144.0
2520.0,TGW285,-3.960116916621994,110.378721921469,9144.0
2520.0,TGW305,4.067133405370996,104.57300196359562,9144.0
2520.0,TGW351,15.340227851645832,101.25797268152152,9144.0
2520.0,TGW390,4.780917817685696,108.71514249993076,9144.0
2520.0,TGW397,8.921234601837682,115.82477762493042,9144.0
2520.0,TGW427,1.3543395613464013,104.21594705227199,9144.0
2520.0,TGW491,2.617657997511884,109.02891953528999,9144.0
2520.0,TGW625,6.675935283059188,102.0324505965455,9144.0
2530.0,TGW285,-3.9394126070857136,110.35497937719686,9144.0
2530.0,TGW305,4.036374134326057,104.57566363588612,9144.0
2530.0,TGW351,15.314492895122282,101.23879398865131,9144.0
2530.0,TGW390,4.797212630796269,108.74207940614166,9144.0
2530.0,TGW397,8.901208131296741,115.79733236983013,9144.0
2530.0,TGW427,1.3740343796973813,104.21963600836851,9144.0
2530.0,TGW491,2.605777666554688,108.99832264515288,9144.0
2530.0,TGW625,6.642856215267194,102.03585973206162,9144.0
2530.0,TGW285,-3.9394126070857136,110.35497937719686,9144.0
2530.0,TGW305,4.036374134326057,104.57566363588612,9144.0
2530.0,TGW351,15.314492895122282,101.23879398865131,9144.0
2530.0,TGW390,4.797212630796269,108.74207940614166,9144.0
2530.0,TGW397,8.901208131296741,115.79733236983013,9144.0
2530.0,TGW427,1.3740343796973813,104.21963600836851,9144.0
2530.0,TGW491,2.605777666554688,108.99832264515288,9144.0
2530.0,TGW625,6.642856215267194,102.03585973206162,9144.0
2540.0,TGW285,-3.9189155801183015,110.33105739765925,9144.0
2540.0,TGW305,4.00562505290907,104.57844100611604,9144.0
2540.0,TGW351,15.288754891629786,101.21962204818391,9144.0
2540.0,TGW390,4.813506367049703,108.76901761232725,9144.0
2540.0,TGW397,8.880942816832215,115.76956683889055,9144.0
2540.0,TGW427,1.3929611038095908,104.22374539108915,9144.0
2540.0,TGW491,2.5938779020788685,108.9677336119921,9144.0
2540.0,TGW625,6.609834070836897,102.03926254006501,9144.0
2540.0,TGW285,-3.9189155801183015,110.33105739765925,9144.0
2540.0,TGW305,4.00562505290907,104.57844100611604,9144.0
2540.0,TGW351,15.288754891629786,101.21962204818391,9144.0
2540.0,TGW390,4.813506367049703,108.76901761232725,9144.0
2540.0,TGW397,8.880942816832215,115.76956683889055,9144.0
2540.0,TGW427,1.3929611038095908,104.22374539108915,9144.0
2540.0,TGW491,2.5938779020788685,108.9677336119921,9144.0
2540.0,TGW625,6.609834070836897,102.03926254006501,9144.0
2550.0,TGW285,-3.8983796227920497,110.30709236650846,9144.0
2550.0,TGW305,3.975169333478097,104.58119167074325,9144.0
2550.0,TGW351,15.263178465742417,101.20022147244947,9144.0
2550.0,TGW390,4.8297990212087,108.79595712381614,9144.0
2550.0,TGW397,8.860671016980344,115.74180769114665,9144.0
2550.0,TGW427,1.411558813785539,104.22778340593653,9144.0
2550.0,TGW491,2.5819768991030294,108.93714534882352,9144.0
2550.0,TGW625,6.576811899797775,102.04266485970751,9144.0
2550.0,TGW285,-3.8983796227920497,110.30709236650846,9144.0
2550.0,TGW305,3.975169333478097,104.58119167074325,9144.0
2550.0,TGW351,15.263178465742417,101.20022147244947,9144.0
2550.0,TGW390,4.8297990212087,108.79595712381614,9144.0
2550.0,TGW397,8.860671016980344,115.74180769114665,9144.0
2550.0,TGW427,1.411558813785539,104.22778340593653,9144.0
2550.0,TGW491,2.5819768991030294,108.93714534882352,9144.0
2550.0,TGW625,6.576811899797775,102.04266485970751,9144.0
2560.0,TGW285,-3.8778908156350846,110.28308740838575,9144.0
2560.0,TGW305,3.9447403925181472,104.58422543911126,9144.0
2560.0,TGW351,15.237552665387687,101.18079098832028,9144.0
2560.0,TGW390,4.846090587817445,108.82289794606915,9144.0
2560.0,TGW397,8.840255919168051,115.71415785561524,9144.0
2560.0,TGW427,1.4302015710206675,104.23160795825171,9144.0
2560.0,TGW491,2.5700941646886073,108.90655025520576,9144.0
2560.0,TGW625,6.543797486275181,102.04614239699413,9144.0
2560.0,TGW285,-3.8778908156350846,110.28308740838575,9144.0
2560.0,TGW305,3.9447403925181472,104.58422543911126,9144.0
2560.0,TGW351,15.237552665387687,101.18079098832028,9144.0
2560.0,TGW390,4.846090587817445,108.82289794606915,9144.0
2560.0,TGW397,8.840255919168051,115.71415785561524,9144.0
2560.0,TGW427,1.4302015710206675,104.23160795825171,9144.0
2560.0,TGW491,2.5700941646886073,108.90655025520576,9144.0
2560.0,TGW625,6.543797486275181,102.04614239699413,9144.0
2570.0,TGW285,-3.8573631956926677,110.25903934444734,9144.0
2570.0,TGW305,3.91460556656319,104.58722966341621,9144.0
2570.0,TGW351,15.211806118592278,101.16153508758876,9144.0
2570.0,TGW390,4.86238106115328,108.84984008470867,9144.0
2570.0,TGW397,8.819939901089887,115.68664963452959,9144.0
2570.0,TGW427,1.4470823511951068,104.23507110068867,9144.0
2570.0,TGW491,2.558210197637968,108.87595592550068,9144.0
2570.0,TGW625,6.510887298260312,102.0495125852987,9144.0
2570.0,TGW285,-3.8573631956926677,110.25903934444734,9144.0
2570.0,TGW305,3.91460556656319,104.58722966341621,9144.0
2570.0,TGW351,15.211806118592278,101.16153508758876,9144.0
2570.0,TGW390,4.86238106115328,108.84984008470867,9144.0
2570.0,TGW397,8.819939901089887,115.68664963452959,9144.0
2570.0,TGW427,1.4470823511951068,104.23507110068867,9144.0
2570.0,TGW491,2.558210197637968,108.87595592550068,9144.0
2570.0,TGW625,6.510887298260312,102.0495125852987,9144.0
2580.0,TGW285,-3.8368112437651147,110.23501274589601,9144.0
2580.0,TGW305,3.884470727001415,104.59023364289209,9144.0
2580.0,TGW351,15.186104774348122,101.14231974524556,9144.0
2580.0,TGW390,4.878670435162964,108.87678354555749,9144.0
2580.0,TGW397,8.799711082591756,115.65907719107982,9144.0
2580.0,TGW427,1.463913021420025,104.23857774202334,9144.0
2580.0,TGW491,2.5463634770902606,108.84534740724513,9144.0
2580.0,TGW625,6.478091247574847,102.0528706425958,9144.0
2580.0,TGW285,-3.8368112437651147,110.23501274589601,9144.0
2580.0,TGW305,3.884470727001415,104.59023364289209,9144.0
2580.0,TGW351,15.186104774348122,101.14231974524556,9144.0
2580.0,TGW390,4.878670435162964,108.87678354555749,9144.0
2580.0,TGW397,8.799711082591756,115.65907719107982,9144.0
2580.0,TGW427,1.463913021420025,104.23857774202334,9144.0
2580.0,TGW491,2.5463634770902606,108.84534740724513,9144.0
2580.0,TGW625,6.478091247574847,102.0528706425958,9144.0
2590.0,TGW285,-3.8162204791295973,110.21094309316403,9144.0
2590.0,TGW305,3.8543411487259642,104.59329007191175,9144.0
2590.0,TGW351,15.160402060732588,101.1231087068784,9144.0
2590.0,TGW390,4.894958703376826,108.90372833469088,9144.0
2590.0,TGW397,8.779581435175057,115.63164664871587,9144.0
2590.0,TGW427,1.4799803459408,104.24083221940583,9144.0
2590.0,TGW491,2.534515575218742,108.81473962795678,9144.0
2590.0,TGW625,6.445295174515423,102.05622826087748,9144.0
2590.0,TGW285,-3.8162204791295973,110.21094309316403,9144.0
2590.0,TGW305,3.8543411487259642,104.59329007191175,9144.0
2590.0,TGW351,15.160402060732588,101.1231087068784,9144.0
2590.0,TGW390,4.894958703376826,108.90372833469088,9144.0
2590.0,TGW397,8.779581435175057,115.63164664871587,9144.0
2590.0,TGW427,1.4799803459408,104.24083221940583,9144.0
2590.0,TGW491,2.534515575218742,108.81473962795678,9144.0
2590.0,TGW625,6.445295174515423,102.05622826087748,9144.0
2600.0,TGW285,-3.795626008678207,110.18687720068951,9144.0
2600.0,TGW305,3.824270496286953,104.59634030109207,9144.0
2600.0,TGW351,15.13460214867035,101.10383342827897,9144.0
2600.0,TGW390,4.9112458587903305,108.93067445850872,9144.0
2600.0,TGW397,8.759447986001064,115.60422044994371,9144.0
2600.0,TGW427,1.4951710894533337,104.23885924240206,9144.0
2600.0,TGW491,2.522794499960905,108.78408323870273,9144.0
2600.0,TGW625,6.412497178236971,102.05956658397228,9144.0
2600.0,TGW285,-3.795626008678207,110.18687720068951,9144.0
2600.0,TGW305,3.824270496286953,104.59634030109207,9144.0
2600.0,TGW351,15.13460214867035,101.10383342827897,9144.0
2600.0,TGW390,4.9112458587903305,108.93067445850872,9144.0
2600.0,TGW397,8.759447986001064,115.60422044994371,9144.0
2600.0,TGW427,1.4951710894533337,104.23885924240206,9144.0
2600.0,TGW491,2.522794499960905,108.78408323870273,9144.0
2600.0,TGW625,6.412497178236971,102.05956658397228,9144.0
2610.0,TGW285,-3.774981727467162,110.16285478425323,9144.0
2610.0,TGW305,3.794181491402038,104.59920287245066,9144.0
2610.0,TGW351,15.10888455295832,101.08444280943628,9144.0
2610.0,TGW390,4.927531893695971,108.95762192383766,9144.0
2610.0,TGW397,8.739321591460813,115.5767904338475,9144.0
2610.0,TGW427,1.5085000853880846,104.23303463301222,9144.0
2610.0,TGW491,2.511092864412441,108.75348135044197,9144.0
2610.0,TGW625,6.379642058203254,102.0629102863081,9144.0
2610.0,TGW285,-3.774981727467162,110.16285478425323,9144.0
2610.0,TGW305,3.794181491402038,104.59920287245066,9144.0
2610.0,TGW351,15.10888455295832,101.08444280943628,9144.0
2610.0,TGW390,4.927531893695971,108.95762192383766,9144.0
2610.0,TGW397,8.739321591460813,115.5767904338475,9144.0
2610.0,TGW427,1.5085000853880846,104.23303463301222,9144.0
2610.0,TGW491,2.511092864412441,108.75348135044197,9144.0
2610.0,TGW625,6.379642058203254,102.0629102863081,9144.0
2620.0,TGW285,-3.7543366929711786,110.13883358754698,9144.0
2620.0,TGW305,3.7638568287014516,104.60208765921674,9144.0
2620.0,TGW351,15.083211425131946,101.06509368025004,9144.0
2620.0,TGW390,4.943816799436383,108.9845707380813,9144.0
2620.0,TGW397,8.719158047450131,115.54931813481922,9144.0
2620.0,TGW427,1.5194106495947701,104.22535623010288,9144.0
2620.0,TGW491,2.4993214675089277,108.7229065552795,9144.0
2620.0,TGW625,6.346788936039761,102.06627359066756,9144.0
2620.0,TGW285,-3.7543366929711786,110.13883358754698,9144.0
2620.0,TGW305,3.7638568287014516,104.60208765921674,9144.0
2620.0,TGW351,15.083211425131946,101.06509368025004,9144.0
2620.0,TGW390,4.943816799436383,108.9845707380813,9144.0
2620.0,TGW397,8.719158047450131,115.54931813481922,9144.0
2620.0,TGW427,1.5194106495947701,104.22535623010288,9144.0
2620.0,TGW491,2.4993214675089277,108.7229065552795,9144.0
2620.0,TGW625,6.346788936039761,102.06627359066756,9144.0
2630.0,TGW285,-3.733690830001374,110.11481367236061,9144.0
2630.0,TGW305,3.733546151810913,104.6051163657485,9144.0
2630.0,TGW351,15.057544444392235,101.04573814038076,9144.0
2630.0,TGW390,4.960100566026429,109.01152090944998,9144.0
2630.0,TGW397,8.698988771671653,115.52185162370787,9144.0
2630.0,TGW427,1.5301461658991882,104.21780091532099,9144.0
2630.0,TGW491,2.4875282919161794,108.69227870845296,9144.0
2630.0,TGW625,6.313935791980576,102.06963646457176,9144.0
2630.0,TGW285,-3.733690830001374,110.11481367236061,9144.0
2630.0,TGW305,3.733546151810913,104.6051163657485,9144.0
2630.0,TGW351,15.057544444392235,101.04573814038076,9144.0
2630.0,TGW390,4.960100566026429,109.01152090944998,9144.0
2630.0,TGW397,8.698988771671653,115.52185162370787,9144.0
2630.0,TGW427,1.5301461658991882,104.21780091532099,9144.0
2630.0,TGW491,2.4875282919161794,108.69227870845296,9144.0
2630.0,TGW625,6.313935791980576,102.06963646457176,9144.0
2640.0,TGW285,-3.7130428065561114,110.09079618551424,9144.0
2640.0,TGW305,3.703059236749534,104.60816246868578,9144.0
2640.0,TGW351,15.031827829404268,101.02635314730857,9144.0
2640.0,TGW390,4.976383181543996,109.03847244733133,9144.0
2640.0,TGW397,8.678816325934422,115.49438897282953,9144.0
2640.0,TGW427,1.5394955917739568,104.2085844661461,9144.0
2640.0,TGW491,2.4757303721508785,108.66165296553972,9144.0
2640.0,TGW625,6.281350969650523,102.07502892813821,9144.0
2640.0,TGW285,-3.7130428065561114,110.09079618551424,9144.0
2640.0,TGW305,3.703059236749534,104.60816246868578,9144.0
2640.0,TGW351,15.031827829404268,101.02635314730857,9144.0
2640.0,TGW390,4.976383181543996,109.03847244733133,9144.0
2640.0,TGW397,8.678816325934422,115.49438897282953,9144.0
2640.0,TGW427,1.5394955917739568,104.2085844661461,9144.0
2640.0,TGW491,2.4757303721508785,108.66165296553972,9144.0
2640.0,TGW625,6.281350969650523,102.07502892813821,9144.0
2650.0,TGW285,-3.6924222640838535,110.0667555609683,9144.0
2650.0,TGW305,3.6725687963815927,104.61117282698933,9144.0
2650.0,TGW351,15.006003157742574,101.00712510782915,9144.0
2650.0,TGW390,4.992664631080632,109.06542536292848,9144.0
2650.0,TGW397,8.658636866547045,115.46693306956834,9144.0
2650.0,TGW427,1.5473046929697913,104.19767724924651,9144.0
2650.0,TGW491,2.463952092593796,108.63108164408396,9144.0
2650.0,TGW625,6.24876609117607,102.08042071167222,9144.0
2650.0,TGW285,-3.6924222640838535,110.0667555609683,9144.0
2650.0,TGW305,3.6725687963815927,104.61117282698933,9144.0
2650.0,TGW351,15.006003157742574,101.00712510782915,9144.0
2650.0,TGW390,4.992664631080632,109.06542536292848,9144.0
2650.0,TGW397,8.658636866547045,115.46693306956834,9144.0
2650.0,TGW427,1.5473046929697913,104.19767724924651,9144.0
2650.0,TGW491,2.463952092593796,108.63108164408396,9144.0
2650.0,TGW625,6.24876609117607,102.08042071167222,9144.0
2660.0,TGW285,-3.6717241105282983,110.04262839325257,9144.0
2660.0,TGW305,3.641961049323052,104.61419455801554,9144.0
2660.0,TGW351,14.980176347740313,100.98790246780216,9144.0
2660.0,TGW390,5.0089448947668265,109.09237967046121,9144.0
2660.0,TGW397,8.638454626155248,115.43948072877521,9144.0
2660.0,TGW427,1.554989184645501,104.18694386318265,9144.0
2660.0,TGW491,2.4521651300178555,108.60051394551535,9144.0
2660.0,TGW625,6.217099327658648,102.08984187217911,9144.0
2660.0,TGW285,-3.6717241105282983,110.04262839325257,9144.0
2660.0,TGW305,3.641961049323052,104.61419455801554,9144.0
2660.0,TGW351,14.980176347740313,100.98790246780216,9144.0
2660.0,TGW390,5.0089448947668265,109.09237967046121,9144.0
2660.0,TGW397,8.638454626155248,115.43948072877521,9144.0
2660.0,TGW427,1.554989184645501,104.18694386318265,9144.0
2660.0,TGW491,2.4521651300178555,108.60051394551535,9144.0
2660.0,TGW625,6.217099327658648,102.08984187217911,9144.0
2670.0,TGW285,-3.651036835556621,110.01849241654811,9144.0
2670.0,TGW305,3.6113471362437113,104.61715280788033,9144.0
2670.0,TGW351,14.95440958320807,100.96859599163894,9144.0
2670.0,TGW390,5.025223943563447,109.11933538972586,9144.0
2670.0,TGW397,8.618382277378432,115.41194754600627,9144.0
2670.0,TGW427,1.5594701492969385,104.17452583918916,9144.0
2670.0,TGW491,2.4403771353276578,108.56994691435142,9144.0
2670.0,TGW625,6.185498278510944,102.09928233371083,9144.0
2670.0,TGW285,-3.651036835556621,110.01849241654811,9144.0
2670.0,TGW305,3.6113471362437113,104.61715280788033,9144.0
2670.0,TGW351,14.95440958320807,100.96859599163894,9144.0
2670.0,TGW390,5.025223943563447,109.11933538972586,9144.0
2670.0,TGW397,8.618382277378432,115.41194754600627,9144.0
2670.0,TGW427,1.5594701492969385,104.17452583918916,9144.0
2670.0,TGW491,2.4403771353276578,108.56994691435142,9144.0
2670.0,TGW625,6.185498278510944,102.09928233371083,9144.0
2680.0,TGW285,-3.63034815997934,109.99435819977181,9144.0
2680.0,TGW305,3.580733213418315,104.62011085715274,9144.0
2680.0,TGW351,14.92864099042915,100.94929444648913,9144.0
2680.0,TGW390,5.041501728414974,109.14629255269335,9144.0
2680.0,TGW397,8.59830724384085,115.38441782591661,9144.0
2680.0,TGW427,1.562545299321316,104.16190740181747,9144.0
2680.0,TGW491,2.428629188181671,108.53936470781936,9144.0
2680.0,TGW625,6.154168701221891,102.10959709476512,9144.0
2680.0,TGW285,-3.63034815997934,109.99435819977181,9144.0
2680.0,TGW305,3.580733213418315,104.62011085715274,9144.0
2680.0,TGW351,14.92864099042915,100.94929444648913,9144.0
2680.0,TGW390,5.041501728414974,109.14629255269335,9144.0
2680.0,TGW397,8.59830724384085,115.38441782591661,9144.0
2680.0,TGW427,1.562545299321316,104.16190740181747,9144.0
2680.0,TGW491,2.428629188181671,108.53936470781936,9144.0
2680.0,TGW625,6.154168701221891,102.10959709476512,9144.0
2690.0,TGW285,-3.609603471490473,109.97027285780499,9144.0
2690.0,TGW305,3.5501235614803597,104.62311284956111,9144.0
2690.0,TGW351,14.90287000879757,100.9299986297556,9144.0
2690.0,TGW390,5.057778141154896,109.17325122729093,9144.0
2690.0,TGW397,8.578116869969785,115.35697597972542,9144.0
2690.0,TGW427,1.5656033112925207,104.14935838723225,9144.0
2690.0,TGW491,2.4168801978864947,108.50878316807639,9144.0
2690.0,TGW625,6.122948116768131,102.11987467362579,9144.0
2690.0,TGW285,-3.609603471490473,109.97027285780499,9144.0
2690.0,TGW305,3.5501235614803597,104.62311284956111,9144.0
2690.0,TGW351,14.90287000879757,100.9299986297556,9144.0
2690.0,TGW390,5.057778141154896,109.17325122729093,9144.0
2690.0,TGW397,8.578116869969785,115.35697597972542,9144.0
2690.0,TGW427,1.5656033112925207,104.14935838723225,9144.0
2690.0,TGW491,2.4168801978864947,108.50878316807639,9144.0
2690.0,TGW625,6.122948116768131,102.11987467362579,9144.0
2700.0,TGW285,-3.58885744143203,109.94618922452197,9144.0
2700.0,TGW305,3.5195138996787083,104.62611464194113,9144.0
2700.0,TGW351,14.877099141447529,100.9107049571412,9144.0
2700.0,TGW390,5.074052683620001,109.20021171868628,9144.0
2700.0,TGW397,8.557924038451032,115.32953744007018,9144.0
2700.0,TGW427,1.5688475118596787,104.13685622843131,9144.0
2700.0,TGW491,2.4050589364747506,108.47822980703057,9144.0
2700.0,TGW625,6.0917273144130695,102.13015098374844,9144.0
2700.0,TGW285,-3.58885744143203,109.94618922452197,9144.0
2700.0,TGW305,3.5195138996787083,104.62611464194113,9144.0
2700.0,TGW351,14.877099141447529,100.9107049571412,9144.0
2700.0,TGW390,5.074052683620001,109.20021171868628,9144.0
2700.0,TGW397,8.557924038451032,115.32953744007018,9144.0
2700.0,TGW427,1.5688475118596787,104.13685622843131,9144.0
2700.0,TGW491,2.4050589364747506,108.47822980703057,9144.0
2700.0,TGW625,6.0917273144130695,102.13015098374844,9144.0
2710.0,TGW285,-3.5681918079794337,109.92203684307997,9144.0
2710.0,TGW305,3.488902824086272,104.62910183006203,9144.0
2710.0,TGW351,14.851326079049057,100.8914167267147,9144.0
2710.0,TGW390,5.092586917057202,109.22566025828158,9144.0
2710.0,TGW397,8.537726290398458,115.3021040548683,9144.0
2710.0,TGW427,1.5721094941565843,104.12428477093664,9144.0
2710.0,TGW491,2.3932366880439586,108.44767709268964,9144.0
2710.0,TGW625,6.06051421953464,102.14045034950452,9144.0
2710.0,TGW285,-3.5681918079794337,109.92203684307997,9144.0
2710.0,TGW305,3.488902824086272,104.62910183006203,9144.0
2710.0,TGW351,14.851326079049057,100.8914167267147,9144.0
2710.0,TGW390,5.092586917057202,109.22566025828158,9144.0
2710.0,TGW397,8.537726290398458,115.3021040548683,9144.0
2710.0,TGW427,1.5721094941565843,104.12428477093664,9144.0
2710.0,TGW491,2.3932366880439586,108.44767709268964,9144.0
2710.0,TGW625,6.06051421953464,102.14045034950452,9144.0
2720.0,TGW285,-3.54752498280367,109.89788602697698,9144.0
2720.0,TGW305,3.4584090480971126,104.6320773760069,9144.0
2720.0,TGW351,14.825580625614219,100.87209137313903,9144.0
2720.0,TGW390,5.111188734990088,109.25120522063615,9144.0
2720.0,TGW397,8.517580047579925,115.274633419577,9144.0
2720.0,TGW427,1.5725957792879344,104.11130580664256,9144.0
2720.0,TGW491,2.38142482818159,108.4171206161759,9144.0
2720.0,TGW625,6.029246307142766,102.15076648143541,9144.0
2720.0,TGW285,-3.54752498280367,109.89788602697698,9144.0
2720.0,TGW305,3.4584090480971126,104.6320773760069,9144.0
2720.0,TGW351,14.825580625614219,100.87209137313903,9144.0
2720.0,TGW390,5.111188734990088,109.25120522063615,9144.0
2720.0,TGW397,8.517580047579925,115.274633419577,9144.0
2720.0,TGW427,1.5725957792879344,104.11130580664256,9144.0
2720.0,TGW491,2.38142482818159,108.4171206161759,9144.0
2720.0,TGW625,6.029246307142766,102.15076648143541,9144.0
2730.0,TGW285,-3.5267815939080673,109.87380173229745,9144.0
2730.0,TGW305,3.4279142134553555,104.63504191799865,9144.0
2730.0,TGW351,14.799786012233238,100.85273597169702,9144.0
2730.0,TGW390,5.130908930218321,109.27589087117681,9144.0
2730.0,TGW397,8.497361829185705,115.24707514450034,9144.0
2730.0,TGW427,1.5690186789655503,104.09874609633874,9144.0
2730.0,TGW491,2.369612004768999,108.3865647741358,9144.0
2730.0,TGW625,5.997927801985489,102.16092566190919,9144.0
2730.0,TGW285,-3.5267815939080673,109.87380173229745,9144.0
2730.0,TGW305,3.4279142134553555,104.63504191799865,9144.0
2730.0,TGW351,14.799786012233238,100.85273597169702,9144.0
2730.0,TGW390,5.130908930218321,109.27589087117681,9144.0
2730.0,TGW397,8.497361829185705,115.24707514450034,9144.0
2730.0,TGW427,1.5690186789655503,104.09874609633874,9144.0
2730.0,TGW491,2.369612004768999,108.3865647741358,9144.0
2730.0,TGW625,5.997927801985489,102.16092566190919,9144.0
2740.0,TGW285,-3.506037091569291,109.84971893610994,9144.0
2740.0,TGW305,3.3974780867912298,104.63800056241801,9144.0
2740.0,TGW351,14.773981292865216,100.83339728587663,9144.0
2740.0,TGW390,5.150664524011337,109.3006238868398,9144.0
2740.0,TGW397,8.477078478018123,115.2195672963146,9144.0
2740.0,TGW427,1.5617488294072004,104.08798512895295,9144.0
2740.0,TGW491,2.3577900768244895,108.35601271968818,9144.0
2740.0,TGW625,5.966554436957401,102.17110135520998,9144.0
2740.0,TGW285,-3.506037091569291,109.84971893610994,9144.0
2740.0,TGW305,3.3974780867912298,104.63800056241801,9144.0
2740.0,TGW351,14.773981292865216,100.83339728587663,9144.0
2740.0,TGW390,5.150664524011337,109.3006238868398,9144.0
2740.0,TGW397,8.477078478018123,115.2195672963146,9144.0
2740.0,TGW427,1.5617488294072004,104.08798512895295,9144.0
2740.0,TGW491,2.3577900768244895,108.35601271968818,9144.0
2740.0,TGW625,5.966554436957401,102.17110135520998,9144.0
2750.0,TGW285,-3.485314421617814,109.8256178130984,9144.0
2750.0,TGW305,3.3670466445299616,104.64100707907873,9144.0
2750.0,TGW351,14.748127468866064,100.81402855209276,9144.0
2750.0,TGW390,5.170491716528261,109.32545007965483,9144.0
2750.0,TGW397,8.456724964585343,115.19197065358905,9144.0
2750.0,TGW427,1.5514899949999665,104.08002485977228,9144.0
2750.0,TGW491,2.3460484920180513,108.32542990323346,9144.0
2750.0,TGW625,5.935231103239502,102.18143110031848,9144.0
2750.0,TGW285,-3.485314421617814,109.8256178130984,9144.0
2750.0,TGW305,3.3670466445299616,104.64100707907873,9144.0
2750.0,TGW351,14.748127468866064,100.81402855209276,9144.0
2750.0,TGW390,5.170491716528261,109.32545007965483,9144.0
2750.0,TGW397,8.456724964585343,115.19197065358905,9144.0
2750.0,TGW427,1.5514899949999665,104.08002485977228,9144.0
2750.0,TGW491,2.3460484920180513,108.32542990323346,9144.0
2750.0,TGW625,5.935231103239502,102.18143110031848,9144.0
2760.0,TGW285,-3.464590707608362,109.80151812048278,9144.0
2760.0,TGW305,3.3362635482301304,104.64404814510519,9144.0
2760.0,TGW351,14.722322599947555,100.79459243752684,9144.0
2760.0,TGW390,5.1903189090451844,109.350277051371,9144.0
2760.0,TGW397,8.436368478769538,115.16437770764007,9144.0
2760.0,TGW427,1.5426974231957595,104.0712638713556,9144.0
2760.0,TGW491,2.3343029677121305,108.29484885828676,9144.0
2760.0,TGW625,5.9040167395150895,102.19172363015075,9144.0
2760.0,TGW285,-3.464590707608362,109.80151812048278,9144.0
2760.0,TGW305,3.3362635482301304,104.64404814510519,9144.0
2760.0,TGW351,14.722322599947555,100.79459243752684,9144.0
2760.0,TGW390,5.1903189090451844,109.350277051371,9144.0
2760.0,TGW397,8.436368478769538,115.16437770764007,9144.0
2760.0,TGW427,1.5426974231957595,104.0712638713556,9144.0
2760.0,TGW491,2.3343029677121305,108.29484885828676,9144.0
2760.0,TGW625,5.9040167395150895,102.19172363015075,9144.0
2770.0,TGW285,-3.4439114494415235,109.7773806568886,9144.0
2770.0,TGW305,3.305469678514454,104.64697763288282,9144.0
2770.0,TGW351,14.696468737386652,100.77512618090925,9144.0
2770.0,TGW397,8.416025769514253,115.13677583178345,9144.0
2770.0,TGW427,1.533904806698315,104.06250296393114,9144.0
2770.0,TGW491,2.322477418658292,108.26429897708114,9144.0
2770.0,TGW625,5.872801777082256,102.20201374646608,9144.0
2770.0,TGW285,-3.4439114494415235,109.7773806568886,9144.0
2770.0,TGW305,3.305469678514454,104.64697763288282,9144.0
2770.0,TGW351,14.696468737386652,100.77512618090925,9144.0
2770.0,TGW397,8.416025769514253,115.13677583178345,9144.0
2770.0,TGW427,1.533904806698315,104.06250296393114,9144.0
2770.0,TGW491,2.322477418658292,108.26429897708114,9144.0
2770.0,TGW625,5.872801777082256,102.20201374646608,9144.0
2780.0,TGW285,-3.4232314934439367,109.75324431602209,9144.0
2780.0,TGW305,3.274150846004824,104.64995687356563,9144.0
2780.0,TGW351,14.670224010122421,100.75622948532424,9144.0
2780.0,TGW397,8.395680185835642,115.10917756921091,9144.0
2780.0,TGW427,1.5251119978866665,104.05374228555807,9144.0
2780.0,TGW491,2.310648543543953,108.23375064082018,9144.0
2780.0,TGW625,5.841695934595532,102.21226663677058,9144.0
2780.0,TGW285,-3.4232314934439367,109.75324431602209,9144.0
2780.0,TGW305,3.274150846004824,104.64995687356563,9144.0
2780.0,TGW351,14.670224010122421,100.75622948532424,9144.0
2780.0,TGW397,8.395680185835642,115.10917756921091,9144.0
2780.0,TGW427,1.5251119978866665,104.05374228555807,9144.0
2780.0,TGW491,2.310648543543953,108.23375064082018,9144.0
2780.0,TGW625,5.841695934595532,102.21226663677058,9144.0
2790.0,TGW285,-3.40255076186306,109.72910916160438,9144.0
2790.0,TGW305,3.242840302327014,104.65302218164696,9144.0
2790.0,TGW351,14.643929757716716,100.73730358977195,9144.0
2790.0,TGW397,8.375285839298899,115.08161755258475,9144.0
2790.0,TGW427,1.5152390759809922,104.04622074472607,9144.0
2790.0,TGW491,2.2989029036419995,108.20317040469746,9144.0
2790.0,TGW625,5.810579980131838,102.22248790913744,9144.0
2790.0,TGW285,-3.40255076186306,109.72910916160438,9144.0
2790.0,TGW305,3.242840302327014,104.65302218164696,9144.0
2790.0,TGW351,14.643929757716716,100.73730358977195,9144.0
2790.0,TGW397,8.375285839298899,115.08161755258475,9144.0
2790.0,TGW427,1.5152390759809922,104.04622074472607,9144.0
2790.0,TGW491,2.2989029036419995,108.20317040469746,9144.0
2790.0,TGW625,5.810579980131838,102.22248790913744,9144.0
2800.0,TGW285,-3.381865633014476,109.7049783054922,9144.0
2800.0,TGW305,3.21141355823571,104.65609867338007,9144.0
2800.0,TGW351,14.616230590383696,100.72065774471135,9144.0
2800.0,TGW397,8.354888851760485,115.05406097540055,9144.0
2800.0,TGW427,1.5033963399617036,104.04227664401554,9144.0
2800.0,TGW491,2.2871535610123073,108.17259184440397,9144.0
2800.0,TGW625,5.7795733310998445,102.23267205112437,9144.0
2800.0,TGW285,-3.381865633014476,109.7049783054922,9144.0
2800.0,TGW305,3.21141355823571,104.65609867338007,9144.0
2800.0,TGW351,14.616230590383696,100.72065774471135,9144.0
2800.0,TGW397,8.354888851760485,115.05406097540055,9144.0
2800.0,TGW427,1.5033963399617036,104.04227664401554,9144.0
2800.0,TGW491,2.2871535610123073,108.17259184440397,9144.0
2800.0,TGW625,5.7795733310998445,102.23267205112437,9144.0
2810.0,TGW285,-3.361109357870024,109.6809093464189,9144.0
2810.0,TGW305,3.1799961986855902,104.65926976237087,9144.0
2810.0,TGW351,14.58847993736998,100.70398626281172,9144.0
2810.0,TGW397,8.334551953841165,115.0264605026565,9144.0
2810.0,TGW427,1.4920453239400318,104.03762566772322,9144.0
2810.0,TGW491,2.275334376492751,108.14204050543249,9144.0
2810.0,TGW625,5.7488903365592385,102.24380192227,9144.0
2810.0,TGW285,-3.361109357870024,109.6809093464189,9144.0
2810.0,TGW305,3.1799961986855902,104.65926976237087,9144.0
2810.0,TGW351,14.58847993736998,100.70398626281172,9144.0
2810.0,TGW397,8.334551953841165,115.0264605026565,9144.0
2810.0,TGW427,1.4920453239400318,104.03762566772322,9144.0
2810.0,TGW491,2.275334376492751,108.14204050543249,9144.0
2810.0,TGW625,5.7488903365592385,102.24380192227,9144.0
2820.0,TGW285,-3.340389152202036,109.65688677101546,9144.0
2820.0,TGW305,3.148636887884091,104.66243479797431,9144.0
2820.0,TGW351,14.560987023423033,100.68686703143011,9144.0
2820.0,TGW397,8.314212651760139,114.99886327303669,9144.0
2820.0,TGW427,1.4806277870793345,104.03294748972833,9144.0
2820.0,TGW491,2.2635127264010135,108.11149037171911,9144.0
2820.0,TGW625,5.718261344879935,102.25491088484702,9144.0
2820.0,TGW285,-3.340389152202036,109.65688677101546,9144.0
2820.0,TGW305,3.148636887884091,104.66243479797431,9144.0
2820.0,TGW351,14.560987023423033,100.68686703143011,9144.0
2820.0,TGW397,8.314212651760139,114.99886327303669,9144.0
2820.0,TGW427,1.4806277870793345,104.03294748972833,9144.0
2820.0,TGW491,2.2635127264010135,108.11149037171911,9144.0
2820.0,TGW625,5.718261344879935,102.25491088484702,9144.0
2830.0,TGW285,-3.3196631801561107,109.63286969295812,9144.0
2830.0,TGW305,3.1172118559792166,104.66485932987177,9144.0
2830.0,TGW351,14.533443032040195,100.66972148460681,9144.0
2830.0,TGW397,8.293868907638744,114.97127081769611,9144.0
2830.0,TGW427,1.4692602415716443,104.02814905954727,9144.0
2830.0,TGW491,2.251690000266148,108.08094090357613,9144.0
2830.0,TGW625,5.687993109226563,102.26697666346747,9144.0
2830.0,TGW285,-3.3196631801561107,109.63286969295812,9144.0
2830.0,TGW305,3.1172118559792166,104.66485932987177,9144.0
2830.0,TGW351,14.533443032040195,100.66972148460681,9144.0
2830.0,TGW397,8.293868907638744,114.97127081769611,9144.0
2830.0,TGW427,1.4692602415716443,104.02814905954727,9144.0
2830.0,TGW491,2.251690000266148,108.08094090357613,9144.0
2830.0,TGW625,5.687993109226563,102.26697666346747,9144.0
2840.0,TGW285,-3.2989352698481365,109.60885479568361,9144.0
2840.0,TGW305,3.0855630600215957,104.66318193864763,9144.0
2840.0,TGW351,14.505774769739157,100.65279293791758,9144.0
2840.0,TGW397,8.273510614371695,114.94369075020974,9144.0
2840.0,TGW427,1.4585565522932828,104.02363090607302,9144.0
2840.0,TGW491,2.2398857746969782,108.050446307641,9144.0
2840.0,TGW625,5.657831907721513,102.27899838279488,9144.0
2840.0,TGW285,-3.2989352698481365,109.60885479568361,9144.0
2840.0,TGW305,3.0855630600215957,104.66318193864763,9144.0
2840.0,TGW351,14.505774769739157,100.65279293791758,9144.0
2840.0,TGW397,8.273510614371695,114.94369075020974,9144.0
2840.0,TGW427,1.4585565522932828,104.02363090607302,9144.0
2840.0,TGW491,2.2398857746969782,108.050446307641,9144.0
2840.0,TGW625,5.657831907721513,102.27899838279488,9144.0
2850.0,TGW285,-3.2782819529868172,109.58477600217367,9144.0
2850.0,TGW305,3.0542212841762257,104.65740817033976,9144.0
2850.0,TGW351,14.478155001413926,100.63589940965585,9144.0
2850.0,TGW397,8.25318288203587,114.91616058906338,9144.0
2850.0,TGW427,1.447831846327125,104.01916292270663,9144.0
2850.0,TGW491,2.2281855044470276,108.01991185690724,9144.0
2850.0,TGW625,5.627670433970041,102.29101878713415,9144.0
2850.0,TGW285,-3.2782819529868172,109.58477600217367,9144.0
2850.0,TGW305,3.0542212841762257,104.65740817033976,9144.0
2850.0,TGW351,14.478155001413926,100.63589940965585,9144.0
2850.0,TGW397,8.25318288203587,114.91616058906338,9144.0
2850.0,TGW427,1.447831846327125,104.01916292270663,9144.0
2850.0,TGW491,2.2281855044470276,108.01991185690724,9144.0
2850.0,TGW625,5.627670433970041,102.29101878713415,9144.0
2860.0,TGW285,-3.2576268988691326,109.56069919937467,9144.0
2860.0,TGW305,3.0236518540194175,104.64760093081712,9144.0
2860.0,TGW351,14.448671720174946,100.62279068752582,9144.0
2860.0,TGW397,8.23286411628616,114.88862508485389,9144.0
2860.0,TGW427,1.4373742271565766,104.01480625736251,9144.0
2860.0,TGW491,2.216483584244841,107.98937828141659,9144.0
2860.0,TGW625,5.597530783696815,102.30309371169822,9144.0
2860.0,TGW285,-3.2576268988691326,109.56069919937467,9144.0
2860.0,TGW305,3.0236518540194175,104.64760093081712,9144.0
2860.0,TGW351,14.448671720174946,100.62279068752582,9144.0
2860.0,TGW397,8.23286411628616,114.88862508485389,9144.0
2860.0,TGW427,1.4373742271565766,104.01480625736251,9144.0
2860.0,TGW491,2.216483584244841,107.98937828141659,9144.0
2860.0,TGW625,5.597530783696815,102.30309371169822,9144.0
2870.0,TGW285,-3.236889949688648,109.53669361703352,9144.0
2870.0,TGW305,2.994473013535189,104.63392748072316,9144.0
2870.0,TGW351,14.417915685699379,100.61372835061083,9144.0
2870.0,TGW397,8.212542373614578,114.86109323474084,9144.0
2870.0,TGW427,1.4269747776230608,104.01031244365481,9144.0
2870.0,TGW491,2.2045855099777767,107.95892096388859,9144.0
2870.0,TGW625,5.56744452692171,102.31514584068786,9144.0
2870.0,TGW285,-3.236889949688648,109.53669361703352,9144.0
2870.0,TGW305,2.994473013535189,104.63392748072316,9144.0
2870.0,TGW351,14.417915685699379,100.61372835061083,9144.0
2870.0,TGW397,8.212542373614578,114.86109323474084,9144.0
2870.0,TGW427,1.4269747776230608,104.01031244365481,9144.0
2870.0,TGW491,2.2045855099777767,107.95892096388859,9144.0
2870.0,TGW625,5.56744452692171,102.31514584068786,9144.0
2880.0,TGW285,-3.2161140851205254,109.5126451206604,9144.0
2880.0,TGW305,2.967269974864745,104.61664590882401,9144.0
2880.0,TGW351,14.386457190180499,100.60886320148377,9144.0
2880.0,TGW397,8.19225257618771,114.83353875009962,9144.0
2880.0,TGW427,1.4167081032046602,104.00587669748265,9144.0
2880.0,TGW491,2.19272786418818,107.92857193392041,9144.0
2880.0,TGW625,5.53734460136894,102.32716285255532,9144.0
2880.0,TGW285,-3.2161140851205254,109.5126451206604,9144.0
2880.0,TGW305,2.967269974864745,104.61664590882401,9144.0
2880.0,TGW351,14.386457190180499,100.60886320148377,9144.0
2880.0,TGW397,8.19225257618771,114.83353875009962,9144.0
2880.0,TGW427,1.4167081032046602,104.00587669748265,9144.0
2880.0,TGW491,2.19272786418818,107.92857193392041,9144.0
2880.0,TGW625,5.53734460136894,102.32716285255532,9144.0
2890.0,TGW285,-3.1954206508502048,109.48852592164275,9144.0
2890.0,TGW305,2.942288624800171,104.59591236300203,9144.0
2890.0,TGW351,14.354653665369884,100.60822586566456,9144.0
2890.0,TGW397,8.171994519192596,114.80603329352334,9144.0
2890.0,TGW427,1.4070561509798434,104.00185297617482,9144.0
2890.0,TGW491,2.1810414902393935,107.89815668201346,9144.0
2890.0,TGW625,5.507190725560912,102.33920002135093,9144.0
2890.0,TGW285,-3.1954206508502048,109.48852592164275,9144.0
2890.0,TGW305,2.942288624800171,104.59591236300203,9144.0
2890.0,TGW351,14.354653665369884,100.60822586566456,9144.0
2890.0,TGW397,8.171994519192596,114.80603329352334,9144.0
2890.0,TGW427,1.4070561509798434,104.00185297617482,9144.0
2890.0,TGW491,2.1810414902393935,107.89815668201346,9144.0
2890.0,TGW625,5.507190725560912,102.33920002135093,9144.0
2900.0,TGW285,-3.1747263705555357,109.4644079355226,9144.0
2900.0,TGW305,2.920125057674953,104.57218363148418,9144.0
2900.0,TGW351,14.323212098050334,100.61182918289632,9144.0
2900.0,TGW397,8.15173409406426,114.77853101207025,9144.0
2900.0,TGW427,1.3974714666480847,103.99785733408982,9144.0
2900.0,TGW491,2.1693537044710336,107.86774220904566,9144.0
2900.0,TGW625,5.477031736126498,102.35122364451502,9144.0
2900.0,TGW285,-3.1747263705555357,109.4644079355226,9144.0
2900.0,TGW305,2.920125057674953,104.57218363148418,9144.0
2900.0,TGW351,14.323212098050334,100.61182918289632,9144.0
2900.0,TGW397,8.15173409406426,114.77853101207025,9144.0
2900.0,TGW427,1.3974714666480847,103.99785733408982,9144.0
2900.0,TGW491,2.1693537044710336,107.86774220904566,9144.0
2900.0,TGW625,5.477031736126498,102.35122364451502,9144.0
2910.0,TGW285,-3.154000479032967,109.44031767459573,9144.0
2910.0,TGW305,2.901134841410591,104.54584042523679,9144.0
2910.0,TGW351,14.2916200560993,100.61352617356683,9144.0
2910.0,TGW397,8.131468482080418,114.75103402227309,9144.0
2910.0,TGW427,1.387685051568074,103.99377763262288,9144.0
2910.0,TGW491,2.1575774432660477,107.83736216851764,9144.0
2910.0,TGW625,5.44681882549819,102.36326739656799,9144.0
2910.0,TGW285,-3.154000479032967,109.44031767459573,9144.0
2910.0,TGW305,2.901134841410591,104.54584042523679,9144.0
2910.0,TGW351,14.2916200560993,100.61352617356683,9144.0
2910.0,TGW397,8.131468482080418,114.75103402227309,9144.0
2910.0,TGW427,1.387685051568074,103.99377763262288,9144.0
2910.0,TGW491,2.1575774432660477,107.83736216851764,9144.0
2910.0,TGW625,5.44681882549819,102.36326739656799,9144.0
2920.0,TGW285,-3.133273805809138,109.41622856687016,9144.0
2920.0,TGW305,2.8819385597318976,104.51936185341755,9144.0
2920.0,TGW351,14.260378000000612,100.61520389453355,9144.0
2920.0,TGW397,8.111154759202325,114.72357467080388,9144.0
2920.0,TGW427,1.3778986274245277,103.98969796973117,9144.0
2920.0,TGW491,2.145800421571399,107.80698265782411,9144.0
2920.0,TGW625,5.416610572983277,102.37532232915406,9144.0
2920.0,TGW285,-3.133273805809138,109.41622856687016,9144.0
2920.0,TGW305,2.8819385597318976,104.51936185341755,9144.0
2920.0,TGW351,14.260378000000612,100.61520389453355,9144.0
2920.0,TGW397,8.111154759202325,114.72357467080388,9144.0
2920.0,TGW427,1.3778986274245277,103.98969796973117,9144.0
2920.0,TGW491,2.145800421571399,107.80698265782411,9144.0
2920.0,TGW625,5.416610572983277,102.37532232915406,9144.0
2930.0,TGW285,-3.1125521844539468,109.3921355757375,9144.0
2930.0,TGW305,2.863012983915087,104.49325859204038,9144.0
2930.0,TGW351,14.229104813981474,100.61434207417136,9144.0
2930.0,TGW397,8.090838548728724,114.69611858292829,9144.0
2930.0,TGW427,1.3681122032809814,103.98561832354105,9144.0
2930.0,TGW491,2.134022435411473,107.7766037549053,9144.0
2930.0,TGW625,5.386455717184762,102.38735460202005,9144.0
2930.0,TGW285,-3.1125521844539468,109.3921355757375,9144.0
2930.0,TGW305,2.863012983915087,104.49325859204038,9144.0
2930.0,TGW351,14.229104813981474,100.61434207417136,9144.0
2930.0,TGW397,8.090838548728724,114.69611858292829,9144.0
2930.0,TGW427,1.3681122032809814,103.98561832354105,9144.0
2930.0,TGW491,2.134022435411473,107.7766037549053,9144.0
2930.0,TGW625,5.386455717184762,102.38735460202005,9144.0
2940.0,TGW285,-3.0918299415324735,109.36804359302778,9144.0
2940.0,TGW305,2.8440866449365694,104.46715631515903,9144.0
2940.0,TGW351,14.198418723222627,100.61349666492617,9144.0
2940.0,TGW397,8.070452981225296,114.66871637692955,9144.0
2940.0,TGW491,2.1221568297460367,107.7462592487418,9144.0
2940.0,TGW625,5.356311976199704,102.39941434360586,9144.0
2940.0,TGW285,-3.0918299415324735,109.36804359302778,9144.0
2940.0,TGW305,2.8440866449365694,104.46715631515903,9144.0
2940.0,TGW351,14.198418723222627,100.61349666492617,9144.0
2940.0,TGW397,8.070452981225296,114.66871637692955,9144.0
2940.0,TGW491,2.1221568297460367,107.7462592487418,9144.0
2940.0,TGW625,5.356311976199704,102.39941434360586,9144.0
2950.0,TGW285,-3.0711070252735584,109.3439526602549,9144.0
2950.0,TGW305,2.8222848909416003,104.44340955925571,9144.0
2950.0,TGW351,14.16772447707829,100.61306999980836,9144.0
2950.0,TGW397,8.050030896492757,114.64127154947572,9144.0
2950.0,TGW491,2.110311471545576,107.71596904267743,9144.0
2950.0,TGW625,5.326167982273377,102.41147285423153,9144.0
2950.0,TGW285,-3.0711070252735584,109.3439526602549,9144.0
2950.0,TGW305,2.8222848909416003,104.44340955925571,9144.0
2950.0,TGW351,14.16772447707829,100.61306999980836,9144.0
2950.0,TGW397,8.050030896492757,114.64127154947572,9144.0
2950.0,TGW491,2.110311471545576,107.71596904267743,9144.0
2950.0,TGW625,5.326167982273377,102.41147285423153,9144.0
2960.0,TGW285,-3.0503829424575555,109.31986319979711,9144.0
2960.0,TGW305,2.8007968803398526,104.42000614887928,9144.0
2960.0,TGW351,14.136794846393697,100.61264017948487,9144.0
2960.0,TGW397,8.029716806943764,114.61374647045383,9144.0
2960.0,TGW491,2.09846492787214,107.68567953098693,9144.0
2960.0,TGW625,5.296016525674986,102.4235119414346,9144.0
2960.0,TGW285,-3.0503829424575555,109.31986319979711,9144.0
2960.0,TGW305,2.8007968803398526,104.42000614887928,9144.0
2960.0,TGW351,14.136794846393697,100.61264017948487,9144.0
2960.0,TGW397,8.029716806943764,114.61374647045383,9144.0
2960.0,TGW491,2.09846492787214,107.68567953098693,9144.0
2960.0,TGW625,5.296016525674986,102.4235119414346,9144.0
2970.0,TGW285,-3.029664087070587,109.29576969312996,9144.0
2970.0,TGW305,2.779307806073617,104.39660414524151,9144.0
2970.0,TGW351,14.105864437576058,100.61227477508719,9144.0
2970.0,TGW397,8.00936642164753,114.586178631866,9144.0
2970.0,TGW491,2.0866473925105398,107.65537890299697,9144.0
2970.0,TGW625,5.265879193761712,102.4355860592777,9144.0
2970.0,TGW285,-3.029664087070587,109.29576969312996,9144.0
2970.0,TGW305,2.779307806073617,104.39660414524151,9144.0
2970.0,TGW351,14.105864437576058,100.61227477508719,9144.0
2970.0,TGW397,8.00936642164753,114.586178631866,9144.0
2970.0,TGW491,2.0866473925105398,107.65537890299697,9144.0
2970.0,TGW625,5.265879193761712,102.4355860592777,9144.0
2980.0,TGW285,-3.0089444691522234,109.27167730359506,9144.0
2980.0,TGW305,2.757384238523185,104.37361007527794,9144.0
2980.0,TGW351,14.074816575003506,100.61190808284415,9144.0
2980.0,TGW397,7.989003915617209,114.55862129839876,9144.0
2980.0,TGW491,2.074850154519349,107.62513258934803,9144.0
2980.0,TGW625,5.235741499352246,102.4476586809861,9144.0
2980.0,TGW285,-3.0089444691522234,109.27167730359506,9144.0
2980.0,TGW305,2.757384238523185,104.37361007527794,9144.0
2980.0,TGW351,14.074816575003506,100.61190808284415,9144.0
2980.0,TGW397,7.989003915617209,114.55862129839876,9144.0
2980.0,TGW491,2.074850154519349,107.62513258934803,9144.0
2980.0,TGW625,5.235741499352246,102.4476586809861,9144.0
2990.0,TGW285,-2.988211751991856,109.24759667329752,9144.0
2990.0,TGW305,2.7358221251195163,104.35099834981777,9144.0
2990.0,TGW351,14.043768356650181,100.6115749885771,9144.0
2990.0,TGW397,7.968678869823229,114.5310371517665,9144.0
2990.0,TGW491,2.063052149834052,107.59488680013624,9144.0
2990.0,TGW625,5.205576221391589,102.45966105561497,9144.0
2990.0,TGW285,-2.988211751991856,109.24759667329752,9144.0
2990.0,TGW305,2.7358221251195163,104.35099834981777,9144.0
2990.0,TGW351,14.043768356650181,100.6115749885771,9144.0
2990.0,TGW397,7.968678869823229,114.5310371517665,9144.0
2990.0,TGW491,2.063052149834052,107.59488680013624,9144.0
2990.0,TGW625,5.205576221391589,102.45966105561497,9144.0
3000.0,TGW285,-2.9674784225194006,109.223517024918,9144.0
3000.0,TGW305,2.7145537638656045,104.32810988354599,9144.0
3000.0,TGW351,14.013015886926567,100.61109841943677,9144.0
3000.0,TGW397,7.948418993339984,114.50354825731091,9144.0
3000.0,TGW491,2.051252840401169,107.56464174428959,9144.0
3000.0,TGW625,5.175410627725271,102.47166205619617,9144.0
3000.0,TGW285,-2.9674784225194006,109.223517024918,9144.0
3000.0,TGW305,2.7145537638656045,104.32810988354599,9144.0
3000.0,TGW351,14.013015886926567,100.61109841943677,9144.0
3000.0,TGW397,7.948418993339984,114.50354825731091,9144.0
3000.0,TGW491,2.051252840401169,107.56464174428959,9144.0
3000.0,TGW625,5.175410627725271,102.47166205619617,9144.0
3010.0,TGW285,-2.94674438361636,109.19943843915898,9144.0
3010.0,TGW305,2.693643931056506,104.30561088858192,9144.0
3010.0,TGW351,13.982381267301436,100.61062380358767,9144.0
3010.0,TGW397,7.92814321451518,114.47607267481628,9144.0
3010.0,TGW491,2.0395202520701545,107.53437093179956,9144.0
3010.0,TGW625,5.145265798591311,102.48371497288414,9144.0
3010.0,TGW285,-2.94674438361636,109.19943843915898,9144.0
3010.0,TGW305,2.693643931056506,104.30561088858192,9144.0
3010.0,TGW351,13.982381267301436,100.61062380358767,9144.0
3010.0,TGW397,7.92814321451518,114.47607267481628,9144.0
3010.0,TGW491,2.0395202520701545,107.53437093179956,9144.0
3010.0,TGW625,5.145265798591311,102.48371497288414,9144.0
3020.0,TGW285,-2.9259907058062904,109.17537727031298,9144.0
3020.0,TGW305,2.6725612028851304,104.2832745688738,9144.0
3020.0,TGW351,13.951746149793589,100.61018469949852,9144.0
3020.0,TGW397,7.907898918413293,114.44864628049577,9144.0
3020.0,TGW491,2.0278079572072385,107.50415446600755,9144.0
3020.0,TGW625,5.115120668907651,102.49576656248686,9144.0
3020.0,TGW285,-2.9259907058062904,109.17537727031298,9144.0
3020.0,TGW305,2.6725612028851304,104.2832745688738,9144.0
3020.0,TGW351,13.951746149793589,100.61018469949852,9144.0
3020.0,TGW397,7.907898918413293,114.44864628049577,9144.0
3020.0,TGW491,2.0278079572072385,107.50415446600755,9144.0
3020.0,TGW625,5.115120668907651,102.49576656248686,9144.0
3030.0,TGW285,-2.9051983979983707,109.1512729576716,9144.0
3030.0,TGW305,2.6518839020700344,104.26136959489882,9144.0
3030.0,TGW351,13.921406376014666,100.60974994367776,9144.0
3030.0,TGW397,7.887643797853674,114.4212293781729,9144.0
3030.0,TGW491,2.016095067747586,107.47393844906102,9144.0
3030.0,TGW625,5.084958252510185,102.50777390985733,9144.0
3030.0,TGW285,-2.9051983979983707,109.1512729576716,9144.0
3030.0,TGW305,2.6518839020700344,104.26136959489882,9144.0
3030.0,TGW351,13.921406376014666,100.60974994367776,9144.0
3030.0,TGW397,7.887643797853674,114.4212293781729,9144.0
3030.0,TGW491,2.016095067747586,107.47393844906102,9144.0
3030.0,TGW625,5.084958252510185,102.50777390985733,9144.0
3040.0,TGW285,-2.884405429929487,109.12716965837578,9144.0
3040.0,TGW305,2.6312670638163764,104.23940794705663,9144.0
3040.0,TGW351,13.891066683984057,100.60930923186305,9144.0
3040.0,TGW397,7.867454316971092,114.39390760574926,9144.0
3040.0,TGW491,2.0043815831426377,107.44372287992813,9144.0
3040.0,TGW625,5.054903003735797,102.51973723512651,9144.0
3040.0,TGW285,-2.884405429929487,109.12716965837578,9144.0
3040.0,TGW305,2.6312670638163764,104.23940794705663,9144.0
3040.0,TGW351,13.891066683984057,100.60930923186305,9144.0
3040.0,TGW397,7.867454316971092,114.39390760574926,9144.0
3040.0,TGW491,2.0043815831426377,107.44372287992813,9144.0
3040.0,TGW625,5.054903003735797,102.51973723512651,9144.0
3050.0,TGW285,-2.8636044152936195,109.10307375968615,9144.0
3050.0,TGW305,2.6111392483112525,104.21796894021597,9144.0
3050.0,TGW351,13.860845415152069,100.60887035502726,9144.0
3050.0,TGW397,7.847188460251399,114.36664484953741,9144.0
3050.0,TGW491,1.992667501642171,107.41350775804344,9144.0
3050.0,TGW625,5.024859469070814,102.53172962278235,9144.0
3050.0,TGW285,-2.8636044152936195,109.10307375968615,9144.0
3050.0,TGW305,2.6111392483112525,104.21796894021597,9144.0
3050.0,TGW351,13.860845415152069,100.60887035502726,9144.0
3050.0,TGW397,7.847188460251399,114.36664484953741,9144.0
3050.0,TGW491,1.992667501642171,107.41350775804344,9144.0
3050.0,TGW625,5.024859469070814,102.53172962278235,9144.0
3060.0,TGW285,-2.842805200995498,109.07897673904141,9144.0
3060.0,TGW305,2.5913082273703956,104.1962548798731,9144.0
3060.0,TGW351,13.830624145535172,100.6084315925794,9144.0
3060.0,TGW397,7.827019397691588,114.33931037175796,9144.0
3060.0,TGW491,1.9809528196203328,107.38329308356963,9144.0
3060.0,TGW625,4.994708283541408,102.54376369477079,9144.0
3060.0,TGW285,-2.842805200995498,109.07897673904141,9144.0
3060.0,TGW305,2.5913082273703956,104.1962548798731,9144.0
3060.0,TGW351,13.830624145535172,100.6084315925794,9144.0
3060.0,TGW397,7.827019397691588,114.33931037175796,9144.0
3060.0,TGW491,1.9809528196203328,107.38329308356963,9144.0
3060.0,TGW625,4.994708283541408,102.54376369477079,9144.0
3070.0,TGW285,-2.822005414480964,109.0548806463183,9144.0
3070.0,TGW305,2.5720037707953405,104.17511927486183,9144.0
3070.0,TGW351,13.800402517568862,100.60801989360432,9144.0
3070.0,TGW397,7.806914970392141,114.31207192561413,9144.0
3070.0,TGW491,1.9692375302817504,107.35307885790002,9144.0
3070.0,TGW625,4.964556064955754,102.55579460669087,9144.0
3070.0,TGW285,-2.822005414480964,109.0548806463183,9144.0
3070.0,TGW305,2.5720037707953405,104.17511927486183,9144.0
3070.0,TGW351,13.800402517568862,100.60801989360432,9144.0
3070.0,TGW397,7.806914970392141,114.31207192561413,9144.0
3070.0,TGW491,1.9692375302817504,107.35307885790002,9144.0
3070.0,TGW625,4.964556064955754,102.55579460669087,9144.0
3080.0,TGW285,-2.801204999117209,109.03078552735076,9144.0
3080.0,TGW305,2.5523065738558945,104.15435025716614,9144.0
3080.0,TGW351,13.77018088891552,100.60760830137825,9144.0
3080.0,TGW397,7.786763256486633,114.28487041247159,9144.0
3080.0,TGW491,1.957521620822163,107.32286508476119,9144.0
3080.0,TGW625,4.9344036003999,102.56782434922455,9144.0
3080.0,TGW285,-2.801204999117209,109.03078552735076,9144.0
3080.0,TGW305,2.5523065738558945,104.15435025716614,9144.0
3080.0,TGW351,13.77018088891552,100.60760830137825,9144.0
3080.0,TGW397,7.786763256486633,114.28487041247159,9144.0
3080.0,TGW491,1.957521620822163,107.32286508476119,9144.0
3080.0,TGW625,4.9344036003999,102.56782434922455,9144.0
3090.0,TGW285,-2.7804028546156347,109.00669233118212,9144.0
3090.0,TGW305,2.5338453894717508,104.13488949125549,9144.0
3090.0,TGW351,13.739958842590191,100.60723066472626,9144.0
3090.0,TGW397,7.766574511290022,114.2576263849236,9144.0
3090.0,TGW491,1.9458050647536458,107.2926517731935,9144.0
3090.0,TGW625,4.9042692879953105,102.57989928176723,9144.0
3090.0,TGW285,-2.7804028546156347,109.00669233118212,9144.0
3090.0,TGW305,2.5338453894717508,104.13488949125549,9144.0
3090.0,TGW351,13.739958842590191,100.60723066472626,9144.0
3090.0,TGW397,7.766574511290022,114.2576263849236,9144.0
3090.0,TGW491,1.9458050647536458,107.2926517731935,9144.0
3090.0,TGW625,4.9042692879953105,102.57989928176723,9144.0
3100.0,TGW285,-2.759492729504877,108.9826934349073,9144.0
3100.0,TGW305,2.5157392852818035,104.1160790912049,9144.0
3100.0,TGW351,13.70926406921365,100.60684722092186,9144.0
3100.0,TGW397,7.746378640194013,114.23038904535612,9144.0
3100.0,TGW491,1.934087791470023,107.26243894936974,9144.0
3100.0,TGW625,4.874134734723203,102.59197306554688,9144.0
3100.0,TGW285,-2.759492729504877,108.9826934349073,9144.0
3100.0,TGW305,2.5157392852818035,104.1160790912049,9144.0
3100.0,TGW351,13.70926406921365,100.60684722092186,9144.0
3100.0,TGW397,7.746378640194013,114.23038904535612,9144.0
3100.0,TGW491,1.934087791470023,107.26243894936974,9144.0
3100.0,TGW625,4.874134734723203,102.59197306554688,9144.0
3110.0,TGW285,-2.7385812673375853,108.95869612692752,9144.0
3110.0,TGW305,2.49521547353538,104.1006647431781,9144.0
3110.0,TGW351,13.678571090713175,100.6063337030233,9144.0
3110.0,TGW397,7.726145820279502,114.20310917848275,9144.0
3110.0,TGW491,1.9223693068235352,107.23222680393864,9144.0
3110.0,TGW625,4.843944252352546,102.60390474775387,9144.0
3110.0,TGW285,-2.7385812673375853,108.95869612692752,9144.0
3110.0,TGW305,2.49521547353538,104.1006647431781,9144.0
3110.0,TGW351,13.678571090713175,100.6063337030233,9144.0
3110.0,TGW397,7.726145820279502,114.20310917848275,9144.0
3110.0,TGW491,1.9223693068235352,107.23222680393864,9144.0
3110.0,TGW625,4.843944252352546,102.60390474775387,9144.0
3120.0,TGW285,-2.7178009950077375,108.93458528408571,9144.0
3120.0,TGW305,2.472904135277343,104.08903154282297,9144.0
3120.0,TGW351,13.647760343363682,100.6058183495039,9144.0
3120.0,TGW397,7.705979176995443,114.17578075719294,9144.0
3120.0,TGW491,1.910640178180668,107.20201900076576,9144.0
3120.0,TGW625,4.813753539976562,102.61583531269187,9144.0
3120.0,TGW285,-2.7178009950077375,108.93458528408571,9144.0
3120.0,TGW305,2.472904135277343,104.08903154282297,9144.0
3120.0,TGW351,13.647760343363682,100.6058183495039,9144.0
3120.0,TGW397,7.705979176995443,114.17578075719294,9144.0
3120.0,TGW491,1.910640178180668,107.20201900076576,9144.0
3120.0,TGW625,4.813753539976562,102.61583531269187,9144.0
3130.0,TGW285,-2.697020114978706,108.91047537971065,9144.0
3130.0,TGW305,2.4493959883250747,104.08139444045892,9144.0
3130.0,TGW351,13.616948392551627,100.60538590567975,9144.0
3130.0,TGW397,7.685809801083197,114.14845568941888,9144.0
3130.0,TGW491,1.8988889539662,107.17175798096174,9144.0
3130.0,TGW625,4.783602427633663,102.62786577720453,9144.0
3130.0,TGW285,-2.697020114978706,108.91047537971065,9144.0
3130.0,TGW305,2.4493959883250747,104.08139444045892,9144.0
3130.0,TGW351,13.616948392551627,100.60538590567975,9144.0
3130.0,TGW397,7.685809801083197,114.14845568941888,9144.0
3130.0,TGW491,1.8988889539662,107.17175798096174,9144.0
3130.0,TGW625,4.783602427633663,102.62786577720453,9144.0
3140.0,TGW285,-2.6762374679323173,108.88636741220334,9144.0
3140.0,TGW305,2.424948765602355,104.07776005954827,9144.0
3140.0,TGW351,13.586195306957983,100.60495440042703,9144.0
3140.0,TGW397,7.665535061321841,114.12121143183028,9144.0
3140.0,TGW491,1.887199145821399,107.14147336129369,9144.0
3140.0,TGW625,4.7533438272689725,102.63993793075852,9144.0
3140.0,TGW285,-2.6762374679323173,108.88636741220334,9144.0
3140.0,TGW305,2.424948765602355,104.07776005954827,9144.0
3140.0,TGW351,13.586195306957983,100.60495440042703,9144.0
3140.0,TGW397,7.665535061321841,114.12121143183028,9144.0
3140.0,TGW491,1.887199145821399,107.14147336129369,9144.0
3140.0,TGW625,4.7533438272689725,102.63993793075852,9144.0
3150.0,TGW285,-2.65541372117375,108.86229542145983,9144.0
3150.0,TGW305,2.4008108266639607,104.07831291894558,9144.0
3150.0,TGW351,13.55544194155222,100.60454459821598,9144.0
3150.0,TGW397,7.645257753113492,114.0939704163272,9144.0
3150.0,TGW491,1.8754879102781705,107.11113530287825,9144.0
3150.0,TGW625,4.723076714266629,102.65198805022271,9144.0
3150.0,TGW285,-2.65541372117375,108.86229542145983,9144.0
3150.0,TGW305,2.4008108266639607,104.07831291894558,9144.0
3150.0,TGW351,13.55544194155222,100.60454459821598,9144.0
3150.0,TGW397,7.645257753113492,114.0939704163272,9144.0
3150.0,TGW491,1.8754879102781705,107.11113530287825,9144.0
3150.0,TGW625,4.723076714266629,102.65198805022271,9144.0
3160.0,TGW285,-2.634627579737403,108.83826829970648,9144.0
3160.0,TGW305,2.3771158281442744,104.0829528861365,9144.0
3160.0,TGW351,13.524865811192086,100.6041071526878,9144.0
3160.0,TGW397,7.624991007708147,114.066722691855,9144.0
3160.0,TGW491,1.8637759761969648,107.08079771684459,9144.0
3160.0,TGW625,4.6927557856958915,102.66405841559568,9144.0
3160.0,TGW285,-2.634627579737403,108.83826829970648,9144.0
3160.0,TGW305,2.3771158281442744,104.0829528861365,9144.0
3160.0,TGW351,13.524865811192086,100.6041071526878,9144.0
3160.0,TGW397,7.624991007708147,114.066722691855,9144.0
3160.0,TGW491,1.8637759761969648,107.08079771684459,9144.0
3160.0,TGW625,4.6927557856958915,102.66405841559568,9144.0
3170.0,TGW285,-2.6138409466107237,108.8142420037471,9144.0
3170.0,TGW305,2.354359688998314,104.09158303381832,9144.0
3170.0,TGW351,13.494407776950416,100.6036715084129,9144.0
3170.0,TGW397,7.604653698489992,114.03938624239989,9144.0
3170.0,TGW491,1.8520628460262494,107.05046079425934,9144.0
3170.0,TGW625,4.6624334261399,102.6761246389618,9144.0
3170.0,TGW285,-2.6138409466107237,108.8142420037471,9144.0
3170.0,TGW305,2.354359688998314,104.09158303381832,9144.0
3170.0,TGW351,13.494407776950416,100.6036715084129,9144.0
3170.0,TGW397,7.604653698489992,114.03938624239989,9144.0
3170.0,TGW491,1.8520628460262494,107.05046079425934,9144.0
3170.0,TGW625,4.6624334261399,102.6761246389618,9144.0
3180.0,TGW285,-2.593053818748412,108.7902165330593,9144.0
3180.0,TGW305,2.330723626864205,104.09737852743181,9144.0
3180.0,TGW351,13.463949371892214,100.60326425666211,9144.0
3180.0,TGW397,7.58432194640623,114.01204687938782,9144.0
3180.0,TGW491,1.840350033202565,107.0201239489223,9144.0
3180.0,TGW625,4.632115208792244,102.68820081619383,9144.0
3180.0,TGW285,-2.593053818748412,108.7902165330593,9144.0
3180.0,TGW305,2.330723626864205,104.09737852743181,9144.0
3180.0,TGW351,13.463949371892214,100.60326425666211,9144.0
3180.0,TGW397,7.58432194640623,114.01204687938782,9144.0
3180.0,TGW491,1.840350033202565,107.0201239489223,9144.0
3180.0,TGW625,4.632115208792244,102.68820081619383,9144.0
3190.0,TGW285,-2.5722661884624203,108.76619189114655,9144.0
3190.0,TGW305,2.307211048102162,104.1031435421426,9144.0
3190.0,TGW351,13.433550076574669,100.60285789863705,9144.0
3190.0,TGW397,7.563987923977241,113.98471052491115,9144.0
3190.0,TGW491,1.8285950404098972,106.9896798832563,9144.0
3190.0,TGW625,4.601903890967071,102.70023298969326,9144.0
3190.0,TGW285,-2.5722661884624203,108.76619189114655,9144.0
3190.0,TGW305,2.307211048102162,104.1031435421426,9144.0
3190.0,TGW351,13.433550076574669,100.60285789863705,9144.0
3190.0,TGW397,7.563987923977241,113.98471052491115,9144.0
3190.0,TGW491,1.8285950404098972,106.9896798832563,9144.0
3190.0,TGW625,4.601903890967071,102.70023298969326,9144.0
3200.0,TGW285,-2.5514780360672282,108.74216809191563,9144.0
3200.0,TGW305,2.2830630588863605,104.10484710117038,9144.0
3200.0,TGW351,13.403152813144288,100.60231417876872,9144.0
3200.0,TGW397,7.545258273710364,113.95623274895914,9144.0
3200.0,TGW491,1.816839365337999,106.95923628008445,9144.0
3200.0,TGW625,4.571756555869683,102.71242510111979,9144.0
3200.0,TGW285,-2.5514780360672282,108.74216809191563,9144.0
3200.0,TGW305,2.2830630588863605,104.10484710117038,9144.0
3200.0,TGW351,13.403152813144288,100.60231417876872,9144.0
3200.0,TGW397,7.545258273710364,113.95623274895914,9144.0
3200.0,TGW491,1.816839365337999,106.95923628008445,9144.0
3200.0,TGW625,4.571756555869683,102.71242510111979,9144.0
3210.0,TGW285,-2.530689289605165,108.71814519459939,9144.0
3210.0,TGW305,2.259113684848933,104.10526530624173,9144.0
3210.0,TGW351,13.372814695923351,100.6017716539729,9144.0
3210.0,TGW397,7.526715164058298,113.92804485837723,9144.0
3210.0,TGW491,1.8050825690114831,106.92879330784854,9144.0
3210.0,TGW625,4.541662499860006,102.72459438533605,9144.0
3210.0,TGW285,-2.530689289605165,108.71814519459939,9144.0
3210.0,TGW305,2.259113684848933,104.10526530624173,9144.0
3210.0,TGW351,13.372814695923351,100.6017716539729,9144.0
3210.0,TGW397,7.526715164058298,113.92804485837723,9144.0
3210.0,TGW491,1.8050825690114831,106.92879330784854,9144.0
3210.0,TGW625,4.541662499860006,102.72459438533605,9144.0
3220.0,TGW285,-2.5099203047069176,108.69410556057588,9144.0
3220.0,TGW305,2.235164310689921,104.10568349748011,9144.0
3220.0,TGW351,13.342474659480544,100.60135782597978,9144.0
3220.0,TGW397,7.5112861287466695,113.89800935122238,9144.0
3220.0,TGW491,1.793261160951872,106.89837558893497,9144.0
3220.0,TGW625,4.511460732994363,102.73649161910417,9144.0
3220.0,TGW285,-2.5099203047069176,108.69410556057588,9144.0
3220.0,TGW305,2.235164310689921,104.10568349748011,9144.0
3220.0,TGW351,13.342474659480544,100.60135782597978,9144.0
3220.0,TGW397,7.5112861287466695,113.89800935122238,9144.0
3220.0,TGW491,1.793261160951872,106.89837558893497,9144.0
3220.0,TGW625,4.511460732994363,102.73649161910417,9144.0
3230.0,TGW285,-2.4890747237921764,108.66997863933712,9144.0
3230.0,TGW305,2.21121246767089,104.105445925343,9144.0
3230.0,TGW351,13.312075471247805,100.60094329544374,9144.0
3230.0,TGW397,7.4960649356585085,113.86838599780923,9144.0
3230.0,TGW491,1.7814383948671493,106.86795859420886,9144.0
3230.0,TGW625,4.481258728298802,102.74838775222419,9144.0
3230.0,TGW285,-2.4890747237921764,108.66997863933712,9144.0
3230.0,TGW305,2.21121246767089,104.105445925343,9144.0
3230.0,TGW351,13.312075471247805,100.60094329544374,9144.0
3230.0,TGW397,7.4960649356585085,113.86838599780923,9144.0
3230.0,TGW491,1.7814383948671493,106.86795859420886,9144.0
3230.0,TGW625,4.481258728298802,102.74838775222419,9144.0
3240.0,TGW285,-2.468228634132172,108.64585253846883,9144.0
3240.0,TGW305,2.1873883489692396,104.10520962769057,9144.0
3240.0,TGW351,13.281676282339381,100.600528869204,9144.0
3240.0,TGW397,7.4808390930574475,113.83876610993258,9144.0
3240.0,TGW491,1.7696814278729462,106.83751627491428,9144.0
3240.0,TGW625,4.451117311259477,102.76043700840296,9144.0
3240.0,TGW285,-2.468228634132172,108.64585253846883,9144.0
3240.0,TGW305,2.1873883489692396,104.10520962769057,9144.0
3240.0,TGW351,13.281676282339381,100.600528869204,9144.0
3240.0,TGW397,7.4808390930574475,113.83876610993258,9144.0
3240.0,TGW491,1.7696814278729462,106.83751627491428,9144.0
3240.0,TGW625,4.451117311259477,102.76043700840296,9144.0
3250.0,TGW285,-2.447381968937817,108.62172731259868,9144.0
3250.0,TGW305,2.1635630608571628,104.10520383343791,9144.0
3250.0,TGW351,13.251279182087083,100.59997593999283,9144.0
3250.0,TGW397,7.466075552935189,113.80891011020165,9144.0
3250.0,TGW491,1.757985974692864,106.80723601025731,9144.0
3250.0,TGW625,4.420975668882752,102.7724852057455,9144.0
3250.0,TGW285,-2.447381968937817,108.62172731259868,9144.0
3250.0,TGW305,2.1635630608571628,104.10520383343791,9144.0
3250.0,TGW351,13.251279182087083,100.59997593999283,9144.0
3250.0,TGW397,7.466075552935189,113.80891011020165,9144.0
3250.0,TGW491,1.757985974692864,106.80723601025731,9144.0
3250.0,TGW625,4.420975668882752,102.7724852057455,9144.0
3260.0,TGW285,-2.4264805025913345,108.59765001006096,9144.0
3260.0,TGW305,2.139801709579654,104.1051980549161,9144.0
3260.0,TGW351,13.220938192567441,100.59964419241207,9144.0
3260.0,TGW397,7.451231684784689,113.77890186055053,9144.0
3260.0,TGW491,1.7463045597464322,106.77695051098894,9144.0
3260.0,TGW625,4.390821304507302,102.78450084883093,9144.0
3260.0,TGW285,-2.4264805025913345,108.59765001006096,9144.0
3260.0,TGW305,2.139801709579654,104.1051980549161,9144.0
3260.0,TGW351,13.220938192567441,100.59964419241207,9144.0
3260.0,TGW397,7.451231684784689,113.77890186055053,9144.0
3260.0,TGW491,1.7463045597464322,106.77695051098894,9144.0
3260.0,TGW625,4.390821304507302,102.78450084883093,9144.0
3270.0,TGW285,-2.4055786046853473,108.57357345343247,9144.0
3270.0,TGW305,2.1160404457466835,104.10526282108519,9144.0
3270.0,TGW351,13.190538049643974,100.59931188085439,9144.0
3270.0,TGW397,7.436123843640917,113.74902893175664,9144.0
3270.0,TGW491,1.7346433753298587,106.74671934012162,9144.0
3270.0,TGW625,4.360720414843752,102.79649407605044,9144.0
3270.0,TGW285,-2.4055786046853473,108.57357345343247,9144.0
3270.0,TGW305,2.1160404457466835,104.10526282108519,9144.0
3270.0,TGW351,13.190538049643974,100.59931188085439,9144.0
3270.0,TGW397,7.436123843640917,113.74902893175664,9144.0
3270.0,TGW491,1.7346433753298587,106.74671934012162,9144.0
3270.0,TGW625,4.360720414843752,102.79649407605044,9144.0
3280.0,TGW285,-2.384676278914347,108.54949763629422,9144.0
3280.0,TGW305,2.092921179569207,104.10532583545022,9144.0
3280.0,TGW351,13.160137826635426,100.5989874303256,9144.0
3280.0,TGW397,7.420987335582119,113.71910701559906,9144.0
3280.0,TGW491,1.7229815813737,106.71648859031335,9144.0
3280.0,TGW625,4.330618458394599,102.80848413119915,9144.0
3280.0,TGW285,-2.384676278914347,108.54949763629422,9144.0
3280.0,TGW305,2.092921179569207,104.10532583545022,9144.0
3280.0,TGW351,13.160137826635426,100.5989874303256,9144.0
3280.0,TGW397,7.420987335582119,113.71910701559906,9144.0
3280.0,TGW491,1.7229815813737,106.71648859031335,9144.0
3280.0,TGW625,4.330618458394599,102.80848413119915,9144.0
3290.0,TGW285,-2.36377352897216,108.5254225522277,9144.0
3290.0,TGW305,2.069801834058627,104.10530858291679,9144.0
3290.0,TGW351,13.129737603218928,100.5986630603078,9144.0
3290.0,TGW397,7.40584450406409,113.68918938223538,9144.0
3290.0,TGW491,1.7113190001249976,106.68625832896936,9144.0
3290.0,TGW625,4.300516299168672,102.82047319898649,9144.0
3290.0,TGW285,-2.36377352897216,108.5254225522277,9144.0
3290.0,TGW305,2.069801834058627,104.10530858291679,9144.0
3290.0,TGW351,13.129737603218928,100.5986630603078,9144.0
3290.0,TGW397,7.40584450406409,113.68918938223538,9144.0
3290.0,TGW491,1.7113190001249976,106.68625832896936,9144.0
3290.0,TGW625,4.300516299168672,102.82047319898649,9144.0
3300.0,TGW285,-2.342870358551938,108.50134819481491,9144.0
3300.0,TGW305,2.0470052899458673,104.10529157176369,9144.0
3300.0,TGW351,13.099572494604029,100.60255099905403,9144.0
3300.0,TGW397,7.390912737010185,113.6591650804535,9144.0
3300.0,TGW491,1.6996008030806637,106.6560497857171,9144.0
3300.0,TGW625,4.270408980761216,102.83244876007929,9144.0
3300.0,TGW285,-2.342870358551938,108.50134819481491,9144.0
3300.0,TGW305,2.0470052899458673,104.10529157176369,9144.0
3300.0,TGW351,13.099572494604029,100.60255099905403,9144.0
3300.0,TGW397,7.390912737010185,113.6591650804535,9144.0
3300.0,TGW491,1.6996008030806637,106.6560497857171,9144.0
3300.0,TGW625,4.270408980761216,102.83244876007929,9144.0
3310.0,TGW285,-2.3219667713461485,108.47727455763844,9144.0
3310.0,TGW305,2.024208740324666,104.10529772891562,9144.0
3310.0,TGW351,13.069851673490863,100.60967429678222,9144.0
3310.0,TGW397,7.375771336930671,113.62873304859569,9144.0
3310.0,TGW491,1.6879657775082244,106.6260575260952,9144.0
3310.0,TGW625,4.240247762698562,102.84444470811255,9144.0
3310.0,TGW285,-2.3219667713461485,108.47727455763844,9144.0
3310.0,TGW305,2.024208740324666,104.10529772891562,9144.0
3310.0,TGW351,13.069851673490863,100.60967429678222,9144.0
3310.0,TGW397,7.375771336930671,113.62873304859569,9144.0
3310.0,TGW491,1.6879657775082244,106.6260575260952,9144.0
3310.0,TGW625,4.240247762698562,102.84444470811255,9144.0
3320.0,TGW285,-2.3010627710465634,108.45320163428136,9144.0
3320.0,TGW305,2.0021918426961403,104.10530367532543,9144.0
3320.0,TGW351,13.040130653007243,100.61679586112767,9144.0
3320.0,TGW397,7.360415993012843,113.5984112591548,9144.0
3320.0,TGW491,1.67633009501352,106.59606570041649,9144.0
3320.0,TGW625,4.210086123842285,102.85643912580473,9144.0
3320.0,TGW285,-2.3010627710465634,108.45320163428136,9144.0
3320.0,TGW305,2.0021918426961403,104.10530367532543,9144.0
3320.0,TGW351,13.040130653007243,100.61679586112767,9144.0
3320.0,TGW397,7.360415993012843,113.5984112591548,9144.0
3320.0,TGW491,1.67633009501352,106.59606570041649,9144.0
3320.0,TGW625,4.210086123842285,102.85643912580473,9144.0
3330.0,TGW285,-2.280158361344248,108.4291294183273,9144.0
3330.0,TGW305,1.9801764775901427,104.10556366851509,9144.0
3330.0,TGW351,13.010409417603496,100.62391562592613,9144.0
3330.0,TGW397,7.344900914615593,113.56778702525439,9144.0
3330.0,TGW491,1.66298809531303,106.56679384323115,9144.0
3330.0,TGW625,4.179905288402445,102.86838443379624,9144.0
3330.0,TGW285,-2.280158361344248,108.4291294183273,9144.0
3330.0,TGW305,1.9801764775901427,104.10556366851509,9144.0
3330.0,TGW351,13.010409417603496,100.62391562592613,9144.0
3330.0,TGW397,7.344900914615593,113.56778702525439,9144.0
3330.0,TGW491,1.66298809531303,106.56679384323115,9144.0
3330.0,TGW625,4.179905288402445,102.86838443379624,9144.0
3340.0,TGW285,-2.2592535459295466,108.4050579033605,9144.0
3340.0,TGW305,1.959674905147318,104.10580577812347,9144.0
3340.0,TGW351,12.980521751931716,100.63025841591735,9144.0
3340.0,TGW397,7.329517244110631,113.53709653203039,9144.0
3340.0,TGW491,1.6496455102585277,106.53752245018777,9144.0
3340.0,TGW625,4.149670546583871,102.88035001292423,9144.0
3340.0,TGW285,-2.2592535459295466,108.4050579033605,9144.0
3340.0,TGW305,1.959674905147318,104.10580577812347,9144.0
3340.0,TGW351,12.980521751931716,100.63025841591735,9144.0
3340.0,TGW397,7.329517244110631,113.53709653203039,9144.0
3340.0,TGW491,1.6496455102585277,106.53752245018777,9144.0
3340.0,TGW625,4.149670546583871,102.88035001292423,9144.0
3350.0,TGW285,-2.238348328492071,108.38098708296572,9144.0
3350.0,TGW305,1.9391721259917678,104.10590105896907,9144.0
3350.0,TGW351,12.950576111556737,100.63661189532608,9144.0
3350.0,TGW397,7.314180739005689,113.50651120042225,9144.0
3350.0,TGW491,1.6363016222920728,106.50825184710266,9144.0
3350.0,TGW625,4.119471484309416,102.89240536898268,9144.0
3350.0,TGW285,-2.238348328492071,108.38098708296572,9144.0
3350.0,TGW305,1.9391721259917678,104.10590105896907,9144.0
3350.0,TGW351,12.950576111556737,100.63661189532608,9144.0
3350.0,TGW397,7.314180739005689,113.50651120042225,9144.0
3350.0,TGW491,1.6363016222920728,106.50825184710266,9144.0
3350.0,TGW625,4.119471484309416,102.89240536898268,9144.0
3360.0,TGW285,-2.2174427127206835,108.35691695072833,9144.0
3360.0,TGW305,1.9194024311352396,104.10597666315513,9144.0
3360.0,TGW351,12.920699324260355,100.64329716037075,9144.0
3360.0,TGW397,7.298814040082676,113.47594232868698,9144.0
3360.0,TGW491,1.6218318143306443,106.47952181410568,9144.0
3360.0,TGW625,4.08921861438214,102.90448114748652,9144.0
3360.0,TGW285,-2.2174427127206835,108.35691695072833,9144.0
3360.0,TGW305,1.9194024311352396,104.10597666315513,9144.0
3360.0,TGW351,12.920699324260355,100.64329716037075,9144.0
3360.0,TGW397,7.298814040082676,113.47594232868698,9144.0
3360.0,TGW491,1.6218318143306443,106.47952181410568,9144.0
3360.0,TGW625,4.08921861438214,102.90448114748652,9144.0
3370.0,TGW285,-2.196536702303482,108.33284750023431,9144.0
3370.0,TGW305,1.900102363153763,104.10605046968067,9144.0
3370.0,TGW351,12.890764715759135,100.64999365987634,9144.0
3370.0,TGW397,7.283417955499148,113.44532540060152,9144.0
3370.0,TGW491,1.6073875357957648,106.45084404723421,9144.0
3370.0,TGW625,4.058954956572409,102.91652927273428,9144.0
3370.0,TGW285,-2.196536702303482,108.33284750023431,9144.0
3370.0,TGW305,1.900102363153763,104.10605046968067,9144.0
3370.0,TGW351,12.890764715759135,100.64999365987634,9144.0
3370.0,TGW397,7.283417955499148,113.44532540060152,9144.0
3370.0,TGW491,1.6073875357957648,106.45084404723421,9144.0
3370.0,TGW625,4.058954956572409,102.91652927273428,9144.0
3380.0,TGW285,-2.1756303009277826,108.30877872507024,9144.0
3380.0,TGW305,1.8812543878727395,104.11020624945769,9144.0
3380.0,TGW351,12.860802789240035,100.6565595444775,9144.0
3380.0,TGW397,7.2679605069814786,113.41474096625892,9144.0
3380.0,TGW491,1.5929417349055368,106.42216724976876,9144.0
3380.0,TGW625,4.028637509487384,102.92859776686957,9144.0
3380.0,TGW285,-2.1756303009277826,108.30877872507024,9144.0
3380.0,TGW305,1.8812543878727395,104.11020624945769,9144.0
3380.0,TGW351,12.860802789240035,100.6565595444775,9144.0
3380.0,TGW397,7.2679605069814786,113.41474096625892,9144.0
3380.0,TGW491,1.5929417349055368,106.42216724976876,9144.0
3380.0,TGW625,4.028637509487384,102.92859776686957,9144.0
3390.0,TGW285,-2.1547235122801007,108.28471061882335,9144.0
3390.0,TGW305,1.8626762192142858,104.11401066866878,9144.0
3390.0,TGW351,12.830783040599837,100.66313645739893,9144.0
3390.0,TGW397,7.252473719026786,113.38410850796114,9144.0
3390.0,TGW491,1.5796596036500254,106.39293304299866,9144.0
3390.0,TGW625,3.9983080996329807,102.94063556912832,9144.0
3390.0,TGW285,-2.1547235122801007,108.28471061882335,9144.0
3390.0,TGW305,1.8626762192142858,104.11401066866878,9144.0
3390.0,TGW351,12.830783040599837,100.66313645739893,9144.0
3390.0,TGW397,7.252473719026786,113.38410850796114,9144.0
3390.0,TGW491,1.5796596036500254,106.39293304299866,9144.0
3390.0,TGW625,3.9983080996329807,102.94063556912832,9144.0
3400.0,TGW285,-2.1338163400461303,108.26064317508153,9144.0
3400.0,TGW305,1.844034993765752,104.11710335876452,9144.0
3400.0,TGW351,12.800768262045036,100.66973640098566,9144.0
3400.0,TGW397,7.237042008413805,113.3534488664572,9144.0
3400.0,TGW491,1.5664001720854221,106.3637524360792,9144.0
3400.0,TGW625,3.9678713830288688,102.9527149381453,9144.0
3400.0,TGW285,-2.1338163400461303,108.26064317508153,9144.0
3400.0,TGW305,1.844034993765752,104.11710335876452,9144.0
3400.0,TGW351,12.800768262045036,100.66973640098566,9144.0
3400.0,TGW397,7.237042008413805,113.3534488664572,9144.0
3400.0,TGW491,1.5664001720854221,106.3637524360792,9144.0
3400.0,TGW625,3.9678713830288688,102.9527149381453,9144.0
3410.0,TGW285,-2.1129087879107225,108.2365763874333,9144.0
3410.0,TGW305,1.8253271443550882,104.12020703535441,9144.0
3410.0,TGW351,12.77075331396317,100.67633474929099,9144.0
3410.0,TGW397,7.221632610807496,113.32284294646078,9144.0
3410.0,TGW491,1.5525850624028594,106.33483114879475,9144.0
3410.0,TGW625,3.937442460889724,102.96481357898382,9144.0
3410.0,TGW285,-2.1129087879107225,108.2365763874333,9144.0
3410.0,TGW305,1.8253271443550882,104.12020703535441,9144.0
3410.0,TGW351,12.77075331396317,100.67633474929099,9144.0
3410.0,TGW397,7.221632610807496,113.32284294646078,9144.0
3410.0,TGW491,1.5525850624028594,106.33483114879475,9144.0
3410.0,TGW625,3.937442460889724,102.96481357898382,9144.0
3420.0,TGW285,-2.0920008595578623,108.21251024946794,9144.0
3420.0,TGW305,1.8066587354693942,104.12353993428405,9144.0
3420.0,TGW351,12.74073642281916,100.68292301653487,9144.0
3420.0,TGW397,7.206253738916399,113.29222247046,9144.0
3420.0,TGW491,1.538819307815955,106.30601519793537,9144.0
3420.0,TGW625,3.907120429112929,102.97686871870881,9144.0
3420.0,TGW285,-2.0920008595578623,108.21251024946794,9144.0
3420.0,TGW305,1.8066587354693942,104.12353993428405,9144.0
3420.0,TGW351,12.74073642281916,100.68292301653487,9144.0
3420.0,TGW397,7.206253738916399,113.29222247046,9144.0
3420.0,TGW491,1.538819307815955,106.30601519793537,9144.0
3420.0,TGW625,3.907120429112929,102.97686871870881,9144.0
3430.0,TGW285,-2.071092558670641,108.1884447547754,9144.0
3430.0,TGW305,1.7883899051343015,104.12680142732867,9144.0
3430.0,TGW351,12.710777010399456,100.68949705255227,9144.0
3430.0,TGW397,7.190871417868566,113.26160479294609,9144.0
3430.0,TGW491,1.5253380564021646,106.27706513871041,9144.0
3430.0,TGW625,3.876810520008115,102.98895401267546,9144.0
3430.0,TGW285,-2.071092558670641,108.1884447547754,9144.0
3430.0,TGW305,1.7883899051343015,104.12680142732867,9144.0
3430.0,TGW351,12.710777010399456,100.68949705255227,9144.0
3430.0,TGW397,7.190871417868566,113.26160479294609,9144.0
3430.0,TGW491,1.5253380564021646,106.27706513871041,9144.0
3430.0,TGW625,3.876810520008115,102.98895401267546,9144.0
3440.0,TGW285,-2.0501838889312305,108.1643798969464,9144.0
3440.0,TGW305,1.7701656689233383,104.13030372048551,9144.0
3440.0,TGW351,12.680812657451256,100.69604661155925,9144.0
3440.0,TGW397,7.175446874228803,113.23100974098243,9144.0
3440.0,TGW491,1.5118562994457594,106.24811549566365,9144.0
3440.0,TGW625,3.846607608288593,103.00099567751175,9144.0
3440.0,TGW285,-2.0501838889312305,108.1643798969464,9144.0
3440.0,TGW305,1.7701656689233383,104.13030372048551,9144.0
3440.0,TGW351,12.680812657451256,100.69604661155925,9144.0
3440.0,TGW397,7.175446874228803,113.23100974098243,9144.0
3440.0,TGW491,1.5118562994457594,106.24811549566365,9144.0
3440.0,TGW625,3.846607608288593,103.00099567751175,9144.0
3450.0,TGW285,-2.029274854020852,108.14031566957242,9144.0
3450.0,TGW305,1.7522749090124212,104.1337418569529,9144.0
3450.0,TGW351,12.65090583592533,100.70258200261696,9144.0
3450.0,TGW397,7.1600191468949586,113.20041735567048,9144.0
3450.0,TGW491,1.498373760757137,106.21916639592506,9144.0
3450.0,TGW625,3.816389312080714,103.0129980840726,9144.0
3450.0,TGW285,-2.029274854020852,108.14031566957242,9144.0
3450.0,TGW305,1.7522749090124212,104.1337418569529,9144.0
3450.0,TGW351,12.65090583592533,100.70258200261696,9144.0
3450.0,TGW397,7.1600191468949586,113.20041735567048,9144.0
3450.0,TGW491,1.498373760757137,106.21916639592506,9144.0
3450.0,TGW625,3.816389312080714,103.0129980840726,9144.0
3460.0,TGW285,-2.0083654576197425,108.11625206624572,9144.0
3460.0,TGW305,1.7343787013960155,104.13715146426287,9144.0
3460.0,TGW351,12.62099881750046,100.70911568255912,9144.0
3460.0,TGW397,7.144649212301556,113.16979646606467,9144.0
3460.0,TGW491,1.4847735720018886,106.19027259744222,9144.0
3460.0,TGW625,3.786170837628445,103.02499961929216,9144.0
3460.0,TGW285,-2.0083654576197425,108.11625206624572,9144.0
3460.0,TGW305,1.7343787013960155,104.13715146426287,9144.0
3460.0,TGW351,12.62099881750046,100.70911568255912,9144.0
3460.0,TGW397,7.144649212301556,113.16979646606467,9144.0
3460.0,TGW491,1.4847735720018886,106.19027259744222,9144.0
3460.0,TGW625,3.786170837628445,103.02499961929216,9144.0
3470.0,TGW285,-1.9874557034071203,108.09218908055942,9144.0
3470.0,TGW305,1.7168172580927998,104.14049722573952,9144.0
3470.0,TGW351,12.591091636197476,100.7156478169548,9144.0
3470.0,TGW397,7.129276236992236,113.1391781555509,9144.0
3470.0,TGW491,1.4710986745201535,106.1612216454103,9144.0
3470.0,TGW625,3.7559520715652734,103.03699999984562,9144.0
3470.0,TGW285,-1.9874557034071203,108.09218908055942,9144.0
3470.0,TGW305,1.7168172580927998,104.14049722573952,9144.0
3470.0,TGW351,12.591091636197476,100.7156478169548,9144.0
3470.0,TGW397,7.129276236992236,113.1391781555509,9144.0
3470.0,TGW491,1.4710986745201535,106.1612216454103,9144.0
3470.0,TGW625,3.7559520715652734,103.03699999984562,9144.0
3480.0,TGW285,-1.9665455950611455,108.0681267061075,9144.0
3480.0,TGW305,1.699249844910789,104.14381143991233,9144.0
3480.0,TGW351,12.561195239866565,100.72223081385489,9144.0
3480.0,TGW397,7.1126121980209165,113.10925480373612,9144.0
3480.0,TGW491,1.457412667363046,106.13217610633095,9144.0
3480.0,TGW625,3.7257466002361164,103.04903353368474,9144.0
3480.0,TGW285,-1.9665455950611455,108.0681267061075,9144.0
3480.0,TGW305,1.699249844910789,104.14381143991233,9144.0
3480.0,TGW351,12.561195239866565,100.72223081385489,9144.0
3480.0,TGW397,7.1126121980209165,113.10925480373612,9144.0
3480.0,TGW491,1.457412667363046,106.13217610633095,9144.0
3480.0,TGW625,3.7257466002361164,103.04903353368474,9144.0
3490.0,TGW285,-1.9456351362588775,108.04406493648483,9144.0
3490.0,TGW305,1.6814813524701244,104.1471635237834,9144.0
3490.0,TGW351,12.53129867923904,100.7288122632292,9144.0
3490.0,TGW397,7.09591780337825,113.0792841876194,9144.0
3490.0,TGW491,1.4437552984146986,106.10311725710132,9144.0
3490.0,TGW625,3.6955945671396275,103.06104475373817,9144.0
3490.0,TGW285,-1.9456351362588775,108.04406493648483,9144.0
3490.0,TGW305,1.6814813524701244,104.1471635237834,9144.0
3490.0,TGW351,12.53129867923904,100.7288122632292,9144.0
3490.0,TGW397,7.09591780337825,113.0792841876194,9144.0
3490.0,TGW491,1.4437552984146986,106.10311725710132,9144.0
3490.0,TGW625,3.6955945671396275,103.06104475373817,9144.0
3500.0,TGW285,-1.9247243306762296,108.02000376528723,9144.0
3500.0,TGW305,1.6637843223179396,104.15087470275128,9144.0
3500.0,TGW351,12.501401688450922,100.73539089961687,9144.0
3500.0,TGW397,7.07635734664626,113.05113011701593,9144.0
3500.0,TGW491,1.430034927281072,106.074024173322,9144.0
3500.0,TGW625,3.6654360739132583,103.07303927020139,9144.0
3500.0,TGW285,-1.9247243306762296,108.02000376528723,9144.0
3500.0,TGW305,1.6637843223179396,104.15087470275128,9144.0
3500.0,TGW351,12.501401688450922,100.73539089961687,9144.0
3500.0,TGW397,7.07635734664626,113.05113011701593,9144.0
3500.0,TGW491,1.430034927281072,106.074024173322,9144.0
3500.0,TGW625,3.6654360739132583,103.07303927020139,9144.0
3510.0,TGW285,-1.9038131819879178,107.9959431861115,9144.0
3510.0,TGW305,1.6466706786162588,104.1540081823479,9144.0
3510.0,TGW351,12.471493688807024,100.74191607099367,9144.0
3510.0,TGW397,7.056827154186467,113.02302562689279,9144.0
3510.0,TGW491,1.4164349322064176,106.04487476047368,9144.0
3510.0,TGW625,3.6353310596653072,103.0850114813802,9144.0
3510.0,TGW285,-1.9038131819879178,107.9959431861115,9144.0
3510.0,TGW305,1.6466706786162588,104.1540081823479,9144.0
3510.0,TGW351,12.471493688807024,100.74191607099367,9144.0
3510.0,TGW397,7.056827154186467,113.02302562689279,9144.0
3510.0,TGW491,1.4164349322064176,106.04487476047368,9144.0
3510.0,TGW625,3.6353310596653072,103.0850114813802,9144.0
3520.0,TGW285,-1.8829016938674066,107.9718831925555,9144.0
3520.0,TGW305,1.630159821107328,104.15736052871361,9144.0
3520.0,TGW351,12.441470145664779,100.74846475598324,9144.0
3520.0,TGW397,7.036285660616315,112.99566414930352,9144.0
3520.0,TGW491,1.4027583050950432,106.01556959791047,9144.0
3520.0,TGW625,3.605205273188528,103.09693071833786,9144.0
3520.0,TGW285,-1.8829016938674066,107.9718831925555,9144.0
3520.0,TGW305,1.630159821107328,104.15736052871361,9144.0
3520.0,TGW351,12.441470145664779,100.74846475598324,9144.0
3520.0,TGW397,7.036285660616315,112.99566414930352,9144.0
3520.0,TGW491,1.4027583050950432,106.01556959791047,9144.0
3520.0,TGW625,3.605205273188528,103.09693071833786,9144.0
3530.0,TGW285,-1.8619898699868478,107.94782377821814,9144.0
3530.0,TGW305,1.6154116637752152,104.16035492983367,9144.0
3530.0,TGW351,12.411453484347092,100.75504568090454,9144.0
3530.0,TGW397,7.015776456803001,112.96835094332681,9144.0
3530.0,TGW491,1.3889273155445006,105.98633718762746,9144.0
3530.0,TGW625,3.5750792873460835,103.10884905620021,9144.0
3530.0,TGW285,-1.8619898699868478,107.94782377821814,9144.0
3530.0,TGW305,1.6154116637752152,104.16035492983367,9144.0
3530.0,TGW351,12.411453484347092,100.75504568090454,9144.0
3530.0,TGW397,7.015776456803001,112.96835094332681,9144.0
3530.0,TGW491,1.3889273155445006,105.98633718762746,9144.0
3530.0,TGW625,3.5750792873460835,103.10884905620021,9144.0
3540.0,TGW285,-1.8410777140170154,107.92376493669951,9144.0
3540.0,TGW305,1.600598803926664,104.15970769442556,9144.0
3540.0,TGW351,12.38132146627281,100.76165021326418,9144.0
3540.0,TGW397,6.99526455974322,112.9410409919639,9144.0
3540.0,TGW491,1.374996939656983,105.95689635289831,9144.0
3540.0,TGW625,3.5449799793408325,103.12083447815607,9144.0
3540.0,TGW285,-1.8410777140170154,107.92376493669951,9144.0
3540.0,TGW305,1.600598803926664,104.15970769442556,9144.0
3540.0,TGW351,12.38132146627281,100.76165021326418,9144.0
3540.0,TGW397,6.99526455974322,112.9410409919639,9144.0
3540.0,TGW491,1.374996939656983,105.95689635289831,9144.0
3540.0,TGW625,3.5449799793408325,103.12083447815607,9144.0
3550.0,TGW285,-1.8201652296272322,107.89970666160092,9144.0
3550.0,TGW305,1.5868214385109052,104.15504233393604,9144.0
3550.0,TGW351,12.35117794713159,100.76819874849595,9144.0
3550.0,TGW397,6.974993773608843,112.91355010047708,9144.0
3550.0,TGW491,1.3612126649116951,105.92738696087211,9144.0
3550.0,TGW625,3.5148804935030222,103.13281906340984,9144.0
3550.0,TGW285,-1.8201652296272322,107.89970666160092,9144.0
3550.0,TGW305,1.5868214385109052,104.15504233393604,9144.0
3550.0,TGW351,12.35117794713159,100.76819874849595,9144.0
3550.0,TGW397,6.974993773608843,112.91355010047708,9144.0
3550.0,TGW491,1.3612126649116951,105.92738696087211,9144.0
3550.0,TGW625,3.5148804935030222,103.13281906340984,9144.0
3560.0,TGW285,-1.7992524204852907,107.8756489465249,9144.0
3560.0,TGW305,1.575169696610394,104.14681333941745,9144.0
3560.0,TGW351,12.320976714427381,100.77475823806581,9144.0
3560.0,TGW397,6.954686517224178,112.88601649351041,9144.0
3560.0,TGW491,1.3474034452187704,105.89782573799452,9144.0
3560.0,TGW625,3.484745205631723,103.14471261289108,9144.0
3560.0,TGW285,-1.7992524204852907,107.8756489465249,9144.0
3560.0,TGW305,1.575169696610394,104.14681333941745,9144.0
3560.0,TGW351,12.320976714427381,100.77475823806581,9144.0
3560.0,TGW397,6.954686517224178,112.88601649351041,9144.0
3560.0,TGW491,1.3474034452187704,105.89782573799452,9144.0
3560.0,TGW625,3.484745205631723,103.14471261289108,9144.0
3570.0,TGW285,-1.7783392902573643,107.85159178507543,9144.0
3570.0,TGW305,1.5665176767309363,104.13573851384949,9144.0
3570.0,TGW351,12.290787520738851,100.78137477526911,9144.0
3570.0,TGW397,6.934200898713003,112.85861850154309,9144.0
3570.0,TGW491,1.3334718259772023,105.86832220179679,9144.0
3570.0,TGW625,3.4545559982225513,103.15662656560082,9144.0
3570.0,TGW285,-1.7783392902573643,107.85159178507543,9144.0
3570.0,TGW305,1.5665176767309363,104.13573851384949,9144.0
3570.0,TGW351,12.290787520738851,100.78137477526911,9144.0
3570.0,TGW397,6.934200898713003,112.85861850154309,9144.0
3570.0,TGW491,1.3334718259772023,105.86832220179679,9144.0
3570.0,TGW625,3.4545559982225513,103.15662656560082,9144.0
3580.0,TGW285,-1.7574258426079108,107.82753517085784,9144.0
3580.0,TGW305,1.5614278955906153,104.12263740262054,9144.0
3580.0,TGW351,12.260540673574804,100.78800235677542,9144.0
3580.0,TGW397,6.913713246466577,112.83122324243992,9144.0
3580.0,TGW491,1.3194904880311793,105.83871488463059,9144.0
3580.0,TGW625,3.4261122144258986,103.17226753778151,9144.0
3580.0,TGW285,-1.7574258426079108,107.82753517085784,9144.0
3580.0,TGW305,1.5614278955906153,104.12263740262054,9144.0
3580.0,TGW351,12.260540673574804,100.78800235677542,9144.0
3580.0,TGW397,6.913713246466577,112.83122324243992,9144.0
3580.0,TGW491,1.3194904880311793,105.83871488463059,9144.0
3580.0,TGW625,3.4261122144258986,103.17226753778151,9144.0
3590.0,TGW285,-1.7365120811995642,107.80347909747907,9144.0
3590.0,TGW305,1.5603332926055071,104.10862437346086,9144.0
3590.0,TGW351,12.230304703338177,100.7946809459515,9144.0
3590.0,TGW397,6.893218369763152,112.80383465332116,9144.0
3590.0,TGW491,1.3055758705001124,105.8090763004707,9144.0
3590.0,TGW625,3.399596692277267,103.19100190191926,9144.0
3590.0,TGW285,-1.7365120811995642,107.80347909747907,9144.0
3590.0,TGW305,1.5603332926055071,104.10862437346086,9144.0
3590.0,TGW351,12.230304703338177,100.7946809459515,9144.0
3590.0,TGW397,6.893218369763152,112.80383465332116,9144.0
3590.0,TGW491,1.3055758705001124,105.8090763004707,9144.0
3590.0,TGW625,3.399596692277267,103.19100190191926,9144.0
3600.0,TGW285,-1.7155980096930161,107.77942355854766,9144.0
3600.0,TGW305,1.5633218094765229,104.09481774455584,9144.0
3600.0,TGW351,12.200068565957316,100.80135797996026,9144.0
3600.0,TGW397,6.872776759556176,112.77640688588727,9144.0
3600.0,TGW491,1.2916852272007748,105.77949024820478,9144.0
3600.0,TGW625,3.3734118589375317,103.20950118659962,9144.0
3600.0,TGW285,-1.7155980096930161,107.77942355854766,9144.0
3600.0,TGW305,1.5633218094765229,104.09481774455584,9144.0
3600.0,TGW351,12.200068565957316,100.80135797996026,9144.0
3600.0,TGW397,6.872776759556176,112.77640688588727,9144.0
3600.0,TGW491,1.2916852272007748,105.77949024820478,9144.0
3600.0,TGW625,3.3734118589375317,103.20950118659962,9144.0
3610.0,TGW285,-1.6946836317468827,107.75536854767394,9144.0
3610.0,TGW305,1.5701472826510643,104.08245084924819,9144.0
3610.0,TGW351,12.169817448736692,100.80796285613046,9144.0
3610.0,TGW397,6.852880814811106,112.74971640226433,9144.0
3610.0,TGW491,1.2777951153956053,105.74990410713777,9144.0
3610.0,TGW625,3.3498061383196305,103.23120515789486,9144.0
3610.0,TGW285,-1.6946836317468827,107.75536854767394,9144.0
3610.0,TGW305,1.5701472826510643,104.08245084924819,9144.0
3610.0,TGW351,12.169817448736692,100.80796285613046,9144.0
3610.0,TGW397,6.852880814811106,112.74971640226433,9144.0
3610.0,TGW491,1.2777951153956053,105.74990410713777,9144.0
3610.0,TGW625,3.3498061383196305,103.23120515789486,9144.0
3620.0,TGW285,-1.673768951017557,107.73131405847009,9144.0
3620.0,TGW305,1.5802349005198906,104.072565170697,9144.0
3620.0,TGW351,12.139566169771555,100.81456620603282,9144.0
3620.0,TGW397,6.832981649040412,112.72302946695709,9144.0
3620.0,TGW491,1.2639045130690272,105.72031835560055,9144.0
3620.0,TGW625,3.3292540553784282,103.25567734378927,9144.0
3620.0,TGW285,-1.673768951017557,107.73131405847009,9144.0
3620.0,TGW305,1.5802349005198906,104.072565170697,9144.0
3620.0,TGW351,12.139566169771555,100.81456620603282,9144.0
3620.0,TGW397,6.832981649040412,112.72302946695709,9144.0
3620.0,TGW491,1.2639045130690272,105.72031835560055,9144.0
3620.0,TGW625,3.3292540553784282,103.25567734378927,9144.0
3630.0,TGW285,-1.652853971159043,107.70726008455036,9144.0
3630.0,TGW305,1.5927351278621749,104.06599325783807,9144.0
3630.0,TGW351,12.109315945881098,100.82117386157299,9144.0
3630.0,TGW397,6.8130663737554285,112.69635583328352,9144.0
3630.0,TGW491,1.2500273826522272,105.69072643688695,9144.0
3630.0,TGW625,3.312312884744892,103.28223043585479,9144.0
3630.0,TGW285,-1.652853971159043,107.70726008455036,9144.0
3630.0,TGW305,1.5927351278621749,104.06599325783807,9144.0
3630.0,TGW351,12.109315945881098,100.82117386157299,9144.0
3630.0,TGW397,6.8130663737554285,112.69635583328352,9144.0
3630.0,TGW491,1.2500273826522272,105.69072643688695,9144.0
3630.0,TGW625,3.312312884744892,103.28223043585479,9144.0
3640.0,TGW285,-1.6319386958227715,107.68320661953115,9144.0
3640.0,TGW305,1.6065952500000114,104.06328860999909,9144.0
3640.0,TGW351,12.078950691276171,100.82780508733455,9144.0
3640.0,TGW397,6.792976915479885,112.66945480629542,9144.0
3640.0,TGW491,1.2361253569917303,105.6610827384747,9144.0
3640.0,TGW625,3.295778616716847,103.30903919597209,9144.0
3640.0,TGW285,-1.6319386958227715,107.68320661953115,9144.0
3640.0,TGW305,1.6065952500000114,104.06328860999909,9144.0
3640.0,TGW351,12.078950691276171,100.82780508733455,9144.0
3640.0,TGW397,6.792976915479885,112.66945480629542,9144.0
3640.0,TGW491,1.2361253569917303,105.6610827384747,9144.0
3640.0,TGW625,3.295778616716847,103.30903919597209,9144.0
3650.0,TGW285,-1.6110231286573904,107.65915365703128,9144.0
3650.0,TGW305,1.621009454894037,104.0646113603412,9144.0
3650.0,TGW351,12.048585200941707,100.83443443319854,9144.0
3650.0,TGW397,6.7735005567005935,112.64210143854281,9144.0
3650.0,TGW491,1.2222225265806133,105.6314395719907,9144.0
3650.0,TGW625,3.2793662090825615,103.33564746010308,9144.0
3650.0,TGW285,-1.6110231286573904,107.65915365703128,9144.0
3650.0,TGW305,1.621009454894037,104.0646113603412,9144.0
3650.0,TGW351,12.048585200941707,100.83443443319854,9144.0
3650.0,TGW397,6.7735005567005935,112.64210143854281,9144.0
3650.0,TGW491,1.2222225265806133,105.6314395719907,9144.0
3650.0,TGW625,3.2793662090825615,103.33564746010308,9144.0
3660.0,TGW285,-1.590107273308531,107.63510119067215,9144.0
3660.0,TGW305,1.634035847220773,104.06987949254854,9144.0
3660.0,TGW351,12.01821247545885,100.84102828858028,9144.0
3660.0,TGW397,6.757538681866604,112.61259578626641,9144.0
3660.0,TGW491,1.2082239434010713,105.60184167704982,9144.0
3660.0,TGW625,3.2631730031315045,103.36238969795394,9144.0
3660.0,TGW285,-1.590107273308531,107.63510119067215,9144.0
3660.0,TGW305,1.634035847220773,104.06987949254854,9144.0
3660.0,TGW351,12.01821247545885,100.84102828858028,9144.0
3660.0,TGW397,6.757538681866604,112.61259578626641,9144.0
3660.0,TGW491,1.2082239434010713,105.60184167704982,9144.0
3660.0,TGW625,3.2631730031315045,103.36238969795394,9144.0
3670.0,TGW285,-1.5691911334185418,107.61104921407792,9144.0
3670.0,TGW305,1.6441655457977769,104.07834237154627,9144.0
3670.0,TGW351,11.987724791721986,100.84764526627517,9144.0
3670.0,TGW397,6.742919032399011,112.58232994222271,9144.0
3670.0,TGW491,1.196996524365355,105.57077936323086,9144.0
3670.0,TGW625,3.246978820526966,103.38913091260564,9144.0
3670.0,TGW285,-1.5691911334185418,107.61104921407792,9144.0
3670.0,TGW305,1.6441655457977769,104.07834237154627,9144.0
3670.0,TGW351,11.987724791721986,100.84764526627517,9144.0
3670.0,TGW397,6.742919032399011,112.58232994222271,9144.0
3670.0,TGW491,1.196996524365355,105.57077936323086,9144.0
3670.0,TGW625,3.246978820526966,103.38913091260564,9144.0
3680.0,TGW285,-1.5482747126261858,107.5869977208759,9144.0
3680.0,TGW305,1.651213771570519,104.08950472444252,9144.0
3680.0,TGW351,11.957251112889848,100.8543285713823,9144.0
3680.0,TGW397,6.7282969652912845,112.55206619461664,9144.0
3680.0,TGW491,1.1896939860942692,105.5385084091575,9144.0
3680.0,TGW625,3.230809129935282,103.41588656439878,9144.0
3680.0,TGW285,-1.5482747126261858,107.5869977208759,9144.0
3680.0,TGW305,1.651213771570519,104.08950472444252,9144.0
3680.0,TGW351,11.957251112889848,100.8543285713823,9144.0
3680.0,TGW397,6.7282969652912845,112.55206619461664,9144.0
3680.0,TGW491,1.1896939860942692,105.5385084091575,9144.0
3680.0,TGW625,3.230809129935282,103.41588656439878,9144.0
3690.0,TGW285,-1.527358014566296,107.56294670469671,9144.0
3690.0,TGW305,1.654501632958139,104.10229137437894,9144.0
3690.0,TGW351,11.926834593904008,100.86099776507605,9144.0
3690.0,TGW397,6.71367099507805,112.52180526970672,9144.0
3690.0,TGW491,1.1864612714028233,105.50563723578999,9144.0
3690.0,TGW625,3.2146688864280026,103.44259104838312,9144.0
3690.0,TGW285,-1.527358014566296,107.56294670469671,9144.0
3690.0,TGW305,1.654501632958139,104.10229137437894,9144.0
3690.0,TGW351,11.926834593904008,100.86099776507605,9144.0
3690.0,TGW397,6.71367099507805,112.52180526970672,9144.0
3690.0,TGW491,1.1864612714028233,105.50563723578999,9144.0
3690.0,TGW625,3.2146688864280026,103.44259104838312,9144.0
3700.0,TGW285,-1.5064410428693804,107.53889615917475,9144.0
3700.0,TGW305,1.6537124401315841,104.11547067576241,9144.0
3700.0,TGW351,11.89640059427117,100.86758238835247,9144.0
3700.0,TGW397,6.69891599113606,112.49160883475754,9144.0
3700.0,TGW491,1.186924835984898,105.47261066547674,9144.0
3700.0,TGW625,3.19852724023844,103.46929426038753,9144.0
3700.0,TGW285,-1.5064410428693804,107.53889615917475,9144.0
3700.0,TGW305,1.6537124401315841,104.11547067576241,9144.0
3700.0,TGW351,11.89640059427117,100.86758238835247,9144.0
3700.0,TGW397,6.69891599113606,112.49160883475754,9144.0
3700.0,TGW491,1.186924835984898,105.47261066547674,9144.0
3700.0,TGW625,3.19852724023844,103.46929426038753,9144.0
3710.0,TGW285,-1.4855238011611687,107.5148460779485,9144.0
3710.0,TGW305,1.648922208868853,104.12777316161124,9144.0
3710.0,TGW351,11.86602383179842,100.87415308331447,9144.0
3710.0,TGW397,6.684284106445958,112.46167328013328,9144.0
3710.0,TGW491,1.187383785967176,105.43987145580681,9144.0
3710.0,TGW625,3.1819523272751002,103.49572945908265,9144.0
3710.0,TGW285,-1.4855238011611687,107.5148460779485,9144.0
3710.0,TGW305,1.648922208868853,104.12777316161124,9144.0
3710.0,TGW351,11.86602383179842,100.87415308331447,9144.0
3710.0,TGW397,6.684284106445958,112.46167328013328,9144.0
3710.0,TGW491,1.187383785967176,105.43987145580681,9144.0
3710.0,TGW625,3.1819523272751002,103.49572945908265,9144.0
3720.0,TGW285,-1.4646062930620853,107.49079645466102,9144.0
3720.0,TGW305,1.6405923386454309,104.13801383420217,9144.0
3720.0,TGW351,11.835670492211726,100.88083510229859,9144.0
3720.0,TGW397,6.667246388144302,112.43305786180102,9144.0
3720.0,TGW491,1.1865697489436968,105.40713916282812,9144.0
3720.0,TGW625,3.1620488392373223,103.51975030751277,9144.0
3720.0,TGW285,-1.4646062930620853,107.49079645466102,9144.0
3720.0,TGW305,1.6405923386454309,104.13801383420217,9144.0
3720.0,TGW351,11.835670492211726,100.88083510229859,9144.0
3720.0,TGW397,6.667246388144302,112.43305786180102,9144.0
3720.0,TGW491,1.1865697489436968,105.40713916282812,9144.0
3720.0,TGW625,3.1620488392373223,103.51975030751277,9144.0
3730.0,TGW285,-1.443688522186639,107.4667472829605,9144.0
3730.0,TGW305,1.6295251702129736,104.14520631424479,9144.0
3730.0,TGW351,11.805431814491408,100.88749033063263,9144.0
3730.0,TGW397,6.650383744321344,112.40474211074944,9144.0
3730.0,TGW491,1.1857651932982514,105.37481071901867,9144.0
3730.0,TGW625,3.1410270780829,103.54279535953052,9144.0
3730.0,TGW285,-1.443688522186639,107.4667472829605,9144.0
3730.0,TGW305,1.6295251702129736,104.14520631424479,9144.0
3730.0,TGW351,11.805431814491408,100.88749033063263,9144.0
3730.0,TGW397,6.650383744321344,112.40474211074944,9144.0
3730.0,TGW491,1.1857651932982514,105.37481071901867,9144.0
3730.0,TGW625,3.1410270780829,103.54279535953052,9144.0
3740.0,TGW285,-1.4227704921427076,107.44269855650083,9144.0
3740.0,TGW305,1.6167867034010863,104.14865785017307,9144.0
3740.0,TGW351,11.775168594382794,100.89402737224053,9144.0
3740.0,TGW397,6.633518309521867,112.37642901506675,9144.0
3740.0,TGW491,1.1849579238757126,105.3424823523145,9144.0
3740.0,TGW625,3.1200046583881504,103.56583934656769,9144.0
3740.0,TGW285,-1.4227704921427076,107.44269855650083,9144.0
3740.0,TGW305,1.6167867034010863,104.14865785017307,9144.0
3740.0,TGW351,11.775168594382794,100.89402737224053,9144.0
3740.0,TGW397,6.633518309521867,112.37642901506675,9144.0
3740.0,TGW491,1.1849579238757126,105.3424823523145,9144.0
3740.0,TGW625,3.1200046583881504,103.56583934656769,9144.0
3750.0,TGW285,-1.4018522065306989,107.4186502689424,9144.0
3750.0,TGW305,1.603603919034519,104.14803603621093,9144.0
3750.0,TGW351,11.744962738574987,100.90055052695972,9144.0
3750.0,TGW397,6.617369976800525,112.34769625038778,9144.0
3750.0,TGW491,1.1839997708499257,105.31015811861985,9144.0
3750.0,TGW625,3.09696098905004,103.58685536050783,9144.0
3750.0,TGW285,-1.4018522065306989,107.4186502689424,9144.0
3750.0,TGW305,1.603603919034519,104.14803603621093,9144.0
3750.0,TGW351,11.744962738574987,100.90055052695972,9144.0
3750.0,TGW397,6.617369976800525,112.34769625038778,9144.0
3750.0,TGW491,1.1839997708499257,105.31015811861985,9144.0
3750.0,TGW625,3.09696098905004,103.58685536050783,9144.0
3760.0,TGW285,-1.380933668942553,107.39460241395291,9144.0
3760.0,TGW305,1.5912465950130343,104.14340081625349,9144.0
3760.0,TGW351,11.714759995085323,100.90708798278386,9144.0
3760.0,TGW397,6.601077919420853,112.31871416229373,9144.0
3760.0,TGW491,1.183051480074983,105.2782396090962,9144.0
3760.0,TGW625,3.073743697446335,103.60802820697693,9144.0
3760.0,TGW285,-1.380933668942553,107.39460241395291,9144.0
3760.0,TGW305,1.5912465950130343,104.14340081625349,9144.0
3760.0,TGW351,11.714759995085323,100.90708798278386,9144.0
3760.0,TGW397,6.601077919420853,112.31871416229373,9144.0
3760.0,TGW491,1.183051480074983,105.2782396090962,9144.0
3760.0,TGW625,3.073743697446335,103.60802820697693,9144.0
3770.0,TGW285,-1.360014882960554,107.37055498520843,9144.0
3770.0,TGW305,1.5809050001376963,104.13519869619742,9144.0
3770.0,TGW351,11.684614651787435,100.9136115358614,9144.0
3770.0,TGW397,6.5847779981926795,112.28973750821785,9144.0
3770.0,TGW491,1.1822895349545675,105.24631611427529,9144.0
3770.0,TGW625,3.0507824065875124,103.6294787439778,9144.0
3770.0,TGW285,-1.360014882960554,107.37055498520843,9144.0
3770.0,TGW305,1.5809050001376963,104.13519869619742,9144.0
3770.0,TGW351,11.684614651787435,100.9136115358614,9144.0
3770.0,TGW397,6.5847779981926795,112.28973750821785,9144.0
3770.0,TGW491,1.1822895349545675,105.24631611427529,9144.0
3770.0,TGW625,3.0507824065875124,103.6294787439778,9144.0
3780.0,TGW285,-1.3390958521558998,107.34650797639463,9144.0
3780.0,TGW305,1.5735171567528967,104.12417275346796,9144.0
3780.0,TGW351,11.654468009637366,100.92012811889579,9144.0
3780.0,TGW397,6.568335276335063,112.26051211051815,9144.0
3780.0,TGW491,1.1815364792428509,105.2148002637649,9144.0
3780.0,TGW625,3.0277351579020744,103.65100805127975,9144.0
3780.0,TGW285,-1.3390958521558998,107.34650797639463,9144.0
3780.0,TGW305,1.5735171567528967,104.12417275346796,9144.0
3780.0,TGW351,11.654468009637366,100.92012811889579,9144.0
3780.0,TGW397,6.568335276335063,112.26051211051815,9144.0
3780.0,TGW491,1.1815364792428509,105.2148002637649,9144.0
3780.0,TGW625,3.0277351579020744,103.65100805127975,9144.0
3790.0,TGW285,-1.318176580086965,107.32246138120834,9144.0
3790.0,TGW305,1.569842993963858,104.11141804462125,9144.0
3790.0,TGW351,11.62426366086967,100.92665570500179,9144.0
3790.0,TGW397,6.551890763945586,112.2312886981914,9144.0
3790.0,TGW491,1.1807589865393298,105.18328501571379,9144.0
3790.0,TGW625,3.004767815370624,103.67262236303645,9144.0
3790.0,TGW285,-1.318176580086965,107.32246138120834,9144.0
3790.0,TGW305,1.569842993963858,104.11141804462125,9144.0
3790.0,TGW351,11.62426366086967,100.92665570500179,9144.0
3790.0,TGW397,6.551890763945586,112.2312886981914,9144.0
3790.0,TGW491,1.1807589865393298,105.18328501571379,9144.0
3790.0,TGW625,3.004767815370624,103.67262236303645,9144.0
3800.0,TGW285,-1.2972570702971729,107.29841519335933,9144.0
3800.0,TGW305,1.5664814053934875,104.09857737040439,9144.0
3800.0,TGW351,11.594078085449011,100.93327247153083,9144.0
3800.0,TGW397,6.535444449447129,112.20206727555295,9144.0
3800.0,TGW491,1.1799921639937454,105.15223800223484,9144.0
3800.0,TGW625,2.9817149293885423,103.6943156614355,9144.0
3800.0,TGW285,-1.2972570702971729,107.29841519335933,9144.0
3800.0,TGW305,1.5664814053934875,104.09857737040439,9144.0
3800.0,TGW351,11.594078085449011,100.93327247153083,9144.0
3800.0,TGW397,6.535444449447129,112.20206727555295,9144.0
3800.0,TGW491,1.1799921639937454,105.15223800223484,9144.0
3800.0,TGW625,2.9817149293885423,103.6943156614355,9144.0
3810.0,TGW285,-1.2763373263123572,107.27436940657269,9144.0
3810.0,TGW305,1.563119723663448,104.08573674117554,9144.0
3810.0,TGW351,11.563834874633905,100.9399003847016,9144.0
3810.0,TGW397,6.5189963146137675,112.17284785071281,9144.0
3810.0,TGW491,1.1792287467375848,105.12119091331874,9144.0
3810.0,TGW625,2.9586570996512647,103.71600323792251,9144.0
3810.0,TGW285,-1.2763373263123572,107.27436940657269,9144.0
3810.0,TGW305,1.563119723663448,104.08573674117554,9144.0
3810.0,TGW351,11.563834874633905,100.9399003847016,9144.0
3810.0,TGW397,6.5189963146137675,112.17284785071281,9144.0
3810.0,TGW491,1.1792287467375848,105.12119091331874,9144.0
3810.0,TGW625,2.9586570996512647,103.71600323792251,9144.0
3820.0,TGW285,-1.2554173516374534,107.25032401459163,9144.0
3820.0,TGW305,1.5597579396961168,104.07289615927006,9144.0
3820.0,TGW351,11.53358046570689,100.94647412675982,9144.0
3820.0,TGW397,6.502546329328261,112.1436304385682,9144.0
3820.0,TGW491,1.1784774479169162,105.09067365237699,9144.0
3820.0,TGW625,2.9355098155450645,103.7375946086817,9144.0
3820.0,TGW285,-1.2554173516374534,107.25032401459163,9144.0
3820.0,TGW305,1.5597579396961168,104.07289615927006,9144.0
3820.0,TGW351,11.53358046570689,100.94647412675982,9144.0
3820.0,TGW397,6.502546329328261,112.1436304385682,9144.0
3820.0,TGW491,1.1784774479169162,105.09067365237699,9144.0
3820.0,TGW625,2.9355098155450645,103.7375946086817,9144.0
3830.0,TGW285,-1.2344971497522903,107.22627901118119,9144.0
3830.0,TGW305,1.5526413904227394,104.06169317560357,9144.0
3830.0,TGW351,11.503268442474742,100.95305891781265,9144.0
3830.0,TGW397,6.486094438862234,112.1144150680635,9144.0
3830.0,TGW491,1.1777611574663422,105.06015555715231,9144.0
3830.0,TGW625,2.9123190975063427,103.75922445123673,9144.0
3830.0,TGW285,-1.2344971497522903,107.22627901118119,9144.0
3830.0,TGW305,1.5526413904227394,104.06169317560357,9144.0
3830.0,TGW351,11.503268442474742,100.95305891781265,9144.0
3830.0,TGW397,6.486094438862234,112.1144150680635,9144.0
3830.0,TGW491,1.1777611574663422,105.06015555715231,9144.0
3830.0,TGW625,2.9123190975063427,103.75922445123673,9144.0
3840.0,TGW285,-1.2135767241061561,107.20223439013299,9144.0
3840.0,TGW305,1.5422861534070234,104.05294526759042,9144.0
3840.0,TGW351,11.472958092046149,100.95965101439121,9144.0
3840.0,TGW397,6.469640522961067,112.08520180554227,9144.0
3840.0,TGW491,1.1770549247404016,105.03011120864625,9144.0
3840.0,TGW625,2.8890190269936094,103.78073570360759,9144.0
3840.0,TGW285,-1.2135767241061561,107.20223439013299,9144.0
3840.0,TGW305,1.5422861534070234,104.05294526759042,9144.0
3840.0,TGW351,11.472958092046149,100.95965101439121,9144.0
3840.0,TGW397,6.469640522961067,112.08520180554227,9144.0
3840.0,TGW491,1.1770549247404016,105.03011120864625,9144.0
3840.0,TGW625,2.8890190269936094,103.78073570360759,9144.0
3850.0,TGW285,-1.1926560781106577,107.17819014527137,9144.0
3850.0,TGW305,1.5297911094452412,104.04769217931343,9144.0
3850.0,TGW351,11.44264759152025,100.96624168563696,9144.0
3850.0,TGW397,6.4531841515116035,112.0559908941936,9144.0
3850.0,TGW491,1.1761602231212362,105.00007189366329,9144.0
3850.0,TGW625,2.86558988754997,103.80236423251996,9144.0
3850.0,TGW285,-1.1926560781106577,107.17819014527137,9144.0
3850.0,TGW305,1.5297911094452412,104.04769217931343,9144.0
3850.0,TGW351,11.44264759152025,100.96624168563696,9144.0
3850.0,TGW397,6.4531841515116035,112.0559908941936,9144.0
3850.0,TGW491,1.1761602231212362,105.00007189366329,9144.0
3850.0,TGW625,2.86558988754997,103.80236423251996,9144.0
3860.0,TGW285,-1.171735215130146,107.15414627046185,9144.0
3860.0,TGW305,1.5163792064238168,104.04573643685082,9144.0
3860.0,TGW351,11.412336937815818,100.97283091886267,9144.0
3860.0,TGW397,6.4352428239051065,112.02768032913139,9144.0
3860.0,TGW491,1.1752874189840148,104.9708079459194,9144.0
3860.0,TGW625,2.8420774949433354,103.82390155968747,9144.0
3860.0,TGW285,-1.171735215130146,107.15414627046185,9144.0
3860.0,TGW305,1.5163792064238168,104.04573643685082,9144.0
3860.0,TGW351,11.412336937815818,100.97283091886267,9144.0
3860.0,TGW397,6.4352428239051065,112.02768032913139,9144.0
3860.0,TGW491,1.1752874189840148,104.9708079459194,9144.0
3860.0,TGW625,2.8420774949433354,103.82390155968747,9144.0
3870.0,TGW285,-1.150814138468575,107.13010275962245,9144.0
3870.0,TGW305,1.502896930791792,104.04377045747836,9144.0
3870.0,TGW351,11.382026558750939,100.97942076399201,9144.0
3870.0,TGW397,6.417085273692618,111.99903312122724,9144.0
3870.0,TGW491,1.1746235654005095,104.94153851731178,9144.0
3870.0,TGW625,2.818435873676952,103.84555546251185,9144.0
3870.0,TGW285,-1.150814138468575,107.13010275962245,9144.0
3870.0,TGW305,1.502896930791792,104.04377045747836,9144.0
3870.0,TGW351,11.382026558750939,100.97942076399201,9144.0
3870.0,TGW397,6.417085273692618,111.99903312122724,9144.0
3870.0,TGW491,1.1746235654005095,104.94153851731178,9144.0
3870.0,TGW625,2.818435873676952,103.84555546251185,9144.0
3880.0,TGW285,-1.1298928513509636,107.10605960673988,9144.0
3880.0,TGW305,1.4906084244471283,104.03788401276499,9144.0
3880.0,TGW351,11.351830988010876,100.98598419830016,9144.0
3880.0,TGW397,6.398926121518229,111.97038796125074,9144.0
3880.0,TGW491,1.1739667668681397,104.91262943419824,9144.0
3880.0,TGW625,2.795895984305819,103.86835621708572,9144.0
3880.0,TGW285,-1.1298928513509636,107.10605960673988,9144.0
3880.0,TGW305,1.4906084244471283,104.03788401276499,9144.0
3880.0,TGW351,11.351830988010876,100.98598419830016,9144.0
3880.0,TGW397,6.398926121518229,111.97038796125074,9144.0
3880.0,TGW491,1.1739667668681397,104.91262943419824,9144.0
3880.0,TGW625,2.795895984305819,103.86835621708572,9144.0
3890.0,TGW285,-1.1089713568963708,107.08201680589308,9144.0
3890.0,TGW305,1.4785225212866844,104.0314392881604,9144.0
3890.0,TGW351,11.321639503679004,100.99256646437009,9144.0
3890.0,TGW397,6.380765371918801,111.94174484348342,9144.0
3890.0,TGW491,1.1734370088019264,104.88371774843301,9144.0
3890.0,TGW625,2.776579917071531,103.89373237322447,9144.0
3890.0,TGW285,-1.1089713568963708,107.08201680589308,9144.0
3890.0,TGW305,1.4785225212866844,104.0314392881604,9144.0
3890.0,TGW351,11.321639503679004,100.99256646437009,9144.0
3890.0,TGW397,6.380765371918801,111.94174484348342,9144.0
3890.0,TGW491,1.1734370088019264,104.88371774843301,9144.0
3890.0,TGW625,2.776579917071531,103.89373237322447,9144.0
3900.0,TGW285,-1.0880496580769081,107.05797435128889,9144.0
3900.0,TGW305,1.4656839480851203,104.02666835443439,9144.0
3900.0,TGW351,11.291275510598437,100.99918488357281,9144.0
3900.0,TGW397,6.3626030294265155,111.9131037622089,9144.0
3900.0,TGW491,1.172917698395463,104.85541008898052,9144.0
3900.0,TGW625,2.760864146321638,103.9211519689633,9144.0
3900.0,TGW285,-1.0880496580769081,107.05797435128889,9144.0
3900.0,TGW305,1.4656839480851203,104.02666835443439,9144.0
3900.0,TGW351,11.291275510598437,100.99918488357281,9144.0
3900.0,TGW397,6.3626030294265155,111.9131037622089,9144.0
3900.0,TGW491,1.172917698395463,104.85541008898052,9144.0
3900.0,TGW625,2.760864146321638,103.9211519689633,9144.0
3910.0,TGW285,-1.0671277576524303,107.03393223731892,9144.0
3910.0,TGW305,1.4547095546520163,104.02207276338783,9144.0
3910.0,TGW351,11.260908597003521,101.00578865664077,9144.0
3910.0,TGW397,6.344439098568689,111.88446471171294,9144.0
3910.0,TGW491,1.1721541908469686,104.82710797324789,9144.0
3910.0,TGW625,2.748838382676887,103.95038245792,9144.0
3910.0,TGW285,-1.0671277576524303,107.03393223731892,9144.0
3910.0,TGW305,1.4547095546520163,104.02207276338783,9144.0
3910.0,TGW351,11.260908597003521,101.00578865664077,9144.0
3910.0,TGW397,6.344439098568689,111.88446471171294,9144.0
3910.0,TGW491,1.1721541908469686,104.82710797324789,9144.0
3910.0,TGW625,2.748838382676887,103.95038245792,9144.0
3920.0,TGW285,-1.046205658059724,107.00989045865602,9144.0
3920.0,TGW305,1.4442599166159373,104.01769696433294,9144.0
3920.0,TGW351,11.230541533641421,101.01239101785625,9144.0
3920.0,TGW397,6.326273583867569,111.85582768628355,9144.0
3920.0,TGW491,1.1714382664093692,104.80060425456801,9144.0
3920.0,TGW625,2.7346123346205973,103.97860493009519,9144.0
3920.0,TGW285,-1.046205658059724,107.00989045865602,9144.0
3920.0,TGW305,1.4442599166159373,104.01769696433294,9144.0
3920.0,TGW351,11.230541533641421,101.01239101785625,9144.0
3920.0,TGW397,6.326273583867569,111.85582768628355,9144.0
3920.0,TGW491,1.1714382664093692,104.80060425456801,9144.0
3920.0,TGW625,2.7346123346205973,103.97860493009519,9144.0
3930.0,TGW285,-1.0252833612082084,106.98584901043212,9144.0
3930.0,TGW305,1.4338345124609508,104.01326372143902,9144.0
3930.0,TGW351,11.200170359151576,101.01897300223703,9144.0
3930.0,TGW397,6.308106489840129,111.8271926802112,9144.0
3930.0,TGW491,1.170981738731159,104.77413452806576,9144.0
3930.0,TGW625,2.7208345420955546,104.00593506359364,9144.0
3930.0,TGW285,-1.0252833612082084,106.98584901043212,9144.0
3930.0,TGW305,1.4338345124609508,104.01326372143902,9144.0
3930.0,TGW351,11.200170359151576,101.01897300223703,9144.0
3930.0,TGW397,6.308106489840129,111.8271926802112,9144.0
3930.0,TGW491,1.170981738731159,104.77413452806576,9144.0
3930.0,TGW625,2.7208345420955546,104.00593506359364,9144.0
3940.0,TGW285,-1.0043608680572238,106.96180788860627,9144.0
3940.0,TGW305,1.4236091800578876,104.00891560162471,9144.0
3940.0,TGW351,11.169856464684148,101.02554114904113,9144.0
3940.0,TGW397,6.289937820997835,111.79855968778892,9144.0
3940.0,TGW491,1.1704417664036666,104.74946579844514,9144.0
3940.0,TGW625,2.707246003035608,104.0333596903998,9144.0
3940.0,TGW285,-1.0043608680572238,106.96180788860627,9144.0
3940.0,TGW305,1.4236091800578876,104.00891560162471,9144.0
3940.0,TGW351,11.169856464684148,101.02554114904113,9144.0
3940.0,TGW397,6.289937820997835,111.79855968778892,9144.0
3940.0,TGW491,1.1704417664036666,104.74946579844514,9144.0
3940.0,TGW625,2.707246003035608,104.0333596903998,9144.0
3950.0,TGW285,-0.9834381775765583,106.93776709086963,9144.0
3950.0,TGW305,1.412503913557396,104.00856200416715,9144.0
3950.0,TGW351,11.139542369120116,101.03210764637178,9144.0
3950.0,TGW397,6.271767581846406,111.7699287033125,9144.0
3950.0,TGW491,1.1699199345910791,104.72564125855398,9144.0
3950.0,TGW625,2.6937614810258124,104.06057151094566,9144.0
3950.0,TGW285,-0.9834381775765583,106.93776709086963,9144.0
3950.0,TGW305,1.412503913557396,104.00856200416715,9144.0
3950.0,TGW351,11.139542369120116,101.03210764637178,9144.0
3950.0,TGW397,6.271767581846406,111.7699287033125,9144.0
3950.0,TGW491,1.1699199345910791,104.72564125855398,9144.0
3950.0,TGW625,2.6937614810258124,104.06057151094566,9144.0
3960.0,TGW285,-0.9623628060735047,106.91355142387683,9144.0
3960.0,TGW305,1.4028218486301471,104.00424032215281,9144.0
3960.0,TGW351,11.109230028536388,101.03868187008773,9144.0
3960.0,TGW397,6.253595776885551,111.74129972108061,9144.0
3960.0,TGW491,1.16937458608578,104.70181725021347,9144.0
3960.0,TGW625,2.6802062106867313,104.08774777856728,9144.0
3960.0,TGW285,-0.9623628060735047,106.91355142387683,9144.0
3960.0,TGW305,1.4028218486301471,104.00424032215281,9144.0
3960.0,TGW351,11.109230028536388,101.03868187008773,9144.0
3960.0,TGW397,6.253595776885551,111.74129972108061,9144.0
3960.0,TGW491,1.16937458608578,104.70181725021347,9144.0
3960.0,TGW625,2.6802062106867313,104.08774777856728,9144.0
3970.0,TGW285,-0.9412871923948205,106.88933611570278,9144.0
3970.0,TGW305,1.3941759529266038,103.99797707669339,9144.0
3970.0,TGW351,11.078917539982328,101.04525470330246,9144.0
3970.0,TGW397,6.235422410608688,111.71267273539502,9144.0
3970.0,TGW491,1.1688406645609712,104.67850605929694,9144.0
3970.0,TGW625,2.666465333051386,104.11529335247944,9144.0
3970.0,TGW285,-0.9412871923948205,106.88933611570278,9144.0
3970.0,TGW305,1.3941759529266038,103.99797707669339,9144.0
3970.0,TGW351,11.078917539982328,101.04525470330246,9144.0
3970.0,TGW397,6.235422410608688,111.71267273539502,9144.0
3970.0,TGW491,1.1688406645609712,104.67850605929694,9144.0
3970.0,TGW625,2.666465333051386,104.11529335247944,9144.0
3980.0,TGW285,-0.9202115787161363,106.86512095223742,9144.0
3980.0,TGW305,1.3855300355994171,103.99171388403207,9144.0
3980.0,TGW351,11.048606272136881,101.05183269880484,9144.0
3980.0,TGW397,6.217247487502641,111.6840477405608,9144.0
3980.0,TGW491,1.1682881323813477,104.65519530683945,9144.0
3980.0,TGW625,2.6522314463307053,104.14258657002065,9144.0
3980.0,TGW285,-0.9202115787161363,106.86512095223742,9144.0
3980.0,TGW305,1.3855300355994171,103.99171388403207,9144.0
3980.0,TGW351,11.048606272136881,101.05183269880484,9144.0
3980.0,TGW397,6.217247487502641,111.6840477405608,9144.0
3980.0,TGW491,1.1682881323813477,104.65519530683945,9144.0
3980.0,TGW625,2.6522314463307053,104.14258657002065,9144.0
3990.0,TGW305,1.3753500079392171,103.98849992670635,9144.0
3990.0,TGW351,11.018294857091012,101.05840931166874,9144.0
3990.0,TGW397,6.19907101204732,111.65542473088652,9144.0
3990.0,TGW491,1.1677475498070826,104.63240043262017,9144.0
3990.0,TGW625,2.6343524311437174,104.16799919191764,9144.0
3990.0,TGW305,1.3753500079392171,103.98849992670635,9144.0
3990.0,TGW351,11.018294857091012,101.05840931166874,9144.0
3990.0,TGW397,6.19907101204732,111.65542473088652,9144.0
3990.0,TGW491,1.1677475498070826,104.63240043262017,9144.0
3990.0,TGW625,2.6343524311437174,104.16799919191764,9144.0
4000.0,TGW305,1.365378274757826,103.98535176576559,9144.0
4000.0,TGW351,10.987976110091717,101.06495007930266,9144.0
4000.0,TGW397,6.18089298871536,111.62680370068449,9144.0
4000.0,TGW491,1.1672057298898968,104.60960559218334,9144.0
4000.0,TGW625,2.613482724900079,104.19053403369497,9144.0
4000.0,TGW305,1.365378274757826,103.98535176576559,9144.0
4000.0,TGW351,10.987976110091717,101.06495007930266,9144.0
4000.0,TGW397,6.18089298871536,111.62680370068449,9144.0
4000.0,TGW491,1.1672057298898968,104.60960559218334,9144.0
4000.0,TGW625,2.613482724900079,104.19053403369497,9144.0
4010.0,TGW305,1.354851785311509,103.98202847805223,9144.0
4010.0,TGW351,10.95759978148393,101.07150186633652,9144.0
4010.0,TGW397,6.1627134219717545,111.598184644271,9144.0
4010.0,TGW491,1.1665977556983393,104.58681242586997,9144.0
4010.0,TGW625,2.5899146651095895,104.20994510384159,9144.0
4010.0,TGW305,1.354851785311509,103.98202847805223,9144.0
4010.0,TGW351,10.95759978148393,101.07150186633652,9144.0
4010.0,TGW397,6.1627134219717545,111.598184644271,9144.0
4010.0,TGW491,1.1665977556983393,104.58681242586997,9144.0
4010.0,TGW625,2.5899146651095895,104.20994510384159,9144.0
4020.0,TGW351,10.927229623115304,101.07808258872882,9144.0
4020.0,TGW397,6.144532316273437,111.5695675559666,9144.0
4020.0,TGW491,1.1661324149693642,104.56388658520594,9144.0
4020.0,TGW625,2.5640473680598257,104.22593472509203,9144.0
4020.0,TGW351,10.927229623115304,101.07808258872882,9144.0
4020.0,TGW397,6.144532316273437,111.5695675559666,9144.0
4020.0,TGW491,1.1661324149693642,104.56388658520594,9144.0
4020.0,TGW625,2.5640473680598257,104.22593472509203,9144.0
4030.0,TGW351,10.896744586981711,101.08468679995362,9144.0
4030.0,TGW397,6.126349676068839,111.54095243009638,9144.0
4030.0,TGW491,1.165670726624067,104.54115472435444,9144.0
4030.0,TGW625,2.5362621776732297,104.23828605299914,9144.0
4030.0,TGW351,10.896744586981711,101.08468679995362,9144.0
4030.0,TGW397,6.126349676068839,111.54095243009638,9144.0
4030.0,TGW491,1.165670726624067,104.54115472435444,9144.0
4030.0,TGW625,2.5362621776732297,104.23828605299914,9144.0
4040.0,TGW351,10.866255261847998,101.09126977252565,9144.0
4040.0,TGW397,6.1081655057974125,111.5123392609903,9144.0
4040.0,TGW491,1.165193434395947,104.51842318976419,9144.0
4040.0,TGW625,2.507012208943915,104.24679776553754,9144.0
4040.0,TGW351,10.866255261847998,101.09126977252565,9144.0
4040.0,TGW397,6.1081655057974125,111.5123392609903,9144.0
4040.0,TGW491,1.165193434395947,104.51842318976419,9144.0
4040.0,TGW625,2.507012208943915,104.24679776553754,9144.0
4050.0,TGW351,10.835708476397018,101.09786375375644,9144.0
4050.0,TGW397,6.089979809889101,111.4837280429835,9144.0
4050.0,TGW491,1.1647212953405806,104.49595096440945,9144.0
4050.0,TGW625,2.4768265826418627,104.25130771879252,9144.0
4050.0,TGW351,10.835708476397018,101.09786375375644,9144.0
4050.0,TGW397,6.089979809889101,111.4837280429835,9144.0
4050.0,TGW491,1.1647212953405806,104.49595096440945,9144.0
4050.0,TGW625,2.4768265826418627,104.25130771879252,9144.0
4060.0,TGW351,10.805171434510399,101.10450367728183,9144.0
4060.0,TGW397,6.071792592763774,111.4551187704167,9144.0
4060.0,TGW491,1.1645774719716064,104.47347423923539,9144.0
4060.0,TGW625,2.4463092786186706,104.25171782797294,9144.0
4060.0,TGW351,10.805171434510399,101.10450367728183,9144.0
4060.0,TGW397,6.071792592763774,111.4551187704167,9144.0
4060.0,TGW491,1.1645774719716064,104.47347423923539,9144.0
4060.0,TGW625,2.4463092786186706,104.25171782797294,9144.0
4070.0,TGW351,10.77451976937576,101.11116712795045,9144.0
4070.0,TGW397,6.053603858830606,111.42651143763659,9144.0
4070.0,TGW491,1.1685272972079868,104.45174370780822,9144.0
4070.0,TGW625,2.416013563954102,104.24802084421648,9144.0
4070.0,TGW351,10.77451976937576,101.11116712795045,9144.0
4070.0,TGW397,6.053603858830606,111.42651143763659,9144.0
4070.0,TGW491,1.1685272972079868,104.45174370780822,9144.0
4070.0,TGW625,2.416013563954102,104.24802084421648,9144.0
4080.0,TGW351,10.743867959129938,101.11782920961916,9144.0
4080.0,TGW397,6.035413612487393,111.3979060389963,9144.0
4080.0,TGW491,1.1764076421373224,104.43125101490843,9144.0
4080.0,TGW625,2.386033582013314,104.24199221948045,9144.0
4080.0,TGW351,10.743867959129938,101.11782920961916,9144.0
4080.0,TGW397,6.035413612487393,111.3979060389963,9144.0
4080.0,TGW491,1.1764076421373224,104.43125101490843,9144.0
4080.0,TGW625,2.386033582013314,104.24199221948045,9144.0
4090.0,TGW351,10.713215992492302,101.12448987062312,9144.0
4090.0,TGW397,6.017221858119818,111.36930256885583,9144.0
4090.0,TGW491,1.188014006663165,104.4124609962192,9144.0
4090.0,TGW625,2.3563433597735166,104.23602212849627,9144.0
4090.0,TGW351,10.713215992492302,101.12448987062312,9144.0
4090.0,TGW397,6.017221858119818,111.36930256885583,9144.0
4090.0,TGW491,1.188014006663165,104.4124609962192,9144.0
4090.0,TGW625,2.3563433597735166,104.23602212849627,9144.0
4100.0,TGW351,10.682553370336775,101.13109886816454,9144.0
4100.0,TGW397,5.999028600100627,111.34070102158263,9144.0
4100.0,TGW491,1.2028981367639786,104.39614533761412,9144.0
4100.0,TGW625,2.3261222843020386,104.23407691263031,9144.0
4100.0,TGW351,10.682553370336775,101.13109886816454,9144.0
4100.0,TGW397,5.999028600100627,111.34070102158263,9144.0
4100.0,TGW491,1.2028981367639786,104.39614533761412,9144.0
4100.0,TGW625,2.3261222843020386,104.23407691263031,9144.0
4110.0,TGW351,10.651890580390049,101.13770639338506,9144.0
4110.0,TGW397,5.98083384278874,111.31210139155216,9144.0
4110.0,TGW491,1.2154131594626199,104.37794797724835,9144.0
4110.0,TGW625,2.2966729442796976,104.23218145096924,9144.0
4110.0,TGW351,10.651890580390049,101.13770639338506,9144.0
4110.0,TGW397,5.98083384278874,111.31210139155216,9144.0
4110.0,TGW491,1.2154131594626199,104.37794797724835,9144.0
4110.0,TGW625,2.2966729442796976,104.23218145096924,9144.0
4120.0,TGW351,10.621211699803652,101.14423547236865,9144.0
4120.0,TGW397,5.96263759052826,111.28350367314854,9144.0
4120.0,TGW491,1.2276944382946235,104.35982809689672,9144.0
4120.0,TGW625,2.267240152656744,104.23431887002451,9144.0
4120.0,TGW351,10.621211699803652,101.14423547236865,9144.0
4120.0,TGW397,5.96263759052826,111.28350367314854,9144.0
4120.0,TGW491,1.2276944382946235,104.35982809689672,9144.0
4120.0,TGW625,2.267240152656744,104.23431887002451,9144.0
4130.0,TGW351,10.590589951523704,101.15075103447329,9144.0
4130.0,TGW397,5.944439847647384,111.25490786076526,9144.0
4130.0,TGW491,1.2399754984534748,104.34170798461514,9144.0
4130.0,TGW625,2.239297067675103,104.24046035661958,9144.0
4130.0,TGW351,10.590589951523704,101.15075103447329,9144.0
4130.0,TGW397,5.944439847647384,111.25490786076526,9144.0
4130.0,TGW491,1.2399754984534748,104.34170798461514,9144.0
4130.0,TGW625,2.239297067675103,104.24046035661958,9144.0
4140.0,TGW351,10.559992558551444,101.1573832975656,9144.0
4140.0,TGW397,5.926240618457197,111.22631394880592,9144.0
4140.0,TGW491,1.2522443155618357,104.32357949221239,9144.0
4140.0,TGW625,2.213059424251955,104.25042551863353,9144.0
4140.0,TGW351,10.559992558551444,101.1573832975656,9144.0
4140.0,TGW397,5.926240618457197,111.22631394880592,9144.0
4140.0,TGW491,1.2522443155618357,104.32357949221239,9144.0
4140.0,TGW625,2.213059424251955,104.25042551863353,9144.0
4150.0,TGW351,10.529452290553019,101.16400182310807,9144.0
4150.0,TGW397,5.90803990725033,111.1977219316852,9144.0
4150.0,TGW491,1.2646226860233012,104.30528852087043,9144.0
4150.0,TGW625,2.1865671904482955,104.25969141505688,9144.0
4150.0,TGW351,10.529452290553019,101.16400182310807,9144.0
4150.0,TGW397,5.90803990725033,111.1977219316852,9144.0
4150.0,TGW491,1.2646226860233012,104.30528852087043,9144.0
4150.0,TGW625,2.1865671904482955,104.25969141505688,9144.0
4160.0,TGW351,10.498911881194328,101.17061901913448,9144.0
4160.0,TGW397,5.889837718299465,111.16913180382969,9144.0
4160.0,TGW491,1.2770120086119763,104.2870048820478,9144.0
4160.0,TGW625,2.1605353117230717,104.26879594578676,9144.0
4160.0,TGW351,10.498911881194328,101.17061901913448,9144.0
4160.0,TGW397,5.889837718299465,111.16913180382969,9144.0
4160.0,TGW491,1.2770120086119763,104.2870048820478,9144.0
4160.0,TGW625,2.1605353117230717,104.26879594578676,9144.0
4170.0,TGW351,10.468376149440752,101.1772578511794,9144.0
4170.0,TGW397,5.871634055855678,111.1405435596791,9144.0
4170.0,TGW491,1.2891810150183016,104.26904565420186,9144.0
4170.0,TGW625,2.134338082999457,104.27741229998554,9144.0
4170.0,TGW351,10.468376149440752,101.1772578511794,9144.0
4170.0,TGW397,5.871634055855678,111.1405435596791,9144.0
4170.0,TGW491,1.2891810150183016,104.26904565420186,9144.0
4170.0,TGW625,2.134338082999457,104.27741229998554,9144.0
4180.0,TGW351,10.437840276239804,101.18389535771242,9144.0
4180.0,TGW397,5.853428924146562,111.11195719368742,9144.0
4180.0,TGW491,1.3016105595513174,104.2512657537455,9144.0
4180.0,TGW625,2.1086068431703944,104.28587507701015,9144.0
4180.0,TGW351,10.437840276239804,101.18389535771242,9144.0
4180.0,TGW397,5.853428924146562,111.11195719368742,9144.0
4180.0,TGW491,1.3016105595513174,104.2512657537455,9144.0
4180.0,TGW625,2.1086068431703944,104.28587507701015,9144.0
4190.0,TGW351,10.407294840898867,101.1904865702516,9144.0
4190.0,TGW397,5.83522232737414,111.0833727003242,9144.0
4190.0,TGW491,1.316975415711194,104.23642101702619,9144.0
4190.0,TGW625,2.082506989131299,104.29311974867315,9144.0
4190.0,TGW351,10.407294840898867,101.1904865702516,9144.0
4190.0,TGW397,5.83522232737414,111.0833727003242,9144.0
4190.0,TGW491,1.316975415711194,104.23642101702619,9144.0
4190.0,TGW625,2.082506989131299,104.29311974867315,9144.0
4200.0,TGW351,10.376863937819307,101.19705175593441,9144.0
4200.0,TGW397,5.8170142697124945,111.05479007407624,9144.0
4200.0,TGW491,1.3348959127704239,104.22479097843397,9144.0
4200.0,TGW625,2.0564564490476323,104.29609753941297,9144.0
4200.0,TGW351,10.376863937819307,101.19705175593441,9144.0
4200.0,TGW397,5.8170142697124945,111.05479007407624,9144.0
4200.0,TGW491,1.3348959127704239,104.22479097843397,9144.0
4200.0,TGW625,2.0564564490476323,104.29609753941297,9144.0
4210.0,TGW351,10.346432901220195,101.20361566448037,9144.0
4210.0,TGW397,5.798804755305093,111.02620930944916,9144.0
4210.0,TGW491,1.354709914890814,104.21680539331739,9144.0
4210.0,TGW625,2.0305739489842445,104.29493157573866,9144.0
4210.0,TGW351,10.346432901220195,101.20361566448037,9144.0
4210.0,TGW397,5.798804755305093,111.02620930944916,9144.0
4210.0,TGW491,1.354709914890814,104.21680539331739,9144.0
4210.0,TGW625,2.0305739489842445,104.29493157573866,9144.0
4220.0,TGW351,10.316001731526253,101.21017829995533,9144.0
4220.0,TGW397,5.780593788261748,110.9976304009695,9144.0
4220.0,TGW491,1.3756853240251625,104.21275937634229,9144.0
4220.0,TGW625,2.0047362586489195,104.29301328604308,9144.0
4220.0,TGW351,10.316001731526253,101.21017829995533,9144.0
4220.0,TGW397,5.780593788261748,110.9976304009695,9144.0
4220.0,TGW491,1.3756853240251625,104.21275937634229,9144.0
4220.0,TGW625,2.0047362586489195,104.29301328604308,9144.0
4230.0,TGW351,10.285570429161861,101.21673966642211,9144.0
4230.0,TGW397,5.762381372655148,110.96905334318687,9144.0
4230.0,TGW491,1.3969813280095529,104.21281502524971,9144.0
4230.0,TGW625,1.9795228059436827,104.29114140090715,9144.0
4230.0,TGW351,10.285570429161861,101.21673966642211,9144.0
4230.0,TGW397,5.762381372655148,110.96905334318687,9144.0
4230.0,TGW491,1.3969813280095529,104.21281502524971,9144.0
4230.0,TGW625,1.9795228059436827,104.29114140090715,9144.0
4240.0,TGW351,10.255138994551066,101.22329976794049,9144.0
4240.0,TGW397,5.74416751251688,110.94047813067657,9144.0
4240.0,TGW491,1.4178037606997493,104.21695755350623,9144.0
4240.0,TGW625,1.9542422446162273,104.29080775605966,9144.0
4240.0,TGW351,10.255138994551066,101.22329976794049,9144.0
4240.0,TGW397,5.74416751251688,110.94047813067657,9144.0
4240.0,TGW491,1.4178037606997493,104.21695755350623,9144.0
4240.0,TGW625,1.9542422446162273,104.29080775605966,9144.0
4250.0,TGW351,10.224707428117576,101.22985860856714,9144.0
4250.0,TGW397,5.725952211832848,110.91190475804254,9144.0
4250.0,TGW491,1.4373079358645975,104.22500573209673,9144.0
4250.0,TGW625,1.929339458167847,104.29047910680713,9144.0
4250.0,TGW351,10.224707428117576,101.22985860856714,9144.0
4250.0,TGW397,5.725952211832848,110.91190475804254,9144.0
4250.0,TGW491,1.4373079358645975,104.22500573209673,9144.0
4250.0,TGW625,1.929339458167847,104.29047910680713,9144.0
4260.0,TGW351,10.194275730284758,101.23641619235573,9144.0
4260.0,TGW397,5.707735474537973,110.8833332199208,9144.0
4260.0,TGW491,1.4546980401338012,104.23660307553075,9144.0
4260.0,TGW625,1.9044390977962782,104.29000060180437,9144.0
4260.0,TGW351,10.194275730284758,101.23641619235573,9144.0
4260.0,TGW397,5.707735474537973,110.8833332199208,9144.0
4260.0,TGW491,1.4546980401338012,104.23660307553075,9144.0
4260.0,TGW625,1.9044390977962782,104.29000060180437,9144.0
4270.0,TGW351,10.163843901475644,101.24297252335688,9144.0
4270.0,TGW397,5.68951730451002,110.85476351098342,9144.0
4270.0,TGW491,1.4728961088791255,104.24605094780678,9144.0
4270.0,TGW625,1.8809383048260997,104.28954900472382,9144.0
4270.0,TGW351,10.163843901475644,101.24297252335688,9144.0
4270.0,TGW397,5.68951730451002,110.85476351098342,9144.0
4270.0,TGW491,1.4728961088791255,104.24605094780678,9144.0
4270.0,TGW625,1.8809383048260997,104.28954900472382,9144.0
4280.0,TGW351,10.133411942112927,101.24952760561817,9144.0
4280.0,TGW397,5.671297705562369,110.8261956259432,9144.0
4280.0,TGW491,1.4913969297112124,104.251056590508,9144.0
4280.0,TGW625,1.8574347111681924,104.28928039458789,9144.0
4280.0,TGW351,10.133411942112927,101.24952760561817,9144.0
4280.0,TGW397,5.671297705562369,110.8261956259432,9144.0
4280.0,TGW491,1.4913969297112124,104.251056590508,9144.0
4280.0,TGW625,1.8574347111681924,104.28928039458789,9144.0
4290.0,TGW351,10.102979852618958,101.25608144318413,9144.0
4290.0,TGW397,5.65307668143549,110.79762955955918,9144.0
4290.0,TGW491,1.5099375418329888,104.25184606713029,9144.0
4290.0,TGW625,1.8352888308537005,104.28902730760596,9144.0
4290.0,TGW351,10.102979852618958,101.25608144318413,9144.0
4290.0,TGW397,5.65307668143549,110.79762955955918,9144.0
4290.0,TGW491,1.5099375418329888,104.25184606713029,9144.0
4290.0,TGW625,1.8352888308537005,104.28902730760596,9144.0
4300.0,TGW351,10.07254763341575,101.26263404009624,9144.0
4300.0,TGW397,5.634854235786832,110.7690653066432,9144.0
4300.0,TGW491,1.527780770450775,104.24852328989402,9144.0
4300.0,TGW625,1.81314249911096,104.28881745849107,9144.0
4300.0,TGW351,10.07254763341575,101.26263404009624,9144.0
4300.0,TGW397,5.634854235786832,110.7690653066432,9144.0
4300.0,TGW491,1.527780770450775,104.24852328989402,9144.0
4300.0,TGW625,1.81314249911096,104.28881745849107,9144.0
4310.0,TGW351,10.042115284924973,101.26918540039297,9144.0
4310.0,TGW397,5.616630372178718,110.74050286206767,9144.0
4310.0,TGW491,1.5444216892048426,104.24127540811028,9144.0
4310.0,TGW625,1.791979063123464,104.28861692773502,9144.0
4310.0,TGW351,10.042115284924973,101.26918540039297,9144.0
4310.0,TGW397,5.616630372178718,110.74050286206767,9144.0
4310.0,TGW491,1.5444216892048426,104.24127540811028,9144.0
4310.0,TGW625,1.791979063123464,104.28861692773502,9144.0
4320.0,TGW351,10.011682807567956,101.27573552810972,9144.0
4320.0,TGW397,5.598405094063747,110.71194222077504,9144.0
4320.0,TGW491,1.559009565505643,104.23047290613466,9144.0
4320.0,TGW625,1.770817564306039,104.28826724126684,9144.0
4320.0,TGW351,10.011682807567956,101.27573552810972,9144.0
4320.0,TGW397,5.598405094063747,110.71194222077504,9144.0
4320.0,TGW491,1.559009565505643,104.23047290613466,9144.0
4320.0,TGW625,1.770817564306039,104.28826724126684,9144.0
4330.0,TGW351,9.98125020176568,101.28228442727885,9144.0
4330.0,TGW397,5.580178404767013,110.68338337778927,9144.0
4330.0,TGW491,1.5731719239860462,104.22024621779433,9144.0
4330.0,TGW625,1.7506535561947758,104.28775618234118,9144.0
4330.0,TGW351,9.98125020176568,101.28228442727885,9144.0
4330.0,TGW397,5.580178404767013,110.68338337778927,9144.0
4330.0,TGW491,1.5731719239860462,104.22024621779433,9144.0
4330.0,TGW625,1.7506535561947758,104.28775618234118,9144.0
4340.0,TGW351,9.950817467938787,101.28883210192971,9144.0
4340.0,TGW397,5.56195030746424,110.65482632822996,9144.0
4340.0,TGW491,1.5869999592909199,104.2102607624785,9144.0
4340.0,TGW625,1.7317638468197274,104.28727743064972,9144.0
4340.0,TGW351,9.950817467938787,101.28883210192971,9144.0
4340.0,TGW397,5.56195030746424,110.65482632822996,9144.0
4340.0,TGW491,1.5869999592909199,104.2102607624785,9144.0
4340.0,TGW625,1.7317638468197274,104.28727743064972,9144.0
4350.0,TGW351,9.920384606507563,101.29537855608856,9144.0
4350.0,TGW397,5.543720805154572,110.62627106732992,9144.0
4350.0,TGW491,1.600827919113699,104.20027513549431,9144.0
4350.0,TGW625,1.712876794087536,104.28670328106001,9144.0
4350.0,TGW351,9.920384606507563,101.29537855608856,9144.0
4350.0,TGW397,5.543720805154572,110.62627106732992,9144.0
4350.0,TGW491,1.600827919113699,104.20027513549431,9144.0
4350.0,TGW625,1.712876794087536,104.28670328106001,9144.0
4360.0,TGW351,9.88995161789195,101.30192379377861,9144.0
4360.0,TGW397,5.525489900626284,110.59771759045732,9144.0
4360.0,TGW491,1.6144171316277702,104.18996664144562,9144.0
4360.0,TGW625,1.6944635777993693,104.28614354660411,9144.0
4360.0,TGW351,9.88995161789195,101.30192379377861,9144.0
4360.0,TGW397,5.525489900626284,110.59771759045732,9144.0
4360.0,TGW491,1.6144171316277702,104.18996664144562,9144.0
4360.0,TGW625,1.6944635777993693,104.28614354660411,9144.0
4370.0,TGW351,9.859518502511538,101.30846781902004,9144.0
4370.0,TGW397,5.507257596412966,110.56916589314397,9144.0
4370.0,TGW491,1.62503973823878,104.1767959922268,9144.0
4370.0,TGW625,1.6760426487058648,104.28597337345555,9144.0
4370.0,TGW351,9.859518502511538,101.30846781902004,9144.0
4370.0,TGW397,5.507257596412966,110.56916589314397,9144.0
4370.0,TGW491,1.62503973823878,104.1767959922268,9144.0
4370.0,TGW625,1.6760426487058648,104.28597337345555,9144.0
4380.0,TGW351,9.829085260785558,101.31501063582992,9144.0
4380.0,TGW397,5.489023894736602,110.54061597112211,9144.0
4380.0,TGW491,1.6320921398430628,104.16156547839664,9144.0
4380.0,TGW625,1.6580299227259918,104.28580697440422,9144.0
4380.0,TGW351,9.829085260785558,101.31501063582992,9144.0
4380.0,TGW397,5.489023894736602,110.54061597112211,9144.0
4380.0,TGW491,1.6320921398430628,104.16156547839664,9144.0
4380.0,TGW625,1.6580299227259918,104.28580697440422,9144.0
4390.0,TGW351,9.798651893132888,101.32155224822228,9144.0
4390.0,TGW397,5.470788797432262,110.51206782037296,9144.0
4390.0,TGW491,1.6350615511388369,104.14546724424218,9144.0
4390.0,TGW625,1.6400166429572636,104.2857191052535,9144.0
4390.0,TGW351,9.798651893132888,101.32155224822228,9144.0
4390.0,TGW397,5.470788797432262,110.51206782037296,9144.0
4390.0,TGW491,1.6350615511388369,104.14546724424218,9144.0
4390.0,TGW625,1.6400166429572636,104.2857191052535,9144.0
4400.0,TGW351,9.76821839997204,101.32809266020801,9144.0
4400.0,TGW397,5.452552305846339,110.48352143719254,9144.0
4400.0,TGW491,1.6339358736511158,104.12913600884683,9144.0
4400.0,TGW625,1.6224133134938037,104.2856332373839,9144.0
4400.0,TGW351,9.76821839997204,101.32809266020801,9144.0
4400.0,TGW397,5.452552305846339,110.48352143719254,9144.0
4400.0,TGW491,1.6339358736511158,104.12913600884683,9144.0
4400.0,TGW625,1.6224133134938037,104.2856332373839,9144.0
4410.0,TGW351,9.737784781721166,101.33463187579497,9144.0
4410.0,TGW397,5.43431442069557,110.45497681828255,9144.0
4410.0,TGW491,1.628785836508345,104.11359793527696,9144.0
4410.0,TGW625,1.6052075771495151,104.28191059223998,9144.0
4410.0,TGW351,9.737784781721166,101.33463187579497,9144.0
4410.0,TGW397,5.43431442069557,110.45497681828255,9144.0
4410.0,TGW491,1.628785836508345,104.11359793527696,9144.0
4410.0,TGW625,1.6052075771495151,104.28191059223998,9144.0
4420.0,TGW351,9.707351038798043,101.34116989898781,9144.0
4420.0,TGW397,5.416075141865967,110.4264339608803,9144.0
4420.0,TGW491,1.620350484403944,104.10105913389268,9144.0
4420.0,TGW625,1.5904372217514302,104.27454910022377,9144.0
4420.0,TGW351,9.707351038798043,101.34116989898781,9144.0
4420.0,TGW397,5.416075141865967,110.4264339608803,9144.0
4420.0,TGW491,1.620350484403944,104.10105913389268,9144.0
4420.0,TGW625,1.5904372217514302,104.27454910022377,9144.0
4430.0,TGW351,9.676917171620076,101.34770673378812,9144.0
4430.0,TGW397,5.397834468115819,110.39789286295036,9144.0
4430.0,TGW491,1.609309515287586,104.09191515856317,9144.0
4430.0,TGW625,1.5783854591598487,104.26399653654377,9144.0
4430.0,TGW351,9.676917171620076,101.34770673378812,9144.0
4430.0,TGW397,5.397834468115819,110.39789286295036,9144.0
4430.0,TGW491,1.609309515287586,104.09191515856317,9144.0
4430.0,TGW625,1.5783854591598487,104.26399653654377,9144.0
4440.0,TGW351,9.646483180604287,101.35424238419425,9144.0
4440.0,TGW397,5.379592396617778,110.36935352348016,9144.0
4440.0,TGW491,1.5962472635937215,104.08636381350303,9144.0
4440.0,TGW625,1.5699479358686925,104.25120671002566,9144.0
4440.0,TGW351,9.646483180604287,101.35424238419425,9144.0
4440.0,TGW397,5.379592396617778,110.36935352348016,9144.0
4440.0,TGW491,1.5962472635937215,104.08636381350303,9144.0
4440.0,TGW625,1.5699479358686925,104.25120671002566,9144.0
4450.0,TGW351,9.616049066167314,101.36077685420142,9144.0
4450.0,TGW397,5.361348922214045,110.34081594296077,9144.0
4450.0,TGW491,1.5821439933767938,104.0847777413401,9144.0
4450.0,TGW625,1.5652040054010112,104.23663611649593,9144.0
4450.0,TGW351,9.616049066167314,101.36077685420142,9144.0
4450.0,TGW397,5.361348922214045,110.34081594296077,9144.0
4450.0,TGW491,1.5821439933767938,104.0847777413401,9144.0
4450.0,TGW625,1.5652040054010112,104.23663611649593,9144.0
4460.0,TGW351,9.585614828725399,101.3673101478016,9144.0
4460.0,TGW397,5.343104036118163,110.31228012422484,9144.0
4460.0,TGW491,1.5681322948697145,104.08087281881437,9144.0
4460.0,TGW625,1.5644935485124825,104.22132864803825,9144.0
4460.0,TGW351,9.585614828725399,101.3673101478016,9144.0
4460.0,TGW397,5.343104036118163,110.31228012422484,9144.0
4460.0,TGW491,1.5681322948697145,104.08087281881437,9144.0
4460.0,TGW625,1.5644935485124825,104.22132864803825,9144.0
4470.0,TGW351,9.55518046869438,101.37384226898352,9144.0
4470.0,TGW397,5.324857723432297,110.28374607404899,9144.0
4470.0,TGW491,1.5544607896494036,104.07706275772698,9144.0
4470.0,TGW625,1.5678761950846634,104.20659870812693,9144.0
4470.0,TGW351,9.55518046869438,101.37384226898352,9144.0
4470.0,TGW397,5.324857723432297,110.28374607404899,9144.0
4470.0,TGW491,1.5544607896494036,104.07706275772698,9144.0
4470.0,TGW625,1.5678761950846634,104.20659870812693,9144.0
4480.0,TGW351,9.524745986489682,101.3803732217326,9144.0
4480.0,TGW397,5.306609957729791,110.25521380665026,9144.0
4480.0,TGW491,1.5424475496456342,104.06950369672754,9144.0
4480.0,TGW625,1.5750930909655008,104.19332088407145,9144.0
4480.0,TGW351,9.524745986489682,101.3803732217326,9144.0
4480.0,TGW397,5.306609957729791,110.25521380665026,9144.0
4480.0,TGW491,1.5424475496456342,104.06950369672754,9144.0
4480.0,TGW625,1.5750930909655008,104.19332088407145,9144.0
4490.0,TGW351,9.494311382526309,101.38690301003089,9144.0
4490.0,TGW397,5.288360686547999,110.22668335304874,9144.0
4490.0,TGW491,1.532059045857414,104.06014564547498,9144.0
4490.0,TGW625,1.585612775738541,104.18247296587984,9144.0
4490.0,TGW351,9.494311382526309,101.38690301003089,9144.0
4490.0,TGW397,5.288360686547999,110.22668335304874,9144.0
4490.0,TGW491,1.532059045857414,104.06014564547498,9144.0
4490.0,TGW625,1.585612775738541,104.18247296587984,9144.0
4500.0,TGW351,9.463876657218826,101.39343163785709,9144.0
4500.0,TGW397,5.270109774953037,110.1981547974886,9144.0
4500.0,TGW491,1.5216704707844702,104.05078771864049,9144.0
4500.0,TGW625,1.5986605678588708,104.17485382561115,9144.0
4500.0,TGW351,9.463876657218826,101.39343163785709,9144.0
4500.0,TGW397,5.270109774953037,110.1981547974886,9144.0
4500.0,TGW491,1.5216704707844702,104.05078771864049,9144.0
4500.0,TGW625,1.5986605678588708,104.17485382561115,9144.0
4510.0,TGW351,9.43344181098135,101.39995910918641,9144.0
4510.0,TGW397,5.248542621449785,110.17206530783169,9144.0
4510.0,TGW491,1.509036796096654,104.04480051074741,9144.0
4510.0,TGW625,1.6132756130827028,104.17102458669498,9144.0
4510.0,TGW351,9.43344181098135,101.39995910918641,9144.0
4510.0,TGW397,5.248542621449785,110.17206530783169,9144.0
4510.0,TGW491,1.509036796096654,104.04480051074741,9144.0
4510.0,TGW625,1.6132756130827028,104.17102458669498,9144.0
4520.0,TGW351,9.403006844227528,101.40648542799052,9144.0
4520.0,TGW397,5.226784954128861,110.14696710797763,9144.0
4520.0,TGW491,1.495965753478203,104.03945451421454,9144.0
4520.0,TGW625,1.6283816428661368,104.17126729493822,9144.0
4520.0,TGW351,9.403006844227528,101.40648542799052,9144.0
4520.0,TGW397,5.226784954128861,110.14696710797763,9144.0
4520.0,TGW491,1.495965753478203,104.03945451421454,9144.0
4520.0,TGW625,1.6283816428661368,104.17126729493822,9144.0
4530.0,TGW351,9.372571757370526,101.41301059823746,9144.0
4530.0,TGW397,5.205026171297476,110.12187075333779,9144.0
4530.0,TGW491,1.4830931669176444,104.03400034360017,9144.0
4530.0,TGW625,1.6431419622708863,104.16743940991478,9144.0
4530.0,TGW351,9.372571757370526,101.41301059823746,9144.0
4530.0,TGW397,5.205026171297476,110.12187075333779,9144.0
4530.0,TGW491,1.4830931669176444,104.03400034360017,9144.0
4530.0,TGW625,1.6431419622708863,104.16743940991478,9144.0
4540.0,TGW351,9.342136550822998,101.41953462389156,9144.0
4540.0,TGW397,5.183266198190344,110.09677630566439,9144.0
4540.0,TGW491,1.4715998160990291,104.02913062631967,9144.0
4540.0,TGW625,1.6560681146651273,104.15989021397534,9144.0
4540.0,TGW351,9.342136550822998,101.41953462389156,9144.0
4540.0,TGW397,5.183266198190344,110.09677630566439,9144.0
4540.0,TGW491,1.4715998160990291,104.02913062631967,9144.0
4540.0,TGW625,1.6560681146651273,104.15989021397534,9144.0
4550.0,TGW351,9.311701224997066,101.42605750891332,9144.0
4550.0,TGW397,5.1615046114831635,110.07168413149459,9144.0
4550.0,TGW491,1.4600987784486308,104.02427912820659,9144.0
4550.0,TGW625,1.6664620264510812,104.14911556985743,9144.0
4550.0,TGW351,9.311701224997066,101.42605750891332,9144.0
4550.0,TGW397,5.1615046114831635,110.07168413149459,9144.0
4550.0,TGW491,1.4600987784486308,104.02427912820659,9144.0
4550.0,TGW625,1.6664620264510812,104.14911556985743,9144.0
4560.0,TGW351,9.281265780304286,101.43257925725919,9144.0
4560.0,TGW397,5.139552663901383,110.04676054719609,9144.0
4560.0,TGW491,1.4495272221057856,104.01981978879262,9144.0
4560.0,TGW625,1.6735439412520543,104.13592378884461,9144.0
4560.0,TGW351,9.281265780304286,101.43257925725919,9144.0
4560.0,TGW397,5.139552663901383,110.04676054719609,9144.0
4560.0,TGW491,1.4495272221057856,104.01981978879262,9144.0
4560.0,TGW625,1.6735439412520543,104.13592378884461,9144.0
4570.0,TGW351,9.250830217155618,101.43909987288156,9144.0
4570.0,TGW397,5.117372415854812,110.02158063589044,9144.0
4570.0,TGW491,1.438949731903432,104.01537457246073,9144.0
4570.0,TGW625,1.6767825703348935,104.12130453950117,9144.0
4570.0,TGW351,9.250830217155618,101.43909987288156,9144.0
4570.0,TGW397,5.117372415854812,110.02158063589044,9144.0
4570.0,TGW491,1.438949731903432,104.01537457246073,9144.0
4570.0,TGW625,1.6767825703348935,104.12130453950117,9144.0
4580.0,TGW351,9.22039453596138,101.4456193597284,9144.0
4580.0,TGW397,5.095191171065746,109.99640248068431,9144.0
4580.0,TGW491,1.429098326739469,104.01126155986998,9144.0
4580.0,TGW625,1.6759502384565128,104.10628336889108,9144.0
4580.0,TGW351,9.22039453596138,101.4456193597284,9144.0
4580.0,TGW397,5.095191171065746,109.99640248068431,9144.0
4580.0,TGW491,1.429098326739469,104.01126155986998,9144.0
4580.0,TGW625,1.6759502384565128,104.10628336889108,9144.0
4590.0,TGW351,9.1899587371312,101.45213772174314,9144.0
4590.0,TGW397,5.07300893343927,109.97122607432487,9144.0
4590.0,TGW491,1.419112700144567,104.00709255159586,9144.0
4590.0,TGW625,1.6710936140469301,104.09204535854838,9144.0
4590.0,TGW351,9.1899587371312,101.45213772174314,9144.0
4590.0,TGW397,5.07300893343927,109.97122607432487,9144.0
4590.0,TGW491,1.419112700144567,104.00709255159586,9144.0
4590.0,TGW625,1.6710936140469301,104.09204535854838,9144.0
4600.0,TGW351,9.159522821073951,101.45865496286436,9144.0
4600.0,TGW397,5.050825706838811,109.94605140959622,9144.0
4600.0,TGW491,1.4091485846753455,104.00287237602501,9144.0
4600.0,TGW625,1.6625736696095599,104.07964877645033,9144.0
4600.0,TGW351,9.159522821073951,101.45865496286436,9144.0
4600.0,TGW397,5.050825706838811,109.94605140959622,9144.0
4600.0,TGW491,1.4091485846753455,104.00287237602501,9144.0
4600.0,TGW625,1.6625736696095599,104.07964877645033,9144.0
4610.0,TGW351,9.12908678819769,101.4651710870254,9144.0
4610.0,TGW397,5.028641495080338,109.92087847932451,9144.0
4610.0,TGW491,1.3993183851192885,103.99870895821377,9144.0
4610.0,TGW625,1.6510236568462302,104.07001500306356,9144.0
4610.0,TGW351,9.12908678819769,101.4651710870254,9144.0
4610.0,TGW397,5.028641495080338,109.92087847932451,9144.0
4610.0,TGW491,1.3993183851192885,103.99870895821377,9144.0
4610.0,TGW625,1.6510236568462302,104.07001500306356,9144.0
4620.0,TGW351,9.09865063890956,101.47168609815402,9144.0
4620.0,TGW397,5.00645630192539,109.8957072763842,9144.0
4620.0,TGW491,1.3902945570081398,103.99488710054344,9144.0
4620.0,TGW625,1.6373020397166866,104.06386004634864,9144.0
4620.0,TGW351,9.09865063890956,101.47168609815402,9144.0
4620.0,TGW397,5.00645630192539,109.8957072763842,9144.0
4620.0,TGW491,1.3902945570081398,103.99488710054344,9144.0
4620.0,TGW625,1.6373020397166866,104.06386004634864,9144.0
4630.0,TGW351,9.068214373615683,101.47820000017185,9144.0
4630.0,TGW397,4.984270131072647,109.87053779370548,9144.0
4630.0,TGW491,1.3812707206352457,103.99106527695275,9144.0
4630.0,TGW625,1.6224286884164445,104.06164132856244,9144.0
4630.0,TGW351,9.068214373615683,101.47820000017185,9144.0
4630.0,TGW397,4.984270131072647,109.87053779370548,9144.0
4630.0,TGW491,1.3812707206352457,103.99106527695275,9144.0
4630.0,TGW625,1.6224286884164445,104.06164132856244,9144.0
4640.0,TGW351,9.037777992721036,101.48471279699375,9144.0
4640.0,TGW397,4.962082986147631,109.84537002428351,9144.0
4640.0,TGW491,1.3722468842623516,103.98724346782836,9144.0
4640.0,TGW625,1.6075090767067473,104.06352369840101,9144.0
4640.0,TGW351,9.037777992721036,101.48471279699375,9144.0
4640.0,TGW397,4.962082986147631,109.84537002428351,9144.0
4640.0,TGW491,1.3722468842623516,103.98724346782836,9144.0
4640.0,TGW625,1.6075090767067473,104.06352369840101,9144.0
4650.0,TGW351,9.007341496629268,101.49122449252697,9144.0
4650.0,TGW397,4.939894870689963,109.82020396118969,9144.0
4650.0,TGW625,1.5936521166908644,104.06936719143783,9144.0
4650.0,TGW351,9.007341496629268,101.49122449252697,9144.0
4650.0,TGW397,4.939894870689963,109.82020396118969,9144.0
4650.0,TGW625,1.5936521166908644,104.06936719143783,9144.0
4660.0,TGW351,8.976904885742487,101.49773509067018,9144.0
4660.0,TGW397,4.917705788137459,109.79503959758584,9144.0
4660.0,TGW625,1.5824922178769558,104.07847757392707,9144.0
4660.0,TGW351,8.976904885742487,101.49773509067018,9144.0
4660.0,TGW397,4.917705788137459,109.79503959758584,9144.0
4660.0,TGW625,1.5824922178769558,104.07847757392707,9144.0
4670.0,TGW351,8.946468160460986,101.50424459531209,9144.0
4670.0,TGW397,4.895515741805971,109.76987692674211,9144.0
4670.0,TGW625,1.573954453332085,104.09069021594867,9144.0
4670.0,TGW351,8.946468160460986,101.50424459531209,9144.0
4670.0,TGW397,4.895515741805971,109.76987692674211,9144.0
4670.0,TGW625,1.573954453332085,104.09069021594867,9144.0
4680.0,TGW351,8.916031321182865,101.5107530103297,9144.0
4680.0,TGW397,4.873324734863469,109.74471594206005,9144.0
4680.0,TGW625,1.5625816150758103,104.09987399124931,9144.0
4680.0,TGW351,8.916031321182865,101.5107530103297,9144.0
4680.0,TGW397,4.873324734863469,109.74471594206005,9144.0
4680.0,TGW625,1.5625816150758103,104.09987399124931,9144.0
4690.0,TGW351,8.885594368303538,101.51726033958589,9144.0
4690.0,TGW397,4.851132770296157,109.71955663710273,9144.0
4690.0,TGW625,1.5494517088442366,104.10526312242989,9144.0
4690.0,TGW351,8.885594368303538,101.51726033958589,9144.0
4690.0,TGW397,4.851132770296157,109.71955663710273,9144.0
4690.0,TGW625,1.5494517088442366,104.10526312242989,9144.0
4700.0,TGW351,8.855157302215037,101.52376658692616,9144.0
4700.0,TGW397,4.828939850863297,109.69439900563488,9144.0
4700.0,TGW625,1.5354667555533779,104.10661956984146,9144.0
4700.0,TGW351,8.855157302215037,101.52376658692616,9144.0
4700.0,TGW397,4.828939850863297,109.69439900563488,9144.0
4700.0,TGW625,1.5354667555533779,104.10661956984146,9144.0
4710.0,TGW351,8.82472012330504,101.53027175617389,9144.0
4710.0,TGW397,4.80674597903561,109.66924304167772,9144.0
4710.0,TGW625,1.5216853456891508,104.10388176507584,9144.0
4710.0,TGW351,8.82472012330504,101.53027175617389,9144.0
4710.0,TGW397,4.80674597903561,109.66924304167772,9144.0
4710.0,TGW625,1.5216853456891508,104.10388176507584,9144.0
4720.0,TGW351,8.79428283195543,101.53677585112351,9144.0
4720.0,TGW397,4.784551156909049,109.64408873958561,9144.0
4720.0,TGW625,1.509279733101934,104.09728263373061,9144.0
4720.0,TGW351,8.79428283195543,101.53677585112351,9144.0
4720.0,TGW397,4.784551156909049,109.64408873958561,9144.0
4720.0,TGW625,1.509279733101934,104.09728263373061,9144.0
4730.0,TGW351,8.763845428540098,101.54327887552994,9144.0
4730.0,TGW397,4.762355386080287,109.61893609415675,9144.0
4730.0,TGW625,1.499305145614203,104.08738353090422,9144.0
4730.0,TGW351,8.763845428540098,101.54327887552994,9144.0
4730.0,TGW397,4.762355386080287,109.61893609415675,9144.0
4730.0,TGW625,1.499305145614203,104.08738353090422,9144.0
4740.0,TGW351,8.733407913421395,101.5497808330916,9144.0
4740.0,TGW397,4.740158667459982,109.59378510079924,9144.0
4740.0,TGW625,1.4926100267962183,104.07502648694224,9144.0
4740.0,TGW351,8.733407913421395,101.5497808330916,9144.0
4740.0,TGW397,4.740158667459982,109.59378510079924,9144.0
4740.0,TGW625,1.4926100267962183,104.07502648694224,9144.0
4750.0,TGW351,8.702970286944032,101.55628172742121,9144.0
4750.0,TGW397,4.717961000979442,109.56863575579185,9144.0
4750.0,TGW625,1.48976386691715,104.06126258598506,9144.0
4750.0,TGW351,8.702970286944032,101.55628172742121,9144.0
4750.0,TGW397,4.717961000979442,109.56863575579185,9144.0
4750.0,TGW625,1.48976386691715,104.06126258598506,9144.0
4760.0,TGW351,8.67253254942359,101.56278156199068,9144.0
4760.0,TGW397,4.695762385101955,109.54348805671853,9144.0
4760.0,TGW625,1.4910087618082595,104.04726256867276,9144.0
4760.0,TGW351,8.67253254942359,101.56278156199068,9144.0
4760.0,TGW397,4.695762385101955,109.54348805671853,9144.0
4760.0,TGW625,1.4910087618082595,104.04726256867276,9144.0
4770.0,TGW351,8.642094701122078,101.56928034001403,9144.0
4770.0,TGW397,4.673562815943687,109.51834200325,9144.0
4770.0,TGW625,1.496224541265682,104.03436437466331,9144.0
4770.0,TGW351,8.642094701122078,101.56928034001403,9144.0
4770.0,TGW397,4.673562815943687,109.51834200325,9144.0
4770.0,TGW625,1.496224541265682,104.03436437466331,9144.0
4780.0,TGW351,8.611656742185017,101.57577806414591,9144.0
4780.0,TGW397,4.651362285517001,109.49319759870555,9144.0
4780.0,TGW625,1.5049710848532378,104.02354619358456,9144.0
4780.0,TGW351,8.611656742185017,101.57577806414591,9144.0
4780.0,TGW397,4.651362285517001,109.49319759870555,9144.0
4780.0,TGW625,1.5049710848532378,104.02354619358456,9144.0
4790.0,TGW351,8.581218672415387,101.58227473539834,9144.0
4790.0,TGW397,4.629160777636858,109.46805485369241,9144.0
4790.0,TGW625,1.5100485830885646,104.0108219126387,9144.0
4790.0,TGW351,8.581218672415387,101.58227473539834,9144.0
4790.0,TGW397,4.629160777636858,109.46805485369241,9144.0
4790.0,TGW625,1.5100485830885646,104.0108219126387,9144.0
4800.0,TGW351,8.550780489381301,101.58877034407284,9144.0
4800.0,TGW397,4.606958255668216,109.44291379699865,9144.0
4800.0,TGW625,1.510974757786328,103.99758091280152,9144.0
4800.0,TGW351,8.550780489381301,101.58877034407284,9144.0
4800.0,TGW397,4.606958255668216,109.44291379699865,9144.0
4800.0,TGW625,1.510974757786328,103.99758091280152,9144.0
4810.0,TGW351,8.520342718957462,101.59526741157948,9144.0
4810.0,TGW397,4.584754601600732,109.4177745297566,9144.0
4810.0,TGW625,1.5078196786573,103.98468825829303,9144.0
4810.0,TGW351,8.520342718957462,101.59526741157948,9144.0
4810.0,TGW397,4.584754601600732,109.4177745297566,9144.0
4810.0,TGW625,1.5078196786573,103.98468825829303,9144.0
4820.0,TGW351,8.490365185171855,101.60166520391905,9144.0
4820.0,TGW397,4.562514519621312,109.39266847054773,9144.0
4820.0,TGW625,1.5008840133505112,103.97337258929666,9144.0
4820.0,TGW351,8.490365185171855,101.60166520391905,9144.0
4820.0,TGW397,4.562514519621312,109.39266847054773,9144.0
4820.0,TGW625,1.5008840133505112,103.97337258929666,9144.0
4830.0,TGW351,8.460387546350859,101.6080619943763,9144.0
4830.0,TGW397,4.540321801243214,109.36752104307499,9144.0
4830.0,TGW625,1.4908287057272651,103.96471224691413,9144.0
4830.0,TGW351,8.460387546350859,101.6080619943763,9144.0
4830.0,TGW397,4.540321801243214,109.36752104307499,9144.0
4830.0,TGW625,1.4908287057272651,103.96471224691413,9144.0
4840.0,TGW351,8.430409802722348,101.6144577859066,9144.0
4840.0,TGW397,4.51808986746088,109.34233276846132,9144.0
4840.0,TGW625,1.4786119902976083,103.95953250727254,9144.0
4840.0,TGW351,8.430409802722348,101.6144577859066,9144.0
4840.0,TGW397,4.51808986746088,109.34233276846132,9144.0
4840.0,TGW625,1.4786119902976083,103.95953250727254,9144.0
4850.0,TGW351,8.400431954370344,101.62085258077514,9144.0
4850.0,TGW397,4.495893234733526,109.31711395598258,9144.0
4850.0,TGW625,1.4653980759313974,103.95832694014072,9144.0
4850.0,TGW351,8.400431954370344,101.62085258077514,9144.0
4850.0,TGW397,4.495893234733526,109.31711395598258,9144.0
4850.0,TGW625,1.4653980759313974,103.95832694014072,9144.0
4860.0,TGW351,8.370454000892652,101.627246378917,9144.0
4860.0,TGW397,4.473620172277314,109.29181104500226,9144.0
4860.0,TGW625,1.452446200956581,103.96121038441561,9144.0
4860.0,TGW351,8.370454000892652,101.627246378917,9144.0
4860.0,TGW397,4.473620172277314,109.29181104500226,9144.0
4860.0,TGW625,1.452446200956581,103.96121038441561,9144.0
4870.0,TGW351,8.340475935763866,101.63363915093493,9144.0
4870.0,TGW397,4.451346069713457,109.2665098228691,9144.0
4870.0,TGW625,1.4409906322932473,103.96790801750853,9144.0
4870.0,TGW351,8.340475935763866,101.63363915093493,9144.0
4870.0,TGW397,4.451346069713457,109.2665098228691,9144.0
4870.0,TGW625,1.4409906322932473,103.96790801750853,9144.0
4880.0,TGW351,8.3104852446425,101.63997065574888,9144.0
4880.0,TGW397,4.429070559450978,109.24121061137623,9144.0
4880.0,TGW625,1.4321230442726758,103.97778155540666,9144.0
4880.0,TGW351,8.3104852446425,101.63997065574888,9144.0
4880.0,TGW397,4.429070559450978,109.24121061137623,9144.0
4880.0,TGW625,1.4321230442726758,103.97778155540666,9144.0
4890.0,TGW351,8.280609984410072,101.64627679682776,9144.0
4890.0,TGW397,4.406565655964609,109.2161172271353,9144.0
4890.0,TGW625,1.4266884860152478,103.98989008293503,9144.0
4890.0,TGW351,8.280609984410072,101.64627679682776,9144.0
4890.0,TGW397,4.406565655964609,109.2161172271353,9144.0
4890.0,TGW625,1.4266884860152478,103.98989008293503,9144.0
4900.0,TGW351,8.25074724184331,101.65264271368898,9144.0
4900.0,TGW397,4.384212060041928,109.19119588804945,9144.0
4900.0,TGW625,1.4255354714811648,104.00232237295131,9144.0
4900.0,TGW351,8.25074724184331,101.65264271368898,9144.0
4900.0,TGW397,4.384212060041928,109.19119588804945,9144.0
4900.0,TGW625,1.4255354714811648,104.00232237295131,9144.0
4910.0,TGW351,8.220884397842374,101.65900766450817,9144.0
4910.0,TGW397,4.362270155408004,109.16590994423981,9144.0
4910.0,TGW625,1.4285266960815446,104.01370126817307,9144.0
4910.0,TGW351,8.220884397842374,101.65900766450817,9144.0
4910.0,TGW397,4.362270155408004,109.16590994423981,9144.0
4910.0,TGW625,1.4285266960815446,104.01370126817307,9144.0
4920.0,TGW351,8.19102145232855,101.66537165074239,9144.0
4920.0,TGW397,4.343664113597372,109.13820221435611,9144.0
4920.0,TGW625,1.4272183508687386,104.02451890467766,9144.0
4920.0,TGW351,8.19102145232855,101.66537165074239,9144.0
4920.0,TGW397,4.343664113597372,109.13820221435611,9144.0
4920.0,TGW625,1.4272183508687386,104.02451890467766,9144.0
4930.0,TGW351,8.16115840395098,101.67173466775434,9144.0
4930.0,TGW397,4.325956019768236,109.10984184046049,9144.0
4930.0,TGW625,1.42209088250349,104.03355113302132,9144.0
4930.0,TGW351,8.16115840395098,101.67173466775434,9144.0
4930.0,TGW397,4.325956019768236,109.10984184046049,9144.0
4930.0,TGW625,1.42209088250349,104.03355113302132,9144.0
4940.0,TGW351,8.131296003739672,101.67810031359075,9144.0
4940.0,TGW397,4.308246714983367,109.08148288875174,9144.0
4940.0,TGW625,1.413876939079501,104.03990546617545,9144.0
4940.0,TGW351,8.131296003739672,101.67810031359075,9144.0
4940.0,TGW397,4.308246714983367,109.08148288875174,9144.0
4940.0,TGW625,1.413876939079501,104.03990546617545,9144.0
4950.0,TGW351,8.101433502196459,101.6844650012357,9144.0
4950.0,TGW397,4.290536101897599,109.05312541771417,9144.0
4950.0,TGW625,1.403848198529656,104.04259815044597,9144.0
4950.0,TGW351,8.101433502196459,101.6844650012357,9144.0
4950.0,TGW397,4.290536101897599,109.05312541771417,9144.0
4950.0,TGW625,1.403848198529656,104.04259815044597,9144.0
4960.0,TGW351,8.071570799785057,101.69082825601956,9144.0
4960.0,TGW397,4.272823665843726,109.02476974799771,9144.0
4960.0,TGW625,1.3935573046199947,104.04121233945554,9144.0
4960.0,TGW351,8.071570799785057,101.69082825601956,9144.0
4960.0,TGW397,4.272823665843726,109.02476974799771,9144.0
4960.0,TGW625,1.3935573046199947,104.04121233945554,9144.0
4970.0,TGW351,8.041692774019989,101.69711724109372,9144.0
4970.0,TGW397,4.256328513517833,108.99568572374716,9144.0
4970.0,TGW625,1.384597487546911,104.03596261536951,9144.0
4970.0,TGW351,8.041692774019989,101.69711724109372,9144.0
4970.0,TGW397,4.256328513517833,108.99568572374716,9144.0
4970.0,TGW625,1.384597487546911,104.03596261536951,9144.0
4980.0,TGW351,8.011825150127525,101.70345595525949,9144.0
4980.0,TGW397,4.239719078656839,108.96640412281145,9144.0
4980.0,TGW625,1.3783559009668618,104.02766175396307,9144.0
4980.0,TGW351,8.011825150127525,101.70345595525949,9144.0
4980.0,TGW397,4.239719078656839,108.96640412281145,9144.0
4980.0,TGW625,1.3783559009668618,104.02766175396307,9144.0
4990.0,TGW351,7.9819574273486005,101.70979373007329,9144.0
4990.0,TGW397,4.223107302439251,108.93712448547248,9144.0
4990.0,TGW625,1.3758448214735817,104.01765850680046,9144.0
4990.0,TGW351,7.9819574273486005,101.70979373007329,9144.0
4990.0,TGW397,4.223107302439251,108.93712448547248,9144.0
4990.0,TGW625,1.3758448214735817,104.01765850680046,9144.0
5000.0,TGW351,7.952089586031194,101.71613047292024,9144.0
5000.0,TGW397,4.205963980496103,108.90815519231845,9144.0
5000.0,TGW625,1.3774146260850595,104.00746495294844,9144.0
5000.0,TGW351,7.952089586031194,101.71613047292024,9144.0
5000.0,TGW397,4.205963980496103,108.90815519231845,9144.0
5000.0,TGW625,1.3774146260850595,104.00746495294844,9144.0
5010.0,TGW351,7.922238382963524,101.72254618319191,9144.0
5010.0,TGW397,4.189228547319732,108.87987854056384,9144.0
5010.0,TGW625,1.3761187576352796,103.99723294964211,9144.0
5010.0,TGW351,7.922238382963524,101.72254618319191,9144.0
5010.0,TGW397,4.189228547319732,108.87987854056384,9144.0
5010.0,TGW625,1.3761187576352796,103.99723294964211,9144.0
5020.0,TGW351,7.892444847049666,101.7289484779957,9144.0
5020.0,TGW397,4.172491826004432,108.85160325909322,9144.0
5020.0,TGW625,1.3748228202715784,103.98700096062582,9144.0
5020.0,TGW351,7.892444847049666,101.7289484779957,9144.0
5020.0,TGW397,4.172491826004432,108.85160325909322,9144.0
5020.0,TGW625,1.3748228202715784,103.98700096062582,9144.0
5030.0,TGW351,7.862634819842131,101.73527159372262,9144.0
5030.0,TGW397,4.15575315065088,108.82332974188616,9144.0
5030.0,TGW625,1.3735268829078773,103.9767689771612,9144.0
5030.0,TGW351,7.862634819842131,101.73527159372262,9144.0
5030.0,TGW397,4.15575315065088,108.82332974188616,9144.0
5030.0,TGW625,1.3735268829078773,103.9767689771612,9144.0
5040.0,TGW351,7.8327091040525225,101.74161826862743,9144.0
5040.0,TGW397,4.138342411479931,108.79546783568385,9144.0
5040.0,TGW351,7.8327091040525225,101.74161826862743,9144.0
5040.0,TGW397,4.138342411479931,108.79546783568385,9144.0
5050.0,TGW351,7.802777037808343,101.74793390338486,9144.0
5050.0,TGW397,4.120899225252718,108.76755888775429,9144.0
5050.0,TGW351,7.802777037808343,101.74793390338486,9144.0
5050.0,TGW397,4.120899225252718,108.76755888775429,9144.0
5060.0,TGW351,7.772787129247867,101.75426079859803,9144.0
5060.0,TGW397,4.101750808305172,108.74079783496308,9144.0
5060.0,TGW351,7.772787129247867,101.75426079859803,9144.0
5060.0,TGW397,4.101750808305172,108.74079783496308,9144.0
5070.0,TGW351,7.742808093466755,101.76063951161451,9144.0
5070.0,TGW397,4.082534357375212,108.71394458858465,9144.0
5070.0,TGW351,7.742808093466755,101.76063951161451,9144.0
5070.0,TGW397,4.082534357375212,108.71394458858465,9144.0
5080.0,TGW351,7.712771276187197,101.76702957857087,9144.0
5080.0,TGW397,4.063316646567047,108.68709288974176,9144.0
5080.0,TGW351,7.712771276187197,101.76702957857087,9144.0
5080.0,TGW397,4.063316646567047,108.68709288974176,9144.0
5090.0,TGW351,7.682734314800781,101.77341850294988,9144.0
5090.0,TGW397,4.044687618425119,108.65982804755845,9144.0
5090.0,TGW351,7.682734314800781,101.77341850294988,9144.0
5090.0,TGW397,4.044687618425119,108.65982804755845,9144.0
5100.0,TGW351,7.652704100065779,101.77983918540619,9144.0
5100.0,TGW397,4.026089938758822,108.63261208765023,9144.0
5100.0,TGW351,7.652704100065779,101.77983918540619,9144.0
5100.0,TGW397,4.026089938758822,108.63261208765023,9144.0
5110.0,TGW351,7.622616150543456,101.78627124852751,9144.0
5110.0,TGW397,4.007490850933806,108.6053977151663,9144.0
5110.0,TGW351,7.622616150543456,101.78627124852751,9144.0
5110.0,TGW397,4.007490850933806,108.6053977151663,9144.0
5120.0,TGW351,7.592511423107101,101.79262245144065,9144.0
5120.0,TGW397,3.988931386387377,108.57815678939144,9144.0
5120.0,TGW351,7.592511423107101,101.79262245144065,9144.0
5120.0,TGW397,3.988931386387377,108.57815678939144,9144.0
5130.0,TGW351,7.562406599536679,101.7989727466836,9144.0
5130.0,TGW397,3.9703705464351664,108.55091741920079,9144.0
5130.0,TGW351,7.562406599536679,101.7989727466836,9144.0
5130.0,TGW397,3.9703705464351664,108.55091741920079,9144.0
5140.0,TGW351,7.532310675697055,101.80536538109915,9144.0
5140.0,TGW397,3.951495485261922,108.52389649847963,9144.0
5140.0,TGW351,7.532310675697055,101.80536538109915,9144.0
5140.0,TGW397,3.951495485261922,108.52389649847963,9144.0
5150.0,TGW351,7.502272304896929,101.81174487604228,9144.0
5150.0,TGW397,3.9326194160832997,108.49687689869518,9144.0
5150.0,TGW351,7.502272304896929,101.81174487604228,9144.0
5150.0,TGW397,3.9326194160832997,108.49687689869518,9144.0
5160.0,TGW351,7.472233805771605,101.81812331673753,9144.0
5160.0,TGW397,3.9137422422157164,108.46985868481411,9144.0
5160.0,TGW351,7.472233805771605,101.81812331673753,9144.0
5160.0,TGW397,3.9137422422157164,108.46985868481411,9144.0
5170.0,TGW351,7.442194610105206,101.82449798233868,9144.0
5170.0,TGW397,3.8948631259163884,108.44284244208514,9144.0
5170.0,TGW351,7.442194610105206,101.82449798233868,9144.0
5170.0,TGW397,3.8948631259163884,108.44284244208514,9144.0
5180.0,TGW351,7.412155291545621,101.83087162329788,9144.0
5180.0,TGW397,3.8760268168818106,108.41579680133913,9144.0
5180.0,TGW351,7.412155291545621,101.83087162329788,9144.0
5180.0,TGW397,3.8760268168818106,108.41579680133913,9144.0
5190.0,TGW351,7.382121454730638,101.83727104543414,9144.0
5190.0,TGW397,3.857222097344033,108.38879990314281,9144.0
5190.0,TGW351,7.382121454730638,101.83727104543414,9144.0
5190.0,TGW397,3.857222097344033,108.38879990314281,9144.0
5200.0,TGW351,7.352145188023328,101.84365722702091,9144.0
5200.0,TGW397,3.838034024461345,108.36207595382159,9144.0
5200.0,TGW351,7.352145188023328,101.84365722702091,9144.0
5200.0,TGW397,3.838034024461345,108.36207595382159,9144.0
5210.0,TGW351,7.322145249675939,101.84992896041881,9144.0
5210.0,TGW397,3.818844887643039,108.33535337079856,9144.0
5210.0,TGW351,7.322145249675939,101.84992896041881,9144.0
5210.0,TGW397,3.818844887643039,108.33535337079856,9144.0
5220.0,TGW351,7.292145212425657,101.85619979185435,9144.0
5220.0,TGW397,3.7996535531087043,108.30863296901563,9144.0
5220.0,TGW351,7.292145212425657,101.85619979185435,9144.0
5220.0,TGW397,3.7996535531087043,108.30863296901563,9144.0
5230.0,TGW351,7.262178794103562,101.86263149617018,9144.0
5230.0,TGW397,3.779359215927116,108.2827446797651,9144.0
5230.0,TGW351,7.262178794103562,101.86263149617018,9144.0
5230.0,TGW397,3.779359215927116,108.2827446797651,9144.0
5240.0,TGW351,7.232212272861949,101.86906228543513,9144.0
5240.0,TGW397,3.7590635472575906,108.25685804301493,9144.0
5240.0,TGW351,7.232212272861949,101.86906228543513,9144.0
5240.0,TGW397,3.7590635472575906,108.25685804301493,9144.0
5250.0,TGW351,7.202237011027996,101.8754511255448,9144.0
5250.0,TGW397,3.7404789422754683,108.22971213288078,9144.0
5250.0,TGW351,7.202237011027996,101.8754511255448,9144.0
5250.0,TGW397,3.7404789422754683,108.22971213288078,9144.0
5260.0,TGW351,7.172261656158207,101.88183910071109,9144.0
5260.0,TGW397,3.7218279743867044,108.20247279032927,9144.0
5260.0,TGW351,7.172261656158207,101.88183910071109,9144.0
5260.0,TGW397,3.7218279743867044,108.20247279032927,9144.0
5270.0,TGW351,7.142271044713516,101.88815349874876,9144.0
5270.0,TGW397,3.7029359079193194,108.17540139305252,9144.0
5270.0,TGW351,7.142271044713516,101.88815349874876,9144.0
5270.0,TGW397,3.7029359079193194,108.17540139305252,9144.0
5280.0,TGW351,7.112280343392083,101.89446704995457,9144.0
5280.0,TGW397,3.6840754900541346,108.14837861846298,9144.0
5280.0,TGW351,7.112280343392083,101.89446704995457,9144.0
5280.0,TGW397,3.6840754900541346,108.14837861846298,9144.0
5290.0,TGW351,7.082316882444631,101.90091019532728,9144.0
5290.0,TGW397,3.66325700518131,108.12284072777356,9144.0
5290.0,TGW351,7.082316882444631,101.90091019532728,9144.0
5290.0,TGW397,3.66325700518131,108.12284072777356,9144.0
5300.0,TGW351,7.052411024004024,101.90734008592747,9144.0
5300.0,TGW397,3.6424375812064063,108.09730419820119,9144.0
5300.0,TGW351,7.052411024004024,101.90734008592747,9144.0
5300.0,TGW397,3.6424375812064063,108.09730419820119,9144.0
5310.0,TGW351,7.022473350686881,101.91361745443496,9144.0
5310.0,TGW397,3.621157214162711,108.07215265212562,9144.0
5310.0,TGW351,7.022473350686881,101.91361745443496,9144.0
5310.0,TGW397,3.621157214162711,108.07215265212562,9144.0
5320.0,TGW351,6.992535591651138,101.91989400479034,9144.0
5320.0,TGW397,3.5998760726896433,108.0470023533727,9144.0
5320.0,TGW351,6.992535591651138,101.91989400479034,9144.0
5320.0,TGW397,3.5998760726896433,108.0470023533727,9144.0
5330.0,TGW351,6.96261796662152,101.92626684962804,9144.0
5330.0,TGW397,3.578594115661117,108.02185333341646,9144.0
5330.0,TGW351,6.96261796662152,101.92626684962804,9144.0
5330.0,TGW397,3.578594115661117,108.02185333341646,9144.0
5340.0,TGW351,6.932642536880567,101.93265116385483,9144.0
5340.0,TGW397,3.557311165254347,107.99670573987632,9144.0
5340.0,TGW351,6.932642536880567,101.93265116385483,9144.0
5340.0,TGW397,3.557311165254347,107.99670573987632,9144.0
5350.0,TGW351,6.902664056395215,101.93902052088495,9144.0
5350.0,TGW397,3.5334763892751866,107.97397256368858,9144.0
5350.0,TGW351,6.902664056395215,101.93902052088495,9144.0
5350.0,TGW397,3.5334763892751866,107.97397256368858,9144.0
5360.0,TGW351,6.87268548912445,101.94538906092082,9144.0
5360.0,TGW397,3.509640910550617,107.95124070910303,9144.0
5360.0,TGW351,6.87268548912445,101.94538906092082,9144.0
5360.0,TGW397,3.509640910550617,107.95124070910303,9144.0
5370.0,TGW351,6.842693398630777,101.95169227607543,9144.0
5370.0,TGW397,3.486193754206481,107.92810760705245,9144.0
5370.0,TGW351,6.842693398630777,101.95169227607543,9144.0
5370.0,TGW397,3.486193754206481,107.92810760705245,9144.0
5380.0,TGW351,6.812643514568268,101.95800681706123,9144.0
5380.0,TGW397,3.4628688608179092,107.9050970154366,9144.0
5380.0,TGW351,6.812643514568268,101.95800681706123,9144.0
5380.0,TGW397,3.4628688608179092,107.9050970154366,9144.0
5390.0,TGW351,6.782593428290863,101.96431998722986,9144.0
5390.0,TGW397,3.4395431541673247,107.88208781616683,9144.0
5390.0,TGW351,6.782593428290863,101.96431998722986,9144.0
5390.0,TGW397,3.4395431541673247,107.88208781616683,9144.0
5400.0,TGW351,6.752555527414799,101.97069129948258,9144.0
5400.0,TGW397,3.4142090407713805,107.86131960343401,9144.0
5400.0,TGW351,6.752555527414799,101.97069129948258,9144.0
5400.0,TGW397,3.4142090407713805,107.86131960343401,9144.0
5410.0,TGW351,6.722459858888541,101.97707386598003,9144.0
5410.0,TGW397,3.389052818817611,107.84069884998519,9144.0
5410.0,TGW351,6.722459858888541,101.97707386598003,9144.0
5410.0,TGW397,3.389052818817611,107.84069884998519,9144.0
5420.0,TGW351,6.692345086299276,101.98336401846068,9144.0
5420.0,TGW397,3.3642126738650693,107.8196976350502,9144.0
5420.0,TGW351,6.692345086299276,101.98336401846068,9144.0
5420.0,TGW397,3.3642126738650693,107.8196976350502,9144.0
5430.0,TGW351,6.662374694490526,101.99057712419304,9144.0
5430.0,TGW397,3.339548667479956,107.79884690684976,9144.0
5430.0,TGW351,6.662374694490526,101.99057712419304,9144.0
5430.0,TGW397,3.339548667479956,107.79884690684976,9144.0
5440.0,TGW351,6.6324614528697605,101.99777555652757,9144.0
5440.0,TGW397,3.3148840222571527,107.77799745871144,9144.0
5440.0,TGW351,6.6324614528697605,101.99777555652757,9144.0
5440.0,TGW397,3.3148840222571527,107.77799745871144,9144.0
5450.0,TGW351,6.603768479669598,102.00892388500363,9144.0
5450.0,TGW397,3.290387814519366,107.7569502275755,9144.0
5450.0,TGW351,6.603768479669598,102.00892388500363,9144.0
5450.0,TGW397,3.290387814519366,107.7569502275755,9144.0
5460.0,TGW351,6.575371599285568,102.02050262322184,9144.0
5460.0,TGW397,3.26593509661495,107.73594178132824,9144.0
5460.0,TGW351,6.575371599285568,102.02050262322184,9144.0
5460.0,TGW397,3.26593509661495,107.73594178132824,9144.0
5470.0,TGW351,6.546950189953918,102.03201955997,9144.0
5470.0,TGW397,3.241481936438543,107.71493436124813,9144.0
5470.0,TGW351,6.546950189953918,102.03201955997,9144.0
5470.0,TGW397,3.241481936438543,107.71493436124813,9144.0
5480.0,TGW351,6.518692790558838,102.04346858184094,9144.0
5480.0,TGW397,3.2170283372496193,107.69392795968392,9144.0
5480.0,TGW351,6.518692790558838,102.04346858184094,9144.0
5480.0,TGW397,3.2170283372496193,107.69392795968392,9144.0
5490.0,TGW351,6.49043494839807,102.05491585286802,9144.0
5490.0,TGW397,3.1925743023042794,107.6729225689886,9144.0
5490.0,TGW351,6.49043494839807,102.05491585286802,9144.0
5490.0,TGW397,3.1925743023042794,107.6729225689886,9144.0
5500.0,TGW351,6.462134650219792,102.06625575060617,9144.0
5500.0,TGW397,3.16811983485501,107.65191818151958,9144.0
5500.0,TGW351,6.462134650219792,102.06625575060617,9144.0
5500.0,TGW397,3.16811983485501,107.65191818151958,9144.0
5510.0,TGW351,6.433943952924734,102.0775502789833,9144.0
5510.0,TGW397,3.1436649381504154,107.6309147896391,9144.0
5510.0,TGW351,6.433943952924734,102.0775502789833,9144.0
5510.0,TGW397,3.1436649381504154,107.6309147896391,9144.0
5520.0,TGW351,6.4057672736209055,102.0888795495451,9144.0
5520.0,TGW397,3.119209615434917,107.60991238571455,9144.0
5520.0,TGW351,6.4057672736209055,102.0888795495451,9144.0
5520.0,TGW397,3.119209615434917,107.60991238571455,9144.0
5530.0,TGW351,6.377535381835386,102.10022957840414,9144.0
5530.0,TGW397,3.0947538699484105,107.58891096211883,9144.0
5530.0,TGW351,6.377535381835386,102.10022957840414,9144.0
5530.0,TGW397,3.0947538699484105,107.58891096211883,9144.0
5540.0,TGW351,6.3493756691210725,102.11175909379341,9144.0
5540.0,TGW397,3.070297704925881,107.56791051123083,9144.0
5540.0,TGW351,6.3493756691210725,102.11175909379341,9144.0
5540.0,TGW397,3.070297704925881,107.56791051123083,9144.0
5550.0,TGW351,6.321270466524781,102.12326484750388,9144.0
5550.0,TGW397,3.045841123596961,107.54691102543596,9144.0
5550.0,TGW351,6.321270466524781,102.12326484750388,9144.0
5550.0,TGW397,3.045841123596961,107.54691102543596,9144.0
5560.0,TGW351,6.293187579287887,102.1348250002867,9144.0
5560.0,TGW397,3.0213841291854298,107.52591249712671,9144.0
5560.0,TGW351,6.293187579287887,102.1348250002867,9144.0
5560.0,TGW397,3.0213841291854298,107.52591249712671,9144.0
5570.0,TGW351,6.266558598194797,102.14970473971934,9144.0
5570.0,TGW397,2.9969267249086373,107.50491491870332,9144.0
5570.0,TGW351,6.266558598194797,102.14970473971934,9144.0
5570.0,TGW397,2.9969267249086373,107.50491491870332,9144.0
5580.0,TGW351,6.239929177082653,102.16458292443889,9144.0
5580.0,TGW397,2.972468913976839,107.48391828257456,9144.0
5580.0,TGW351,6.239929177082653,102.16458292443889,9144.0
5580.0,TGW397,2.972468913976839,107.48391828257456,9144.0
5590.0,TGW351,6.213299304759559,102.17945953747697,9144.0
5590.0,TGW397,2.948010699592427,107.46292258115865,9144.0
5590.0,TGW351,6.213299304759559,102.17945953747697,9144.0
5590.0,TGW397,2.948010699592427,107.46292258115865,9144.0
5600.0,TGW351,6.1866689186158474,102.19433446872713,9144.0
5600.0,TGW397,2.923552084949033,107.44192780688425,9144.0
5600.0,TGW351,6.1866689186158474,102.19433446872713,9144.0
5600.0,TGW397,2.923552084949033,107.44192780688425,9144.0
5610.0,TGW351,6.160983418490813,102.21080415826236,9144.0
5610.0,TGW397,2.8990930732304783,107.42093395219176,9144.0
5610.0,TGW351,6.160983418490813,102.21080415826236,9144.0
5610.0,TGW397,2.8990930732304783,107.42093395219176,9144.0
5620.0,TGW351,6.135396996990259,102.22720808387753,9144.0
5620.0,TGW397,2.8746336676095354,107.39994100953469,9144.0
5620.0,TGW351,6.135396996990259,102.22720808387753,9144.0
5620.0,TGW397,2.8746336676095354,107.39994100953469,9144.0
5630.0,TGW351,6.10956650169444,102.24321962495618,9144.0
5630.0,TGW397,2.8501738712464566,107.37894897138143,9144.0
5630.0,TGW351,6.10956650169444,102.24321962495618,9144.0
5630.0,TGW397,2.8501738712464566,107.37894897138143,9144.0
5640.0,TGW351,6.083685051837055,102.25926063690761,9144.0
5640.0,TGW397,2.825713687287214,107.3579578302173,9144.0
5640.0,TGW351,6.083685051837055,102.25926063690761,9144.0
5640.0,TGW397,2.825713687287214,107.3579578302173,9144.0
5650.0,TGW351,6.058138112376621,102.27583431374607,9144.0
5650.0,TGW397,2.8012531188613763,107.33696757854699,9144.0
5650.0,TGW351,6.058138112376621,102.27583431374607,9144.0
5650.0,TGW397,2.8012531188613763,107.33696757854699,9144.0
5660.0,TGW351,6.0326402479014964,102.2923739725931,9144.0
5660.0,TGW397,2.7767921690795196,107.31597820889763,9144.0
5660.0,TGW351,6.0326402479014964,102.2923739725931,9144.0
5660.0,TGW397,2.7767921690795196,107.31597820889763,9144.0
5670.0,TGW351,6.006857673631459,102.30846038467267,9144.0
5670.0,TGW397,2.752330841030049,107.29498971382249,9144.0
5670.0,TGW351,6.006857673631459,102.30846038467267,9144.0
5670.0,TGW397,2.752330841030049,107.29498971382249,9144.0
5680.0,TGW351,5.981074537459257,102.32454512614665,9144.0
5680.0,TGW397,2.727869137775236,107.27400208590556,9144.0
5680.0,TGW351,5.981074537459257,102.32454512614665,9144.0
5680.0,TGW397,2.727869137775236,107.27400208590556,9144.0
5690.0,TGW351,5.955253835795325,102.34056807574486,9144.0
5690.0,TGW397,2.703407062346233,107.25301531776749,9144.0
5690.0,TGW351,5.955253835795325,102.34056807574486,9144.0
5690.0,TGW397,2.703407062346233,107.25301531776749,9144.0
5700.0,TGW351,5.92938225568874,102.35662063244997,9144.0
5700.0,TGW397,2.678944617736697,107.2320294020729,9144.0
5700.0,TGW351,5.92938225568874,102.35662063244997,9144.0
5700.0,TGW397,2.678944617736697,107.2320294020729,9144.0
5710.0,TGW351,5.90586657655423,102.3759922397575,9144.0
5710.0,TGW397,2.65448180689451,107.21104433154015,9144.0
5710.0,TGW351,5.90586657655423,102.3759922397575,9144.0
5710.0,TGW397,2.65448180689451,107.21104433154015,9144.0
5720.0,TGW351,5.885118196598868,102.39841233411292,9144.0
5720.0,TGW397,2.6300186327108332,107.19006009895409,9144.0
5720.0,TGW351,5.885118196598868,102.39841233411292,9144.0
5720.0,TGW397,2.6300186327108332,107.19006009895409,9144.0
5730.0,TGW351,5.867723022656508,102.4232592037402,9144.0
5730.0,TGW397,2.6055550980053113,107.16907669718337,9144.0
5730.0,TGW351,5.867723022656508,102.4232592037402,9144.0
5730.0,TGW397,2.6055550980053113,107.16907669718337,9144.0
5740.0,TGW351,5.85246914335984,102.4493503637342,9144.0
5740.0,TGW397,2.5810912055055955,107.14809411920433,9144.0
5740.0,TGW351,5.85246914335984,102.4493503637342,9144.0
5740.0,TGW397,2.5810912055055955,107.14809411920433,9144.0
5750.0,TGW351,5.837212947473549,102.47543944386344,9144.0
5750.0,TGW397,2.5566269578181493,107.12711235813516,9144.0
5750.0,TGW351,5.837212947473549,102.47543944386344,9144.0
5750.0,TGW397,2.5566269578181493,107.12711235813516,9144.0
5760.0,TGW351,5.820985637127998,102.50092883179116,9144.0
5760.0,TGW397,2.532162357385161,107.10613140728623,9144.0
5760.0,TGW351,5.820985637127998,102.50092883179116,9144.0
5760.0,TGW397,2.532162357385161,107.10613140728623,9144.0
5770.0,TGW351,5.804820155608713,102.52631552878786,9144.0
5770.0,TGW397,2.507697406418175,107.08515126023761,9144.0
5770.0,TGW351,5.804820155608713,102.52631552878786,9144.0
5770.0,TGW397,2.507697406418175,107.08515126023761,9144.0
5780.0,TGW351,5.78927835212082,102.55209201616545,9144.0
5780.0,TGW397,2.4832321067902687,107.0641719109651,9144.0
5780.0,TGW351,5.78927835212082,102.55209201616545,9144.0
5780.0,TGW397,2.4832321067902687,107.0641719109651,9144.0
5790.0,TGW351,5.77382688184466,102.57771308551165,9144.0
5790.0,TGW397,2.458766459848427,107.0431933540595,9144.0
5790.0,TGW351,5.77382688184466,102.57771308551165,9144.0
5790.0,TGW397,2.458766459848427,107.0431933540595,9144.0
5800.0,TGW351,5.757939681890509,102.6030628075411,9144.0
5800.0,TGW397,2.434300466055515,107.02221558514489,9144.0
5800.0,TGW351,5.757939681890509,102.6030628075411,9144.0
5800.0,TGW397,2.434300466055515,107.02221558514489,9144.0
5810.0,TGW351,5.742081962791275,102.62835972874934,9144.0
5810.0,TGW397,2.4098341242116077,107.00123860178863,9144.0
5810.0,TGW351,5.742081962791275,102.62835972874934,9144.0
5810.0,TGW397,2.4098341242116077,107.00123860178863,9144.0
5820.0,TGW351,5.72632425212209,102.65371899689416,9144.0
5820.0,TGW397,2.385367429380017,106.98026240592469,9144.0
5820.0,TGW351,5.72632425212209,102.65371899689416,9144.0
5820.0,TGW397,2.385367429380017,106.98026240592469,9144.0
5830.0,TGW351,5.7105963112009865,102.67902562012802,9144.0
5830.0,TGW397,2.360900364907122,106.95928701317865,9144.0
5830.0,TGW351,5.7105963112009865,102.67902562012802,9144.0
5830.0,TGW397,2.360900364907122,106.95928701317865,9144.0
5840.0,TGW351,5.694953466694986,102.7043847673689,9144.0
5840.0,TGW397,2.3393004763268754,106.93536514106339,9144.0
5840.0,TGW351,5.694953466694986,102.7043847673689,9144.0
5840.0,TGW397,2.3393004763268754,106.93536514106339,9144.0
5850.0,TGW351,5.679308742654538,102.72974205405588,9144.0
5850.0,TGW397,2.3192136273116764,106.91023185890704,9144.0
5850.0,TGW351,5.679308742654538,102.72974205405588,9144.0
5850.0,TGW397,2.3192136273116764,106.91023185890704,9144.0
5860.0,TGW351,5.6639098357425866,102.7552501661051,9144.0
5860.0,TGW397,2.2991262531230907,106.885099352484,9144.0
5860.0,TGW351,5.6639098357425866,102.7552501661051,9144.0
5860.0,TGW397,2.2991262531230907,106.885099352484,9144.0
5870.0,TGW351,5.648509150484818,102.78075651491628,9144.0
5870.0,TGW397,2.2790382583083284,106.85996769512917,9144.0
5870.0,TGW351,5.648509150484818,102.78075651491628,9144.0
5870.0,TGW397,2.2790382583083284,106.85996769512917,9144.0
5880.0,TGW351,5.633120771632156,102.80626968609106,9144.0
5880.0,TGW397,2.259266582542879,106.83458638455386,9144.0
5880.0,TGW351,5.633120771632156,102.80626968609106,9144.0
5880.0,TGW397,2.259266582542879,106.83458638455386,9144.0
5890.0,TGW351,5.617730870318081,102.83178125501549,9144.0
5890.0,TGW397,2.23931648834707,106.80897759448978,9144.0
5890.0,TGW351,5.617730870318081,102.83178125501549,9144.0
5890.0,TGW397,2.23931648834707,106.80897759448978,9144.0
5900.0,TGW351,5.602403325944157,102.85733002840426,9144.0
5900.0,TGW397,2.2193530332266005,106.78337958176961,9144.0
5900.0,TGW351,5.602403325944157,102.85733002840426,9144.0
5900.0,TGW397,2.2193530332266005,106.78337958176961,9144.0
5910.0,TGW351,5.587043497615892,102.88292851398039,9144.0
5910.0,TGW397,2.199458799874014,106.7577279972321,9144.0
5910.0,TGW351,5.587043497615892,102.88292851398039,9144.0
5910.0,TGW397,2.199458799874014,106.7577279972321,9144.0
5920.0,TGW351,5.5716643304233555,102.90851460368214,9144.0
5920.0,TGW397,2.179351932882397,106.73180382497746,9144.0
5920.0,TGW351,5.5716643304233555,102.90851460368214,9144.0
5920.0,TGW397,2.179351932882397,106.73180382497746,9144.0
5930.0,TGW351,5.5565954269411435,102.93428572674244,9144.0
5930.0,TGW397,2.159232113628773,106.70589006297664,9144.0
5930.0,TGW351,5.5565954269411435,102.93428572674244,9144.0
5930.0,TGW397,2.159232113628773,106.70589006297664,9144.0
5940.0,TGW351,5.5415205627989375,102.96005267190645,9144.0
5940.0,TGW397,2.138830197486544,106.6796143161996,9144.0
5940.0,TGW351,5.5415205627989375,102.96005267190645,9144.0
5940.0,TGW397,2.138830197486544,106.6796143161996,9144.0
5950.0,TGW351,5.5259439046454535,102.9855158959365,9144.0
5950.0,TGW397,2.1184277854088145,106.65333930280026,9144.0
5950.0,TGW351,5.5259439046454535,102.9855158959365,9144.0
5950.0,TGW397,2.1184277854088145,106.65333930280026,9144.0
5960.0,TGW351,5.507295258909977,103.00880146854536,9144.0
5960.0,TGW397,2.098024861975284,106.62706503144179,9144.0
5960.0,TGW351,5.507295258909977,103.00880146854536,9144.0
5960.0,TGW397,2.098024861975284,106.62706503144179,9144.0
5970.0,TGW351,5.4885333646396335,103.03222503753072,9144.0
5970.0,TGW397,2.0776213784024886,106.6007915367325,9144.0
5970.0,TGW351,5.4885333646396335,103.03222503753072,9144.0
5970.0,TGW397,2.0776213784024886,106.6007915367325,9144.0
5980.0,TGW351,5.466754384647384,103.0528451245669,9144.0
5980.0,TGW397,2.0572167037520632,106.57451930600608,9144.0
5980.0,TGW351,5.466754384647384,103.0528451245669,9144.0
5980.0,TGW397,2.0572167037520632,106.57451930600608,9144.0
5990.0,TGW351,5.443746831393976,103.07225709670455,9144.0
5990.0,TGW397,2.036742667131694,106.54830149788887,9144.0
5990.0,TGW351,5.443746831393976,103.07225709670455,9144.0
5990.0,TGW397,2.036742667131694,106.54830149788887,9144.0
6000.0,TGW351,5.418738912612867,103.08898673053439,9144.0
6000.0,TGW397,2.016092271726119,106.52185915255578,9144.0
6000.0,TGW351,5.418738912612867,103.08898673053439,9144.0
6000.0,TGW397,2.016092271726119,106.52185915255578,9144.0
6010.0,TGW351,5.393582336656437,103.10581394429374,9144.0
6010.0,TGW397,1.9954414000231095,106.4954175134255,9144.0
6010.0,TGW351,5.393582336656437,103.10581394429374,9144.0
6010.0,TGW397,1.9954414000231095,106.4954175134255,9144.0
6020.0,TGW351,5.367928685821257,103.12186547888803,9144.0
6020.0,TGW397,1.9747900343986078,106.46897659084848,9144.0
6020.0,TGW351,5.367928685821257,103.12186547888803,9144.0
6020.0,TGW397,1.9747900343986078,106.46897659084848,9144.0
6030.0,TGW351,5.342073642440683,103.13804126483443,9144.0
6030.0,TGW397,1.9541381123741015,106.44253643025311,9144.0
6030.0,TGW351,5.342073642440683,103.13804126483443,9144.0
6030.0,TGW397,1.9541381123741015,106.44253643025311,9144.0
6040.0,TGW351,5.31621548834137,103.15421135336987,9144.0
6040.0,TGW397,1.9319827136001047,106.41734455246794,9144.0
6040.0,TGW351,5.31621548834137,103.15421135336987,9144.0
6040.0,TGW397,1.9319827136001047,106.41734455246794,9144.0
6050.0,TGW351,5.2902315921382215,103.17017616251502,9144.0
6050.0,TGW397,1.9094528041287924,106.39310929153231,9144.0
6050.0,TGW351,5.2902315921382215,103.17017616251502,9144.0
6050.0,TGW397,1.9094528041287924,106.39310929153231,9144.0
6060.0,TGW351,5.264146069184444,103.18620075824018,9144.0
6060.0,TGW397,1.8866497705320013,106.3685813326761,9144.0
6060.0,TGW351,5.264146069184444,103.18620075824018,9144.0
6060.0,TGW397,1.8866497705320013,106.3685813326761,9144.0
6070.0,TGW351,5.238155200759841,103.20237904473528,9144.0
6070.0,TGW397,1.8638463200949669,106.34405408138336,9144.0
6070.0,TGW351,5.238155200759841,103.20237904473528,9144.0
6070.0,TGW397,1.8638463200949669,106.34405408138336,9144.0
6080.0,TGW351,5.212033340346371,103.21845615321035,9144.0
6080.0,TGW397,1.8410422639387682,106.31952770956761,9144.0
6080.0,TGW351,5.212033340346371,103.21845615321035,9144.0
6080.0,TGW397,1.8410422639387682,106.31952770956761,9144.0
6090.0,TGW351,5.185860754111977,103.2345627680548,9144.0
6090.0,TGW397,1.8186205281134158,106.29465129412696,9144.0
6090.0,TGW351,5.185860754111977,103.2345627680548,9144.0
6090.0,TGW397,1.8186205281134158,106.29465129412696,9144.0
6100.0,TGW351,5.159686680683202,103.25066628012986,9144.0
6100.0,TGW397,1.7960836517895653,106.26964860011135,9144.0
6100.0,TGW351,5.159686680683202,103.25066628012986,9144.0
6100.0,TGW397,1.7960836517895653,106.26964860011135,9144.0
6110.0,TGW351,5.1335366649327705,103.26680848374379,9144.0
6110.0,TGW397,1.7735917224317799,106.24460573160776,9144.0
6110.0,TGW351,5.1335366649327705,103.26680848374379,9144.0
6110.0,TGW397,1.7735917224317799,106.24460573160776,9144.0
6120.0,TGW351,5.107385879942714,103.28294877095524,9144.0
6120.0,TGW397,1.751023161862552,106.21947890465711,9144.0
6120.0,TGW351,5.107385879942714,103.28294877095524,9144.0
6120.0,TGW397,1.751023161862552,106.21947890465711,9144.0
6130.0,TGW351,5.0813299591712235,103.29924231126054,9144.0
6130.0,TGW397,1.728433648298221,106.19437123146271,9144.0
6130.0,TGW351,5.0813299591712235,103.29924231126054,9144.0
6130.0,TGW397,1.728433648298221,106.19437123146271,9144.0
6140.0,TGW351,5.0553233979885395,103.31550281013496,9144.0
6140.0,TGW397,1.70561579311132,106.1690108505118,9144.0
6140.0,TGW351,5.0553233979885395,103.31550281013496,9144.0
6140.0,TGW397,1.70561579311132,106.1690108505118,9144.0
6150.0,TGW351,5.029216757835226,103.33160022417646,9144.0
6150.0,TGW397,1.6827974764929645,106.1436511838359,9144.0
6150.0,TGW351,5.029216757835226,103.33160022417646,9144.0
6150.0,TGW397,1.6827974764929645,106.1436511838359,9144.0
6160.0,TGW351,5.003159653420024,103.3476648050662,9144.0
6160.0,TGW397,1.6599561272962053,106.11831257319942,9144.0
6160.0,TGW351,5.003159653420024,103.3476648050662,9144.0
6160.0,TGW397,1.6599561272962053,106.11831257319942,9144.0
6170.0,TGW351,4.977193091647565,103.36387580195425,9144.0
6170.0,TGW397,1.6371523470103806,106.09301673839025,9144.0
6170.0,TGW351,4.977193091647565,103.36387580195425,9144.0
6170.0,TGW397,1.6371523470103806,106.09301673839025,9144.0
6180.0,TGW351,4.951276140905436,103.38005403117161,9144.0
6180.0,TGW397,1.6143477678024036,106.06772191015432,9144.0
6180.0,TGW351,4.951276140905436,103.38005403117161,9144.0
6180.0,TGW397,1.6143477678024036,106.06772191015432,9144.0
6190.0,TGW351,4.92532434295417,103.3961752504486,9144.0
6190.0,TGW397,1.5915300208362222,106.04243925073965,9144.0
6190.0,TGW351,4.92532434295417,103.3961752504486,9144.0
6190.0,TGW397,1.5915300208362222,106.04243925073965,9144.0
6200.0,TGW351,4.8994725546694395,103.41223262311759,9144.0
6200.0,TGW397,1.5687118372791005,106.01715726340917,9144.0
6200.0,TGW351,4.8994725546694395,103.41223262311759,9144.0
6200.0,TGW397,1.5687118372791005,106.01715726340917,9144.0
6210.0,TGW351,4.871699348099869,103.42464363794394,9144.0
6210.0,TGW397,1.545888970824755,105.9918797803131,9144.0
6210.0,TGW351,4.871699348099869,103.42464363794394,9144.0
6210.0,TGW397,1.545888970824755,105.9918797803131,9144.0
6220.0,TGW351,4.842457642758496,103.43320613936831,9144.0
6220.0,TGW397,1.5231037210826595,105.96664505546362,9144.0
6220.0,TGW351,4.842457642758496,103.43320613936831,9144.0
6220.0,TGW397,1.5231037210826595,105.96664505546362,9144.0
6230.0,TGW351,4.812114704061266,103.43892614578559,9144.0
6230.0,TGW397,1.5003742027239901,105.94136034969289,9144.0
6230.0,TGW351,4.812114704061266,103.43892614578559,9144.0
6230.0,TGW397,1.5003742027239901,105.94136034969289,9144.0
6240.0,TGW351,4.781771716703304,103.44464563804499,9144.0
6240.0,TGW397,1.4776443557392829,105.9160762002785,9144.0
6240.0,TGW351,4.781771716703304,103.44464563804499,9144.0
6240.0,TGW397,1.4776443557392829,105.9160762002785,9144.0
6250.0,TGW351,4.7514286742521135,103.45036458341878,9144.0
6250.0,TGW397,1.454914160613798,105.89079262079679,9144.0
6250.0,TGW351,4.7514286742521135,103.45036458341878,9144.0
6250.0,TGW397,1.454914160613798,105.89079262079679,9144.0
6260.0,TGW351,4.721281271865387,103.45704429602094,9144.0
6260.0,TGW397,1.432183472898383,105.86550973721927,9144.0
6260.0,TGW351,4.721281271865387,103.45704429602094,9144.0
6260.0,TGW397,1.432183472898383,105.86550973721927,9144.0
6270.0,TGW351,4.690732767363253,103.46381225142252,9144.0
6270.0,TGW397,1.409415430441791,105.84026075744693,9144.0
6270.0,TGW351,4.690732767363253,103.46381225142252,9144.0
6270.0,TGW397,1.409415430441791,105.84026075744693,9144.0
6280.0,TGW351,4.659954295377513,103.4694340200284,9144.0
6280.0,TGW397,1.386608945763692,105.81497028188848,9144.0
6280.0,TGW351,4.659954295377513,103.4694340200284,9144.0
6280.0,TGW397,1.386608945763692,105.81497028188848,9144.0
6290.0,TGW351,4.629175776758481,103.47505528629435,9144.0
6290.0,TGW397,1.3647838460084383,105.7888279392684,9144.0
6290.0,TGW351,4.629175776758481,103.47505528629435,9144.0
6290.0,TGW397,1.3647838460084383,105.7888279392684,9144.0
6300.0,TGW351,4.597956301835611,103.47707534379327,9144.0
6300.0,TGW397,1.3429583810953867,105.76268613702982,9144.0
6300.0,TGW351,4.597956301835611,103.47707534379327,9144.0
6300.0,TGW397,1.3429583810953867,105.76268613702982,9144.0
6310.0,TGW351,4.566678431646954,103.47909900152739,9144.0
6310.0,TGW397,1.3223772088572674,105.73555355904259,9144.0
6310.0,TGW351,4.566678431646954,103.47909900152739,9144.0
6310.0,TGW397,1.3223772088572674,105.73555355904259,9144.0
6320.0,TGW351,4.535497788660859,103.48229363992135,9144.0
6320.0,TGW397,1.3018299466329213,105.70846670289566,9144.0
6320.0,TGW351,4.535497788660859,103.48229363992135,9144.0
6320.0,TGW397,1.3018299466329213,105.70846670289566,9144.0
6330.0,TGW351,4.504200833693605,103.48549991547671,9144.0
6330.0,TGW397,1.2812816604053063,105.68138084296679,9144.0
6330.0,TGW351,4.504200833693605,103.48549991547671,9144.0
6330.0,TGW397,1.2812816604053063,105.68138084296679,9144.0
6340.0,TGW351,4.472891414038337,103.48858117768489,9144.0
6340.0,TGW397,1.260410868896754,105.65454304101472,9144.0
6340.0,TGW351,4.472891414038337,103.48858117768489,9144.0
6340.0,TGW397,1.260410868896754,105.65454304101472,9144.0
6350.0,TGW351,4.441640133776657,103.491656453598,9144.0
6350.0,TGW397,1.2397838380140953,105.62802033109922,9144.0
6350.0,TGW351,4.441640133776657,103.491656453598,9144.0
6350.0,TGW397,1.2397838380140953,105.62802033109922,9144.0
6360.0,TGW351,4.410447032172973,103.49472573961451,9144.0
6360.0,TGW397,1.219588052167482,105.60116784308914,9144.0
6360.0,TGW351,4.410447032172973,103.49472573961451,9144.0
6360.0,TGW397,1.219588052167482,105.60116784308914,9144.0
6370.0,TGW351,4.3792539305692895,103.49779489720927,9144.0
6370.0,TGW397,1.2027182402666416,105.57191217018655,9144.0
6370.0,TGW351,4.3792539305692895,103.49779489720927,9144.0
6370.0,TGW397,1.2027182402666416,105.57191217018655,9144.0
6380.0,TGW397,1.1894984594000093,105.54077365095739,9144.0
6380.0,TGW397,1.1894984594000093,105.54077365095739,9144.0
6390.0,TGW397,1.1801523349516123,105.50826133794314,9144.0
6390.0,TGW397,1.1801523349516123,105.50826133794314,9144.0
6400.0,TGW397,1.1748336754741542,105.47491036621074,9144.0
6400.0,TGW397,1.1748336754741542,105.47491036621074,9144.0
6410.0,TGW397,1.1736055655712432,105.44116014455379,9144.0
6410.0,TGW397,1.1736055655712432,105.44116014455379,9144.0
6420.0,TGW397,1.1764862010301613,105.40751066995269,9144.0
6420.0,TGW397,1.1764862010301613,105.40751066995269,9144.0
6430.0,TGW397,1.183432902095682,105.37446044833335,9144.0
6430.0,TGW397,1.183432902095682,105.37446044833335,9144.0
6440.0,TGW397,1.1861837294294397,105.34143033193789,9144.0
6440.0,TGW397,1.1861837294294397,105.34143033193789,9144.0
6450.0,TGW397,1.184777864266567,105.30889119786411,9144.0
6450.0,TGW397,1.184777864266567,105.30889119786411,9144.0
6460.0,TGW397,1.1815440751802968,105.27648273854777,9144.0
6460.0,TGW397,1.1815440751802968,105.27648273854777,9144.0
6470.0,TGW397,1.1821957883217196,105.24391978931955,9144.0
6470.0,TGW397,1.1821957883217196,105.24391978931955,9144.0
6480.0,TGW397,1.1814337766267915,105.21199630592496,9144.0
6480.0,TGW397,1.1814337766267915,105.21199630592496,9144.0
6490.0,TGW397,1.1806837573799436,105.1805972743382,9144.0
6490.0,TGW397,1.1806837573799436,105.1805972743382,9144.0
6500.0,TGW397,1.1799317924650694,105.14919829779744,9144.0
6500.0,TGW397,1.1799317924650694,105.14919829779744,9144.0
6510.0,TGW397,1.179112465948198,105.11780101674145,9144.0
6510.0,TGW397,1.179112465948198,105.11780101674145,9144.0
6520.0,TGW397,1.1810376091238501,105.08686310663145,9144.0
6520.0,TGW397,1.1810376091238501,105.08686310663145,9144.0
6530.0,TGW397,1.1829366631649174,105.05633653787697,9144.0
6530.0,TGW397,1.1829366631649174,105.05633653787697,9144.0
6540.0,TGW397,1.187643333725023,105.02611534903278,9144.0
6540.0,TGW397,1.187643333725023,105.02611534903278,9144.0
6550.0,TGW397,1.192249240923622,104.99653803840545,9144.0
6550.0,TGW397,1.192249240923622,104.99653803840545,9144.0
6560.0,TGW397,1.1968535382785244,104.9669604274606,9144.0
6560.0,TGW397,1.1968535382785244,104.9669604274606,9144.0
6570.0,TGW397,1.2020399328374236,104.9374793022835,9144.0
6570.0,TGW397,1.2020399328374236,104.9374793022835,9144.0
6580.0,TGW397,1.2071610220066948,104.90834974715085,9144.0
6580.0,TGW397,1.2071610220066948,104.90834974715085,9144.0
6590.0,TGW397,1.211807246902552,104.87914060283649,9144.0
6590.0,TGW397,1.211807246902552,104.87914060283649,9144.0
6600.0,TGW397,1.216522798491547,104.85097779225187,9144.0
6600.0,TGW397,1.216522798491547,104.85097779225187,9144.0
6610.0,TGW397,1.22094078395417,104.82458919624864,9144.0
6610.0,TGW397,1.22094078395417,104.82458919624864,9144.0
6620.0,TGW397,1.2250135187640245,104.79843030071709,9144.0
6620.0,TGW397,1.2250135187640245,104.79843030071709,9144.0
6630.0,TGW397,1.2288743785032639,104.77362931560327,9144.0
6630.0,TGW397,1.2288743785032639,104.77362931560327,9144.0
6640.0,TGW397,1.2326269804936762,104.7488116768878,9144.0
6640.0,TGW397,1.2326269804936762,104.7488116768878,9144.0
6650.0,TGW397,1.236350870361531,104.72418096954937,9144.0
6650.0,TGW397,1.236350870361531,104.72418096954937,9144.0
6660.0,TGW397,1.2397179513400094,104.69949889931047,9144.0
6660.0,TGW397,1.2397179513400094,104.69949889931047,9144.0
6670.0,TGW397,1.2430161120952796,104.67531857792676,9144.0
6670.0,TGW397,1.2430161120952796,104.67531857792676,9144.0
6680.0,TGW397,1.2462474673683936,104.65112920445442,9144.0
6680.0,TGW397,1.2462474673683936,104.65112920445442,9144.0
6690.0,TGW397,1.249402381268297,104.6275081084391,9144.0
6690.0,TGW397,1.249402381268297,104.6275081084391,9144.0
6700.0,TGW397,1.2526883406946894,104.60390486452316,9144.0
6700.0,TGW397,1.2526883406946894,104.60390486452316,9144.0
6710.0,TGW397,1.2558942173291625,104.58087329949568,9144.0
6710.0,TGW397,1.2558942173291625,104.58087329949568,9144.0
6720.0,TGW397,1.2594470939518596,104.55789269874177,9144.0
6720.0,TGW397,1.2594470939518596,104.55789269874177,9144.0
6730.0,TGW397,1.262940431031891,104.53529448041121,9144.0
6730.0,TGW397,1.262940431031891,104.53529448041121,9144.0
6740.0,TGW397,1.266438452653047,104.51269695663069,9144.0
6740.0,TGW397,1.266438452653047,104.51269695663069,9144.0
6750.0,TGW397,1.269906333062585,104.49029121068821,9144.0
6750.0,TGW397,1.269906333062585,104.49029121068821,9144.0
6760.0,TGW397,1.273191291833766,104.46785787434422,9144.0
6760.0,TGW397,1.273191291833766,104.46785787434422,9144.0
6770.0,TGW397,1.2762864238355052,104.44671619722834,9144.0
6770.0,TGW397,1.2762864238355052,104.44671619722834,9144.0
6780.0,TGW397,1.2798098380623246,104.4256416695409,9144.0
6780.0,TGW397,1.2798098380623246,104.4256416695409,9144.0
6790.0,TGW397,1.2831766607847943,104.40554665736413,9144.0
6790.0,TGW397,1.2831766607847943,104.40554665736413,9144.0
6800.0,TGW397,1.2864882037795815,104.3857800927905,9144.0
6800.0,TGW397,1.2864882037795815,104.3857800927905,9144.0
6810.0,TGW397,1.2899107997612693,104.36603243725084,9144.0
6810.0,TGW397,1.2899107997612693,104.36603243725084,9144.0
6820.0,TGW397,1.2932760403000192,104.3466141127158,9144.0
6820.0,TGW397,1.2932760403000192,104.3466141127158,9144.0
6830.0,TGW397,1.2977779413639552,104.32742750777514,9144.0
6830.0,TGW397,1.2977779413639552,104.32742750777514,9144.0
6840.0,TGW397,1.306029721358012,104.31012480527399,9144.0
6840.0,TGW397,1.306029721358012,104.31012480527399,9144.0
6850.0,TGW397,1.3176859516102835,104.29516294243645,9144.0
6850.0,TGW397,1.3176859516102835,104.29516294243645,9144.0
6860.0,TGW397,1.332245007931663,104.28311460386549,9144.0
6860.0,TGW397,1.332245007931663,104.28311460386549,9144.0
6870.0,TGW397,1.349061478976993,104.27449499840958,9144.0
6870.0,TGW397,1.349061478976993,104.27449499840958,9144.0
6880.0,TGW397,1.3669711481248883,104.26989930326805,9144.0
6880.0,TGW397,1.3669711481248883,104.26989930326805,9144.0
6890.0,TGW397,1.3853857071256357,104.26938575310973,9144.0
6890.0,TGW397,1.3853857071256357,104.26938575310973,9144.0
6900.0,TGW397,1.4034569641611099,104.2729630298103,9144.0
6900.0,TGW397,1.4034569641611099,104.2729630298103,9144.0
6910.0,TGW397,1.4215625015546394,104.27597251616542,9144.0
6910.0,TGW397,1.4215625015546394,104.27597251616542,9144.0
6920.0,TGW397,1.4398839237513954,104.27488248995117,9144.0
6920.0,TGW397,1.4398839237513954,104.27488248995117,9144.0
6930.0,TGW397,1.4573476430944807,104.27075176179005,9144.0
6930.0,TGW397,1.4573476430944807,104.27075176179005,9144.0
6940.0,TGW397,1.474811354727751,104.26662096878904,9144.0
6940.0,TGW397,1.474811354727751,104.26662096878904,9144.0
6950.0,TGW397,1.490880403822235,104.25862958198587,9144.0
6950.0,TGW397,1.490880403822235,104.25862958198587,9144.0
6960.0,TGW397,1.5035159585390994,104.2477980293052,9144.0
6960.0,TGW397,1.5035159585390994,104.2477980293052,9144.0
6970.0,TGW397,1.5141369224457728,104.2360864734353,9144.0
6970.0,TGW397,1.5141369224457728,104.2360864734353,9144.0
6980.0,TGW397,1.5274121071092353,104.22750209932977,9144.0
6980.0,TGW397,1.5274121071092353,104.22750209932977,9144.0
6990.0,TGW397,1.5373546580585251,104.21668938991263,9144.0
6990.0,TGW397,1.5373546580585251,104.21668938991263,9144.0
7000.0,TGW397,1.5481705985870176,104.20685544443803,9144.0
7000.0,TGW397,1.5481705985870176,104.20685544443803,9144.0
7010.0,TGW397,1.558986483373976,104.19702138726257,9144.0
7010.0,TGW397,1.558986483373976,104.19702138726257,9144.0
7020.0,TGW397,1.569610607468594,104.18698026691004,9144.0
7020.0,TGW397,1.569610607468594,104.18698026691004,9144.0
7030.0,TGW397,1.5770826173126258,104.1743321408155,9144.0
7030.0,TGW397,1.5770826173126258,104.1743321408155,9144.0
7040.0,TGW397,1.5807692056837388,104.16011075454917,9144.0
7040.0,TGW397,1.5807692056837388,104.16011075454917,9144.0
7050.0,TGW397,1.5816237352364362,104.14544383558473,9144.0
7050.0,TGW397,1.5816237352364362,104.14544383558473,9144.0
7060.0,TGW397,1.5794420935864217,104.13148673026907,9144.0
7060.0,TGW397,1.5794420935864217,104.13148673026907,9144.0
7070.0,TGW397,1.5737913813280306,104.1188504382,9144.0
7070.0,TGW397,1.5737913813280306,104.1188504382,9144.0
7080.0,TGW397,1.5681695482727116,104.10627904841131,9144.0
7080.0,TGW397,1.5681695482727116,104.10627904841131,9144.0
7090.0,TGW397,1.5595447406397505,104.09554477945468,9144.0
7090.0,TGW397,1.5595447406397505,104.09554477945468,9144.0
7100.0,TGW397,1.550830892131017,104.08469999607932,9144.0
7100.0,TGW397,1.550830892131017,104.08469999607932,9144.0
7110.0,TGW397,1.5417244118415103,104.07418303732908,9144.0
7110.0,TGW397,1.5417244118415103,104.07418303732908,9144.0
7120.0,TGW397,1.5327106707631597,104.06377359527878,9144.0
7120.0,TGW397,1.5327106707631597,104.06377359527878,9144.0
7130.0,TGW397,1.5245174780619222,104.05270631109725,9144.0
7130.0,TGW397,1.5245174780619222,104.05270631109725,9144.0
7140.0,TGW397,1.51343116172465,104.04454135037999,9144.0
7140.0,TGW397,1.51343116172465,104.04454135037999,9144.0
7150.0,TGW397,1.5005539274923843,104.04008886731721,9144.0
7150.0,TGW397,1.5005539274923843,104.04008886731721,9144.0
7160.0,TGW397,1.4877065405403584,104.03555094913821,9144.0
7160.0,TGW397,1.4877065405403584,104.03555094913821,9144.0
7170.0,TGW397,1.4747921268836361,104.03098941633547,9144.0
7170.0,TGW397,1.4747921268836361,104.03098941633547,9144.0
7180.0,TGW397,1.4625361410425983,104.02487459436708,9144.0
7180.0,TGW397,1.4625361410425983,104.02487459436708,9144.0
7190.0,TGW397,1.4496346698269642,104.0212108078683,9144.0
7190.0,TGW397,1.4496346698269642,104.0212108078683,9144.0
7200.0,TGW397,1.4390135423535486,104.01521766917858,9144.0
7200.0,TGW397,1.4390135423535486,104.01521766917858,9144.0
7210.0,TGW397,1.4289262005106482,104.01110470368725,9144.0
7210.0,TGW397,1.4289262005106482,104.01110470368725,9144.0
7220.0,TGW397,1.4195808814821014,104.00729432536454,9144.0
7220.0,TGW397,1.4195808814821014,104.00729432536454,9144.0
7230.0,TGW397,1.410290711476288,104.00335132922139,9144.0
7230.0,TGW397,1.410290711476288,104.00335132922139,9144.0
7240.0,TGW397,1.4012024141662018,103.99949404710408,9144.0
7240.0,TGW397,1.4012024141662018,103.99949404710408,9144.0
7250.0,TGW397,1.392114110114766,103.99563679579727,9144.0
7250.0,TGW397,1.392114110114766,103.99563679579727,9144.0
7260.0,TGW397,1.3830257982108374,103.99177957782332,9144.0
7260.0,TGW397,1.3830257982108374,103.99177957782332,9144.0
7270.0,TGW397,1.3739620323762087,103.98786501070792,9144.0
7270.0,TGW397,1.3739620323762087,103.98786501070792,9144.0
7280.0,TGW397,1.367256803440522,103.98061679073564,9144.0
7280.0,TGW397,1.367256803440522,103.98061679073564,9144.0
7290.0,TGW397,1.3637426651093827,103.97092056106466,9144.0
7290.0,TGW397,1.3637426651093827,103.97092056106466,9144.0
7300.0,TGW397,1.3642689637636987,103.9606202729152,9144.0
7300.0,TGW397,1.3642689637636987,103.9606202729152,9144.0
7310.0,TGW397,1.368753076945335,103.95133293045438,9144.0
7310.0,TGW397,1.368753076945335,103.95133293045438,9144.0
7320.0,TGW397,1.3764910536740225,103.9445165301426,9144.0
7320.0,TGW397,1.3764910536740225,103.9445165301426,9144.0
7330.0,TGW397,1.386268126150016,103.94124118011909,9144.0
7330.0,TGW397,1.386268126150016,103.94124118011909,9144.0
7340.0,TGW397,1.3965494134559855,103.9420211017659,9144.0
7340.0,TGW397,1.3965494134559855,103.9420211017659,9144.0
7350.0,TGW397,1.4057208791070557,103.94673388964152,9144.0
7350.0,TGW397,1.4057208791070557,103.94673388964152,9144.0
7360.0,TGW397,1.4123427150577874,103.95463971305358,9144.0
7360.0,TGW397,1.4123427150577874,103.95463971305358,9144.0
