sim_time,acid,lat,lon,alt
10.0,SIA878,1.350761817028009,103.96762797899491,9144.0
10.0,SIA883,22.309458988351718,113.89899181870659,9144.0
10.0,SIA912,1.3736122235238786,103.98605156457324,9144.0
10.0,SIA915,14.521337747104429,121.04488916236295,9144.0
10.0,SIA926,1.321713968985045,104.00689743769858,9144.0
10.0,SIA939,-8.742155064640334,115.16735727843029,9144.0
10.0,SIA953,-6.108555790001008,106.63442260134096,9144.0
10.0,SIA957,-6.105043898677134,106.67237285845881,9144.0
10.0,SIA959,-6.110794104309124,106.68045597620109,9144.0
10.0,SJX731,25.06120036477113,121.21528435794502,9144.0
10.0,SJX732,1.3242526883370054,104.0148994263925,9144.0
10.0,TGW12,1.3180747731713884,103.98212830554898,9144.0
10.0,TGW139,29.058879258097154,113.71206154597654,9144.0
10.0,TGW263,-7.385678503190167,112.85911845462871,9144.0
10.0,TGW266,1.3208543025589108,104.01174764914646,9144.0
10.0,TGW275,-6.116323167005119,106.67454956531272,9144.0
10.0,TGW276,1.3180167245156975,103.9950976674373,9144.0
10.0,TGW277,-6.111175343947801,106.65453851456867,9144.0
10.0,TGW281,-8.752183968647682,115.19784803197344,9144.0
10.0,TGW284,1.3323,104.0157652471646,9144.0
10.0,SIA878,1.350761817028009,103.96762797899491,9144.0,"(SIA878),(SIA912)"
10.0,SIA883,22.309458988351718,113.89899181870659,9144.0,"(SIA878),(SIA926)"
10.0,SIA912,1.3736122235238786,103.98605156457324,9144.0,"(SIA878),(SJX732)"
10.0,SIA915,14.521337747104429,121.04488916236295,9144.0,"(SIA878),(TGW12)"
10.0,SIA926,1.321713968985045,104.00689743769858,9144.0,"(SIA878),(TGW266)"
10.0,SIA939,-8.742155064640334,115.16735727843029,9144.0,"(SIA878),(TGW276)"
10.0,SIA953,-6.108555790001008,106.63442260134096,9144.0,"(SIA878),(TGW284)"
10.0,SIA957,-6.105043898677134,106.67237285845881,9144.0,"(SIA912),(SIA878)"
10.0,SIA959,-6.110794104309124,106.68045597620109,9144.0,"(SIA912),(SIA926)"
10.0,SJX731,25.06120036477113,121.21528435794502,9144.0,"(SIA912),(SJX732)"
10.0,SJX732,1.3242526883370054,104.0148994263925,9144.0,"(SIA912),(TGW12)"
10.0,TGW12,1.3180747731713884,103.98212830554898,9144.0,"(SIA912),(TGW266)"
10.0,TGW139,29.058879258097154,113.71206154597654,9144.0,"(SIA912),(TGW276)"
10.0,TGW263,-7.385678503190167,112.85911845462871,9144.0,"(SIA912),(TGW284)"
10.0,TGW266,1.3208543025589108,104.01174764914646,9144.0,"(SIA926),(SIA878)"
10.0,TGW275,-6.116323167005119,106.67454956531272,9144.0,"(SIA926),(SIA912)"
10.0,TGW276,1.3180167245156975,103.9950976674373,9144.0,"(SIA926),(SJX732)"
10.0,TGW277,-6.111175343947801,106.65453851456867,9144.0,"(SIA926),(TGW12)"
10.0,TGW281,-8.752183968647682,115.19784803197344,9144.0,"(SIA926),(TGW266)"
10.0,TGW284,1.3323,104.0157652471646,9144.0,"(SIA926),(TGW276)"
20.0,SIA878,1.342636939698492,103.95713480053041,9144.0
20.0,SIA883,22.31889242948982,113.89063857430263,9144.0
20.0,SIA912,1.3849571758247463,103.98492524641902,9144.0
20.0,SIA915,14.530378158727887,121.05502286778803,9144.0
20.0,SIA926,1.3090083186205264,104.00459942612264,9144.0
20.0,SIA939,-8.740156648984566,115.15570417146688,9144.0
20.0,SIA953,-6.100343830312247,106.62366865686445,9144.0
20.0,SIA957,-6.1023082751668,106.68335345515139,9144.0
20.0,SIA959,-6.123130762251255,106.68026055136475,9144.0
20.0,SJX731,25.066267673379794,121.22805041449895,9144.0
20.0,SJX732,1.3153088967179711,104.0245093504724,9144.0
20.0,TGW12,1.3190387986712382,103.96761117686425,9144.0
20.0,TGW139,29.07248316270796,113.6757136144036,9144.0
20.0,TGW263,-7.385584625542672,112.87126934892363,9144.0
20.0,TGW266,1.3088039058462304,104.01658120321775,9144.0
20.0,TGW275,-6.117498211815539,106.6866840278303,9144.0
20.0,TGW276,1.3059634551403385,103.99158810916973,9144.0
20.0,TGW277,-6.116212936279882,106.64321110902182,9144.0
20.0,TGW281,-8.753421526825528,115.210195576969,9144.0
20.0,TGW284,1.3282707598579078,104.02681862150546,9144.0
20.0,SIA878,1.342636939698492,103.95713480053041,9144.0,"(SIA878),(SIA912)"
20.0,SIA883,22.31889242948982,113.89063857430263,9144.0,"(SIA878),(SIA926)"
20.0,SIA912,1.3849571758247463,103.98492524641902,9144.0,"(SIA878),(SJX732)"
20.0,SIA915,14.530378158727887,121.05502286778803,9144.0,"(SIA878),(TGW12)"
20.0,SIA926,1.3090083186205264,104.00459942612264,9144.0,"(SIA878),(TGW266)"
20.0,SIA939,-8.740156648984566,115.15570417146688,9144.0,"(SIA878),(TGW276)"
20.0,SIA953,-6.100343830312247,106.62366865686445,9144.0,"(SIA878),(TGW284)"
20.0,SIA957,-6.1023082751668,106.68335345515139,9144.0,"(SIA912),(SIA878)"
20.0,SIA959,-6.123130762251255,106.68026055136475,9144.0,"(SIA912),(SIA926)"
20.0,SJX731,25.066267673379794,121.22805041449895,9144.0,"(SIA912),(SJX732)"
20.0,SJX732,1.3153088967179711,104.0245093504724,9144.0,"(SIA912),(TGW12)"
20.0,TGW12,1.3190387986712382,103.96761117686425,9144.0,"(SIA912),(TGW266)"
20.0,TGW139,29.07248316270796,113.6757136144036,9144.0,"(SIA912),(TGW276)"
20.0,TGW263,-7.385584625542672,112.87126934892363,9144.0,"(SIA912),(TGW284)"
20.0,TGW266,1.3088039058462304,104.01658120321775,9144.0,"(SIA926),(SIA878)"
20.0,TGW275,-6.117498211815539,106.6866840278303,9144.0,"(SIA926),(SIA912)"
20.0,TGW276,1.3059634551403385,103.99158810916973,9144.0,"(SIA926),(SJX732)"
20.0,TGW277,-6.116212936279882,106.64321110902182,9144.0,"(SIA926),(TGW12)"
20.0,TGW281,-8.753421526825528,115.210195576969,9144.0,"(SIA926),(TGW266)"
20.0,TGW284,1.3282707598579078,104.02681862150546,9144.0,"(SIA926),(TGW276)"
30.0,SIA878,1.3316996394846605,103.94962041853219,9144.0
30.0,SIA883,22.32523753798039,113.87938114845213,9144.0
30.0,SIA912,1.395174556277942,103.97986598709764,9144.0
30.0,SIA915,14.536015905832315,121.06751285933443,9144.0
30.0,SIA926,1.2976611722043832,103.99843717037535,9144.0
30.0,SIA939,-8.742249546082347,115.14406798939213,9144.0
30.0,SIA953,-6.095722267447656,106.61093098536685,9144.0
30.0,SIA957,-6.095852173843934,106.69262615462056,9144.0
30.0,SIA959,-6.134852014750671,106.6841354199549,9144.0
30.0,SJX731,25.074768997193317,121.23835570503383,9144.0
30.0,SJX732,1.3038394163018399,104.03089413824178,9144.0
30.0,TGW12,1.3159155227072208,103.95340145018555,9144.0
30.0,TGW139,29.0822192906796,113.63777126943444,9144.0
30.0,TGW263,-7.389428371514826,112.8827859839453,9144.0
30.0,TGW266,1.2958478148624033,104.01741976336878,9144.0
30.0,TGW275,-6.114591191071006,106.69852009151315,9144.0
30.0,TGW276,1.293422227001217,103.99214457873327,9144.0
30.0,TGW277,-6.124658263427071,106.63416462228969,9144.0
30.0,TGW281,-8.75057486413227,115.22226752331528,9144.0
30.0,TGW284,1.3206998568912887,104.03582254873,9144.0
30.0,SIA878,1.3316996394846605,103.94962041853219,9144.0,"(SIA878),(SIA912)"
30.0,SIA883,22.32523753798039,113.87938114845213,9144.0,"(SIA878),(SIA926)"
30.0,SIA912,1.395174556277942,103.97986598709764,9144.0,"(SIA878),(SJX732)"
30.0,SIA915,14.536015905832315,121.06751285933443,9144.0,"(SIA878),(TGW12)"
30.0,SIA926,1.2976611722043832,103.99843717037535,9144.0,"(SIA878),(TGW266)"
30.0,SIA939,-8.742249546082347,115.14406798939213,9144.0,"(SIA878),(TGW276)"
30.0,SIA953,-6.095722267447656,106.61093098536685,9144.0,"(SIA878),(TGW284)"
30.0,SIA957,-6.095852173843934,106.69262615462056,9144.0,"(SIA912),(SIA878)"
30.0,SIA959,-6.134852014750671,106.6841354199549,9144.0,"(SIA912),(SIA926)"
30.0,SJX731,25.074768997193317,121.23835570503383,9144.0,"(SIA912),(SJX732)"
30.0,SJX732,1.3038394163018399,104.03089413824178,9144.0,"(SIA912),(TGW12)"
30.0,TGW12,1.3159155227072208,103.95340145018555,9144.0,"(SIA912),(TGW266)"
30.0,TGW139,29.0822192906796,113.63777126943444,9144.0,"(SIA912),(TGW276)"
30.0,TGW263,-7.389428371514826,112.8827859839453,9144.0,"(SIA912),(TGW284)"
30.0,TGW266,1.2958478148624033,104.01741976336878,9144.0,"(SIA926),(SIA878)"
30.0,TGW275,-6.114591191071006,106.69852009151315,9144.0,"(SIA926),(SIA912)"
30.0,TGW276,1.293422227001217,103.99214457873327,9144.0,"(SIA926),(SJX732)"
30.0,TGW277,-6.124658263427071,106.63416462228969,9144.0,"(SIA926),(TGW12)"
30.0,TGW281,-8.75057486413227,115.22226752331528,9144.0,"(SIA926),(TGW266)"
30.0,TGW284,1.3206998568912887,104.03582254873,9144.0,"(SIA926),(TGW276)"
40.0,SIA878,1.318437690342048,103.94542704831166,9144.0
40.0,SIA883,22.327779464514276,113.86648796432232,9144.0
40.0,SIA912,1.40294920315669,103.97152498205209,9144.0
40.0,SIA915,14.543716334471643,121.07912495223927,9144.0
40.0,SIA926,1.287176184401243,103.99090023811539,9144.0
40.0,SIA939,-8.748177389515762,115.13387399279335,9144.0
40.0,SIA953,-6.095043206237769,106.59717423074142,9144.0
40.0,SIA957,-6.086709270224419,106.6987148327322,9144.0
40.0,SIA959,-6.144667643558231,106.69165419820706,9144.0
40.0,SJX731,25.08581025234473,121.24511614613104,9144.0
40.0,SJX732,1.2910925453641027,104.0333606108,9144.0
40.0,TGW12,1.3089529663322754,103.9406275450456,9144.0
40.0,TGW139,29.087949927400402,113.59877245927613,9144.0
40.0,TGW263,-7.389321366064567,112.89522702903741,9144.0
40.0,TGW266,1.2834250492924768,104.01417176108082,9144.0
40.0,TGW275,-6.107971799977143,106.70856037882069,9144.0
40.0,TGW276,1.2815200065339813,103.98863004716809,9144.0
40.0,TGW277,-6.135581705009138,106.62839490836264,9144.0
40.0,TGW281,-8.744035128272547,115.23242118604209,9144.0
40.0,TGW284,1.3105034441289607,104.04168747571032,9144.0
40.0,SIA878,1.318437690342048,103.94542704831166,9144.0,"(SIA878),(SIA912)"
40.0,SIA883,22.327779464514276,113.86648796432232,9144.0,"(SIA878),(SIA926)"
40.0,SIA912,1.40294920315669,103.97152498205209,9144.0,"(SIA878),(TGW12)"
40.0,SIA915,14.543716334471643,121.07912495223927,9144.0,"(SIA878),(TGW266)"
40.0,SIA926,1.287176184401243,103.99090023811539,9144.0,"(SIA878),(TGW276)"
40.0,SIA939,-8.748177389515762,115.13387399279335,9144.0,"(SIA912),(SIA878)"
40.0,SIA953,-6.095043206237769,106.59717423074142,9144.0,"(SIA926),(SIA878)"
40.0,SIA957,-6.086709270224419,106.6987148327322,9144.0,"(SIA926),(SJX732)"
40.0,SIA959,-6.144667643558231,106.69165419820706,9144.0,"(SIA926),(TGW12)"
40.0,SJX731,25.08581025234473,121.24511614613104,9144.0,"(SIA926),(TGW266)"
40.0,SJX732,1.2910925453641027,104.0333606108,9144.0,"(SIA926),(TGW276)"
40.0,TGW12,1.3089529663322754,103.9406275450456,9144.0,"(SIA926),(TGW284)"
40.0,TGW139,29.087949927400402,113.59877245927613,9144.0,"(SIA939),(TGW281)"
40.0,TGW263,-7.389321366064567,112.89522702903741,9144.0,"(SIA953),(SIA957)"
40.0,TGW266,1.2834250492924768,104.01417176108082,9144.0,"(SIA953),(SIA959)"
40.0,TGW275,-6.107971799977143,106.70856037882069,9144.0,"(SIA953),(TGW277)"
40.0,TGW276,1.2815200065339813,103.98863004716809,9144.0,"(SIA957),(SIA953)"
40.0,TGW277,-6.135581705009138,106.62839490836264,9144.0,"(SIA957),(SIA959)"
40.0,TGW281,-8.744035128272547,115.23242118604209,9144.0,"(SIA957),(TGW275)"
40.0,TGW284,1.3105034441289607,104.04168747571032,9144.0,"(SIA957),(TGW277)"
50.0,SIA878,1.3046712099469842,103.94532451659808,9144.0
50.0,SIA883,22.326276622525903,113.853170976364,9144.0
50.0,SIA912,1.407280378741477,103.96097586675143,9144.0
50.0,SIA915,14.547768632469106,121.09264090609527,9144.0
50.0,SIA926,1.2766911726890842,103.9833633699974,9144.0
50.0,SIA939,-8.75721405663474,115.12637088361124,9144.0
50.0,SIA953,-6.098403619646396,106.58294192855828,9144.0
50.0,SIA957,-6.0748869105741505,106.70172089746802,9144.0
50.0,SIA959,-6.1514971921770725,106.70198931701074,9144.0
50.0,SJX731,25.098230230495368,121.24762006716453,9144.0
50.0,SJX732,1.2782117469981045,104.031732891865,9144.0
50.0,TGW12,1.2987040299571115,103.93030384670975,9144.0
50.0,TGW139,29.08959401473176,113.55927029080267,9144.0
50.0,TGW263,-7.385171832793524,112.90755603888599,9144.0
50.0,TGW266,1.2727289174680485,104.00719659508854,9144.0
50.0,TGW275,-6.098335253440538,106.71583690915057,9144.0
50.0,TGW276,1.27126408849555,103.98138892448121,9144.0
50.0,TGW277,-6.1477808619076155,106.62653721185747,9144.0
50.0,TGW281,-8.736887896421155,115.24232749799171,9144.0
50.0,TGW284,1.2989153868676357,104.04370371664609,9144.0
50.0,SIA878,1.3046712099469842,103.94532451659808,9144.0,"(SIA878),(SIA926)"
50.0,SIA883,22.326276622525903,113.853170976364,9144.0,"(SIA878),(TGW12)"
50.0,SIA912,1.407280378741477,103.96097586675143,9144.0,"(SIA878),(TGW266)"
50.0,SIA915,14.547768632469106,121.09264090609527,9144.0,"(SIA878),(TGW276)"
50.0,SIA926,1.2766911726890842,103.9833633699974,9144.0,"(SIA926),(SIA878)"
50.0,SIA939,-8.75721405663474,115.12637088361124,9144.0,"(SIA926),(SJX732)"
50.0,SIA953,-6.098403619646396,106.58294192855828,9144.0,"(SIA926),(TGW12)"
50.0,SIA957,-6.0748869105741505,106.70172089746802,9144.0,"(SIA926),(TGW266)"
50.0,SIA959,-6.1514971921770725,106.70198931701074,9144.0,"(SIA926),(TGW276)"
50.0,SJX731,25.098230230495368,121.24762006716453,9144.0,"(SIA926),(TGW284)"
50.0,SJX732,1.2782117469981045,104.031732891865,9144.0,"(SIA953),(TGW277)"
50.0,TGW12,1.2987040299571115,103.93030384670975,9144.0,"(SIA957),(SIA959)"
50.0,TGW139,29.08959401473176,113.55927029080267,9144.0,"(SIA957),(TGW275)"
50.0,TGW263,-7.385171832793524,112.90755603888599,9144.0,"(SIA959),(SIA957)"
50.0,TGW266,1.2727289174680485,104.00719659508854,9144.0,"(SIA959),(TGW275)"
50.0,TGW275,-6.098335253440538,106.71583690915057,9144.0,"(SIA959),(TGW277)"
50.0,TGW276,1.27126408849555,103.98138892448121,9144.0,"(SJX732),(SIA926)"
50.0,TGW277,-6.1477808619076155,106.62653721185747,9144.0,"(SJX732),(TGW266)"
50.0,TGW281,-8.736887896421155,115.24232749799171,9144.0,"(SJX732),(TGW276)"
50.0,TGW284,1.2989153868676357,104.04370371664609,9144.0,"(SJX732),(TGW284)"
60.0,SIA878,1.2899950315776156,103.94586746186489,9144.0
60.0,SIA883,22.32084759953792,113.84110759171406,9144.0
60.0,SIA912,1.4076105823708418,103.94957651705123,9144.0
60.0,SIA915,14.555486657237358,121.10424114251965,9144.0
60.0,SIA926,1.2662061362128558,103.97582656695889,9144.0
60.0,SIA939,-8.768252613906041,115.12247787634152,9144.0
60.0,SIA953,-6.098057504062382,106.56669854918341,9144.0
60.0,SIA957,-6.062216901820583,106.70769367177452,9144.0
60.0,SIA959,-6.154588897238743,106.71400311029336,9144.0
60.0,SJX731,25.11072272306689,121.24560323858799,9144.0
60.0,SJX732,1.26647865051604,104.0261729759138,9144.0
60.0,TGW12,1.285982587226121,103.92325014903616,9144.0
60.0,TGW139,29.087128297551203,113.51982507731219,9144.0
60.0,TGW263,-7.37740216726155,112.91795443835295,9144.0
60.0,TGW266,1.263673555892554,103.99645070586168,9144.0
60.0,TGW275,-6.085740044875449,106.72025699284085,9144.0
60.0,TGW276,1.2614564290105705,103.97332334662084,9144.0
60.0,TGW277,-6.1599129104903545,106.6287962026985,9144.0
60.0,TGW281,-8.726798685869785,115.24938562061425,9144.0
60.0,TGW284,1.2873379529484008,104.04162732322472,9144.0
60.0,SIA878,1.2899950315776156,103.94586746186489,9144.0,"(SIA878),(SIA926)"
60.0,SIA883,22.32084759953792,113.84110759171406,9144.0,"(SIA878),(TGW12)"
60.0,SIA912,1.4076105823708418,103.94957651705123,9144.0,"(SIA878),(TGW266)"
60.0,SIA915,14.555486657237358,121.10424114251965,9144.0,"(SIA878),(TGW276)"
60.0,SIA926,1.2662061362128558,103.97582656695889,9144.0,"(SIA926),(SIA878)"
60.0,SIA939,-8.768252613906041,115.12247787634152,9144.0,"(SIA926),(SJX732)"
60.0,SIA953,-6.098057504062382,106.56669854918341,9144.0,"(SIA926),(TGW12)"
60.0,SIA957,-6.062216901820583,106.70769367177452,9144.0,"(SIA926),(TGW266)"
60.0,SIA959,-6.154588897238743,106.71400311029336,9144.0,"(SIA926),(TGW276)"
60.0,SJX731,25.11072272306689,121.24560323858799,9144.0,"(SIA926),(TGW284)"
60.0,SJX732,1.26647865051604,104.0261729759138,9144.0,"(SIA953),(TGW277)"
60.0,TGW12,1.285982587226121,103.92325014903616,9144.0,"(SIA957),(SIA959)"
60.0,TGW139,29.087128297551203,113.51982507731219,9144.0,"(SIA957),(TGW275)"
60.0,TGW263,-7.37740216726155,112.91795443835295,9144.0,"(SIA959),(SIA957)"
60.0,TGW266,1.263673555892554,103.99645070586168,9144.0,"(SIA959),(TGW275)"
60.0,TGW275,-6.085740044875449,106.72025699284085,9144.0,"(SIA959),(TGW277)"
60.0,TGW276,1.2614564290105705,103.97332334662084,9144.0,"(SJX732),(SIA926)"
60.0,TGW277,-6.1599129104903545,106.6287962026985,9144.0,"(SJX732),(TGW266)"
60.0,TGW281,-8.726798685869785,115.24938562061425,9144.0,"(SJX732),(TGW276)"
60.0,TGW284,1.2873379529484008,104.04162732322472,9144.0,"(SJX732),(TGW284)"
70.0,SIA878,1.273850894697939,103.9464647070174,9144.0
70.0,SIA883,22.311981785964942,113.83139156394438,9144.0
70.0,SIA912,1.4038973108633308,103.93879425414758,9144.0
70.0,SIA915,14.55951792683539,121.1176876745194,9144.0
70.0,SIA926,1.2557210696864631,103.96828983610476,9144.0
70.0,SIA939,-8.779940909143317,115.1226720682437,9144.0
70.0,SIA953,-6.093614530017029,106.5494969997644,9144.0
70.0,SIA957,-6.047918220873113,106.71443380579272,9144.0
70.0,SIA959,-6.153602438944508,106.72637307525892,9144.0
70.0,SJX731,25.121973895142354,121.23927693203456,9144.0
70.0,SJX732,1.2565233751210219,104.01697327034029,9144.0
70.0,TGW12,1.2715419958475216,103.91988647606324,9144.0
70.0,TGW139,29.080587652689132,113.48099627935576,9144.0
70.0,TGW263,-7.366203764078269,112.92615115439109,9144.0
70.0,TGW266,1.2541395810150953,103.9846377769693,9144.0
70.0,TGW275,-6.072405028161368,106.7206253379636,9144.0
70.0,TGW276,1.2492998913267215,103.96856382322258,9144.0
70.0,TGW277,-6.170642414080966,106.63492338855868,9144.0
70.0,TGW281,-8.71435104712777,115.25311916886291,9144.0
70.0,TGW284,1.2771721246844372,104.03570959198056,9144.0
70.0,SIA878,1.273850894697939,103.9464647070174,9144.0,"(SIA878),(SIA926)"
70.0,SIA883,22.311981785964942,113.83139156394438,9144.0,"(SIA878),(TGW12)"
70.0,SIA912,1.4038973108633308,103.93879425414758,9144.0,"(SIA878),(TGW266)"
70.0,SIA915,14.55951792683539,121.1176876745194,9144.0,"(SIA878),(TGW276)"
70.0,SIA926,1.2557210696864631,103.96828983610476,9144.0,"(SIA926),(SIA878)"
70.0,SIA939,-8.779940909143317,115.1226720682437,9144.0,"(SIA926),(SJX732)"
70.0,SIA953,-6.093614530017029,106.5494969997644,9144.0,"(SIA926),(TGW12)"
70.0,SIA957,-6.047918220873113,106.71443380579272,9144.0,"(SIA926),(TGW266)"
70.0,SIA959,-6.153602438944508,106.72637307525892,9144.0,"(SIA926),(TGW276)"
70.0,SJX731,25.121973895142354,121.23927693203456,9144.0,"(SIA926),(TGW284)"
70.0,SJX732,1.2565233751210219,104.01697327034029,9144.0,"(SIA957),(TGW275)"
70.0,TGW12,1.2715419958475216,103.91988647606324,9144.0,"(SIA959),(TGW275)"
70.0,TGW139,29.080587652689132,113.48099627935576,9144.0,"(SJX732),(SIA926)"
70.0,TGW263,-7.366203764078269,112.92615115439109,9144.0,"(SJX732),(TGW266)"
70.0,TGW266,1.2541395810150953,103.9846377769693,9144.0,"(SJX732),(TGW276)"
70.0,TGW275,-6.072405028161368,106.7206253379636,9144.0,"(SJX732),(TGW284)"
70.0,TGW276,1.2492998913267215,103.96856382322258,9144.0,"(TGW12),(SIA878)"
70.0,TGW277,-6.170642414080966,106.63492338855868,9144.0,"(TGW12),(SIA926)"
70.0,TGW281,-8.71435104712777,115.25311916886291,9144.0,"(TGW12),(TGW266)"
70.0,TGW284,1.2771721246844372,104.03570959198056,9144.0,"(TGW12),(TGW276)"
80.0,SIA878,1.2579162236924981,103.9438040016958,9144.0
80.0,SIA883,22.29959623802091,113.82406015732514,9144.0
80.0,SIA912,1.3966185294459585,103.93001695948588,9144.0
80.0,SIA915,14.559455203924768,121.13161733862799,9144.0
80.0,SIA926,1.2437419677815458,103.96347073747995,9144.0
80.0,SIA939,-8.790847201443178,115.12692991989493,9144.0
80.0,SIA953,-6.084877243735566,106.53199826228678,9144.0
80.0,SIA957,-6.0342000400465405,106.72353097071975,9144.0
80.0,SIA959,-6.148646401807267,106.73773750291804,9144.0
80.0,SJX731,25.130800461429054,121.22930595018681,9144.0
80.0,SJX732,1.2497709984004677,104.00521858905638,9144.0
80.0,TGW12,1.2567324994207738,103.92060652377947,9144.0
80.0,TGW139,29.070064595606503,113.44333446037388,9144.0
80.0,TGW263,-7.353115774736993,112.93068179954685,9144.0
80.0,TGW266,1.2420230441943811,103.97609007160862,9144.0
80.0,TGW275,-6.057586594794064,106.72374013975596,9144.0
80.0,TGW276,1.2348139600489039,103.9672510814085,9144.0
80.0,TGW277,-6.178788321308229,106.64424441640578,9144.0
80.0,TGW281,-8.700229766921758,115.25307623841623,9144.0
80.0,TGW284,1.2696480663501437,104.02666664420673,9144.0
80.0,SIA878,1.2579162236924981,103.9438040016958,9144.0,"(SIA878),(SIA926)"
80.0,SIA883,22.29959623802091,113.82406015732514,9144.0,"(SIA878),(SJX732)"
80.0,SIA912,1.3966185294459585,103.93001695948588,9144.0,"(SIA878),(TGW12)"
80.0,SIA915,14.559455203924768,121.13161733862799,9144.0,"(SIA878),(TGW266)"
80.0,SIA926,1.2437419677815458,103.96347073747995,9144.0,"(SIA878),(TGW276)"
80.0,SIA939,-8.790847201443178,115.12692991989493,9144.0,"(SIA926),(SIA878)"
80.0,SIA953,-6.084877243735566,106.53199826228678,9144.0,"(SIA926),(SJX732)"
80.0,SIA957,-6.0342000400465405,106.72353097071975,9144.0,"(SIA926),(TGW12)"
80.0,SIA959,-6.148646401807267,106.73773750291804,9144.0,"(SIA926),(TGW266)"
80.0,SJX731,25.130800461429054,121.22930595018681,9144.0,"(SIA926),(TGW276)"
80.0,SJX732,1.2497709984004677,104.00521858905638,9144.0,"(SIA926),(TGW284)"
80.0,TGW12,1.2567324994207738,103.92060652377947,9144.0,"(SIA957),(TGW275)"
80.0,TGW139,29.070064595606503,113.44333446037388,9144.0,"(SIA959),(TGW275)"
80.0,TGW263,-7.353115774736993,112.93068179954685,9144.0,"(SJX732),(SIA878)"
80.0,TGW266,1.2420230441943811,103.97609007160862,9144.0,"(SJX732),(SIA926)"
80.0,TGW275,-6.057586594794064,106.72374013975596,9144.0,"(SJX732),(TGW266)"
80.0,TGW276,1.2348139600489039,103.9672510814085,9144.0,"(SJX732),(TGW276)"
80.0,TGW277,-6.178788321308229,106.64424441640578,9144.0,"(SJX732),(TGW284)"
80.0,TGW281,-8.700229766921758,115.25307623841623,9144.0,"(TGW12),(SIA878)"
80.0,TGW284,1.2696480663501437,104.02666664420673,9144.0,"(TGW12),(SIA926)"
90.0,SIA878,1.2402842492701862,103.94499277552713,9144.0
90.0,SIA883,22.286274623549804,113.81486415336053,9144.0
90.0,SIA912,1.386711148981695,103.92437441991704,9144.0
90.0,SIA915,14.55533232036671,121.14602857214217,9144.0
90.0,SIA926,1.2300941243431631,103.957980376241,9144.0
90.0,SIA939,-8.7996355402266,115.13473005128489,9144.0
90.0,SIA953,-6.072640871940908,106.51664081966223,9144.0
90.0,SIA957,-6.018980122639813,106.73362326928896,9144.0
90.0,SIA959,-6.1402663221985145,106.74684542446255,9144.0
90.0,SJX731,25.136274132322832,121.21673883463974,9144.0
90.0,SJX732,1.2446257268881915,103.99161056770362,9144.0
90.0,TGW12,1.2424678160416605,103.92536728063283,9144.0
90.0,TGW139,29.055707971791364,113.40737337850128,9144.0
90.0,TGW263,-7.339285701444842,112.93114937237823,9144.0
90.0,TGW266,1.226901789487353,103.97040217484833,9144.0
90.0,TGW275,-6.041007548051964,106.72722481076971,9144.0
90.0,TGW276,1.2186821293505397,103.96987604768303,9144.0
90.0,TGW277,-6.183453970474857,106.65573328007704,9144.0
90.0,TGW281,-8.686715287760633,115.24893344960498,9144.0
90.0,TGW284,1.2656762623173792,104.01559276440979,9144.0
90.0,SIA878,1.2402842492701862,103.94499277552713,9144.0,"(SIA878),(SIA926)"
90.0,SIA883,22.286274623549804,113.81486415336053,9144.0,"(SIA878),(SJX732)"
90.0,SIA912,1.386711148981695,103.92437441991704,9144.0,"(SIA878),(TGW12)"
90.0,SIA915,14.55533232036671,121.14602857214217,9144.0,"(SIA878),(TGW266)"
90.0,SIA926,1.2300941243431631,103.957980376241,9144.0,"(SIA878),(TGW276)"
90.0,SIA939,-8.7996355402266,115.13473005128489,9144.0,"(SIA926),(SIA878)"
90.0,SIA953,-6.072640871940908,106.51664081966223,9144.0,"(SIA926),(SJX732)"
90.0,SIA957,-6.018980122639813,106.73362326928896,9144.0,"(SIA926),(TGW12)"
90.0,SIA959,-6.1402663221985145,106.74684542446255,9144.0,"(SIA926),(TGW266)"
90.0,SJX731,25.136274132322832,121.21673883463974,9144.0,"(SIA926),(TGW276)"
90.0,SJX732,1.2446257268881915,103.99161056770362,9144.0,"(SIA926),(TGW284)"
90.0,TGW12,1.2424678160416605,103.92536728063283,9144.0,"(SIA957),(TGW275)"
90.0,TGW139,29.055707971791364,113.40737337850128,9144.0,"(SJX732),(SIA878)"
90.0,TGW263,-7.339285701444842,112.93114937237823,9144.0,"(SJX732),(SIA926)"
90.0,TGW266,1.226901789487353,103.97040217484833,9144.0,"(SJX732),(TGW266)"
90.0,TGW275,-6.041007548051964,106.72722481076971,9144.0,"(SJX732),(TGW276)"
90.0,TGW276,1.2186821293505397,103.96987604768303,9144.0,"(SJX732),(TGW284)"
90.0,TGW277,-6.183453970474857,106.65573328007704,9144.0,"(TGW12),(SIA878)"
90.0,TGW281,-8.686715287760633,115.24893344960498,9144.0,"(TGW12),(SIA926)"
90.0,TGW284,1.2656762623173792,104.01559276440979,9144.0,"(TGW12),(TGW266)"
100.0,SIA878,1.222912683970987,103.95025158941118,9144.0
100.0,SIA883,22.27260070677033,113.80542725352453,9144.0
100.0,SIA912,1.3754504285899296,103.92259290394338,9144.0
100.0,SIA915,14.547481620805224,121.15867878029076,9144.0
100.0,SIA926,1.2147775255858806,103.95181879703463,9144.0
100.0,SIA939,-8.805229410582413,115.1451170525287,9144.0
100.0,SIA953,-6.0572305604040535,106.50386760548169,9144.0
100.0,SIA957,-6.002566582008957,106.74303681522477,9144.0
100.0,SIA959,-6.1293846383680055,106.75269434389473,9144.0
100.0,SJX731,25.137819242086618,121.20289754016716,9144.0
100.0,SJX732,1.2388441054142065,103.97631987005698,9144.0
100.0,TGW12,1.2300187459252596,103.9338046260875,9144.0
100.0,TGW139,29.03772085138405,113.37362233335689,9144.0
100.0,TGW263,-7.325926109341775,112.92751312807609,9144.0
100.0,TGW266,1.210835827497883,103.96870634743973,9144.0
100.0,TGW275,-6.0235755105824795,106.73088853004414,9144.0
100.0,TGW276,1.2018878042746495,103.97674070372246,9144.0
100.0,TGW277,-6.184125789699417,106.66812527509087,9144.0
100.0,TGW281,-8.673164429786233,115.24048094135132,9144.0
100.0,TGW284,1.2657373395748306,104.00382798579888,9144.0
100.0,SIA878,1.222912683970987,103.95025158941118,9144.0,"(SIA878),(SIA926)"
100.0,SIA883,22.27260070677033,113.80542725352453,9144.0,"(SIA878),(SJX732)"
100.0,SIA912,1.3754504285899296,103.92259290394338,9144.0,"(SIA878),(TGW12)"
100.0,SIA915,14.547481620805224,121.15867878029076,9144.0,"(SIA878),(TGW266)"
100.0,SIA926,1.2147775255858806,103.95181879703463,9144.0,"(SIA878),(TGW276)"
100.0,SIA939,-8.805229410582413,115.1451170525287,9144.0,"(SIA878),(TGW284)"
100.0,SIA953,-6.0572305604040535,106.50386760548169,9144.0,"(SIA926),(SIA878)"
100.0,SIA957,-6.002566582008957,106.74303681522477,9144.0,"(SIA926),(SJX732)"
100.0,SIA959,-6.1293846383680055,106.75269434389473,9144.0,"(SIA926),(TGW12)"
100.0,SJX731,25.137819242086618,121.20289754016716,9144.0,"(SIA926),(TGW266)"
100.0,SJX732,1.2388441054142065,103.97631987005698,9144.0,"(SIA926),(TGW276)"
100.0,TGW12,1.2300187459252596,103.9338046260875,9144.0,"(SIA926),(TGW284)"
100.0,TGW139,29.03772085138405,113.37362233335689,9144.0,"(SIA957),(TGW275)"
100.0,TGW263,-7.325926109341775,112.92751312807609,9144.0,"(SJX732),(SIA878)"
100.0,TGW266,1.210835827497883,103.96870634743973,9144.0,"(SJX732),(SIA926)"
100.0,TGW275,-6.0235755105824795,106.73088853004414,9144.0,"(SJX732),(TGW12)"
100.0,TGW276,1.2018878042746495,103.97674070372246,9144.0,"(SJX732),(TGW266)"
100.0,TGW277,-6.184125789699417,106.66812527509087,9144.0,"(SJX732),(TGW276)"
100.0,TGW281,-8.673164429786233,115.24048094135132,9144.0,"(SJX732),(TGW284)"
100.0,TGW284,1.2657373395748306,104.00382798579888,9144.0,"(TGW12),(SIA878)"
110.0,SIA878,1.2065018109510997,103.95948315940025,9144.0
110.0,SIA883,22.261104094654275,113.79305684020386,9144.0
110.0,SIA912,1.3642858267246187,103.92490168740919,9144.0
110.0,SIA915,14.535512284776036,121.17017594221637,9144.0
110.0,SIA926,1.1982858692636793,103.94440290611563,9144.0
110.0,SIA939,-8.806943599412035,115.1568185191659,9144.0
110.0,SIA953,-6.039443218543424,106.49444652134973,9144.0
110.0,SIA957,-5.984098900275884,106.7489033921469,9144.0
110.0,SIA959,-6.117199152944789,106.7546405822359,9144.0
110.0,SJX731,25.135273291591712,121.18923819894006,9144.0
110.0,SJX732,1.2292016898361768,103.96233356471103,9144.0
110.0,TGW12,1.2203105761899722,103.94529142837467,9144.0
110.0,TGW139,29.01635765681093,113.34255888199928,9144.0
110.0,TGW263,-7.3132872059195355,112.91983383582024,9144.0
110.0,TGW266,1.194860665953092,103.9711118434042,9144.0
110.0,TGW275,-6.007440137200149,106.73846677020917,9144.0
110.0,TGW276,1.1869297767062659,103.98726099987576,9144.0
110.0,TGW277,-6.1807298284016525,106.68005625993825,9144.0
110.0,TGW281,-8.661688426906883,115.22848603545312,9144.0
110.0,TGW284,1.269823907179218,103.99279594406772,9144.0
110.0,SIA878,1.2065018109510997,103.95948315940025,9144.0,"(SIA878),(SIA926)"
110.0,SIA883,22.261104094654275,113.79305684020386,9144.0,"(SIA878),(SJX732)"
110.0,SIA912,1.3642858267246187,103.92490168740919,9144.0,"(SIA878),(TGW12)"
110.0,SIA915,14.535512284776036,121.17017594221637,9144.0,"(SIA878),(TGW266)"
110.0,SIA926,1.1982858692636793,103.94440290611563,9144.0,"(SIA878),(TGW276)"
110.0,SIA939,-8.806943599412035,115.1568185191659,9144.0,"(SIA878),(TGW284)"
110.0,SIA953,-6.039443218543424,106.49444652134973,9144.0,"(SIA926),(SIA878)"
110.0,SIA957,-5.984098900275884,106.7489033921469,9144.0,"(SIA926),(SJX732)"
110.0,SIA959,-6.117199152944789,106.7546405822359,9144.0,"(SIA926),(TGW12)"
110.0,SJX731,25.135273291591712,121.18923819894006,9144.0,"(SIA926),(TGW266)"
110.0,SJX732,1.2292016898361768,103.96233356471103,9144.0,"(SIA926),(TGW276)"
110.0,TGW12,1.2203105761899722,103.94529142837467,9144.0,"(SIA926),(TGW284)"
110.0,TGW139,29.01635765681093,113.34255888199928,9144.0,"(SIA957),(TGW275)"
110.0,TGW263,-7.3132872059195355,112.91983383582024,9144.0,"(SJX732),(SIA878)"
110.0,TGW266,1.194860665953092,103.9711118434042,9144.0,"(SJX732),(SIA926)"
110.0,TGW275,-6.007440137200149,106.73846677020917,9144.0,"(SJX732),(TGW12)"
110.0,TGW276,1.1869297767062659,103.98726099987576,9144.0,"(SJX732),(TGW266)"
110.0,TGW277,-6.1807298284016525,106.68005625993825,9144.0,"(SJX732),(TGW276)"
110.0,TGW281,-8.661688426906883,115.22848603545312,9144.0,"(SJX732),(TGW284)"
110.0,TGW284,1.269823907179218,103.99279594406772,9144.0,"(TGW12),(SIA878)"
120.0,SIA878,1.1924808105687246,103.97205220174457,9144.0
120.0,SIA883,22.246646891565106,113.78371090351152,9144.0
120.0,SIA912,1.354654429646298,103.93100355546625,9144.0
120.0,SIA915,14.520924232410676,121.17844558815587,9144.0
120.0,SIA926,1.180228655327965,103.94075568372105,9144.0
120.0,SIA939,-8.804568129621828,115.16840097434972,9144.0
120.0,SIA953,-6.020123568809454,106.48885556459344,9144.0
120.0,SIA957,-5.964554492541238,106.75080705700105,9144.0
120.0,SIA959,-6.105051184671761,106.75247008979044,9144.0
120.0,SJX731,25.128904038344302,121.17719770263577,9144.0
120.0,SJX732,1.2160446950616397,103.95043068788364,9144.0
120.0,TGW12,1.2140648743356452,103.95897392058816,9144.0
120.0,TGW139,28.991920564055416,113.31462203162936,9144.0
120.0,TGW263,-7.303231313839432,112.90894564768465,9144.0
120.0,TGW266,1.1781775105226306,103.97774739390958,9144.0
120.0,TGW275,-5.989303638642835,106.7440355871691,9144.0
120.0,TGW276,1.1741843543145083,104.00121399506514,9144.0
120.0,TGW277,-6.1736398974213165,106.69021287359188,9144.0
120.0,TGW281,-8.652211990088151,115.21264990302673,9144.0
120.0,TGW284,1.2774414506314467,103.9838316158332,9144.0
120.0,SIA878,1.1924808105687246,103.97205220174457,9144.0,"(SIA878),(SIA926)"
120.0,SIA883,22.246646891565106,113.78371090351152,9144.0,"(SIA878),(SJX732)"
120.0,SIA912,1.354654429646298,103.93100355546625,9144.0,"(SIA878),(TGW12)"
120.0,SIA915,14.520924232410676,121.17844558815587,9144.0,"(SIA878),(TGW266)"
120.0,SIA926,1.180228655327965,103.94075568372105,9144.0,"(SIA878),(TGW276)"
120.0,SIA939,-8.804568129621828,115.16840097434972,9144.0,"(SIA878),(TGW284)"
120.0,SIA953,-6.020123568809454,106.48885556459344,9144.0,"(SIA926),(SIA878)"
120.0,SIA957,-5.964554492541238,106.75080705700105,9144.0,"(SIA926),(SJX732)"
120.0,SIA959,-6.105051184671761,106.75247008979044,9144.0,"(SIA926),(TGW12)"
120.0,SJX731,25.128904038344302,121.17719770263577,9144.0,"(SIA926),(TGW266)"
120.0,SJX732,1.2160446950616397,103.95043068788364,9144.0,"(SIA926),(TGW276)"
120.0,TGW12,1.2140648743356452,103.95897392058816,9144.0,"(SIA957),(TGW275)"
120.0,TGW139,28.991920564055416,113.31462203162936,9144.0,"(SJX732),(SIA878)"
120.0,TGW263,-7.303231313839432,112.90894564768465,9144.0,"(SJX732),(SIA926)"
120.0,TGW266,1.1781775105226306,103.97774739390958,9144.0,"(SJX732),(TGW12)"
120.0,TGW275,-5.989303638642835,106.7440355871691,9144.0,"(SJX732),(TGW266)"
120.0,TGW276,1.1741843543145083,104.00121399506514,9144.0,"(SJX732),(TGW276)"
120.0,TGW277,-6.1736398974213165,106.69021287359188,9144.0,"(SJX732),(TGW284)"
120.0,TGW281,-8.652211990088151,115.21264990302673,9144.0,"(TGW12),(SIA878)"
120.0,TGW284,1.2774414506314467,103.9838316158332,9144.0,"(TGW12),(SIA926)"
130.0,SIA878,1.1811063710082097,103.98773099329397,9144.0
130.0,SIA883,22.229196877600113,113.77756568718846,9144.0
130.0,SIA912,1.3477959724192345,103.94011307078442,9144.0
130.0,SIA915,14.503197621982666,121.18368820723272,9144.0
130.0,SIA926,1.1614718214825688,103.94113004767998,9144.0
130.0,SIA939,-8.798393980964985,115.17844554946141,9144.0
130.0,SIA953,-5.999685557826878,106.48721540669929,9144.0
130.0,SIA957,-5.944771314090995,106.74860929005587,9144.0
130.0,SIA959,-6.094277922587096,106.7464219494783,9144.0
130.0,SJX731,25.119381336439822,121.16804235103733,9144.0
130.0,SJX732,1.2004012294072888,103.94177602331166,9144.0
130.0,TGW12,1.2117458571605733,103.97383515439265,9144.0
130.0,TGW139,28.9647552284693,113.29020600824143,9144.0
130.0,TGW263,-7.295274986597136,112.89430911974729,9144.0
130.0,TGW266,1.1633796946962958,103.9880213474756,9144.0
130.0,TGW275,-5.970400254454736,106.74555003255978,9144.0
130.0,TGW276,1.1606119329038869,104.01436353616309,9144.0
130.0,TGW277,-6.163636421745966,106.69747714831728,9144.0
130.0,TGW281,-8.64618428785222,115.19460760694503,9144.0
130.0,TGW284,1.287968587217085,103.97767515962448,9144.0
130.0,SIA878,1.1811063710082097,103.98773099329397,9144.0,"(SIA878),(SIA926)"
130.0,SIA883,22.229196877600113,113.77756568718846,9144.0,"(SIA878),(SJX732)"
130.0,SIA912,1.3477959724192345,103.94011307078442,9144.0,"(SIA878),(TGW12)"
130.0,SIA915,14.503197621982666,121.18368820723272,9144.0,"(SIA878),(TGW266)"
130.0,SIA926,1.1614718214825688,103.94113004767998,9144.0,"(SIA878),(TGW276)"
130.0,SIA939,-8.798393980964985,115.17844554946141,9144.0,"(SIA926),(SIA878)"
130.0,SIA953,-5.999685557826878,106.48721540669929,9144.0,"(SIA926),(SJX732)"
130.0,SIA957,-5.944771314090995,106.74860929005587,9144.0,"(SIA926),(TGW12)"
130.0,SIA959,-6.094277922587096,106.7464219494783,9144.0,"(SIA926),(TGW266)"
130.0,SJX731,25.119381336439822,121.16804235103733,9144.0,"(SIA926),(TGW276)"
130.0,SJX732,1.2004012294072888,103.94177602331166,9144.0,"(SIA957),(TGW275)"
130.0,TGW12,1.2117458571605733,103.97383515439265,9144.0,"(SJX732),(SIA878)"
130.0,TGW139,28.9647552284693,113.29020600824143,9144.0,"(SJX732),(SIA926)"
130.0,TGW263,-7.295274986597136,112.89430911974729,9144.0,"(SJX732),(TGW12)"
130.0,TGW266,1.1633796946962958,103.9880213474756,9144.0,"(SJX732),(TGW266)"
130.0,TGW275,-5.970400254454736,106.74555003255978,9144.0,"(SJX732),(TGW276)"
130.0,TGW276,1.1606119329038869,104.01436353616309,9144.0,"(SJX732),(TGW284)"
130.0,TGW277,-6.163636421745966,106.69747714831728,9144.0,"(TGW12),(SIA878)"
130.0,TGW281,-8.64618428785222,115.19460760694503,9144.0,"(TGW12),(SIA926)"
130.0,TGW284,1.287968587217085,103.97767515962448,9144.0,"(TGW12),(SJX732)"
140.0,SIA878,1.1730505193135512,104.0057888576113,9144.0
140.0,SIA883,22.210919113660836,113.77576301544497,9144.0
140.0,SIA912,1.3445932625782058,103.95105767677626,9144.0
140.0,SIA915,14.48447042311302,121.1848433730968,9144.0
140.0,SIA926,1.1421451884736014,103.94560053131326,9144.0
140.0,SIA939,-8.789177446895444,115.18572186090984,9144.0
140.0,SIA953,-5.979543768694749,106.48336282015629,9144.0
140.0,SIA957,-5.925316869291601,106.74231636167504,9144.0
140.0,SIA959,-6.086065234783401,106.73716200906331,9144.0
140.0,SJX731,25.107706688035993,121.16273458063779,9144.0
140.0,SJX732,1.183196858068393,103.93691721314836,9144.0
140.0,TGW12,1.2079270665170323,103.98852827848151,9144.0
140.0,TGW139,28.93524589558139,113.26965469048069,9144.0
140.0,TGW263,-7.288903969515096,112.87798780124136,9144.0
140.0,TGW266,1.1512906172445736,104.00137845027888,9144.0
140.0,TGW275,-5.951134934766817,106.74297639573501,9144.0
140.0,TGW276,1.143197617080802,104.02554611673919,9144.0
140.0,TGW277,-6.151820535138553,106.70104958038925,9144.0
140.0,TGW281,-8.639836956621087,115.17524210569702,9144.0
140.0,TGW284,1.299807168349152,103.97542483521562,9144.0
140.0,SIA878,1.1730505193135512,104.0057888576113,9144.0,"(SIA878),(SIA926)"
140.0,SIA883,22.210919113660836,113.77576301544497,9144.0,"(SIA878),(SJX732)"
140.0,SIA912,1.3445932625782058,103.95105767677626,9144.0,"(SIA878),(TGW12)"
140.0,SIA915,14.48447042311302,121.1848433730968,9144.0,"(SIA878),(TGW266)"
140.0,SIA926,1.1421451884736014,103.94560053131326,9144.0,"(SIA878),(TGW276)"
140.0,SIA939,-8.789177446895444,115.18572186090984,9144.0,"(SIA912),(TGW284)"
140.0,SIA953,-5.979543768694749,106.48336282015629,9144.0,"(SIA926),(SIA878)"
140.0,SIA957,-5.925316869291601,106.74231636167504,9144.0,"(SIA926),(SJX732)"
140.0,SIA959,-6.086065234783401,106.73716200906331,9144.0,"(SIA926),(TGW12)"
140.0,SJX731,25.107706688035993,121.16273458063779,9144.0,"(SIA926),(TGW266)"
140.0,SJX732,1.183196858068393,103.93691721314836,9144.0,"(SIA926),(TGW276)"
140.0,TGW12,1.2079270665170323,103.98852827848151,9144.0,"(SIA957),(TGW275)"
140.0,TGW139,28.93524589558139,113.26965469048069,9144.0,"(SJX732),(SIA878)"
140.0,TGW263,-7.288903969515096,112.87798780124136,9144.0,"(SJX732),(SIA926)"
140.0,TGW266,1.1512906172445736,104.00137845027888,9144.0,"(SJX732),(TGW12)"
140.0,TGW275,-5.951134934766817,106.74297639573501,9144.0,"(SJX732),(TGW266)"
140.0,TGW276,1.143197617080802,104.02554611673919,9144.0,"(SJX732),(TGW276)"
140.0,TGW277,-6.151820535138553,106.70104958038925,9144.0,"(TGW12),(SIA878)"
140.0,TGW281,-8.639836956621087,115.17524210569702,9144.0,"(TGW12),(SIA926)"
140.0,TGW284,1.299807168349152,103.97542483521562,9144.0,"(TGW12),(SJX732)"
150.0,SIA878,1.1688969204577468,104.02512146467066,9144.0
150.0,SIA883,22.192243435062583,113.77834598517981,9144.0
150.0,SIA912,1.3454585468261884,103.96242862062869,9144.0
150.0,SIA915,14.464781415891586,121.18183325015411,9144.0
150.0,SIA926,1.1241524148151818,103.95395415223472,9144.0
150.0,SIA939,-8.77804749348969,115.18933874878279,9144.0
150.0,SIA953,-5.95888178197425,106.47941103514039,9144.0
150.0,SIA957,-5.906609127740635,106.73194875381381,9144.0
150.0,SIA959,-6.081317133837776,106.7257095662329,9144.0
150.0,SJX731,25.09510791541312,121.16183182806209,9144.0
150.0,SJX732,1.1645992269920549,103.93590450888232,9144.0
150.0,TGW12,1.200111362153513,104.0024312502281,9144.0
150.0,TGW139,28.903809966059693,113.2532567867106,9144.0
150.0,TGW263,-7.28187354227063,112.85997972373076,9144.0
150.0,TGW266,1.1425376522473574,104.01712551849899,9144.0
150.0,TGW275,-5.932024908901361,106.73628124247077,9144.0
150.0,TGW276,1.123836626870786,104.03656829240603,9144.0
150.0,TGW277,-6.139492872708803,106.70053710742343,9144.0
150.0,TGW281,-8.629744497713187,115.157578149995,9144.0
150.0,TGW284,1.3103590152230589,103.96931079525999,9144.0
150.0,SIA878,1.1688969204577468,104.02512146467066,9144.0,"(SIA878),(SIA926)"
150.0,SIA883,22.192243435062583,113.77834598517981,9144.0,"(SIA878),(SJX732)"
150.0,SIA912,1.3454585468261884,103.96242862062869,9144.0,"(SIA878),(TGW12)"
150.0,SIA915,14.464781415891586,121.18183325015411,9144.0,"(SIA878),(TGW266)"
150.0,SIA926,1.1241524148151818,103.95395415223472,9144.0,"(SIA878),(TGW276)"
150.0,SIA939,-8.77804749348969,115.18933874878279,9144.0,"(SIA912),(TGW284)"
150.0,SIA953,-5.95888178197425,106.47941103514039,9144.0,"(SIA926),(SIA878)"
150.0,SIA957,-5.906609127740635,106.73194875381381,9144.0,"(SIA926),(SJX732)"
150.0,SIA959,-6.081317133837776,106.7257095662329,9144.0,"(SIA926),(TGW12)"
150.0,SJX731,25.09510791541312,121.16183182806209,9144.0,"(SIA926),(TGW266)"
150.0,SJX732,1.1645992269920549,103.93590450888232,9144.0,"(SIA926),(TGW276)"
150.0,TGW12,1.200111362153513,104.0024312502281,9144.0,"(SIA957),(TGW275)"
150.0,TGW139,28.903809966059693,113.2532567867106,9144.0,"(SIA959),(TGW277)"
150.0,TGW263,-7.28187354227063,112.85997972373076,9144.0,"(SJX732),(SIA878)"
150.0,TGW266,1.1425376522473574,104.01712551849899,9144.0,"(SJX732),(SIA926)"
150.0,TGW275,-5.932024908901361,106.73628124247077,9144.0,"(SJX732),(TGW12)"
150.0,TGW276,1.123836626870786,104.03656829240603,9144.0,"(SJX732),(TGW266)"
150.0,TGW277,-6.139492872708803,106.70053710742343,9144.0,"(TGW12),(SIA878)"
150.0,TGW281,-8.629744497713187,115.157578149995,9144.0,"(TGW12),(SIA926)"
150.0,TGW284,1.3103590152230589,103.96931079525999,9144.0,"(TGW12),(SJX732)"
160.0,SIA878,1.168824663120024,104.04489528620994,9144.0
160.0,SIA883,22.173575117421734,113.78537259466141,9144.0
160.0,SIA912,1.3497238821067707,103.97300428914689,9144.0
160.0,SIA915,14.446109171388303,121.17471621888528,9144.0
160.0,SIA926,1.10752553605243,103.96617845231239,9144.0
160.0,SIA939,-8.766383994599947,115.19013279944993,9144.0
160.0,SIA953,-5.938219766506635,106.47545955055111,9144.0
160.0,SIA957,-5.8902201024872065,106.71817462774246,9144.0
160.0,SIA959,-6.0805562675209375,106.71332518571353,9144.0
160.0,SJX731,25.082910030956658,121.16542813054662,9144.0
160.0,SJX732,1.146231366039187,103.93899036735971,9144.0
160.0,TGW12,1.1880939290561396,104.0154906217919,9144.0
160.0,TGW139,28.87089209170409,113.241241820997,9144.0
160.0,TGW263,-7.270763979339566,112.84276736147517,9144.0
160.0,TGW266,1.136559229288022,104.03433784088075,9144.0
160.0,TGW275,-5.914652111695212,106.72584661328055,9144.0
160.0,TGW276,1.104475532784642,104.04759021310288,9144.0
160.0,TGW277,-6.128010403350351,106.69599632049896,9144.0
160.0,TGW281,-8.615883203221603,115.14157892103385,9144.0
160.0,TGW284,1.3184893033805338,103.9599324378307,9144.0
160.0,SIA878,1.168824663120024,104.04489528620994,9144.0,"(SIA878),(TGW12)"
160.0,SIA883,22.173575117421734,113.78537259466141,9144.0,"(SIA878),(TGW266)"
160.0,SIA912,1.3497238821067707,103.97300428914689,9144.0,"(SIA878),(TGW276)"
160.0,SIA915,14.446109171388303,121.17471621888528,9144.0,"(SIA912),(TGW284)"
160.0,SIA926,1.10752553605243,103.96617845231239,9144.0,"(SIA926),(SJX732)"
160.0,SIA939,-8.766383994599947,115.19013279944993,9144.0,"(SIA926),(TGW266)"
160.0,SIA953,-5.938219766506635,106.47545955055111,9144.0,"(SIA926),(TGW276)"
160.0,SIA957,-5.8902201024872065,106.71817462774246,9144.0,"(SIA957),(TGW275)"
160.0,SIA959,-6.0805562675209375,106.71332518571353,9144.0,"(SIA959),(TGW277)"
160.0,SJX731,25.082910030956658,121.16542813054662,9144.0,"(SJX732),(SIA926)"
160.0,SJX732,1.146231366039187,103.93899036735971,9144.0,"(SJX732),(TGW12)"
160.0,TGW12,1.1880939290561396,104.0154906217919,9144.0,"(TGW12),(SIA878)"
160.0,TGW139,28.87089209170409,113.241241820997,9144.0,"(TGW12),(SJX732)"
160.0,TGW263,-7.270763979339566,112.84276736147517,9144.0,"(TGW12),(TGW266)"
160.0,TGW266,1.136559229288022,104.03433784088075,9144.0,"(TGW266),(SIA878)"
160.0,TGW275,-5.914652111695212,106.72584661328055,9144.0,"(TGW266),(SIA926)"
160.0,TGW276,1.104475532784642,104.04759021310288,9144.0,"(TGW266),(TGW12)"
160.0,TGW277,-6.128010403350351,106.69599632049896,9144.0,"(TGW266),(TGW276)"
160.0,TGW281,-8.615883203221603,115.14157892103385,9144.0,"(TGW275),(SIA957)"
160.0,TGW284,1.3184893033805338,103.9599324378307,9144.0,"(TGW276),(SIA878)"
170.0,SIA878,1.1728348814338927,104.06609212145146,9144.0
170.0,SIA883,22.15436011444178,113.79039415877887,9144.0
170.0,SIA912,1.3499830234262948,103.98440520076124,9144.0
170.0,SIA915,14.428801756135964,121.16362410407108,9144.0
170.0,SIA926,1.0937562122635294,103.9813726243243,9144.0
170.0,SIA939,-8.755705273067155,115.19494471258422,9144.0
170.0,SIA953,-5.918715083659865,106.46754759965702,9144.0
170.0,SIA957,-5.875354446133982,106.70032075370668,9144.0
170.0,SIA959,-6.08386638828231,106.70137198986417,9144.0
170.0,SJX731,25.072395885660505,121.1731445124711,9144.0
170.0,SJX732,1.1289851611118356,103.94602490034589,9144.0
170.0,TGW12,1.17330686930939,104.02553918211957,9144.0
170.0,TGW139,28.836957885979906,113.23377698065676,9144.0
170.0,TGW263,-7.2559396440746715,112.82735465828618,9144.0
170.0,TGW266,1.1262867757356325,104.0514669405423,9144.0
170.0,TGW275,-5.899267279071298,106.71182161987822,9144.0
170.0,TGW276,1.0858613709580074,104.05983179637315,9144.0
170.0,TGW277,-6.11600751900539,106.69312310610803,9144.0
170.0,TGW281,-8.600851877006058,115.1267001995067,9144.0
170.0,TGW284,1.323126749716099,103.9484183862449,9144.0
170.0,SIA878,1.1728348814338927,104.06609212145146,9144.0,"(SIA878),(TGW12)"
170.0,SIA883,22.15436011444178,113.79039415877887,9144.0,"(SIA878),(TGW266)"
170.0,SIA912,1.3499830234262948,103.98440520076124,9144.0,"(SIA878),(TGW276)"
170.0,SIA915,14.428801756135964,121.16362410407108,9144.0,"(SIA912),(TGW284)"
170.0,SIA926,1.0937562122635294,103.9813726243243,9144.0,"(SIA926),(SJX732)"
170.0,SIA939,-8.755705273067155,115.19494471258422,9144.0,"(SIA926),(TGW266)"
170.0,SIA953,-5.918715083659865,106.46754759965702,9144.0,"(SIA926),(TGW276)"
170.0,SIA957,-5.875354446133982,106.70032075370668,9144.0,"(SIA957),(TGW275)"
170.0,SIA959,-6.08386638828231,106.70137198986417,9144.0,"(SIA959),(TGW277)"
170.0,SJX731,25.072395885660505,121.1731445124711,9144.0,"(SJX732),(SIA926)"
170.0,SJX732,1.1289851611118356,103.94602490034589,9144.0,"(TGW12),(SIA878)"
170.0,TGW12,1.17330686930939,104.02553918211957,9144.0,"(TGW12),(TGW266)"
170.0,TGW139,28.836957885979906,113.23377698065676,9144.0,"(TGW266),(SIA878)"
170.0,TGW263,-7.2559396440746715,112.82735465828618,9144.0,"(TGW266),(SIA926)"
170.0,TGW266,1.1262867757356325,104.0514669405423,9144.0,"(TGW266),(TGW12)"
170.0,TGW275,-5.899267279071298,106.71182161987822,9144.0,"(TGW266),(TGW276)"
170.0,TGW276,1.0858613709580074,104.05983179637315,9144.0,"(TGW275),(SIA957)"
170.0,TGW277,-6.11600751900539,106.69312310610803,9144.0,"(TGW276),(SIA878)"
170.0,TGW281,-8.600851877006058,115.1267001995067,9144.0,"(TGW276),(SIA926)"
170.0,TGW284,1.323126749716099,103.9484183862449,9144.0,"(TGW276),(TGW266)"
180.0,SIA878,1.1781975091744412,104.0887180905324,9144.0
180.0,SIA883,22.133396776277976,113.7958710043475,9144.0
180.0,SIA912,1.3462008111039925,103.99493252042993,9144.0
180.0,SIA915,14.411337625045922,121.15240353341366,9144.0
180.0,SIA926,1.0832896740676643,103.99900599432,9144.0
180.0,SIA939,-8.74704200002036,115.20331430627309,9144.0
180.0,SIA953,-5.9006762921153175,106.45579939004405,9144.0
180.0,SIA957,-5.863552082299907,106.67973774339563,9144.0
180.0,SIA959,-6.0883858277757055,106.68982620553237,9144.0
180.0,SJX731,25.060198001204043,121.17674014809303,9144.0
180.0,SJX732,1.1128053558712057,103.95703398562378,9144.0
180.0,TGW12,1.1561554158717087,104.03226269400878,9144.0
180.0,TGW139,28.802487338055023,113.23096486447183,9144.0
180.0,TGW263,-7.238456644816936,112.81509688522293,9144.0
180.0,TGW266,1.1124486638339524,104.06659856253646,9144.0
180.0,TGW275,-5.886927611418781,106.69502831922163,9144.0
180.0,TGW276,1.0681045321109353,104.07581542146141,9144.0
180.0,TGW277,-6.104074539218454,106.69026675807407,9144.0
180.0,TGW281,-8.584534397315638,115.11055052276362,9144.0
180.0,TGW284,1.3237667250750491,103.93602156981454,9144.0
180.0,SIA878,1.1781975091744412,104.0887180905324,9144.0,"(SIA878),(TGW12)"
180.0,SIA883,22.133396776277976,113.7958710043475,9144.0,"(SIA878),(TGW266)"
180.0,SIA912,1.3462008111039925,103.99493252042993,9144.0,"(SIA912),(TGW284)"
180.0,SIA915,14.411337625045922,121.15240353341366,9144.0,"(SIA926),(SJX732)"
180.0,SIA926,1.0832896740676643,103.99900599432,9144.0,"(SIA926),(TGW266)"
180.0,SIA939,-8.74704200002036,115.20331430627309,9144.0,"(SIA926),(TGW276)"
180.0,SIA953,-5.9006762921153175,106.45579939004405,9144.0,"(SIA957),(TGW275)"
180.0,SIA957,-5.863552082299907,106.67973774339563,9144.0,"(SIA959),(TGW277)"
180.0,SIA959,-6.0883858277757055,106.68982620553237,9144.0,"(SJX732),(SIA926)"
180.0,SJX731,25.060198001204043,121.17674014809303,9144.0,"(TGW12),(SIA878)"
180.0,SJX732,1.1128053558712057,103.95703398562378,9144.0,"(TGW12),(TGW266)"
180.0,TGW12,1.1561554158717087,104.03226269400878,9144.0,"(TGW266),(SIA878)"
180.0,TGW139,28.802487338055023,113.23096486447183,9144.0,"(TGW266),(SIA926)"
180.0,TGW263,-7.238456644816936,112.81509688522293,9144.0,"(TGW266),(TGW12)"
180.0,TGW266,1.1124486638339524,104.06659856253646,9144.0,"(TGW266),(TGW276)"
180.0,TGW275,-5.886927611418781,106.69502831922163,9144.0,"(TGW275),(SIA957)"
180.0,TGW276,1.0681045321109353,104.07581542146141,9144.0,"(TGW276),(SIA926)"
180.0,TGW277,-6.104074539218454,106.69026675807407,9144.0,"(TGW276),(TGW266)"
180.0,TGW281,-8.584534397315638,115.11055052276362,9144.0,"(TGW277),(SIA959)"
180.0,TGW284,1.3237667250750491,103.93602156981454,9144.0,"(TGW284),(SIA912)"
190.0,SIA878,1.1807708933301704,104.11182826789214,9144.0
190.0,SIA883,22.111680840168617,113.80154265933058,9144.0
190.0,SIA912,1.3388879101035218,104.00339591256663,9144.0
190.0,SIA915,14.392063045417569,121.14498827044314,9144.0
190.0,SIA926,1.0765456110205136,104.01837150531232,9144.0
190.0,SIA939,-8.741668943689138,115.21414586115962,9144.0
190.0,SIA953,-5.882800609288599,106.44380223632928,9144.0
190.0,SIA957,-5.8545646550309645,106.65582199954737,9144.0
190.0,SIA959,-6.088900299505526,106.67742880842472,9144.0
190.0,SJX731,25.046078514784462,121.17648733688483,9144.0
190.0,SJX732,1.0987707669344868,103.97152383305495,9144.0
190.0,TGW12,1.1365284275884802,104.03556998164365,9144.0
190.0,TGW139,28.76796802349698,113.23284215690427,9144.0
190.0,TGW263,-7.220004702645538,112.80437946882537,9144.0
190.0,TGW266,1.0958737499393183,104.07866912774678,9144.0
190.0,TGW275,-5.878035556634183,106.67601383142457,9144.0
190.0,TGW276,1.0534439682532384,104.0945180401775,9144.0
190.0,TGW277,-6.091871490094557,106.69151803920934,9144.0
190.0,TGW281,-8.568194421556836,115.09438131655268,9144.0
190.0,TGW284,1.3203395897891164,103.92409098207997,9144.0
190.0,SIA878,1.1807708933301704,104.11182826789214,9144.0,"(SIA878),(TGW12)"
190.0,SIA883,22.111680840168617,113.80154265933058,9144.0,"(SIA878),(TGW266)"
190.0,SIA912,1.3388879101035218,104.00339591256663,9144.0,"(SIA912),(TGW284)"
190.0,SIA915,14.392063045417569,121.14498827044314,9144.0,"(SIA926),(SJX732)"
190.0,SIA926,1.0765456110205136,104.01837150531232,9144.0,"(SIA926),(TGW12)"
190.0,SIA939,-8.741668943689138,115.21414586115962,9144.0,"(SIA926),(TGW266)"
190.0,SIA953,-5.882800609288599,106.44380223632928,9144.0,"(SIA926),(TGW276)"
190.0,SIA957,-5.8545646550309645,106.65582199954737,9144.0,"(SIA957),(TGW275)"
190.0,SIA959,-6.088900299505526,106.67742880842472,9144.0,"(SIA959),(TGW277)"
190.0,SJX731,25.046078514784462,121.17648733688483,9144.0,"(SJX732),(SIA926)"
190.0,SJX732,1.0987707669344868,103.97152383305495,9144.0,"(TGW12),(SIA878)"
190.0,TGW12,1.1365284275884802,104.03556998164365,9144.0,"(TGW12),(SIA926)"
190.0,TGW139,28.76796802349698,113.23284215690427,9144.0,"(TGW12),(TGW266)"
190.0,TGW263,-7.220004702645538,112.80437946882537,9144.0,"(TGW266),(SIA878)"
190.0,TGW266,1.0958737499393183,104.07866912774678,9144.0,"(TGW266),(SIA926)"
190.0,TGW275,-5.878035556634183,106.67601383142457,9144.0,"(TGW266),(TGW12)"
190.0,TGW276,1.0534439682532384,104.0945180401775,9144.0,"(TGW266),(TGW276)"
190.0,TGW277,-6.091871490094557,106.69151803920934,9144.0,"(TGW275),(SIA957)"
190.0,TGW281,-8.568194421556836,115.09438131655268,9144.0,"(TGW276),(SIA926)"
190.0,TGW284,1.3203395897891164,103.92409098207997,9144.0,"(TGW276),(TGW266)"
200.0,SIA878,1.1874432406342106,104.13477164754264,9144.0
200.0,SIA883,22.089457102586483,113.80402657089104,9144.0
200.0,SIA912,1.3290221404198561,104.00866373348602,9144.0
200.0,SIA915,14.371547671655849,121.14123948327305,9144.0
200.0,SIA926,1.0737282200064548,104.0388844255026,9144.0
200.0,SIA939,-8.740213250576584,115.22617518510144,9144.0
200.0,SIA953,-5.863733170860182,106.43100634814888,9144.0
200.0,SIA957,-5.849023244568643,106.62942382980957,9144.0
200.0,SIA959,-6.085413767747047,106.66365102061998,9144.0
200.0,SJX731,25.032619332653006,121.17177080238089,9144.0
200.0,SJX732,1.0879130658045955,103.98860466715122,9144.0
200.0,TGW12,1.1175946235964718,104.0417082156935,9144.0
200.0,TGW139,28.73388820766272,113.2393792399075,9144.0
200.0,TGW263,-7.20092792005054,112.7933002600344,9144.0
200.0,TGW266,1.077281520670817,104.0871549284044,9144.0
200.0,TGW275,-5.873012877026525,106.65561885054002,9144.0
200.0,TGW276,1.038621643653616,104.11421967389377,9144.0
200.0,TGW277,-6.0806819658636355,106.69674605263761,9144.0
200.0,TGW281,-8.552716607279654,115.07736736667012,9144.0
200.0,TGW284,1.3132182715985394,103.91392487585085,9144.0
200.0,SIA878,1.1874432406342106,104.13477164754264,9144.0,"(SIA912),(TGW284)"
200.0,SIA883,22.089457102586483,113.80402657089104,9144.0,"(SIA926),(SJX732)"
200.0,SIA912,1.3290221404198561,104.00866373348602,9144.0,"(SIA926),(TGW12)"
200.0,SIA915,14.371547671655849,121.14123948327305,9144.0,"(SIA926),(TGW266)"
200.0,SIA926,1.0737282200064548,104.0388844255026,9144.0,"(SIA926),(TGW276)"
200.0,SIA939,-8.740213250576584,115.22617518510144,9144.0,"(SIA957),(TGW275)"
200.0,SIA953,-5.863733170860182,106.43100634814888,9144.0,"(SIA959),(TGW277)"
200.0,SIA957,-5.849023244568643,106.62942382980957,9144.0,"(SJX732),(SIA926)"
200.0,SIA959,-6.085413767747047,106.66365102061998,9144.0,"(SJX732),(TGW12)"
200.0,SJX731,25.032619332653006,121.17177080238089,9144.0,"(TGW12),(SIA926)"
200.0,SJX732,1.0879130658045955,103.98860466715122,9144.0,"(TGW12),(SJX732)"
200.0,TGW12,1.1175946235964718,104.0417082156935,9144.0,"(TGW12),(TGW266)"
200.0,TGW139,28.73388820766272,113.2393792399075,9144.0,"(TGW266),(SIA926)"
200.0,TGW263,-7.20092792005054,112.7933002600344,9144.0,"(TGW266),(TGW12)"
200.0,TGW266,1.077281520670817,104.0871549284044,9144.0,"(TGW266),(TGW276)"
200.0,TGW275,-5.873012877026525,106.65561885054002,9144.0,"(TGW275),(SIA957)"
200.0,TGW276,1.038621643653616,104.11421967389377,9144.0,"(TGW276),(SIA926)"
200.0,TGW277,-6.0806819658636355,106.69674605263761,9144.0,"(TGW276),(TGW266)"
200.0,TGW281,-8.552716607279654,115.07736736667012,9144.0,"(TGW277),(SIA959)"
200.0,TGW284,1.3132182715985394,103.91392487585085,9144.0,"(TGW284),(SIA912)"
210.0,SIA878,1.1980733855560013,104.1566669720347,9144.0
210.0,SIA883,22.066022812124526,113.81028440402827,9144.0
210.0,SIA912,1.3178540344759084,104.01006695897469,9144.0
210.0,SIA915,14.351032238129289,121.13749138828682,9144.0
210.0,SIA926,1.0668906831759584,104.05863817940912,9144.0
210.0,SIA939,-8.741510586675311,115.23836966159823,9144.0
210.0,SIA953,-5.844665228945082,106.4182116547655,9144.0
210.0,SIA957,-5.84647286031467,106.60225571218372,9144.0
210.0,SIA959,-6.077980701949713,106.65083111828396,9144.0
210.0,SJX731,25.019180076480446,121.16235289580189,9144.0
210.0,SJX732,1.0807254460829574,104.00752568384831,9144.0
210.0,TGW12,1.0997872200597545,104.05173756184422,9144.0
210.0,TGW139,28.70072993933148,113.25048074044001,9144.0
210.0,TGW263,-7.181850653409036,112.78222236346241,9144.0
210.0,TGW266,1.057490179161107,104.0922506122647,9144.0
210.0,TGW275,-5.872053411257431,106.63463033813618,9144.0
210.0,TGW276,1.0242656080043688,104.13426364468476,9144.0
210.0,TGW277,-6.068788363248802,106.70004679147256,9144.0
210.0,TGW281,-8.536019958542036,115.05901663546749,9144.0
210.0,TGW284,1.3031776850832104,103.90662948299382,9144.0
210.0,SIA878,1.1980733855560013,104.1566669720347,9144.0,"(SIA926),(SJX732)"
210.0,SIA883,22.066022812124526,113.81028440402827,9144.0,"(SIA926),(TGW12)"
210.0,SIA912,1.3178540344759084,104.01006695897469,9144.0,"(SIA926),(TGW266)"
210.0,SIA915,14.351032238129289,121.13749138828682,9144.0,"(SIA926),(TGW276)"
210.0,SIA926,1.0668906831759584,104.05863817940912,9144.0,"(SIA957),(TGW275)"
210.0,SIA939,-8.741510586675311,115.23836966159823,9144.0,"(SIA959),(TGW277)"
210.0,SIA953,-5.844665228945082,106.4182116547655,9144.0,"(SJX732),(SIA926)"
210.0,SIA957,-5.84647286031467,106.60225571218372,9144.0,"(SJX732),(TGW12)"
210.0,SIA959,-6.077980701949713,106.65083111828396,9144.0,"(TGW12),(SIA926)"
210.0,SJX731,25.019180076480446,121.16235289580189,9144.0,"(TGW12),(SJX732)"
210.0,SJX732,1.0807254460829574,104.00752568384831,9144.0,"(TGW12),(TGW266)"
210.0,TGW12,1.0997872200597545,104.05173756184422,9144.0,"(TGW266),(SIA926)"
210.0,TGW139,28.70072993933148,113.25048074044001,9144.0,"(TGW266),(TGW12)"
210.0,TGW263,-7.181850653409036,112.78222236346241,9144.0,"(TGW266),(TGW276)"
210.0,TGW266,1.057490179161107,104.0922506122647,9144.0,"(TGW275),(SIA957)"
210.0,TGW275,-5.872053411257431,106.63463033813618,9144.0,"(TGW276),(SIA926)"
210.0,TGW276,1.0242656080043688,104.13426364468476,9144.0,"(TGW276),(TGW266)"
210.0,TGW277,-6.068788363248802,106.70004679147256,9144.0,"(TGW277),(SIA959)"
220.0,SIA878,1.2115127422797078,104.17695892599802,9144.0
220.0,SIA883,22.041236573453986,113.81690084905024,9144.0
220.0,SIA912,1.3069218760806776,104.00738624231617,9144.0
220.0,SIA915,14.330198954838835,121.13727867269422,9144.0
220.0,SIA926,1.0563238923320282,104.07667372490455,9144.0
220.0,SIA939,-8.742822783811407,115.25070896368135,9144.0
220.0,SIA953,-5.824701040735589,106.4068826619736,9144.0
220.0,SIA957,-5.83987299503168,106.57578595908326,9144.0
220.0,SIA959,-6.0673275443365675,106.64056242306194,9144.0
220.0,SJX731,25.00834380180707,121.14944352448812,9144.0
220.0,SJX732,1.0775037163722863,104.02750820253297,9144.0
220.0,TGW12,1.081288222068911,104.06215626938157,9144.0
220.0,TGW139,28.66896223226932,113.2659869987427,9144.0
220.0,TGW263,-7.16306502056594,112.77064971609151,9144.0
220.0,TGW266,1.039116551489199,104.10119994155198,9144.0
220.0,TGW275,-5.8751941876813,106.6138581448661,9144.0
220.0,TGW276,1.009688708886005,104.15461548428864,9144.0
220.0,TGW277,-6.054670424866701,106.69973493679736,9144.0
220.0,TGW281,-8.518809025045613,115.04055103798468,9144.0
220.0,TGW284,1.2913104084250304,103.90299863657401,9144.0
220.0,SIA878,1.2115127422797078,104.17695892599802,9144.0,"(SIA926),(SJX732)"
220.0,SIA883,22.041236573453986,113.81690084905024,9144.0,"(SIA926),(TGW12)"
220.0,SIA912,1.3069218760806776,104.00738624231617,9144.0,"(SIA926),(TGW266)"
220.0,SIA915,14.330198954838835,121.13727867269422,9144.0,"(SIA957),(TGW275)"
220.0,SIA926,1.0563238923320282,104.07667372490455,9144.0,"(SIA959),(TGW277)"
220.0,SIA939,-8.742822783811407,115.25070896368135,9144.0,"(SJX732),(SIA926)"
220.0,SIA953,-5.824701040735589,106.4068826619736,9144.0,"(SJX732),(TGW12)"
220.0,SIA957,-5.83987299503168,106.57578595908326,9144.0,"(TGW12),(SIA926)"
220.0,SIA959,-6.0673275443365675,106.64056242306194,9144.0,"(TGW12),(SJX732)"
220.0,SJX731,25.00834380180707,121.14944352448812,9144.0,"(TGW12),(TGW266)"
220.0,SJX732,1.0775037163722863,104.02750820253297,9144.0,"(TGW266),(SIA926)"
220.0,TGW12,1.081288222068911,104.06215626938157,9144.0,"(TGW266),(TGW12)"
220.0,TGW139,28.66896223226932,113.2659869987427,9144.0,"(TGW266),(TGW276)"
220.0,TGW263,-7.16306502056594,112.77064971609151,9144.0,"(TGW275),(SIA957)"
220.0,TGW266,1.039116551489199,104.10119994155198,9144.0,"(TGW276),(TGW266)"
220.0,TGW275,-5.8751941876813,106.6138581448661,9144.0,"(TGW277),(SIA959)"
230.0,SIA878,1.2253014434524447,104.19777893639645,9144.0
230.0,SIA883,22.015787620709236,113.81914294526709,9144.0
230.0,SIA912,1.2976688691102722,104.00097550676014,9144.0
230.0,SIA915,14.309101520806616,121.13706330029797,9144.0
230.0,SIA926,1.0424698618779777,104.09223695666398,9144.0
230.0,SIA939,-8.744134039613526,115.26304841163108,9144.0
230.0,SIA953,-5.803170268248073,106.39466584719571,9144.0
230.0,SIA957,-5.82934448856881,106.55049995467469,9144.0
230.0,SIA959,-6.054276364022032,106.63363725027865,9144.0
230.0,SJX731,25.00017397027511,121.13309934472622,9144.0
230.0,SJX732,1.0783804679059728,104.04772986263684,9144.0
230.0,TGW12,1.0627891793913873,104.07257483459966,9144.0
230.0,TGW139,28.639034431169968,113.28567643000659,9144.0
230.0,TGW263,-7.142744379447307,112.758132772256,9144.0
230.0,TGW266,1.02013784861962,104.11086230727469,9144.0
230.0,TGW275,-5.881278036356367,106.59375698484803,9144.0
230.0,TGW276,0.9948430158560322,104.17477193788949,9144.0
230.0,TGW277,-6.039371697750542,106.69530638889357,9144.0
230.0,TGW281,-8.500696997887427,115.0211219775412,9144.0
230.0,TGW284,1.2789077932333415,103.90342739509762,9144.0
230.0,SIA878,1.2253014434524447,104.19777893639645,9144.0,"(SIA926),(SJX732)"
230.0,SIA883,22.015787620709236,113.81914294526709,9144.0,"(SIA926),(TGW12)"
230.0,SIA912,1.2976688691102722,104.00097550676014,9144.0,"(SIA926),(TGW266)"
230.0,SIA915,14.309101520806616,121.13706330029797,9144.0,"(SIA957),(TGW275)"
230.0,SIA926,1.0424698618779777,104.09223695666398,9144.0,"(SIA959),(TGW277)"
230.0,SIA939,-8.744134039613526,115.26304841163108,9144.0,"(SJX732),(SIA926)"
230.0,SIA953,-5.803170268248073,106.39466584719571,9144.0,"(SJX732),(TGW12)"
230.0,SIA957,-5.82934448856881,106.55049995467469,9144.0,"(SJX732),(TGW266)"
230.0,SIA959,-6.054276364022032,106.63363725027865,9144.0,"(TGW12),(SIA926)"
230.0,SJX731,25.00017397027511,121.13309934472622,9144.0,"(TGW12),(SJX732)"
230.0,SJX732,1.0783804679059728,104.04772986263684,9144.0,"(TGW12),(TGW266)"
230.0,TGW12,1.0627891793913873,104.07257483459966,9144.0,"(TGW266),(SIA926)"
230.0,TGW139,28.639034431169968,113.28567643000659,9144.0,"(TGW266),(SJX732)"
230.0,TGW263,-7.142744379447307,112.758132772256,9144.0,"(TGW266),(TGW12)"
230.0,TGW266,1.02013784861962,104.11086230727469,9144.0,"(TGW266),(TGW276)"
230.0,TGW275,-5.881278036356367,106.59375698484803,9144.0,"(TGW275),(SIA957)"
230.0,TGW276,0.9948430158560322,104.17477193788949,9144.0,"(TGW276),(TGW266)"
230.0,TGW277,-6.039371697750542,106.69530638889357,9144.0,"(TGW277),(SIA959)"
240.0,SIA878,1.2364438044662125,104.22012805854791,9144.0
240.0,SIA883,21.98992903683655,113.82292740910901,9144.0
240.0,SIA912,1.2913165450356574,103.9916810760642,9144.0
240.0,SIA915,14.288004086580193,121.13684796837359,9144.0
240.0,SIA926,1.0258332178219425,104.10478050778849,9144.0
240.0,SIA939,-8.743105843352595,115.27541526255567,9144.0
240.0,SIA953,-5.781380687609752,106.38128674760699,9144.0
240.0,SIA957,-5.815156201586128,106.52709154913076,9144.0
240.0,SIA959,-6.039834277640716,106.63058982574876,9144.0
240.0,SJX731,24.995844120431315,121.11513521303401,9144.0
240.0,SJX732,1.0833506845020693,104.06803433855839,9144.0
240.0,TGW12,1.0448371178508329,104.08391017527539,9144.0
240.0,TGW139,28.61136985580885,113.30926874036662,9144.0
240.0,TGW263,-7.121763493960408,112.74521072823889,9144.0
240.0,TGW266,1.001159111971871,104.12052455016867,9144.0
240.0,TGW275,-5.88386435441402,106.57108631272317,9144.0
240.0,TGW276,0.9798851404428364,104.19508022195967,9144.0
240.0,TGW277,-6.025679294648339,106.68708716759802,9144.0
240.0,TGW281,-8.48211007075825,115.00215790934854,9144.0
240.0,TGW284,1.2673194446070355,103.90786906510762,9144.0
240.0,SIA878,1.2364438044662125,104.22012805854791,9144.0,"(SIA926),(SJX732)"
240.0,SIA883,21.98992903683655,113.82292740910901,9144.0,"(SIA926),(TGW12)"
240.0,SIA912,1.2913165450356574,103.9916810760642,9144.0,"(SIA926),(TGW266)"
240.0,SIA915,14.288004086580193,121.13684796837359,9144.0,"(SIA957),(TGW275)"
240.0,SIA926,1.0258332178219425,104.10478050778849,9144.0,"(SIA959),(TGW277)"
240.0,SIA939,-8.743105843352595,115.27541526255567,9144.0,"(SJX732),(SIA926)"
240.0,SIA953,-5.781380687609752,106.38128674760699,9144.0,"(SJX732),(TGW12)"
240.0,SIA957,-5.815156201586128,106.52709154913076,9144.0,"(TGW12),(SIA926)"
240.0,SIA959,-6.039834277640716,106.63058982574876,9144.0,"(TGW12),(SJX732)"
240.0,SJX731,24.995844120431315,121.11513521303401,9144.0,"(TGW12),(TGW266)"
240.0,SJX732,1.0833506845020693,104.06803433855839,9144.0,"(TGW266),(SIA926)"
240.0,TGW12,1.0448371178508329,104.08391017527539,9144.0,"(TGW266),(TGW12)"
240.0,TGW139,28.61136985580885,113.30926874036662,9144.0,"(TGW266),(TGW276)"
240.0,TGW263,-7.121763493960408,112.74521072823889,9144.0,"(TGW275),(SIA957)"
240.0,TGW266,1.001159111971871,104.12052455016867,9144.0,"(TGW276),(TGW266)"
240.0,TGW275,-5.88386435441402,106.57108631272317,9144.0,"(TGW277),(SIA959)"
250.0,SIA878,1.2481999880814498,104.24370919017481,9144.0
250.0,SIA883,21.963965191649613,113.82773656168926,9144.0
250.0,SIA912,1.2887035030058154,103.98072994541934,9144.0
250.0,SIA915,14.26690732940878,121.1371250497857,9144.0
250.0,SIA926,1.011979187367892,104.12034359104622,9144.0
250.0,SIA939,-8.741957089144949,115.28922324465162,9144.0
250.0,SIA953,-5.7580558124961225,106.36696643603473,9144.0
250.0,SIA957,-5.797630213432709,106.50609213661394,9144.0
250.0,SIA959,-6.025115733471056,106.63165509536086,9144.0
250.0,SJX731,24.992012628474587,121.09500183838225,9144.0
250.0,SJX732,1.0923227668081057,104.0874966171909,9144.0
250.0,TGW12,1.0253640899737344,104.0962056932364,9144.0
250.0,TGW139,28.586359813311734,113.33642894731778,9144.0
250.0,TGW263,-7.100726626490562,112.73238204214127,9144.0
250.0,TGW266,0.9827162252367407,104.1311742530223,9144.0
250.0,TGW275,-5.8825457289422305,106.54653052930831,9144.0
250.0,TGW276,0.96402714968258,104.21469340223962,9144.0
250.0,TGW277,-6.0129390109244625,106.67466659700118,9144.0
250.0,TGW281,-8.463347666770977,114.98301811601603,9144.0
250.0,TGW284,1.257806362274966,103.9158402938374,9144.0
250.0,SIA878,1.2481999880814498,104.24370919017481,9144.0,"(SIA926),(SJX732)"
250.0,SIA883,21.963965191649613,113.82773656168926,9144.0,"(SIA926),(TGW12)"
250.0,SIA912,1.2887035030058154,103.98072994541934,9144.0,"(SIA926),(TGW266)"
250.0,SIA915,14.26690732940878,121.1371250497857,9144.0,"(SIA957),(TGW275)"
250.0,SIA926,1.011979187367892,104.12034359104622,9144.0,"(SIA959),(TGW277)"
250.0,SIA939,-8.741957089144949,115.28922324465162,9144.0,"(SJX732),(SIA926)"
250.0,SIA953,-5.7580558124961225,106.36696643603473,9144.0,"(SJX732),(TGW12)"
250.0,SIA957,-5.797630213432709,106.50609213661394,9144.0,"(TGW12),(SIA926)"
250.0,SIA959,-6.025115733471056,106.63165509536086,9144.0,"(TGW12),(SJX732)"
250.0,SJX731,24.992012628474587,121.09500183838225,9144.0,"(TGW12),(TGW266)"
250.0,SJX732,1.0923227668081057,104.0874966171909,9144.0,"(TGW266),(SIA926)"
250.0,TGW12,1.0253640899737344,104.0962056932364,9144.0,"(TGW266),(TGW12)"
250.0,TGW139,28.586359813311734,113.33642894731778,9144.0,"(TGW266),(TGW276)"
250.0,TGW263,-7.100726626490562,112.73238204214127,9144.0,"(TGW275),(SIA957)"
250.0,TGW266,0.9827162252367407,104.1311742530223,9144.0,"(TGW276),(TGW266)"
250.0,TGW275,-5.8825457289422305,106.54653052930831,9144.0,"(TGW277),(SIA959)"
260.0,SIA878,1.260208521669968,104.26716286673403,9144.0
260.0,SIA883,21.93787899791121,113.8325665638812,9144.0
260.0,SIA912,1.2901747025657477,103.96956780731789,9144.0
260.0,SIA915,14.245350200362846,121.13740812402175,9144.0
260.0,SIA926,1.000691443472281,104.13785783002773,9144.0
260.0,SIA939,-8.741573159008487,115.30307459571048,9144.0
260.0,SIA953,-5.7344341464121085,106.35278587784589,9144.0
260.0,SIA957,-5.77676654725654,106.48750275804842,9144.0
260.0,SIA959,-6.011256513129218,106.63675064309277,9144.0
260.0,SJX731,24.988015160943117,121.07401865758548,9144.0
260.0,SJX732,1.10481370943703,104.10482914861468,9144.0
260.0,TGW12,1.0056455906954513,104.1084005153026,9144.0
260.0,TGW139,28.564399157007916,113.3667274893027,9144.0
260.0,TGW263,-7.078293784950677,112.71870377365224,9144.0
260.0,TGW266,0.9627156302716524,104.14272327633994,9144.0
260.0,TGW275,-5.877158468614032,106.52254299252857,9144.0
260.0,TGW276,0.9479323041286296,104.23459907660748,9144.0
260.0,TGW277,-6.002335288877163,106.65861359763966,9144.0
260.0,TGW281,-8.444543197820561,114.96392149663009,9144.0
260.0,TGW284,1.2514037234334832,103.92647367292643,9144.0
260.0,SIA878,1.260208521669968,104.26716286673403,9144.0,"(SIA912),(TGW284)"
260.0,SIA883,21.93787899791121,113.8325665638812,9144.0,"(SIA926),(TGW12)"
260.0,SIA912,1.2901747025657477,103.96956780731789,9144.0,"(SIA926),(TGW266)"
260.0,SIA915,14.245350200362846,121.13740812402175,9144.0,"(SIA959),(TGW277)"
260.0,SIA926,1.000691443472281,104.13785783002773,9144.0,"(SJX732),(TGW12)"
260.0,SIA939,-8.741573159008487,115.30307459571048,9144.0,"(TGW12),(SIA926)"
260.0,SIA953,-5.7344341464121085,106.35278587784589,9144.0,"(TGW12),(SJX732)"
260.0,SIA957,-5.77676654725654,106.48750275804842,9144.0,"(TGW12),(TGW266)"
260.0,SIA959,-6.011256513129218,106.63675064309277,9144.0,"(TGW266),(SIA926)"
260.0,SJX731,24.988015160943117,121.07401865758548,9144.0,"(TGW266),(TGW12)"
260.0,SJX732,1.10481370943703,104.10482914861468,9144.0,"(TGW277),(SIA959)"
260.0,TGW12,1.0056455906954513,104.1084005153026,9144.0,"(TGW284),(SIA912)"
270.0,SIA878,1.2727224813086626,104.2916045263738,9144.0
270.0,SIA883,21.91178275740408,113.83733219934736,9144.0
270.0,SIA912,1.2955359239803699,103.9596682117253,9144.0
270.0,SIA915,14.223808627079006,121.13651726712186,9144.0
270.0,SIA926,0.9866595945795871,104.15343899076815,9144.0
270.0,SIA939,-8.741138007810171,115.31874497261138,9144.0
270.0,SIA953,-5.710340843522516,106.33832373036974,9144.0
270.0,SIA957,-5.7534112684570795,106.47219780423247,9144.0
270.0,SIA959,-5.999326087039531,106.64548309817559,9144.0
270.0,SJX731,24.98011224053476,121.05443107930364,9144.0
270.0,SJX732,1.1137582720333492,104.12423187114105,9144.0
270.0,TGW12,0.9844631134061035,104.12150051436035,9144.0
270.0,TGW139,28.545758702099572,113.3997785466447,9144.0
270.0,TGW263,-7.055858221390341,112.70503070300222,9144.0
270.0,TGW266,0.9419988216609613,104.15449169428595,9144.0
270.0,TGW275,-5.867854479785849,106.49980022894985,9144.0
270.0,TGW276,0.9313474382182955,104.25409815745525,9144.0
270.0,TGW277,-5.990654875874357,106.64333516818314,9144.0
270.0,TGW281,-8.42547645134565,114.94456187221569,9144.0
270.0,TGW284,1.2478519824013798,103.94023452545316,9144.0
270.0,SIA878,1.2727224813086626,104.2916045263738,9144.0,"(SIA912),(TGW284)"
270.0,SIA883,21.91178275740408,113.83733219934736,9144.0,"(SIA926),(TGW12)"
270.0,SIA912,1.2955359239803699,103.9596682117253,9144.0,"(SIA926),(TGW266)"
270.0,SIA915,14.223808627079006,121.13651726712186,9144.0,"(SIA959),(TGW277)"
270.0,SIA926,0.9866595945795871,104.15343899076815,9144.0,"(TGW12),(SIA926)"
270.0,SIA939,-8.741138007810171,115.31874497261138,9144.0,"(TGW12),(TGW266)"
270.0,SIA953,-5.710340843522516,106.33832373036974,9144.0,"(TGW266),(SIA926)"
270.0,SIA957,-5.7534112684570795,106.47219780423247,9144.0,"(TGW266),(TGW12)"
270.0,SIA959,-5.999326087039531,106.64548309817559,9144.0,"(TGW277),(SIA959)"
270.0,SJX731,24.98011224053476,121.05443107930364,9144.0,"(TGW284),(SIA912)"
280.0,SIA878,1.2852353189152825,104.31604687991302,9144.0
280.0,SIA883,21.88532069195793,113.84216281770307,9144.0
280.0,SIA912,1.3045648924571673,103.95146967666791,9144.0
280.0,SIA915,14.20255508118187,121.13141789912547,9144.0
280.0,SIA926,0.972760374629966,104.16887258950426,9144.0
280.0,SIA939,-8.740652296643047,115.33606227710679,9144.0
280.0,SIA953,-5.686163303870268,106.32400487548293,9144.0
280.0,SIA957,-5.729292792236626,106.45813988027389,9144.0
280.0,SIA959,-5.988747849558496,106.65828787991839,9144.0
280.0,SJX731,24.97038493435589,121.03361083336038,9144.0
280.0,SJX732,1.1187421834837288,104.14480498877796,9144.0
280.0,TGW12,0.9632660520139888,104.13457681255952,9144.0
280.0,TGW139,28.530733661542083,113.43505894748708,9144.0
280.0,TGW263,-7.0333159049809435,112.69129437406916,9144.0
280.0,TGW266,0.9210600010800084,104.16638605016142,9144.0
280.0,TGW275,-5.854945270782068,106.47906323746973,9144.0
280.0,TGW276,0.9153331808344899,104.27292595078173,9144.0
280.0,TGW277,-5.978564826068912,106.62752253756011,9144.0
280.0,TGW281,-8.406583850401935,114.9250295063902,9144.0
280.0,TGW284,1.2476907653913902,103.9552047773875,9144.0
280.0,SIA878,1.2852353189152825,104.31604687991302,9144.0,"(SIA912),(TGW284)"
280.0,SIA883,21.88532069195793,113.84216281770307,9144.0,"(SIA926),(TGW12)"
280.0,SIA912,1.3045648924571673,103.95146967666791,9144.0,"(SIA926),(TGW266)"
280.0,SIA915,14.20255508118187,121.13141789912547,9144.0,"(SIA959),(TGW277)"
280.0,SIA926,0.972760374629966,104.16887258950426,9144.0,"(TGW12),(SIA926)"
280.0,SIA939,-8.740652296643047,115.33606227710679,9144.0,"(TGW12),(TGW266)"
280.0,SIA953,-5.686163303870268,106.32400487548293,9144.0,"(TGW266),(SIA926)"
280.0,SIA957,-5.729292792236626,106.45813988027389,9144.0,"(TGW266),(TGW12)"
280.0,SIA959,-5.988747849558496,106.65828787991839,9144.0,"(TGW277),(SIA959)"
280.0,SJX731,24.97038493435589,121.03361083336038,9144.0,"(TGW284),(SIA912)"
290.0,SIA878,1.2975438460035527,104.34059292441268,9144.0
290.0,SIA883,21.8588045441341,113.84663494457813,9144.0
290.0,SIA912,1.3114198517901754,103.93977426853158,9144.0
290.0,SIA915,14.182409921885412,121.1222551348954,9144.0
290.0,SIA926,0.959968422926992,104.18523586425806,9144.0
290.0,SIA939,-8.740033673762177,115.35337521421573,9144.0
290.0,SIA953,-5.661307689193447,106.3092860143305,9144.0
290.0,SIA957,-5.707332423311092,106.44057963767293,9144.0
290.0,SIA959,-5.981434204291849,106.67354818576902,9144.0
290.0,SJX731,24.96038186167738,121.01221987421273,9144.0
290.0,SJX732,1.1225025166158598,104.16563663853947,9144.0
290.0,TGW12,0.9410026030219563,104.14831073026232,9144.0
290.0,TGW139,28.513252198908994,113.4688358411531,9144.0
290.0,TGW263,-7.010770708974786,112.67756350936173,9144.0
290.0,TGW266,0.9001224771583334,104.17828261987808,9144.0
290.0,TGW275,-5.83878463483726,106.46085967910358,9144.0
290.0,TGW276,0.8994302621745687,104.29184782115499,9144.0
290.0,TGW277,-5.963496553480611,106.61455105334345,9144.0
290.0,TGW281,-8.387432431871238,114.9052330096357,9144.0
290.0,TGW284,1.243474859411321,103.9695697170516,9144.0
290.0,SIA878,1.2975438460035527,104.34059292441268,9144.0,"(SIA912),(TGW284)"
290.0,SIA883,21.8588045441341,113.84663494457813,9144.0,"(SIA926),(TGW12)"
290.0,SIA912,1.3114198517901754,103.93977426853158,9144.0,"(SIA926),(TGW266)"
290.0,SIA915,14.182409921885412,121.1222551348954,9144.0,"(SIA959),(TGW277)"
290.0,SIA926,0.959968422926992,104.18523586425806,9144.0,"(TGW12),(SIA926)"
290.0,SIA939,-8.740033673762177,115.35337521421573,9144.0,"(TGW12),(TGW266)"
290.0,SIA953,-5.661307689193447,106.3092860143305,9144.0,"(TGW266),(SIA926)"
290.0,SIA957,-5.707332423311092,106.44057963767293,9144.0,"(TGW266),(TGW12)"
290.0,SIA959,-5.981434204291849,106.67354818576902,9144.0,"(TGW277),(SIA959)"
290.0,SJX731,24.96038186167738,121.01221987421273,9144.0,"(TGW284),(SIA912)"
300.0,SIA878,1.3098509207108004,104.36513981751673,9144.0
300.0,SIA883,21.832471289642374,113.85107455092212,9144.0
300.0,SIA912,1.315402098722501,103.92494354077503,9144.0
300.0,SIA915,14.163901660046006,121.10922800993181,9144.0
300.0,SIA926,0.9460461728492351,104.20169885090998,9144.0
300.0,SIA939,-8.739348127504869,115.37248035894817,9144.0
300.0,SIA953,-5.636512565416772,106.29446511691415,9144.0
300.0,SIA957,-5.685337043951563,106.42200582327548,9144.0
300.0,SIA959,-5.978005500467078,106.69013327059362,9144.0
300.0,SJX731,24.950710751294924,120.99064567411753,9144.0
300.0,SJX732,1.126356019388069,104.18698568900464,9144.0
300.0,TGW12,0.9187088755726149,104.16199534365174,9144.0
300.0,TGW139,28.49579066049705,113.50254590512515,9144.0
300.0,TGW263,-6.988490983515783,112.66399611298743,9144.0
300.0,TGW266,0.8789083960365732,104.19033615077782,9144.0
300.0,TGW275,-5.824977571263929,106.44079432532533,9144.0
300.0,TGW276,0.8842234017735007,104.30994102107952,9144.0
300.0,TGW277,-5.946440549314408,106.60372521658567,9144.0
300.0,TGW281,-8.368328484419516,114.88539067817214,9144.0
300.0,TGW284,1.2349871237922938,103.98403213175347,9144.0
300.0,SIA878,1.3098509207108004,104.36513981751673,9144.0,"(SIA912),(TGW284)"
300.0,SIA883,21.832471289642374,113.85107455092212,9144.0,"(SIA926),(TGW12)"
300.0,SIA912,1.315402098722501,103.92494354077503,9144.0,"(SIA926),(TGW266)"
300.0,SIA915,14.163901660046006,121.10922800993181,9144.0,"(SIA959),(TGW277)"
300.0,SIA926,0.9460461728492351,104.20169885090998,9144.0,"(TGW12),(SIA926)"
300.0,SIA939,-8.739348127504869,115.37248035894817,9144.0,"(TGW12),(TGW266)"
300.0,SIA953,-5.636512565416772,106.29446511691415,9144.0,"(TGW266),(SIA926)"
300.0,SIA957,-5.685337043951563,106.42200582327548,9144.0,"(TGW266),(TGW12)"
300.0,SIA959,-5.978005500467078,106.69013327059362,9144.0,"(TGW277),(SIA959)"
300.0,SJX731,24.950710751294924,120.99064567411753,9144.0,"(TGW284),(SIA912)"
310.0,SIA878,1.3219484072343857,104.38979085070781,9144.0
310.0,SIA883,21.80612580225076,113.8554283170662,9144.0
310.0,SIA912,1.315364020419328,103.90941139181436,9144.0
310.0,SIA915,14.148009466122664,121.0929370773567,9144.0
310.0,SIA926,0.9309622908479921,104.21953516622578,9144.0
310.0,SIA939,-8.73872201713398,115.39158755995882,9144.0
310.0,SIA953,-5.61114985973045,106.27930660265284,9144.0
310.0,SIA957,-5.663340794073112,106.40343375847786,9144.0
310.0,SIA959,-5.978665029507049,106.70705990348871,9144.0
310.0,SJX731,24.940236448008214,120.96729843827866,9144.0
310.0,SJX732,1.1302088311472926,104.20833489250833,9144.0
310.0,TGW12,0.8960450746431083,104.17590689333335,9144.0
310.0,TGW139,28.478320344702343,113.53624450418442,9144.0
310.0,TGW263,-6.966173916641615,112.6504917978686,9144.0
310.0,TGW266,0.8576669381361159,104.2023412920985,9144.0
310.0,TGW275,-5.811025192416846,106.42052013664976,9144.0
310.0,TGW276,0.8690486341480079,104.32806107862122,9144.0
310.0,TGW277,-5.93121155528665,106.5904280770633,9144.0
310.0,TGW281,-8.349052597801737,114.86537327315574,9144.0
310.0,TGW284,1.22301885736386,103.9963767658568,9144.0
310.0,SIA878,1.3219484072343857,104.38979085070781,9144.0,"(SIA926),(TGW12)"
310.0,SIA883,21.80612580225076,113.8554283170662,9144.0,"(SIA926),(TGW266)"
310.0,SIA912,1.315364020419328,103.90941139181436,9144.0,"(TGW12),(SIA926)"
310.0,SIA915,14.148009466122664,121.0929370773567,9144.0,"(TGW12),(TGW266)"
310.0,SIA926,0.9309622908479921,104.21953516622578,9144.0,"(TGW266),(SIA926)"
310.0,SIA939,-8.73872201713398,115.39158755995882,9144.0,"(TGW266),(TGW12)"
320.0,SIA878,1.3302596974678995,104.41602741315589,9144.0
320.0,SIA883,21.779475253425822,113.8598308365158,9144.0
320.0,SIA912,1.3112626684393778,103.8944307907297,9144.0
320.0,SIA915,14.130355889725875,121.07870606676074,9144.0
320.0,SIA926,0.9156994749496663,104.23758133347,9144.0
320.0,SIA939,-8.734022736008429,115.41038609374215,9144.0
320.0,SIA953,-5.585785797930399,106.26415103720278,9144.0
320.0,SIA957,-5.642025661760098,106.38407699615904,9144.0
320.0,SIA959,-5.983373687247678,106.72332460679824,9144.0
320.0,SJX731,24.929482885455073,120.94401179471635,9144.0
320.0,SJX732,1.1352639138741702,104.22943172098671,9144.0
320.0,TGW12,0.8733944953604094,104.18983988014791,9144.0
320.0,TGW139,28.46084118080297,113.56993159097009,9144.0
320.0,TGW263,-6.943430565427079,112.63673129030705,9144.0
320.0,TGW266,0.8363701861961409,104.21437751518238,9144.0
320.0,TGW275,-5.797071745858533,106.400247192264,9144.0
320.0,TGW276,0.8530977536358378,104.34710749243025,9144.0
320.0,TGW277,-5.916082825241461,106.57721969299176,9144.0
320.0,TGW281,-8.329766683977176,114.84536672404401,9144.0
320.0,TGW284,1.2084671390509458,104.00553344407683,9144.0
320.0,SIA878,1.3302596974678995,104.41602741315589,9144.0,"(SIA926),(TGW12)"
320.0,SIA883,21.779475253425822,113.8598308365158,9144.0,"(SIA926),(TGW266)"
320.0,SIA912,1.3112626684393778,103.8944307907297,9144.0,"(TGW12),(SIA926)"
320.0,SIA915,14.130355889725875,121.07870606676074,9144.0,"(TGW12),(TGW266)"
320.0,SIA926,0.9156994749496663,104.23758133347,9144.0,"(TGW266),(SIA926)"
320.0,SIA939,-8.734022736008429,115.41038609374215,9144.0,"(TGW266),(TGW12)"
330.0,SIA878,1.33464687066378,104.44344516077273,9144.0
330.0,SIA883,21.75283471915716,113.86430226126114,9144.0
330.0,SIA912,1.303384043243138,103.88104639951332,9144.0
330.0,SIA915,14.111284241170672,121.06333538945958,9144.0
330.0,SIA926,0.9007778856251236,104.25591064689051,9144.0
330.0,SIA939,-8.725457671833825,115.42780821042584,9144.0
330.0,SIA953,-5.560366184619523,106.24909037881213,9144.0
330.0,SIA957,-5.621023580506947,106.3650071517921,9144.0
330.0,SIA959,-5.9918522924645705,106.73796311077409,9144.0
330.0,SJX731,24.918318263992283,120.91985500130663,9144.0
330.0,SJX732,1.1409446307244366,104.25057210419226,9144.0
330.0,TGW12,0.850480876519158,104.20393444865022,9144.0
330.0,TGW139,28.43995360832242,113.60099995823391,9144.0
330.0,TGW263,-6.920687918400685,112.62297026579014,9144.0
330.0,TGW266,0.815080946611944,104.2264269591681,9144.0
330.0,TGW275,-5.786680243179847,106.3779182184943,9144.0
330.0,TGW276,0.8369665902003117,104.36600134823229,9144.0
330.0,TGW277,-5.900644601346693,106.56437872938702,9144.0
330.0,TGW281,-8.31063224366567,114.82521314482432,9144.0
330.0,TGW284,1.1924872181232216,104.01536415569723,9144.0
330.0,SIA878,1.33464687066378,104.44344516077273,9144.0,"(SIA926),(TGW12)"
330.0,SIA883,21.75283471915716,113.86430226126114,9144.0,"(SIA926),(TGW266)"
330.0,SIA912,1.303384043243138,103.88104639951332,9144.0,"(TGW12),(SIA926)"
330.0,SIA915,14.111284241170672,121.06333538945958,9144.0,"(TGW12),(TGW266)"
330.0,SIA926,0.9007778856251236,104.25591064689051,9144.0,"(TGW266),(SIA926)"
330.0,SIA939,-8.725457671833825,115.42780821042584,9144.0,"(TGW266),(TGW12)"
340.0,SIA878,1.334920609660934,104.4710883845151,9144.0
340.0,SIA883,21.726133230260075,113.86878221996608,9144.0
340.0,SIA912,1.2922775466973955,103.87019155545926,9144.0
340.0,SIA915,14.091660341621186,121.04752470357133,9144.0
340.0,SIA926,0.8849337559428402,104.27537256089526,9144.0
340.0,SIA939,-8.713495211209805,115.44286966160406,9144.0
340.0,SIA953,-5.534484034183712,106.23375800568434,9144.0
340.0,SIA957,-5.599763367069878,106.34622901761846,9144.0
340.0,SIA959,-6.003598139818755,106.75010749238449,9144.0
340.0,SJX731,24.90737160934356,120.89557938007493,9144.0
340.0,SJX732,1.1504561945555376,104.27021484142763,9144.0
340.0,TGW12,0.8275701642763403,104.21803365981037,9144.0
340.0,TGW139,28.41595598925841,113.6290061226226,9144.0
340.0,TGW263,-6.897468741463352,112.60892269725639,9144.0
340.0,TGW266,0.7933512970642701,104.23872550487438,9144.0
340.0,TGW275,-5.776830256684449,106.3552735042211,9144.0
340.0,TGW276,0.8198194778165934,104.38608478571213,9144.0
340.0,TGW277,-5.885051958479808,106.55141042459974,9144.0
340.0,TGW281,-8.29132448674704,114.80488683172075,9144.0
340.0,TGW284,1.1763345731046373,104.0253009730219,9144.0
340.0,SIA878,1.334920609660934,104.4710883845151,9144.0,"(SIA926),(TGW12)"
340.0,SIA883,21.726133230260075,113.86878221996608,9144.0,"(TGW12),(SIA926)"
340.0,SIA912,1.2922775466973955,103.87019155545926,9144.0,"(TGW12),(TGW266)"
340.0,SIA915,14.091660341621186,121.04752470357133,9144.0,"(TGW266),(TGW12)"
350.0,SIA878,1.3310947076124444,104.4985284368828,9144.0
350.0,SIA883,21.699441632118127,113.87332912104537,9144.0
350.0,SIA912,1.278717670516593,103.86262318315934,9144.0
350.0,SIA915,14.07089493021315,121.03334968768547,9144.0
350.0,SIA926,0.8682980532764868,104.2941620970233,9144.0
350.0,SIA939,-8.698454779163253,115.45521341584438,9144.0
350.0,SIA953,-5.508697825703298,106.21826399129223,9144.0
350.0,SIA957,-5.578320440413555,106.32729195685818,9144.0
350.0,SIA959,-6.017914805780104,106.75903761824243,9144.0
350.0,SJX731,24.896305045815307,120.87106017271633,9144.0
350.0,SJX732,1.1635078558197833,104.28778728033899,9144.0
350.0,TGW12,0.8043974074018598,104.23229391884034,9144.0
350.0,TGW139,28.389191110096586,113.65355088118976,9144.0
350.0,TGW263,-6.874327395944509,112.59474610802414,9144.0
350.0,TGW266,0.7717311164020167,104.2512154602778,9144.0
350.0,TGW275,-5.766979017402906,106.33262973404418,9144.0
350.0,TGW276,0.8026634413121284,104.40616051372506,9144.0
350.0,TGW277,-5.869414394646241,106.53849726221246,9144.0
350.0,TGW281,-8.272372636240364,114.78422227500747,9144.0
350.0,TGW284,1.1626979526492836,104.03848129077006,9144.0
350.0,SIA878,1.3310947076124444,104.4985284368828,9144.0,"(SIA926),(TGW12)"
350.0,SIA883,21.699441632118127,113.87332912104537,9144.0,"(TGW12),(SIA926)"
350.0,SIA912,1.278717670516593,103.86262318315934,9144.0,"(TGW12),(TGW266)"
350.0,SIA915,14.07089493021315,121.03334968768547,9144.0,"(TGW266),(TGW12)"
360.0,SIA878,1.3313690515547432,104.5262327103633,9144.0
360.0,SIA883,21.67250711020479,113.87791566502149,9144.0
360.0,SIA912,1.2636499884653873,103.85886901380898,9144.0
360.0,SIA915,14.048928432545308,121.01835870558519,9144.0
360.0,SIA926,0.8514953972857243,104.3131396612793,9144.0
360.0,SIA939,-8.681180632119384,115.46407286906786,9144.0
360.0,SIA953,-5.4823525337964325,106.20243616267919,9144.0
360.0,SIA957,-5.556985175023518,106.30823322167575,9144.0
360.0,SIA959,-6.035526415560204,106.76519622113972,9144.0
360.0,SJX731,24.885029935984523,120.84665894462627,9144.0
360.0,SJX732,1.1796116411527755,104.30261193512804,9144.0
360.0,TGW12,0.7810201700984619,104.24621628788884,9144.0
360.0,TGW139,28.360877742410096,113.67573156175818,9144.0
360.0,TGW263,-6.850766412933192,112.58031430463086,9144.0
360.0,TGW266,0.7493503682134357,104.26414462950092,9144.0
360.0,TGW275,-5.756459562059141,106.31029207582017,9144.0
360.0,TGW276,0.785065972465768,104.42675243048427,9144.0
360.0,TGW277,-5.853570818341927,106.52541543827616,9144.0
360.0,TGW281,-8.252963978706527,114.76306693302881,9144.0
360.0,TGW284,1.1479543512600507,104.05301679385974,9144.0
360.0,SIA878,1.3313690515547432,104.5262327103633,9144.0,"(TGW12),(TGW266)"
360.0,SIA883,21.67250711020479,113.87791566502149,9144.0,"(TGW266),(TGW12)"
370.0,SIA878,1.333640171803237,104.55390632969383,9144.0
370.0,SIA883,21.64557245307819,113.88250043347561,9144.0
370.0,SIA912,1.2465958154997718,103.85881815599261,9144.0
370.0,SIA915,14.02741760477427,121.00268276060133,9144.0
370.0,SIA926,0.83559739041223,104.33288134107168,9144.0
370.0,SIA939,-8.662448724120148,115.46905037554848,9144.0
370.0,SIA953,-5.456010596740227,106.18660339683453,9144.0
370.0,SIA957,-5.535649029523618,106.28917617022901,9144.0
370.0,SIA959,-6.055137909440104,106.76770740021844,9144.0
370.0,SJX731,24.87366129741207,120.82207836629338,9144.0
370.0,SJX732,1.1986888253299457,104.31461444858452,9144.0
370.0,TGW12,0.7573795428307463,104.26029531980654,9144.0
370.0,TGW139,28.33043798971671,113.69391001326034,9144.0
370.0,TGW263,-6.827137830948691,112.56599576219087,9144.0
370.0,TGW266,0.7269695549204597,104.27707362093808,9144.0
370.0,TGW275,-5.745534623542274,106.28709708753244,9144.0
370.0,TGW276,0.7676407838052794,104.44749027834797,9144.0
370.0,TGW277,-5.837837772884069,106.51219987276798,9144.0
370.0,TGW281,-8.233158971114742,114.74229108311127,9144.0
370.0,TGW284,1.1325339501624843,104.06683184434645,9144.0
370.0,SIA878,1.333640171803237,104.55390632969383,9144.0,"(TGW12),(TGW266)"
370.0,SIA883,21.64557245307819,113.88250043347561,9144.0,"(TGW266),(TGW12)"
380.0,SIA878,1.3342706876142225,104.58166587974199,9144.0
380.0,SIA883,21.618638175128428,113.8870869244737,9144.0
380.0,SIA912,1.2300229536172105,103.86284247116389,9144.0
380.0,SIA915,14.005602152953909,120.98678924474028,9144.0
380.0,SIA926,0.8191802030858101,104.35300730884842,9144.0
380.0,SIA939,-8.642175057180806,115.47016573773053,9144.0
380.0,SIA953,-5.429113956395911,106.17043911193306,9144.0
380.0,SIA957,-5.5143000157430855,106.27013435761184,9144.0
380.0,SIA959,-6.074842336549237,106.7660914354282,9144.0
380.0,SJX731,24.86246117891727,120.79740620958675,9144.0
380.0,SJX732,1.2171158600686722,104.327593533155,9144.0
380.0,TGW12,0.7336158104187909,104.27416544319712,9144.0
380.0,TGW139,28.2983066591455,113.70782872150508,9144.0
380.0,TGW263,-6.803247273296412,112.55152032390329,9144.0
380.0,TGW266,0.7047856401759592,104.2903376045143,9144.0
380.0,TGW275,-5.731050055855739,106.26596368486005,9144.0
380.0,TGW276,0.7500968887151575,104.46836903075919,9144.0
380.0,TGW277,-5.821966265316777,106.49925874353086,9144.0
380.0,TGW281,-8.212892262915213,114.7210365887736,9144.0
380.0,TGW284,1.1157736622661627,104.08184696842646,9144.0
380.0,SIA878,1.3342706876142225,104.58166587974199,9144.0,"(TGW12),(TGW266)"
380.0,SIA883,21.618638175128428,113.8870869244737,9144.0,"(TGW266),(TGW12)"
390.0,SIA878,1.3349007338535501,104.60942544756912,9144.0
390.0,SIA883,21.59128056712592,113.8917436856731,9144.0
390.0,SIA912,1.2148904572977106,103.87070903168753,9144.0
390.0,SIA915,13.983836322755725,120.97082513797939,9144.0
390.0,SIA926,0.7995162413936401,104.37063326845866,9144.0
390.0,SIA939,-8.622094024843667,115.4671331904627,9144.0
390.0,SIA953,-5.40215328856091,106.15438353315332,9144.0
390.0,SIA957,-5.492814694500986,106.25097339349593,9144.0
390.0,SIA959,-6.093790110794092,106.76041770977024,9144.0
390.0,SJX731,24.85094692809359,120.77205886217163,9144.0
390.0,SJX732,1.2356488257852862,104.34064747881882,9144.0
390.0,TGW12,0.7095882799377116,104.28818934953813,9144.0
390.0,TGW139,28.26494272064079,113.71729139553094,9144.0
390.0,TGW263,-6.779371792315784,112.5370203981119,9144.0
390.0,TGW266,0.682494605104986,104.30366542441442,9144.0
390.0,TGW275,-5.7131649349179225,106.2471248672207,9144.0
390.0,TGW276,0.7324859603393389,104.48919118017908,9144.0
390.0,TGW277,-5.806071564792818,106.48603074413597,9144.0
390.0,TGW281,-8.192993294509215,114.69943138106048,9144.0
390.0,TGW284,1.0984162222053535,104.09779446070961,9144.0
390.0,SIA878,1.3349007338535501,104.60942544756912,9144.0,"(TGW12),(TGW266)"
390.0,SIA883,21.59128056712592,113.8917436856731,9144.0,"(TGW266),(TGW12)"
400.0,SIA878,1.3356314979494583,104.63718255353716,9144.0
400.0,SIA883,21.56391033731191,113.89631299447521,9144.0
400.0,SIA912,1.2020740285468614,103.88196257737086,9144.0
400.0,SIA915,13.961717836871312,120.95460671825273,9144.0
400.0,SIA926,0.7791704173257447,104.38775732833545,9144.0
400.0,SIA939,-8.60302667729457,115.46007714005992,9144.0
400.0,SIA953,-5.374890848884658,106.13815012840628,9144.0
400.0,SIA957,-5.471297008411665,106.23184980789469,9144.0
400.0,SIA959,-6.111164270310608,106.75093060388186,9144.0
400.0,SJX731,24.839425030428902,120.74671809488422,9144.0
400.0,SJX732,1.252729710588178,104.35555206288865,9144.0
400.0,TGW12,0.6855606533111525,104.30221301951946,9144.0
400.0,TGW139,28.230822750949496,113.72216566902738,9144.0
400.0,TGW263,-6.755027796551433,112.52223785081564,9144.0
400.0,TGW266,0.6600291489386538,104.31669698759768,9144.0
400.0,TGW275,-5.692541678643748,106.23136457925939,9144.0
400.0,TGW276,0.7147561373352318,104.51015354994661,9144.0
400.0,TGW277,-5.790074420649917,106.47271869753139,9144.0
400.0,TGW281,-8.172725652549754,114.67743139440122,9144.0
400.0,TGW284,1.080823043440955,104.1139581807087,9144.0
400.0,SIA878,1.3356314979494583,104.63718255353716,9144.0,"(TGW12),(TGW266)"
400.0,SIA883,21.56391033731191,113.89631299447521,9144.0,"(TGW266),(TGW12)"
410.0,SIA878,1.3363602115099975,104.66487865210466,9144.0
410.0,SIA883,21.5361187251447,113.90095082930152,9144.0
410.0,SIA912,1.1923153409210048,103.89595186442095,9144.0
410.0,SIA915,13.940151513368399,120.93761862759729,9144.0
410.0,SIA926,0.7588245102554403,104.40488120795682,9144.0
410.0,SIA939,-8.585752618340019,115.44928642505614,9144.0
410.0,SIA953,-5.347667369134525,106.12185162242727,9144.0
410.0,SIA957,-5.449553011991588,106.21252752023885,9144.0
410.0,SIA959,-6.126215702007098,106.73803898955235,9144.0
410.0,SJX731,24.827772091585977,120.72145257040776,9144.0
410.0,SJX732,1.2706350343035457,104.37117644357589,9144.0
410.0,TGW12,0.6614588899055476,104.31610880093662,9144.0
410.0,TGW139,28.196434126109622,113.72238487344619,9144.0
410.0,TGW263,-6.730669716375659,112.50747959060338,9144.0
410.0,TGW266,0.638540414375612,104.3291617232447,9144.0
410.0,TGW275,-5.669698812274798,106.21907888797384,9144.0
410.0,TGW276,0.6959817610207709,104.53018555413354,9144.0
410.0,TGW277,-5.773993852862887,106.45950896206575,9144.0
410.0,TGW281,-8.152247429783829,114.6556324628306,9144.0
410.0,TGW284,1.0630605646117268,104.12993550955353,9144.0
410.0,SIA878,1.3363602115099975,104.66487865210466,9144.0,"(TGW12),(TGW266)"
410.0,SIA883,21.5361187251447,113.90095082930152,9144.0,"(TGW266),(TGW12)"
420.0,SIA878,1.3370878015495582,104.6925747884334,9144.0
420.0,SIA883,21.508338817418952,113.90566810951319,9144.0
420.0,SIA912,1.1861791196409799,103.91186735184864,9144.0
420.0,SIA915,13.917566269898934,120.91983272861529,9144.0
420.0,SIA926,0.7370503604169664,104.4201474033258,9144.0
420.0,SIA939,-8.570978129862171,115.43520247016234,9144.0
420.0,SIA953,-5.3200441366623785,106.10531570208086,9144.0
420.0,SIA957,-5.4277837678291405,106.1932346391594,9144.0
420.0,SIA959,-6.13829544070503,106.72229861880852,9144.0
420.0,SJX731,24.815829910012546,120.69558184099024,9144.0
420.0,SJX732,1.285659511738289,104.38958941740697,9144.0
420.0,TGW12,0.6370408585997582,104.33018673888269,9144.0
420.0,TGW139,28.162268059679633,113.71794886428381,9144.0
420.0,TGW263,-6.706311121877567,112.49272293017344,9144.0
420.0,TGW266,0.6170551275567142,104.34163235027599,9144.0
420.0,TGW275,-5.645210668139826,106.21057642428677,9144.0
420.0,TGW276,0.6740902224803151,104.54755099470609,9144.0
420.0,TGW277,-5.757759303019778,106.44617395239862,9144.0
420.0,TGW281,-8.131439928399459,114.63348827530989,9144.0
420.0,TGW284,1.045414169718154,104.14604090969065,9144.0
420.0,SIA878,1.3370878015495582,104.6925747884334,9144.0,"(TGW12),(TGW266)"
420.0,SIA883,21.508338817418952,113.90566810951319,9144.0,"(TGW266),(TGW12)"
430.0,SIA878,1.3377058959574422,104.72027359311589,9144.0
430.0,SIA883,21.48037896272473,113.91041408705382,9144.0
430.0,SIA912,1.1840204615241396,103.92878804467179,9144.0
430.0,SIA915,13.894976302483245,120.90205493395239,9144.0
430.0,SIA926,0.715886683752509,104.43498539085284,9144.0
430.0,SIA939,-8.559307294176453,115.41840121967043,9144.0
430.0,SIA953,-5.2923906841000745,106.08883154763083,9144.0
430.0,SIA957,-5.405699020870436,106.17366453485072,9144.0
430.0,SIA959,-6.146882650251485,106.70438816460343,9144.0
430.0,SJX731,24.803948384166674,120.66967971731572,9144.0
430.0,SJX732,1.3030867912755069,104.4079110303295,9144.0
430.0,TGW12,0.6127759536623076,104.34452696202766,9144.0
430.0,TGW139,28.128139027412875,113.71316162133762,9144.0
430.0,TGW263,-6.682825297708179,112.47659628977071,9144.0
430.0,TGW266,0.5960215548428124,104.35387165821858,9144.0
430.0,TGW275,-5.6198227249675385,106.20451131512452,9144.0
430.0,TGW276,0.6496481219124243,104.56170860169277,9144.0
430.0,TGW277,-5.741555609464454,106.43280146577479,9144.0
430.0,TGW281,-8.110292502517696,114.61167629995697,9144.0
430.0,TGW284,1.0276733879088322,104.16223215152387,9144.0
430.0,SIA878,1.3377058959574422,104.72027359311589,9144.0,"(TGW12),(TGW266)"
430.0,SIA883,21.48037896272473,113.91041408705382,9144.0,"(TGW266),(TGW12)"
440.0,SIA878,1.3383280847724395,104.74821630339527,9144.0
440.0,SIA883,21.452415289711453,113.91513310738728,9144.0
440.0,SIA912,1.1859642858965744,103.94573478408837,9144.0
440.0,SIA915,13.872530655515547,120.88408593938532,9144.0
440.0,SIA926,0.6947229098443171,104.44982317218596,9144.0
440.0,SIA939,-8.550255521460127,115.39817798802872,9144.0
440.0,SIA953,-5.2645873981595415,106.07225996604785,9144.0
440.0,SIA957,-5.383707851678692,106.15398910912643,9144.0
440.0,SIA959,-6.151607080155429,106.68507994554354,9144.0
440.0,SJX731,24.791975313171996,120.64360158974971,9144.0
440.0,SJX732,1.3185309697406857,104.43009271860954,9144.0
440.0,TGW12,0.5883543904441029,104.3589595899892,9144.0
440.0,TGW139,28.094009827955215,113.70837743379091,9144.0
440.0,TGW263,-6.6592389175008035,112.46040271380679,9144.0
440.0,TGW266,0.5753733493711037,104.36588660689345,9144.0
440.0,TGW275,-5.594434716867729,106.19844674420978,9144.0
440.0,TGW276,0.6234107299224124,104.57216998619172,9144.0
440.0,TGW277,-5.725147681561477,106.41926159865223,9144.0
440.0,TGW281,-8.08893625329693,114.589653885121,9144.0
440.0,TGW284,1.0096699254509272,104.17813061513195,9144.0
440.0,SIA878,1.3383280847724395,104.74821630339527,9144.0,"(TGW12),(TGW266)"
440.0,SIA883,21.452415289711453,113.91513310738728,9144.0,"(TGW266),(TGW12)"
450.0,SIA878,1.3390432339424148,104.77615679598047,9144.0
450.0,SIA883,21.424212301117112,113.91989064437456,9144.0
450.0,SIA912,1.1918981056401305,103.96172690220826,9144.0
450.0,SIA915,13.849180509624542,120.8654002215956,9144.0
450.0,SIA926,0.6737476276816045,104.46492621136453,9144.0
450.0,SIA939,-8.544950793608711,115.37629835428335,9144.0
450.0,SIA953,-5.235926666764449,106.05723429870673,9144.0
450.0,SIA957,-5.361359590777416,106.13399666757789,9144.0
450.0,SIA959,-6.1522650294960535,106.66520659912983,9144.0
450.0,SJX731,24.780008309921524,120.61752259841757,9144.0
450.0,SJX732,1.33089437352799,104.45502148714478,9144.0
450.0,TGW12,0.5637787380213756,104.37312815661356,9144.0
450.0,TGW139,28.05988046018714,113.70359630877218,9144.0
450.0,TGW263,-6.636654349601533,112.44282179741043,9144.0
450.0,TGW266,0.5547568865140848,104.37795590423552,9144.0
450.0,TGW275,-5.570308583255072,106.18845420102986,9144.0
450.0,TGW276,0.5962765887271237,104.58084873882822,9144.0
450.0,TGW277,-5.708735009872281,106.40572792814616,9144.0
450.0,TGW281,-8.067682854940115,114.56753135860389,9144.0
450.0,TGW284,0.989172543145027,104.19077095881775,9144.0
450.0,SIA878,1.3390432339424148,104.77615679598047,9144.0,"(TGW12),(TGW266)"
450.0,SIA883,21.424212301117112,113.91989064437456,9144.0,"(TGW266),(TGW12)"
460.0,SIA878,1.3397591784286236,104.80415816852312,9144.0
460.0,SIA883,21.395913696083184,113.92393953745324,9144.0
460.0,SIA912,1.2014785367062988,103.97583896446305,9144.0
460.0,SIA915,13.825602894662056,120.84702186029112,9144.0
460.0,SIA926,0.6518727775629962,104.47971825669624,9144.0
460.0,SIA939,-8.541119145531063,115.35377339841722,9144.0
460.0,SIA953,-5.206907520407652,106.04202242205864,9144.0
460.0,SIA957,-5.338694401617542,106.11436818082369,9144.0
460.0,SIA959,-6.1488281297952,106.645625145142,9144.0
460.0,SJX731,24.76803362365616,120.59145040062252,9144.0
460.0,SJX732,1.3395613876921844,104.4817206023161,9144.0
460.0,TGW12,0.5395712971383484,104.38708427806121,9144.0
460.0,TGW139,28.02556663107704,113.70101901345123,9144.0
460.0,TGW263,-6.613592587391402,112.42487180802888,9144.0
460.0,TGW266,0.5333182595345373,104.39050640109996,9144.0
460.0,TGW275,-5.5474624803542,106.17454064926157,9144.0
460.0,TGW276,0.5691424309957577,104.58952739795737,9144.0
460.0,TGW277,-5.691562616271983,106.39156903526114,9144.0
460.0,TGW281,-8.046427785079594,114.54541163192236,9144.0
460.0,TGW284,0.9668805144551684,104.19970938870607,9144.0
460.0,SIA878,1.3397591784286236,104.80415816852312,9144.0,"(TGW12),(TGW266)"
460.0,SIA883,21.395913696083184,113.92393953745324,9144.0,"(TGW266),(TGW12)"
470.0,SIA878,1.3403019157255027,104.83216344202344,9144.0
470.0,SIA883,21.367064898384378,113.92362633827533,9144.0
470.0,SIA912,1.2145893666482803,103.98789393818848,9144.0
470.0,SIA915,13.801690374940181,120.82838953104974,9144.0
470.0,SIA926,0.6298439613694338,104.49461422352051,9144.0
470.0,SIA939,-8.533320077782744,115.33232182267318,9144.0
470.0,SIA953,-5.1768725356120795,106.02894965360933,9144.0
470.0,SIA957,-5.315893450667427,106.094624471238,9144.0
470.0,SIA959,-6.141444568167089,106.62717999496083,9144.0
470.0,SJX731,24.756034421626513,120.56539439433475,9144.0
470.0,SJX732,1.344200150367407,104.50928246309947,9144.0
470.0,TGW12,0.5154448253031209,104.40117986897654,9144.0
470.0,TGW139,27.99125275368064,113.698443363884,9144.0
470.0,TGW263,-6.590500070680058,112.40696276951181,9144.0
470.0,TGW266,0.5118533574358519,104.40301186029825,9144.0
470.0,TGW275,-5.524929817096384,106.16012091454594,9144.0
470.0,TGW276,0.5434585643224341,104.60185325976167,9144.0
470.0,TGW277,-5.6743796114120055,106.37742357206675,9144.0
470.0,TGW281,-8.025066811136275,114.52339736649834,9144.0
470.0,TGW284,0.9437530639651392,104.20457374675816,9144.0
470.0,SIA878,1.3403019157255027,104.83216344202344,9144.0,"(TGW12),(TGW266)"
470.0,SIA883,21.367064898384378,113.92362633827533,9144.0,"(TGW266),(TGW12)"
480.0,SIA878,1.3408438954154338,104.86016873640321,9144.0
480.0,SIA883,21.338307181702998,113.91891346416355,9144.0
480.0,SIA912,1.2283134255177666,104.0001853659006,9144.0
480.0,SIA915,13.777974830620408,120.8094940595733,9144.0
480.0,SIA926,0.6075324216975474,104.50908317276716,9144.0
480.0,SIA939,-8.521788230221855,115.31258952486543,9144.0
480.0,SIA953,-5.14667897514793,106.01580928816757,9144.0
480.0,SIA957,-5.290627802005293,106.07818377107643,9144.0
480.0,SIA959,-6.130432698007384,106.61066650856861,9144.0
480.0,SJX731,24.740671850361032,120.54124572685659,9144.0
480.0,SJX732,1.34474793233137,104.53722680523117,9144.0
480.0,TGW12,0.4911607893687681,104.41536736803565,9144.0
480.0,TGW139,27.956980303009086,113.69523845556766,9144.0
480.0,TGW263,-6.567448264921484,112.38900149517234,9144.0
480.0,TGW266,0.4891439553673546,104.41624225215544,9144.0
480.0,TGW275,-5.5022926210257745,106.14563574896201,9144.0
480.0,TGW276,0.5176656835667528,104.61423130810192,9144.0
480.0,TGW277,-5.657045241863388,106.36315478412054,9144.0
480.0,TGW281,-8.003539247249936,114.5012155994975,9144.0
480.0,TGW284,0.9202912966687875,104.20741664782126,9144.0
480.0,SIA878,1.3408438954154338,104.86016873640321,9144.0,"(TGW12),(TGW266)"
480.0,SIA883,21.338307181702998,113.91891346416355,9144.0,"(TGW266),(TGW12)"
490.0,SIA878,1.3416427686772852,104.88816788603181,9144.0
490.0,SIA883,21.310215423839107,113.90985974633121,9144.0
490.0,SIA912,1.2393881475568846,104.01558238208654,9144.0
490.0,SIA915,13.754069617469158,120.7904535521495,9144.0
490.0,SIA926,0.5849617852448927,104.52371996619321,9144.0
490.0,SIA939,-8.506924520776007,115.29528578538239,9144.0
490.0,SIA953,-5.116163642536066,106.00344152079599,9144.0
490.0,SIA957,-5.2639718811687155,106.0637509528747,9144.0
490.0,SIA959,-6.116267312706392,106.59679667661767,9144.0
490.0,SJX731,24.721884428405136,120.51957941987318,9144.0
490.0,SJX732,1.3411928888683313,104.56494934034795,9144.0
490.0,TGW12,0.4668505316582471,104.42950983557978,9144.0
490.0,TGW139,27.9227641061262,113.69204084941086,9144.0
490.0,TGW263,-6.544064005577819,112.37078428321928,9144.0
490.0,TGW266,0.4664344774740134,104.42947247012255,9144.0
490.0,TGW275,-5.4785537764484395,106.13305627209631,9144.0
490.0,TGW276,0.4911795796047532,104.62504662893168,9144.0
490.0,TGW277,-5.639718799235279,106.34887670428127,9144.0
490.0,TGW281,-7.981930608628732,114.47911553927764,9144.0
490.0,TGW284,0.8969568044633113,104.21024408889411,9144.0
490.0,SIA878,1.3416427686772852,104.88816788603181,9144.0,"(TGW12),(TGW266)"
490.0,SIA883,21.310215423839107,113.90985974633121,9144.0,"(TGW266),(TGW12)"
500.0,SIA878,1.342442697795237,104.91622786781569,9144.0
500.0,SIA883,21.282878504794407,113.89845238731026,9144.0
500.0,SIA912,1.2477271553278286,104.03417182291531,9144.0
500.0,SIA915,13.730193662179584,120.77137611862854,9144.0
500.0,SIA926,0.5623382813710732,104.53827484510178,9144.0
500.0,SIA939,-8.48904410818484,115.28077818790425,9144.0
500.0,SIA953,-5.08506414239833,105.99083834449542,9144.0
500.0,SIA957,-5.237314987301677,106.0493205641568,9144.0
500.0,SIA959,-6.099559174215946,106.58616841150344,9144.0
500.0,SJX731,24.700133553863637,120.50103118139745,9144.0
500.0,SJX732,1.3406229022793787,104.59289319098654,9144.0
500.0,TGW12,0.44206919271057266,104.44392622062371,9144.0
500.0,TGW139,27.888533489925447,113.6890483849426,9144.0
500.0,TGW263,-6.52061054328209,112.35265827849368,9144.0
500.0,TGW266,0.4436860939650296,104.44263563430802,9144.0
500.0,TGW275,-5.454271067480583,106.12018984714007,9144.0
500.0,TGW276,0.4645817022209548,104.63590749017717,9144.0
500.0,TGW277,-5.621941302736785,106.33422824744498,9144.0
500.0,TGW281,-7.960113955955688,114.45680692633222,9144.0
500.0,TGW284,0.8744487817870882,104.21701834856329,9144.0
500.0,SIA878,1.342442697795237,104.91622786781569,9144.0,"(TGW12),(TGW266)"
500.0,SIA883,21.282878504794407,113.89845238731026,9144.0,"(TGW266),(TGW12)"
510.0,SIA878,1.3431498488153724,104.94429035049605,9144.0
510.0,SIA883,21.254324371312897,113.8912584171018,9144.0
510.0,SIA912,1.2521701021626277,104.05405627780759,9144.0
510.0,SIA915,13.706128811838362,120.75215377497116,9144.0
510.0,SIA926,0.5395076951924355,104.55296279453378,9144.0
510.0,SIA939,-8.469239276328826,115.26910263516366,9144.0
510.0,SIA953,-5.053964310238206,105.97823660082365,9144.0
510.0,SIA957,-5.211680780605583,106.03312978164321,9144.0
510.0,SIA959,-6.08108657793109,106.57927636217846,9144.0
510.0,SJX731,24.676115872117382,120.48625769231498,9144.0
510.0,SJX732,1.3400586487434134,104.62053206644282,9144.0
510.0,TGW12,0.41731152624304413,104.45838317687543,9144.0
510.0,TGW139,27.85430280881199,113.68605781612646,9144.0
510.0,TGW263,-6.496825314856384,112.33427888303648,9144.0
510.0,TGW266,0.42013597561378246,104.45626257377856,9144.0
510.0,TGW275,-5.430003151189392,106.10729580919167,9144.0
510.0,TGW276,0.43820040279804695,104.64728431945679,9144.0
510.0,TGW277,-5.6041613983080945,106.31958318836415,9144.0
510.0,TGW281,-7.938243757263591,114.43455301834867,9144.0
510.0,TGW284,0.8522484719756525,104.22369990608708,9144.0
510.0,SIA878,1.3431498488153724,104.94429035049605,9144.0,"(TGW12),(TGW266)"
510.0,SIA883,21.254324371312897,113.8912584171018,9144.0,"(TGW266),(TGW12)"
520.0,SIA878,1.3438670390123966,104.97277729839703,9144.0
520.0,SIA883,21.225584892836515,113.88407058604291,9144.0
520.0,SIA912,1.255301291106802,104.07418915378618,9144.0
520.0,SIA915,13.68291988855764,120.73184892900188,9144.0
520.0,SIA926,0.5167090422466801,104.56770021234097,9144.0
520.0,SIA939,-8.451812711299556,115.25404250772273,9144.0
520.0,SIA953,-5.022721836597593,105.96599620102185,9144.0
520.0,SIA957,-5.185596070810603,106.01665684701629,9144.0
520.0,SIA959,-6.061594823102345,106.5763834564556,9144.0
520.0,SJX731,24.650366941108768,120.47558700733335,9144.0
520.0,SJX732,1.340597260332075,104.64817145984472,9144.0
520.0,TGW12,0.39218989529678827,104.47305254411694,9144.0
520.0,TGW139,27.820077945320186,113.6829842182255,9144.0
520.0,TGW263,-6.473076880809935,112.31585222207357,9144.0
520.0,TGW266,0.3966740360175387,104.47004074705175,9144.0
520.0,TGW275,-5.405303166174284,106.0941735000003,9144.0
520.0,TGW276,0.41176372093344193,104.65868493727399,9144.0
520.0,TGW277,-5.586408386082505,106.30490567375308,9144.0
520.0,TGW281,-7.916083487073559,114.41200796540221,9144.0
520.0,TGW284,0.8296167356073083,104.22872950868138,9144.0
520.0,SIA878,1.3438670390123966,104.97277729839703,9144.0,"(TGW12),(TGW266)"
520.0,SIA883,21.225584892836515,113.88407058604291,9144.0,"(TGW266),(TGW12)"
530.0,SIA878,1.3444125644194955,105.00126805911874,9144.0
530.0,SIA883,21.197052569779913,113.87599014724333,9144.0
530.0,SIA912,1.2585543122261729,104.09510709200009,9144.0
530.0,SIA915,13.659753815208576,120.71158813487489,9144.0
530.0,SIA926,0.4926316815415885,104.5832640535842,9144.0
530.0,SIA939,-8.435993886343956,115.2349282148943,9144.0
530.0,SIA953,-4.991002213271201,105.95357027972092,9144.0
530.0,SIA957,-5.1588822055202845,106.0012346101636,9144.0
530.0,SIA959,-6.0419300259585125,106.57761497808654,9144.0
530.0,SJX731,24.623460923017788,120.4692553820865,9144.0
530.0,SJX732,1.3411401451685192,104.67605492857909,9144.0
530.0,TGW12,0.36705470036537535,104.48769861435709,9144.0
530.0,TGW139,27.785853013465434,113.67991256133959,9144.0
530.0,TGW263,-6.448998826407314,112.2971727547564,9144.0
530.0,TGW266,0.3731590992109758,104.48384986300945,9144.0
530.0,TGW275,-5.380537913767242,106.08117642955263,9144.0
530.0,TGW276,0.3851839628235689,104.6697478262244,9144.0
530.0,TGW277,-5.5672658091390534,106.28908119730339,9144.0
530.0,TGW281,-7.893921487357924,114.38946585617484,9144.0
530.0,TGW284,0.8089586022502132,104.2370688703092,9144.0
530.0,SIA878,1.3444125644194955,105.00126805911874,9144.0,"(TGW12),(TGW266)"
530.0,SIA883,21.197052569779913,113.87599014724333,9144.0,"(TGW266),(TGW12)"
540.0,SIA878,1.3449678212136233,105.03030150467109,9144.0
540.0,SIA883,21.16823145606513,113.86783127715103,9144.0
540.0,SIA912,1.2634680377692677,104.11569817360288,9144.0
540.0,SIA915,13.636553268204677,120.69137114792005,9144.0
540.0,SIA926,0.4685185513824433,104.59877236043084,9144.0
540.0,SIA939,-8.420563813979832,115.21549264603,9144.0
540.0,SIA953,-4.959344765203944,105.94098620946804,9144.0
540.0,SIA957,-5.131507477229035,105.98543280207124,9144.0
540.0,SIA959,-6.022945814310204,106.58291717711492,9144.0
540.0,SJX731,24.59599778131465,120.46740211131522,9144.0
540.0,SJX732,1.3416891383218403,104.70393828390722,9144.0
540.0,TGW12,0.3410939206187606,104.50282563537782,9144.0
540.0,TGW139,27.751627126294327,113.676855496269,9144.0
540.0,TGW263,-6.42493566736941,112.27847474392745,9144.0
540.0,TGW266,0.34953861862633334,104.49747761618983,9144.0
540.0,TGW275,-5.355664519354314,106.06812388937348,9144.0
540.0,TGW276,0.35860418792561083,104.68081064152597,9144.0
540.0,TGW277,-5.547985439977127,106.2730429186465,9144.0
540.0,TGW281,-7.872060821673126,114.36662702678275,9144.0
540.0,TGW284,0.7898151466041319,104.24920778200753,9144.0
540.0,SIA878,1.3449678212136233,105.03030150467109,9144.0,"(TGW12),(TGW266)"
540.0,SIA883,21.16823145606513,113.86783127715103,9144.0,"(TGW266),(TGW12)"
550.0,SIA878,1.3456321452644902,105.05933266603192,9144.0
550.0,SIA883,21.139401262847496,113.85971096055097,9144.0
550.0,SIA912,1.268335548889279,104.1360968150721,9144.0
550.0,SIA915,13.61380337608769,120.67155335959393,9144.0
550.0,SIA926,0.44543580038659053,104.61607966846701,9144.0
550.0,SIA939,-8.404228979195224,115.19492097359533,9144.0
550.0,SIA953,-4.927371241574209,105.92827794013314,9144.0
550.0,SIA957,-5.104437719672859,105.96911065554212,9144.0
550.0,SIA959,-6.005466272479624,106.59205964001802,9144.0
550.0,SJX731,24.568660704960863,120.46104366441509,9144.0
550.0,SJX732,1.3422400668330183,104.73194341955804,9144.0
550.0,TGW12,0.3151102192012246,104.51791320927583,9144.0
550.0,TGW139,27.71757041743372,113.6738154588971,9144.0
550.0,TGW263,-6.400451558137939,112.25945263061178,9144.0
550.0,TGW266,0.32565282034749476,104.51125833293295,9144.0
550.0,TGW275,-5.330531650036848,106.05558329545521,9144.0
550.0,TGW276,0.3320866200801041,104.69202172263901,9144.0
550.0,TGW277,-5.5277407834664025,106.2562045030971,9144.0
550.0,TGW281,-7.849874587451366,114.34345279521898,9144.0
550.0,TGW284,0.7728436447998663,104.26481355958337,9144.0
550.0,SIA878,1.3456321452644902,105.05933266603192,9144.0,"(TGW12),(TGW266)"
550.0,SIA883,21.139401262847496,113.85971096055097,9144.0,"(TGW266),(TGW12)"
560.0,SIA878,1.3463095710300108,105.08896271191429,9144.0
560.0,SIA883,21.110743636277558,113.85164255154261,9144.0
560.0,SIA912,1.2730034848430933,104.1565421092947,9144.0
560.0,SIA915,13.591061140816548,120.65172817398089,9144.0
560.0,SIA926,0.42216053114917024,104.63353117183539,9144.0
560.0,SIA939,-8.386382111106117,115.17567655535676,9144.0
560.0,SIA953,-4.895365157437916,105.91565311872967,9144.0
560.0,SIA957,-5.07721752039757,105.95269979111428,9144.0
560.0,SIA959,-5.990250168681579,106.60464532149807,9144.0
560.0,SJX731,24.54113683376507,120.45437125472749,9144.0
560.0,SJX732,1.3427892073252392,104.75994859663604,9144.0
560.0,TGW12,0.2887168036659774,104.53323859044818,9144.0
560.0,TGW139,27.683491711642468,113.67110903169498,9144.0
560.0,TGW263,-6.375982510886409,112.24041181306956,9144.0
560.0,TGW266,0.30187753580516025,104.52522882474318,9144.0
560.0,TGW275,-5.305126785298301,106.04290820910091,9144.0
560.0,TGW276,0.30556903697589083,104.70323273878616,9144.0
560.0,TGW277,-5.507445484352495,106.23942830866277,9144.0
560.0,TGW281,-7.827538401790497,114.32042704891477,9144.0
560.0,TGW284,0.758669996901928,104.28340494675545,9144.0
560.0,SIA878,1.3463095710300108,105.08896271191429,9144.0,"(TGW12),(TGW266)"
560.0,SIA883,21.110743636277558,113.85164255154261,9144.0,"(TGW266),(TGW12)"
570.0,SIA878,1.3470474558910157,105.11859132198755,9144.0
570.0,SIA883,21.08210490897271,113.84349897049457,9144.0
570.0,SIA912,1.277948566319392,104.17820251459636,9144.0
570.0,SIA915,13.568135320836122,120.63174927937187,9144.0
570.0,SIA926,0.3988851971729284,104.6509825380603,9144.0
570.0,SIA939,-8.36739631456988,115.1552074486563,9144.0
570.0,SIA953,-4.8639392659588445,105.90325853628661,9144.0
570.0,SIA957,-5.049832583609506,105.93656821008959,9144.0
570.0,SIA959,-5.977958017706847,106.62012779749351,9144.0
570.0,SJX731,24.513612656050647,120.44770183533322,9144.0
570.0,SJX732,1.3432921674374536,104.787954647395,9144.0
570.0,TGW12,0.26232335983437194,104.54856388893892,9144.0
570.0,TGW139,27.64946947594572,113.66840878034249,9144.0
570.0,TGW263,-6.351373152763485,112.22126477169385,9144.0
570.0,TGW266,0.2775769692054818,104.53950787719492,9144.0
570.0,TGW275,-5.279721520169931,106.03023445278282,9144.0
570.0,TGW276,0.27899288024338414,104.71430415791527,9144.0
570.0,TGW277,-5.486767041310058,106.22233744049315,9144.0
570.0,TGW281,-7.804997605172755,114.29719508979247,9144.0
570.0,TGW284,0.7479686524349352,104.30419018724336,9144.0
570.0,SIA878,1.3470474558910157,105.11859132198755,9144.0,"(TGW12),(TGW266)"
570.0,SIA883,21.08210490897271,113.84349897049457,9144.0,"(TGW266),(TGW12)"
580.0,SIA878,1.3477921523271603,105.14851779616103,9144.0
580.0,SIA883,21.05312042994499,113.83526043234983,9144.0
580.0,SIA912,1.2829599679792962,104.19984770679551,9144.0
580.0,SIA915,13.545197180802608,120.61178728217416,9144.0
580.0,SIA926,0.37544760532876514,104.6682153159623,9144.0
580.0,SIA939,-8.348408130136528,115.13474160148306,9144.0
580.0,SIA953,-4.832489770019473,105.8909249795337,9144.0
580.0,SIA957,-5.022246535159104,105.9203200973276,9144.0
580.0,SIA959,-5.969123408681598,106.6378349876179,9144.0
580.0,SJX731,24.486381833682177,120.4397108178208,9144.0
580.0,SJX732,1.3437857945061085,104.81602170780634,9144.0
580.0,TGW12,0.236009666159826,104.56402569056381,9144.0
580.0,TGW139,27.615376185593245,113.6673493572961,9144.0
580.0,TGW263,-6.326709846874884,112.20218904610866,9144.0
580.0,TGW266,0.25320686380201834,104.55366789022847,9144.0
580.0,TGW275,-5.254286312235656,106.01762192836382,9144.0
580.0,TGW276,0.2524167109612827,104.72537552310416,9144.0
580.0,TGW277,-5.466055007391165,106.20528826294168,9144.0
580.0,TGW281,-7.782455522933379,114.27396565248586,9144.0
580.0,TGW284,0.7345309003470284,104.32332022475373,9144.0
580.0,SIA878,1.3477921523271603,105.14851779616103,9144.0,"(TGW12),(TGW266)"
580.0,SIA883,21.05312042994499,113.83526043234983,9144.0,"(TGW266),(TGW12)"
590.0,SIA878,1.3485056405567286,105.17844503983515,9144.0
590.0,SIA883,21.024135318458807,113.82702605183279,9144.0
590.0,SIA912,1.2883769261441267,104.22324571260236,9144.0
590.0,SIA915,13.522030711036562,120.59163282151995,9144.0
590.0,SIA926,0.351720269366823,104.6856609742186,9144.0
590.0,SIA939,-8.329405634811675,115.1142903217082,9144.0
590.0,SIA953,-4.801625021775201,105.87882201404337,9144.0
590.0,SIA957,-4.994715903292447,105.90397822954564,9144.0
590.0,SIA959,-5.96412984253415,106.65699831692655,9144.0
590.0,SJX731,24.45874106395044,120.43160326193123,9144.0
590.0,SJX732,1.3443118974191095,104.84408818397864,9144.0
590.0,TGW12,0.2093910880596448,104.5796665575518,9144.0
590.0,TGW139,27.581339563872284,113.66629235321919,9144.0
590.0,TGW263,-6.301952681052584,112.18304356799808,9144.0
590.0,TGW266,0.22899436052198247,104.56773624663892,9144.0
590.0,TGW275,-5.2285796515206036,106.00487629281172,9144.0
590.0,TGW276,0.22576434878198862,104.73626216410509,9144.0
590.0,TGW277,-5.444866550680508,106.18784901849583,9144.0
590.0,TGW281,-7.759749947223295,114.2505723102863,9144.0
590.0,TGW284,0.7207617526568961,104.3429217173243,9144.0
590.0,SIA878,1.3485056405567286,105.17844503983515,9144.0,"(TGW12),(TGW266)"
590.0,SIA883,21.024135318458807,113.82702605183279,9144.0,"(TGW266),(TGW12)"
600.0,SIA878,1.349228464537513,105.20878754986154,9144.0
600.0,SIA883,20.995122723785446,113.81890509499318,9144.0
600.0,SIA912,1.293852319992191,104.24689759734964,9144.0
600.0,SIA915,13.499275210126385,120.57099099713159,9144.0
600.0,SIA926,0.32828933914650377,104.70350272173856,9144.0
600.0,SIA939,-8.30948984823186,115.09286068023748,9144.0
600.0,SIA953,-4.770763385360586,105.8667116060598,9144.0
600.0,SIA957,-4.9668855020242555,105.88746029885635,9144.0
600.0,SIA959,-5.963194084629862,106.67678605332455,9144.0
600.0,SJX731,24.431026251228328,120.4238084530029,9144.0
600.0,SJX732,1.3448401249672537,104.87233688091905,9144.0
600.0,TGW12,0.18267972870878763,104.59514841374231,9144.0
600.0,TGW139,27.547302934142675,113.66523600506602,9144.0
600.0,TGW263,-6.277157707766366,112.16394858805319,9144.0
600.0,TGW266,0.20478308637719195,104.58180669578039,9144.0
600.0,TGW275,-5.202738647902802,105.99240811848402,9144.0
600.0,TGW276,0.19916779067914972,104.74712596437142,9144.0
600.0,TGW277,-5.423695231187582,106.17038939825682,9144.0
600.0,TGW281,-7.7369850722180304,114.22723900457986,9144.0
600.0,TGW284,0.7064898190199844,104.36216009878892,9144.0
600.0,SIA878,1.349228464537513,105.20878754986154,9144.0,"(TGW12),(TGW266)"
600.0,SIA883,20.995122723785446,113.81890509499318,9144.0,"(TGW266),(TGW12)"
610.0,SIA878,1.350004013338905,105.23912876698598,9144.0
610.0,SIA883,20.96565101885831,113.81065918091969,9144.0
610.0,SIA912,1.2993258520180826,104.27054996439145,9144.0
610.0,SIA915,13.476428847918198,120.55027321802974,9144.0
610.0,SIA926,0.30462088837630474,104.72152518777587,9144.0
610.0,SIA939,-8.289500796949069,115.0715019088311,9144.0
610.0,SIA953,-4.740008314043997,105.85464424628947,9144.0
610.0,SIA957,-4.939028027929958,105.87098910715997,9144.0
610.0,SIA959,-5.966356755218476,106.69633937780462,9144.0
610.0,SJX731,24.403077309699142,120.41595146206274,9144.0
610.0,SJX732,1.34595969701495,104.90056832891777,9144.0
610.0,TGW12,0.15566368352193186,104.61080680225875,9144.0
610.0,TGW139,27.513266296416262,113.66418031167409,9144.0
610.0,TGW263,-6.252083340811038,112.1446412708752,9144.0
610.0,TGW266,0.18036170775515087,104.59599918007513,9144.0
610.0,TGW275,-5.176571638540705,105.97978394103013,9144.0
610.0,TGW276,0.17247331376233055,104.75774686627894,9144.0
610.0,TGW277,-5.402192513516815,106.15265858677388,9144.0
610.0,TGW281,-7.714016325414382,114.20370127039463,9144.0
610.0,TGW284,0.6922177693890544,104.3813983356942,9144.0
610.0,SIA878,1.350004013338905,105.23912876698598,9144.0,"(TGW12),(TGW266)"
610.0,SIA883,20.96565101885831,113.81065918091969,9144.0,"(TGW266),(TGW12)"
620.0,SIA878,1.3507910580057754,105.2699420943605,9144.0
620.0,SIA883,20.93619483989624,113.80235152384769,9144.0
620.0,SIA912,1.3046515229159006,104.29423612999311,9144.0
620.0,SIA915,13.453412765938358,120.52975701426377,9144.0
620.0,SIA926,0.28034556900813024,104.73872145515848,9144.0
620.0,SIA939,-8.269221757037334,115.04983813058077,9144.0
620.0,SIA953,-4.70926538933291,105.84254629943771,9144.0
620.0,SIA957,-4.911369617439196,105.85463745413713,9144.0
620.0,SIA959,-5.9654209973141885,106.71612719455295,9144.0
620.0,SJX731,24.375140346550292,120.40804501713407,9144.0
620.0,SJX732,1.348996162737874,104.92914506973933,9144.0
620.0,TGW12,0.12871584890461885,104.62658227322231,9144.0
620.0,TGW139,27.479222245285403,113.66349288133465,9144.0
620.0,TGW263,-6.22706840331746,112.12525702131566,9144.0
620.0,TGW266,0.1559793237731528,104.61025853512822,9144.0
620.0,TGW275,-5.149222826578123,105.97000654907845,9144.0
620.0,TGW276,0.14589098830184027,104.76832311182899,9144.0
620.0,TGW277,-5.380673942105672,106.13494781911625,9144.0
620.0,TGW281,-7.691106364164032,114.18010654211983,9144.0
620.0,TGW284,0.6780258439544677,104.40069570699804,9144.0
620.0,SIA878,1.3507910580057754,105.2699420943605,9144.0,"(TGW12),(TGW266)"
620.0,SIA883,20.93619483989624,113.80235152384769,9144.0,"(TGW266),(TGW12)"
630.0,SIA878,1.351560918165037,105.30075586587982,9144.0
630.0,SIA883,20.906339152407853,113.79393483676643,9144.0
630.0,SIA912,1.3103710372762185,104.3196778030478,9144.0
630.0,SIA915,13.430171729595125,120.50904661979217,9144.0
630.0,SIA926,0.25602160120933154,104.75595206761258,9144.0
630.0,SIA939,-8.249004362976647,115.02811670979959,9144.0
630.0,SIA953,-4.678896987697289,105.83059692557278,9144.0
630.0,SIA957,-4.883747651669401,105.83822453685362,9144.0
630.0,SIA959,-5.960430884647113,106.7352216690877,9144.0
630.0,SJX731,24.347144654186103,120.4001256594441,9144.0
630.0,SJX732,1.35205127918555,104.95790167459522,9144.0
630.0,TGW12,0.10151569854683257,104.64250540793246,9144.0
630.0,TGW139,27.445234915672838,113.66280702020077,9144.0
630.0,TGW263,-6.201867963018901,112.10573184419846,9144.0
630.0,TGW266,0.1313877802866926,104.62464016525003,9144.0
630.0,TGW275,-5.121534875778957,105.96010886895391,9144.0
630.0,TGW276,0.11927990151140586,104.7788267687914,9144.0
630.0,TGW277,-5.358825411007615,106.11696755650784,9144.0
630.0,TGW281,-7.667993681902535,114.15630760779902,9144.0
630.0,TGW284,0.6637204974890166,104.42014700632166,9144.0
630.0,SIA878,1.351560918165037,105.30075586587982,9144.0,"(TGW12),(TGW266)"
630.0,SIA883,20.906339152407853,113.79393483676643,9144.0,"(TGW266),(TGW12)"
640.0,SIA878,1.3522360805350935,105.33157186756762,9144.0
640.0,SIA883,20.876468182964295,113.78558217694876,9144.0
640.0,SIA912,1.3162982012050415,104.34516195933934,9144.0
640.0,SIA915,13.407283667965054,120.48792681274986,9144.0
640.0,SIA926,0.2325064185857719,104.77427105228435,9144.0
640.0,SIA939,-8.22858078203589,115.00617862875683,9144.0
640.0,SIA953,-4.648534349336945,105.81863333436421,9144.0
640.0,SIA957,-4.8562250409357075,105.82187246709773,9144.0
640.0,SIA959,-5.95158373656548,106.75292196338704,9144.0
640.0,SJX731,24.319134625916444,120.39226934769783,9144.0
640.0,SJX732,1.3551056749423005,104.9866583922741,9144.0
640.0,TGW12,0.07431550073348028,104.65842844997876,9144.0
640.0,TGW139,27.41124863371266,113.6620583673832,9144.0
640.0,TGW263,-6.176629155770932,112.08625780365529,9144.0
640.0,TGW266,0.10680692868169064,104.6390400493924,9144.0
640.0,TGW275,-5.094116463406257,105.94948215694735,9144.0
640.0,TGW276,0.09278125030652351,104.78928602209007,9144.0
640.0,TGW277,-5.337005256576258,106.09895320723581,9144.0
640.0,TGW281,-7.644864028687411,114.13252675649478,9144.0
640.0,TGW284,0.6494120651732593,104.43959597983272,9144.0
640.0,SIA878,1.3522360805350935,105.33157186756762,9144.0,"(TGW12),(TGW266)"
640.0,SIA883,20.876468182964295,113.78558217694876,9144.0,"(TGW266),(TGW12)"
650.0,SIA878,1.3529190462270382,105.36285747484281,9144.0
650.0,SIA883,20.84642624122592,113.77718533343786,9144.0
650.0,SIA912,1.3222666589751384,104.37082792989783,9144.0
650.0,SIA915,13.384262014671343,120.46669041706019,9144.0
650.0,SIA926,0.20889731138529372,104.79266310210915,9144.0
650.0,SIA939,-8.20808687229711,114.98430873797814,9144.0
650.0,SIA953,-4.618278867916305,105.80671309882078,9144.0
650.0,SIA957,-4.828684009760083,105.80555233004026,9144.0
650.0,SIA959,-5.939311536713867,106.76833315329984,9144.0
650.0,SJX731,24.290775063857847,120.38431872585132,9144.0
650.0,SJX732,1.3578444372953278,105.01544693557246,9144.0
650.0,TGW12,0.04700530358148104,104.67416207323213,9144.0
650.0,TGW139,27.37720562459559,113.66130892676108,9144.0
650.0,TGW263,-6.151251122137355,112.06667912381363,9144.0
650.0,TGW266,0.08191360502105907,104.65362295283296,9144.0
650.0,TGW275,-5.066474862621043,105.93876998113348,9144.0
650.0,TGW276,0.06617456481239806,104.79946731049924,9144.0
650.0,TGW277,-5.3149972228367055,106.08078585491532,9144.0
650.0,TGW281,-7.621797963297438,114.10868440021639,9144.0
650.0,TGW284,0.6347650420747969,104.4595049009203,9144.0
650.0,SIA878,1.3529190462270382,105.36285747484281,9144.0,"(TGW12),(TGW266)"
650.0,SIA883,20.84642624122592,113.77718533343786,9144.0,"(TGW266),(TGW12)"
660.0,SIA878,1.353699048067492,105.39414082204455,9144.0
660.0,SIA883,20.816403818096607,113.76871062361053,9144.0
660.0,SIA912,1.328019026671645,104.39654327978226,9144.0
660.0,SIA915,13.36181011826825,120.44482100612777,9144.0
660.0,SIA926,0.18490270059298747,104.81054926792824,9144.0
660.0,SIA939,-8.187427639207517,114.96226718636164,9144.0
660.0,SIA953,-4.588023155250306,105.79479396082795,9144.0
660.0,SIA957,-4.800793345306382,105.78902680019604,9144.0
660.0,SIA959,-5.924120554540779,106.78084193204174,9144.0
660.0,SJX731,24.262428077005975,120.37631609194855,9144.0
660.0,SJX732,1.360610963612409,105.0445346927995,9144.0
660.0,TGW12,0.019493052450364624,104.69001207376358,9144.0
660.0,TGW139,27.34316261134551,113.66055995457734,9144.0
660.0,TGW263,-6.125869956784951,112.0471054837332,9144.0
660.0,TGW266,0.056966379098508824,104.66811344375981,9144.0
660.0,TGW275,-5.0388025570549315,105.92813845697339,9144.0
660.0,TGW276,0.03973752884563378,104.80958366751263,9144.0
660.0,TGW277,-5.292987157884912,106.06262163260556,9144.0
660.0,TGW281,-7.598607485639546,114.08472342563675,9144.0
660.0,TGW284,0.6198563174561043,104.47976948125992,9144.0
660.0,SIA878,1.353699048067492,105.39414082204455,9144.0,"(TGW12),(TGW266)"
660.0,SIA883,20.816403818096607,113.76871062361053,9144.0,"(TGW266),(TGW12)"
670.0,SIA878,1.354488707557627,105.42589119472387,9144.0
670.0,SIA883,20.7863242182979,113.76022340922113,9144.0
670.0,SIA912,1.329677150489596,104.42271780936997,9144.0
670.0,SIA915,13.339142950281866,120.42274881071837,9144.0
670.0,SIA926,0.16076518037339152,104.82854188190964,9144.0
670.0,SIA939,-8.16674290893432,114.94025119831818,9144.0
670.0,SIA953,-4.557784531317216,105.78283176210739,9144.0
670.0,SIA957,-4.772917360114495,105.77247702059366,9144.0
670.0,SIA959,-5.906674705088758,106.78990174776544,9144.0
670.0,SJX731,24.23384883414063,120.36825169849631,9144.0
670.0,SJX732,1.36307460847572,105.07364971244645,9144.0
670.0,TGW12,-0.007922633927257998,104.7060285214165,9144.0
670.0,TGW139,27.30912091111171,113.6597390739269,9144.0
670.0,TGW263,-6.100395850947256,112.02746288409469,9144.0
670.0,TGW266,0.03181113056099215,104.68272474524535,9144.0
670.0,TGW275,-5.01085188607116,105.91740102214749,9144.0
670.0,TGW276,0.013264544000487603,104.81960557249496,9144.0
670.0,TGW277,-5.2708363262221605,106.04434337750189,9144.0
670.0,TGW281,-7.575207901035157,114.06097155754614,9144.0
670.0,SIA878,1.354488707557627,105.42589119472387,9144.0,"(TGW12),(TGW266)"
670.0,SIA883,20.7863242182979,113.76022340922113,9144.0,"(TGW266),(TGW12)"
680.0,SIA878,1.355208599293615,105.45764323625427,9144.0
680.0,SIA883,20.75622972791602,113.75179848276791,9144.0
680.0,SIA912,1.3306439933116414,104.44898917894812,9144.0
680.0,SIA915,13.3164023003034,120.40075866256275,9144.0
680.0,SIA926,0.1366995073205814,104.84663046213335,9144.0
680.0,SIA939,-8.145811605189552,114.91797757484663,9144.0
680.0,SIA953,-4.527545679582938,105.77087064446934,9144.0
680.0,SIA957,-4.744792616011209,105.75578134269038,9144.0
680.0,SIA959,-5.88773645136047,106.79511686187308,9144.0
680.0,SJX731,24.205258864624597,120.36023495980001,9144.0
680.0,SJX732,1.3655980226891278,105.10347907197418,9144.0
680.0,TGW12,-0.035539116269305226,104.72216227535452,9144.0
680.0,TGW139,27.27502252089207,113.65891733336332,9144.0
680.0,TGW263,-6.074950287293546,112.00778383450226,9144.0
680.0,TGW266,0.006669926341699908,104.6973601969836,9144.0
680.0,TGW275,-4.982927101746217,105.90659638863401,9144.0
680.0,TGW276,-0.013094982959994343,104.82958452204991,9144.0
680.0,TGW277,-5.248677796407353,106.02607518540843,9144.0
680.0,TGW281,-7.5517245744834,114.03714216328815,9144.0
680.0,SIA878,1.355208599293615,105.45764323625427,9144.0,"(TGW12),(TGW266)"
680.0,SIA883,20.75622972791602,113.75179848276791,9144.0,"(TGW266),(TGW12)"
690.0,SIA878,1.3559351851144592,105.48974391337714,9144.0
690.0,SIA883,20.725851600607147,113.74329772243088,9144.0
690.0,SIA912,1.3316104288651487,104.4752605738165,9144.0
690.0,SIA915,13.293361396144263,120.37848518362861,9144.0
690.0,SIA926,0.11263381351904152,104.86471899822071,9144.0
690.0,SIA939,-8.124993940179342,114.8955966953183,9144.0
690.0,SIA953,-4.4972646794306455,105.75901780494782,9144.0
690.0,SIA957,-4.716624119955163,105.73916077487024,9144.0
690.0,SIA959,-5.868133481216149,106.7962596192036,9144.0
690.0,SJX731,24.17637948763513,120.35214091377895,9144.0
690.0,SJX732,1.3682798600085422,105.13329463124929,9144.0
690.0,TGW12,-0.06314543546234878,104.73831341990807,9144.0
690.0,TGW139,27.24092093482798,113.65828557635187,9144.0
690.0,TGW263,-6.049182872539143,111.9878586160771,9144.0
690.0,TGW266,-0.018575008960065195,104.71205602990673,9144.0
690.0,TGW275,-4.954725174025945,105.89568557073619,9144.0
690.0,TGW276,-0.0394197779287426,104.83965474093802,9144.0
690.0,TGW277,-5.226378761475167,106.00769326620461,9144.0
690.0,TGW281,-7.528649772483461,114.01291135957254,9144.0
690.0,SIA878,1.3559351851144592,105.48974391337714,9144.0,"(TGW12),(TGW266)"
690.0,SIA883,20.725851600607147,113.74329772243088,9144.0,"(TGW266),(TGW12)"
700.0,SIA878,1.3566615360759915,105.52184460545308,9144.0
700.0,SIA883,20.695472911976093,113.73480095899747,9144.0
700.0,SIA912,1.3325750804404155,104.50153204457159,9144.0
700.0,SIA915,13.270486538183052,120.35603384556615,9144.0
700.0,SIA926,0.08823146301323727,104.88235071732274,9144.0
700.0,SIA939,-8.10389175173166,114.87291466964852,9144.0
700.0,SIA953,-4.467037239181486,105.74718708016576,9144.0
700.0,SIA957,-4.688306355092017,105.72245386928641,9144.0
700.0,SIA959,-5.848722533647983,106.79328036331715,9144.0
700.0,SJX731,24.147520545377475,120.34396161141474,9144.0
700.0,SJX732,1.3709716511528856,105.16322869099814,9144.0
700.0,TGW12,-0.0910018984927996,104.75461093238974,9144.0
700.0,TGW139,27.206950415663293,113.6608919584014,9144.0
700.0,TGW263,-6.0234444697913085,111.96789646346089,9144.0
700.0,TGW266,-0.04380778528217191,104.72677273356916,9144.0
700.0,TGW275,-4.926489103585038,105.88486454762383,9144.0
700.0,TGW276,-0.06546058304265767,104.84961632924723,9144.0
700.0,TGW277,-5.204067837456022,105.98932655272685,9144.0
700.0,TGW281,-7.505572111439145,113.98868461406175,9144.0
700.0,SIA878,1.3566615360759915,105.52184460545308,9144.0,"(TGW12),(TGW266)"
700.0,SIA883,20.695472911976093,113.73480095899747,9144.0,"(TGW266),(TGW12)"
710.0,SIA878,1.3573946595135025,105.5542925405655,9144.0
710.0,SIA883,20.665114680518826,113.72622276690352,9144.0
710.0,SIA912,1.3330780599791199,104.52781641994446,9144.0
710.0,SIA915,13.247314864960964,120.33329838645064,9144.0
710.0,SIA926,0.06363696816659851,104.90012123103487,9144.0
710.0,SIA939,-8.082728251593956,114.85029218963645,9144.0
710.0,SIA953,-4.43684344286242,105.73527072122198,9144.0
710.0,SIA957,-4.660019401708008,105.70569517528396,9144.0
710.0,SIA959,-5.830351955387847,106.78630956956313,9144.0
710.0,SJX731,24.118488372737257,120.33573713666958,9144.0
710.0,SJX732,1.3741403946691713,105.19311603787735,9144.0
710.0,TGW12,-0.11890481015111734,104.77082880615225,9144.0
710.0,TGW139,27.173093088922236,113.66348807013529,9144.0
710.0,TGW263,-5.997705205262781,111.94793637855307,9144.0
710.0,TGW266,-0.06893688033978454,104.74142897752252,9144.0
710.0,TGW275,-4.898142197724851,105.87400208447987,9144.0
710.0,TGW276,-0.09144799799320383,104.85971638702665,9144.0
710.0,TGW277,-5.181338363795941,105.97061741691917,9144.0
710.0,TGW281,-7.482224759538668,113.96472348077992,9144.0
710.0,SIA878,1.3573946595135025,105.5542925405655,9144.0,"(TGW12),(TGW266)"
710.0,SIA883,20.665114680518826,113.72622276690352,9144.0,"(TGW266),(TGW12)"
720.0,SIA878,1.3582468403501136,105.58673757696722,9144.0
720.0,SIA883,20.635553394066704,113.71333849033788,9144.0
720.0,SIA912,1.333583736836362,104.55428689484847,9144.0
720.0,SIA915,13.225760614417082,120.30894379495172,9144.0
720.0,SIA926,0.03882499375350695,104.9175867974611,9144.0
720.0,SIA939,-8.061361244604718,114.82745693896359,9144.0
720.0,SIA953,-4.406595706476367,105.72333419909121,9144.0
720.0,SIA957,-4.631534244489221,105.68882078624341,9144.0
720.0,SIA959,-5.8138246242949965,106.77565210912286,9144.0
720.0,SJX731,24.0894360248886,120.327600480164,9144.0
720.0,SJX732,1.377333309884128,105.22323946065686,9144.0
720.0,TGW12,-0.1470574477826417,104.78719186804506,9144.0
720.0,TGW139,27.139763268690636,113.67066373089108,9144.0
720.0,TGW263,-5.971953792825126,111.9279930814885,9144.0
720.0,TGW266,-0.09404579971376859,104.75611976863843,9144.0
720.0,TGW275,-4.8698065267852115,105.86311059328533,9144.0
720.0,TGW276,-0.11754889589027284,104.86986056603794,9144.0
720.0,TGW277,-5.158542987824584,105.95198996624109,9144.0
720.0,TGW281,-7.458754949252475,113.94064264066463,9144.0
720.0,SIA878,1.3582468403501136,105.58673757696722,9144.0,"(TGW12),(TGW266)"
720.0,SIA883,20.635553394066704,113.71333849033788,9144.0,"(TGW266),(TGW12)"
730.0,SIA878,1.3591071343617447,105.61952845576457,9144.0
730.0,SIA883,20.60629729721048,113.6992263216841,9144.0
730.0,SIA912,1.33432053064191,104.58075195009985,9144.0
730.0,SIA915,13.203814461123283,120.28415459144547,9144.0
730.0,SIA926,0.014013012645112222,104.9350523508883,9144.0
730.0,SIA939,-8.039927736968595,114.80468655371345,9144.0
730.0,SIA953,-4.37635089280794,105.71139071353134,9144.0
730.0,SIA957,-4.603061615960683,105.67192580525203,9144.0
730.0,SIA959,-5.799862859940385,106.76177390040974,9144.0
730.0,SJX731,24.06021069266492,120.31941928593217,9144.0
730.0,SJX732,1.38358948181078,105.25287834576353,9144.0
730.0,TGW12,-0.17512727778036216,104.80369660146097,9144.0
730.0,TGW139,27.107078709542556,113.67938862256469,9144.0
730.0,TGW263,-5.946123659005557,111.90815390188685,9144.0
730.0,TGW266,-0.11936175835419106,104.77093172081146,9144.0
730.0,TGW275,-4.841360218651973,105.85217760399355,9144.0
730.0,TGW276,-0.14365305774697107,104.87999635339115,9144.0
730.0,TGW277,-5.135468848664671,105.93313718076685,9144.0
730.0,TGW281,-7.435341571439677,113.91650727842739,9144.0
730.0,SIA878,1.3591071343617447,105.61952845576457,9144.0,"(TGW12),(TGW266)"
730.0,SIA883,20.60629729721048,113.6992263216841,9144.0,"(TGW266),(TGW12)"
740.0,SIA878,1.359843815566072,105.65232235620827,9144.0
740.0,SIA883,20.5770400540116,113.68511957246649,9144.0
740.0,SIA912,1.3350618289650111,104.6074026617014,9144.0
740.0,SIA915,13.183720994097852,120.25776210025293,9144.0
740.0,SIA926,-0.01077681091565589,104.95254933929922,9144.0
740.0,SIA939,-8.01833108491178,114.78174755922826,9144.0
740.0,SIA953,-4.34599853468884,105.69940587107799,9144.0
740.0,SIA957,-4.57434217992542,105.65488609190524,9144.0
740.0,SIA959,-5.789076854954733,106.74528153525442,9144.0
740.0,SJX731,24.030985696385876,120.31123851455244,9144.0
740.0,SJX732,1.3898570539500796,105.28257542186134,9144.0
740.0,TGW12,-0.20329646283950742,104.82025981742268,9144.0
740.0,TGW139,27.074393598396696,113.68810835931932,9144.0
740.0,TGW263,-5.9202452906719145,111.88828358341162,9144.0
740.0,TGW266,-0.1446938432569745,104.7857160911183,9144.0
740.0,TGW275,-4.812916974970994,105.8412370462198,9144.0
740.0,TGW276,-0.16987055119904182,104.89017617105209,9144.0
740.0,TGW277,-5.110027328390164,105.91765733219464,9144.0
740.0,TGW281,-7.411806589201366,113.89225183897253,9144.0
740.0,SIA878,1.359843815566072,105.65232235620827,9144.0,"(TGW12),(TGW266)"
740.0,SIA883,20.5770400540116,113.68511957246649,9144.0,"(TGW12),(TGW276)"
740.0,SIA912,1.3350618289650111,104.6074026617014,9144.0,"(TGW266),(TGW12)"
740.0,SIA915,13.183720994097852,120.25776210025293,9144.0,"(TGW276),(TGW12)"
750.0,SIA878,1.3605860349687295,105.68540344920373,9144.0
750.0,SIA883,20.547781666681402,113.67101823243046,9144.0
750.0,SIA912,1.3356234275467973,104.63405777398671,9144.0
750.0,SIA915,13.163340799192554,120.2310025046355,9144.0
750.0,SIA926,-0.03551827132351722,104.97001219382565,9144.0
750.0,SIA939,-7.9966294685992105,114.75891103287324,9144.0
750.0,SIA953,-4.315608851475785,105.68751701931811,9144.0
750.0,SIA957,-4.54562180697962,105.63784864901896,9144.0
750.0,SIA959,-5.781788492667718,106.72666570143022,9144.0
750.0,SJX731,24.00158807066318,120.30301336334834,9144.0
750.0,SJX732,1.3951572651111663,105.31246048761109,9144.0
750.0,TGW12,-0.23154346440619075,104.83669000205832,9144.0
750.0,TGW139,27.04189627966372,113.69766973659486,9144.0
750.0,TGW263,-5.894487984280447,111.86825583832649,9144.0
750.0,TGW266,-0.17002591816328175,104.80050049650603,9144.0
750.0,TGW275,-4.784363259987698,105.83025501569024,9144.0
750.0,TGW276,-0.19607779112946205,104.90038237185306,9144.0
750.0,TGW277,-5.083470512630428,105.90380471206342,9144.0
750.0,TGW281,-7.388213112901073,113.86805555142305,9144.0
750.0,SIA878,1.3605860349687295,105.68540344920373,9144.0,"(TGW12),(TGW266)"
750.0,SIA883,20.547781666681402,113.67101823243046,9144.0,"(TGW12),(TGW276)"
750.0,SIA912,1.3356234275467973,104.63405777398671,9144.0,"(TGW266),(TGW12)"
750.0,SIA915,13.163340799192554,120.2310025046355,9144.0,"(TGW276),(TGW12)"
760.0,SIA878,1.3628708152300104,105.71841388413561,9144.0
760.0,SIA883,20.518522137428388,113.65692229133349,9144.0
760.0,SIA912,1.3361831428073347,104.66065106310262,9144.0
760.0,SIA915,13.142953488322176,120.204250851125,9144.0
760.0,SIA926,-0.058612469149947374,104.9896017181302,9144.0
760.0,SIA939,-7.974885688979653,114.73603474851868,9144.0
760.0,SIA953,-4.285218969960295,105.67562915150634,9144.0
760.0,SIA957,-4.516872700861552,105.62086071830957,9144.0
760.0,SIA959,-5.778454863188974,106.70694306192104,9144.0
760.0,SJX731,23.972199436661608,120.29475168456808,9144.0
760.0,SJX732,1.4004979997718279,105.34257857278558,9144.0
760.0,TGW12,-0.2598402187334622,104.85314920868124,9144.0
760.0,TGW139,27.009563890520536,113.70717682886892,9144.0
760.0,TGW263,-5.868592394109251,111.84812473223134,9144.0
760.0,TGW266,-0.19539193235782926,104.81522661557288,9144.0
760.0,TGW275,-4.755809203742119,105.81927433537265,9144.0
760.0,TGW276,-0.22245465654315816,104.91065466771552,9144.0
760.0,TGW277,-5.056966105191765,105.88998092534212,9144.0
760.0,TGW281,-7.364537912895465,113.84378056646486,9144.0
760.0,SIA878,1.3628708152300104,105.71841388413561,9144.0,"(TGW12),(TGW266)"
760.0,SIA883,20.518522137428388,113.65692229133349,9144.0,"(TGW12),(TGW276)"
760.0,SIA912,1.3361831428073347,104.66065106310262,9144.0,"(TGW266),(TGW12)"
760.0,SIA915,13.142953488322176,120.204250851125,9144.0,"(TGW276),(TGW12)"
770.0,SIA878,1.3692381518590848,105.75100147524772,9144.0
770.0,SIA883,20.489261468458224,113.64283173894518,9144.0
770.0,SIA912,1.3368829368467867,104.68724104058356,9144.0
770.0,SIA915,13.12363324432956,120.17667890799613,9144.0
770.0,SIA926,-0.08170666077590864,105.00919125941324,9144.0
770.0,SIA939,-7.953179855308326,114.71312296478486,9144.0
770.0,SIA953,-4.254853865621095,105.66367825670692,9144.0
770.0,SIA957,-4.487877155643406,105.60372926440394,9144.0
770.0,SIA959,-5.779217782690218,106.68695250237643,9144.0
770.0,SJX731,23.942467156186133,120.28639742600457,9144.0
770.0,SJX732,1.4059590339635308,105.372675135045,9144.0
770.0,TGW12,-0.28745022078096594,104.8707361864894,9144.0
770.0,TGW139,26.977230774732583,113.71667807571777,9144.0
770.0,TGW263,-5.842570625227724,111.82815965712967,9144.0
770.0,TGW266,-0.22080970507537195,104.82998283765575,9144.0
770.0,TGW275,-4.727233601038259,105.80835069103792,9144.0
770.0,TGW276,-0.24883649346457365,104.92091420799274,9144.0
770.0,TGW277,-5.031200009352175,105.87481606667471,9144.0
770.0,TGW281,-7.340802412764258,113.81956681871188,9144.0
770.0,SIA878,1.3692381518590848,105.75100147524772,9144.0,"(TGW12),(TGW266)"
770.0,SIA883,20.489261468458224,113.64283173894518,9144.0,"(TGW12),(TGW276)"
770.0,SIA912,1.3368829368467867,104.68724104058356,9144.0,"(TGW266),(TGW12)"
770.0,SIA915,13.12363324432956,120.17667890799613,9144.0,"(TGW276),(TGW12)"
780.0,SIA878,1.379593622311596,105.7826089859971,9144.0
780.0,SIA883,20.459999661973747,113.62874656504718,9144.0
780.0,SIA912,1.3375821261427672,104.71383104155639,9144.0
780.0,SIA915,13.10420594954984,120.14897086373217,9144.0
780.0,SIA926,-0.10480083436415225,105.0287808348124,9144.0
780.0,SIA939,-7.9313917117287644,114.69012866507408,9144.0
780.0,SIA953,-4.224434928173902,105.65170722829178,9144.0
780.0,SIA957,-4.458918682292982,105.58653551459562,9144.0
780.0,SIA959,-5.784044795758009,106.66754430365125,9144.0
780.0,SJX731,23.912727928083036,120.27807474171254,9144.0
780.0,SJX732,1.411461527540683,105.40300389404548,9144.0
780.0,TGW12,-0.315205698779046,104.88841594069173,9144.0
780.0,TGW139,26.94492150918009,113.72627818064603,9144.0
780.0,TGW263,-5.816547439128326,111.8081973743654,9144.0
780.0,TGW266,-0.2461675609753652,104.84484181628285,9144.0
780.0,TGW275,-4.6984924660018414,105.79736501381873,9144.0
780.0,TGW276,-0.2753876206219146,104.93123962895292,9144.0
780.0,TGW277,-5.005279642890965,105.85956199888697,9144.0
780.0,TGW281,-7.316985333363279,113.79527445311264,9144.0
780.0,SIA878,1.379593622311596,105.7826089859971,9144.0,"(TGW12),(TGW266)"
780.0,SIA883,20.459999661973747,113.62874656504718,9144.0,"(TGW12),(TGW276)"
780.0,SIA912,1.3375821261427672,104.71383104155639,9144.0,"(TGW266),(TGW12)"
780.0,SIA915,13.10420594954984,120.14897086373217,9144.0,"(TGW276),(TGW12)"
790.0,SIA878,1.3937500511831162,105.81264258172867,9144.0
790.0,SIA883,20.43073672017497,113.6146667594332,9144.0
790.0,SIA912,1.3382031925894544,104.7404229897389,9144.0
790.0,SIA915,13.084106322471635,120.12177528127071,9144.0
790.0,SIA926,-0.12785648461964422,105.04841575129399,9144.0
790.0,SIA939,-7.9095994184305365,114.66713959098998,9144.0
790.0,SIA953,-4.1940154386005775,105.63973807830038,9144.0
790.0,SIA957,-4.42976378594201,105.56922714641154,9144.0
790.0,SIA959,-5.792730556081826,106.64954400523388,9144.0
790.0,SJX731,23.88287412876418,120.26972403143786,9144.0
790.0,SJX732,1.41707377441085,105.43331259651734,9144.0
790.0,TGW12,-0.34245718184779766,104.9068631528127,9144.0
790.0,TGW139,26.912501225724625,113.73590548538948,9144.0
790.0,TGW263,-5.790604618411727,111.78813060397262,9144.0
790.0,TGW266,-0.2718345358599007,104.85988200094845,9144.0
790.0,TGW275,-4.669790993581682,105.7862758874712,9144.0
790.0,TGW276,-0.30194391214704,104.94155178401746,9144.0
790.0,TGW277,-4.978589020134432,105.84571150479817,9144.0
790.0,TGW281,-7.293242773513472,113.77090934469742,9144.0
790.0,SIA878,1.3937500511831162,105.81264258172867,9144.0,"(TGW12),(TGW266)"
790.0,SIA883,20.43073672017497,113.6146667594332,9144.0,"(TGW12),(TGW276)"
790.0,SIA912,1.3382031925894544,104.7404229897389,9144.0,"(TGW266),(TGW12)"
790.0,SIA915,13.084106322471635,120.12177528127071,9144.0,"(TGW276),(TGW12)"
800.0,SIA878,1.4116312493904526,105.8409568239917,9144.0
800.0,SIA883,20.40147264525909,113.60059231190897,9144.0
800.0,SIA912,1.3388252645323329,104.76707679331294,9144.0
800.0,SIA915,13.063863028937828,120.09439924450973,9144.0
800.0,SIA926,-0.1510022138806122,105.06812745559078,9144.0
800.0,SIA939,-7.887920341548177,114.64404287719351,9144.0
800.0,SIA953,-4.163618227871656,105.62771262397408,9144.0
800.0,SIA957,-4.400549771108783,105.55202002855188,9144.0
800.0,SIA959,-5.804905562106252,106.63371731583695,9144.0
800.0,SJX731,23.853019656895878,120.26137812183981,9144.0
800.0,SJX732,1.4227495656648408,105.46396808751044,9144.0
800.0,TGW12,-0.36994611098016233,104.92547124017273,9144.0
800.0,TGW139,26.88008024924977,113.74552709250429,9144.0
800.0,TGW263,-5.764614959292809,111.76803109565286,9144.0
800.0,TGW266,-0.2951841101824598,104.87831572170137,9144.0
800.0,TGW275,-4.6409794497753065,105.775145381736,9144.0
800.0,TGW276,-0.32872540342337936,104.95195144353512,9144.0
800.0,TGW277,-4.951529695326232,105.8316711035198,9144.0
800.0,TGW281,-7.269339500413482,113.74638389542915,9144.0
800.0,SIA878,1.4116312493904526,105.8409568239917,9144.0,"(TGW12),(TGW276)"
800.0,SIA883,20.40147264525909,113.60059231190897,9144.0,"(TGW276),(TGW12)"
810.0,SIA878,1.4328458578546936,105.86686641980258,9144.0
810.0,SIA883,20.3722074394205,113.58652321229218,9144.0
810.0,SIA912,1.3394615357733315,104.793730268442,9144.0
810.0,SIA915,13.044038695197687,120.06670421069074,9144.0
810.0,SIA926,-0.17414926353403873,105.08783763194452,9144.0
810.0,SIA939,-7.866037433994339,114.6207371465847,9144.0
810.0,SIA953,-4.1331136278487275,105.61564603102315,9144.0
810.0,SIA957,-4.371286247650327,105.53478563081819,9144.0
810.0,SIA959,-5.820051876023254,106.62073755896017,9144.0
810.0,SJX731,23.82317193090732,120.25300534397344,9144.0
810.0,SJX732,1.4283072648866553,105.49464529526176,9144.0
810.0,TGW12,-0.3974738461145221,104.94402192921505,9144.0
810.0,TGW139,26.84762730615321,113.75500955378659,9144.0
810.0,TGW263,-5.738620132207951,111.74793925784836,9144.0
810.0,TGW266,-0.3159121665550865,104.89990309739156,9144.0
810.0,TGW275,-4.612140954660975,105.76408580622403,9144.0
810.0,TGW276,-0.3555476346455175,104.96224559847445,9144.0
810.0,TGW277,-4.924695626664459,105.81720227970206,9144.0
810.0,TGW281,-7.245430285692316,113.72186563567978,9144.0
810.0,SIA878,1.4328458578546936,105.86686641980258,9144.0,"(TGW12),(TGW276)"
810.0,SIA883,20.3722074394205,113.58652321229218,9144.0,"(TGW266),(TGW276)"
810.0,SIA912,1.3394615357733315,104.793730268442,9144.0,"(TGW276),(TGW12)"
810.0,SIA915,13.044038695197687,120.06670421069074,9144.0,"(TGW276),(TGW266)"
820.0,SIA878,1.4570741930082907,105.88998092295088,9144.0
820.0,SIA883,20.342941104850773,113.57245945041251,9144.0
820.0,SIA912,1.3400944217588522,104.82026004000521,9144.0
820.0,SIA915,13.02407406191616,120.03882679280137,9144.0
820.0,SIA926,-0.19756587102415032,105.1077774267444,9144.0
820.0,SIA939,-7.843900527928145,114.59767839531455,9144.0
820.0,SIA953,-4.102632607009384,105.60352015366055,9144.0
820.0,SIA957,-4.3420990763241,105.51742216411944,9144.0
820.0,SIA959,-5.83752515740177,106.61115703502242,9144.0
820.0,SJX731,23.793039066920656,120.24455728400524,9144.0
820.0,SJX732,1.4339060602008207,105.5255531390183,9144.0
820.0,TGW12,-0.4252385871296898,104.9627325001129,9144.0
820.0,TGW139,26.815118516727082,113.7645025456057,9144.0
820.0,TGW263,-5.712533148057059,111.72777922761831,9144.0
820.0,TGW266,-0.3363911365411075,104.92172696388327,9144.0
820.0,TGW275,-4.583137628279936,105.75296406588598,9144.0
820.0,TGW276,-0.3828190338550874,104.97271220807748,9144.0
820.0,TGW277,-4.897913269341021,105.80276279802557,9144.0
820.0,TGW281,-7.221535723773789,113.69733416343001,9144.0
820.0,SIA878,1.4570741930082907,105.88998092295088,9144.0,"(TGW12),(TGW276)"
820.0,SIA883,20.342941104850773,113.57245945041251,9144.0,"(TGW266),(TGW276)"
820.0,SIA912,1.3400944217588522,104.82026004000521,9144.0,"(TGW276),(TGW12)"
820.0,SIA915,13.02407406191616,120.03882679280137,9144.0,"(TGW276),(TGW266)"
830.0,SIA878,1.4839511573463466,105.90995198442083,9144.0
830.0,SIA883,20.313673643738692,113.55840101611159,9144.0
830.0,SIA912,1.3407111574718222,104.84679019881592,9144.0
830.0,SIA915,13.003912812089636,120.01110110348043,9144.0
830.0,SIA926,-0.22077846785614835,105.1279543836186,9144.0
830.0,SIA939,-7.821598946782112,114.57445530913006,9144.0
830.0,SIA953,-4.072151335931613,105.59139536953195,9144.0
830.0,SIA957,-4.312618906894109,105.49988623029112,9144.0
830.0,SIA959,-5.856582074120387,106.60538351722899,9144.0
830.0,SJX731,23.762899463049923,120.23613994076815,9144.0
830.0,SJX732,1.4394707327781655,105.55646722364308,9144.0
830.0,TGW12,-0.45298618813748165,104.98146855101844,9144.0
830.0,TGW139,26.782616982749275,113.77402394880365,9144.0
830.0,TGW263,-5.686470631217498,111.70758817694238,9144.0
830.0,TGW266,-0.3569759943493501,104.94345102637968,9144.0
830.0,TGW275,-4.554143042406058,105.74181986325088,9144.0
830.0,TGW276,-0.409934101526203,104.98357744572813,9144.0
830.0,TGW277,-4.871083581216501,105.78841267557144,9144.0
830.0,TGW281,-7.197518675909193,113.67268524279667,9144.0
830.0,SIA878,1.4839511573463466,105.90995198442083,9144.0,"(TGW12),(TGW276)"
830.0,SIA883,20.313673643738692,113.55840101611159,9144.0,"(TGW266),(TGW276)"
830.0,SIA912,1.3407111574718222,104.84679019881592,9144.0,"(TGW276),(TGW12)"
830.0,SIA915,13.003912812089636,120.01110110348043,9144.0,"(TGW276),(TGW266)"
840.0,SIA878,1.5130717410918038,105.92647860107765,9144.0
840.0,SIA883,20.28440505827025,113.54434789924294,9144.0
840.0,SIA912,1.341323693470974,104.87332046161596,9144.0
840.0,SIA915,12.983644487972658,119.98324118289936,9144.0
840.0,SIA926,-0.24421288448000364,105.14832426179557,9144.0
840.0,SIA939,-7.799625254464234,114.55091715411875,9144.0
840.0,SIA953,-4.041556725770879,105.57956141780362,9144.0
840.0,SIA957,-4.283101021245069,105.48241489664518,9144.0
840.0,SIA959,-5.876411924512647,106.60366288235616,9144.0
840.0,SJX731,23.732419062101776,120.22763192051843,9144.0
840.0,SJX732,1.4450761263583718,105.58761136980435,9144.0
840.0,TGW12,-0.4810170201442856,105.00039604019675,9144.0
840.0,TGW139,26.750114786607277,113.78353979219095,9144.0
840.0,TGW263,-5.660361601177534,111.68736414620577,9144.0
840.0,TGW266,-0.3779277557523917,104.96556247742255,9144.0
840.0,TGW275,-4.524765535115548,105.73052953138526,9144.0
840.0,TGW276,-0.4374378626170655,104.99459852004888,9144.0
840.0,TGW277,-4.844149245415424,105.77400799077843,9144.0
840.0,TGW281,-7.173458377069904,113.64808051500285,9144.0
840.0,SIA878,1.5130717410918038,105.92647860107765,9144.0,"(TGW12),(TGW276)"
840.0,SIA883,20.28440505827025,113.54434789924294,9144.0,"(TGW266),(TGW276)"
840.0,SIA912,1.341323693470974,104.87332046161596,9144.0,"(TGW276),(TGW12)"
840.0,SIA915,12.983644487972658,119.98324118289936,9144.0,"(TGW276),(TGW266)"
850.0,SIA878,1.5444958250005778,105.93959428951112,9144.0
850.0,SIA883,20.25513535062864,113.530300089672,9144.0
850.0,SIA912,1.3419791546215718,104.89984970515148,9144.0
850.0,SIA915,12.963455179695236,119.95532317152824,9144.0
850.0,SIA926,-0.26884606915636533,105.16722691665906,9144.0
850.0,SIA939,-7.777489921587276,114.52721255207481,9144.0
850.0,SIA953,-4.01090824661096,105.56770772766917,9144.0
850.0,SIA957,-4.253387999468585,105.46482989172655,9144.0
850.0,SIA959,-5.896171125485022,106.60606861890574,9144.0
850.0,SJX731,23.701948479944125,120.21908403196525,9144.0
850.0,SJX732,1.4527044543792353,105.61832254374148,9144.0
850.0,TGW12,-0.5090476825062339,105.01932386063515,9144.0
850.0,TGW139,26.717721258753926,113.79350665978586,9144.0
850.0,TGW263,-5.634240572501405,111.66715667841254,9144.0
850.0,TGW266,-0.39892283586187854,104.9876328540699,9144.0
850.0,TGW275,-4.495369400892892,105.71928854668356,9144.0
850.0,TGW276,-0.46447304217641805,105.00672380772599,9144.0
850.0,TGW277,-4.818168911059451,105.75793570464192,9144.0
850.0,TGW281,-7.149276260804294,113.62335815620534,9144.0
850.0,SIA878,1.5444958250005778,105.93959428951112,9144.0,"(TGW12),(TGW276)"
850.0,SIA883,20.25513535062864,113.530300089672,9144.0,"(TGW266),(TGW276)"
850.0,SIA912,1.3419791546215718,104.89984970515148,9144.0,"(TGW276),(TGW12)"
850.0,SIA915,12.963455179695236,119.95532317152824,9144.0,"(TGW276),(TGW266)"
860.0,SIA878,1.577270679175294,105.94882699654593,9144.0
860.0,SIA883,20.225864522994275,113.51625757727606,9144.0
860.0,SIA912,1.342634176697313,104.92637896664428,9144.0
860.0,SIA915,12.94309278316166,119.92717678306026,9144.0
860.0,SIA926,-0.2936652080878012,105.18627238581747,9144.0
860.0,SIA939,-7.755060437555714,114.50379255523576,9144.0
860.0,SIA953,-3.980356052463948,105.55560728381573,9144.0
860.0,SIA957,-4.2236324239503205,105.44731806194436,9144.0
860.0,SIA959,-5.91747763574612,106.60452375862813,9144.0
860.0,SJX731,23.671420792189625,120.21052461538744,9144.0
860.0,SJX732,1.4643193021075478,105.64807030677984,9144.0
860.0,TGW12,-0.5370245796174616,105.03833115148772,9144.0
860.0,TGW139,26.68527205582829,113.80348463652092,9144.0
860.0,TGW263,-5.608300830146438,111.64709226052926,9144.0
860.0,TGW266,-0.4203237525131664,105.01013006024209,9144.0
860.0,TGW275,-4.465863986982637,105.70800681040117,9144.0
860.0,TGW276,-0.4918342090240547,105.0189954090599,9144.0
860.0,TGW277,-4.791837092755058,105.74164759643521,9144.0
860.0,TGW281,-7.125182379614881,113.59854975322729,9144.0
860.0,SIA878,1.577270679175294,105.94882699654593,9144.0,"(TGW12),(TGW276)"
860.0,SIA883,20.225864522994275,113.51625757727606,9144.0,"(TGW266),(TGW276)"
860.0,SIA912,1.342634176697313,104.92637896664428,9144.0,"(TGW276),(TGW12)"
860.0,SIA915,12.94309278316166,119.92717678306026,9144.0,"(TGW276),(TGW266)"
870.0,SIA878,1.6109187661726985,105.95404208022862,9144.0
870.0,SIA883,20.1965925775448,113.50222035194429,9144.0
870.0,SIA912,1.3432690318165688,104.9529087255612,9144.0
870.0,SIA915,12.922725508045076,119.89903640827795,9144.0
870.0,SIA926,-0.31839833311072,105.20542947024309,9144.0
870.0,SIA939,-7.732548300582432,114.48029210444365,9144.0
870.0,SIA953,-3.9497501906287473,105.54348667888908,9144.0
870.0,SIA957,-4.193681946614256,105.42969328551449,9144.0
870.0,SIA959,-5.936749631791198,106.59900997175708,9144.0
870.0,SJX731,23.64086973751989,120.2020671515269,9144.0
870.0,SJX732,1.4797646016324968,105.6763516409319,9144.0
870.0,TGW12,-0.5650953657112541,105.05740257218287,9144.0
870.0,TGW139,26.65287820232386,113.81368251219631,9144.0
870.0,TGW263,-5.582319957259236,111.62708253351828,9144.0
870.0,TGW266,-0.4417986356157902,105.03255673143224,9144.0
870.0,TGW275,-4.43638355769043,105.69666000521005,9144.0
870.0,TGW276,-0.519181977895944,105.03129689339569,9144.0
870.0,TGW277,-4.765621030976538,105.72517315531448,9144.0
870.0,TGW281,-7.100967883220669,113.57362297640441,9144.0
870.0,SIA878,1.6109187661726985,105.95404208022862,9144.0,"(TGW12),(TGW276)"
870.0,SIA883,20.1965925775448,113.50222035194429,9144.0,"(TGW266),(TGW276)"
870.0,SIA912,1.3432690318165688,104.9529087255612,9144.0,"(TGW276),(TGW12)"
870.0,SIA915,12.922725508045076,119.89903640827795,9144.0,"(TGW276),(TGW266)"
880.0,SIA878,1.644614240333164,105.95894148384818,9144.0
880.0,SIA883,20.167319516455077,113.48818840357762,9144.0
880.0,SIA912,1.3439123173759513,104.97980912058435,9144.0
880.0,SIA915,12.902219337986624,119.8707149915951,9144.0
880.0,SIA926,-0.343085122936137,105.22455080744612,9144.0
880.0,SIA939,-7.710128296231368,114.45670337444247,9144.0
880.0,SIA953,-3.9191024554103877,105.53147329794992,9144.0
880.0,SIA957,-4.163794774270345,105.41196147326397,9144.0
880.0,SIA959,-5.9544994070269075,106.58966266224242,9144.0
880.0,SJX731,23.610092142982428,120.19355135693188,9144.0
880.0,SJX732,1.4987394972294732,105.70253847859225,9144.0
880.0,TGW12,-0.5932782227143281,105.07630806428412,9144.0
880.0,TGW139,26.62053846711753,113.8238572983568,9144.0
880.0,TGW263,-5.5565670076846265,111.60725104102488,9144.0
880.0,TGW266,-0.4635972875856994,105.05532175511402,9144.0
880.0,TGW275,-4.4071210764995215,105.685398100307,9144.0
880.0,TGW276,-0.5469620718921274,105.04379296913987,9144.0
880.0,TGW277,-4.7393049655596755,105.70863751154926,9144.0
880.0,TGW281,-7.076782355020008,113.54866896586341,9144.0
880.0,SIA878,1.644614240333164,105.95894148384818,9144.0,"(TGW12),(TGW276)"
880.0,SIA883,20.167319516455077,113.48818840357762,9144.0,"(TGW266),(TGW276)"
880.0,SIA912,1.3439123173759513,104.97980912058435,9144.0,"(TGW276),(TGW12)"
880.0,SIA915,12.902219337986624,119.8707149915951,9144.0,"(TGW276),(TGW266)"
890.0,SIA878,1.6780286258878174,105.96380018188148,9144.0
890.0,SIA883,20.13804534189721,113.47416172208884,9144.0
890.0,SIA912,1.3445750263863223,105.00670905114774,9144.0
890.0,SIA915,12.881671246765029,119.84242789349867,9144.0
890.0,SIA926,-0.3671504492979847,105.24444870540572,9144.0
890.0,SIA939,-7.687665959662747,114.4330760908827,9144.0
890.0,SIA953,-3.88845451503411,105.51946088134815,9144.0
890.0,SIA957,-4.1338103286839925,105.39417363505595,9144.0
890.0,SIA959,-5.969981863508694,106.57687402731611,9144.0
890.0,SJX731,23.579338435723745,120.18493540813583,9144.0
890.0,SJX732,1.5208819128692264,105.72610609872261,9144.0
890.0,TGW12,-0.6216023499251329,105.09530858992676,9144.0
890.0,TGW139,26.588197985658816,113.83402624104463,9144.0
890.0,TGW263,-5.530820584440882,111.5874118615204,9144.0
890.0,TGW266,-0.48539563489073223,105.07808714227203,9144.0
890.0,TGW275,-4.377860860172015,105.67413071930643,9144.0
890.0,TGW276,-0.5748357992348948,105.05607880725941,9144.0
890.0,TGW277,-4.712451017465651,105.6929974106337,9144.0
890.0,TGW281,-7.052673403809036,113.52379976258443,9144.0
890.0,SIA878,1.6780286258878174,105.96380018188148,9144.0,"(TGW12),(TGW276)"
890.0,SIA883,20.13804534189721,113.47416172208884,9144.0,"(TGW276),(TGW12)"
900.0,SIA878,1.7106054182715007,105.97268448257965,9144.0
900.0,SIA883,20.108770056040544,113.46014029740246,9144.0
900.0,SIA912,1.345246366639877,105.03397798935525,9144.0
900.0,SIA915,12.861262669222281,119.81403702244822,9144.0
900.0,SIA926,-0.39108016167409887,105.26423464449202,9144.0
900.0,SIA939,-7.664156121801848,114.41051154264943,9144.0
900.0,SIA953,-3.857823891460293,105.5074046098805,9144.0
900.0,SIA957,-4.103825282081296,105.37638748559827,9144.0
900.0,SIA959,-5.982547080527813,106.56118081028328,9144.0
900.0,SJX731,23.548302747498152,120.17624487741011,9144.0
900.0,SJX732,1.5459936654701496,105.74684331003037,9144.0
900.0,TGW12,-0.6520062155040698,105.11076399530883,9144.0
900.0,TGW139,26.555856651159363,113.84418892106805,9144.0
900.0,TGW263,-5.505394888926995,111.56782231662997,9144.0
900.0,TGW266,-0.5070592576208794,105.10098085540199,9144.0
900.0,TGW275,-4.348545869291337,105.66284325194793,9144.0
900.0,TGW276,-0.6031409135585799,105.06855492565903,9144.0
900.0,TGW277,-4.686413311175766,105.67783416089664,9144.0
900.0,TGW281,-7.02837650010586,113.49911826741024,9144.0
900.0,SIA878,1.7106054182715007,105.97268448257965,9144.0,"(TGW12),(TGW276)"
900.0,SIA883,20.108770056040544,113.46014029740246,9144.0,"(TGW276),(TGW12)"
910.0,SIA878,1.7416959220540793,105.9854174937115,9144.0
910.0,SIA883,20.079493661051657,113.44612411945477,9144.0
910.0,SIA912,1.3458624129330625,105.06124824037259,9144.0
910.0,SIA915,12.840682132574306,119.7854190744947,9144.0
910.0,SIA926,-0.4152043551744384,105.28378303666933,9144.0
910.0,SIA939,-7.637965853830776,114.39108732560261,9144.0
910.0,SIA953,-3.8271396133241726,105.49532823830405,9144.0
910.0,SIA957,-4.073786211739277,105.35869386455671,9144.0
910.0,SIA959,-5.991667596905208,106.54324177325589,9144.0
910.0,SJX731,23.517246277252454,120.16764517340933,9144.0
910.0,SJX732,1.5735165303064487,105.76425133829568,9144.0
910.0,TGW12,-0.6841500478110153,105.12250145290542,9144.0
910.0,TGW139,26.523480363674356,113.85420871357528,9144.0
910.0,TGW263,-5.479997580376091,111.5481964779176,9144.0
910.0,TGW266,-0.5288829282207461,105.1240442283864,9144.0
910.0,TGW275,-4.319224588427075,105.65157266579953,9144.0
910.0,TGW276,-0.6314459851891152,105.08103120733539,9144.0
910.0,TGW277,-4.660228452539576,105.6629287515756,9144.0
910.0,TGW281,-7.004476115293659,113.47484511025958,9144.0
910.0,SIA878,1.7416959220540793,105.9854174937115,9144.0,"(TGW12),(TGW276)"
910.0,SIA883,20.079493661051657,113.44612411945477,9144.0,"(TGW276),(TGW12)"
920.0,SIA878,1.7721684647902256,105.99956722323856,9144.0
920.0,SIA883,20.050216159094386,113.43211317819377,9144.0
920.0,SIA912,1.3464876798751648,105.08894698344687,9144.0
920.0,SIA915,12.820009665270076,119.7568732594789,9144.0
920.0,SIA926,-0.4390543276325456,105.30310940802167,9144.0
920.0,SIA939,-7.611569988017798,114.37175094990823,9144.0
920.0,SIA953,-3.7964437744726385,105.48328184395558,9144.0
920.0,SIA957,-4.0438436226951575,105.34105893939282,9144.0
920.0,SIA959,-5.996960552693873,106.52381003249047,9144.0
920.0,SJX731,23.486076898976243,120.15901857886755,9144.0
920.0,SJX732,1.6017613284686527,105.78046107960341,9144.0
920.0,TGW12,-0.716491662512693,105.13368240685281,9144.0
920.0,TGW139,26.491213299459645,113.86418875639488,9144.0
920.0,TGW263,-5.455014656050459,111.5288932531407,9144.0
920.0,TGW266,-0.5506860632857249,105.14712710017487,9144.0
920.0,TGW275,-4.289903126534105,105.64030298742676,9144.0
920.0,TGW276,-0.6598731634867301,105.09322674095381,9144.0
920.0,TGW277,-4.633991644618236,105.64799515442003,9144.0
920.0,TGW281,-6.98076127244966,113.45038916180266,9144.0
920.0,SIA878,1.7721684647902256,105.99956722323856,9144.0,"(TGW12),(TGW276)"
920.0,SIA883,20.050216159094386,113.43211317819377,9144.0,"(TGW276),(TGW12)"
930.0,SIA878,1.801999437801789,106.01502518413709,9144.0
930.0,SIA883,20.020937552329823,113.41810746357918,9144.0
930.0,SIA912,1.3471047608142788,105.11664591721545,9144.0
930.0,SIA915,12.799165154343674,119.72810164327551,9144.0
930.0,SIA926,-0.46321555906805567,105.32204525273536,9144.0
930.0,SIA939,-7.582973700514173,114.35591759308892,9144.0
930.0,SIA953,-3.765801235748675,105.47125731341607,9144.0
930.0,SIA957,-4.013990485718404,105.32327290694286,9144.0
930.0,SIA959,-5.998203760827981,106.50370141945272,9144.0
930.0,SJX731,23.454930499024208,120.15029593705513,9144.0
930.0,SJX732,1.6303055575777115,105.79684323517118,9144.0
930.0,TGW12,-0.7489401865168458,105.1449004933555,9144.0
930.0,TGW139,26.45882921597676,113.87368116830211,9144.0
930.0,TGW263,-5.429983055025102,111.50965457001094,9144.0
930.0,TGW266,-0.5725289915360877,105.17025252562476,9144.0
930.0,TGW275,-4.260570833761834,105.62906211858697,9144.0
930.0,TGW276,-0.6888922036688858,105.10567636160725,9144.0
930.0,TGW277,-4.6077016423331205,105.63315657280299,9144.0
930.0,TGW281,-6.9570841423277905,113.42597733635384,9144.0
930.0,SIA878,1.801999437801789,106.01502518413709,9144.0,"(TGW12),(TGW276)"
930.0,SIA883,20.020937552329823,113.41810746357918,9144.0,"(TGW276),(TGW12)"
940.0,SIA878,1.8317796341371508,106.03045743424833,9144.0
940.0,SIA883,19.99165784291632,113.40410696558236,9144.0
940.0,SIA912,1.3477962420375764,105.14434310039755,9144.0
940.0,SIA915,12.778627066337819,119.69910157336916,9144.0
940.0,SIA926,-0.4872374269020293,105.34087207470728,9144.0
940.0,SIA939,-7.552630909609043,114.34383814597479,9144.0
940.0,SIA953,-3.735158489456073,105.45923373566919,9144.0
940.0,SIA957,-3.984136856152173,105.305488353221,9144.0
940.0,SIA959,-5.995345034064985,106.48376019991318,9144.0
940.0,SJX731,23.423615376983538,120.14153050426079,9144.0
940.0,SJX732,1.6575781420379012,105.81526661557925,9144.0
940.0,TGW12,-0.7813268506950647,105.15629605407732,9144.0
940.0,TGW139,26.426499718494572,113.88315200480002,9144.0
940.0,TGW263,-5.404997094959187,111.49045328698094,9144.0
940.0,TGW266,-0.5943850854566471,105.19336559699836,9144.0
940.0,TGW275,-4.23123836415374,105.61782214097224,9144.0
940.0,TGW276,-0.7178195627516931,105.11833765693166,9144.0
940.0,TGW277,-4.581359629187736,105.61828999759567,9144.0
940.0,TGW281,-6.933304031430937,113.40166854134975,9144.0
940.0,SIA878,1.8317796341371508,106.03045743424833,9144.0,"(TGW12),(TGW276)"
940.0,SIA883,19.99165784291632,113.40410696558236,9144.0,"(TGW276),(TGW12)"
950.0,SIA878,1.8615596090958275,106.04589037060887,9144.0
950.0,SIA883,19.962377033009496,113.39011167418636,9144.0
950.0,SIA912,1.3484684000944356,105.17240650471325,9144.0
950.0,SIA915,12.75785409692916,119.6697817608624,9144.0
950.0,SIA926,-0.5106914980431434,105.36040181038427,9144.0
950.0,SIA939,-7.521023256415216,114.3357038293656,9144.0
950.0,SIA953,-3.704525052010574,105.44718677864132,9144.0
950.0,SIA957,-3.954199294283332,105.2878467822279,9144.0
950.0,SIA959,-5.988269506984172,106.46321394957539,9144.0
950.0,SJX731,23.392277323260867,120.1328650069291,9144.0
950.0,SJX732,1.684659834134336,105.8335617212877,9144.0
950.0,TGW12,-0.8138733327137563,105.16774804083366,9144.0
950.0,TGW139,26.393373719805307,113.88811892250774,9144.0
950.0,TGW263,-5.379998960838148,111.47126878812325,9144.0
950.0,TGW266,-0.6162009579214242,105.21643669843752,9144.0
950.0,TGW275,-4.201912025370735,105.60656651436868,9144.0
950.0,TGW276,-0.7468003017019319,105.13102251037719,9144.0
950.0,TGW277,-4.555056211122756,105.60335535343668,9144.0
950.0,TGW281,-6.9094423333166874,113.3772813409232,9144.0
950.0,SIA878,1.8615596090958275,106.04589037060887,9144.0,"(TGW12),(TGW276)"
950.0,SIA883,19.962377033009496,113.39011167418636,9144.0,"(TGW276),(TGW12)"
960.0,SIA878,1.8913394065516824,106.0613239126457,9144.0
960.0,SIA883,19.933095124762236,113.37612157938585,9144.0
960.0,SIA912,1.3491694300575305,105.20046921033851,9144.0
960.0,SIA915,12.738874424347292,119.63921291539572,9144.0
960.0,SIA926,-0.5339637131001106,105.37978034631301,9144.0
960.0,SIA939,-7.490457030006572,114.32421354102532,9144.0
960.0,SIA953,-3.6738379875146614,105.43511963756346,9144.0
960.0,SIA957,-3.925041622436717,105.2706664057819,9144.0
960.0,SIA959,-5.97745878410519,106.44438337313555,9144.0
960.0,SJX731,23.360714851992668,120.12414185540935,9144.0
960.0,SJX732,1.711956437983689,105.8515345723272,9144.0
960.0,TGW12,-0.8464243704153734,105.17918716368109,9144.0
960.0,TGW139,26.359781156901192,113.88853492993752,9144.0
960.0,TGW263,-5.355139499725176,111.45219297183738,9144.0
960.0,TGW266,-0.6380371878111575,105.23948862694431,9144.0
960.0,TGW275,-4.1726401207615975,105.59533272047098,9144.0
960.0,TGW276,-0.7757795405685922,105.14371087632837,9144.0
960.0,TGW277,-4.528597893187236,105.58833412040939,9144.0
960.0,TGW281,-6.885710748435052,113.35276688048653,9144.0
960.0,SIA878,1.8913394065516824,106.0613239126457,9144.0,"(TGW12),(TGW276)"
960.0,SIA883,19.933095124762236,113.37612157938585,9144.0,"(TGW276),(TGW12)"
970.0,SIA878,1.9210683873651695,106.07673175182119,9144.0
970.0,SIA883,19.903812120324705,113.36213667118712,9144.0
970.0,SIA912,1.349866451750422,105.22853202390517,9144.0
970.0,SIA915,12.719710038869868,119.60835997040482,9144.0
970.0,SIA926,-0.5577406457396699,105.39853619451415,9144.0
970.0,SIA939,-7.4598364087491715,114.31270485729071,9144.0
970.0,SIA953,-3.6431507580225806,105.42305333103941,9144.0
970.0,SIA957,-3.895885845647842,105.25348339611577,9144.0
970.0,SIA959,-5.963302692160619,106.42794750576803,9144.0
970.0,SJX731,23.329158074517565,120.11539637446897,9144.0
970.0,SJX732,1.7392047204873413,105.8694762801098,9144.0
970.0,TGW12,-0.8791880714330378,105.19070123176172,9144.0
970.0,TGW139,26.326186776357364,113.88867964147262,9144.0
970.0,TGW263,-5.330313051879816,111.43307460762412,9144.0
970.0,TGW266,-0.6598731874436553,105.26254087310156,9144.0
970.0,TGW275,-4.143366098223215,105.58410489325854,9144.0
970.0,TGW276,-0.8045983740606014,105.15632921319256,9144.0
970.0,TGW277,-4.502138761514403,105.57331487752437,9144.0
970.0,TGW281,-6.861977365312357,113.32825541039037,9144.0
970.0,SIA878,1.9210683873651695,106.07673175182119,9144.0,"(TGW12),(TGW276)"
970.0,SIA883,19.903812120324705,113.36213667118712,9144.0,"(TGW276),(TGW12)"
980.0,SIA878,1.9507788384593907,106.0921756018598,9144.0
980.0,SIA883,19.874528021844352,113.348156939608,9144.0
980.0,SIA912,1.3505400731757906,105.25659541701752,9144.0
980.0,SIA915,12.700552418469115,119.57750493726078,9144.0
980.0,SIA926,-0.5814244487823983,105.41721881244995,9144.0
980.0,SIA939,-7.429293765387382,114.30098812440501,9144.0
980.0,SIA953,-3.6124633645734683,105.41098785291672,9144.0
980.0,SIA957,-3.8666806982179955,105.23627273676217,9144.0
980.0,SIA959,-5.94631168943624,106.41449894222826,9144.0
980.0,SJX731,23.297433266085235,120.10660876301014,9144.0
980.0,SJX732,1.7664519712324696,105.88741981731293,9144.0
980.0,TGW12,-0.9119166405633584,105.20231491254442,9144.0
980.0,TGW139,26.29259239566819,113.88882426906528,9144.0
980.0,TGW263,-5.3053466936909235,111.4138507506869,9144.0
980.0,TGW266,-0.6817300833710239,105.28557340772011,9144.0
980.0,TGW275,-4.114420357529562,105.57300388872585,9144.0
980.0,TGW276,-0.8334206940666888,105.16893967337525,9144.0
980.0,TGW277,-4.475703466846077,105.55825400485382,9144.0
980.0,TGW281,-6.838123669269541,113.30386392825996,9144.0
980.0,SIA878,1.9507788384593907,106.0921756018598,9144.0,"(TGW12),(TGW276)"
980.0,SIA883,19.874528021844352,113.348156939608,9144.0,"(TGW276),(TGW12)"
990.0,SIA878,1.9804891384212713,106.1076200178307,9144.0
990.0,SIA883,19.845242831465907,113.33418237467794,9144.0
990.0,SIA912,1.351220266296662,105.28502281834967,9144.0
990.0,SIA915,12.681630194475666,119.54704145411586,9144.0
990.0,SIA926,-0.6048844627005436,105.43618179274382,9144.0
990.0,SIA939,-7.398482003361286,114.28917012403407,9144.0
990.0,SIA953,-3.5817758080452573,105.3989231974554,9144.0
990.0,SIA957,-3.837475165740581,105.21906332447406,9144.0
990.0,SIA959,-5.927098459019896,106.40452246735052,9144.0
990.0,SJX731,23.26571612681364,120.09779049628304,9144.0
990.0,SJX732,1.7936656417147536,105.9054145564948,9144.0
990.0,TGW12,-0.9447512087451847,105.213966437273,9144.0
990.0,TGW139,26.25899801483397,113.88896881288787,9144.0
990.0,TGW263,-5.280372053968666,111.39463852256398,9144.0
990.0,TGW266,-0.7033055639571685,105.30830996241275,9144.0
990.0,TGW275,-4.085470893625974,105.56191304926305,9144.0
990.0,TGW276,-0.862082262698159,105.18148001254667,9144.0
990.0,TGW277,-4.4492675178604815,105.54319483002497,9144.0
990.0,TGW281,-6.814308093693189,113.27951609584663,9144.0
990.0,SIA878,1.9804891384212713,106.1076200178307,9144.0
990.0,SIA883,19.845242831465907,113.33418237467794,9144.0
990.0,SIA912,1.351220266296662,105.28502281834967,9144.0
990.0,SIA915,12.681630194475666,119.54704145411586,9144.0
990.0,SIA926,-0.6048844627005436,105.43618179274382,9144.0
990.0,SIA939,-7.398482003361286,114.28917012403407,9144.0
990.0,SIA953,-3.5817758080452573,105.3989231974554,9144.0
990.0,SIA957,-3.837475165740581,105.21906332447406,9144.0
990.0,SIA959,-5.927098459019896,106.40452246735052,9144.0
990.0,SJX731,23.26571612681364,120.09779049628304,9144.0
990.0,SJX732,1.7936656417147536,105.9054145564948,9144.0
990.0,TGW12,-0.9447512087451847,105.213966437273,9144.0
990.0,TGW139,26.25899801483397,113.88896881288787,9144.0
990.0,TGW263,-5.280372053968666,111.39463852256398,9144.0
990.0,TGW266,-0.7033055639571685,105.30830996241275,9144.0
990.0,TGW275,-4.085470893625974,105.56191304926305,9144.0
990.0,TGW276,-0.862082262698159,105.18148001254667,9144.0
990.0,TGW277,-4.4492675178604815,105.54319483002497,9144.0
990.0,TGW281,-6.814308093693189,113.27951609584663,9144.0
1000.0,SIA878,2.010199256678327,106.12306506278026,9144.0
1000.0,SIA883,19.815956551331396,113.3202129664379,9144.0
1000.0,SIA912,1.351907184320451,105.3134500659277,9144.0
1000.0,SIA915,12.66270055507574,119.51658507415961,9144.0
1000.0,SIA926,-0.6284365661349048,105.45521946744705,9144.0
1000.0,SIA939,-7.367611021324888,114.27751114864434,9144.0
1000.0,SIA953,-3.551088089001185,105.3868593597199,9144.0
1000.0,SIA957,-3.8082691137557845,105.20185538395896,9144.0
1000.0,SIA959,-5.9063558158990155,106.39837758709857,9144.0
1000.0,SJX731,23.233886998738406,120.0889455589564,9144.0
1000.0,SJX732,1.8210231444997316,105.92350528505548,9144.0
1000.0,TGW12,-0.9775857268990117,105.22561821504551,9144.0
1000.0,TGW139,26.225403633855002,113.88911327311243,9144.0
1000.0,TGW263,-5.2554431018140955,111.37546366375692,9144.0
1000.0,TGW266,-0.7248891030164382,105.33103897299945,9144.0
1000.0,TGW275,-4.05657614711089,105.55084405881023,9144.0
1000.0,TGW276,-0.8907281783890041,105.19405617092397,9144.0
1000.0,TGW277,-4.422690784246456,105.52838758826744,9144.0
1000.0,TGW281,-6.790557160478121,113.2551055094473,9144.0
1000.0,SIA878,2.010199256678327,106.12306506278026,9144.0
1000.0,SIA883,19.815956551331396,113.3202129664379,9144.0
1000.0,SIA912,1.351907184320451,105.3134500659277,9144.0
1000.0,SIA915,12.66270055507574,119.51658507415961,9144.0
1000.0,SIA926,-0.6284365661349048,105.45521946744705,9144.0
1000.0,SIA939,-7.367611021324888,114.27751114864434,9144.0
1000.0,SIA953,-3.551088089001185,105.3868593597199,9144.0
1000.0,SIA957,-3.8082691137557845,105.20185538395896,9144.0
1000.0,SIA959,-5.9063558158990155,106.39837758709857,9144.0
1000.0,SJX731,23.233886998738406,120.0889455589564,9144.0
1000.0,SJX732,1.8210231444997316,105.92350528505548,9144.0
1000.0,TGW12,-0.9775857268990117,105.22561821504551,9144.0
1000.0,TGW139,26.225403633855002,113.88911327311243,9144.0
1000.0,TGW263,-5.2554431018140955,111.37546366375692,9144.0
1000.0,TGW266,-0.7248891030164382,105.33103897299945,9144.0
1000.0,TGW275,-4.05657614711089,105.55084405881023,9144.0
1000.0,TGW276,-0.8907281783890041,105.19405617092397,9144.0
1000.0,TGW277,-4.422690784246456,105.52838758826744,9144.0
1000.0,TGW281,-6.790557160478121,113.2551055094473,9144.0
1010.0,SIA878,2.0399691944282217,106.138394628916,9144.0
1010.0,SIA883,19.78666918358014,113.30624870494034,9144.0
1010.0,SIA912,1.3525983714121004,105.34211912203028,9144.0
1010.0,SIA915,12.642045315310737,119.48733277903172,9144.0
1010.0,SIA926,-0.651963491796994,105.4742883395323,9144.0
1010.0,SIA939,-7.336578551707458,114.26579308313705,9144.0
1010.0,SIA953,-3.5204002072499048,105.37479633670245,9144.0
1010.0,SIA957,-3.7791090680774118,105.18456983636142,9144.0
1010.0,SIA959,-5.884831724560656,106.39628558820145,9144.0
1010.0,SJX731,23.20198988339274,120.08039763837306,9144.0
1010.0,SJX732,1.8485280408870441,105.94137116695457,9144.0
1010.0,TGW12,-1.0104675150998006,105.23713599476929,9144.0
1010.0,TGW139,26.19180925273158,113.88925764991072,9144.0
1010.0,TGW263,-5.230505654604787,111.35630071319285,9144.0
1010.0,TGW266,-0.7464723962818768,105.35376832697163,9144.0
1010.0,TGW275,-4.027680495312379,105.53977783809759,9144.0
1010.0,TGW276,-0.9191056200600531,105.2065146847565,9144.0
1010.0,TGW277,-4.394797358576251,105.51640930589137,9144.0
1010.0,TGW281,-6.766884092341502,113.23077951828097,9144.0
1010.0,SIA878,2.0399691944282217,106.138394628916,9144.0
1010.0,SIA883,19.78666918358014,113.30624870494034,9144.0
1010.0,SIA912,1.3525983714121004,105.34211912203028,9144.0
1010.0,SIA915,12.642045315310737,119.48733277903172,9144.0
1010.0,SIA926,-0.651963491796994,105.4742883395323,9144.0
1010.0,SIA939,-7.336578551707458,114.26579308313705,9144.0
1010.0,SIA953,-3.5204002072499048,105.37479633670245,9144.0
1010.0,SIA957,-3.7791090680774118,105.18456983636142,9144.0
1010.0,SIA959,-5.884831724560656,106.39628558820145,9144.0
1010.0,SJX731,23.20198988339274,120.08039763837306,9144.0
1010.0,SJX732,1.8485280408870441,105.94137116695457,9144.0
1010.0,TGW12,-1.0104675150998006,105.23713599476929,9144.0
1010.0,TGW139,26.19180925273158,113.88925764991072,9144.0
1010.0,TGW263,-5.230505654604787,111.35630071319285,9144.0
1010.0,TGW266,-0.7464723962818768,105.35376832697163,9144.0
1010.0,TGW275,-4.027680495312379,105.53977783809759,9144.0
1010.0,TGW276,-0.9191056200600531,105.2065146847565,9144.0
1010.0,TGW277,-4.394797358576251,105.51640930589137,9144.0
1010.0,TGW281,-6.766884092341502,113.23077951828097,9144.0
1020.0,SIA878,2.069941717334806,106.15382920962139,9144.0
1020.0,SIA883,19.75738073034876,113.29228958024927,9144.0
1020.0,SIA912,1.3532140999658222,105.37078990625382,9144.0
1020.0,SIA915,12.621549658457951,119.45831909421523,9144.0
1020.0,SIA926,-0.6754903256619631,105.49335741559985,9144.0
1020.0,SIA939,-7.305592348345739,114.25395203118957,9144.0
1020.0,SIA953,-3.4897121598671386,105.36273413237501,9144.0
1020.0,SIA957,-3.749704391224925,105.16714094911065,9144.0
1020.0,SIA959,-5.863302327941059,106.39832158952426,9144.0
1020.0,SJX731,23.169924986229308,120.07180910922928,9144.0
1020.0,SJX732,1.8755971385970553,105.95895485061239,9144.0
1020.0,TGW12,-1.0435082999552903,105.24870972447158,9144.0
1020.0,TGW139,26.158214871464004,113.88940194345415,9144.0
1020.0,TGW263,-5.205635833978207,111.33705010761,9144.0
1020.0,TGW266,-0.7680538193501363,105.37649957016633,9144.0
1020.0,TGW275,-3.9988010315206517,105.52866962427264,9144.0
1020.0,TGW276,-0.9474936835723201,105.21894907068577,9144.0
1020.0,TGW277,-4.367067079017777,105.5045021456578,9144.0
1020.0,TGW281,-6.743136062666802,113.2065289246225,9144.0
1020.0,SIA878,2.069941717334806,106.15382920962139,9144.0
1020.0,SIA883,19.75738073034876,113.29228958024927,9144.0
1020.0,SIA912,1.3532140999658222,105.37078990625382,9144.0
1020.0,SIA915,12.621549658457951,119.45831909421523,9144.0
1020.0,SIA926,-0.6754903256619631,105.49335741559985,9144.0
1020.0,SIA939,-7.305592348345739,114.25395203118957,9144.0
1020.0,SIA953,-3.4897121598671386,105.36273413237501,9144.0
1020.0,SIA957,-3.749704391224925,105.16714094911065,9144.0
1020.0,SIA959,-5.863302327941059,106.39832158952426,9144.0
1020.0,SJX731,23.169924986229308,120.07180910922928,9144.0
1020.0,SJX732,1.8755971385970553,105.95895485061239,9144.0
1020.0,TGW12,-1.0435082999552903,105.24870972447158,9144.0
1020.0,TGW139,26.158214871464004,113.88940194345415,9144.0
1020.0,TGW263,-5.205635833978207,111.33705010761,9144.0
1020.0,TGW266,-0.7680538193501363,105.37649957016633,9144.0
1020.0,TGW275,-3.9988010315206517,105.52866962427264,9144.0
1020.0,TGW276,-0.9474936835723201,105.21894907068577,9144.0
1020.0,TGW277,-4.367067079017777,105.5045021456578,9144.0
1020.0,TGW281,-6.743136062666802,113.2065289246225,9144.0
1030.0,SIA878,2.0998627342921696,106.16936382775434,9144.0
1030.0,SIA883,19.728091193771185,113.27833558244012,9144.0
1030.0,SIA912,1.3538347333031218,105.39976198346827,9144.0
1030.0,SIA915,12.59787211948554,119.43197399637326,9144.0
1030.0,SIA926,-0.6991628314429527,105.51224541773486,9144.0
1030.0,SIA939,-7.274445207957708,114.24205137801009,9144.0
1030.0,SIA953,-3.4590238841763936,105.35067290329775,9144.0
1030.0,SIA957,-3.720276064276062,105.14975277921455,9144.0
1030.0,SIA959,-5.842543960281015,106.40441186728697,9144.0
1030.0,SJX731,23.137215179042048,120.06687701713457,9144.0
1030.0,SJX732,1.9025156255519415,105.97676876640496,9144.0
1030.0,TGW12,-1.0765293554001043,105.26033976735607,9144.0
1030.0,TGW139,26.12462049005257,113.88954615391383,9144.0
1030.0,TGW263,-5.1806502958512635,111.31785523471395,9144.0
1030.0,TGW266,-0.7896752833188372,105.3992735450121,9144.0
1030.0,TGW275,-3.969866479772789,105.51754132221446,9144.0
1030.0,TGW276,-0.976042926801495,105.23145428859281,9144.0
1030.0,TGW277,-4.3382530797997685,105.49555011752057,9144.0
1030.0,TGW281,-6.719466351838508,113.1823626669897,9144.0
1030.0,SIA878,2.0998627342921696,106.16936382775434,9144.0
1030.0,SIA883,19.728091193771185,113.27833558244012,9144.0
1030.0,SIA912,1.3538347333031218,105.39976198346827,9144.0
1030.0,SIA915,12.59787211948554,119.43197399637326,9144.0
1030.0,SIA926,-0.6991628314429527,105.51224541773486,9144.0
1030.0,SIA939,-7.274445207957708,114.24205137801009,9144.0
1030.0,SIA953,-3.4590238841763936,105.35067290329775,9144.0
1030.0,SIA957,-3.720276064276062,105.14975277921455,9144.0
1030.0,SIA959,-5.842543960281015,106.40441186728697,9144.0
1030.0,SJX731,23.137215179042048,120.06687701713457,9144.0
1030.0,SJX732,1.9025156255519415,105.97676876640496,9144.0
1030.0,TGW12,-1.0765293554001043,105.26033976735607,9144.0
1030.0,TGW139,26.12462049005257,113.88954615391383,9144.0
1030.0,TGW263,-5.1806502958512635,111.31785523471395,9144.0
1030.0,TGW266,-0.7896752833188372,105.3992735450121,9144.0
1030.0,TGW275,-3.969866479772789,105.51754132221446,9144.0
1030.0,TGW276,-0.976042926801495,105.23145428859281,9144.0
1030.0,TGW277,-4.3382530797997685,105.49555011752057,9144.0
1030.0,TGW281,-6.719466351838508,113.1823626669897,9144.0
1040.0,SIA878,2.129733027154171,106.18487283114449,9144.0
1040.0,SIA883,19.69880057597865,113.26438670159979,9144.0
1040.0,SIA912,1.3545670574401436,105.42873145995581,9144.0
1040.0,SIA915,12.571532040396061,119.40887479291796,9144.0
1040.0,SIA926,-0.7229277587197748,105.53120745457088,9144.0
1040.0,SIA939,-7.243323635584713,114.2300837652113,9144.0
1040.0,SIA953,-3.4283344248930785,105.33861508581866,9144.0
1040.0,SIA957,-3.6907498402743353,105.13230819463703,9144.0
1040.0,SIA959,-5.82330515308292,106.41433654571274,9144.0
1040.0,SJX731,23.104334888629985,120.06192168590789,9144.0
1040.0,SJX732,1.9292889312385637,105.99448740994102,9144.0
1040.0,TGW12,-1.1094444366662788,105.27193275339219,9144.0
1040.0,TGW139,26.091026108497573,113.88969028146056,9144.0
1040.0,TGW263,-5.155896434281592,111.29884048650563,9144.0
1040.0,TGW266,-0.811325091107878,105.42202069181631,9144.0
1040.0,TGW275,-3.9409116377895788,105.50646656314032,9144.0
1040.0,TGW276,-1.0045920977981373,105.2439597791645,9144.0
1040.0,TGW277,-4.309212703758472,105.48652850763834,9144.0
1040.0,TGW281,-6.695769489335841,113.15822457696463,9144.0
1040.0,SIA878,2.129733027154171,106.18487283114449,9144.0
1040.0,SIA883,19.69880057597865,113.26438670159979,9144.0
1040.0,SIA912,1.3545670574401436,105.42873145995581,9144.0
1040.0,SIA915,12.571532040396061,119.40887479291796,9144.0
1040.0,SIA926,-0.7229277587197748,105.53120745457088,9144.0
1040.0,SIA939,-7.243323635584713,114.2300837652113,9144.0
1040.0,SIA953,-3.4283344248930785,105.33861508581866,9144.0
1040.0,SIA957,-3.6907498402743353,105.13230819463703,9144.0
1040.0,SIA959,-5.82330515308292,106.41433654571274,9144.0
1040.0,SJX731,23.104334888629985,120.06192168590789,9144.0
1040.0,SJX732,1.9292889312385637,105.99448740994102,9144.0
1040.0,TGW12,-1.1094444366662788,105.27193275339219,9144.0
1040.0,TGW139,26.091026108497573,113.88969028146056,9144.0
1040.0,TGW263,-5.155896434281592,111.29884048650563,9144.0
1040.0,TGW266,-0.811325091107878,105.42202069181631,9144.0
1040.0,TGW275,-3.9409116377895788,105.50646656314032,9144.0
1040.0,TGW276,-1.0045920977981373,105.2439597791645,9144.0
1040.0,TGW277,-4.309212703758472,105.48652850763834,9144.0
1040.0,TGW281,-6.695769489335841,113.15822457696463,9144.0
1050.0,SIA878,2.1596250681308993,106.20034011981339,9144.0
1050.0,SIA883,19.669508879099713,113.2504429278266,9144.0
1050.0,SIA912,1.3553041463355109,105.45794118869324,9144.0
1050.0,SIA915,12.543505231899344,119.38845982537727,9144.0
1050.0,SIA926,-0.7466354450474473,105.55024112200798,9144.0
1050.0,SIA939,-7.211988256273651,114.21803582839276,9144.0
1050.0,SIA953,-3.3974312953286647,105.32647416515664,9144.0
1050.0,SIA957,-3.659352195746011,105.1185309819298,9144.0
1050.0,SIA959,-5.806279643614183,106.42773755155426,9144.0
1050.0,SJX731,23.071180368919173,120.06014710866842,9144.0
1050.0,SJX732,1.9561610008027872,106.01205601580725,9144.0
1050.0,TGW12,-1.1423594726669604,105.28352599888507,9144.0
1050.0,TGW139,26.057431726799308,113.88983432626485,9144.0
1050.0,TGW263,-5.131140923249918,111.27982864270044,9144.0
1050.0,TGW266,-0.8330552279257294,105.44485279535174,9144.0
1050.0,TGW275,-3.911956565180291,105.49539279403132,9144.0
1050.0,TGW276,-1.0331626325591114,105.25641647934715,9144.0
1050.0,TGW277,-4.280467500075562,105.47660199907891,9144.0
1050.0,TGW281,-6.6720710796530165,113.13408919676489,9144.0
1050.0,SIA878,2.1596250681308993,106.20034011981339,9144.0
1050.0,SIA883,19.669508879099713,113.2504429278266,9144.0
1050.0,SIA912,1.3553041463355109,105.45794118869324,9144.0
1050.0,SIA915,12.543505231899344,119.38845982537727,9144.0
1050.0,SIA926,-0.7466354450474473,105.55024112200798,9144.0
1050.0,SIA939,-7.211988256273651,114.21803582839276,9144.0
1050.0,SIA953,-3.3974312953286647,105.32647416515664,9144.0
1050.0,SIA957,-3.659352195746011,105.1185309819298,9144.0
1050.0,SIA959,-5.806279643614183,106.42773755155426,9144.0
1050.0,SJX731,23.071180368919173,120.06014710866842,9144.0
1050.0,SJX732,1.9561610008027872,106.01205601580725,9144.0
1050.0,TGW12,-1.1423594726669604,105.28352599888507,9144.0
1050.0,TGW139,26.057431726799308,113.88983432626485,9144.0
1050.0,TGW263,-5.131140923249918,111.27982864270044,9144.0
1050.0,TGW266,-0.8330552279257294,105.44485279535174,9144.0
1050.0,TGW275,-3.911956565180291,105.49539279403132,9144.0
1050.0,TGW276,-1.0331626325591114,105.25641647934715,9144.0
1050.0,TGW277,-4.280467500075562,105.47660199907891,9144.0
1050.0,TGW281,-6.6720710796530165,113.13408919676489,9144.0
1060.0,SIA878,2.189466322428746,106.21578184233891,9144.0
1060.0,SIA883,19.640216105260244,113.23650425123029,9144.0
1060.0,SIA912,1.3559770604236068,105.48715247528854,9144.0
1060.0,SIA915,12.515476541336477,119.36804978882934,9144.0
1060.0,SIA926,-0.77043520356553,105.56934900611165,9144.0
1060.0,SIA939,-7.180636455941868,114.20603220397535,9144.0
1060.0,SIA953,-3.3665280106941027,105.31433402756366,9144.0
1060.0,SIA957,-3.6269635496703114,105.10729124743365,9144.0
1060.0,SIA959,-5.7906440437527005,106.44526745749988,9144.0
1060.0,SJX731,23.03770681218645,120.05940369764298,9144.0
1060.0,SJX732,1.9827897595275712,106.02946628560254,9144.0
1060.0,TGW12,-1.1752744618681266,105.295119512022,9144.0
1060.0,TGW139,26.02383734495807,113.88997828849686,9144.0
1060.0,TGW263,-5.106466911581213,111.26071103398621,9144.0
1060.0,TGW266,-0.8549862497194307,105.4678961009708,9144.0
1060.0,TGW275,-3.882984171786301,105.48436501357347,9144.0
1060.0,TGW276,-1.0617330993281389,105.26887344909478,9144.0
1060.0,TGW277,-4.251109432836105,105.46646469889602,9144.0
1060.0,TGW281,-6.648487538076744,113.10984119553247,9144.0
1060.0,SIA878,2.189466322428746,106.21578184233891,9144.0
1060.0,SIA883,19.640216105260244,113.23650425123029,9144.0
1060.0,SIA912,1.3559770604236068,105.48715247528854,9144.0
1060.0,SIA915,12.515476541336477,119.36804978882934,9144.0
1060.0,SIA926,-0.77043520356553,105.56934900611165,9144.0
1060.0,SIA939,-7.180636455941868,114.20603220397535,9144.0
1060.0,SIA953,-3.3665280106941027,105.31433402756366,9144.0
1060.0,SIA957,-3.6269635496703114,105.10729124743365,9144.0
1060.0,SIA959,-5.7906440437527005,106.44526745749988,9144.0
1060.0,SJX731,23.03770681218645,120.05940369764298,9144.0
1060.0,SJX732,1.9827897595275712,106.02946628560254,9144.0
1060.0,TGW12,-1.1752744618681266,105.295119512022,9144.0
1060.0,TGW139,26.02383734495807,113.88997828849686,9144.0
1060.0,TGW263,-5.106466911581213,111.26071103398621,9144.0
1060.0,TGW266,-0.8549862497194307,105.4678961009708,9144.0
1060.0,TGW275,-3.882984171786301,105.48436501357347,9144.0
1060.0,TGW276,-1.0617330993281389,105.26887344909478,9144.0
1060.0,TGW277,-4.251109432836105,105.46646469889602,9144.0
1060.0,TGW281,-6.648487538076744,113.10984119553247,9144.0
1070.0,SIA878,2.2193073906664287,106.2312242345336,9144.0
1070.0,SIA883,19.610922256583446,113.22257066193198,9144.0
1070.0,SIA912,1.3566541681801507,105.51660334475719,9144.0
1070.0,SIA915,12.486566848147941,119.34897484268373,9144.0
1070.0,SIA926,-0.7942348199711239,105.58845717563699,9144.0
1070.0,SIA939,-7.149071301201443,114.1939487318466,9144.0
1070.0,SIA953,-3.3356245718280286,105.30219466733304,9144.0
1070.0,SIA957,-3.5945747635049874,105.09605231917233,9144.0
1070.0,SIA959,-5.777550000185659,106.46611083896128,9144.0
1070.0,SJX731,23.004062216493207,120.05865686031342,9144.0
1070.0,SJX732,2.0093872349449784,106.04692464878573,9144.0
1070.0,TGW12,-1.2081894025713904,105.30671330145739,9144.0
1070.0,TGW139,25.990242962974154,113.89012216832649,9144.0
1070.0,TGW263,-5.081744884096639,111.2415603462392,9144.0
1070.0,TGW275,-3.8541215016171817,105.47337985848513,9144.0
1070.0,TGW276,-1.0903132207664836,105.28130836096061,9144.0
1070.0,TGW277,-4.221695980643573,105.45649051995369,9144.0
1070.0,TGW281,-6.625022071875703,113.0857188367504,9144.0
1070.0,SIA878,2.2193073906664287,106.2312242345336,9144.0
1070.0,SIA883,19.610922256583446,113.22257066193198,9144.0
1070.0,SIA912,1.3566541681801507,105.51660334475719,9144.0
1070.0,SIA915,12.486566848147941,119.34897484268373,9144.0
1070.0,SIA926,-0.7942348199711239,105.58845717563699,9144.0
1070.0,SIA939,-7.149071301201443,114.1939487318466,9144.0
1070.0,SIA953,-3.3356245718280286,105.30219466733304,9144.0
1070.0,SIA957,-3.5945747635049874,105.09605231917233,9144.0
1070.0,SIA959,-5.777550000185659,106.46611083896128,9144.0
1070.0,SJX731,23.004062216493207,120.05865686031342,9144.0
1070.0,SJX732,2.0093872349449784,106.04692464878573,9144.0
1070.0,TGW12,-1.2081894025713904,105.30671330145739,9144.0
1070.0,TGW139,25.990242962974154,113.89012216832649,9144.0
1070.0,TGW263,-5.081744884096639,111.2415603462392,9144.0
1070.0,TGW275,-3.8541215016171817,105.47337985848513,9144.0
1070.0,TGW276,-1.0903132207664836,105.28130836096061,9144.0
1070.0,TGW277,-4.221695980643573,105.45649051995369,9144.0
1070.0,TGW281,-6.625022071875703,113.0857188367504,9144.0
1080.0,SIA878,2.2491524911712997,106.24665913419469,9144.0
1080.0,SIA883,19.581627335189847,113.20864215006415,9144.0
1080.0,SIA912,1.357418705833182,105.54605208237227,9144.0
1080.0,SIA915,12.45789345956949,119.33006142982612,9144.0
1080.0,SIA926,-0.8178131060602764,105.60783795666445,9144.0
1080.0,SIA939,-7.117505762681456,114.18186711107951,9144.0
1080.0,SIA953,-3.304720979162571,105.2900560797973,9144.0
1080.0,SIA957,-3.5621858384991,105.08481418990151,9144.0
1080.0,SIA959,-5.760733739344516,106.4851705082824,9144.0
1080.0,SJX731,22.97041761727597,120.05791039634485,9144.0
1080.0,SJX732,2.035692045952433,106.06419164967063,9144.0
1080.0,TGW12,-1.2411042925223361,105.3183073774253,9144.0
1080.0,TGW139,25.95664858084785,113.89026596592326,9144.0
1080.0,TGW263,-5.05694437666891,111.22251293910386,9144.0
1080.0,TGW275,-3.8252964528781304,105.46229629043995,9144.0
1080.0,TGW276,-1.1188395223400416,105.2937201292703,9144.0
1080.0,TGW277,-4.192115769777444,105.44646062871506,9144.0
1080.0,TGW281,-6.601496976476559,113.06165655801306,9144.0
1080.0,SIA878,2.2491524911712997,106.24665913419469,9144.0
1080.0,SIA883,19.581627335189847,113.20864215006415,9144.0
1080.0,SIA912,1.357418705833182,105.54605208237227,9144.0
1080.0,SIA915,12.45789345956949,119.33006142982612,9144.0
1080.0,SIA926,-0.8178131060602764,105.60783795666445,9144.0
1080.0,SIA939,-7.117505762681456,114.18186711107951,9144.0
1080.0,SIA953,-3.304720979162571,105.2900560797973,9144.0
1080.0,SIA957,-3.5621858384991,105.08481418990151,9144.0
1080.0,SIA959,-5.760733739344516,106.4851705082824,9144.0
1080.0,SJX731,22.97041761727597,120.05791039634485,9144.0
1080.0,SJX732,2.035692045952433,106.06419164967063,9144.0
1080.0,TGW12,-1.2411042925223361,105.3183073774253,9144.0
1080.0,TGW139,25.95664858084785,113.89026596592326,9144.0
1080.0,TGW263,-5.05694437666891,111.22251293910386,9144.0
1080.0,TGW275,-3.8252964528781304,105.46229629043995,9144.0
1080.0,TGW276,-1.1188395223400416,105.2937201292703,9144.0
1080.0,TGW277,-4.192115769777444,105.44646062871506,9144.0
1080.0,TGW281,-6.601496976476559,113.06165655801306,9144.0
1090.0,SIA878,2.2788960522931343,106.26204229910961,9144.0
1090.0,SIA883,19.552331343197302,113.19471870577063,9144.0
1090.0,SIA912,1.3581932274577437,105.57591840411689,9144.0
1090.0,SIA915,12.428838260588854,119.31177140093277,9144.0
1090.0,SIA926,-0.8414824611938894,105.62729394030492,9144.0
1090.0,SIA939,-7.087001250643306,114.16727868654412,9144.0
1090.0,SIA953,-3.2738172320275685,105.27791826310545,9144.0
1090.0,SIA957,-3.5297967759008135,105.07357685238036,9144.0
1090.0,SIA959,-5.740906090662692,106.5014396282063,9144.0
1090.0,SJX731,22.936774865349925,120.05707165342527,9144.0
1090.0,SJX732,2.0619935705928776,106.08146394598722,9144.0
1090.0,TGW12,-1.274019122449496,105.3299017700903,9144.0
1090.0,TGW139,25.923054198579457,113.89040968145646,9144.0
1090.0,TGW263,-5.032235840424195,111.2035392396026,9144.0
1090.0,TGW275,-3.7963615035467404,105.45117131411699,9144.0
1090.0,TGW276,-1.1473189433161204,105.30623925686903,9144.0
1090.0,TGW277,-4.162566551909235,105.43633968780578,9144.0
1090.0,TGW281,-6.578130649538582,113.0377607928317,9144.0
1090.0,SIA878,2.2788960522931343,106.26204229910961,9144.0
1090.0,SIA883,19.552331343197302,113.19471870577063,9144.0
1090.0,SIA912,1.3581932274577437,105.57591840411689,9144.0
1090.0,SIA915,12.428838260588854,119.31177140093277,9144.0
1090.0,SIA926,-0.8414824611938894,105.62729394030492,9144.0
1090.0,SIA939,-7.087001250643306,114.16727868654412,9144.0
1090.0,SIA953,-3.2738172320275685,105.27791826310545,9144.0
1090.0,SIA957,-3.5297967759008135,105.07357685238036,9144.0
1090.0,SIA959,-5.740906090662692,106.5014396282063,9144.0
1090.0,SJX731,22.936774865349925,120.05707165342527,9144.0
1090.0,SJX732,2.0619935705928776,106.08146394598722,9144.0
1090.0,TGW12,-1.274019122449496,105.3299017700903,9144.0
1090.0,TGW139,25.923054198579457,113.89040968145646,9144.0
1090.0,TGW263,-5.032235840424195,111.2035392396026,9144.0
1090.0,TGW275,-3.7963615035467404,105.45117131411699,9144.0
1090.0,TGW276,-1.1473189433161204,105.30623925686903,9144.0
1090.0,TGW277,-4.162566551909235,105.43633968780578,9144.0
1090.0,TGW281,-6.578130649538582,113.0377607928317,9144.0
1100.0,SIA878,2.30866578138783,106.2773750007498,9144.0
1100.0,SIA883,19.523034282721017,113.18080031920657,9144.0
1100.0,SIA912,1.3588479907451554,105.60578760101156,9144.0
1100.0,SIA915,12.399733367735248,119.29345540461371,9144.0
1100.0,SIA926,-0.8623354623530877,105.64974296076358,9144.0
1100.0,SIA939,-7.058326460842708,114.14899045781587,9144.0
1100.0,SIA953,-3.2429133242500825,105.2657812294639,9144.0
1100.0,SIA957,-3.4974075769573356,105.06234029937174,9144.0
1100.0,SIA959,-5.7187441616014745,106.51431073141872,9144.0
1100.0,SJX731,22.90301827374788,120.05623049253558,9144.0
1100.0,SJX732,2.0882460316747666,106.09870477206148,9144.0
1100.0,TGW12,-1.306933037238478,105.34149891173395,9144.0
1100.0,TGW139,25.889459816169264,113.89055331509503,9144.0
1100.0,TGW263,-5.007545168782278,111.18454283750992,9144.0
1100.0,TGW275,-3.767428365739796,105.44004197811624,9144.0
1100.0,TGW276,-1.1759056193936879,105.31880581873757,9144.0
1100.0,TGW277,-4.133128122998214,105.42625752129894,9144.0
1100.0,TGW281,-6.554717354365211,113.01391278006972,9144.0
1100.0,SIA878,2.30866578138783,106.2773750007498,9144.0
1100.0,SIA883,19.523034282721017,113.18080031920657,9144.0
1100.0,SIA912,1.3588479907451554,105.60578760101156,9144.0
1100.0,SIA915,12.399733367735248,119.29345540461371,9144.0
1100.0,SIA926,-0.8623354623530877,105.64974296076358,9144.0
1100.0,SIA939,-7.058326460842708,114.14899045781587,9144.0
1100.0,SIA953,-3.2429133242500825,105.2657812294639,9144.0
1100.0,SIA957,-3.4974075769573356,105.06234029937174,9144.0
1100.0,SIA959,-5.7187441616014745,106.51431073141872,9144.0
1100.0,SJX731,22.90301827374788,120.05623049253558,9144.0
1100.0,SJX732,2.0882460316747666,106.09870477206148,9144.0
1100.0,TGW12,-1.306933037238478,105.34149891173395,9144.0
1100.0,TGW139,25.889459816169264,113.89055331509503,9144.0
1100.0,TGW263,-5.007545168782278,111.18454283750992,9144.0
1100.0,TGW275,-3.767428365739796,105.44004197811624,9144.0
1100.0,TGW276,-1.1759056193936879,105.31880581873757,9144.0
1100.0,TGW277,-4.133128122998214,105.42625752129894,9144.0
1100.0,TGW281,-6.554717354365211,113.01391278006972,9144.0
1110.0,SIA878,2.3384353218285217,106.29270839252655,9144.0
1110.0,SIA883,19.49373615587353,113.16688698053841,9144.0
1110.0,SIA912,1.3595071104924383,105.63589453188109,9144.0
1110.0,SIA915,12.370613707199542,119.27516607317249,9144.0
1110.0,SIA926,-0.881803702600942,105.67325024108996,9144.0
1110.0,SIA939,-7.031863030229461,114.12722142046249,9144.0
1110.0,SIA953,-3.2120067256619724,105.25365144050427,9144.0
1110.0,SIA957,-3.4650182429148453,105.0511045236424,9144.0
1110.0,SIA959,-5.694818818749698,106.52345252256605,9144.0
1110.0,SJX731,22.86925991926278,120.05547749536672,9144.0
1110.0,SJX732,2.1144973327866348,106.11594765650507,9144.0
1110.0,TGW12,-1.3395815107048459,105.35300284560131,9144.0
1110.0,TGW139,25.855865433617563,113.89069686700763,9144.0
1110.0,TGW263,-4.982807049499991,111.16551254707962,9144.0
1110.0,TGW275,-3.7386048065371806,105.42895562858922,9144.0
1110.0,TGW276,-1.2045095928473668,105.33133307173316,9144.0
1110.0,TGW277,-4.103670611356171,105.41623191033466,9144.0
1110.0,TGW281,-6.531463633178357,112.99023128304161,9144.0
1110.0,SIA878,2.3384353218285217,106.29270839252655,9144.0
1110.0,SIA883,19.49373615587353,113.16688698053841,9144.0
1110.0,SIA912,1.3595071104924383,105.63589453188109,9144.0
1110.0,SIA915,12.370613707199542,119.27516607317249,9144.0
1110.0,SIA926,-0.881803702600942,105.67325024108996,9144.0
1110.0,SIA939,-7.031863030229461,114.12722142046249,9144.0
1110.0,SIA953,-3.2120067256619724,105.25365144050427,9144.0
1110.0,SIA957,-3.4650182429148453,105.0511045236424,9144.0
1110.0,SIA959,-5.694818818749698,106.52345252256605,9144.0
1110.0,SJX731,22.86925991926278,120.05547749536672,9144.0
1110.0,SJX732,2.1144973327866348,106.11594765650507,9144.0
1110.0,TGW12,-1.3395815107048459,105.35300284560131,9144.0
1110.0,TGW139,25.855865433617563,113.89069686700763,9144.0
1110.0,TGW263,-4.982807049499991,111.16551254707962,9144.0
1110.0,TGW275,-3.7386048065371806,105.42895562858922,9144.0
1110.0,TGW276,-1.2045095928473668,105.33133307173316,9144.0
1110.0,TGW277,-4.103670611356171,105.41623191033466,9144.0
1110.0,TGW281,-6.531463633178357,112.99023128304161,9144.0
1120.0,SIA878,2.3681606439490417,106.30812780209476,9144.0
1120.0,SIA883,19.464436964764733,113.15297867994389,9144.0
1120.0,SIA912,1.3602619002037586,105.66599922434543,9144.0
1120.0,SIA915,12.341492653042716,119.25688110349635,9144.0
1120.0,SIA926,-0.9012717112083481,105.69675783759594,9144.0
1120.0,SIA939,-7.008053284928633,114.10230010266929,9144.0
1120.0,SIA953,-3.18094018861121,105.24145968062427,9144.0
1120.0,SIA957,-3.4326287750184106,105.03986951796314,9144.0
1120.0,SIA959,-5.669746352269776,106.52862983096088,9144.0
1120.0,SJX731,22.83538786501414,120.05472233855757,9144.0
1120.0,SJX732,2.1408112719157124,106.13309496027556,9144.0
1120.0,TGW12,-1.3722299304454002,105.3645070871872,9144.0
1120.0,TGW139,25.822271050924645,113.89084033736259,9144.0
1120.0,TGW263,-4.9580604776672335,111.14649404744118,9144.0
1120.0,TGW275,-3.7097566587590913,105.4179340559518,9144.0
1120.0,TGW276,-1.233167139886732,105.34388408692605,9144.0
1120.0,TGW277,-4.074101966388106,105.40616928856741,9144.0
1120.0,TGW281,-6.508255501371689,112.96650561940804,9144.0
1120.0,SIA878,2.3681606439490417,106.30812780209476,9144.0
1120.0,SIA883,19.464436964764733,113.15297867994389,9144.0
1120.0,SIA912,1.3602619002037586,105.66599922434543,9144.0
1120.0,SIA915,12.341492653042716,119.25688110349635,9144.0
1120.0,SIA926,-0.9012717112083481,105.69675783759594,9144.0
1120.0,SIA939,-7.008053284928633,114.10230010266929,9144.0
1120.0,SIA953,-3.18094018861121,105.24145968062427,9144.0
1120.0,SIA957,-3.4326287750184106,105.03986951796314,9144.0
1120.0,SIA959,-5.669746352269776,106.52862983096088,9144.0
1120.0,SJX731,22.83538786501414,120.05472233855757,9144.0
1120.0,SJX732,2.1408112719157124,106.13309496027556,9144.0
1120.0,TGW12,-1.3722299304454002,105.3645070871872,9144.0
1120.0,TGW139,25.822271050924645,113.89084033736259,9144.0
1120.0,TGW263,-4.9580604776672335,111.14649404744118,9144.0
1120.0,TGW275,-3.7097566587590913,105.4179340559518,9144.0
1120.0,TGW276,-1.233167139886732,105.34388408692605,9144.0
1120.0,TGW277,-4.074101966388106,105.40616928856741,9144.0
1120.0,TGW281,-6.508255501371689,112.96650561940804,9144.0
1130.0,SIA878,2.397835094295451,106.32352159300821,9144.0
1130.0,SIA883,19.43513671150186,113.13907540761197,9144.0
1130.0,SIA912,1.361024795198817,105.69645924291015,9144.0
1130.0,SIA915,12.312384155925503,119.23857722657561,9144.0
1130.0,SIA926,-0.9208256924847924,105.7201940787694,9144.0
1130.0,SIA939,-6.985982657617335,114.07580476689503,9144.0
1130.0,SIA953,-3.149873506203014,105.22926865785642,9144.0
1130.0,SIA957,-3.400239174511889,105.02863527510918,9144.0
1130.0,SIA959,-5.644172600950091,106.5297096452047,9144.0
1130.0,SJX731,22.801517271187983,120.05389384867811,9144.0
1130.0,SJX732,2.1670754930352816,106.15021173599624,9144.0
1130.0,TGW12,-1.4048782950615308,105.3760116442044,9144.0
1130.0,TGW139,25.7886766680908,113.89098372632793,9144.0
1130.0,TGW263,-4.933266528616722,111.12744163212564,9144.0
1130.0,TGW275,-3.6809633376468898,105.4069342227974,9144.0
1130.0,TGW276,-1.2618245886319326,105.35643546336061,9144.0
1130.0,TGW277,-4.044515075978135,105.39616108090098,9144.0
1130.0,TGW281,-6.4850861816899785,112.94282359746444,9144.0
1130.0,SIA878,2.397835094295451,106.32352159300821,9144.0
1130.0,SIA883,19.43513671150186,113.13907540761197,9144.0
1130.0,SIA912,1.361024795198817,105.69645924291015,9144.0
1130.0,SIA915,12.312384155925503,119.23857722657561,9144.0
1130.0,SIA926,-0.9208256924847924,105.7201940787694,9144.0
1130.0,SIA939,-6.985982657617335,114.07580476689503,9144.0
1130.0,SIA953,-3.149873506203014,105.22926865785642,9144.0
1130.0,SIA957,-3.400239174511889,105.02863527510918,9144.0
1130.0,SIA959,-5.644172600950091,106.5297096452047,9144.0
1130.0,SJX731,22.801517271187983,120.05389384867811,9144.0
1130.0,SJX732,2.1670754930352816,106.15021173599624,9144.0
1130.0,TGW12,-1.4048782950615308,105.3760116442044,9144.0
1130.0,TGW139,25.7886766680908,113.89098372632793,9144.0
1130.0,TGW263,-4.933266528616722,111.12744163212564,9144.0
1130.0,TGW275,-3.6809633376468898,105.4069342227974,9144.0
1130.0,TGW276,-1.2618245886319326,105.35643546336061,9144.0
1130.0,TGW277,-4.044515075978135,105.39616108090098,9144.0
1130.0,TGW281,-6.4850861816899785,112.94282359746444,9144.0
1140.0,SIA878,2.427509354576123,106.33891608687759,9144.0
1140.0,SIA883,19.405835398189502,113.12517715374291,9144.0
1140.0,SIA912,1.3658795017992225,105.72653942305836,9144.0
1140.0,SIA915,12.283033328995518,119.22012621568257,9144.0
1140.0,SIA926,-0.9401519847998328,105.74335796615081,9144.0
1140.0,SIA939,-6.9638013074468255,114.04918143317488,9144.0
1140.0,SIA953,-3.1188066797658838,105.21707836519171,9144.0
1140.0,SIA957,-3.3678494426378096,105.01740178786045,9144.0
1140.0,SIA959,-5.618756316117716,106.52666451258418,9144.0
1140.0,SJX731,22.767419722744215,120.05306022360692,9144.0
1140.0,SJX732,2.1932323076207654,106.1674927317721,9144.0
1140.0,TGW12,-1.4375266031210279,105.38751652446142,9144.0
1140.0,TGW139,25.75508228511632,113.8911270340714,9144.0
1140.0,TGW263,-4.908442592873912,111.10842930455229,9144.0
1140.0,TGW275,-3.6521698307657093,105.39593523215059,9144.0
1140.0,TGW276,-1.2904952717453255,105.36895670435503,9144.0
1140.0,TGW277,-4.014817136594869,105.38611611144906,9144.0
1140.0,TGW281,-6.461940069559953,112.91911968624953,9144.0
1140.0,SIA878,2.427509354576123,106.33891608687759,9144.0
1140.0,SIA883,19.405835398189502,113.12517715374291,9144.0
1140.0,SIA912,1.3658795017992225,105.72653942305836,9144.0
1140.0,SIA915,12.283033328995518,119.22012621568257,9144.0
1140.0,SIA926,-0.9401519847998328,105.74335796615081,9144.0
1140.0,SIA939,-6.9638013074468255,114.04918143317488,9144.0
1140.0,SIA953,-3.1188066797658838,105.21707836519171,9144.0
1140.0,SIA957,-3.3678494426378096,105.01740178786045,9144.0
1140.0,SIA959,-5.618756316117716,106.52666451258418,9144.0
1140.0,SJX731,22.767419722744215,120.05306022360692,9144.0
1140.0,SJX732,2.1932323076207654,106.1674927317721,9144.0
1140.0,TGW12,-1.4375266031210279,105.38751652446142,9144.0
1140.0,TGW139,25.75508228511632,113.8911270340714,9144.0
1140.0,TGW263,-4.908442592873912,111.10842930455229,9144.0
1140.0,TGW275,-3.6521698307657093,105.39593523215059,9144.0
1140.0,TGW276,-1.2904952717453255,105.36895670435503,9144.0
1140.0,TGW277,-4.014817136594869,105.38611611144906,9144.0
1140.0,TGW281,-6.461940069559953,112.91911968624953,9144.0
1150.0,SIA878,2.4571897004309333,106.35429916336902,9144.0
1150.0,SIA883,19.376533026929614,113.11128390854815,9144.0
1150.0,SIA912,1.3747758131314247,105.75592752724779,9144.0
1150.0,SIA915,12.253678214806664,119.20168440468113,9144.0
1150.0,SIA926,-0.9595181036653765,105.76648868760041,9144.0
1150.0,SIA939,-6.941617484913996,114.02256144714877,9144.0
1150.0,SIA953,-3.0877397106078006,105.20488879567432,9144.0
1150.0,SIA957,-3.335459580637233,105.00616904900198,9144.0
1150.0,SIA959,-5.5939635935233785,106.51955036668518,9144.0
1150.0,SJX731,22.73332073149498,120.0522993582789,9144.0
1150.0,SJX732,2.219290223168949,106.18471131611972,9144.0
1150.0,TGW12,-1.4701748531319403,105.39902173593681,9144.0
1150.0,TGW139,25.721487902001495,113.89127026076044,9144.0
1150.0,TGW263,-4.8835712504327615,111.08938316699998,9144.0
1150.0,TGW275,-3.6234036655304265,105.38486499460053,9144.0
1150.0,TGW276,-1.3191658534357777,105.38147832041717,9144.0
1150.0,TGW277,-3.9851416061638463,105.37600517393359,9144.0
1150.0,TGW281,-6.438591872101412,112.89521261450224,9144.0
1150.0,SIA878,2.4571897004309333,106.35429916336902,9144.0
1150.0,SIA883,19.376533026929614,113.11128390854815,9144.0
1150.0,SIA912,1.3747758131314247,105.75592752724779,9144.0
1150.0,SIA915,12.253678214806664,119.20168440468113,9144.0
1150.0,SIA926,-0.9595181036653765,105.76648868760041,9144.0
1150.0,SIA939,-6.941617484913996,114.02256144714877,9144.0
1150.0,SIA953,-3.0877397106078006,105.20488879567432,9144.0
1150.0,SIA957,-3.335459580637233,105.00616904900198,9144.0
1150.0,SIA959,-5.5939635935233785,106.51955036668518,9144.0
1150.0,SJX731,22.73332073149498,120.0522993582789,9144.0
1150.0,SJX732,2.219290223168949,106.18471131611972,9144.0
1150.0,TGW12,-1.4701748531319403,105.39902173593681,9144.0
1150.0,TGW139,25.721487902001495,113.89127026076044,9144.0
1150.0,TGW263,-4.8835712504327615,111.08938316699998,9144.0
1150.0,TGW275,-3.6234036655304265,105.38486499460053,9144.0
1150.0,TGW276,-1.3191658534357777,105.38147832041717,9144.0
1150.0,TGW277,-3.9851416061638463,105.37600517393359,9144.0
1150.0,TGW281,-6.438591872101412,112.89521261450224,9144.0
1160.0,SIA878,2.486666725791272,106.3695776481916,9144.0
1160.0,SIA883,19.34722959982151,113.09739566225032,9144.0
1160.0,SIA912,1.3874993898801782,105.78380688065235,9144.0
1160.0,SIA915,12.224336967134402,119.18322155119372,9144.0
1160.0,SIA926,-0.9788840222034045,105.78961970908315,9144.0
1160.0,SIA939,-6.919435782973838,113.99594092063344,9144.0
1160.0,SIA953,-3.056672600008264,105.19269994242198,9144.0
1160.0,SIA957,-3.30306958974958,104.99493705132443,9144.0
1160.0,SIA959,-5.570610085791352,106.50857043179501,9144.0
1160.0,SJX731,22.698938840556124,120.05153256488244,9144.0
1160.0,SJX732,2.2454601292377854,106.20175925415066,9144.0
1160.0,TGW12,-1.5028230434796195,105.41052728695793,9144.0
1160.0,TGW139,25.687893518746613,113.89141340656215,9144.0
1160.0,TGW263,-4.858745760108377,111.07027757261123,9144.0
1160.0,TGW275,-3.5946373400900553,105.37379552556361,9144.0
1160.0,TGW276,-1.3478264128541353,105.39402301756921,9144.0
1160.0,TGW277,-3.955299974643291,105.36583844249142,9144.0
1160.0,TGW281,-6.415241260120686,112.87130902848241,9144.0
1160.0,SIA878,2.486666725791272,106.3695776481916,9144.0
1160.0,SIA883,19.34722959982151,113.09739566225032,9144.0
1160.0,SIA912,1.3874993898801782,105.78380688065235,9144.0
1160.0,SIA915,12.224336967134402,119.18322155119372,9144.0
1160.0,SIA926,-0.9788840222034045,105.78961970908315,9144.0
1160.0,SIA939,-6.919435782973838,113.99594092063344,9144.0
1160.0,SIA953,-3.056672600008264,105.19269994242198,9144.0
1160.0,SIA957,-3.30306958974958,104.99493705132443,9144.0
1160.0,SIA959,-5.570610085791352,106.50857043179501,9144.0
1160.0,SJX731,22.698938840556124,120.05153256488244,9144.0
1160.0,SJX732,2.2454601292377854,106.20175925415066,9144.0
1160.0,TGW12,-1.5028230434796195,105.41052728695793,9144.0
1160.0,TGW139,25.687893518746613,113.89141340656215,9144.0
1160.0,TGW263,-4.858745760108377,111.07027757261123,9144.0
1160.0,TGW275,-3.5946373400900553,105.37379552556361,9144.0
1160.0,TGW276,-1.3478264128541353,105.39402301756921,9144.0
1160.0,TGW277,-3.955299974643291,105.36583844249142,9144.0
1160.0,TGW281,-6.415241260120686,112.87130902848241,9144.0
1170.0,SIA878,2.516143560543334,106.3848568448386,9144.0
1170.0,SIA883,19.317925118961867,113.08351240508327,9144.0
1170.0,SIA912,1.4034650494525713,105.80891607399451,9144.0
1170.0,SIA915,12.194992669566831,119.16476581849774,9144.0
1170.0,SIA926,-0.9982309180888417,105.81276678306209,9144.0
1170.0,SIA939,-6.897433591128428,113.96954150753037,9144.0
1170.0,SIA953,-3.0256053492054895,105.18051179865866,9144.0
1170.0,SIA957,-3.270679471212423,104.9837057876246,9144.0
1170.0,SIA959,-5.54928865088556,106.49400369155818,9144.0
1170.0,SJX731,22.66455841504523,120.05069231812031,9144.0
1170.0,SJX732,2.2716298237759696,106.21880782450043,9144.0
1170.0,TGW12,-1.5354711722269307,105.4220331867682,9144.0
1170.0,TGW139,25.654299135351962,113.89155647164338,9144.0
1170.0,TGW263,-4.834059036114791,111.0512809541513,9144.0
1170.0,TGW275,-3.565859619698239,105.36275617841034,9144.0
1170.0,TGW276,-1.376486879995384,105.40656807487561,9144.0
1170.0,TGW277,-3.925457937175859,105.35567327306364,9144.0
1170.0,TGW281,-6.391839116629041,112.84745762247833,9144.0
1170.0,SIA878,2.516143560543334,106.3848568448386,9144.0
1170.0,SIA883,19.317925118961867,113.08351240508327,9144.0
1170.0,SIA912,1.4034650494525713,105.80891607399451,9144.0
1170.0,SIA915,12.194992669566831,119.16476581849774,9144.0
1170.0,SIA926,-0.9982309180888417,105.81276678306209,9144.0
1170.0,SIA939,-6.897433591128428,113.96954150753037,9144.0
1170.0,SIA953,-3.0256053492054895,105.18051179865866,9144.0
1170.0,SIA957,-3.270679471212423,104.9837057876246,9144.0
1170.0,SIA959,-5.54928865088556,106.49400369155818,9144.0
1170.0,SJX731,22.66455841504523,120.05069231812031,9144.0
1170.0,SJX732,2.2716298237759696,106.21880782450043,9144.0
1170.0,TGW12,-1.5354711722269307,105.4220331867682,9144.0
1170.0,TGW139,25.654299135351962,113.89155647164338,9144.0
1170.0,TGW263,-4.834059036114791,111.0512809541513,9144.0
1170.0,TGW275,-3.565859619698239,105.36275617841034,9144.0
1170.0,TGW276,-1.376486879995384,105.40656807487561,9144.0
1170.0,TGW277,-3.925457937175859,105.35567327306364,9144.0
1170.0,TGW281,-6.391839116629041,112.84745762247833,9144.0
1180.0,SIA878,2.5456201306052506,106.40013690056571,9144.0
1180.0,SIA883,19.288619586444735,113.06963412729199,9144.0
1180.0,SIA912,1.4224780241104475,105.83117797736077,9144.0
1180.0,SIA915,12.16566411174016,119.14628595852044,9144.0
1180.0,SIA926,-1.0175776063297268,105.83591416815399,9144.0
1180.0,SIA939,-6.8754885094833345,113.94309513032731,9144.0
1180.0,SIA953,-2.994537959374461,105.16832435777069,9144.0
1180.0,SIA957,-3.238289226261232,104.97247525070627,9144.0
1180.0,SIA959,-5.5305405600630335,106.47622010754321,9144.0
1180.0,SJX731,22.629727204230168,120.04984148392937,9144.0
1180.0,SJX732,2.297799290849533,106.23585705523413,9144.0
1180.0,TGW12,-1.5681192359632468,105.4335394487955,9144.0
1180.0,TGW139,25.620704751817836,113.89169945617066,9144.0
1180.0,TGW263,-4.809364169499437,111.03229568798768,9144.0
1180.0,TGW275,-3.536971907628906,105.35167542118184,9144.0
1180.0,TGW276,-1.405144474100972,105.41911985009204,9144.0
1180.0,TGW277,-3.8956249580424505,105.34548178755162,9144.0
1180.0,TGW281,-6.368394655414615,112.82356850923945,9144.0
1180.0,SIA878,2.5456201306052506,106.40013690056571,9144.0
1180.0,SIA883,19.288619586444735,113.06963412729199,9144.0
1180.0,SIA912,1.4224780241104475,105.83117797736077,9144.0
1180.0,SIA915,12.16566411174016,119.14628595852044,9144.0
1180.0,SIA926,-1.0175776063297268,105.83591416815399,9144.0
1180.0,SIA939,-6.8754885094833345,113.94309513032731,9144.0
1180.0,SIA953,-2.994537959374461,105.16832435777069,9144.0
1180.0,SIA957,-3.238289226261232,104.97247525070627,9144.0
1180.0,SIA959,-5.5305405600630335,106.47622010754321,9144.0
1180.0,SJX731,22.629727204230168,120.04984148392937,9144.0
1180.0,SJX732,2.297799290849533,106.23585705523413,9144.0
1180.0,TGW12,-1.5681192359632468,105.4335394487955,9144.0
1180.0,TGW139,25.620704751817836,113.89169945617066,9144.0
1180.0,TGW263,-4.809364169499437,111.03229568798768,9144.0
1180.0,TGW275,-3.536971907628906,105.35167542118184,9144.0
1180.0,TGW276,-1.405144474100972,105.41911985009204,9144.0
1180.0,TGW277,-3.8956249580424505,105.34548178755162,9144.0
1180.0,TGW281,-6.368394655414615,112.82356850923945,9144.0
1190.0,SIA878,2.5751062535071383,106.41539882864518,9144.0
1190.0,SIA883,19.259313004361537,113.0557608191326,9144.0
1190.0,SIA912,1.4444201857414742,105.85055735592866,9144.0
1190.0,SIA915,12.136477542280504,119.12790304135123,9144.0
1190.0,SIA926,-1.0371892159124307,105.85883760042437,9144.0
1190.0,SIA939,-6.853650336193089,113.91678310659623,9144.0
1190.0,SIA953,-2.96347043158588,105.15613761341169,9144.0
1190.0,SIA957,-3.205898856129055,104.96124543338101,9144.0
1190.0,SIA959,-5.5148417570269626,106.45567122033512,9144.0
1190.0,SJX731,22.594893970028373,120.04909436792957,9144.0
1190.0,SJX732,2.323968069529461,106.25290765852098,9144.0
1190.0,TGW12,-1.6007724445835663,105.44503127241899,9144.0
1190.0,TGW139,25.58711036814452,113.89184236031019,9144.0
1190.0,TGW263,-4.7849018061891195,111.0134912692246,9144.0
1190.0,TGW275,-3.5080742428061433,105.34062108846227,9144.0
1190.0,TGW276,-1.4338019990410888,105.43167193888642,9144.0
1190.0,TGW277,-3.866012925661228,105.33536731168216,9144.0
1190.0,TGW281,-6.344992083344775,112.79963893665627,9144.0
1190.0,SIA878,2.5751062535071383,106.41539882864518,9144.0
1190.0,SIA883,19.259313004361537,113.0557608191326,9144.0
1190.0,SIA912,1.4444201857414742,105.85055735592866,9144.0
1190.0,SIA915,12.136477542280504,119.12790304135123,9144.0
1190.0,SIA926,-1.0371892159124307,105.85883760042437,9144.0
1190.0,SIA939,-6.853650336193089,113.91678310659623,9144.0
1190.0,SIA953,-2.96347043158588,105.15613761341169,9144.0
1190.0,SIA957,-3.205898856129055,104.96124543338101,9144.0
1190.0,SIA959,-5.5148417570269626,106.45567122033512,9144.0
1190.0,SJX731,22.594893970028373,120.04909436792957,9144.0
1190.0,SJX732,2.323968069529461,106.25290765852098,9144.0
1190.0,TGW12,-1.6007724445835663,105.44503127241899,9144.0
1190.0,TGW139,25.58711036814452,113.89184236031019,9144.0
1190.0,TGW263,-4.7849018061891195,111.0134912692246,9144.0
1190.0,TGW275,-3.5080742428061433,105.34062108846227,9144.0
1190.0,TGW276,-1.4338019990410888,105.43167193888642,9144.0
1190.0,TGW277,-3.866012925661228,105.33536731168216,9144.0
1190.0,TGW281,-6.344992083344775,112.79963893665627,9144.0
1200.0,SIA878,2.6043884227470273,106.43055610000087,9144.0
1200.0,SIA883,19.23000537480107,113.04189247087237,9144.0
1200.0,SIA912,1.469040439827559,105.86683211567143,9144.0
1200.0,SIA915,12.10728657601769,119.10952944048567,9144.0
1200.0,SIA926,-1.0569930686827813,105.88198627350387,9144.0
1200.0,SIA939,-6.831853653203883,113.89043740874737,9144.0
1200.0,SIA953,-2.932402766719475,105.14395155972413,9144.0
1200.0,SIA957,-3.1735083620461197,104.9500163284694,9144.0
1200.0,SIA959,-5.502590775501308,106.4328786879982,9144.0
1200.0,SJX731,22.560004538436615,120.04834642568433,9144.0
1200.0,SJX732,2.3497366648344675,106.27055852858057,9144.0
1200.0,TGW12,-1.633105985032554,105.45641098272358,9144.0
1200.0,TGW139,25.553515984332297,113.89198518422793,9144.0
1200.0,TGW263,-4.760466462644475,110.99465217818627,9144.0
1200.0,TGW275,-3.479176438755951,105.32956746144455,9144.0
1200.0,TGW276,-1.462459451135871,105.44422435281068,9144.0
1200.0,TGW277,-3.8363702175000305,105.32534385731367,9144.0
1200.0,TGW281,-6.321548069166032,112.77567083355753,9144.0
1200.0,SIA878,2.6043884227470273,106.43055610000087,9144.0
1200.0,SIA883,19.23000537480107,113.04189247087237,9144.0
1200.0,SIA912,1.469040439827559,105.86683211567143,9144.0
1200.0,SIA915,12.10728657601769,119.10952944048567,9144.0
1200.0,SIA926,-1.0569930686827813,105.88198627350387,9144.0
1200.0,SIA939,-6.831853653203883,113.89043740874737,9144.0
1200.0,SIA953,-2.932402766719475,105.14395155972413,9144.0
1200.0,SIA957,-3.1735083620461197,104.9500163284694,9144.0
1200.0,SIA959,-5.502590775501308,106.4328786879982,9144.0
1200.0,SJX731,22.560004538436615,120.04834642568433,9144.0
1200.0,SJX732,2.3497366648344675,106.27055852858057,9144.0
1200.0,TGW12,-1.633105985032554,105.45641098272358,9144.0
1200.0,TGW139,25.553515984332297,113.89198518422793,9144.0
1200.0,TGW263,-4.760466462644475,110.99465217818627,9144.0
1200.0,TGW275,-3.479176438755951,105.32956746144455,9144.0
1200.0,TGW276,-1.462459451135871,105.44422435281068,9144.0
1200.0,TGW277,-3.8363702175000305,105.32534385731367,9144.0
1200.0,TGW281,-6.321548069166032,112.77567083355753,9144.0
1210.0,SIA878,2.6336754502794184,106.44570431673877,9144.0
1210.0,SIA883,19.200696699849516,113.02802907278965,9144.0
1210.0,SIA912,1.4956819692395222,105.87952815288554,9144.0
1210.0,SIA915,12.078190642852194,119.09122082859557,9144.0
1210.0,SIA926,-1.0767966942420795,105.9051352900338,9144.0
1210.0,SIA939,-6.810054951232476,113.86409460421844,9144.0
1210.0,SIA953,-2.901334965243796,105.13176619190226,9144.0
1210.0,SIA957,-3.1411177452393213,104.93878792880248,9144.0
1210.0,SIA959,-5.494098621954422,106.40842105263975,9144.0
1210.0,SJX731,22.52511651782134,120.04752513204018,9144.0
1210.0,SJX732,2.3731121173861185,106.29154391371803,9144.0
1210.0,TGW12,-1.6654394566338637,105.46779107371502,9144.0
1210.0,TGW139,25.519921600381455,113.89212792808951,9144.0
1210.0,TGW263,-4.735983791108758,110.9757786733809,9144.0
1210.0,TGW275,-3.4502771263992047,105.31851813045223,9144.0
1210.0,TGW276,-1.491116784679105,105.45677719942557,9144.0
1210.0,TGW277,-3.807339700387015,105.31552826196292,9144.0
1210.0,TGW281,-6.298096697745031,112.75171110180337,9144.0
1210.0,SIA878,2.6336754502794184,106.44570431673877,9144.0
1210.0,SIA883,19.200696699849516,113.02802907278965,9144.0
1210.0,SIA912,1.4956819692395222,105.87952815288554,9144.0
1210.0,SIA915,12.078190642852194,119.09122082859557,9144.0
1210.0,SIA926,-1.0767966942420795,105.9051352900338,9144.0
1210.0,SIA939,-6.810054951232476,113.86409460421844,9144.0
1210.0,SIA953,-2.901334965243796,105.13176619190226,9144.0
1210.0,SIA957,-3.1411177452393213,104.93878792880248,9144.0
1210.0,SIA959,-5.494098621954422,106.40842105263975,9144.0
1210.0,SJX731,22.52511651782134,120.04752513204018,9144.0
1210.0,SJX732,2.3731121173861185,106.29154391371803,9144.0
1210.0,TGW12,-1.6654394566338637,105.46779107371502,9144.0
1210.0,TGW139,25.519921600381455,113.89212792808951,9144.0
1210.0,TGW263,-4.735983791108758,110.9757786733809,9144.0
1210.0,TGW275,-3.4502771263992047,105.31851813045223,9144.0
1210.0,TGW276,-1.491116784679105,105.45677719942557,9144.0
1210.0,TGW277,-3.807339700387015,105.31552826196292,9144.0
1210.0,TGW281,-6.298096697745031,112.75171110180337,9144.0
1220.0,SIA878,2.662860176570744,106.46080052316401,9144.0
1220.0,SIA883,19.171386981590434,113.0141706151739,9144.0
1220.0,SIA912,1.5238282041955133,105.88839921494903,9144.0
1220.0,SIA915,12.049303050100928,119.07257240316798,9144.0
1220.0,SIA926,-1.0971713968787251,105.9277832669764,9144.0
1220.0,SIA939,-6.788240688687014,113.83776606279558,9144.0
1220.0,SIA953,-2.87026702644468,105.11958150816426,9144.0
1220.0,SIA957,-3.1087270069315633,104.92756022722362,9144.0
1220.0,SIA959,-5.48958088031138,106.3829190700294,9144.0
1220.0,SJX731,22.490735473667133,120.04671617901431,9144.0
1220.0,SJX732,2.3953021643970724,106.31378146527992,9144.0
1220.0,TGW12,-1.6963704714716692,105.48256652980803,9144.0
1220.0,TGW139,25.486327216292285,113.89227059206024,9144.0
1220.0,TGW263,-4.711486879603072,110.95692444813037,9144.0
1220.0,TGW275,-3.4213862216578628,105.3074470899388,9144.0
1220.0,TGW276,-1.5197809727854372,105.46931454010043,9144.0
1220.0,TGW277,-3.7783225509156457,105.30567337549085,9144.0
1220.0,TGW281,-6.274645837012954,112.72775194441314,9144.0
1220.0,SIA878,2.662860176570744,106.46080052316401,9144.0
1220.0,SIA883,19.171386981590434,113.0141706151739,9144.0
1220.0,SIA912,1.5238282041955133,105.88839921494903,9144.0
1220.0,SIA915,12.049303050100928,119.07257240316798,9144.0
1220.0,SIA926,-1.0971713968787251,105.9277832669764,9144.0
1220.0,SIA939,-6.788240688687014,113.83776606279558,9144.0
1220.0,SIA953,-2.87026702644468,105.11958150816426,9144.0
1220.0,SIA957,-3.1087270069315633,104.92756022722362,9144.0
1220.0,SIA959,-5.48958088031138,106.3829190700294,9144.0
1220.0,SJX731,22.490735473667133,120.04671617901431,9144.0
1220.0,SJX732,2.3953021643970724,106.31378146527992,9144.0
1220.0,TGW12,-1.6963704714716692,105.48256652980803,9144.0
1220.0,TGW139,25.486327216292285,113.89227059206024,9144.0
1220.0,TGW263,-4.711486879603072,110.95692444813037,9144.0
1220.0,TGW275,-3.4213862216578628,105.3074470899388,9144.0
1220.0,TGW276,-1.5197809727854372,105.46931454010043,9144.0
1220.0,TGW277,-3.7783225509156457,105.30567337549085,9144.0
1220.0,TGW281,-6.274645837012954,112.72775194441314,9144.0
1230.0,SIA878,2.69204133758775,106.4759039947821,9144.0
1230.0,SIA883,19.142076222104773,113.00031708832562,9144.0
1230.0,SIA912,1.5517602776694528,105.89735180025346,9144.0
1230.0,SIA915,12.020366167264985,119.05389735762252,9144.0
1230.0,SIA926,-1.1176249192514276,105.95051937760381,9144.0
1230.0,SIA939,-6.766279308494918,113.81126517326103,9144.0
1230.0,SIA953,-2.8391989424895447,105.10739752492516,9144.0
1230.0,SIA957,-3.076336148340886,104.91633321659107,9144.0
1230.0,SIA959,-5.489152239086762,106.35701997305699,9144.0
1230.0,SJX731,22.45635337444447,120.04596176775834,9144.0
1230.0,SJX732,2.4174916416353014,106.3360199483089,9144.0
1230.0,TGW12,-1.7271992061273294,105.49729365139633,9144.0
1230.0,TGW139,25.452732832065067,113.89241317630518,9144.0
1230.0,TGW263,-4.686849541215991,110.9379640150777,9144.0
1230.0,TGW275,-3.3924403015727953,105.29635572836546,9144.0
1230.0,TGW276,-1.5484986953540143,105.48187567159466,9144.0
1230.0,TGW277,-3.749585026069176,105.29591417857746,9144.0
1230.0,TGW281,-6.251192570828351,112.70379624633608,9144.0
1230.0,SIA878,2.69204133758775,106.4759039947821,9144.0
1230.0,SIA883,19.142076222104773,113.00031708832562,9144.0
1230.0,SIA912,1.5517602776694528,105.89735180025346,9144.0
1230.0,SIA915,12.020366167264985,119.05389735762252,9144.0
1230.0,SIA926,-1.1176249192514276,105.95051937760381,9144.0
1230.0,SIA939,-6.766279308494918,113.81126517326103,9144.0
1230.0,SIA953,-2.8391989424895447,105.10739752492516,9144.0
1230.0,SIA957,-3.076336148340886,104.91633321659107,9144.0
1230.0,SIA959,-5.489152239086762,106.35701997305699,9144.0
1230.0,SJX731,22.45635337444447,120.04596176775834,9144.0
1230.0,SJX732,2.4174916416353014,106.3360199483089,9144.0
1230.0,TGW12,-1.7271992061273294,105.49729365139633,9144.0
1230.0,TGW139,25.452732832065067,113.89241317630518,9144.0
1230.0,TGW263,-4.686849541215991,110.9379640150777,9144.0
1230.0,TGW275,-3.3924403015727953,105.29635572836546,9144.0
1230.0,TGW276,-1.5484986953540143,105.48187567159466,9144.0
1230.0,TGW277,-3.749585026069176,105.29591417857746,9144.0
1230.0,TGW281,-6.251192570828351,112.70379624633608,9144.0
1240.0,SIA878,2.7212733537540896,106.49103462868874,9144.0
1240.0,SIA883,19.11276442347087,112.98646848255639,9144.0
1240.0,SIA912,1.5800337665572348,105.90641406923945,9144.0
1240.0,SIA915,11.992247137090743,119.03396112626102,9144.0
1240.0,SIA926,-1.1380782543072356,105.97325581659454,9144.0
1240.0,SIA939,-6.744352470076349,113.78473649717155,9144.0
1240.0,SIA953,-2.8081361977925554,105.09520022852806,9144.0
1240.0,SIA957,-3.0439451706792946,104.90510688978134,9144.0
1240.0,SIA959,-5.4928235798734555,106.33138106638562,9144.0
1240.0,SJX731,22.42242433663203,120.0452176645536,9144.0
1240.0,SJX732,2.4423926844583224,106.35516797763988,9144.0
1240.0,TGW12,-1.7580278275667802,105.51202125128292,9144.0
1240.0,TGW139,25.41913844770009,113.89255568098906,9144.0
1240.0,TGW263,-4.662211463808497,110.91900521543499,9144.0
1240.0,TGW275,-3.363474656950009,105.28531649217129,9144.0
1240.0,TGW276,-1.5772163325251414,105.49443717024717,9144.0
1240.0,TGW277,-3.7208324175222667,105.28620002124264,9144.0
1240.0,TGW281,-6.227686963767866,112.67989359260149,9144.0
1240.0,SIA878,2.7212733537540896,106.49103462868874,9144.0
1240.0,SIA883,19.11276442347087,112.98646848255639,9144.0
1240.0,SIA912,1.5800337665572348,105.90641406923945,9144.0
1240.0,SIA915,11.992247137090743,119.03396112626102,9144.0
1240.0,SIA926,-1.1380782543072356,105.97325581659454,9144.0
1240.0,SIA939,-6.744352470076349,113.78473649717155,9144.0
1240.0,SIA953,-2.8081361977925554,105.09520022852806,9144.0
1240.0,SIA957,-3.0439451706792946,104.90510688978134,9144.0
1240.0,SIA959,-5.4928235798734555,106.33138106638562,9144.0
1240.0,SJX731,22.42242433663203,120.0452176645536,9144.0
1240.0,SJX732,2.4423926844583224,106.35516797763988,9144.0
1240.0,TGW12,-1.7580278275667802,105.51202125128292,9144.0
1240.0,TGW139,25.41913844770009,113.89255568098906,9144.0
1240.0,TGW263,-4.662211463808497,110.91900521543499,9144.0
1240.0,TGW275,-3.363474656950009,105.28531649217129,9144.0
1240.0,TGW276,-1.5772163325251414,105.49443717024717,9144.0
1240.0,TGW277,-3.7208324175222667,105.28620002124264,9144.0
1240.0,TGW281,-6.227686963767866,112.67989359260149,9144.0
1250.0,SIA878,2.7505051680210233,106.50616602243856,9144.0
1250.0,SIA883,19.083451587764458,112.97262478818881,9144.0
1250.0,SIA912,1.6083072147543078,105.91547658973154,9144.0
1250.0,SIA915,11.964033537054243,119.01396341550276,9144.0
1250.0,SIA926,-1.1585313936466042,105.99599259440532,9144.0
1250.0,SIA939,-6.72238749882168,113.75816688868633,9144.0
1250.0,SIA953,-2.7772864183679054,105.08308727325606,9144.0
1250.0,SIA957,-3.011554075151146,104.89388123969383,9144.0
1250.0,SIA959,-5.500601207821905,106.30596440841853,9144.0
1250.0,SJX731,22.38849593859844,120.04444036155151,9144.0
1250.0,SJX732,2.4670605193243413,106.37404267760265,9144.0
1250.0,TGW12,-1.78885633374227,105.5267493380323,9144.0
1250.0,TGW139,25.385544063197635,113.89269810627633,9144.0
1250.0,TGW263,-4.637532573507013,110.90010058932602,9144.0
1250.0,TGW275,-3.3346187325665175,105.27431981411844,9144.0
1250.0,TGW276,-1.6059369108951373,105.50699211245615,9144.0
1250.0,TGW277,-3.69191164064287,105.27642975068319,9144.0
1250.0,TGW281,-6.204098985405574,112.65591245331971,9144.0
1250.0,SIA878,2.7505051680210233,106.50616602243856,9144.0
1250.0,SIA883,19.083451587764458,112.97262478818881,9144.0
1250.0,SIA912,1.6083072147543078,105.91547658973154,9144.0
1250.0,SIA915,11.964033537054243,119.01396341550276,9144.0
1250.0,SIA926,-1.1585313936466042,105.99599259440532,9144.0
1250.0,SIA939,-6.72238749882168,113.75816688868633,9144.0
1250.0,SIA953,-2.7772864183679054,105.08308727325606,9144.0
1250.0,SIA957,-3.011554075151146,104.89388123969383,9144.0
1250.0,SIA959,-5.500601207821905,106.30596440841853,9144.0
1250.0,SJX731,22.38849593859844,120.04444036155151,9144.0
1250.0,SJX732,2.4670605193243413,106.37404267760265,9144.0
1250.0,TGW12,-1.78885633374227,105.5267493380323,9144.0
1250.0,TGW139,25.385544063197635,113.89269810627633,9144.0
1250.0,TGW263,-4.637532573507013,110.90010058932602,9144.0
1250.0,TGW275,-3.3346187325665175,105.27431981411844,9144.0
1250.0,TGW276,-1.6059369108951373,105.50699211245615,9144.0
1250.0,TGW277,-3.69191164064287,105.27642975068319,9144.0
1250.0,TGW281,-6.204098985405574,112.65591245331971,9144.0
1260.0,SIA878,2.779736748572133,106.52129824159799,9144.0
1260.0,SIA883,19.05413771705866,112.95878599555651,9144.0
1260.0,SIA912,1.635059022307271,105.92835790712202,9144.0
1260.0,SIA915,11.935817720442124,118.99397105662005,9144.0
1260.0,SIA926,-1.1789843227090262,106.01872972703694,9144.0
1260.0,SIA939,-6.700470111321622,113.73155866722121,9144.0
1260.0,SIA953,-2.7464362478652786,105.07097563098964,9144.0
1260.0,SIA957,-2.979162862950867,104.88265625925744,9144.0
1260.0,SIA959,-5.512402863030612,106.28140346619882,9144.0
1260.0,SJX731,22.35468115931512,120.04366603900286,9144.0
1260.0,SJX732,2.4917280872152276,106.392918079001,9144.0
1260.0,TGW12,-1.8196847226055088,105.5414779202106,9144.0
1260.0,TGW139,25.35194967855799,113.89284045233113,9144.0
1260.0,TGW263,-4.612899810891158,110.8812330696047,9144.0
1260.0,TGW275,-3.3057870821622823,105.2632597577488,9144.0
1260.0,TGW276,-1.6347109876512862,105.51957084012207,9144.0
1260.0,TGW277,-3.6630201665857327,105.26657312830797,9144.0
1260.0,TGW281,-6.180607324072165,112.6318369133351,9144.0
1260.0,SIA878,2.779736748572133,106.52129824159799,9144.0
1260.0,SIA883,19.05413771705866,112.95878599555651,9144.0
1260.0,SIA912,1.635059022307271,105.92835790712202,9144.0
1260.0,SIA915,11.935817720442124,118.99397105662005,9144.0
1260.0,SIA926,-1.1789843227090262,106.01872972703694,9144.0
1260.0,SIA939,-6.700470111321622,113.73155866722121,9144.0
1260.0,SIA953,-2.7464362478652786,105.07097563098964,9144.0
1260.0,SIA957,-2.979162862950867,104.88265625925744,9144.0
1260.0,SIA959,-5.512402863030612,106.28140346619882,9144.0
1260.0,SJX731,22.35468115931512,120.04366603900286,9144.0
1260.0,SJX732,2.4917280872152276,106.392918079001,9144.0
1260.0,TGW12,-1.8196847226055088,105.5414779202106,9144.0
1260.0,TGW139,25.35194967855799,113.89284045233113,9144.0
1260.0,TGW263,-4.612899810891158,110.8812330696047,9144.0
1260.0,TGW275,-3.3057870821622823,105.2632597577488,9144.0
1260.0,TGW276,-1.6347109876512862,105.51957084012207,9144.0
1260.0,TGW277,-3.6630201665857327,105.26657312830797,9144.0
1260.0,TGW281,-6.180607324072165,112.6318369133351,9144.0
1270.0,SIA878,2.8089730037084446,106.53642178259341,9144.0
1270.0,SIA883,19.024822813423995,112.94495209500411,9144.0
1270.0,SIA912,1.6616453490980336,105.94248895882843,9144.0
1270.0,SIA915,11.908550868444138,118.9726495463404,9144.0
1270.0,SIA926,-1.1994369936084737,106.04146726047932,9144.0
1270.0,SIA939,-6.678659271469382,113.70508473494695,9144.0
1270.0,SIA953,-2.715584413153971,105.05886854930803,9144.0
1270.0,SIA957,-2.9467715352596078,104.8714319414403,9144.0
1270.0,SIA959,-5.520379935247309,106.2553341723476,9144.0
1270.0,SJX731,22.320865769898404,120.04292370076207,9144.0
1270.0,SJX732,2.5163953854170997,106.4117941888992,9144.0
1270.0,TGW12,-1.8505129921076464,105.55620700638555,9144.0
1270.0,TGW139,25.318355293781437,113.89298271931732,9144.0
1270.0,TGW263,-4.588266498030779,110.86236692566504,9144.0
1270.0,TGW275,-3.2769553061131598,105.252200350063,9144.0
1270.0,TGW276,-1.6634849699264693,105.53214996596189,9144.0
1270.0,TGW277,-3.634016846925947,105.25667905166056,9144.0
1270.0,TGW281,-6.157074259163556,112.60772295073146,9144.0
1270.0,SIA878,2.8089730037084446,106.53642178259341,9144.0
1270.0,SIA883,19.024822813423995,112.94495209500411,9144.0
1270.0,SIA912,1.6616453490980336,105.94248895882843,9144.0
1270.0,SIA915,11.908550868444138,118.9726495463404,9144.0
1270.0,SIA926,-1.1994369936084737,106.04146726047932,9144.0
1270.0,SIA939,-6.678659271469382,113.70508473494695,9144.0
1270.0,SIA953,-2.715584413153971,105.05886854930803,9144.0
1270.0,SIA957,-2.9467715352596078,104.8714319414403,9144.0
1270.0,SIA959,-5.520379935247309,106.2553341723476,9144.0
1270.0,SJX731,22.320865769898404,120.04292370076207,9144.0
1270.0,SJX732,2.5163953854170997,106.4117941888992,9144.0
1270.0,TGW12,-1.8505129921076464,105.55620700638555,9144.0
1270.0,TGW139,25.318355293781437,113.89298271931732,9144.0
1270.0,TGW263,-4.588266498030779,110.86236692566504,9144.0
1270.0,TGW275,-3.2769553061131598,105.252200350063,9144.0
1270.0,TGW276,-1.6634849699264693,105.53214996596189,9144.0
1270.0,TGW277,-3.634016846925947,105.25667905166056,9144.0
1270.0,TGW281,-6.157074259163556,112.60772295073146,9144.0
1280.0,SIA878,2.837953447202211,106.55141385155183,9144.0
1280.0,SIA883,18.99550687892839,112.93112307688722,9144.0
1280.0,SIA912,1.6882314676129149,105.95662059445431,9144.0
1280.0,SIA915,11.881102426029406,118.95119287792349,9144.0
1280.0,SIA926,-1.2193021936341746,106.06472020222654,9144.0
1280.0,SIA939,-6.656838371302807,113.67862038615733,9144.0
1280.0,SIA953,-2.684838848402595,105.04680493514434,9144.0
1280.0,SIA957,-2.9143800932401533,104.86020827926438,9144.0
1280.0,SIA959,-5.524476743305719,106.2279369783918,9144.0
1280.0,SJX731,22.28722108533554,120.04218546707762,9144.0
1280.0,SJX732,2.5410624112146567,106.43067101436351,9144.0
1280.0,TGW12,-1.8813411401992506,105.57093660512659,9144.0
1280.0,TGW139,25.28476090886826,113.89312490739844,9144.0
1280.0,TGW263,-4.563632575809504,110.84350223167183,9144.0
1280.0,TGW275,-3.248123404698154,105.24114158750612,9144.0
1280.0,TGW276,-1.6922772763160694,105.5446872421201,9144.0
1280.0,TGW277,-3.6050244313992352,105.24675325751306,9144.0
1280.0,TGW281,-6.133451583767464,112.58369885606257,9144.0
1280.0,SIA878,2.837953447202211,106.55141385155183,9144.0
1280.0,SIA883,18.99550687892839,112.93112307688722,9144.0
1280.0,SIA912,1.6882314676129149,105.95662059445431,9144.0
1280.0,SIA915,11.881102426029406,118.95119287792349,9144.0
1280.0,SIA926,-1.2193021936341746,106.06472020222654,9144.0
1280.0,SIA939,-6.656838371302807,113.67862038615733,9144.0
1280.0,SIA953,-2.684838848402595,105.04680493514434,9144.0
1280.0,SIA957,-2.9143800932401533,104.86020827926438,9144.0
1280.0,SIA959,-5.524476743305719,106.2279369783918,9144.0
1280.0,SJX731,22.28722108533554,120.04218546707762,9144.0
1280.0,SJX732,2.5410624112146567,106.43067101436351,9144.0
1280.0,TGW12,-1.8813411401992506,105.57093660512659,9144.0
1280.0,TGW139,25.28476090886826,113.89312490739844,9144.0
1280.0,TGW263,-4.563632575809504,110.84350223167183,9144.0
1280.0,TGW275,-3.248123404698154,105.24114158750612,9144.0
1280.0,TGW276,-1.6922772763160694,105.5446872421201,9144.0
1280.0,TGW277,-3.6050244313992352,105.24675325751306,9144.0
1280.0,TGW281,-6.133451583767464,112.58369885606257,9144.0
1290.0,SIA878,2.8669336932307976,106.56640668099514,9144.0
1290.0,SIA883,18.966189915637162,112.91729893157242,9144.0
1290.0,SIA912,1.7150953733398355,105.97021646307265,9144.0
1290.0,SIA915,11.853335579432324,118.9301705175466,9144.0
1290.0,SIA926,-1.2390904668833709,106.08788367440036,9144.0
1290.0,SIA939,-6.635004855594819,113.65216776075131,9144.0
1290.0,SIA953,-2.654114976508121,105.03468636167443,9144.0
1290.0,SIA957,-2.881988538028753,104.84898526582921,9144.0
1290.0,SIA959,-5.524576144044847,106.19955948428144,9144.0
1290.0,SJX731,22.253576566363652,120.0414386504958,9144.0
1290.0,SJX732,2.565729161891114,106.44954856246251,9144.0
1290.0,TGW12,-1.9121691648302828,105.58566672500491,9144.0
1290.0,TGW139,25.251166523818743,113.89326701673777,9144.0
1290.0,TGW263,-4.539044026036569,110.82457870702993,9144.0
1290.0,TGW275,-3.2192913772283736,105.23008346905542,9144.0
1290.0,TGW276,-1.7211766028318096,105.55727157355172,9144.0
1290.0,TGW277,-3.5759761142376325,105.2368090202685,9144.0
1290.0,TGW281,-6.109787451695882,112.55963645252865,9144.0
1290.0,SIA878,2.8669336932307976,106.56640668099514,9144.0
1290.0,SIA883,18.966189915637162,112.91729893157242,9144.0
1290.0,SIA912,1.7150953733398355,105.97021646307265,9144.0
1290.0,SIA915,11.853335579432324,118.9301705175466,9144.0
1290.0,SIA926,-1.2390904668833709,106.08788367440036,9144.0
1290.0,SIA939,-6.635004855594819,113.65216776075131,9144.0
1290.0,SIA953,-2.654114976508121,105.03468636167443,9144.0
1290.0,SIA957,-2.881988538028753,104.84898526582921,9144.0
1290.0,SIA959,-5.524576144044847,106.19955948428144,9144.0
1290.0,SJX731,22.253576566363652,120.0414386504958,9144.0
1290.0,SJX732,2.565729161891114,106.44954856246251,9144.0
1290.0,TGW12,-1.9121691648302828,105.58566672500491,9144.0
1290.0,TGW139,25.251166523818743,113.89326701673777,9144.0
1290.0,TGW263,-4.539044026036569,110.82457870702993,9144.0
1290.0,TGW275,-3.2192913772283736,105.23008346905542,9144.0
1290.0,TGW276,-1.7211766028318096,105.55727157355172,9144.0
1290.0,TGW277,-3.5759761142376325,105.2368090202685,9144.0
1290.0,TGW281,-6.109787451695882,112.55963645252865,9144.0
1300.0,SIA878,2.8959137384589946,106.58140028124551,9144.0
1300.0,SIA883,18.936871925613048,112.90347964943723,9144.0
1300.0,SIA912,1.742170644227219,105.98391986465496,9144.0
1300.0,SIA915,11.825612271282068,118.90918707043991,9144.0
1300.0,SIA926,-1.2588785379449379,106.11104749379841,9144.0
1300.0,SIA939,-6.613168286715386,113.62571886041815,9144.0
1300.0,SIA953,-2.6234443116014217,105.0225896334352,9144.0
1300.0,SIA957,-2.8495968707211645,104.83776289435221,9144.0
1300.0,SIA959,-5.5205765108386196,106.17146794157003,9144.0
1300.0,SJX731,22.220217285640402,120.04069851986216,9144.0
1300.0,SJX732,2.5903956347281305,106.46842684026701,9144.0
1300.0,TGW12,-1.9429970639500727,105.60039737459353,9144.0
1300.0,TGW139,25.217572138633162,113.89340904749825,9144.0
1300.0,TGW263,-4.514501491000601,110.8056924787403,9144.0
1300.0,TGW275,-3.1904592176397357,105.21902600774814,9144.0
1300.0,TGW276,-1.750041702271732,105.5699344794494,9144.0
1300.0,TGW277,-3.5469065180581394,105.22692771642144,9144.0
1300.0,TGW281,-6.086182961258513,112.53551593163478,9144.0
1300.0,SIA878,2.8959137384589946,106.58140028124551,9144.0
1300.0,SIA883,18.936871925613048,112.90347964943723,9144.0
1300.0,SIA912,1.742170644227219,105.98391986465496,9144.0
1300.0,SIA915,11.825612271282068,118.90918707043991,9144.0
1300.0,SIA926,-1.2588785379449379,106.11104749379841,9144.0
1300.0,SIA939,-6.613168286715386,113.62571886041815,9144.0
1300.0,SIA953,-2.6234443116014217,105.0225896334352,9144.0
1300.0,SIA957,-2.8495968707211645,104.83776289435221,9144.0
1300.0,SIA959,-5.5205765108386196,106.17146794157003,9144.0
1300.0,SJX731,22.220217285640402,120.04069851986216,9144.0
1300.0,SJX732,2.5903956347281305,106.46842684026701,9144.0
1300.0,TGW12,-1.9429970639500727,105.60039737459353,9144.0
1300.0,TGW139,25.217572138633162,113.89340904749825,9144.0
1300.0,TGW263,-4.514501491000601,110.8056924787403,9144.0
1300.0,TGW275,-3.1904592176397357,105.21902600774814,9144.0
1300.0,TGW276,-1.750041702271732,105.5699344794494,9144.0
1300.0,TGW277,-3.5469065180581394,105.22692771642144,9144.0
1300.0,TGW281,-6.086182961258513,112.53551593163478,9144.0
1310.0,SIA878,2.9248935784729175,106.5963946647158,9144.0
1310.0,SIA883,18.907552910916177,112.88966522087013,9144.0
1310.0,SIA912,1.7690511045435322,105.99800211551204,9144.0
1310.0,SIA915,11.797885617375846,118.88821036126511,9144.0
1310.0,SIA926,-1.2786664035268906,106.13421166599758,9144.0
1310.0,SIA939,-6.591343625249032,113.59926116811333,9144.0
1310.0,SIA953,-2.5927240795053055,105.0106199019131,9144.0
1310.0,SIA957,-2.8172050923466574,104.82654115824393,9144.0
1310.0,SIA959,-5.512562480609881,106.14425697626332,9144.0
1310.0,SJX731,22.186857245892416,120.0399996145292,9144.0
1310.0,SJX732,2.615061827005734,106.48730585485025,9144.0
1310.0,TGW12,-1.973824835507291,105.61512856246729,9144.0
1310.0,TGW139,25.183977753311805,113.89355099984256,9144.0
1310.0,TGW263,-4.48992758849058,110.78684797372071,9144.0
1310.0,TGW275,-3.161621800346892,105.20798261666374,9144.0
1310.0,TGW276,-1.7786925773711912,105.58250387047588,9144.0
1310.0,TGW277,-3.5177252701514954,105.21700914334305,9144.0
1310.0,TGW281,-6.062537281332041,112.51135688048703,9144.0
1310.0,SIA878,2.9248935784729175,106.5963946647158,9144.0
1310.0,SIA883,18.907552910916177,112.88966522087013,9144.0
1310.0,SIA912,1.7690511045435322,105.99800211551204,9144.0
1310.0,SIA915,11.797885617375846,118.88821036126511,9144.0
1310.0,SIA926,-1.2786664035268906,106.13421166599758,9144.0
1310.0,SIA939,-6.591343625249032,113.59926116811333,9144.0
1310.0,SIA953,-2.5927240795053055,105.0106199019131,9144.0
1310.0,SIA957,-2.8172050923466574,104.82654115824393,9144.0
1310.0,SIA959,-5.512562480609881,106.14425697626332,9144.0
1310.0,SJX731,22.186857245892416,120.0399996145292,9144.0
1310.0,SJX732,2.615061827005734,106.48730585485025,9144.0
1310.0,TGW12,-1.973824835507291,105.61512856246729,9144.0
1310.0,TGW139,25.183977753311805,113.89355099984256,9144.0
1310.0,TGW263,-4.48992758849058,110.78684797372071,9144.0
1310.0,TGW275,-3.161621800346892,105.20798261666374,9144.0
1310.0,TGW276,-1.7786925773711912,105.58250387047588,9144.0
1310.0,TGW277,-3.5177252701514954,105.21700914334305,9144.0
1310.0,TGW281,-6.062537281332041,112.51135688048703,9144.0
1320.0,SIA878,2.9538732056053467,106.61138985012344,9144.0
1320.0,SIA883,18.878232873604095,112.87585563627051,9144.0
1320.0,SIA912,1.79624532045758,106.0122492885423,9144.0
1320.0,SIA915,11.770227186415138,118.86714198929005,9144.0
1320.0,SIA926,-1.2984540603343973,106.15737619657716,9144.0
1320.0,SIA939,-6.569552200251001,113.5728509932476,9144.0
1320.0,SIA953,-2.562057236882942,104.99867164520175,9144.0
1320.0,SIA957,-2.7848132038134468,104.81532005126591,9144.0
1320.0,SIA959,-5.500703639623959,106.11850253867362,9144.0
1320.0,SJX731,22.153382993997212,120.03929865011142,9144.0
1320.0,SJX732,2.6397277360022358,106.50618561328795,9144.0
1320.0,TGW12,-2.0046524774499197,105.62986029720304,9144.0
1320.0,TGW139,25.15038336785495,113.89369287393306,9144.0
1320.0,TGW263,-4.465306477171217,110.76796901449518,9144.0
1320.0,TGW275,-3.132674470630414,105.19689781270246,9144.0
1320.0,TGW276,-1.8073675207597593,105.59501839935682,9144.0
1320.0,TGW277,-3.488536235110532,105.2071139056281,9144.0
1320.0,TGW281,-6.038890094822378,112.48720037745996,9144.0
1320.0,SIA878,2.9538732056053467,106.61138985012344,9144.0
1320.0,SIA883,18.878232873604095,112.87585563627051,9144.0
1320.0,SIA912,1.79624532045758,106.0122492885423,9144.0
1320.0,SIA915,11.770227186415138,118.86714198929005,9144.0
1320.0,SIA926,-1.2984540603343973,106.15737619657716,9144.0
1320.0,SIA939,-6.569552200251001,113.5728509932476,9144.0
1320.0,SIA953,-2.562057236882942,104.99867164520175,9144.0
1320.0,SIA957,-2.7848132038134468,104.81532005126591,9144.0
1320.0,SIA959,-5.500703639623959,106.11850253867362,9144.0
1320.0,SJX731,22.153382993997212,120.03929865011142,9144.0
1320.0,SJX732,2.6397277360022358,106.50618561328795,9144.0
1320.0,TGW12,-2.0046524774499197,105.62986029720304,9144.0
1320.0,TGW139,25.15038336785495,113.89369287393306,9144.0
1320.0,TGW263,-4.465306477171217,110.76796901449518,9144.0
1320.0,TGW275,-3.132674470630414,105.19689781270246,9144.0
1320.0,TGW276,-1.8073675207597593,105.59501839935682,9144.0
1320.0,TGW277,-3.488536235110532,105.2071139056281,9144.0
1320.0,TGW281,-6.038890094822378,112.48720037745996,9144.0
1330.0,SIA878,2.9828525889171735,106.62638590128012,9144.0
1330.0,SIA883,18.84891181573175,112.86205088604868,9144.0
1330.0,SIA912,1.8235804725855123,106.0262240911072,9144.0
1330.0,SIA915,11.742656517657394,118.8461484783561,9144.0
1330.0,SIA926,-1.3182415050695728,106.18054109111901,9144.0
1330.0,SIA939,-6.547651841505795,113.5465334359336,9144.0
1330.0,SIA953,-2.531430127318581,104.98662198933692,9144.0
1330.0,SIA957,-2.752421205771444,104.80409956792785,9144.0
1330.0,SIA959,-5.485250934844681,106.09474969596725,9144.0
1330.0,SJX731,22.119910403932863,120.03851077163223,9144.0
1330.0,SJX732,2.6643933589941433,106.5250661226585,9144.0
1330.0,TGW12,-2.035479987725221,105.6445925873796,9144.0
1330.0,TGW139,25.11678898226288,113.89383466993179,9144.0
1330.0,TGW263,-4.440684772994284,110.74909146495132,9144.0
1330.0,TGW275,-3.1037270070084384,105.18581366455656,9144.0
1330.0,TGW276,-1.8357736714238198,105.60741606701339,9144.0
1330.0,TGW277,-3.459291366568199,105.19720039819218,9144.0
1330.0,TGW281,-6.015192232910165,112.46309519530163,9144.0
1330.0,SIA878,2.9828525889171735,106.62638590128012,9144.0
1330.0,SIA883,18.84891181573175,112.86205088604868,9144.0
1330.0,SIA912,1.8235804725855123,106.0262240911072,9144.0
1330.0,SIA915,11.742656517657394,118.8461484783561,9144.0
1330.0,SIA926,-1.3182415050695728,106.18054109111901,9144.0
1330.0,SIA939,-6.547651841505795,113.5465334359336,9144.0
1330.0,SIA953,-2.531430127318581,104.98662198933692,9144.0
1330.0,SIA957,-2.752421205771444,104.80409956792785,9144.0
1330.0,SIA959,-5.485250934844681,106.09474969596725,9144.0
1330.0,SJX731,22.119910403932863,120.03851077163223,9144.0
1330.0,SJX732,2.6643933589941433,106.5250661226585,9144.0
1330.0,TGW12,-2.035479987725221,105.6445925873796,9144.0
1330.0,TGW139,25.11678898226288,113.89383466993179,9144.0
1330.0,TGW263,-4.440684772994284,110.74909146495132,9144.0
1330.0,TGW275,-3.1037270070084384,105.18581366455656,9144.0
1330.0,TGW276,-1.8357736714238198,105.60741606701339,9144.0
1330.0,TGW277,-3.459291366568199,105.19720039819218,9144.0
1330.0,TGW281,-6.015192232910165,112.46309519530163,9144.0
1340.0,SIA878,3.0118176183208583,106.64141013128587,9144.0
1340.0,SIA883,18.819589739351507,112.84825096062583,9144.0
1340.0,SIA912,1.8512819521085786,106.04038673575468,9144.0
1340.0,SIA915,11.715080232746818,118.82516476086977,9144.0
1340.0,SIA926,-1.3380287344312538,106.20370635520774,9144.0
1340.0,SIA939,-6.525748985283886,113.52021913716895,9144.0
1340.0,SIA953,-2.5008563842803277,104.97459396006542,9144.0
1340.0,SIA957,-2.720029098140212,104.79287970485346,9144.0
1340.0,SIA959,-5.466531363602724,106.07350108369009,9144.0
1340.0,SJX731,22.08643781008495,120.03772326733984,9144.0
1340.0,SJX732,2.6890586932560625,106.54394739004303,9144.0
1340.0,TGW12,-2.066307364279704,105.65932544157793,9144.0
1340.0,TGW139,25.08319459653587,113.89397638800051,9144.0
1340.0,TGW263,-4.416092560374791,110.7301759095021,9144.0
1340.0,TGW275,-3.0747723093567414,105.17474878479835,9144.0
1340.0,TGW276,-1.864156582827406,105.61986709973222,9144.0
1340.0,TGW277,-3.4300463913207,105.18728751126041,9144.0
1340.0,TGW281,-5.991573202390915,112.43907379418405,9144.0
1340.0,SIA878,3.0118176183208583,106.64141013128587,9144.0
1340.0,SIA883,18.819589739351507,112.84825096062583,9144.0
1340.0,SIA912,1.8512819521085786,106.04038673575468,9144.0
1340.0,SIA915,11.715080232746818,118.82516476086977,9144.0
1340.0,SIA926,-1.3380287344312538,106.20370635520774,9144.0
1340.0,SIA939,-6.525748985283886,113.52021913716895,9144.0
1340.0,SIA953,-2.5008563842803277,104.97459396006542,9144.0
1340.0,SIA957,-2.720029098140212,104.79287970485346,9144.0
1340.0,SIA959,-5.466531363602724,106.07350108369009,9144.0
1340.0,SJX731,22.08643781008495,120.03772326733984,9144.0
1340.0,SJX732,2.6890586932560625,106.54394739004303,9144.0
1340.0,TGW12,-2.066307364279704,105.65932544157793,9144.0
1340.0,TGW139,25.08319459653587,113.89397638800051,9144.0
1340.0,TGW263,-4.416092560374791,110.7301759095021,9144.0
1340.0,TGW275,-3.0747723093567414,105.17474878479835,9144.0
1340.0,TGW276,-1.864156582827406,105.61986709973222,9144.0
1340.0,TGW277,-3.4300463913207,105.18728751126041,9144.0
1340.0,TGW281,-5.991573202390915,112.43907379418405,9144.0
1350.0,SIA878,3.0409868681015206,106.6565412585488,9144.0
1350.0,SIA883,18.79026664651314,112.83445585043407,9144.0
1350.0,SIA912,1.8788955843005366,106.05472030870536,9144.0
1350.0,SIA915,11.687547479257093,118.80422007146572,9144.0
1350.0,SIA926,-1.3578157451147481,106.22687199443097,9144.0
1350.0,SIA939,-6.503954443751676,113.49381503236543,9144.0
1350.0,SIA953,-2.470282498836242,104.96256657206793,9144.0
1350.0,SIA957,-2.687636876686329,104.78166047068422,9144.0
1350.0,SIA959,-5.444941053949124,106.05520626186413,9144.0
1350.0,SJX731,22.052991862608337,120.03608142910122,9144.0
1350.0,SJX732,2.7137237360605915,106.56282942252558,9144.0
1350.0,TGW12,-2.097134605059085,105.67405886838115,9144.0
1350.0,TGW139,25.0496002106742,113.89411802830062,9144.0
1350.0,TGW263,-4.391499763792199,110.71126174305014,9144.0
1350.0,TGW275,-3.04581749210702,105.16368451785137,9144.0
1350.0,TGW276,-1.8927005999630035,105.63238926094219,9144.0
1350.0,TGW277,-3.400801306804675,105.17737524981428,9144.0
1350.0,TGW281,-5.967952074946357,112.41505551498362,9144.0
1350.0,SIA878,3.0409868681015206,106.6565412585488,9144.0
1350.0,SIA883,18.79026664651314,112.83445585043407,9144.0
1350.0,SIA912,1.8788955843005366,106.05472030870536,9144.0
1350.0,SIA915,11.687547479257093,118.80422007146572,9144.0
1350.0,SIA926,-1.3578157451147481,106.22687199443097,9144.0
1350.0,SIA939,-6.503954443751676,113.49381503236543,9144.0
1350.0,SIA953,-2.470282498836242,104.96256657206793,9144.0
1350.0,SIA957,-2.687636876686329,104.78166047068422,9144.0
1350.0,SIA959,-5.444941053949124,106.05520626186413,9144.0
1350.0,SJX731,22.052991862608337,120.03608142910122,9144.0
1350.0,SJX732,2.7137237360605915,106.56282942252558,9144.0
1350.0,TGW12,-2.097134605059085,105.67405886838115,9144.0
1350.0,TGW139,25.0496002106742,113.89411802830062,9144.0
1350.0,TGW263,-4.391499763792199,110.71126174305014,9144.0
1350.0,TGW275,-3.04581749210702,105.16368451785137,9144.0
1350.0,TGW276,-1.8927005999630035,105.63238926094219,9144.0
1350.0,TGW277,-3.400801306804675,105.17737524981428,9144.0
1350.0,TGW281,-5.967952074946357,112.41505551498362,9144.0
1360.0,SIA878,3.070172516399176,106.67164105248177,9144.0
1360.0,SIA883,18.760942539263834,112.82066554591634,9144.0
1360.0,SIA912,1.9067170469025887,106.06916231381032,9144.0
1360.0,SIA915,11.66000530660896,118.78329037884303,9144.0
1360.0,SIA926,-1.3776025338115587,106.2500380143795,9144.0
1360.0,SIA939,-6.482157622640203,113.46741397692396,9144.0
1360.0,SIA953,-2.439716320259766,104.95051985058102,9144.0
1360.0,SIA957,-2.6544119630376573,104.77322790943168,9144.0
1360.0,SIA959,-5.420936882121798,106.04025220148647,9144.0
1360.0,SJX731,22.019888678808357,120.0344571826704,9144.0
1360.0,SJX732,2.738388484678206,106.58171222719324,9144.0
1360.0,TGW12,-2.1279617080082516,105.68879287637466,9144.0
1360.0,TGW139,25.01600582467815,113.8942595909932,9144.0
1360.0,TGW263,-4.366884445879913,110.69237769002791,9144.0
1360.0,TGW275,-3.0168625490514547,105.1526208771603,9144.0
1360.0,TGW276,-1.9226431029598028,105.64104519753188,9144.0
1360.0,TGW277,-3.3715648269543848,105.16743784798956,9144.0
1360.0,TGW281,-5.944370273913158,112.39099923425978,9144.0
1360.0,SIA878,3.070172516399176,106.67164105248177,9144.0
1360.0,SIA883,18.760942539263834,112.82066554591634,9144.0
1360.0,SIA912,1.9067170469025887,106.06916231381032,9144.0
1360.0,SIA915,11.66000530660896,118.78329037884303,9144.0
1360.0,SIA926,-1.3776025338115587,106.2500380143795,9144.0
1360.0,SIA939,-6.482157622640203,113.46741397692396,9144.0
1360.0,SIA953,-2.439716320259766,104.95051985058102,9144.0
1360.0,SIA957,-2.6544119630376573,104.77322790943168,9144.0
1360.0,SIA959,-5.420936882121798,106.04025220148647,9144.0
1360.0,SJX731,22.019888678808357,120.0344571826704,9144.0
1360.0,SJX732,2.738388484678206,106.58171222719324,9144.0
1360.0,TGW12,-2.1279617080082516,105.68879287637466,9144.0
1360.0,TGW139,25.01600582467815,113.8942595909932,9144.0
1360.0,TGW263,-4.366884445879913,110.69237769002791,9144.0
1360.0,TGW275,-3.0168625490514547,105.1526208771603,9144.0
1360.0,TGW276,-1.9226431029598028,105.64104519753188,9144.0
1360.0,TGW277,-3.3715648269543848,105.16743784798956,9144.0
1360.0,TGW281,-5.944370273913158,112.39099923425978,9144.0
1370.0,SIA878,3.099460016590994,106.68679452066532,9144.0
1370.0,SIA883,18.73161741964819,112.80688003752647,9144.0
1370.0,SIA912,1.9345375165842318,106.08360646884952,9144.0
1370.0,SIA915,11.632508418969493,118.76230077538074,9144.0
1370.0,SIA926,-1.3973890972090763,106.27320442064763,9144.0
1370.0,SIA939,-6.460263000639072,113.44109616056464,9144.0
1370.0,SIA953,-2.409310631220217,104.93853705136405,9144.0
1370.0,SIA957,-2.622624659044094,104.76516066080488,9144.0
1370.0,SIA959,-5.395026804509269,106.02895510267977,9144.0
1370.0,SJX731,21.987059929841568,120.02959089544278,9144.0
1370.0,SJX732,2.763052936377135,106.60059581113632,9144.0
1370.0,TGW12,-2.1587886710712163,105.70352747414624,9144.0
1370.0,TGW139,24.982411438548,113.89440107623892,9144.0
1370.0,TGW263,-4.342221926364116,110.67345922985382,9144.0
1370.0,TGW275,-2.98792625450096,105.14150871323247,9144.0
1370.0,TGW276,-1.9535203097305878,105.64570065734355,9144.0
1370.0,TGW277,-3.3424397020933205,105.15753893950563,9144.0
1370.0,TGW281,-5.920826496221267,112.3669867986165,9144.0
1370.0,SIA878,3.099460016590994,106.68679452066532,9144.0
1370.0,SIA883,18.73161741964819,112.80688003752647,9144.0
1370.0,SIA912,1.9345375165842318,106.08360646884952,9144.0
1370.0,SIA915,11.632508418969493,118.76230077538074,9144.0
1370.0,SIA926,-1.3973890972090763,106.27320442064763,9144.0
1370.0,SIA939,-6.460263000639072,113.44109616056464,9144.0
1370.0,SIA953,-2.409310631220217,104.93853705136405,9144.0
1370.0,SIA957,-2.622624659044094,104.76516066080488,9144.0
1370.0,SIA959,-5.395026804509269,106.02895510267977,9144.0
1370.0,SJX731,21.987059929841568,120.02959089544278,9144.0
1370.0,SJX732,2.763052936377135,106.60059581113632,9144.0
1370.0,TGW12,-2.1587886710712163,105.70352747414624,9144.0
1370.0,TGW139,24.982411438548,113.89440107623892,9144.0
1370.0,TGW263,-4.342221926364116,110.67345922985382,9144.0
1370.0,TGW275,-2.98792625450096,105.14150871323247,9144.0
1370.0,TGW276,-1.9535203097305878,105.64570065734355,9144.0
1370.0,TGW277,-3.3424397020933205,105.15753893950563,9144.0
1370.0,TGW281,-5.920826496221267,112.3669867986165,9144.0
1380.0,SIA878,3.1287472398106626,106.70194894714952,9144.0
1380.0,SIA883,18.70229128970823,112.79309931572911,9144.0
1380.0,SIA912,1.9625134436729026,106.09813191361336,9144.0
1380.0,SIA915,11.604781726332499,118.74114584837588,9144.0
1380.0,SIA926,-1.4171754319902372,106.29637121883341,9144.0
1380.0,SIA939,-6.43843909556824,113.41486877330362,9144.0
1380.0,SIA953,-2.3788484597219277,104.92669909570571,9144.0
1380.0,SIA957,-2.590837299117069,104.75709383679515,9144.0
1380.0,SIA959,-5.367759108698588,106.02155371692555,9144.0
1380.0,SJX731,21.954515330483726,120.02476898369916,9144.0
1380.0,SJX732,2.787717088423222,106.61948018144854,9144.0
1380.0,TGW12,-2.1896154921910713,105.71826267028614,9144.0
1380.0,TGW139,24.94881705228402,113.89454248419801,9144.0
1380.0,TGW263,-4.317570399164505,110.65452698268615,9144.0
1380.0,TGW275,-2.9588255032385566,105.13033403731713,9144.0
1380.0,TGW276,-1.9846927654883462,105.64752603872537,9144.0
1380.0,TGW277,-3.313314438096591,105.14764073437955,9144.0
1380.0,TGW281,-5.897290279434308,112.34296789348781,9144.0
1380.0,SIA878,3.1287472398106626,106.70194894714952,9144.0
1380.0,SIA883,18.70229128970823,112.79309931572911,9144.0
1380.0,SIA912,1.9625134436729026,106.09813191361336,9144.0
1380.0,SIA915,11.604781726332499,118.74114584837588,9144.0
1380.0,SIA926,-1.4171754319902372,106.29637121883341,9144.0
1380.0,SIA939,-6.43843909556824,113.41486877330362,9144.0
1380.0,SIA953,-2.3788484597219277,104.92669909570571,9144.0
1380.0,SIA957,-2.590837299117069,104.75709383679515,9144.0
1380.0,SIA959,-5.367759108698588,106.02155371692555,9144.0
1380.0,SJX731,21.954515330483726,120.02476898369916,9144.0
1380.0,SJX732,2.787717088423222,106.61948018144854,9144.0
1380.0,TGW12,-2.1896154921910713,105.71826267028614,9144.0
1380.0,TGW139,24.94881705228402,113.89454248419801,9144.0
1380.0,TGW263,-4.317570399164505,110.65452698268615,9144.0
1380.0,TGW275,-2.9588255032385566,105.13033403731713,9144.0
1380.0,TGW276,-1.9846927654883462,105.64752603872537,9144.0
1380.0,TGW277,-3.313314438096591,105.14764073437955,9144.0
1380.0,TGW281,-5.897290279434308,112.34296789348781,9144.0
1390.0,SIA878,3.1580089291824907,106.71715319177781,9144.0
1390.0,SIA883,18.67296415148338,112.77932337099976,9144.0
1390.0,SIA912,1.990519343336334,106.11259966110777,9144.0
1390.0,SIA915,11.577019600975538,118.72004150366848,9144.0
1390.0,SIA926,-1.4369615348331408,106.31953841453901,9144.0
1390.0,SIA939,-6.416635937475794,113.38862504176333,9144.0
1390.0,SIA953,-2.3484398785947285,104.91488258593566,9144.0
1390.0,SIA957,-2.5591750450530983,104.7485484174606,9144.0
1390.0,SIA959,-5.339710811067867,106.0182043134271,9144.0
1390.0,SJX731,21.921991954291776,120.01978452672198,9144.0
1390.0,SJX732,2.8123809380797753,106.6383653452272,9144.0
1390.0,TGW12,-2.220442169309936,105.73299847338721,9144.0
1390.0,TGW139,24.915222665886493,113.89468381502999,9144.0
1390.0,TGW263,-4.2929183569132645,110.63559602320684,9144.0
1390.0,TGW275,-2.929724634381029,105.11915996036565,9144.0
1390.0,TGW276,-2.015865219249123,105.6493514889371,9144.0
1390.0,TGW277,-3.284186911148668,105.13774950260466,9144.0
1390.0,TGW281,-5.873752768892097,112.3189512867838,9144.0
1390.0,SIA878,3.1580089291824907,106.71715319177781,9144.0
1390.0,SIA883,18.67296415148338,112.77932337099976,9144.0
1390.0,SIA912,1.990519343336334,106.11259966110777,9144.0
1390.0,SIA915,11.577019600975538,118.72004150366848,9144.0
1390.0,SIA926,-1.4369615348331408,106.31953841453901,9144.0
1390.0,SIA939,-6.416635937475794,113.38862504176333,9144.0
1390.0,SIA953,-2.3484398785947285,104.91488258593566,9144.0
1390.0,SIA957,-2.5591750450530983,104.7485484174606,9144.0
1390.0,SIA959,-5.339710811067867,106.0182043134271,9144.0
1390.0,SJX731,21.921991954291776,120.01978452672198,9144.0
1390.0,SJX732,2.8123809380797753,106.6383653452272,9144.0
1390.0,TGW12,-2.220442169309936,105.73299847338721,9144.0
1390.0,TGW139,24.915222665886493,113.89468381502999,9144.0
1390.0,TGW263,-4.2929183569132645,110.63559602320684,9144.0
1390.0,TGW275,-2.929724634381029,105.11915996036565,9144.0
1390.0,TGW276,-2.015865219249123,105.6493514889371,9144.0
1390.0,TGW277,-3.284186911148668,105.13774950260466,9144.0
1390.0,TGW281,-5.873752768892097,112.3189512867838,9144.0
1400.0,SIA878,3.187372244401063,106.73241124061647,9144.0
1400.0,SIA883,18.643636007010482,112.76555219382476,9144.0
1400.0,SIA912,2.0186287686172144,106.12712148153808,9144.0
1400.0,SIA915,11.549301008659011,118.69897592739362,9144.0
1400.0,SIA926,-1.4567474024106204,106.34270601337103,9144.0
1400.0,SIA939,-6.3949035949249895,113.36247181907632,9144.0
1400.0,SIA953,-2.318092736206321,104.90290916753236,9144.0
1400.0,SIA957,-2.527512731736026,104.74000342786196,9144.0
1400.0,SIA959,-5.311171642507237,106.01894142619332,9144.0
1400.0,SJX731,21.889696383807326,120.01483727000156,9144.0
1400.0,SJX732,2.837044482607404,106.65725130957345,9144.0
1400.0,TGW12,-2.2512687003689007,105.74773489204505,9144.0
1400.0,TGW139,24.881628279355684,113.89482506889287,9144.0
1400.0,TGW263,-4.268265757969387,110.61666640241236,9144.0
1400.0,TGW275,-2.9006236410447523,105.10798649744955,9144.0
1400.0,TGW276,-2.047037670981203,105.65117700906333,9144.0
1400.0,TGW277,-3.255115075319134,105.12787780348422,9144.0
1400.0,TGW281,-5.850177294124359,112.29497335358563,9144.0
1400.0,SIA878,3.187372244401063,106.73241124061647,9144.0
1400.0,SIA883,18.643636007010482,112.76555219382476,9144.0
1400.0,SIA912,2.0186287686172144,106.12712148153808,9144.0
1400.0,SIA915,11.549301008659011,118.69897592739362,9144.0
1400.0,SIA926,-1.4567474024106204,106.34270601337103,9144.0
1400.0,SIA939,-6.3949035949249895,113.36247181907632,9144.0
1400.0,SIA953,-2.318092736206321,104.90290916753236,9144.0
1400.0,SIA957,-2.527512731736026,104.74000342786196,9144.0
1400.0,SIA959,-5.311171642507237,106.01894142619332,9144.0
1400.0,SJX731,21.889696383807326,120.01483727000156,9144.0
1400.0,SJX732,2.837044482607404,106.65725130957345,9144.0
1400.0,TGW12,-2.2512687003689007,105.74773489204505,9144.0
1400.0,TGW139,24.881628279355684,113.89482506889287,9144.0
1400.0,TGW263,-4.268265757969387,110.61666640241236,9144.0
1400.0,TGW275,-2.9006236410447523,105.10798649744955,9144.0
1400.0,TGW276,-2.047037670981203,105.65117700906333,9144.0
1400.0,TGW277,-3.255115075319134,105.12787780348422,9144.0
1400.0,TGW281,-5.850177294124359,112.29497335358563,9144.0
1410.0,SIA878,3.216735318621041,106.74767019215116,9144.0
1410.0,SIA883,18.614306858323797,112.75178577470125,9144.0
1410.0,SIA912,2.046720915281434,106.14167699368298,9144.0
1410.0,SIA915,11.521580527969581,118.67791501964784,9144.0
1410.0,SIA926,-1.4765330313897613,106.36587402094096,9144.0
1410.0,SIA939,-6.373204088030351,113.33629211325476,9144.0
1410.0,SIA953,-2.2877454850633763,104.89093628025687,9144.0
1410.0,SIA957,-2.4958532875416117,104.73144800088288,9144.0
1410.0,SIA959,-5.282607262665269,106.02379672381188,9144.0
1410.0,SJX731,21.857400611485062,120.00989266286439,9144.0
1410.0,SJX732,2.861707719263834,106.67613808159248,9144.0
1410.0,TGW12,-2.2820950833079636,105.76247193485807,9144.0
1410.0,TGW139,24.848033892691834,113.89496624593625,9144.0
1410.0,TGW263,-4.243630373966656,110.59771486489056,9144.0
1410.0,TGW275,-2.871505045355203,105.09685939107955,9144.0
1410.0,TGW276,-2.0782101206528645,105.65300260018886,9144.0
1410.0,TGW277,-3.2260431299156322,105.11800671169229,9144.0
1410.0,TGW281,-5.826600592509157,112.27099764819957,9144.0
1410.0,SIA878,3.216735318621041,106.74767019215116,9144.0
1410.0,SIA883,18.614306858323797,112.75178577470125,9144.0
1410.0,SIA912,2.046720915281434,106.14167699368298,9144.0
1410.0,SIA915,11.521580527969581,118.67791501964784,9144.0
1410.0,SIA926,-1.4765330313897613,106.36587402094096,9144.0
1410.0,SIA939,-6.373204088030351,113.33629211325476,9144.0
1410.0,SIA953,-2.2877454850633763,104.89093628025687,9144.0
1410.0,SIA957,-2.4958532875416117,104.73144800088288,9144.0
1410.0,SIA959,-5.282607262665269,106.02379672381188,9144.0
1410.0,SJX731,21.857400611485062,120.00989266286439,9144.0
1410.0,SJX732,2.861707719263834,106.67613808159248,9144.0
1410.0,TGW12,-2.2820950833079636,105.76247193485807,9144.0
1410.0,TGW139,24.848033892691834,113.89496624593625,9144.0
1410.0,TGW263,-4.243630373966656,110.59771486489056,9144.0
1410.0,TGW275,-2.871505045355203,105.09685939107955,9144.0
1410.0,TGW276,-2.0782101206528645,105.65300260018886,9144.0
1410.0,TGW277,-3.2260431299156322,105.11800671169229,9144.0
1410.0,TGW281,-5.826600592509157,112.27099764819957,9144.0
1420.0,SIA878,3.246098110758701,106.76293012972614,9144.0
1420.0,SIA883,18.584976707454995,112.73802410413718,9144.0
1420.0,SIA912,2.0752259305007326,106.15644704996002,9144.0
1420.0,SIA915,11.493904055304373,118.65679599238915,9144.0
1420.0,SIA926,-1.4963184184313563,106.38904244286562,9144.0
1420.0,SIA939,-6.351575498304612,113.31020299294822,9144.0
1420.0,SIA953,-2.257397522025619,104.87896545206098,9144.0
1420.0,SIA957,-2.4641937853032,104.72289299385136,9144.0
1420.0,SIA959,-5.254894531813965,106.03268172967772,9144.0
1420.0,SJX731,21.825086723306036,120.00508850770444,9144.0
1420.0,SJX732,2.886370645303708,106.69502566839382,9144.0
1420.0,TGW12,-2.3129213160659634,105.77720961042775,9144.0
1420.0,TGW139,24.814455222483417,113.89382548206095,9144.0
1420.0,TGW263,-4.2189944470964695,110.57876463980843,9144.0
1420.0,TGW275,-2.8424411145089694,105.08575379081663,9144.0
1420.0,TGW276,-2.1093825682323817,105.65482826339863,9144.0
1420.0,TGW277,-3.196987506089103,105.10808781045554,9144.0
1420.0,TGW281,-5.803021829906993,112.24702499547088,9144.0
1420.0,SIA878,3.246098110758701,106.76293012972614,9144.0
1420.0,SIA883,18.584976707454995,112.73802410413718,9144.0
1420.0,SIA912,2.0752259305007326,106.15644704996002,9144.0
1420.0,SIA915,11.493904055304373,118.65679599238915,9144.0
1420.0,SIA926,-1.4963184184313563,106.38904244286562,9144.0
1420.0,SIA939,-6.351575498304612,113.31020299294822,9144.0
1420.0,SIA953,-2.257397522025619,104.87896545206098,9144.0
1420.0,SIA957,-2.4641937853032,104.72289299385136,9144.0
1420.0,SIA959,-5.254894531813965,106.03268172967772,9144.0
1420.0,SJX731,21.825086723306036,120.00508850770444,9144.0
1420.0,SJX732,2.886370645303708,106.69502566839382,9144.0
1420.0,TGW12,-2.3129213160659634,105.77720961042775,9144.0
1420.0,TGW139,24.814455222483417,113.89382548206095,9144.0
1420.0,TGW263,-4.2189944470964695,110.57876463980843,9144.0
1420.0,TGW275,-2.8424411145089694,105.08575379081663,9144.0
1420.0,TGW276,-2.1093825682323817,105.65482826339863,9144.0
1420.0,TGW277,-3.196987506089103,105.10808781045554,9144.0
1420.0,TGW281,-5.803021829906993,112.24702499547088,9144.0
1430.0,SIA878,3.2754860535114605,106.77814186362495,9144.0
1430.0,SIA883,18.55564555643316,112.72426717265132,9144.0
1430.0,SIA912,2.1037303462731285,106.17121853269528,9144.0
1430.0,SIA915,11.46613544753335,118.63561270191346,9144.0
1430.0,SIA926,-1.5161035601892858,106.41221128476768,9144.0
1430.0,SIA939,-6.329909147455437,113.28414670740926,9144.0
1430.0,SIA953,-2.2270134041446896,104.8670870810662,9144.0
1430.0,SIA957,-2.432501930458389,104.71445905033087,9144.0
1430.0,SIA959,-5.2284166068759745,106.04549141784224,9144.0
1430.0,SJX731,21.792601561020756,120.00026120141958,9144.0
1430.0,SJX732,2.911033257978364,106.71391407709162,9144.0
1430.0,TGW12,-2.343747396580503,105.7919479273587,9144.0
1430.0,TGW139,24.7810476432623,113.89269114438949,9144.0
1430.0,TGW263,-4.197070115598661,110.55671870394136,9144.0
1430.0,TGW275,-2.813377070473079,105.0746487657738,9144.0
1430.0,TGW276,-2.140555013688024,105.65665399977776,9144.0
1430.0,TGW277,-3.1679317809035217,105.09816948672977,9144.0
1430.0,TGW281,-5.779465027993458,112.22303154039064,9144.0
1430.0,SIA878,3.2754860535114605,106.77814186362495,9144.0
1430.0,SIA883,18.55564555643316,112.72426717265132,9144.0
1430.0,SIA912,2.1037303462731285,106.17121853269528,9144.0
1430.0,SIA915,11.46613544753335,118.63561270191346,9144.0
1430.0,SIA926,-1.5161035601892858,106.41221128476768,9144.0
1430.0,SIA939,-6.329909147455437,113.28414670740926,9144.0
1430.0,SIA953,-2.2270134041446896,104.8670870810662,9144.0
1430.0,SIA957,-2.432501930458389,104.71445905033087,9144.0
1430.0,SIA959,-5.2284166068759745,106.04549141784224,9144.0
1430.0,SJX731,21.792601561020756,120.00026120141958,9144.0
1430.0,SJX732,2.911033257978364,106.71391407709162,9144.0
1430.0,TGW12,-2.343747396580503,105.7919479273587,9144.0
1430.0,TGW139,24.7810476432623,113.89269114438949,9144.0
1430.0,TGW263,-4.197070115598661,110.55671870394136,9144.0
1430.0,TGW275,-2.813377070473079,105.0746487657738,9144.0
1430.0,TGW276,-2.140555013688024,105.65665399977776,9144.0
1430.0,TGW277,-3.1679317809035217,105.09816948672977,9144.0
1430.0,TGW281,-5.779465027993458,112.22303154039064,9144.0
1440.0,SIA878,3.3048737444488783,106.7933545341518,9144.0
1440.0,SIA883,18.52631340728479,112.71051497077322,9144.0
1440.0,SIA912,2.1322472850133916,106.18596606362469,9144.0
1440.0,SIA915,11.43834520740799,118.61446104598619,9144.0
1440.0,SIA926,-1.5358884533098178,106.43538055227629,9144.0
1440.0,SIA939,-6.308204442656852,113.258049187785,9144.0
1440.0,SIA953,-2.1966290907545143,104.85520945421884,9144.0
1440.0,SIA957,-2.4010326856354354,104.70608475943271,9144.0
1440.0,SIA959,-5.202201226727705,106.0594848499569,9144.0
1440.0,SJX731,21.760138273817017,119.99526725871127,9144.0
1440.0,SJX732,2.935695554535586,106.73280331480494,9144.0
1440.0,TGW12,-2.3745733227878643,105.80668689425895,9144.0
1440.0,TGW139,24.74764005548548,113.89155741742687,9144.0
1440.0,TGW263,-4.175548545757546,110.53411504989647,9144.0
1440.0,TGW275,-2.784312876490276,105.06354440950983,9144.0
1440.0,TGW276,-2.171727456988056,105.65847981041155,9144.0
1440.0,TGW277,-3.138858078196372,105.08830442313123,9144.0
1440.0,TGW281,-5.7559065520734665,112.19904074219144,9144.0
1440.0,SIA878,3.3048737444488783,106.7933545341518,9144.0
1440.0,SIA883,18.52631340728479,112.71051497077322,9144.0
1440.0,SIA912,2.1322472850133916,106.18596606362469,9144.0
1440.0,SIA915,11.43834520740799,118.61446104598619,9144.0
1440.0,SIA926,-1.5358884533098178,106.43538055227629,9144.0
1440.0,SIA939,-6.308204442656852,113.258049187785,9144.0
1440.0,SIA953,-2.1966290907545143,104.85520945421884,9144.0
1440.0,SIA957,-2.4010326856354354,104.70608475943271,9144.0
1440.0,SIA959,-5.202201226727705,106.0594848499569,9144.0
1440.0,SJX731,21.760138273817017,119.99526725871127,9144.0
1440.0,SJX732,2.935695554535586,106.73280331480494,9144.0
1440.0,TGW12,-2.3745733227878643,105.80668689425895,9144.0
1440.0,TGW139,24.74764005548548,113.89155741742687,9144.0
1440.0,TGW263,-4.175548545757546,110.53411504989647,9144.0
1440.0,TGW275,-2.784312876490276,105.06354440950983,9144.0
1440.0,TGW276,-2.171727456988056,105.65847981041155,9144.0
1440.0,TGW277,-3.138858078196372,105.08830442313123,9144.0
1440.0,TGW281,-5.7559065520734665,112.19904074219144,9144.0
1450.0,SIA878,3.332770273165317,106.8111631879147,9144.0
1450.0,SIA883,18.496980262033787,112.6967674890432,9144.0
1450.0,SIA912,2.161123691579675,106.20090042998858,9144.0
1450.0,SIA915,11.410462904788655,118.59324528624856,9144.0
1450.0,SIA926,-1.5556730944308013,106.45855025102773,9144.0
1450.0,SIA939,-6.286548866567313,113.23191147930525,9144.0
1450.0,SIA953,-2.166249616465846,104.84331967777949,9144.0
1450.0,SIA957,-2.369563386204304,104.69771086569466,9144.0
1450.0,SIA959,-5.175617840277473,106.0736733406379,9144.0
1450.0,SJX731,21.727617892386174,119.9902669467579,9144.0
1450.0,SJX732,2.9603575322193283,106.75169338865821,9144.0
1450.0,TGW12,-2.405399092622914,105.82142651974004,9144.0
1450.0,TGW139,24.714232459133704,113.89042430122979,9144.0
1450.0,TGW263,-4.154026192224044,110.51151276427638,9144.0
1450.0,TGW275,-2.7552467828022325,105.05244531092421,9144.0
1450.0,TGW276,-2.2028998981007364,105.66030569638546,9144.0
1450.0,TGW277,-3.109784281858046,105.07843990953847,9144.0
1450.0,TGW281,-5.732357896246655,112.17504119912616,9144.0
1450.0,SIA878,3.332770273165317,106.8111631879147,9144.0
1450.0,SIA883,18.496980262033787,112.6967674890432,9144.0
1450.0,SIA912,2.161123691579675,106.20090042998858,9144.0
1450.0,SIA915,11.410462904788655,118.59324528624856,9144.0
1450.0,SIA926,-1.5556730944308013,106.45855025102773,9144.0
1450.0,SIA939,-6.286548866567313,113.23191147930525,9144.0
1450.0,SIA953,-2.166249616465846,104.84331967777949,9144.0
1450.0,SIA957,-2.369563386204304,104.69771086569466,9144.0
1450.0,SIA959,-5.175617840277473,106.0736733406379,9144.0
1450.0,SJX731,21.727617892386174,119.9902669467579,9144.0
1450.0,SJX732,2.9603575322193283,106.75169338865821,9144.0
1450.0,TGW12,-2.405399092622914,105.82142651974004,9144.0
1450.0,TGW139,24.714232459133704,113.89042430122979,9144.0
1450.0,TGW263,-4.154026192224044,110.51151276427638,9144.0
1450.0,TGW275,-2.7552467828022325,105.05244531092421,9144.0
1450.0,TGW276,-2.2028998981007364,105.66030569638546,9144.0
1450.0,TGW277,-3.109784281858046,105.07843990953847,9144.0
1450.0,TGW281,-5.732357896246655,112.17504119912616,9144.0
1460.0,SIA878,3.3606181123974856,106.82894197416807,9144.0
1460.0,SIA883,18.467646122701467,112.68302471801238,9144.0
1460.0,SIA912,2.189999072255002,106.21583706858958,9144.0
1460.0,SIA915,11.382606911243945,118.5719956720205,9144.0
1460.0,SIA926,-1.5754574801807433,106.48172038666624,9144.0
1460.0,SIA939,-6.264891493867477,113.20577636394466,9144.0
1460.0,SIA953,-2.135870006328074,104.83143048573245,9144.0
1460.0,SIA957,-2.3381020480290036,104.68930724902764,9144.0
1460.0,SIA959,-5.147357807007069,106.08409428719203,9144.0
1460.0,SJX731,21.695083634595328,119.98537346046155,9144.0
1460.0,SJX732,2.9850191882694097,106.77058430578153,9144.0
1460.0,TGW12,-2.436224704018999,105.83616681241736,9144.0
1460.0,TGW139,24.680818189281954,113.88956223660259,9144.0
1460.0,TGW263,-4.132502556347334,110.4889123212669,9144.0
1460.0,TGW275,-2.7261805840387408,105.04134675768088,9144.0
1460.0,TGW276,-2.23407233699432,105.66213165878514,9144.0
1460.0,TGW277,-3.080710392734219,105.06857594089091,9144.0
1460.0,TGW281,-5.708768031709308,112.15100300009884,9144.0
1460.0,SIA878,3.3606181123974856,106.82894197416807,9144.0
1460.0,SIA883,18.467646122701467,112.68302471801238,9144.0
1460.0,SIA912,2.189999072255002,106.21583706858958,9144.0
1460.0,SIA915,11.382606911243945,118.5719956720205,9144.0
1460.0,SIA926,-1.5754574801807433,106.48172038666624,9144.0
1460.0,SIA939,-6.264891493867477,113.20577636394466,9144.0
1460.0,SIA953,-2.135870006328074,104.83143048573245,9144.0
1460.0,SIA957,-2.3381020480290036,104.68930724902764,9144.0
1460.0,SIA959,-5.147357807007069,106.08409428719203,9144.0
1460.0,SJX731,21.695083634595328,119.98537346046155,9144.0
1460.0,SJX732,2.9850191882694097,106.77058430578153,9144.0
1460.0,TGW12,-2.436224704018999,105.83616681241736,9144.0
1460.0,TGW139,24.680818189281954,113.88956223660259,9144.0
1460.0,TGW263,-4.132502556347334,110.4889123212669,9144.0
1460.0,TGW275,-2.7261805840387408,105.04134675768088,9144.0
1460.0,TGW276,-2.23407233699432,105.66213165878514,9144.0
1460.0,TGW277,-3.080710392734219,105.06857594089091,9144.0
1460.0,TGW281,-5.708768031709308,112.15100300009884,9144.0
1470.0,SIA878,3.3884656282897025,106.84672177816307,9144.0
1470.0,SIA883,18.438310991306544,112.66928664824266,9144.0
1470.0,SIA912,2.2188742373466592,106.23077441433183,9144.0
1470.0,SIA915,11.354704066831356,118.55071625681123,9144.0
1470.0,SIA926,-1.595241607177742,106.50489096484488,9144.0
1470.0,SIA939,-6.243209910323107,113.179662655382,9144.0
1470.0,SIA953,-2.1054918248135426,104.81953787228773,9144.0
1470.0,SIA957,-2.3067521815824072,104.68093380302913,9144.0
1470.0,SIA959,-5.117835255680851,106.09059520306073,9144.0
1470.0,SJX731,21.662663156878526,119.98049945273524,9144.0
1470.0,SJX732,3.009680519921166,106.78947607331116,9144.0
1470.0,TGW12,-2.467050154907827,105.85090778091033,9144.0
1470.0,TGW139,24.6474610325137,113.88870210644066,9144.0
1470.0,TGW263,-4.112305366259867,110.46511357031075,9144.0
1470.0,TGW275,-2.697114281003171,105.03024874479738,9144.0
1470.0,TGW276,-2.2652447736370553,105.66395769869642,9144.0
1470.0,TGW277,-3.051636411667003,105.058712512139,9144.0
1470.0,TGW281,-5.6851766862641915,112.12696725628123,9144.0
1470.0,SIA878,3.3884656282897025,106.84672177816307,9144.0
1470.0,SIA883,18.438310991306544,112.66928664824266,9144.0
1470.0,SIA912,2.2188742373466592,106.23077441433183,9144.0
1470.0,SIA915,11.354704066831356,118.55071625681123,9144.0
1470.0,SIA926,-1.595241607177742,106.50489096484488,9144.0
1470.0,SIA939,-6.243209910323107,113.179662655382,9144.0
1470.0,SIA953,-2.1054918248135426,104.81953787228773,9144.0
1470.0,SIA957,-2.3067521815824072,104.68093380302913,9144.0
1470.0,SIA959,-5.117835255680851,106.09059520306073,9144.0
1470.0,SJX731,21.662663156878526,119.98049945273524,9144.0
1470.0,SJX732,3.009680519921166,106.78947607331116,9144.0
1470.0,TGW12,-2.467050154907827,105.85090778091033,9144.0
1470.0,TGW139,24.6474610325137,113.88870210644066,9144.0
1470.0,TGW263,-4.112305366259867,110.46511357031075,9144.0
1470.0,TGW275,-2.697114281003171,105.03024874479738,9144.0
1470.0,TGW276,-2.2652447736370553,105.66395769869642,9144.0
1470.0,TGW277,-3.051636411667003,105.058712512139,9144.0
1470.0,TGW281,-5.6851766862641915,112.12696725628123,9144.0
1480.0,SIA878,3.41631281804944,106.86450260852104,9144.0
1480.0,SIA883,18.408974869865144,112.65555327030671,9144.0
1480.0,SIA912,2.2477299357938985,106.24574968127844,9144.0
1480.0,SIA915,11.327137054852004,118.52898834439344,9144.0
1480.0,SIA926,-1.6150254720282482,106.52806199122662,9144.0
1480.0,SIA939,-6.221599502451908,113.1536393637451,9144.0
1480.0,SIA953,-2.075113535606871,104.80764576443967,9144.0
1480.0,SIA957,-2.275397011711177,104.672580453327,9144.0
1480.0,SIA959,-5.087707259316968,106.09301523215018,9144.0
1480.0,SJX731,21.63026834519345,119.97543285364543,9144.0
1480.0,SJX732,3.0343415244050607,106.8083686983901,9144.0
1480.0,TGW12,-2.4978754432193324,105.86564943384273,9144.0
1480.0,TGW139,24.61410387082869,113.88784243663281,9144.0
1480.0,TGW263,-4.091917644190768,110.44109285186609,9144.0
1480.0,TGW275,-2.6680478743161347,105.01915126777142,9144.0
1480.0,TGW276,-2.296417207997187,105.6657838172053,9144.0
1480.0,TGW277,-3.0225623394940806,105.04884961824679,9144.0
1480.0,TGW281,-5.661538201257312,112.1029793144788,9144.0
1480.0,SIA878,3.41631281804944,106.86450260852104,9144.0
1480.0,SIA883,18.408974869865144,112.65555327030671,9144.0
1480.0,SIA912,2.2477299357938985,106.24574968127844,9144.0
1480.0,SIA915,11.327137054852004,118.52898834439344,9144.0
1480.0,SIA926,-1.6150254720282482,106.52806199122662,9144.0
1480.0,SIA939,-6.221599502451908,113.1536393637451,9144.0
1480.0,SIA953,-2.075113535606871,104.80764576443967,9144.0
1480.0,SIA957,-2.275397011711177,104.672580453327,9144.0
1480.0,SIA959,-5.087707259316968,106.09301523215018,9144.0
1480.0,SJX731,21.63026834519345,119.97543285364543,9144.0
1480.0,SJX732,3.0343415244050607,106.8083686983901,9144.0
1480.0,TGW12,-2.4978754432193324,105.86564943384273,9144.0
1480.0,TGW139,24.61410387082869,113.88784243663281,9144.0
1480.0,TGW263,-4.091917644190768,110.44109285186609,9144.0
1480.0,TGW275,-2.6680478743161347,105.01915126777142,9144.0
1480.0,TGW276,-2.296417207997187,105.6657838172053,9144.0
1480.0,TGW277,-3.0225623394940806,105.04884961824679,9144.0
1480.0,TGW281,-5.661538201257312,112.1029793144788,9144.0
1490.0,SIA878,3.444159678875557,106.88228447387746,9144.0
1490.0,SIA883,18.379637760390786,112.64182457478798,9144.0
1490.0,SIA912,2.2765341554486587,106.26069908592245,9144.0
1490.0,SIA915,11.299479285163239,118.50719488440517,9144.0
1490.0,SIA926,-1.6348090713256187,106.55123347148559,9144.0
1490.0,SIA939,-6.200011989793767,113.12759791845684,9144.0
1490.0,SIA953,-2.0447605407246066,104.79568938728531,9144.0
1490.0,SIA957,-2.2440417919863567,104.66422747143413,9144.0
1490.0,SIA959,-5.057530753394415,106.09131002362452,9144.0
1490.0,SJX731,21.59804441995987,119.97039540177441,9144.0
1490.0,SJX732,3.059002198946246,106.82726218816855,9144.0
1490.0,TGW12,-2.5287005668815246,105.880391779843,9144.0
1490.0,TGW139,24.58075004533479,113.8868385601728,9144.0
1490.0,TGW263,-4.071092841418454,110.41745262053625,9144.0
1490.0,TGW275,-2.638981364166933,105.0080543232334,9144.0
1490.0,TGW276,-2.327589640042953,105.66761001539795,9144.0
1490.0,TGW277,-2.993488177047516,105.03898725419546,9144.0
1490.0,TGW281,-5.63785837464234,112.07895290103248,9144.0
1490.0,SIA878,3.444159678875557,106.88228447387746,9144.0
1490.0,SIA883,18.379637760390786,112.64182457478798,9144.0
1490.0,SIA912,2.2765341554486587,106.26069908592245,9144.0
1490.0,SIA915,11.299479285163239,118.50719488440517,9144.0
1490.0,SIA926,-1.6348090713256187,106.55123347148559,9144.0
1490.0,SIA939,-6.200011989793767,113.12759791845684,9144.0
1490.0,SIA953,-2.0447605407246066,104.79568938728531,9144.0
1490.0,SIA957,-2.2440417919863567,104.66422747143413,9144.0
1490.0,SIA959,-5.057530753394415,106.09131002362452,9144.0
1490.0,SJX731,21.59804441995987,119.97039540177441,9144.0
1490.0,SJX732,3.059002198946246,106.82726218816855,9144.0
1490.0,TGW12,-2.5287005668815246,105.880391779843,9144.0
1490.0,TGW139,24.58075004533479,113.8868385601728,9144.0
1490.0,TGW263,-4.071092841418454,110.41745262053625,9144.0
1490.0,TGW275,-2.638981364166933,105.0080543232334,9144.0
1490.0,TGW276,-2.327589640042953,105.66761001539795,9144.0
1490.0,TGW277,-2.993488177047516,105.03898725419546,9144.0
1490.0,TGW281,-5.63785837464234,112.07895290103248,9144.0
1500.0,SIA878,3.4720062079572034,106.90006738288375,9144.0
1500.0,SIA883,18.350299664894383,112.62810055228066,9144.0
1500.0,SIA912,2.3053836634244145,106.2755610652912,9144.0
1500.0,SIA915,11.274521469928615,118.48224337279729,9144.0
1500.0,SIA926,-1.6545924016484157,106.57440541130848,9144.0
1500.0,SIA939,-6.178422804543527,113.10155894017724,9144.0
1500.0,SIA953,-2.014407448774398,104.78373348132594,9144.0
1500.0,SIA957,-2.2126865202710064,104.65587486287195,9144.0
1500.0,SIA959,-5.0278635701227214,106.085511477441,9144.0
1500.0,SJX731,21.565779726830492,119.96567048265838,9144.0
1500.0,SJX732,3.083662540764064,106.84615654980463,9144.0
1500.0,TGW12,-2.5595255238203145,105.89513482754461,9144.0
1500.0,TGW139,24.54733910086221,113.88583350083749,9144.0
1500.0,TGW263,-4.050228485666904,110.3937699202301,9144.0
1500.0,TGW275,-2.6099147492389125,104.9969579117672,9144.0
1500.0,TGW276,-2.358762069742587,105.66943629436076,9144.0
1500.0,TGW277,-2.9644139251520674,105.02912541498824,9144.0
1500.0,TGW281,-5.614252321408167,112.05485427378045,9144.0
1500.0,SIA878,3.4720062079572034,106.90006738288375,9144.0
1500.0,SIA883,18.350299664894383,112.62810055228066,9144.0
1500.0,SIA912,2.3053836634244145,106.2755610652912,9144.0
1500.0,SIA915,11.274521469928615,118.48224337279729,9144.0
1500.0,SIA926,-1.6545924016484157,106.57440541130848,9144.0
1500.0,SIA939,-6.178422804543527,113.10155894017724,9144.0
1500.0,SIA953,-2.014407448774398,104.78373348132594,9144.0
1500.0,SIA957,-2.2126865202710064,104.65587486287195,9144.0
1500.0,SIA959,-5.0278635701227214,106.085511477441,9144.0
1500.0,SJX731,21.565779726830492,119.96567048265838,9144.0
1500.0,SJX732,3.083662540764064,106.84615654980463,9144.0
1500.0,TGW12,-2.5595255238203145,105.89513482754461,9144.0
1500.0,TGW139,24.54733910086221,113.88583350083749,9144.0
1500.0,TGW263,-4.050228485666904,110.3937699202301,9144.0
1500.0,TGW275,-2.6099147492389125,104.9969579117672,9144.0
1500.0,TGW276,-2.358762069742587,105.66943629436076,9144.0
1500.0,TGW277,-2.9644139251520674,105.02912541498824,9144.0
1500.0,TGW281,-5.614252321408167,112.05485427378045,9144.0
1510.0,SIA878,3.4998524024725186,106.91785134420921,9144.0
1510.0,SIA883,18.32096058538425,112.61438119338975,9144.0
1510.0,SIA912,2.334078767014159,106.2903443087225,9144.0
1510.0,SIA915,11.249664663378601,118.45694591527726,9144.0
1510.0,SIA926,-1.6743754595583948,106.5975778163963,9144.0
1510.0,SIA939,-6.156830065759946,113.07552400340965,9144.0
1510.0,SIA953,-1.9840241288530451,104.77185491854722,9144.0
1510.0,SIA957,-2.181337669085562,104.64749832905369,9144.0
1510.0,SIA959,-4.999195454727956,106.0757156173281,9144.0
1510.0,SJX731,21.533686506544107,119.96097285002288,9144.0
1510.0,SJX732,3.1083225470714773,106.86505179046515,9144.0
1510.0,TGW12,-2.590350311959316,105.90987858558653,9144.0
1510.0,TGW139,24.51392718190852,113.88486864455159,9144.0
1510.0,TGW263,-4.029366981344152,110.37008530458891,9144.0
1510.0,TGW275,-2.580848004509989,104.98586209618252,9144.0
1510.0,TGW276,-2.389934497064316,105.6712626551803,9144.0
1510.0,TGW277,-2.9353395846227235,105.01926409565776,9144.0
1510.0,TGW281,-5.590605082209011,112.03071706254221,9144.0
1510.0,SIA878,3.4998524024725186,106.91785134420921,9144.0
1510.0,SIA883,18.32096058538425,112.61438119338975,9144.0
1510.0,SIA912,2.334078767014159,106.2903443087225,9144.0
1510.0,SIA915,11.249664663378601,118.45694591527726,9144.0
1510.0,SIA926,-1.6743754595583948,106.5975778163963,9144.0
1510.0,SIA939,-6.156830065759946,113.07552400340965,9144.0
1510.0,SIA953,-1.9840241288530451,104.77185491854722,9144.0
1510.0,SIA957,-2.181337669085562,104.64749832905369,9144.0
1510.0,SIA959,-4.999195454727956,106.0757156173281,9144.0
1510.0,SJX731,21.533686506544107,119.96097285002288,9144.0
1510.0,SJX732,3.1083225470714773,106.86505179046515,9144.0
1510.0,TGW12,-2.590350311959316,105.90987858558653,9144.0
1510.0,TGW139,24.51392718190852,113.88486864455159,9144.0
1510.0,TGW263,-4.029366981344152,110.37008530458891,9144.0
1510.0,TGW275,-2.580848004509989,104.98586209618252,9144.0
1510.0,TGW276,-2.389934497064316,105.6712626551803,9144.0
1510.0,TGW277,-2.9353395846227235,105.01926409565776,9144.0
1510.0,TGW281,-5.590605082209011,112.03071706254221,9144.0
1520.0,SIA878,3.5276982595870714,106.93563636654356,9144.0
1520.0,SIA883,18.291620523866076,112.60066648873098,9144.0
1520.0,SIA912,2.362735024221775,106.3052031423752,9144.0
1520.0,SIA915,11.224804895596202,118.43165366328779,9144.0
1520.0,SIA926,-1.6941582415981071,106.62075069246642,9144.0
1520.0,SIA939,-6.1353087088338905,113.0495794619653,9144.0
1520.0,SIA953,-1.95364071717169,104.75997680729128,9144.0
1520.0,SIA957,-2.149321833687116,104.63894395513097,9144.0
1520.0,SIA959,-4.972112434313651,106.06211449020337,9144.0
1520.0,SJX731,21.50164603278191,119.9558771812955,9144.0
1520.0,SJX732,3.1329822150744184,106.8839479173264,9144.0
1520.0,TGW12,-2.6211749292196176,105.92462306261366,9144.0
1520.0,TGW139,24.48051525681616,113.8839043013623,9144.0
1520.0,TGW263,-4.008504580307869,110.34640208861003,9144.0
1520.0,TGW275,-2.551780245545796,104.97476919550758,9144.0
1520.0,TGW276,-2.4211069219763637,105.6730890989433,9144.0
1520.0,TGW277,-2.9062651562609516,105.00940329127705,9144.0
1520.0,TGW281,-5.566947028260444,112.00659152590394,9144.0
1520.0,SIA878,3.5276982595870714,106.93563636654356,9144.0
1520.0,SIA883,18.291620523866076,112.60066648873098,9144.0
1520.0,SIA912,2.362735024221775,106.3052031423752,9144.0
1520.0,SIA915,11.224804895596202,118.43165366328779,9144.0
1520.0,SIA926,-1.6941582415981071,106.62075069246642,9144.0
1520.0,SIA939,-6.1353087088338905,113.0495794619653,9144.0
1520.0,SIA953,-1.95364071717169,104.75997680729128,9144.0
1520.0,SIA957,-2.149321833687116,104.63894395513097,9144.0
1520.0,SIA959,-4.972112434313651,106.06211449020337,9144.0
1520.0,SJX731,21.50164603278191,119.9558771812955,9144.0
1520.0,SJX732,3.1329822150744184,106.8839479173264,9144.0
1520.0,TGW12,-2.6211749292196176,105.92462306261366,9144.0
1520.0,TGW139,24.48051525681616,113.8839043013623,9144.0
1520.0,TGW263,-4.008504580307869,110.34640208861003,9144.0
1520.0,TGW275,-2.551780245545796,104.97476919550758,9144.0
1520.0,TGW276,-2.4211069219763637,105.6730890989433,9144.0
1520.0,TGW277,-2.9062651562609516,105.00940329127705,9144.0
1520.0,TGW281,-5.566947028260444,112.00659152590394,9144.0
1530.0,SIA878,3.555543776451973,106.95342245859987,9144.0
1530.0,SIA883,18.26227948234294,112.58695642893089,9144.0
1530.0,SIA912,2.3912882420335277,106.32000936903036,9144.0
1530.0,SIA915,11.200942092369464,118.40538444522987,9144.0
1530.0,SIA926,-1.7139407442880146,106.643924045255,9144.0
1530.0,SIA939,-6.113781707800746,113.0236407032885,9144.0
1530.0,SIA953,-1.9232743317627283,104.74805539905398,9144.0
1530.0,SIA957,-2.117314448374941,104.63035815237785,9144.0
1530.0,SIA959,-4.945894372744914,106.04690184858934,9144.0
1530.0,SJX731,21.469605395556897,119.95078382130355,9144.0
1530.0,SJX732,3.1576415419710413,106.90284493757518,9144.0
1530.0,TGW12,-2.651999373519517,105.93936826727743,9144.0
1530.0,TGW139,24.44710332559626,113.88294047027233,9144.0
1530.0,TGW263,-3.98763475003764,110.32272605397957,9144.0
1530.0,TGW275,-2.522876955797902,104.96373962915959,9144.0
1530.0,TGW276,-2.452279344446947,105.6749156267367,9144.0
1530.0,TGW277,-2.877190640848692,104.9995429969774,9144.0
1530.0,TGW281,-5.543221540942691,111.98253390111084,9144.0
1530.0,SIA878,3.555543776451973,106.95342245859987,9144.0
1530.0,SIA883,18.26227948234294,112.58695642893089,9144.0
1530.0,SIA912,2.3912882420335277,106.32000936903036,9144.0
1530.0,SIA915,11.200942092369464,118.40538444522987,9144.0
1530.0,SIA926,-1.7139407442880146,106.643924045255,9144.0
1530.0,SIA939,-6.113781707800746,113.0236407032885,9144.0
1530.0,SIA953,-1.9232743317627283,104.74805539905398,9144.0
1530.0,SIA957,-2.117314448374941,104.63035815237785,9144.0
1530.0,SIA959,-4.945894372744914,106.04690184858934,9144.0
1530.0,SJX731,21.469605395556897,119.95078382130355,9144.0
1530.0,SJX732,3.1576415419710413,106.90284493757518,9144.0
1530.0,TGW12,-2.651999373519517,105.93936826727743,9144.0
1530.0,TGW139,24.44710332559626,113.88294047027233,9144.0
1530.0,TGW263,-3.98763475003764,110.32272605397957,9144.0
1530.0,TGW275,-2.522876955797902,104.96373962915959,9144.0
1530.0,TGW276,-2.452279344446947,105.6749156267367,9144.0
1530.0,TGW277,-2.877190640848692,104.9995429969774,9144.0
1530.0,TGW281,-5.543221540942691,111.98253390111084,9144.0
1540.0,SIA878,3.583388950201576,106.97120962911819,9144.0
1540.0,SIA883,18.232937462815293,112.57325100462677,9144.0
1540.0,SIA912,2.419852520165159,106.33479451917079,9144.0
1540.0,SIA915,11.176961980376777,118.37899474397251,9144.0
1540.0,SIA926,-1.7337229641229925,106.66709788052006,9144.0
1540.0,SIA939,-6.092248184372638,112.99770846326729,9144.0
1540.0,SIA953,-1.892854220615849,104.73611336882821,9144.0
1540.0,SIA957,-2.084920465136787,104.62166902826755,9144.0
1540.0,SIA959,-4.919368949845593,106.03151238507557,9144.0
1540.0,SJX731,21.437508273236187,119.94612018324659,9144.0
1540.0,SJX732,3.182300524950856,106.92174285840993,9144.0
1540.0,TGW12,-2.6828236427742134,105.95411420823642,9144.0
1540.0,TGW139,24.413691388183608,113.8819771534784,9144.0
1540.0,TGW263,-3.966841398197676,110.2991391475371,9144.0
1540.0,TGW275,-2.4939941371434,104.95265670761827,9144.0
1540.0,TGW276,-2.4834517644442773,105.67674223964765,9144.0
1540.0,TGW277,-2.8481160391381146,104.98968320797853,9144.0
1540.0,TGW281,-5.519534448678448,111.95851956499907,9144.0
1540.0,SIA878,3.583388950201576,106.97120962911819,9144.0
1540.0,SIA883,18.232937462815293,112.57325100462677,9144.0
1540.0,SIA912,2.419852520165159,106.33479451917079,9144.0
1540.0,SIA915,11.176961980376777,118.37899474397251,9144.0
1540.0,SIA926,-1.7337229641229925,106.66709788052006,9144.0
1540.0,SIA939,-6.092248184372638,112.99770846326729,9144.0
1540.0,SIA953,-1.892854220615849,104.73611336882821,9144.0
1540.0,SIA957,-2.084920465136787,104.62166902826755,9144.0
1540.0,SIA959,-4.919368949845593,106.03151238507557,9144.0
1540.0,SJX731,21.437508273236187,119.94612018324659,9144.0
1540.0,SJX732,3.182300524950856,106.92174285840993,9144.0
1540.0,TGW12,-2.6828236427742134,105.95411420823642,9144.0
1540.0,TGW139,24.413691388183608,113.8819771534784,9144.0
1540.0,TGW263,-3.966841398197676,110.2991391475371,9144.0
1540.0,TGW275,-2.4939941371434,104.95265670761827,9144.0
1540.0,TGW276,-2.4834517644442773,105.67674223964765,9144.0
1540.0,TGW277,-2.8481160391381146,104.98968320797853,9144.0
1540.0,TGW281,-5.519534448678448,111.95851956499907,9144.0
1550.0,SIA878,3.611233777950633,106.98899788687001,9144.0
1550.0,SIA883,18.20359446728096,112.55955020646671,9144.0
1550.0,SIA912,2.4484166225730934,106.3495803227474,9144.0
1550.0,SIA915,11.152894070847132,118.3526904021159,9144.0
1550.0,SIA926,-1.7535048975680467,106.69027220404502,9144.0
1550.0,SIA939,-6.070747110078697,112.97182472120802,9144.0
1550.0,SIA953,-1.8624340146629985,104.72417178822029,9144.0
1550.0,SIA957,-2.052519396340878,104.6130065751167,9144.0
1550.0,SIA959,-4.892004779339297,106.01768179258332,9144.0
1550.0,SJX731,21.405353769032224,119.94145030551257,9144.0
1550.0,SJX732,3.20695916119372,106.94064168704202,9144.0
1550.0,TGW12,-2.713647734895444,105.96886089415716,9144.0
1550.0,TGW139,24.380279084279678,113.88102954187038,9144.0
1550.0,TGW263,-3.946010012870596,110.27558657846349,9144.0
1550.0,TGW275,-2.4651661111015026,104.94159535936818,9144.0
1550.0,TGW276,-2.5146241819365613,105.67856893876348,9144.0
1550.0,TGW277,-2.819041351832582,104.97982391964494,9144.0
1550.0,TGW281,-5.495822500616796,111.93453095796694,9144.0
1550.0,SIA878,3.611233777950633,106.98899788687001,9144.0
1550.0,SIA883,18.20359446728096,112.55955020646671,9144.0
1550.0,SIA912,2.4484166225730934,106.3495803227474,9144.0
1550.0,SIA915,11.152894070847132,118.3526904021159,9144.0
1550.0,SIA926,-1.7535048975680467,106.69027220404502,9144.0
1550.0,SIA939,-6.070747110078697,112.97182472120802,9144.0
1550.0,SIA953,-1.8624340146629985,104.72417178822029,9144.0
1550.0,SIA957,-2.052519396340878,104.6130065751167,9144.0
1550.0,SIA959,-4.892004779339297,106.01768179258332,9144.0
1550.0,SJX731,21.405353769032224,119.94145030551257,9144.0
1550.0,SJX732,3.20695916119372,106.94064168704202,9144.0
1550.0,TGW12,-2.713647734895444,105.96886089415716,9144.0
1550.0,TGW139,24.380279084279678,113.88102954187038,9144.0
1550.0,TGW263,-3.946010012870596,110.27558657846349,9144.0
1550.0,TGW275,-2.4651661111015026,104.94159535936818,9144.0
1550.0,TGW276,-2.5146241819365613,105.67856893876348,9144.0
1550.0,TGW277,-2.819041351832582,104.97982391964494,9144.0
1550.0,TGW281,-5.495822500616796,111.93453095796694,9144.0
1560.0,SIA878,3.6390782567907545,107.00678724066384,9144.0
1560.0,SIA883,18.174250497735127,112.54585402510958,9144.0
1560.0,SIA912,2.476980260001099,106.36436734325434,9144.0
1560.0,SIA915,11.128785336879941,118.32634909866815,9144.0
1560.0,SIA926,-1.7732865410530079,106.71344702164332,9144.0
1560.0,SIA939,-6.049237103387329,112.94594951697137,9144.0
1560.0,SIA953,-1.8319994810233815,104.71226701346599,9144.0
1560.0,SIA957,-2.0202837649600216,104.6043887196919,9144.0
1560.0,SIA959,-4.864377394390852,106.00371951647062,9144.0
1560.0,SJX731,21.37323971427301,119.93647075007804,9144.0
1560.0,SJX732,3.231617447868662,106.95954143069731,9144.0
1560.0,TGW12,-2.744471647791057,105.98360833371503,9144.0
1560.0,TGW139,24.3469810405913,113.88008566941531,9144.0
1560.0,TGW263,-3.9252165620906747,110.2520792122655,9144.0
1560.0,TGW275,-2.436327557679489,104.93056177533184,9144.0
1560.0,TGW276,-2.5457965968920004,105.68039572517168,9144.0
1560.0,TGW277,-2.789966579546837,104.96996512760356,9144.0
1560.0,TGW281,-5.472108983838296,111.91054486912631,9144.0
1560.0,SIA878,3.6390782567907545,107.00678724066384,9144.0
1560.0,SIA883,18.174250497735127,112.54585402510958,9144.0
1560.0,SIA912,2.476980260001099,106.36436734325434,9144.0
1560.0,SIA915,11.128785336879941,118.32634909866815,9144.0
1560.0,SIA926,-1.7732865410530079,106.71344702164332,9144.0
1560.0,SIA939,-6.049237103387329,112.94594951697137,9144.0
1560.0,SIA953,-1.8319994810233815,104.71226701346599,9144.0
1560.0,SIA957,-2.0202837649600216,104.6043887196919,9144.0
1560.0,SIA959,-4.864377394390852,106.00371951647062,9144.0
1560.0,SJX731,21.37323971427301,119.93647075007804,9144.0
1560.0,SJX732,3.231617447868662,106.95954143069731,9144.0
1560.0,TGW12,-2.744471647791057,105.98360833371503,9144.0
1560.0,TGW139,24.3469810405913,113.88008566941531,9144.0
1560.0,TGW263,-3.9252165620906747,110.2520792122655,9144.0
1560.0,TGW275,-2.436327557679489,104.93056177533184,9144.0
1560.0,TGW276,-2.5457965968920004,105.68039572517168,9144.0
1560.0,TGW277,-2.789966579546837,104.96996512760356,9144.0
1560.0,TGW281,-5.472108983838296,111.91054486912631,9144.0
1570.0,SIA878,3.666922383785921,107.02457769935228,9144.0
1570.0,SIA883,18.14490555617033,112.53216245122505,9144.0
1570.0,SIA912,2.5055369945180965,106.37916803616152,9144.0
1570.0,SIA915,11.104673305088385,118.30001310860162,9144.0
1570.0,SIA926,-1.7930678909658833,106.73662233916406,9144.0
1570.0,SIA939,-6.027722051605278,112.92007958229303,9144.0
1570.0,SIA953,-1.8015648565582874,104.70036267172357,9144.0
1570.0,SIA957,-1.9880410962185997,104.59579743321028,9144.0
1570.0,SIA959,-4.836749580563411,105.98975866645287,9144.0
1570.0,SJX731,21.341068369037483,119.93148454755249,9144.0
1570.0,SJX732,3.256275382132495,106.978442096618,9144.0
1570.0,TGW12,-2.7752953793645023,105.99835653559529,9144.0
1570.0,TGW139,24.313682567621044,113.87916046527386,9144.0
1570.0,TGW263,-3.904431052059364,110.22856537516996,9144.0
1570.0,TGW275,-2.4074339924060975,104.91950766893072,9144.0
1570.0,TGW276,-2.576969009278791,105.68222259995997,9144.0
1570.0,TGW277,-2.7608917227074095,104.96010682803815,9144.0
1570.0,TGW281,-5.448472754826999,111.8864828672517,9144.0
1570.0,SIA878,3.666922383785921,107.02457769935228,9144.0
1570.0,SIA883,18.14490555617033,112.53216245122505,9144.0
1570.0,SIA912,2.5055369945180965,106.37916803616152,9144.0
1570.0,SIA915,11.104673305088385,118.30001310860162,9144.0
1570.0,SIA926,-1.7930678909658833,106.73662233916406,9144.0
1570.0,SIA939,-6.027722051605278,112.92007958229303,9144.0
1570.0,SIA953,-1.8015648565582874,104.70036267172357,9144.0
1570.0,SIA957,-1.9880410962185997,104.59579743321028,9144.0
1570.0,SIA959,-4.836749580563411,105.98975866645287,9144.0
1570.0,SJX731,21.341068369037483,119.93148454755249,9144.0
1570.0,SJX732,3.256275382132495,106.978442096618,9144.0
1570.0,TGW12,-2.7752953793645023,105.99835653559529,9144.0
1570.0,TGW139,24.313682567621044,113.87916046527386,9144.0
1570.0,TGW263,-3.904431052059364,110.22856537516996,9144.0
1570.0,TGW275,-2.4074339924060975,104.91950766893072,9144.0
1570.0,TGW276,-2.576969009278791,105.68222259995997,9144.0
1570.0,TGW277,-2.7608917227074095,104.96010682803815,9144.0
1570.0,TGW281,-5.448472754826999,111.8864828672517,9144.0
1580.0,SIA878,3.694766155966732,107.04236927184101,9144.0
1580.0,SIA883,18.115559644576454,112.5184754754936,9144.0
1580.0,SIA912,2.534042068854452,106.39394273900642,9144.0
1580.0,SIA915,11.080744130750524,118.27350664859476,9144.0
1580.0,SIA926,-1.8128489436444077,106.75979816249922,9144.0
1580.0,SIA939,-6.00622479984655,112.89419571311764,9144.0
1580.0,SIA953,-1.7711491080110464,104.68841033451137,9144.0
1580.0,SIA957,-1.9557983815894098,104.5872064856058,9144.0
1580.0,SIA959,-4.809153131823141,105.97573604663495,9144.0
1580.0,SJX731,21.308873936009643,119.92667423108172,9144.0
1580.0,SJX732,3.2809329611281695,106.99734369206472,9144.0
1580.0,TGW12,-2.8061189275142175,106.01310550849446,9144.0
1580.0,TGW139,24.280326936825677,113.8782341602994,9144.0
1580.0,TGW263,-3.8837224481277923,110.20514057940836,9144.0
1580.0,TGW275,-2.3785402722986597,104.90845420090899,9144.0
1580.0,TGW276,-2.6081414190651246,105.68404956421625,9144.0
1580.0,TGW277,-2.7318167812136633,104.95024901869134,9144.0
1580.0,TGW281,-5.424875347313799,111.86246374927285,9144.0
1580.0,SIA878,3.694766155966732,107.04236927184101,9144.0
1580.0,SIA883,18.115559644576454,112.5184754754936,9144.0
1580.0,SIA912,2.534042068854452,106.39394273900642,9144.0
1580.0,SIA915,11.080744130750524,118.27350664859476,9144.0
1580.0,SIA926,-1.8128489436444077,106.75979816249922,9144.0
1580.0,SIA939,-6.00622479984655,112.89419571311764,9144.0
1580.0,SIA953,-1.7711491080110464,104.68841033451137,9144.0
1580.0,SIA957,-1.9557983815894098,104.5872064856058,9144.0
1580.0,SIA959,-4.809153131823141,105.97573604663495,9144.0
1580.0,SJX731,21.308873936009643,119.92667423108172,9144.0
1580.0,SJX732,3.2809329611281695,106.99734369206472,9144.0
1580.0,TGW12,-2.8061189275142175,106.01310550849446,9144.0
1580.0,TGW139,24.280326936825677,113.8782341602994,9144.0
1580.0,TGW263,-3.8837224481277923,110.20514057940836,9144.0
1580.0,TGW275,-2.3785402722986597,104.90845420090899,9144.0
1580.0,TGW276,-2.6081414190651246,105.68404956421625,9144.0
1580.0,TGW277,-2.7318167812136633,104.95024901869134,9144.0
1580.0,TGW281,-5.424875347313799,111.86246374927285,9144.0
1590.0,SIA878,3.7226095703228936,107.06016196710067,9144.0
1590.0,SIA883,18.086212764940722,112.50479308860653,9144.0
1590.0,SIA912,2.562571021580528,106.40867151732168,9144.0
1590.0,SIA915,11.056812162030344,118.24700497388449,9144.0
1590.0,SIA926,-1.8326296953651438,106.78297449759297,9144.0
1590.0,SIA939,-5.984653011726889,112.86822610196276,9144.0
1590.0,SIA953,-1.7406796775952253,104.6764373525407,9144.0
1590.0,SIA957,-1.9235556208259377,104.57861587507516,9144.0
1590.0,SIA959,-4.781399146380605,105.9616349485797,9144.0
1590.0,SJX731,21.276679363862986,119.92186604057302,9144.0
1590.0,SJX732,3.3055901819828093,107.01624622431915,9144.0
1590.0,TGW12,-2.836942290132889,106.02785526112179,9144.0
1590.0,TGW139,24.246971327580564,113.8773071651587,9144.0
1590.0,TGW263,-3.8630130834358716,110.18171703254802,9144.0
1590.0,TGW275,-2.349625026627799,104.89745749237154,9144.0
1590.0,TGW276,-2.639313826219188,105.6858766190286,9144.0
1590.0,TGW277,-2.7027417520580896,104.94039170589946,9144.0
1590.0,TGW281,-5.401265181877171,111.83845822238433,9144.0
1590.0,SIA878,3.7226095703228936,107.06016196710067,9144.0
1590.0,SIA883,18.086212764940722,112.50479308860653,9144.0
1590.0,SIA912,2.562571021580528,106.40867151732168,9144.0
1590.0,SIA915,11.056812162030344,118.24700497388449,9144.0
1590.0,SIA926,-1.8326296953651438,106.78297449759297,9144.0
1590.0,SIA939,-5.984653011726889,112.86822610196276,9144.0
1590.0,SIA953,-1.7406796775952253,104.6764373525407,9144.0
1590.0,SIA957,-1.9235556208259377,104.57861587507516,9144.0
1590.0,SIA959,-4.781399146380605,105.9616349485797,9144.0
1590.0,SJX731,21.276679363862986,119.92186604057302,9144.0
1590.0,SJX732,3.3055901819828093,107.01624622431915,9144.0
1590.0,TGW12,-2.836942290132889,106.02785526112179,9144.0
1590.0,TGW139,24.246971327580564,113.8773071651587,9144.0
1590.0,TGW263,-3.8630130834358716,110.18171703254802,9144.0
1590.0,TGW275,-2.349625026627799,104.89745749237154,9144.0
1590.0,TGW276,-2.639313826219188,105.6858766190286,9144.0
1590.0,TGW277,-2.7027417520580896,104.94039170589946,9144.0
1590.0,TGW281,-5.401265181877171,111.83845822238433,9144.0
1600.0,SIA878,3.7504526237932208,107.07795579418249,9144.0
1600.0,SIA883,18.05686491924768,112.49111528126598,9144.0
1600.0,SIA912,2.5908416957556697,106.42326774062118,9144.0
1600.0,SIA915,11.032875862414182,118.2205095208102,9144.0
1600.0,SIA926,-1.8524101423291677,106.80615135045392,9144.0
1600.0,SIA939,-5.963079333193664,112.84225910162249,9144.0
1600.0,SIA953,-1.7101927968357626,104.66450910686028,9144.0
1600.0,SIA957,-1.8913142527348619,104.57002019438622,9144.0
1600.0,SIA959,-4.753638568821253,105.94754749288758,9144.0
1600.0,SJX731,21.244499423656723,119.91694741465218,9144.0
1600.0,SJX732,3.3302470418053414,107.0351497006871,9144.0
1600.0,TGW12,-2.8677654651065425,106.04260580220121,9144.0
1600.0,TGW139,24.213672864900534,113.87638224318376,9144.0
1600.0,TGW263,-3.842302785020885,110.15829488516341,9144.0
1600.0,TGW275,-2.320709669662344,104.8864613032764,9144.0
1600.0,TGW276,-2.6704862307091664,105.68770376548524,9144.0
1600.0,TGW277,-2.6736803826775253,104.93049434011694,9144.0
1600.0,TGW281,-5.3777742646156845,111.81457698803467,9144.0
1600.0,SIA878,3.7504526237932208,107.07795579418249,9144.0
1600.0,SIA883,18.05686491924768,112.49111528126598,9144.0
1600.0,SIA912,2.5908416957556697,106.42326774062118,9144.0
1600.0,SIA915,11.032875862414182,118.2205095208102,9144.0
1600.0,SIA926,-1.8524101423291677,106.80615135045392,9144.0
1600.0,SIA939,-5.963079333193664,112.84225910162249,9144.0
1600.0,SIA953,-1.7101927968357626,104.66450910686028,9144.0
1600.0,SIA957,-1.8913142527348619,104.57002019438622,9144.0
1600.0,SIA959,-4.753638568821253,105.94754749288758,9144.0
1600.0,SJX731,21.244499423656723,119.91694741465218,9144.0
1600.0,SJX732,3.3302470418053414,107.0351497006871,9144.0
1600.0,TGW12,-2.8677654651065425,106.04260580220121,9144.0
1600.0,TGW139,24.213672864900534,113.87638224318376,9144.0
1600.0,TGW263,-3.842302785020885,110.15829488516341,9144.0
1600.0,TGW275,-2.320709669662344,104.8864613032764,9144.0
1600.0,TGW276,-2.6704862307091664,105.68770376548524,9144.0
1600.0,TGW277,-2.6736803826775253,104.93049434011694,9144.0
1600.0,TGW281,-5.3777742646156845,111.81457698803467,9144.0
1610.0,SIA878,3.7782953132520354,107.09575076223973,9144.0
1610.0,SIA883,18.02751610947919,112.47744204418493,9144.0
1610.0,SIA912,2.619061423727587,106.43796274917528,9144.0
1610.0,SIA915,11.008845507975813,118.19410474622471,9144.0
1610.0,SIA926,-1.8721902806428967,106.8293287271714,9144.0
1610.0,SIA939,-5.941500466759751,112.81629747883339,9144.0
1610.0,SIA953,-1.6797058331371504,104.65258126116115,9144.0
1610.0,SIA957,-1.859128083793241,104.56143956423446,9144.0
1610.0,SIA959,-4.725564233231244,105.93330231392585,9144.0
1610.0,SJX731,21.212376494435357,119.91203968369177,9144.0
1610.0,SJX732,3.3549035376836125,107.05405412850232,9144.0
1610.0,TGW12,-2.8985884503134205,106.05735714047368,9144.0
1610.0,TGW139,24.180374396628533,113.87545780472213,9144.0
1610.0,TGW263,-3.8216074750498294,110.13486000050786,9144.0
1610.0,TGW275,-2.2918195506542887,104.87539909316095,9144.0
1610.0,TGW276,-2.701658632503242,105.68953100467452,9144.0
1610.0,TGW277,-2.644396068847959,104.92052155472646,9144.0
1610.0,TGW281,-5.354282190025502,111.7906978219059,9144.0
1610.0,SIA878,3.7782953132520354,107.09575076223973,9144.0
1610.0,SIA883,18.02751610947919,112.47744204418493,9144.0
1610.0,SIA912,2.619061423727587,106.43796274917528,9144.0
1610.0,SIA915,11.008845507975813,118.19410474622471,9144.0
1610.0,SIA926,-1.8721902806428967,106.8293287271714,9144.0
1610.0,SIA939,-5.941500466759751,112.81629747883339,9144.0
1610.0,SIA953,-1.6797058331371504,104.65258126116115,9144.0
1610.0,SIA957,-1.859128083793241,104.56143956423446,9144.0
1610.0,SIA959,-4.725564233231244,105.93330231392585,9144.0
1610.0,SJX731,21.212376494435357,119.91203968369177,9144.0
1610.0,SJX732,3.3549035376836125,107.05405412850232,9144.0
1610.0,TGW12,-2.8985884503134205,106.05735714047368,9144.0
1610.0,TGW139,24.180374396628533,113.87545780472213,9144.0
1610.0,TGW263,-3.8216074750498294,110.13486000050786,9144.0
1610.0,TGW275,-2.2918195506542887,104.87539909316095,9144.0
1610.0,TGW276,-2.701658632503242,105.68953100467452,9144.0
1610.0,TGW277,-2.644396068847959,104.92052155472646,9144.0
1610.0,TGW281,-5.354282190025502,111.7906978219059,9144.0
1620.0,SIA878,3.8061376354901744,107.1135468805575,9144.0
1620.0,SIA883,17.998166337614418,112.46377336808723,9144.0
1620.0,SIA912,2.6471259704464933,106.45257774932449,9144.0
1620.0,SIA915,10.984811354762318,118.16770571214958,9144.0
1620.0,SIA926,-1.8919701062917962,106.85250663393806,9144.0
1620.0,SIA939,-5.919992898789417,112.79042634332882,9144.0
1620.0,SIA953,-1.649212961304771,104.64066872461787,9144.0
1620.0,SIA957,-1.8269418696956974,104.55285925874506,9144.0
1620.0,SIA959,-4.697534025476313,105.91897048748467,9144.0
1620.0,SJX731,21.18032894588714,119.9065955261454,9144.0
1620.0,SJX732,3.3795596666808483,107.07295951513107,9144.0
1620.0,TGW12,-2.9294112436225728,106.0721092847002,9144.0
1620.0,TGW139,24.14707598454456,113.87453117916014,9144.0
1620.0,TGW263,-3.800911457222205,110.11142630766143,9144.0
1620.0,TGW275,-2.262874466893085,104.86431633895023,9144.0
1620.0,TGW276,-2.732831031569601,105.69135833768489,9144.0
1620.0,TGW277,-2.61511167102813,104.91054925060206,9144.0
1620.0,TGW281,-5.330783568950673,111.7668260700859,9144.0
1620.0,SIA878,3.8061376354901744,107.1135468805575,9144.0
1620.0,SIA883,17.998166337614418,112.46377336808723,9144.0
1620.0,SIA912,2.6471259704464933,106.45257774932449,9144.0
1620.0,SIA915,10.984811354762318,118.16770571214958,9144.0
1620.0,SIA926,-1.8919701062917962,106.85250663393806,9144.0
1620.0,SIA939,-5.919992898789417,112.79042634332882,9144.0
1620.0,SIA953,-1.649212961304771,104.64066872461787,9144.0
1620.0,SIA957,-1.8269418696956974,104.55285925874506,9144.0
1620.0,SIA959,-4.697534025476313,105.91897048748467,9144.0
1620.0,SJX731,21.18032894588714,119.9065955261454,9144.0
1620.0,SJX732,3.3795596666808483,107.07295951513107,9144.0
1620.0,TGW12,-2.9294112436225728,106.0721092847002,9144.0
1620.0,TGW139,24.14707598454456,113.87453117916014,9144.0
1620.0,TGW263,-3.800911457222205,110.11142630766143,9144.0
1620.0,TGW275,-2.262874466893085,104.86431633895023,9144.0
1620.0,TGW276,-2.732831031569601,105.69135833768489,9144.0
1620.0,TGW277,-2.61511167102813,104.91054925060206,9144.0
1620.0,TGW281,-5.330783568950673,111.7668260700859,9144.0
1630.0,SIA878,3.8339795871876383,107.1313441585957,9144.0
1630.0,SIA883,17.968815605629818,112.45010924370766,9144.0
1630.0,SIA912,2.6752241345995214,106.46712820631785,9144.0
1630.0,SIA915,10.960712755568258,118.14136986138494,9144.0
1630.0,SIA926,-1.911749615103334,106.87568507708137,9144.0
1630.0,SIA939,-5.89849581329287,112.7645474083246,9144.0
1630.0,SIA953,-1.6187736510622939,104.62877751407635,9144.0
1630.0,SIA957,-1.7947653192711206,104.5442429010786,9144.0
1630.0,SIA959,-4.669347520977418,105.9045601272173,9144.0
1630.0,SJX731,21.14862958098862,119.89916967154754,9144.0
1630.0,SJX732,3.404215425831251,107.09186586797796,9144.0
1630.0,TGW12,-2.960233842892069,106.08686224366546,9144.0
1630.0,TGW139,24.113777566860936,113.87360503643859,9144.0
1630.0,TGW263,-3.7802146930881695,110.08799383767703,9144.0
1630.0,TGW275,-2.2339079442959453,104.85329004681664,9144.0
1630.0,TGW276,-2.764003427876445,105.6931857656046,9144.0
1630.0,TGW277,-2.5858271738663996,104.90057747029941,9144.0
1630.0,TGW281,-5.307342267519234,111.74289845168781,9144.0
1630.0,SIA878,3.8339795871876383,107.1313441585957,9144.0
1630.0,SIA883,17.968815605629818,112.45010924370766,9144.0
1630.0,SIA912,2.6752241345995214,106.46712820631785,9144.0
1630.0,SIA915,10.960712755568258,118.14136986138494,9144.0
1630.0,SIA926,-1.911749615103334,106.87568507708137,9144.0
1630.0,SIA939,-5.89849581329287,112.7645474083246,9144.0
1630.0,SIA953,-1.6187736510622939,104.62877751407635,9144.0
1630.0,SIA957,-1.7947653192711206,104.5442429010786,9144.0
1630.0,SIA959,-4.669347520977418,105.9045601272173,9144.0
1630.0,SJX731,21.14862958098862,119.89916967154754,9144.0
1630.0,SJX732,3.404215425831251,107.09186586797796,9144.0
1630.0,TGW12,-2.960233842892069,106.08686224366546,9144.0
1630.0,TGW139,24.113777566860936,113.87360503643859,9144.0
1630.0,TGW263,-3.7802146930881695,110.08799383767703,9144.0
1630.0,TGW275,-2.2339079442959453,104.85329004681664,9144.0
1630.0,TGW276,-2.764003427876445,105.6931857656046,9144.0
1630.0,TGW277,-2.5858271738663996,104.90057747029941,9144.0
1630.0,TGW281,-5.307342267519234,111.74289845168781,9144.0
1640.0,SIA878,3.861821164872712,107.14914260605333,9144.0
1640.0,SIA883,17.93946391549912,112.43644966179188,9144.0
1640.0,SIA912,2.703477279008349,106.48175973136678,9144.0
1640.0,SIA915,10.936687030048441,118.11512275967759,9144.0
1640.0,SIA926,-1.9315288026930426,106.89886406310978,9144.0
1640.0,SIA939,-5.876997007104392,112.73867091931774,9144.0
1640.0,SIA953,-1.5883342624294052,104.6168866812113,9144.0
1640.0,SIA957,-1.7626439874136983,104.53564165471775,9144.0
1640.0,SIA959,-4.641160455419275,105.89015144896536,9144.0
1640.0,SJX731,21.11784766303023,119.88877275326315,9144.0
1640.0,SJX732,3.428870812134457,107.1107731944931,9144.0
1640.0,TGW12,-2.9910562459666905,106.10161602618278,9144.0
1640.0,TGW139,24.080479143565487,113.87267937658196,9144.0
1640.0,TGW263,-3.759517007636968,110.06456274276692,9144.0
1640.0,TGW275,-2.2048864607070877,104.84224330984102,9144.0
1640.0,TGW276,-2.795145565503233,105.6908989076692,9144.0
1640.0,TGW277,-2.5565309683595423,104.89064043926642,9144.0
1640.0,TGW281,-5.283817962881366,111.71889292778435,9144.0
1640.0,SIA878,3.861821164872712,107.14914260605333,9144.0
1640.0,SIA883,17.93946391549912,112.43644966179188,9144.0
1640.0,SIA912,2.703477279008349,106.48175973136678,9144.0
1640.0,SIA915,10.936687030048441,118.11512275967759,9144.0
1640.0,SIA926,-1.9315288026930426,106.89886406310978,9144.0
1640.0,SIA939,-5.876997007104392,112.73867091931774,9144.0
1640.0,SIA953,-1.5883342624294052,104.6168866812113,9144.0
1640.0,SIA957,-1.7626439874136983,104.53564165471775,9144.0
1640.0,SIA959,-4.641160455419275,105.89015144896536,9144.0
1640.0,SJX731,21.11784766303023,119.88877275326315,9144.0
1640.0,SJX732,3.428870812134457,107.1107731944931,9144.0
1640.0,TGW12,-2.9910562459666905,106.10161602618278,9144.0
1640.0,TGW139,24.080479143565487,113.87267937658196,9144.0
1640.0,TGW263,-3.759517007636968,110.06456274276692,9144.0
1640.0,TGW275,-2.2048864607070877,104.84224330984102,9144.0
1640.0,TGW276,-2.795145565503233,105.6908989076692,9144.0
1640.0,TGW277,-2.5565309683595423,104.89064043926642,9144.0
1640.0,TGW281,-5.283817962881366,111.71889292778435,9144.0
1650.0,SIA878,3.889662364858017,107.16694223296889,9144.0
1650.0,SIA883,17.910111269193305,112.42279461309653,9144.0
1650.0,SIA912,2.731744101639242,106.49636509679837,9144.0
1650.0,SIA915,10.912760785836806,118.08878368321432,9144.0
1650.0,SIA926,-1.951307664382843,106.92204359878242,9144.0
1650.0,SIA939,-5.8554710316510095,112.71281826480406,9144.0
1650.0,SIA953,-1.5579123890809576,104.60495124767877,9144.0
1650.0,SIA957,-1.7305092038158605,104.52709099609066,9144.0
1650.0,SIA959,-4.612837575771734,105.87601396018268,9144.0
1650.0,SJX731,21.087175553239963,119.87841749041712,9144.0
1650.0,SJX732,3.4535258225484635,107.1296815021815,9144.0
1650.0,TGW12,-3.0218784506748966,106.11637064110042,9144.0
1650.0,TGW139,24.047182019158637,113.87169951706431,9144.0
1650.0,TGW263,-3.7387751720989875,110.0411714454417,9144.0
1650.0,TGW275,-2.1758648887866587,104.8311970192792,9144.0
1650.0,TGW276,-2.827526427927108,105.68440308763016,9144.0
1650.0,TGW277,-2.5270678702389557,104.88064728530405,9144.0
1650.0,TGW281,-5.260170323062315,111.69501084219775,9144.0
1650.0,SIA878,3.889662364858017,107.16694223296889,9144.0
1650.0,SIA883,17.910111269193305,112.42279461309653,9144.0
1650.0,SIA912,2.731744101639242,106.49636509679837,9144.0
1650.0,SIA915,10.912760785836806,118.08878368321432,9144.0
1650.0,SIA926,-1.951307664382843,106.92204359878242,9144.0
1650.0,SIA939,-5.8554710316510095,112.71281826480406,9144.0
1650.0,SIA953,-1.5579123890809576,104.60495124767877,9144.0
1650.0,SIA957,-1.7305092038158605,104.52709099609066,9144.0
1650.0,SIA959,-4.612837575771734,105.87601396018268,9144.0
1650.0,SJX731,21.087175553239963,119.87841749041712,9144.0
1650.0,SJX732,3.4535258225484635,107.1296815021815,9144.0
1650.0,TGW12,-3.0218784506748966,106.11637064110042,9144.0
1650.0,TGW139,24.047182019158637,113.87169951706431,9144.0
1650.0,TGW263,-3.7387751720989875,110.0411714454417,9144.0
1650.0,TGW275,-2.1758648887866587,104.8311970192792,9144.0
1650.0,TGW276,-2.827526427927108,105.68440308763016,9144.0
1650.0,TGW277,-2.5270678702389557,104.88064728530405,9144.0
1650.0,TGW281,-5.260170323062315,111.69501084219775,9144.0
1660.0,SIA878,3.917503183134538,107.18474304988689,9144.0
1660.0,SIA883,17.88075766868061,112.4091440883892,9144.0
1660.0,SIA912,2.7603717731230706,106.51115771948035,9144.0
1660.0,SIA915,10.888831261740716,118.06244981550611,9144.0
1660.0,SIA926,-1.9710861950711376,106.94522369122008,9144.0
1660.0,SIA939,-5.833943419257412,112.68696798195118,9144.0
1660.0,SIA953,-1.5274904402773513,104.59301617728553,9144.0
1660.0,SIA957,-1.698429700310109,104.51855535541989,9144.0
1660.0,SIA959,-4.584253749721387,105.86174787479789,9144.0
1660.0,SJX731,21.05650277555835,119.86806663556698,9144.0
1660.0,SJX732,3.478180453980452,107.1485907986149,9144.0
1660.0,TGW12,-3.052700454824764,106.1311260973101,9144.0
1660.0,TGW139,24.013942075291318,113.8707218478921,9144.0
1660.0,TGW263,-3.7179935622352835,110.01773762702108,9144.0
1660.0,TGW275,-2.1468699650203438,104.82008108119493,9144.0
1660.0,TGW276,-2.8591512385311257,105.67411590802146,9144.0
1660.0,TGW277,-2.497604694292608,104.87065458671199,9144.0
1660.0,TGW281,-5.236440073541035,111.67105069790672,9144.0
1660.0,SIA878,3.917503183134538,107.18474304988689,9144.0
1660.0,SIA883,17.88075766868061,112.4091440883892,9144.0
1660.0,SIA912,2.7603717731230706,106.51115771948035,9144.0
1660.0,SIA915,10.888831261740716,118.06244981550611,9144.0
1660.0,SIA926,-1.9710861950711376,106.94522369122008,9144.0
1660.0,SIA939,-5.833943419257412,112.68696798195118,9144.0
1660.0,SIA953,-1.5274904402773513,104.59301617728553,9144.0
1660.0,SIA957,-1.698429700310109,104.51855535541989,9144.0
1660.0,SIA959,-4.584253749721387,105.86174787479789,9144.0
1660.0,SJX731,21.05650277555835,119.86806663556698,9144.0
1660.0,SJX732,3.478180453980452,107.1485907986149,9144.0
1660.0,TGW12,-3.052700454824764,106.1311260973101,9144.0
1660.0,TGW139,24.013942075291318,113.8707218478921,9144.0
1660.0,TGW263,-3.7179935622352835,110.01773762702108,9144.0
1660.0,TGW275,-2.1468699650203438,104.82008108119493,9144.0
1660.0,TGW276,-2.8591512385311257,105.67411590802146,9144.0
1660.0,TGW277,-2.497604694292608,104.87065458671199,9144.0
1660.0,TGW281,-5.236440073541035,111.67105069790672,9144.0
1670.0,SIA878,3.9453436151823156,107.20254506815532,9144.0
1670.0,SIA883,17.85140311592648,112.3954980784485,9144.0
1670.0,SIA912,2.7889992525483462,106.52595107292733,9144.0
1670.0,SIA915,10.864799440117073,118.03621484360521,9144.0
1670.0,SIA926,-1.9908643890129385,106.96840434809297,9144.0
1670.0,SIA939,-5.812413168109007,112.66112091033871,9144.0
1670.0,SIA953,-1.4970654557018062,104.58108902054701,9144.0
1670.0,SIA957,-1.6663699317439462,104.50994596387194,9144.0
1670.0,SIA959,-4.555803834213198,105.84721546453218,9144.0
1670.0,SJX731,21.02731244680062,119.8536113226715,9144.0
1670.0,SJX732,3.502834703274666,107.1675010914478,9144.0
1670.0,TGW12,-3.0835222561984077,106.14588240375872,9144.0
1670.0,TGW139,23.980699181337226,113.86987308108924,9144.0
1670.0,TGW263,-3.6972813741467188,109.9942427186339,9144.0
1670.0,TGW275,-2.1178201688137883,104.80894457153475,9144.0
1670.0,TGW276,-2.8899623134630548,105.6615952225722,9144.0
1670.0,TGW277,-2.46814144132387,104.86066233846073,9144.0
1670.0,TGW281,-5.21284341502529,111.64695878326648,9144.0
1670.0,SIA878,3.9453436151823156,107.20254506815532,9144.0
1670.0,SIA883,17.85140311592648,112.3954980784485,9144.0
1670.0,SIA912,2.7889992525483462,106.52595107292733,9144.0
1670.0,SIA915,10.864799440117073,118.03621484360521,9144.0
1670.0,SIA926,-1.9908643890129385,106.96840434809297,9144.0
1670.0,SIA939,-5.812413168109007,112.66112091033871,9144.0
1670.0,SIA953,-1.4970654557018062,104.58108902054701,9144.0
1670.0,SIA957,-1.6663699317439462,104.50994596387194,9144.0
1670.0,SIA959,-4.555803834213198,105.84721546453218,9144.0
1670.0,SJX731,21.02731244680062,119.8536113226715,9144.0
1670.0,SJX732,3.502834703274666,107.1675010914478,9144.0
1670.0,TGW12,-3.0835222561984077,106.14588240375872,9144.0
1670.0,TGW139,23.980699181337226,113.86987308108924,9144.0
1670.0,TGW263,-3.6972813741467188,109.9942427186339,9144.0
1670.0,TGW275,-2.1178201688137883,104.80894457153475,9144.0
1670.0,TGW276,-2.8899623134630548,105.6615952225722,9144.0
1670.0,TGW277,-2.46814144132387,104.86066233846073,9144.0
1670.0,TGW281,-5.21284341502529,111.64695878326648,9144.0
1680.0,SIA878,3.9731836555958413,107.22034830051413,9144.0
1680.0,SIA883,17.822047612893574,112.38185657406409,9144.0
1680.0,SIA912,2.817626528843011,106.54074518233044,9144.0
1680.0,SIA915,10.840764468613454,118.00998497327822,9144.0
1680.0,SIA926,-2.0106422394158066,106.99158557796588,9144.0
1680.0,SIA939,-5.790881325939451,112.63527616470223,9144.0
1680.0,SIA953,-1.466694046044221,104.56918324039488,9144.0
1680.0,SIA957,-1.6341995842736992,104.50130717743461,9144.0
1680.0,SIA959,-4.527095042112114,105.8325525017202,9144.0
1680.0,SJX731,20.999088151846365,119.83762853767612,9144.0
1680.0,SJX732,3.5274885671960536,107.18641238843875,9144.0
1680.0,TGW12,-3.114343852544122,106.16063956946478,9144.0
1680.0,TGW139,23.947456282704483,113.8690247526172,9144.0
1680.0,TGW263,-3.6765296350218644,109.97070513715853,9144.0
1680.0,TGW275,-2.0887702806050252,104.79780850955775,9144.0
1680.0,TGW276,-2.9206140206015654,105.64913856608385,9144.0
1680.0,TGW277,-2.4386781120958063,104.85067053564025,9144.0
1680.0,TGW281,-5.18928480471772,111.6229104549715,9144.0
1680.0,SIA878,3.9731836555958413,107.22034830051413,9144.0
1680.0,SIA883,17.822047612893574,112.38185657406409,9144.0
1680.0,SIA912,2.817626528843011,106.54074518233044,9144.0
1680.0,SIA915,10.840764468613454,118.00998497327822,9144.0
1680.0,SIA926,-2.0106422394158066,106.99158557796588,9144.0
1680.0,SIA939,-5.790881325939451,112.63527616470223,9144.0
1680.0,SIA953,-1.466694046044221,104.56918324039488,9144.0
1680.0,SIA957,-1.6341995842736992,104.50130717743461,9144.0
1680.0,SIA959,-4.527095042112114,105.8325525017202,9144.0
1680.0,SJX731,20.999088151846365,119.83762853767612,9144.0
1680.0,SJX732,3.5274885671960536,107.18641238843875,9144.0
1680.0,TGW12,-3.114343852544122,106.16063956946478,9144.0
1680.0,TGW139,23.947456282704483,113.8690247526172,9144.0
1680.0,TGW263,-3.6765296350218644,109.97070513715853,9144.0
1680.0,TGW275,-2.0887702806050252,104.79780850955775,9144.0
1680.0,TGW276,-2.9206140206015654,105.64913856608385,9144.0
1680.0,TGW277,-2.4386781120958063,104.85067053564025,9144.0
1680.0,TGW281,-5.18928480471772,111.6229104549715,9144.0
1690.0,SIA878,4.001023297223937,107.2381527624467,9144.0
1690.0,SIA883,17.792691161541722,112.36821956603673,9144.0
1690.0,SIA912,2.846253102664371,106.55554101994036,9144.0
1690.0,SIA915,10.816782335159127,117.98370711784037,9144.0
1690.0,SIA926,-2.0304197376076543,107.01476739100887,9144.0
1690.0,SIA939,-5.769368482163317,112.6094164231528,9144.0
1690.0,SIA953,-1.4363245382961363,104.55727276643947,9144.0
1690.0,SIA957,-1.602003030278013,104.49276679631944,9144.0
1690.0,SIA959,-4.498339145016329,105.81798329383767,9144.0
1690.0,SJX731,20.971125784435742,119.8211290633247,9144.0
1690.0,SJX732,3.5521420424076515,107.20532469747997,9144.0
1690.0,TGW12,-3.1451652415649134,106.17539760354244,9144.0
1690.0,TGW139,23.9142157250704,113.86807315802213,9144.0
1690.0,TGW263,-3.6557492532935645,109.94719349006702,9144.0
1690.0,TGW275,-2.059706948363904,104.78670783240302,9144.0
1690.0,TGW276,-2.950732572202577,105.63689785979935,9144.0
1690.0,TGW277,-2.409214707299482,104.84067917355365,9144.0
1690.0,TGW281,-5.165567038008183,111.59902127579136,9144.0
1690.0,SIA878,4.001023297223937,107.2381527624467,9144.0
1690.0,SIA883,17.792691161541722,112.36821956603673,9144.0
1690.0,SIA912,2.846253102664371,106.55554101994036,9144.0
1690.0,SIA915,10.816782335159127,117.98370711784037,9144.0
1690.0,SIA926,-2.0304197376076543,107.01476739100887,9144.0
1690.0,SIA939,-5.769368482163317,112.6094164231528,9144.0
1690.0,SIA953,-1.4363245382961363,104.55727276643947,9144.0
1690.0,SIA957,-1.602003030278013,104.49276679631944,9144.0
1690.0,SIA959,-4.498339145016329,105.81798329383767,9144.0
1690.0,SJX731,20.971125784435742,119.8211290633247,9144.0
1690.0,SJX732,3.5521420424076515,107.20532469747997,9144.0
1690.0,TGW12,-3.1451652415649134,106.17539760354244,9144.0
1690.0,TGW139,23.9142157250704,113.86807315802213,9144.0
1690.0,TGW263,-3.6557492532935645,109.94719349006702,9144.0
1690.0,TGW275,-2.059706948363904,104.78670783240302,9144.0
1690.0,TGW276,-2.950732572202577,105.63689785979935,9144.0
1690.0,TGW277,-2.409214707299482,104.84067917355365,9144.0
1690.0,TGW281,-5.165567038008183,111.59902127579136,9144.0
1700.0,SIA878,4.028862528660518,107.25595847612213,9144.0
1700.0,SIA883,17.763333763827916,112.35458704517832,9144.0
1700.0,SIA912,2.874864611046171,106.5703664112414,9144.0
1700.0,SIA915,10.792759338723686,117.9573922478979,9144.0
1700.0,SIA926,-2.050196871005008,107.0379498007327,9144.0
1700.0,SIA939,-5.747890673828923,112.58360297100322,9144.0
1700.0,SIA953,-1.405901318522411,104.54534158680833,9144.0
1700.0,SIA957,-1.5697511776355084,104.48421203251655,9144.0
1700.0,SIA959,-4.469479563331048,105.80336308092159,9144.0
1700.0,SJX731,20.94465051780759,119.80213696400617,9144.0
1700.0,SJX732,3.5767951254383985,107.22423802663945,9144.0
1700.0,TGW12,-3.1759864209011184,106.19015651523793,9144.0
1700.0,TGW139,23.880975161572998,113.86712205306989,9144.0
1700.0,TGW263,-3.634851924821172,109.92355154018067,9144.0
1700.0,TGW275,-2.0305887574853103,104.77558665314102,9144.0
1700.0,TGW276,-2.9808509885748067,105.62465648652216,9144.0
1700.0,TGW277,-2.379751227477006,104.83068824794451,9144.0
1700.0,TGW281,-5.1417672346038055,111.5750535713678,9144.0
1700.0,SIA878,4.028862528660518,107.25595847612213,9144.0
1700.0,SIA883,17.763333763827916,112.35458704517832,9144.0
1700.0,SIA912,2.874864611046171,106.5703664112414,9144.0
1700.0,SIA915,10.792759338723686,117.9573922478979,9144.0
1700.0,SIA926,-2.050196871005008,107.0379498007327,9144.0
1700.0,SIA939,-5.747890673828923,112.58360297100322,9144.0
1700.0,SIA953,-1.405901318522411,104.54534158680833,9144.0
1700.0,SIA957,-1.5697511776355084,104.48421203251655,9144.0
1700.0,SIA959,-4.469479563331048,105.80336308092159,9144.0
1700.0,SJX731,20.94465051780759,119.80213696400617,9144.0
1700.0,SJX732,3.5767951254383985,107.22423802663945,9144.0
1700.0,TGW12,-3.1759864209011184,106.19015651523793,9144.0
1700.0,TGW139,23.880975161572998,113.86712205306989,9144.0
1700.0,TGW263,-3.634851924821172,109.92355154018067,9144.0
1700.0,TGW275,-2.0305887574853103,104.77558665314102,9144.0
1700.0,TGW276,-2.9808509885748067,105.62465648652216,9144.0
1700.0,TGW277,-2.379751227477006,104.83068824794451,9144.0
1700.0,TGW281,-5.1417672346038055,111.5750535713678,9144.0
1710.0,SIA878,4.056701322494852,107.27376548885593,9144.0
1710.0,SIA883,17.73397542170628,112.34095900231196,9144.0
1710.0,SIA912,2.903988485217702,106.58545817982214,9144.0
1710.0,SIA915,10.768728277756473,117.93108711092283,9144.0
1710.0,SIA926,-2.0699736165026974,107.06113282963474,9144.0
1710.0,SIA939,-5.726428507497698,112.55777735229641,9144.0
1710.0,SIA953,-1.3754743928978224,104.53342002041084,9144.0
1710.0,SIA957,-1.537524777174067,104.47556194318862,9144.0
1710.0,SIA959,-4.440735894324605,105.78851548401202,9144.0
1710.0,SJX731,20.918220927896304,119.78318708663917,9144.0
1710.0,SJX732,3.601447812635719,107.24315238422304,9144.0
1710.0,TGW12,-3.2068073881026935,106.20491631398762,9144.0
1710.0,TGW139,23.84773405999922,113.86619395067409,9144.0
1710.0,TGW263,-3.6139536968306687,109.89991093481599,9144.0
1710.0,TGW275,-2.0014701878270595,104.76446666585595,9144.0
1710.0,TGW276,-3.010969268038743,105.61241443870179,9144.0
1710.0,TGW277,-2.350287672773605,104.82069775572924,9144.0
1710.0,TGW281,-5.118149242614191,111.55090613677616,9144.0
1710.0,SIA878,4.056701322494852,107.27376548885593,9144.0
1710.0,SIA883,17.73397542170628,112.34095900231196,9144.0
1710.0,SIA912,2.903988485217702,106.58545817982214,9144.0
1710.0,SIA915,10.768728277756473,117.93108711092283,9144.0
1710.0,SIA926,-2.0699736165026974,107.06113282963474,9144.0
1710.0,SIA939,-5.726428507497698,112.55777735229641,9144.0
1710.0,SIA953,-1.3754743928978224,104.53342002041084,9144.0
1710.0,SIA957,-1.537524777174067,104.47556194318862,9144.0
1710.0,SIA959,-4.440735894324605,105.78851548401202,9144.0
1710.0,SJX731,20.918220927896304,119.78318708663917,9144.0
1710.0,SJX732,3.601447812635719,107.24315238422304,9144.0
1710.0,TGW12,-3.2068073881026935,106.20491631398762,9144.0
1710.0,TGW139,23.84773405999922,113.86619395067409,9144.0
1710.0,TGW263,-3.6139536968306687,109.89991093481599,9144.0
1710.0,TGW275,-2.0014701878270595,104.76446666585595,9144.0
1710.0,TGW276,-3.010969268038743,105.61241443870179,9144.0
1710.0,TGW277,-2.350287672773605,104.82069775572924,9144.0
1710.0,TGW281,-5.118149242614191,111.55090613677616,9144.0
1720.0,SIA878,4.083769944839566,107.29272899880644,9144.0
1720.0,SIA883,17.704616137128035,112.32733542827198,9144.0
1720.0,SIA912,2.9331121386252392,106.60055076663113,9144.0
1720.0,SIA915,10.744674653398038,117.90480544728018,9144.0
1720.0,SIA926,-2.0897498997455735,107.08431654398593,9144.0
1720.0,SIA939,-5.704964824496834,112.53195397501933,9144.0
1720.0,SIA953,-1.3448866627177178,104.52143579416652,9144.0
1720.0,SIA957,-1.505298340136268,104.46691211944632,9144.0
1720.0,SIA959,-4.411837743757283,105.77358966145505,9144.0
1720.0,SJX731,20.893910713433637,119.76122828231397,9144.0
1720.0,SJX732,3.626100100092643,107.26206777886968,9144.0
1720.0,TGW12,-3.2376281405821983,106.21967700951646,9144.0
1720.0,TGW139,23.81443576406244,113.86526472883482,9144.0
1720.0,TGW263,-3.5930689404663054,109.87625892288588,9144.0
1720.0,TGW275,-1.9723844393385563,104.75326120462834,9144.0
1720.0,TGW276,-3.0410874087756103,105.60017170844357,9144.0
1720.0,TGW277,-2.3208240414509196,104.8107076993891,9144.0
1720.0,TGW281,-5.094529569591909,111.52676124911962,9144.0
1720.0,SIA878,4.083769944839566,107.29272899880644,9144.0
1720.0,SIA883,17.704616137128035,112.32733542827198,9144.0
1720.0,SIA912,2.9331121386252392,106.60055076663113,9144.0
1720.0,SIA915,10.744674653398038,117.90480544728018,9144.0
1720.0,SIA926,-2.0897498997455735,107.08431654398593,9144.0
1720.0,SIA939,-5.704964824496834,112.53195397501933,9144.0
1720.0,SIA953,-1.3448866627177178,104.52143579416652,9144.0
1720.0,SIA957,-1.505298340136268,104.46691211944632,9144.0
1720.0,SIA959,-4.411837743757283,105.77358966145505,9144.0
1720.0,SJX731,20.893910713433637,119.76122828231397,9144.0
1720.0,SJX732,3.626100100092643,107.26206777886968,9144.0
1720.0,TGW12,-3.2376281405821983,106.21967700951646,9144.0
1720.0,TGW139,23.81443576406244,113.86526472883482,9144.0
1720.0,TGW263,-3.5930689404663054,109.87625892288588,9144.0
1720.0,TGW275,-1.9723844393385563,104.75326120462834,9144.0
1720.0,TGW276,-3.0410874087756103,105.60017170844357,9144.0
1720.0,TGW277,-2.3208240414509196,104.8107076993891,9144.0
1720.0,TGW281,-5.094529569591909,111.52676124911962,9144.0
1730.0,SIA878,4.110508104311864,107.31146269311941,9144.0
1730.0,SIA883,17.67525591204148,112.31371631390404,9144.0
1730.0,SIA912,2.9622334595817206,106.61564826037146,9144.0
1730.0,SIA915,10.720615770379101,117.87853086209374,9144.0
1730.0,SIA926,-2.1072343572199665,107.10927665956264,9144.0
1730.0,SIA939,-5.683469010433797,112.5061585700445,9144.0
1730.0,SIA953,-1.3143097139962099,104.50942422006632,9144.0
1730.0,SIA957,-1.4730718562825464,104.45826259672369,9144.0
1730.0,SIA959,-4.382886883584197,105.75876752410213,9144.0
1730.0,SJX731,20.869730410445833,119.7393981693161,9144.0
1730.0,SJX732,3.650751983529743,107.28098421970597,9144.0
1730.0,TGW12,-3.2684486755280626,106.23443861201967,9144.0
1730.0,TGW139,23.7811382487972,113.86430290995867,9144.0
1730.0,TGW263,-3.572144814365899,109.85256428730126,9144.0
1730.0,TGW275,-1.9432439207588554,104.74203511420781,9144.0
1730.0,TGW276,-3.0712054087003073,105.58792828719515,9144.0
1730.0,TGW277,-2.291359500150892,104.80072053848218,9144.0
1730.0,TGW281,-5.070723015466323,111.50280295902418,9144.0
1730.0,SIA878,4.110508104311864,107.31146269311941,9144.0
1730.0,SIA883,17.67525591204148,112.31371631390404,9144.0
1730.0,SIA912,2.9622334595817206,106.61564826037146,9144.0
1730.0,SIA915,10.720615770379101,117.87853086209374,9144.0
1730.0,SIA926,-2.1072343572199665,107.10927665956264,9144.0
1730.0,SIA939,-5.683469010433797,112.5061585700445,9144.0
1730.0,SIA953,-1.3143097139962099,104.50942422006632,9144.0
1730.0,SIA957,-1.4730718562825464,104.45826259672369,9144.0
1730.0,SIA959,-4.382886883584197,105.75876752410213,9144.0
1730.0,SJX731,20.869730410445833,119.7393981693161,9144.0
1730.0,SJX732,3.650751983529743,107.28098421970597,9144.0
1730.0,TGW12,-3.2684486755280626,106.23443861201967,9144.0
1730.0,TGW139,23.7811382487972,113.86430290995867,9144.0
1730.0,TGW263,-3.572144814365899,109.85256428730126,9144.0
1730.0,TGW275,-1.9432439207588554,104.74203511420781,9144.0
1730.0,TGW276,-3.0712054087003073,105.58792828719515,9144.0
1730.0,TGW277,-2.291359500150892,104.80072053848218,9144.0
1730.0,TGW281,-5.070723015466323,111.50280295902418,9144.0
1740.0,SIA878,4.137245372987609,107.33019829570678,9144.0
1740.0,SIA883,17.645894748391946,112.30010165006517,9144.0
1740.0,SIA912,2.991387667039895,106.63068237718264,9144.0
1740.0,SIA915,10.696586239288845,117.85223055449944,9144.0
1740.0,SIA926,-2.124514401679559,107.13394623444412,9144.0
1740.0,SIA939,-5.6619350743987145,112.4803214185596,9144.0
1740.0,SIA953,-1.2836792113576334,104.49739193952888,9144.0
1740.0,SIA957,-1.4408015346877465,104.44977832203423,9144.0
1740.0,SIA959,-4.35357666713739,105.74376287862967,9144.0
1740.0,SJX731,20.847455880505567,119.715361034841,9144.0
1740.0,SJX732,3.6754034580904267,107.29990171661393,9144.0
1740.0,TGW12,-3.2992689897250167,106.2492011325389,9144.0
1740.0,TGW139,23.74772646324358,113.86333828565813,9144.0
1740.0,TGW263,-3.551219888380001,109.82887089945135,9144.0
1740.0,TGW275,-1.9140891450137385,104.73084633708984,9144.0
1740.0,TGW276,-3.101323265111508,105.57568416488337,9144.0
1740.0,TGW277,-2.261894887010896,104.79073379403829,9144.0
1740.0,TGW281,-5.047076213464797,111.47900889391933,9144.0
1740.0,SIA878,4.137245372987609,107.33019829570678,9144.0
1740.0,SIA883,17.645894748391946,112.30010165006517,9144.0
1740.0,SIA912,2.991387667039895,106.63068237718264,9144.0
1740.0,SIA915,10.696586239288845,117.85223055449944,9144.0
1740.0,SIA926,-2.124514401679559,107.13394623444412,9144.0
1740.0,SIA939,-5.6619350743987145,112.4803214185596,9144.0
1740.0,SIA953,-1.2836792113576334,104.49739193952888,9144.0
1740.0,SIA957,-1.4408015346877465,104.44977832203423,9144.0
1740.0,SIA959,-4.35357666713739,105.74376287862967,9144.0
1740.0,SJX731,20.847455880505567,119.715361034841,9144.0
1740.0,SJX732,3.6754034580904267,107.29990171661393,9144.0
1740.0,TGW12,-3.2992689897250167,106.2492011325389,9144.0
1740.0,TGW139,23.74772646324358,113.86333828565813,9144.0
1740.0,TGW263,-3.551219888380001,109.82887089945135,9144.0
1740.0,TGW275,-1.9140891450137385,104.73084633708984,9144.0
1740.0,TGW276,-3.101323265111508,105.57568416488337,9144.0
1740.0,TGW277,-2.261894887010896,104.79073379403829,9144.0
1740.0,TGW281,-5.047076213464797,111.47900889391933,9144.0
1750.0,SIA878,4.163949903897446,107.34898141016116,9144.0
1750.0,SIA883,17.616532648121773,112.28649142762389,9144.0
1750.0,SIA912,3.020592636498614,106.64574396635659,9144.0
1750.0,SIA915,10.672590162437075,117.82597843583599,9144.0
1750.0,SIA926,-2.1417938863371373,107.15861647910197,9144.0
1750.0,SIA939,-5.6404373832716335,112.45445476590172,9144.0
1750.0,SIA953,-1.253033046504868,104.48539976881182,9144.0
1750.0,SIA957,-1.4085864648380455,104.44130885848632,9144.0
1750.0,SIA959,-4.324296433860434,105.72870005354939,9144.0
1750.0,SJX731,20.82521832428951,119.69137608758822,9144.0
1750.0,SJX732,3.700054517952227,107.31882028073953,9144.0
1750.0,TGW12,-3.330089079112032,106.26396458388811,9144.0
1750.0,TGW139,23.714314671614478,113.86237415975606,9144.0
1750.0,TGW263,-3.530255876293269,109.80521275703582,9144.0
1750.0,TGW275,-1.8849889893586949,104.71967896224622,9144.0
1750.0,TGW276,-3.1314409732491306,105.56343932635556,9144.0
1750.0,TGW277,-2.232430201170705,104.78074746594696,9144.0
1750.0,TGW281,-5.0235545539916115,111.45509101423168,9144.0
1750.0,SIA878,4.163949903897446,107.34898141016116,9144.0
1750.0,SIA883,17.616532648121773,112.28649142762389,9144.0
1750.0,SIA912,3.020592636498614,106.64574396635659,9144.0
1750.0,SIA915,10.672590162437075,117.82597843583599,9144.0
1750.0,SIA926,-2.1417938863371373,107.15861647910197,9144.0
1750.0,SIA939,-5.6404373832716335,112.45445476590172,9144.0
1750.0,SIA953,-1.253033046504868,104.48539976881182,9144.0
1750.0,SIA957,-1.4085864648380455,104.44130885848632,9144.0
1750.0,SIA959,-4.324296433860434,105.72870005354939,9144.0
1750.0,SJX731,20.82521832428951,119.69137608758822,9144.0
1750.0,SJX732,3.700054517952227,107.31882028073953,9144.0
1750.0,TGW12,-3.330089079112032,106.26396458388811,9144.0
1750.0,TGW139,23.714314671614478,113.86237415975606,9144.0
1750.0,TGW263,-3.530255876293269,109.80521275703582,9144.0
1750.0,TGW275,-1.8849889893586949,104.71967896224622,9144.0
1750.0,TGW276,-3.1314409732491306,105.56343932635556,9144.0
1750.0,TGW277,-2.232430201170705,104.78074746594696,9144.0
1750.0,TGW281,-5.0235545539916115,111.45509101423168,9144.0
1760.0,SIA878,4.190606506673832,107.36773300197765,9144.0
1760.0,SIA883,17.58716961317026,112.2728856374602,9144.0
1760.0,SIA912,3.0497427331981575,106.66091218645595,9144.0
1760.0,SIA915,10.648596004303263,117.79972657071974,9144.0
1760.0,SIA926,-2.1597372758116955,107.18280774599779,9144.0
1760.0,SIA939,-5.618974813740639,112.42863429617701,9144.0
1760.0,SIA953,-1.222386822008981,104.47340788917,9144.0
1760.0,SIA957,-1.3764376189645242,104.43259136163628,9144.0
1760.0,SIA959,-4.2947097456291985,105.71348104567316,9144.0
1760.0,SJX731,20.802971789196484,119.66740421184834,9144.0
1760.0,SJX732,3.7247051554874613,107.3377399255908,9144.0
1760.0,TGW12,-3.360908937321867,106.27872898371267,9144.0
1760.0,TGW139,23.680901031626917,113.86148997216947,9144.0
1760.0,TGW263,-3.5092910692746773,109.78155585417127,9144.0
1760.0,TGW275,-1.855858358611622,104.7085915970045,9144.0
1760.0,TGW276,-3.161558504308069,105.55119369714073,9144.0
1760.0,TGW277,-2.202965299866536,104.77076197343384,9144.0
1760.0,TGW281,-5.000071768805507,111.43121600964287,9144.0
1760.0,SIA878,4.190606506673832,107.36773300197765,9144.0
1760.0,SIA883,17.58716961317026,112.2728856374602,9144.0
1760.0,SIA912,3.0497427331981575,106.66091218645595,9144.0
1760.0,SIA915,10.648596004303263,117.79972657071974,9144.0
1760.0,SIA926,-2.1597372758116955,107.18280774599779,9144.0
1760.0,SIA939,-5.618974813740639,112.42863429617701,9144.0
1760.0,SIA953,-1.222386822008981,104.47340788917,9144.0
1760.0,SIA957,-1.3764376189645242,104.43259136163628,9144.0
1760.0,SIA959,-4.2947097456291985,105.71348104567316,9144.0
1760.0,SJX731,20.802971789196484,119.66740421184834,9144.0
1760.0,SJX732,3.7247051554874613,107.3377399255908,9144.0
1760.0,TGW12,-3.360908937321867,106.27872898371267,9144.0
1760.0,TGW139,23.680901031626917,113.86148997216947,9144.0
1760.0,TGW263,-3.5092910692746773,109.78155585417127,9144.0
1760.0,TGW275,-1.855858358611622,104.7085915970045,9144.0
1760.0,TGW276,-3.161558504308069,105.55119369714073,9144.0
1760.0,TGW277,-2.202965299866536,104.77076197343384,9144.0
1760.0,TGW281,-5.000071768805507,111.43121600964287,9144.0
1770.0,SIA878,4.217263109450217,107.38648523506487,9144.0
1770.0,SIA883,17.557805645473636,112.25928427046581,9144.0
1770.0,SIA912,3.0789434905942987,106.67610800000926,9144.0
1770.0,SIA915,10.624597853126042,117.77348054949377,9144.0
1770.0,SIA926,-2.1776448577637155,107.20695191555544,9144.0
1770.0,SIA939,-5.597507055473463,112.40281913191097,9144.0
1770.0,SIA953,-1.1917363791014215,104.46142693557366,9144.0
1770.0,SIA957,-1.3442887345665453,104.42387412309733,9144.0
1770.0,SIA959,-4.2650451786145505,105.69841584826641,9144.0
1770.0,SJX731,20.780684724848808,119.64347898928936,9144.0
1770.0,SJX732,3.7493553590536357,107.35666066992857,9144.0
1770.0,TGW12,-3.391728546286324,106.29349437416735,9144.0
1770.0,TGW139,23.647487386592406,113.860606237901,9144.0
1770.0,TGW263,-3.4883527094233115,109.75787598123382,9144.0
1770.0,TGW275,-1.8267276508880137,104.6975046154386,9144.0
1770.0,TGW276,-3.1916760353670073,105.5389477106763,9144.0
1770.0,TGW277,-2.1735025938276693,104.76077019228421,9144.0
1770.0,TGW281,-4.976548468745746,111.40738208199595,9144.0
1770.0,SIA878,4.217263109450217,107.38648523506487,9144.0
1770.0,SIA883,17.557805645473636,112.25928427046581,9144.0
1770.0,SIA912,3.0789434905942987,106.67610800000926,9144.0
1770.0,SIA915,10.624597853126042,117.77348054949377,9144.0
1770.0,SIA926,-2.1776448577637155,107.20695191555544,9144.0
1770.0,SIA939,-5.597507055473463,112.40281913191097,9144.0
1770.0,SIA953,-1.1917363791014215,104.46142693557366,9144.0
1770.0,SIA957,-1.3442887345665453,104.42387412309733,9144.0
1770.0,SIA959,-4.2650451786145505,105.69841584826641,9144.0
1770.0,SJX731,20.780684724848808,119.64347898928936,9144.0
1770.0,SJX732,3.7493553590536357,107.35666066992857,9144.0
1770.0,TGW12,-3.391728546286324,106.29349437416735,9144.0
1770.0,TGW139,23.647487386592406,113.860606237901,9144.0
1770.0,TGW263,-3.4883527094233115,109.75787598123382,9144.0
1770.0,TGW275,-1.8267276508880137,104.6975046154386,9144.0
1770.0,TGW276,-3.1916760353670073,105.5389477106763,9144.0
1770.0,TGW277,-2.1735025938276693,104.76077019228421,9144.0
1770.0,TGW281,-4.976548468745746,111.40738208199595,9144.0
1780.0,SIA883,17.528440746964993,112.24568731754411,9144.0
1780.0,SIA912,3.108217138472542,106.69116292301571,9144.0
1780.0,SIA915,10.600535048379635,117.74729793936542,9144.0
1780.0,SIA926,-2.1955519847958542,107.23109671113096,9144.0
1780.0,SIA939,-5.575924954266291,112.37710135138127,9144.0
1780.0,SIA953,-1.1610323888389251,104.44942534949682,9144.0
1780.0,SIA957,-1.312051466486451,104.41548993591229,9144.0
1780.0,SIA959,-4.235278228140523,105.6833000975226,9144.0
1780.0,SJX731,20.75847403287856,119.61965215138794,9144.0
1780.0,SJX732,3.774005104688996,107.37558254863121,9144.0
1780.0,TGW12,-3.423274390519665,106.3066312304001,9144.0
1780.0,TGW139,23.61407792757378,113.85955088333803,9144.0
1780.0,TGW263,-3.4673362667403547,109.7341098936546,9144.0
1780.0,TGW275,-1.797600412814783,104.68640869096345,9144.0
1780.0,TGW277,-2.1441509875285587,104.75081651366656,9144.0
1780.0,TGW281,-4.9530241561805175,111.38355001130142,9144.0
1780.0,SIA883,17.528440746964993,112.24568731754411,9144.0
1780.0,SIA912,3.108217138472542,106.69116292301571,9144.0
1780.0,SIA915,10.600535048379635,117.74729793936542,9144.0
1780.0,SIA926,-2.1955519847958542,107.23109671113096,9144.0
1780.0,SIA939,-5.575924954266291,112.37710135138127,9144.0
1780.0,SIA953,-1.1610323888389251,104.44942534949682,9144.0
1780.0,SIA957,-1.312051466486451,104.41548993591229,9144.0
1780.0,SIA959,-4.235278228140523,105.6833000975226,9144.0
1780.0,SJX731,20.75847403287856,119.61965215138794,9144.0
1780.0,SJX732,3.774005104688996,107.37558254863121,9144.0
1780.0,TGW12,-3.423274390519665,106.3066312304001,9144.0
1780.0,TGW139,23.61407792757378,113.85955088333803,9144.0
1780.0,TGW263,-3.4673362667403547,109.7341098936546,9144.0
1780.0,TGW275,-1.797600412814783,104.68640869096345,9144.0
1780.0,TGW277,-2.1441509875285587,104.75081651366656,9144.0
1780.0,TGW281,-4.9530241561805175,111.38355001130142,9144.0
1790.0,SIA883,17.49907491957425,112.23209476961034,9144.0
1790.0,SIA912,3.137439356140902,106.70619257545144,9144.0
1790.0,SIA915,10.576430435137059,117.7210792146444,9144.0
1790.0,SIA926,-2.213458560279065,107.25524220684413,9144.0
1790.0,SIA939,-5.554414691343322,112.3514737757648,9144.0
1790.0,SIA953,-1.1303282131570913,104.43742436660439,9144.0
1790.0,SIA957,-1.2798141657149165,104.40710598120711,9144.0
1790.0,SIA959,-4.205548299233893,105.6681118454414,9144.0
1790.0,SJX731,20.736283613428512,119.59580721933831,9144.0
1790.0,SJX732,3.7986542740098694,107.39450572010911,9144.0
1790.0,TGW12,-3.4548723406297284,106.31979073869951,9144.0
1790.0,TGW139,23.580668461384604,113.85849606791189,9144.0
1790.0,TGW263,-3.4463162385753963,109.7103475154639,9144.0
1790.0,TGW275,-1.768582727158847,104.67535488691891,9144.0
1790.0,TGW277,-2.1147825793938853,104.7409127773951,9144.0
1790.0,TGW281,-4.9294984660198145,111.35972015665077,9144.0
1790.0,SIA883,17.49907491957425,112.23209476961034,9144.0
1790.0,SIA912,3.137439356140902,106.70619257545144,9144.0
1790.0,SIA915,10.576430435137059,117.7210792146444,9144.0
1790.0,SIA926,-2.213458560279065,107.25524220684413,9144.0
1790.0,SIA939,-5.554414691343322,112.3514737757648,9144.0
1790.0,SIA953,-1.1303282131570913,104.43742436660439,9144.0
1790.0,SIA957,-1.2798141657149165,104.40710598120711,9144.0
1790.0,SIA959,-4.205548299233893,105.6681118454414,9144.0
1790.0,SJX731,20.736283613428512,119.59580721933831,9144.0
1790.0,SJX732,3.7986542740098694,107.39450572010911,9144.0
1790.0,TGW12,-3.4548723406297284,106.31979073869951,9144.0
1790.0,TGW139,23.580668461384604,113.85849606791189,9144.0
1790.0,TGW263,-3.4463162385753963,109.7103475154639,9144.0
1790.0,TGW275,-1.768582727158847,104.67535488691891,9144.0
1790.0,TGW277,-2.1147825793938853,104.7409127773951,9144.0
1790.0,TGW281,-4.9294984660198145,111.35972015665077,9144.0
1800.0,SIA883,17.469708165228102,112.21850661759173,9144.0
1800.0,SIA912,3.1666015209373963,106.72133919212816,9144.0
1800.0,SIA915,10.552414840811442,117.69477814396377,9144.0
1800.0,SIA926,-2.2342366884495974,107.27696240786742,9144.0
1800.0,SIA939,-5.533052070324123,112.3257227693336,9144.0
1800.0,SIA953,-1.0996368785499104,104.4253906945878,9144.0
1800.0,SIA957,-1.247694723709367,104.39828115473291,9144.0
1800.0,SIA959,-4.1756654084440195,105.65284687254116,9144.0
1800.0,SJX731,20.714087317620933,119.57197203540909,9144.0
1800.0,SJX732,3.8252439199041963,107.41057545387126,9144.0
1800.0,TGW12,-3.486470103965915,106.33295113726403,9144.0
1800.0,TGW139,23.547252883181283,113.85770482478581,9144.0
1800.0,TGW263,-3.4252955403532575,109.68658625555791,9144.0
1800.0,TGW275,-1.73956496648854,104.66430145142303,9144.0
1800.0,TGW277,-2.085469777500811,104.73102820303224,9144.0
1800.0,TGW281,-4.906004110185361,111.33586002043569,9144.0
1800.0,SIA883,17.469708165228102,112.21850661759173,9144.0
1800.0,SIA912,3.1666015209373963,106.72133919212816,9144.0
1800.0,SIA915,10.552414840811442,117.69477814396377,9144.0
1800.0,SIA926,-2.2342366884495974,107.27696240786742,9144.0
1800.0,SIA939,-5.533052070324123,112.3257227693336,9144.0
1800.0,SIA953,-1.0996368785499104,104.4253906945878,9144.0
1800.0,SIA957,-1.247694723709367,104.39828115473291,9144.0
1800.0,SIA959,-4.1756654084440195,105.65284687254116,9144.0
1800.0,SJX731,20.714087317620933,119.57197203540909,9144.0
1800.0,SJX732,3.8252439199041963,107.41057545387126,9144.0
1800.0,TGW12,-3.486470103965915,106.33295113726403,9144.0
1800.0,TGW139,23.547252883181283,113.85770482478581,9144.0
1800.0,TGW263,-3.4252955403532575,109.68658625555791,9144.0
1800.0,TGW275,-1.73956496648854,104.66430145142303,9144.0
1800.0,TGW277,-2.085469777500811,104.73102820303224,9144.0
1800.0,TGW281,-4.906004110185361,111.33586002043569,9144.0
1810.0,SIA883,17.440340485849944,112.20492285242759,9144.0
1810.0,SIA912,3.1957124063218356,106.73646016575007,9144.0
1810.0,SIA915,10.528395818310795,117.66848236382283,9144.0
1810.0,SIA926,-2.25517846616658,107.29885476053548,9144.0
1810.0,SIA939,-5.511687728333935,112.2999741323694,9144.0
1810.0,SIA953,-1.0689454595473065,104.41335735989884,9144.0
1810.0,SIA957,-1.2159067696265553,104.38954764056466,9144.0
1810.0,SIA959,-4.145794671251485,105.6375585841964,9144.0
1810.0,SJX731,20.6918953051692,119.548135782547,9144.0
1810.0,SJX732,3.852583294162973,107.42709960233384,9144.0
1810.0,TGW12,-3.518067674142159,106.34611244552497,9144.0
1810.0,TGW139,23.513780217460287,113.85691263347637,9144.0
1810.0,TGW263,-3.404274110593625,109.66282616532746,9144.0
1810.0,TGW275,-1.710539296920032,104.65326898845353,9144.0
1810.0,TGW277,-2.056167599549145,104.72111232073888,9144.0
1810.0,TGW281,-4.882588757879915,111.31208364869389,9144.0
1810.0,SIA883,17.440340485849944,112.20492285242759,9144.0
1810.0,SIA912,3.1957124063218356,106.73646016575007,9144.0
1810.0,SIA915,10.528395818310795,117.66848236382283,9144.0
1810.0,SIA926,-2.25517846616658,107.29885476053548,9144.0
1810.0,SIA939,-5.511687728333935,112.2999741323694,9144.0
1810.0,SIA953,-1.0689454595473065,104.41335735989884,9144.0
1810.0,SIA957,-1.2159067696265553,104.38954764056466,9144.0
1810.0,SIA959,-4.145794671251485,105.6375585841964,9144.0
1810.0,SJX731,20.6918953051692,119.548135782547,9144.0
1810.0,SJX732,3.852583294162973,107.42709960233384,9144.0
1810.0,TGW12,-3.518067674142159,106.34611244552497,9144.0
1810.0,TGW139,23.513780217460287,113.85691263347637,9144.0
1810.0,TGW263,-3.404274110593625,109.66282616532746,9144.0
1810.0,TGW275,-1.710539296920032,104.65326898845353,9144.0
1810.0,TGW277,-2.056167599549145,104.72111232073888,9144.0
1810.0,TGW281,-4.882588757879915,111.31208364869389,9144.0
1820.0,SIA883,17.41097188335982,112.19134346506948,9144.0
1820.0,SIA912,3.224823050306873,106.75158203647882,9144.0
1820.0,SIA915,10.50439242503147,117.64217386960274,9144.0
1820.0,SIA926,-2.276119666442514,107.32074798299276,9144.0
1820.0,SIA939,-5.490272696243497,112.274268956765,9144.0
1820.0,SIA953,-1.0382420991084573,104.40135465574265,9144.0
1820.0,SIA957,-1.184021164629876,104.38117793004093,9144.0
1820.0,SIA959,-4.116127082034633,105.62237566577123,9144.0
1820.0,SJX731,20.669698583835306,119.52430802507324,9144.0
1820.0,SJX732,3.8799218529915214,107.44362563887223,9144.0
1820.0,TGW12,-3.5496650081967336,106.35927477105504,9144.0
1820.0,TGW139,23.48030040542308,113.8566707749716,9144.0
1820.0,TGW263,-3.3832510996548075,109.63906799602934,9144.0
1820.0,TGW275,-1.6816233622030652,104.64227860548048,9144.0
1820.0,TGW277,-2.0268653570390978,104.71119681023212,9144.0
1820.0,TGW281,-4.859150357452913,111.2883309910648,9144.0
1820.0,SIA883,17.41097188335982,112.19134346506948,9144.0
1820.0,SIA912,3.224823050306873,106.75158203647882,9144.0
1820.0,SIA915,10.50439242503147,117.64217386960274,9144.0
1820.0,SIA926,-2.276119666442514,107.32074798299276,9144.0
1820.0,SIA939,-5.490272696243497,112.274268956765,9144.0
1820.0,SIA953,-1.0382420991084573,104.40135465574265,9144.0
1820.0,SIA957,-1.184021164629876,104.38117793004093,9144.0
1820.0,SIA959,-4.116127082034633,105.62237566577123,9144.0
1820.0,SJX731,20.669698583835306,119.52430802507324,9144.0
1820.0,SJX732,3.8799218529915214,107.44362563887223,9144.0
1820.0,TGW12,-3.5496650081967336,106.35927477105504,9144.0
1820.0,TGW139,23.48030040542308,113.8566707749716,9144.0
1820.0,TGW263,-3.3832510996548075,109.63906799602934,9144.0
1820.0,TGW275,-1.6816233622030652,104.64227860548048,9144.0
1820.0,TGW277,-2.0268653570390978,104.71119681023212,9144.0
1820.0,TGW281,-4.859150357452913,111.2883309910648,9144.0
1830.0,SIA883,17.381602359674346,112.17776844648138,9144.0
1830.0,SIA912,3.253933304416497,106.7667050949729,9144.0
1830.0,SIA915,10.480423891011007,117.61591216032767,9144.0
1830.0,SIA926,-2.2980346103714173,107.34166519437021,9144.0
1830.0,SIA939,-5.468892724475751,112.24861011623223,9144.0
1830.0,SIA953,-1.0074851960866515,104.38933139388081,9144.0
1830.0,SIA957,-1.1522466664407665,104.3728375946941,9144.0
1830.0,SIA959,-4.086524591000539,105.60706612621851,9144.0
1830.0,SJX731,20.64750631103973,119.50047901492881,9144.0
1830.0,SJX732,3.9066349811531773,107.46114963524931,9144.0
1830.0,TGW12,-3.5812230379064434,106.37253187135686,9144.0
1830.0,TGW139,23.446820593012262,113.8564290392723,9144.0
1830.0,TGW263,-3.3622500998392675,109.61529081344881,9144.0
1830.0,TGW275,-1.6527223929108257,104.63124905670905,9144.0
1830.0,TGW277,-1.9975630418347534,104.7012816929831,9144.0
1830.0,TGW281,-4.8357108903329165,111.2645802176899,9144.0
1830.0,SIA883,17.381602359674346,112.17776844648138,9144.0
1830.0,SIA912,3.253933304416497,106.7667050949729,9144.0
1830.0,SIA915,10.480423891011007,117.61591216032767,9144.0
1830.0,SIA926,-2.2980346103714173,107.34166519437021,9144.0
1830.0,SIA939,-5.468892724475751,112.24861011623223,9144.0
1830.0,SIA953,-1.0074851960866515,104.38933139388081,9144.0
1830.0,SIA957,-1.1522466664407665,104.3728375946941,9144.0
1830.0,SIA959,-4.086524591000539,105.60706612621851,9144.0
1830.0,SJX731,20.64750631103973,119.50047901492881,9144.0
1830.0,SJX732,3.9066349811531773,107.46114963524931,9144.0
1830.0,TGW12,-3.5812230379064434,106.37253187135686,9144.0
1830.0,TGW139,23.446820593012262,113.8564290392723,9144.0
1830.0,TGW263,-3.3622500998392675,109.61529081344881,9144.0
1830.0,TGW275,-1.6527223929108257,104.63124905670905,9144.0
1830.0,TGW277,-1.9975630418347534,104.7012816929831,9144.0
1830.0,TGW281,-4.8357108903329165,111.2645802176899,9144.0
1840.0,SIA883,17.352231916706625,112.16419778763985,9144.0
1840.0,SIA912,3.2830509270757147,106.7818143539531,9144.0
1840.0,SIA915,10.456407929056125,117.5896973317632,9144.0
1840.0,SIA926,-2.3201203699452737,107.36274649628587,9144.0
1840.0,SIA939,-5.447488996977597,112.2229721854194,9144.0
1840.0,SIA953,-0.9767816092385566,104.37717269602865,9144.0
1840.0,SIA957,-1.12051446307854,104.36433778894119,9144.0
1840.0,SIA959,-4.057227331873931,105.5919157601223,9144.0
1840.0,SJX731,20.62526871970771,119.47661365546722,9144.0
1840.0,SJX732,3.9332502934770464,107.47861117016546,9144.0
1840.0,TGW12,-3.61298943205632,106.38587752408814,9144.0
1840.0,TGW139,23.413345229264195,113.85707100278019,9144.0
1840.0,TGW263,-3.3412483555876547,109.59151480108784,9144.0
1840.0,TGW275,-1.6238213571503088,104.62021984137083,9144.0
1840.0,TGW277,-1.9682763607021045,104.69132061187116,9144.0
1840.0,TGW281,-4.8122324158106355,111.24086909998017,9144.0
1840.0,SIA883,17.352231916706625,112.16419778763985,9144.0
1840.0,SIA912,3.2830509270757147,106.7818143539531,9144.0
1840.0,SIA915,10.456407929056125,117.5896973317632,9144.0
1840.0,SIA926,-2.3201203699452737,107.36274649628587,9144.0
1840.0,SIA939,-5.447488996977597,112.2229721854194,9144.0
1840.0,SIA953,-0.9767816092385566,104.37717269602865,9144.0
1840.0,SIA957,-1.12051446307854,104.36433778894119,9144.0
1840.0,SIA959,-4.057227331873931,105.5919157601223,9144.0
1840.0,SJX731,20.62526871970771,119.47661365546722,9144.0
1840.0,SJX732,3.9332502934770464,107.47861117016546,9144.0
1840.0,TGW12,-3.61298943205632,106.38587752408814,9144.0
1840.0,TGW139,23.413345229264195,113.85707100278019,9144.0
1840.0,TGW263,-3.3412483555876547,109.59151480108784,9144.0
1840.0,TGW275,-1.6238213571503088,104.62021984137083,9144.0
1840.0,TGW277,-1.9682763607021045,104.69132061187116,9144.0
1840.0,TGW281,-4.8122324158106355,111.24086909998017,9144.0
1850.0,SIA883,17.32286055636617,112.15063147953423,9144.0
1850.0,SIA912,3.3127280998801174,106.79721514711045,9144.0
1850.0,SIA915,10.432427424577723,117.56352875821874,9144.0
1850.0,SIA926,-2.3422055896502014,107.38382869551948,9144.0
1850.0,SIA939,-5.426083714627893,112.19733647609759,9144.0
1850.0,SIA953,-0.9460779577411048,104.36501427082096,9144.0
1850.0,SIA957,-1.088837780334874,104.35585305559682,9144.0
1850.0,SIA959,-4.027929714390827,105.57676663798289,9144.0
1850.0,SJX731,20.60300695555489,119.4527775226932,9144.0
1850.0,SJX732,3.9601784464584915,107.49558450585128,9144.0
1850.0,TGW12,-3.644755619805768,106.39922413934295,9144.0
1850.0,TGW139,23.37986986288909,113.85771264137483,9144.0
1850.0,TGW263,-3.320233233676378,109.56775115971222,9144.0
1850.0,TGW275,-1.5949185497732772,104.60919542949283,9144.0
1850.0,TGW277,-1.9389896157077684,104.68135989241614,9144.0
1850.0,TGW281,-4.788712618814088,111.21711912631382,9144.0
1850.0,SIA883,17.32286055636617,112.15063147953423,9144.0
1850.0,SIA912,3.3127280998801174,106.79721514711045,9144.0
1850.0,SIA915,10.432427424577723,117.56352875821874,9144.0
1850.0,SIA926,-2.3422055896502014,107.38382869551948,9144.0
1850.0,SIA939,-5.426083714627893,112.19733647609759,9144.0
1850.0,SIA953,-0.9460779577411048,104.36501427082096,9144.0
1850.0,SIA957,-1.088837780334874,104.35585305559682,9144.0
1850.0,SIA959,-4.027929714390827,105.57676663798289,9144.0
1850.0,SJX731,20.60300695555489,119.4527775226932,9144.0
1850.0,SJX732,3.9601784464584915,107.49558450585128,9144.0
1850.0,TGW12,-3.644755619805768,106.39922413934295,9144.0
1850.0,TGW139,23.37986986288909,113.85771264137483,9144.0
1850.0,TGW263,-3.320233233676378,109.56775115971222,9144.0
1850.0,TGW275,-1.5949185497732772,104.60919542949283,9144.0
1850.0,TGW277,-1.9389896157077684,104.68135989241614,9144.0
1850.0,TGW281,-4.788712618814088,111.21711912631382,9144.0
1860.0,SIA883,17.293488280558808,112.13706951316684,9144.0
1860.0,SIA912,3.34243329237202,106.81256210704396,9144.0
1860.0,SIA915,10.407939807489493,117.53785233744938,9144.0
1860.0,SIA926,-2.3642166563078666,107.40498876654911,9144.0
1860.0,SIA939,-5.404653339895944,112.17172283676642,9144.0
1860.0,SIA953,-0.9152577726366106,104.35315453660668,9144.0
1860.0,SIA957,-1.057151099578072,104.34740583800091,9144.0
1860.0,SIA959,-3.997116205963262,105.56502305438678,9144.0
1860.0,SJX731,20.58069988676866,119.42890511167279,9144.0
1860.0,SJX732,3.987056981023042,107.51252790379957,9144.0
1860.0,TGW12,-3.676521544254669,106.4125718572418,9144.0
1860.0,TGW139,23.346390471218506,113.85801557472875,9144.0
1860.0,TGW263,-3.299178755783185,109.54394501740738,9144.0
1860.0,TGW275,-1.5660706137306701,104.59819228598944,9144.0
1860.0,TGW277,-1.9097100661023574,104.67137818911227,9144.0
1860.0,TGW281,-4.765185166958218,111.19337760370225,9144.0
1860.0,SIA883,17.293488280558808,112.13706951316684,9144.0
1860.0,SIA912,3.34243329237202,106.81256210704396,9144.0
1860.0,SIA915,10.407939807489493,117.53785233744938,9144.0
1860.0,SIA926,-2.3642166563078666,107.40498876654911,9144.0
1860.0,SIA939,-5.404653339895944,112.17172283676642,9144.0
1860.0,SIA953,-0.9152577726366106,104.35315453660668,9144.0
1860.0,SIA957,-1.057151099578072,104.34740583800091,9144.0
1860.0,SIA959,-3.997116205963262,105.56502305438678,9144.0
1860.0,SJX731,20.58069988676866,119.42890511167279,9144.0
1860.0,SJX732,3.987056981023042,107.51252790379957,9144.0
1860.0,TGW12,-3.676521544254669,106.4125718572418,9144.0
1860.0,TGW139,23.346390471218506,113.85801557472875,9144.0
1860.0,TGW263,-3.299178755783185,109.54394501740738,9144.0
1860.0,TGW275,-1.5660706137306701,104.59819228598944,9144.0
1860.0,TGW277,-1.9097100661023574,104.67137818911227,9144.0
1860.0,TGW281,-4.765185166958218,111.19337760370225,9144.0
1870.0,SIA883,17.26411509118657,112.12351187955325,9144.0
1870.0,SIA912,3.3716800072931803,106.82767337203042,9144.0
1870.0,SIA915,10.384454646168601,117.51122744308691,9144.0
1870.0,SIA926,-2.386227335466639,107.42614957852784,9144.0
1870.0,SIA939,-5.383221473012129,112.1461113617193,9144.0
1870.0,SIA953,-0.8844375375475697,104.34129503252153,9144.0
1870.0,SIA957,-1.025464393373384,104.33895880080789,9144.0
1870.0,SIA959,-3.9664099234074093,105.55332129434176,9144.0
1870.0,SJX731,20.558205520350338,119.40523756803385,9144.0
1870.0,SJX732,4.01393515881676,107.529472426356,9144.0
1870.0,TGW12,-3.70828739095137,106.42592023852484,9144.0
1870.0,TGW139,23.312968173942433,113.85831783905691,9144.0
1870.0,TGW263,-3.2781053311702406,109.52015620379423,9144.0
1870.0,TGW275,-1.5372226132623956,104.58718946158842,9144.0
1870.0,TGW277,-1.8804304541129753,104.6613968377766,9144.0
1870.0,TGW281,-4.741830147351326,111.1694660717637,9144.0
1870.0,SIA883,17.26411509118657,112.12351187955325,9144.0
1870.0,SIA912,3.3716800072931803,106.82767337203042,9144.0
1870.0,SIA915,10.384454646168601,117.51122744308691,9144.0
1870.0,SIA926,-2.386227335466639,107.42614957852784,9144.0
1870.0,SIA939,-5.383221473012129,112.1461113617193,9144.0
1870.0,SIA953,-0.8844375375475697,104.34129503252153,9144.0
1870.0,SIA957,-1.025464393373384,104.33895880080789,9144.0
1870.0,SIA959,-3.9664099234074093,105.55332129434176,9144.0
1870.0,SJX731,20.558205520350338,119.40523756803385,9144.0
1870.0,SJX732,4.01393515881676,107.529472426356,9144.0
1870.0,TGW12,-3.70828739095137,106.42592023852484,9144.0
1870.0,TGW139,23.312968173942433,113.85831783905691,9144.0
1870.0,TGW263,-3.2781053311702406,109.52015620379423,9144.0
1870.0,TGW275,-1.5372226132623956,104.58718946158842,9144.0
1870.0,TGW277,-1.8804304541129753,104.6613968377766,9144.0
1870.0,TGW281,-4.741830147351326,111.1694660717637,9144.0
1880.0,SIA883,17.234740990147582,112.10995856972255,9144.0
1880.0,SIA912,3.4009089528426615,106.84281955507933,9144.0
1880.0,SIA915,10.3606143776751,117.48524376949331,9144.0
1880.0,SIA926,-2.4082371549552293,107.4473116265407,9144.0
1880.0,SIA939,-5.361862788844864,112.12043918265371,9144.0
1880.0,SIA953,-0.8537183945554726,104.3291761185631,9144.0
1880.0,SIA957,-0.9937786019657677,104.33050841401302,9144.0
1880.0,SIA959,-3.9357034650177822,105.54162043105093,9144.0
1880.0,SJX731,20.53609866682734,119.38116061787728,9144.0
1880.0,SJX732,4.040812974556248,107.54641808571138,9144.0
1880.0,TGW12,-3.7399487999460077,106.43922584271192,9144.0
1880.0,TGW139,23.279546433379856,113.85868583272169,9144.0
1880.0,TGW263,-3.2569925902260906,109.49632490472574,9144.0
1880.0,TGW275,-1.5083742767595183,104.57618766616284,9144.0
1880.0,TGW277,-1.8511366937280604,104.65145729698918,9144.0
1880.0,TGW281,-4.718471087774497,111.14555932008841,9144.0
1880.0,SIA883,17.234740990147582,112.10995856972255,9144.0
1880.0,SIA912,3.4009089528426615,106.84281955507933,9144.0
1880.0,SIA915,10.3606143776751,117.48524376949331,9144.0
1880.0,SIA926,-2.4082371549552293,107.4473116265407,9144.0
1880.0,SIA939,-5.361862788844864,112.12043918265371,9144.0
1880.0,SIA953,-0.8537183945554726,104.3291761185631,9144.0
1880.0,SIA957,-0.9937786019657677,104.33050841401302,9144.0
1880.0,SIA959,-3.9357034650177822,105.54162043105093,9144.0
1880.0,SJX731,20.53609866682734,119.38116061787728,9144.0
1880.0,SJX732,4.040812974556248,107.54641808571138,9144.0
1880.0,TGW12,-3.7399487999460077,106.43922584271192,9144.0
1880.0,TGW139,23.279546433379856,113.85868583272169,9144.0
1880.0,TGW263,-3.2569925902260906,109.49632490472574,9144.0
1880.0,TGW275,-1.5083742767595183,104.57618766616284,9144.0
1880.0,TGW277,-1.8511366937280604,104.65145729698918,9144.0
1880.0,TGW281,-4.718471087774497,111.14555932008841,9144.0
1890.0,SIA883,17.205365979335934,112.0964095747176,9144.0
1890.0,SIA912,3.4300865636014715,106.85794031173941,9144.0
1890.0,SIA915,10.336848167271715,117.4593480538878,9144.0
1890.0,SIA926,-2.4303324245199334,107.46838462578334,9144.0
1890.0,SIA939,-5.3405027639796785,112.094769025317,9144.0
1890.0,SIA953,-0.8229992033558295,104.31705742190815,9144.0
1890.0,SIA957,-0.9619816957932567,104.32202856531048,9144.0
1890.0,SIA959,-3.9051381891241728,105.52955432156584,9144.0
1890.0,SJX731,20.513943073066066,119.35705098454518,9144.0
1890.0,SJX732,4.0676904207938005,107.56336489750679,9144.0
1890.0,TGW12,-3.7716128802927833,106.45252554378769,9144.0
1890.0,TGW139,23.246067597930193,113.85905426985862,9144.0
1890.0,TGW263,-3.2358786983668812,109.47249512673665,9144.0
1890.0,TGW275,-1.4794160471032094,104.5651442947871,9144.0
1890.0,TGW277,-1.8218428735822776,104.64151809545264,9144.0
1890.0,TGW281,-4.694833026137086,111.12193109073185,9144.0
1890.0,SIA883,17.205365979335934,112.0964095747176,9144.0
1890.0,SIA912,3.4300865636014715,106.85794031173941,9144.0
1890.0,SIA915,10.336848167271715,117.4593480538878,9144.0
1890.0,SIA926,-2.4303324245199334,107.46838462578334,9144.0
1890.0,SIA939,-5.3405027639796785,112.094769025317,9144.0
1890.0,SIA953,-0.8229992033558295,104.31705742190815,9144.0
1890.0,SIA957,-0.9619816957932567,104.32202856531048,9144.0
1890.0,SIA959,-3.9051381891241728,105.52955432156584,9144.0
1890.0,SJX731,20.513943073066066,119.35705098454518,9144.0
1890.0,SJX732,4.0676904207938005,107.56336489750679,9144.0
1890.0,TGW12,-3.7716128802927833,106.45252554378769,9144.0
1890.0,TGW139,23.246067597930193,113.85905426985862,9144.0
1890.0,TGW263,-3.2358786983668812,109.47249512673665,9144.0
1890.0,TGW275,-1.4794160471032094,104.5651442947871,9144.0
1890.0,TGW277,-1.8218428735822776,104.64151809545264,9144.0
1890.0,TGW281,-4.694833026137086,111.12193109073185,9144.0
1900.0,SIA883,17.17599006064154,112.08286488559538,9144.0
1900.0,SIA912,3.4588803413449876,106.8737827779985,9144.0
1900.0,SIA915,10.313074036369727,117.4334618085273,9144.0
1900.0,SIA926,-2.4524700460634596,107.48949913903945,9144.0
1900.0,SIA939,-5.319139902397679,112.06910214211265,9144.0
1900.0,SIA953,-0.7922666038023232,104.304972867189,9144.0
1900.0,SIA957,-0.9301847641676829,104.31354888978916,9144.0
1900.0,SIA959,-3.8746797758359928,105.5175313709754,9144.0
1900.0,SJX731,20.491455448812093,119.33329786461299,9144.0
1900.0,SJX732,4.094567484075595,107.58031288695695,9144.0
1900.0,TGW12,-3.803276743666498,106.46582625026038,9144.0
1900.0,TGW139,23.21258801036278,113.85933005026986,9144.0
1900.0,TGW263,-3.214776335358417,109.44865560098081,9144.0
1900.0,TGW275,-1.450466676586167,104.55407784819789,9144.0
1900.0,TGW277,-1.7925232878461825,104.63165539556368,9144.0
1900.0,TGW281,-4.67119266649368,111.09830597458532,9144.0
1900.0,SIA883,17.17599006064154,112.08286488559538,9144.0
1900.0,SIA912,3.4588803413449876,106.8737827779985,9144.0
1900.0,SIA915,10.313074036369727,117.4334618085273,9144.0
1900.0,SIA926,-2.4524700460634596,107.48949913903945,9144.0
1900.0,SIA939,-5.319139902397679,112.06910214211265,9144.0
1900.0,SIA953,-0.7922666038023232,104.304972867189,9144.0
1900.0,SIA957,-0.9301847641676829,104.31354888978916,9144.0
1900.0,SIA959,-3.8746797758359928,105.5175313709754,9144.0
1900.0,SJX731,20.491455448812093,119.33329786461299,9144.0
1900.0,SJX732,4.094567484075595,107.58031288695695,9144.0
1900.0,TGW12,-3.803276743666498,106.46582625026038,9144.0
1900.0,TGW139,23.21258801036278,113.85933005026986,9144.0
1900.0,TGW263,-3.214776335358417,109.44865560098081,9144.0
1900.0,TGW275,-1.450466676586167,104.55407784819789,9144.0
1900.0,TGW277,-1.7925232878461825,104.63165539556368,9144.0
1900.0,TGW281,-4.67119266649368,111.09830597458532,9144.0
1910.0,SIA883,17.146613235949978,112.06932449342737,9144.0
1910.0,SIA912,3.4876738230511912,106.88962626750322,9144.0
1910.0,SIA915,10.289320121087433,117.40755834941443,9144.0
1910.0,SIA926,-2.4746070929790895,107.51061460684903,9144.0
1910.0,SIA939,-5.297732825278663,112.0434733341325,9144.0
1910.0,SIA953,-0.7615339609232773,104.2928885105705,9144.0
1910.0,SIA957,-0.8983876604234426,104.30506993496579,9144.0
1910.0,SIA959,-3.8442211001614237,105.50550951932328,9144.0
1910.0,SJX731,20.468961672911647,119.30955486547138,9144.0
1910.0,SJX732,4.121444118814143,107.59726213049487,9144.0
1910.0,TGW12,-3.834936198006377,106.47913798543293,9144.0
1910.0,TGW139,23.178994341598678,113.85960663148586,9144.0
1910.0,TGW263,-3.1937119504834537,109.42486073791586,9144.0
1910.0,TGW275,-1.4214624061292374,104.54299072862507,9144.0
1910.0,TGW277,-1.7632036454530584,104.62179302092197,9144.0
1910.0,TGW281,-4.647860938230744,111.0743747827298,9144.0
1910.0,SIA883,17.146613235949978,112.06932449342737,9144.0
1910.0,SIA912,3.4876738230511912,106.88962626750322,9144.0
1910.0,SIA915,10.289320121087433,117.40755834941443,9144.0
1910.0,SIA926,-2.4746070929790895,107.51061460684903,9144.0
1910.0,SIA939,-5.297732825278663,112.0434733341325,9144.0
1910.0,SIA953,-0.7615339609232773,104.2928885105705,9144.0
1910.0,SIA957,-0.8983876604234426,104.30506993496579,9144.0
1910.0,SIA959,-3.8442211001614237,105.50550951932328,9144.0
1910.0,SJX731,20.468961672911647,119.30955486547138,9144.0
1910.0,SJX732,4.121444118814143,107.59726213049487,9144.0
1910.0,TGW12,-3.834936198006377,106.47913798543293,9144.0
1910.0,TGW139,23.178994341598678,113.85960663148586,9144.0
1910.0,TGW263,-3.1937119504834537,109.42486073791586,9144.0
1910.0,TGW275,-1.4214624061292374,104.54299072862507,9144.0
1910.0,TGW277,-1.7632036454530584,104.62179302092197,9144.0
1910.0,TGW281,-4.647860938230744,111.0743747827298,9144.0
1920.0,SIA883,17.117235507142336,112.0557883892999,9144.0
1920.0,SIA912,3.514355848623671,106.9088253913793,9144.0
1920.0,SIA915,10.26556405463524,117.3816588753636,9144.0
1920.0,SIA926,-2.4967660496888353,107.53170739212241,9144.0
1920.0,SIA939,-5.276324459987804,112.01784649754583,9144.0
1920.0,SIA953,-0.7307796830621028,104.28085941466362,9144.0
1920.0,SIA957,-0.8667016267642795,104.29662076113188,9144.0
1920.0,SIA959,-3.813783221642775,105.49343530119695,9144.0
1920.0,SJX731,20.446656951114683,119.28561300136684,9144.0
1920.0,SJX732,4.148263382748874,107.61430305420637,9144.0
1920.0,TGW12,-3.8664388818289934,106.4923849007435,9144.0
1920.0,TGW139,23.145400780140076,113.85989815470406,9144.0
1920.0,TGW263,-3.172646879972179,109.40106697022942,9144.0
1920.0,TGW275,-1.3924580681425145,104.53190392366936,9144.0
1920.0,TGW277,-1.7339027751597706,104.6118751161455,9144.0
1920.0,TGW281,-4.624487361902996,111.05040526768704,9144.0
1920.0,SIA883,17.117235507142336,112.0557883892999,9144.0
1920.0,SIA912,3.514355848623671,106.9088253913793,9144.0
1920.0,SIA915,10.26556405463524,117.3816588753636,9144.0
1920.0,SIA926,-2.4967660496888353,107.53170739212241,9144.0
1920.0,SIA939,-5.276324459987804,112.01784649754583,9144.0
1920.0,SIA953,-0.7307796830621028,104.28085941466362,9144.0
1920.0,SIA957,-0.8667016267642795,104.29662076113188,9144.0
1920.0,SIA959,-3.813783221642775,105.49343530119695,9144.0
1920.0,SJX731,20.446656951114683,119.28561300136684,9144.0
1920.0,SJX732,4.148263382748874,107.61430305420637,9144.0
1920.0,TGW12,-3.8664388818289934,106.4923849007435,9144.0
1920.0,TGW139,23.145400780140076,113.85989815470406,9144.0
1920.0,TGW263,-3.172646879972179,109.40106697022942,9144.0
1920.0,TGW275,-1.3924580681425145,104.53190392366936,9144.0
1920.0,TGW277,-1.7339027751597706,104.6118751161455,9144.0
1920.0,TGW281,-4.624487361902996,111.05040526768704,9144.0
1930.0,SIA883,17.087856876094996,112.04225656431466,9144.0
1930.0,SIA912,3.540990724407297,106.92799207264987,9144.0
1930.0,SIA915,10.241805824626226,117.35576339358141,9144.0
1930.0,SIA926,-2.5189673499458247,107.55284165491717,9144.0
1930.0,SIA939,-5.25491412691442,111.99222220146657,9144.0
1930.0,SIA953,-0.700132302776632,104.268872323948,9144.0
1930.0,SIA957,-0.8350118383225337,104.28818575356154,9144.0
1930.0,SIA959,-3.783345107488876,105.48136210559198,9144.0
1930.0,SJX731,20.42430629323669,119.26163566595453,9144.0
1930.0,SJX732,4.175082265688902,107.63134516109442,9144.0
1930.0,TGW12,-3.897941314077019,106.50563291133594,9144.0
1930.0,TGW139,23.111750232758375,113.86019002595303,9144.0
1930.0,TGW263,-3.1515802638545165,109.3772750584751,9144.0
1930.0,TGW275,-1.3634487197073677,104.52083037812608,9144.0
1930.0,TGW277,-1.7044905839787838,104.60191986752262,9144.0
1930.0,TGW281,-4.600872256203899,111.02667602837576,9144.0
1930.0,SIA883,17.087856876094996,112.04225656431466,9144.0
1930.0,SIA912,3.540990724407297,106.92799207264987,9144.0
1930.0,SIA915,10.241805824626226,117.35576339358141,9144.0
1930.0,SIA926,-2.5189673499458247,107.55284165491717,9144.0
1930.0,SIA939,-5.25491412691442,111.99222220146657,9144.0
1930.0,SIA953,-0.700132302776632,104.268872323948,9144.0
1930.0,SIA957,-0.8350118383225337,104.28818575356154,9144.0
1930.0,SIA959,-3.783345107488876,105.48136210559198,9144.0
1930.0,SJX731,20.42430629323669,119.26163566595453,9144.0
1930.0,SJX732,4.175082265688902,107.63134516109442,9144.0
1930.0,TGW12,-3.897941314077019,106.50563291133594,9144.0
1930.0,TGW139,23.111750232758375,113.86019002595303,9144.0
1930.0,TGW263,-3.1515802638545165,109.3772750584751,9144.0
1930.0,TGW275,-1.3634487197073677,104.52083037812608,9144.0
1930.0,TGW277,-1.7044905839787838,104.60191986752262,9144.0
1930.0,TGW281,-4.600872256203899,111.02667602837576,9144.0
1940.0,SIA883,17.058477344679428,112.02872900958913,9144.0
1940.0,SIA912,3.5673441110579867,106.94695800966771,9144.0
1940.0,SIA915,10.218045410067605,117.32987191943518,9144.0
1940.0,SIA926,-2.5411678172119814,107.57397715627782,9144.0
1940.0,SIA939,-5.233449911536217,111.96664428451338,9144.0
1940.0,SIA953,-0.6694865436794959,104.25688116521097,9144.0
1940.0,SIA957,-0.8033220286622171,104.27975089243,9144.0
1940.0,SIA959,-3.752893728112381,105.46932297521965,9144.0
1940.0,SJX731,20.401901946869195,119.23771893361638,9144.0
1940.0,SJX732,4.201900757380846,107.64838847115671,9144.0
1940.0,TGW12,-3.9294181580190464,106.51894238594988,9144.0
1940.0,TGW139,23.078099684835493,113.86048175036296,9144.0
1940.0,TGW263,-3.1305164984468785,109.3534810952388,9144.0
1940.0,TGW275,-1.3342749769072766,104.50969440088564,9144.0
1940.0,TGW277,-1.6750989029325427,104.59190432548361,9144.0
1940.0,TGW281,-4.577296520272489,111.00298913322743,9144.0
1940.0,SIA883,17.058477344679428,112.02872900958913,9144.0
1940.0,SIA912,3.5673441110579867,106.94695800966771,9144.0
1940.0,SIA915,10.218045410067605,117.32987191943518,9144.0
1940.0,SIA926,-2.5411678172119814,107.57397715627782,9144.0
1940.0,SIA939,-5.233449911536217,111.96664428451338,9144.0
1940.0,SIA953,-0.6694865436794959,104.25688116521097,9144.0
1940.0,SIA957,-0.8033220286622171,104.27975089243,9144.0
1940.0,SIA959,-3.752893728112381,105.46932297521965,9144.0
1940.0,SJX731,20.401901946869195,119.23771893361638,9144.0
1940.0,SJX732,4.201900757380846,107.64838847115671,9144.0
1940.0,TGW12,-3.9294181580190464,106.51894238594988,9144.0
1940.0,TGW139,23.078099684835493,113.86048175036296,9144.0
1940.0,TGW263,-3.1305164984468785,109.3534810952388,9144.0
1940.0,TGW275,-1.3342749769072766,104.50969440088564,9144.0
1940.0,TGW277,-1.6750989029325427,104.59190432548361,9144.0
1940.0,TGW281,-4.577296520272489,111.00298913322743,9144.0
1950.0,SIA883,17.02909691476195,112.01520571625724,9144.0
1950.0,SIA912,3.593697497708676,106.96592449254872,9144.0
1950.0,SIA915,10.194282772985355,117.30398448439412,9144.0
1950.0,SIA926,-2.563424637210759,107.59505355485419,9144.0
1950.0,SIA939,-5.211910255585781,111.94098098526405,9144.0
1950.0,SIA953,-0.638787268423852,104.24486923856269,9144.0
1950.0,SIA957,-0.7716636193566546,104.27119897340422,9144.0
1950.0,SIA959,-3.722388607222578,105.45726364293446,9144.0
1950.0,SJX731,20.379451825910316,119.21376665820236,9144.0
1950.0,SJX732,4.2286696470273,107.66540176374237,9144.0
1950.0,TGW12,-3.960842557979603,106.5322308504053,9144.0
1950.0,TGW139,23.04444892105501,113.8607423347588,9144.0
1950.0,TGW263,-3.109451057235661,109.32968909686898,9144.0
1950.0,TGW275,-1.3051085538309757,104.49853938693907,9144.0
1950.0,TGW277,-1.6456516301422544,104.5818701687803,9144.0
1950.0,TGW281,-4.553791724077093,110.97923216981411,9144.0
1950.0,SIA883,17.02909691476195,112.01520571625724,9144.0
1950.0,SIA912,3.593697497708676,106.96592449254872,9144.0
1950.0,SIA915,10.194282772985355,117.30398448439412,9144.0
1950.0,SIA926,-2.563424637210759,107.59505355485419,9144.0
1950.0,SIA939,-5.211910255585781,111.94098098526405,9144.0
1950.0,SIA953,-0.638787268423852,104.24486923856269,9144.0
1950.0,SIA957,-0.7716636193566546,104.27119897340422,9144.0
1950.0,SIA959,-3.722388607222578,105.45726364293446,9144.0
1950.0,SJX731,20.379451825910316,119.21376665820236,9144.0
1950.0,SJX732,4.2286696470273,107.66540176374237,9144.0
1950.0,TGW12,-3.960842557979603,106.5322308504053,9144.0
1950.0,TGW139,23.04444892105501,113.8607423347588,9144.0
1950.0,TGW263,-3.109451057235661,109.32968909686898,9144.0
1950.0,TGW275,-1.3051085538309757,104.49853938693907,9144.0
1950.0,TGW277,-1.6456516301422544,104.5818701687803,9144.0
1950.0,TGW281,-4.553791724077093,110.97923216981411,9144.0
1960.0,SIA883,16.999715588203458,112.00168667546994,9144.0
1960.0,SIA915,10.17051783395731,117.27810115922678,9144.0
1960.0,SIA926,-2.5859376123638977,107.61637361710274,9144.0
1960.0,SIA939,-5.19049246784966,111.91521592257384,9144.0
1960.0,SIA953,-0.6078807417993882,104.23340122372967,9144.0
1960.0,SIA957,-0.740339053975069,104.2627373722642,9144.0
1960.0,SIA959,-3.691848636129348,105.44529363209533,9144.0
1960.0,SJX731,20.35704625615947,119.18977044115796,9144.0
1960.0,SJX732,4.255437807177152,107.68241679996163,9144.0
1960.0,TGW12,-3.9923065460657385,106.54542535721511,9144.0
1960.0,TGW139,23.010912164853877,113.86100190671051,9144.0
1960.0,TGW263,-3.0883526522467277,109.30592688545238,9144.0
1960.0,TGW275,-1.2759420688055692,104.48738466297347,9144.0
1960.0,TGW277,-1.6161919947677923,104.57187254248988,9144.0
1960.0,TGW281,-4.5302859418258565,110.9554769624271,9144.0
1960.0,SIA883,16.999715588203458,112.00168667546994,9144.0
1960.0,SIA915,10.17051783395731,117.27810115922678,9144.0
1960.0,SIA926,-2.5859376123638977,107.61637361710274,9144.0
1960.0,SIA939,-5.19049246784966,111.91521592257384,9144.0
1960.0,SIA953,-0.6078807417993882,104.23340122372967,9144.0
1960.0,SIA957,-0.740339053975069,104.2627373722642,9144.0
1960.0,SIA959,-3.691848636129348,105.44529363209533,9144.0
1960.0,SJX731,20.35704625615947,119.18977044115796,9144.0
1960.0,SJX732,4.255437807177152,107.68241679996163,9144.0
1960.0,TGW12,-3.9923065460657385,106.54542535721511,9144.0
1960.0,TGW139,23.010912164853877,113.86100190671051,9144.0
1960.0,TGW263,-3.0883526522467277,109.30592688545238,9144.0
1960.0,TGW275,-1.2759420688055692,104.48738466297347,9144.0
1960.0,TGW277,-1.6161919947677923,104.57187254248988,9144.0
1960.0,TGW281,-4.5302859418258565,110.9554769624271,9144.0
1970.0,SIA883,16.970333366859112,111.98817187839592,9144.0
1970.0,SIA915,10.146750357195064,117.25222216295322,9144.0
1970.0,SIA926,-2.608450221188057,107.63769444695896,9144.0
1970.0,SIA939,-5.16907289871374,111.88945322613144,9144.0
1970.0,SIA953,-0.5769203791101957,104.22191338063364,9144.0
1970.0,SIA957,-0.7089619938234433,104.25447264658409,9144.0
1970.0,SIA959,-3.6612549075846683,105.43330356111248,9144.0
1970.0,SJX731,20.334636138514423,119.16578253557891,9144.0
1970.0,SJX732,4.2822059673270045,107.69943242955198,9144.0
1970.0,TGW12,-4.023665672309403,106.55857700620197,9144.0
1970.0,TGW139,22.977376546116712,113.86139858374007,9144.0
1970.0,TGW263,-3.0672143521944117,109.2821226840068,9144.0
1970.0,TGW275,-1.246756914890553,104.47627902479118,9144.0
1970.0,TGW277,-1.5867323070262467,104.56187521434602,9144.0
1970.0,TGW281,-4.506825696729458,110.93167727029929,9144.0
1970.0,SIA883,16.970333366859112,111.98817187839592,9144.0
1970.0,SIA915,10.146750357195064,117.25222216295322,9144.0
1970.0,SIA926,-2.608450221188057,107.63769444695896,9144.0
1970.0,SIA939,-5.16907289871374,111.88945322613144,9144.0
1970.0,SIA953,-0.5769203791101957,104.22191338063364,9144.0
1970.0,SIA957,-0.7089619938234433,104.25447264658409,9144.0
1970.0,SIA959,-3.6612549075846683,105.43330356111248,9144.0
1970.0,SJX731,20.334636138514423,119.16578253557891,9144.0
1970.0,SJX732,4.2822059673270045,107.69943242955198,9144.0
1970.0,TGW12,-4.023665672309403,106.55857700620197,9144.0
1970.0,TGW139,22.977376546116712,113.86139858374007,9144.0
1970.0,TGW263,-3.0672143521944117,109.2821226840068,9144.0
1970.0,TGW275,-1.246756914890553,104.47627902479118,9144.0
1970.0,TGW277,-1.5867323070262467,104.56187521434602,9144.0
1970.0,TGW281,-4.506825696729458,110.93167727029929,9144.0
1980.0,SIA883,16.94095025257801,111.97466131622244,9144.0
1980.0,SIA915,10.122974232518896,117.22635328515393,9144.0
1980.0,SIA926,-2.6309624589990084,107.65901605267858,9144.0
1980.0,SIA939,-5.147605438226113,111.86373161955704,9144.0
1980.0,SIA953,-0.5449466306160533,104.21365585119793,9144.0
1980.0,SIA957,-0.6777526255427541,104.2462522109356,9144.0
1980.0,SIA959,-3.6306923409488783,105.42123436687375,9144.0
1980.0,SJX731,20.312150722124557,119.14187838108202,9144.0
1980.0,TGW12,-4.055024572123015,106.57172970609166,9144.0
1980.0,TGW139,22.943955076855342,113.86179371458775,9144.0
1980.0,TGW263,-3.0461158232808057,109.25828359245465,9144.0
1980.0,TGW275,-1.2175169804094228,104.4651528329327,9144.0
1980.0,TGW277,-1.5572733596618769,104.55187584417736,9144.0
1980.0,TGW281,-4.483324313951896,110.90783855277628,9144.0
1980.0,SIA883,16.94095025257801,111.97466131622244,9144.0
1980.0,SIA915,10.122974232518896,117.22635328515393,9144.0
1980.0,SIA926,-2.6309624589990084,107.65901605267858,9144.0
1980.0,SIA939,-5.147605438226113,111.86373161955704,9144.0
1980.0,SIA953,-0.5449466306160533,104.21365585119793,9144.0
1980.0,SIA957,-0.6777526255427541,104.2462522109356,9144.0
1980.0,SIA959,-3.6306923409488783,105.42123436687375,9144.0
1980.0,SJX731,20.312150722124557,119.14187838108202,9144.0
1980.0,TGW12,-4.055024572123015,106.57172970609166,9144.0
1980.0,TGW139,22.943955076855342,113.86179371458775,9144.0
1980.0,TGW263,-3.0461158232808057,109.25828359245465,9144.0
1980.0,TGW275,-1.2175169804094228,104.4651528329327,9144.0
1980.0,TGW277,-1.5572733596618769,104.55187584417736,9144.0
1980.0,TGW281,-4.483324313951896,110.90783855277628,9144.0
1990.0,SIA883,16.91156624720277,111.96115498015622,9144.0
1990.0,SIA915,10.09920954519629,117.2004754791774,9144.0
1990.0,SIA926,-2.6534743206037557,107.68033844305559,9144.0
1990.0,SIA939,-5.126210121536239,111.83809990885432,9144.0
1990.0,SIA953,-0.5131953678925848,104.20545587294198,9144.0
1990.0,SIA957,-0.6465463634876145,104.23802004152272,9144.0
1990.0,SIA959,-3.600076142419255,105.40914488966315,9144.0
1990.0,SJX731,20.28962004036602,119.11793823171693,9144.0
1990.0,TGW12,-4.086358694178135,106.58494213590677,9144.0
1990.0,TGW139,22.91053182032542,113.86191717465717,9144.0
1990.0,TGW263,-3.0249776612131343,109.23440232365861,9144.0
1990.0,TGW275,-1.1882913118977037,104.45398932448384,9144.0
1990.0,TGW277,-1.5279255192260466,104.54191448702362,9144.0
1990.0,TGW281,-4.459817649447751,110.88400584007829,9144.0
1990.0,SIA883,16.91156624720277,111.96115498015622,9144.0
1990.0,SIA915,10.09920954519629,117.2004754791774,9144.0
1990.0,SIA926,-2.6534743206037557,107.68033844305559,9144.0
1990.0,SIA939,-5.126210121536239,111.83809990885432,9144.0
1990.0,SIA953,-0.5131953678925848,104.20545587294198,9144.0
1990.0,SIA957,-0.6465463634876145,104.23802004152272,9144.0
1990.0,SIA959,-3.600076142419255,105.40914488966315,9144.0
1990.0,SJX731,20.28962004036602,119.11793823171693,9144.0
1990.0,TGW12,-4.086358694178135,106.58494213590677,9144.0
1990.0,TGW139,22.91053182032542,113.86191717465717,9144.0
1990.0,TGW263,-3.0249776612131343,109.23440232365861,9144.0
1990.0,TGW275,-1.1882913118977037,104.45398932448384,9144.0
1990.0,TGW277,-1.5279255192260466,104.54191448702362,9144.0
1990.0,TGW281,-4.459817649447751,110.88400584007829,9144.0
2000.0,SIA883,16.88218135256911,111.94765286142457,9144.0
2000.0,SIA915,10.075476939745222,117.17464730033115,9144.0
2000.0,SIA926,-2.6759858000023375,107.7016616277377,9144.0
2000.0,SIA939,-5.104812614133747,111.81247089850626,9144.0
2000.0,SIA953,-0.4810533528444831,104.19895427452424,9144.0
2000.0,SIA957,-0.6151165720654168,104.22972901466723,9144.0
2000.0,SIA959,-3.569459775642517,105.39705624491725,9144.0
2000.0,SJX731,20.267028906509427,119.0940664041425,9144.0
2000.0,TGW12,-4.117744883590196,106.59817768388818,9144.0
2000.0,TGW139,22.87710856370002,113.86204057385487,9144.0
2000.0,TGW263,-3.0038507129151797,109.21051157005483,9144.0
2000.0,TGW275,-1.1590655899049227,104.44282607276799,9144.0
2000.0,TGW277,-1.498577627897213,104.53195341470568,9144.0
2000.0,TGW281,-4.436283494917781,110.86020119848244,9144.0
2000.0,SIA883,16.88218135256911,111.94765286142457,9144.0
2000.0,SIA915,10.075476939745222,117.17464730033115,9144.0
2000.0,SIA926,-2.6759858000023375,107.7016616277377,9144.0
2000.0,SIA939,-5.104812614133747,111.81247089850626,9144.0
2000.0,SIA953,-0.4810533528444831,104.19895427452424,9144.0
2000.0,SIA957,-0.6151165720654168,104.22972901466723,9144.0
2000.0,SIA959,-3.569459775642517,105.39705624491725,9144.0
2000.0,SJX731,20.267028906509427,119.0940664041425,9144.0
2000.0,TGW12,-4.117744883590196,106.59817768388818,9144.0
2000.0,TGW139,22.87710856370002,113.86204057385487,9144.0
2000.0,TGW263,-3.0038507129151797,109.21051157005483,9144.0
2000.0,TGW275,-1.1590655899049227,104.44282607276799,9144.0
2000.0,TGW277,-1.498577627897213,104.53195341470568,9144.0
2000.0,TGW281,-4.436283494917781,110.86020119848244,9144.0
2010.0,SIA883,16.85279557050532,111.9341549512765,9144.0
2010.0,SIA915,10.051732681722948,117.14883207045033,9144.0
2010.0,SIA926,-2.6984968897997295,107.72298561784851,9144.0
2010.0,SIA939,-5.083386489939701,111.7868668518033,9144.0
2010.0,SIA953,-0.448967732281737,104.19246414695161,9144.0
2010.0,SIA957,-0.5829451546898023,104.22508497234921,9144.0
2010.0,SIA959,-3.538843224132438,105.3849684710656,9144.0
2010.0,SJX731,20.244601969499602,119.07002276000132,9144.0
2010.0,TGW12,-4.149130776377384,106.61141446289292,9144.0
2010.0,TGW139,22.84368691588731,113.86241719688623,9144.0
2010.0,TGW263,-2.9826842874456543,109.18657854891924,9144.0
2010.0,TGW275,-1.1298219364154602,104.43171001247516,9144.0
2010.0,TGW277,-1.4692160336585842,104.52203296575526,9144.0
2010.0,TGW281,-4.412745702706048,110.83640093198848,9144.0
2010.0,SIA883,16.85279557050532,111.9341549512765,9144.0
2010.0,SIA915,10.051732681722948,117.14883207045033,9144.0
2010.0,SIA926,-2.6984968897997295,107.72298561784851,9144.0
2010.0,SIA939,-5.083386489939701,111.7868668518033,9144.0
2010.0,SIA953,-0.448967732281737,104.19246414695161,9144.0
2010.0,SIA957,-0.5829451546898023,104.22508497234921,9144.0
2010.0,SIA959,-3.538843224132438,105.3849684710656,9144.0
2010.0,SJX731,20.244601969499602,119.07002276000132,9144.0
2010.0,TGW12,-4.149130776377384,106.61141446289292,9144.0
2010.0,TGW139,22.84368691588731,113.86241719688623,9144.0
2010.0,TGW263,-2.9826842874456543,109.18657854891924,9144.0
2010.0,TGW275,-1.1298219364154602,104.43171001247516,9144.0
2010.0,TGW277,-1.4692160336585842,104.52203296575526,9144.0
2010.0,TGW281,-4.412745702706048,110.83640093198848,9144.0
2020.0,SIA883,16.823408902831694,111.92066124098415,9144.0
2020.0,SIA915,10.02794782817703,117.12297909382637,9144.0
2020.0,SIA926,-2.721007579862392,107.7443104274086,9144.0
2020.0,SIA939,-5.061995257444213,111.76130923486619,9144.0
2020.0,SIA953,-0.41690625957883803,104.18585578128877,9144.0
2020.0,SIA957,-0.550520082136615,104.22280898011059,9144.0
2020.0,SIA959,-3.5082205915323,105.37289656735503,9144.0
2020.0,SJX731,20.22212477362086,119.04594845085371,9144.0
2020.0,TGW12,-4.1805691890355225,106.62452587652335,9144.0
2020.0,TGW139,22.810379565242926,113.86279234778547,9144.0
2020.0,TGW263,-2.961494540522591,109.16266668882548,9144.0
2020.0,TGW275,-1.1005235399826911,104.42057340114569,9144.0
2020.0,TGW277,-1.4399657523916651,104.51215041177072,9144.0
2020.0,TGW281,-4.389216540159852,110.8125928357802,9144.0
2020.0,SIA883,16.823408902831694,111.92066124098415,9144.0
2020.0,SIA915,10.02794782817703,117.12297909382637,9144.0
2020.0,SIA926,-2.721007579862392,107.7443104274086,9144.0
2020.0,SIA939,-5.061995257444213,111.76130923486619,9144.0
2020.0,SIA953,-0.41690625957883803,104.18585578128877,9144.0
2020.0,SIA957,-0.550520082136615,104.22280898011059,9144.0
2020.0,SIA959,-3.5082205915323,105.37289656735503,9144.0
2020.0,SJX731,20.22212477362086,119.04594845085371,9144.0
2020.0,TGW12,-4.1805691890355225,106.62452587652335,9144.0
2020.0,TGW139,22.810379565242926,113.86279234778547,9144.0
2020.0,TGW263,-2.961494540522591,109.16266668882548,9144.0
2020.0,TGW275,-1.1005235399826911,104.42057340114569,9144.0
2020.0,TGW277,-1.4399657523916651,104.51215041177072,9144.0
2020.0,TGW281,-4.389216540159852,110.8125928357802,9144.0
2030.0,SIA883,16.79402135135983,111.90717172184436,9144.0
2030.0,SIA915,10.004160651024637,117.09713021740643,9144.0
2030.0,SIA926,-2.743517853433218,107.76563607744562,9144.0
2030.0,SIA939,-5.040592871651736,111.73576187398406,9144.0
2030.0,SIA953,-0.38473210051246187,104.17922424518353,9144.0
2030.0,SIA957,-0.5185568069856396,104.22056542696068,9144.0
2030.0,SIA959,-3.47759780240904,105.36082545599795,9144.0
2030.0,SJX731,20.199540546099403,119.02199164973496,9144.0
2030.0,TGW12,-4.212059664565302,106.63766034518055,9144.0
2030.0,TGW139,22.777072213708006,113.86316731401101,9144.0
2030.0,TGW263,-2.94026527486337,109.13871264868507,9144.0
2030.0,TGW275,-1.0712234291055773,104.4094414108202,9144.0
2030.0,TGW277,-1.410716802620803,104.50226404080172,9144.0
2030.0,TGW281,-4.365686510091581,110.78878635043537,9144.0
2030.0,SIA883,16.79402135135983,111.90717172184436,9144.0
2030.0,SIA915,10.004160651024637,117.09713021740643,9144.0
2030.0,SIA926,-2.743517853433218,107.76563607744562,9144.0
2030.0,SIA939,-5.040592871651736,111.73576187398406,9144.0
2030.0,SIA953,-0.38473210051246187,104.17922424518353,9144.0
2030.0,SIA957,-0.5185568069856396,104.22056542696068,9144.0
2030.0,SIA959,-3.47759780240904,105.36082545599795,9144.0
2030.0,SJX731,20.199540546099403,119.02199164973496,9144.0
2030.0,TGW12,-4.212059664565302,106.63766034518055,9144.0
2030.0,TGW139,22.777072213708006,113.86316731401101,9144.0
2030.0,TGW263,-2.94026527486337,109.13871264868507,9144.0
2030.0,TGW275,-1.0712234291055773,104.4094414108202,9144.0
2030.0,TGW277,-1.410716802620803,104.50226404080172,9144.0
2030.0,TGW281,-4.365686510091581,110.78878635043537,9144.0
2040.0,SIA883,16.764632917891873,111.8936863851806,9144.0
2040.0,SIA915,9.980370676047285,117.07128588679278,9144.0
2040.0,SIA926,-2.766027669300206,107.78696261485767,9144.0
2040.0,SIA939,-5.019151836286707,111.71017294740172,9144.0
2040.0,SIA953,-0.35255793562251114,104.17259276129388,9144.0
2040.0,SIA957,-0.4865337854735641,104.21946531000235,9144.0
2040.0,SIA959,-3.446974858112148,105.34875513007586,9144.0
2040.0,SJX731,20.17690874471557,118.99800148017835,9144.0
2040.0,TGW12,-4.2434846281275735,106.65095217208231,9144.0
2040.0,TGW139,22.74376326391554,113.86329121177887,9144.0
2040.0,TGW263,-2.919001838522444,109.114789470299,9144.0
2040.0,TGW275,-1.041923273068507,104.39830964438889,9144.0
2040.0,TGW277,-1.3814678079094063,104.49237792586837,9144.0
2040.0,TGW281,-4.342155466612915,110.7649816169746,9144.0
2040.0,SIA883,16.764632917891873,111.8936863851806,9144.0
2040.0,SIA915,9.980370676047285,117.07128588679278,9144.0
2040.0,SIA926,-2.766027669300206,107.78696261485767,9144.0
2040.0,SIA939,-5.019151836286707,111.71017294740172,9144.0
2040.0,SIA953,-0.35255793562251114,104.17259276129388,9144.0
2040.0,SIA957,-0.4865337854735641,104.21946531000235,9144.0
2040.0,SIA959,-3.446974858112148,105.34875513007586,9144.0
2040.0,SJX731,20.17690874471557,118.99800148017835,9144.0
2040.0,TGW12,-4.2434846281275735,106.65095217208231,9144.0
2040.0,TGW139,22.74376326391554,113.86329121177887,9144.0
2040.0,TGW263,-2.919001838522444,109.114789470299,9144.0
2040.0,TGW275,-1.041923273068507,104.39830964438889,9144.0
2040.0,TGW277,-1.3814678079094063,104.49237792586837,9144.0
2040.0,TGW281,-4.342155466612915,110.7649816169746,9144.0
2050.0,SIA883,16.735243604219583,111.88020522234504,9144.0
2050.0,SIA915,9.956584094824253,117.04544022184328,9144.0
2050.0,SIA926,-2.788536319838791,107.80829079151508,9144.0
2050.0,SIA939,-4.997784205845039,111.68452305926304,9144.0
2050.0,SIA953,-0.3204072867850311,104.16584820780707,9144.0
2050.0,SIA957,-0.454758851728311,104.22189484359633,9144.0
2050.0,SIA959,-3.416351759988692,105.33668558267715,9144.0
2050.0,SJX731,20.15432523403136,118.97396319304957,9144.0
2050.0,TGW12,-4.2749615320314325,106.66426726216218,9144.0
2050.0,TGW139,22.71062604637098,113.86341441075261,9144.0
2050.0,TGW263,-2.89766035864006,109.09078074939296,9144.0
2050.0,TGW275,-1.0126631106633777,104.38707324256342,9144.0
2050.0,TGW277,-1.3522187067577105,104.48249224645147,9144.0
2050.0,TGW281,-4.3186022267442965,110.74119971216982,9144.0
2050.0,SIA883,16.735243604219583,111.88020522234504,9144.0
2050.0,SIA915,9.956584094824253,117.04544022184328,9144.0
2050.0,SIA926,-2.788536319838791,107.80829079151508,9144.0
2050.0,SIA939,-4.997784205845039,111.68452305926304,9144.0
2050.0,SIA953,-0.3204072867850311,104.16584820780707,9144.0
2050.0,SIA957,-0.454758851728311,104.22189484359633,9144.0
2050.0,SIA959,-3.416351759988692,105.33668558267715,9144.0
2050.0,SJX731,20.15432523403136,118.97396319304957,9144.0
2050.0,TGW12,-4.2749615320314325,106.66426726216218,9144.0
2050.0,TGW139,22.71062604637098,113.86341441075261,9144.0
2050.0,TGW263,-2.89766035864006,109.09078074939296,9144.0
2050.0,TGW275,-1.0126631106633777,104.38707324256342,9144.0
2050.0,TGW277,-1.3522187067577105,104.48249224645147,9144.0
2050.0,TGW281,-4.3186022267442965,110.74119971216982,9144.0
2060.0,SIA883,16.705853412123275,111.86672822472114,9144.0
2060.0,SIA915,9.932679715610949,117.01947405712919,9144.0
2060.0,SIA926,-2.8111134998011695,107.82954664945332,9144.0
2060.0,SIA939,-4.976451593034727,111.65891946672399,9144.0
2060.0,SIA953,-0.28791971825236207,104.15903302121117,9144.0
2060.0,SIA957,-0.42327424439351136,104.22430215736122,9144.0
2060.0,SIA959,-3.3857285093829814,105.32461680689805,9144.0
2060.0,SJX731,20.13165489939722,118.94984597001414,9144.0
2060.0,TGW12,-4.306430404944087,106.67760197698819,9144.0
2060.0,TGW139,22.67749145256442,113.86388282226696,9144.0
2060.0,TGW263,-2.8763665464310577,109.06673008352293,9144.0
2060.0,TGW275,-0.9833483190085219,104.37581609224186,9144.0
2060.0,TGW277,-1.3229695624050724,104.47260681276053,9144.0
2060.0,TGW281,-4.2950882925018385,110.717460145915,9144.0
2060.0,SIA883,16.705853412123275,111.86672822472114,9144.0
2060.0,SIA915,9.932679715610949,117.01947405712919,9144.0
2060.0,SIA926,-2.8111134998011695,107.82954664945332,9144.0
2060.0,SIA939,-4.976451593034727,111.65891946672399,9144.0
2060.0,SIA953,-0.28791971825236207,104.15903302121117,9144.0
2060.0,SIA957,-0.42327424439351136,104.22430215736122,9144.0
2060.0,SIA959,-3.3857285093829814,105.32461680689805,9144.0
2060.0,SJX731,20.13165489939722,118.94984597001414,9144.0
2060.0,TGW12,-4.306430404944087,106.67760197698819,9144.0
2060.0,TGW139,22.67749145256442,113.86388282226696,9144.0
2060.0,TGW263,-2.8763665464310577,109.06673008352293,9144.0
2060.0,TGW275,-0.9833483190085219,104.37581609224186,9144.0
2060.0,TGW277,-1.3229695624050724,104.47260681276053,9144.0
2060.0,TGW281,-4.2950882925018385,110.717460145915,9144.0
2070.0,SIA883,16.67646234337054,111.85325538372668,9144.0
2070.0,SIA915,9.908792283183713,116.99349371802626,9144.0
2070.0,SIA926,-2.8337330515891024,107.8508436141343,9144.0
2070.0,SIA939,-4.955063170851807,111.63336365970942,9144.0
2070.0,SIA953,-0.25540875798386387,104.15233033072253,9144.0
2070.0,SIA957,-0.3917896362624349,104.22670945130204,9144.0
2070.0,SIA959,-3.3551051076361516,105.31254879584361,9144.0
2070.0,SJX731,20.108963830833613,118.92575437190094,9144.0
2070.0,TGW12,-4.337951172216274,106.6909599836181,9144.0
2070.0,TGW139,22.64441417117381,113.86435019767815,9144.0
2070.0,TGW263,-2.855071915404948,109.0426805919025,9144.0
2070.0,TGW275,-0.9540133525486827,104.36461173310025,9144.0
2070.0,TGW277,-1.2937250601334256,104.46270776272158,9144.0
2070.0,TGW281,-4.271586688835929,110.69370903346712,9144.0
2070.0,SIA883,16.67646234337054,111.85325538372668,9144.0
2070.0,SIA915,9.908792283183713,116.99349371802626,9144.0
2070.0,SIA926,-2.8337330515891024,107.8508436141343,9144.0
2070.0,SIA939,-4.955063170851807,111.63336365970942,9144.0
2070.0,SIA953,-0.25540875798386387,104.15233033072253,9144.0
2070.0,SIA957,-0.3917896362624349,104.22670945130204,9144.0
2070.0,SIA959,-3.3551051076361516,105.31254879584361,9144.0
2070.0,SJX731,20.108963830833613,118.92575437190094,9144.0
2070.0,TGW12,-4.337951172216274,106.6909599836181,9144.0
2070.0,TGW139,22.64441417117381,113.86435019767815,9144.0
2070.0,TGW263,-2.855071915404948,109.0426805919025,9144.0
2070.0,TGW275,-0.9540133525486827,104.36461173310025,9144.0
2070.0,TGW277,-1.2937250601334256,104.46270776272158,9144.0
2070.0,TGW281,-4.271586688835929,110.69370903346712,9144.0
2080.0,SIA883,16.647070399714757,111.83978669081723,9144.0
2080.0,SIA915,9.884902196028172,116.96751778429588,9144.0
2080.0,SIA926,-2.8563521980900246,107.87214142815563,9144.0
2080.0,SIA939,-4.933709957064284,111.60785403024691,9144.0
2080.0,SIA953,-0.22267374946940027,104.14558148526739,9144.0
2080.0,SIA957,-0.360498283659843,104.23094351605282,9144.0
2080.0,SIA959,-3.3244815560856487,105.30048154262903,9144.0
2080.0,SJX731,20.086268218837624,118.90167111853602,9144.0
2080.0,TGW12,-4.369534874346,106.70416818789425,9144.0
2080.0,TGW139,22.61133427107996,113.86447282076482,9144.0
2080.0,TGW263,-2.833761778766674,109.01864531699917,9144.0
2080.0,TGW275,-0.9246783472237738,104.35340756979893,9144.0
2080.0,TGW277,-1.2644805172025586,104.45280894567715,9144.0
2080.0,TGW281,-4.248084146363776,110.66995958082711,9144.0
2080.0,SIA883,16.647070399714757,111.83978669081723,9144.0
2080.0,SIA915,9.884902196028172,116.96751778429588,9144.0
2080.0,SIA926,-2.8563521980900246,107.87214142815563,9144.0
2080.0,SIA939,-4.933709957064284,111.60785403024691,9144.0
2080.0,SIA953,-0.22267374946940027,104.14558148526739,9144.0
2080.0,SIA957,-0.360498283659843,104.23094351605282,9144.0
2080.0,SIA959,-3.3244815560856487,105.30048154262903,9144.0
2080.0,SJX731,20.086268218837624,118.90167111853602,9144.0
2080.0,TGW12,-4.369534874346,106.70416818789425,9144.0
2080.0,TGW139,22.61133427107996,113.86447282076482,9144.0
2080.0,TGW263,-2.833761778766674,109.01864531699917,9144.0
2080.0,TGW275,-0.9246783472237738,104.35340756979893,9144.0
2080.0,TGW277,-1.2644805172025586,104.45280894567715,9144.0
2080.0,TGW281,-4.248084146363776,110.66995958082711,9144.0
2090.0,SIA883,16.617677582893265,111.82632213749059,9144.0
2090.0,SIA915,9.861000114210343,116.94155510746951,9144.0
2090.0,SIA926,-2.878970932606531,107.89344010197641,9144.0
2090.0,SIA939,-4.912380572048048,111.58232514364622,9144.0
2090.0,SIA953,-0.18983128845229072,104.13937663342047,9144.0
2090.0,SIA957,-0.3295544708230411,104.23513052522456,9144.0
2090.0,SIA959,-3.2938578560645766,105.28841504038131,9144.0
2090.0,SJX731,20.06357834481294,118.87758522235248,9144.0
2090.0,TGW12,-4.401118317998115,106.71737757222986,9144.0
2090.0,TGW139,22.578311726448618,113.86459517240483,9144.0
2090.0,TGW263,-2.8124508198310534,108.99461121379935,9144.0
2090.0,TGW275,-0.8953432995853152,104.34220360843014,9144.0
2090.0,TGW277,-1.2352359296312794,104.44291037081254,9144.0
2090.0,TGW281,-4.2245890695144555,110.64620342335995,9144.0
2090.0,SIA883,16.617677582893265,111.82632213749059,9144.0
2090.0,SIA915,9.861000114210343,116.94155510746951,9144.0
2090.0,SIA926,-2.878970932606531,107.89344010197641,9144.0
2090.0,SIA939,-4.912380572048048,111.58232514364622,9144.0
2090.0,SIA953,-0.18983128845229072,104.13937663342047,9144.0
2090.0,SIA957,-0.3295544708230411,104.23513052522456,9144.0
2090.0,SIA959,-3.2938578560645766,105.28841504038131,9144.0
2090.0,SJX731,20.06357834481294,118.87758522235248,9144.0
2090.0,TGW12,-4.401118317998115,106.71737757222986,9144.0
2090.0,TGW139,22.578311726448618,113.86459517240483,9144.0
2090.0,TGW263,-2.8124508198310534,108.99461121379935,9144.0
2090.0,TGW275,-0.8953432995853152,104.34220360843014,9144.0
2090.0,TGW277,-1.2352359296312794,104.44291037081254,9144.0
2090.0,TGW281,-4.2245890695144555,110.64620342335995,9144.0
2100.0,SIA883,16.588283894625206,111.81286171529183,9144.0
2100.0,SIA915,9.837095457373493,116.91559675348634,9144.0
2100.0,SIA926,-2.9015892465169784,107.91473964810416,9144.0
2100.0,SIA939,-4.89108686797074,111.55684206984152,9144.0
2100.0,SIA953,-0.15743896709901178,104.13325684998811,9144.0
2100.0,SIA957,-0.2984246481206878,104.2375768121186,9144.0
2100.0,SIA959,-3.2632340089008602,105.2763492822414,9144.0
2100.0,SJX731,20.040883964759754,118.85350761947389,9144.0
2100.0,TGW12,-4.432701761650231,106.73058751901831,9144.0
2100.0,TGW139,22.545291091762806,113.86499870747903,9144.0
2100.0,TGW263,-2.791116392035679,108.97059842872272,9144.0
2100.0,TGW275,-0.8659798709044079,104.33107434663876,9144.0
2100.0,TGW277,-1.2059861433025276,104.43302728323869,9144.0
2100.0,TGW281,-4.201093190339257,110.62244878132104,9144.0
2100.0,SIA883,16.588283894625206,111.81286171529183,9144.0
2100.0,SIA915,9.837095457373493,116.91559675348634,9144.0
2100.0,SIA926,-2.9015892465169784,107.91473964810416,9144.0
2100.0,SIA939,-4.89108686797074,111.55684206984152,9144.0
2100.0,SIA953,-0.15743896709901178,104.13325684998811,9144.0
2100.0,SIA957,-0.2984246481206878,104.2375768121186,9144.0
2100.0,SIA959,-3.2632340089008602,105.2763492822414,9144.0
2100.0,SJX731,20.040883964759754,118.85350761947389,9144.0
2100.0,TGW12,-4.432701761650231,106.73058751901831,9144.0
2100.0,TGW139,22.545291091762806,113.86499870747903,9144.0
2100.0,TGW263,-2.791116392035679,108.97059842872272,9144.0
2100.0,TGW275,-0.8659798709044079,104.33107434663876,9144.0
2100.0,TGW277,-1.2059861433025276,104.43302728323869,9144.0
2100.0,TGW281,-4.201093190339257,110.62244878132104,9144.0
2110.0,SIA883,16.55888933660885,111.79940541581969,9144.0
2110.0,SIA915,9.813161644280154,116.88966796377609,9144.0
2110.0,SIA926,-2.924207127136024,107.93604008337226,9144.0
2110.0,SIA939,-4.8697918649284615,111.53136089812665,9144.0
2110.0,SIA953,-0.12504674619451223,104.12713654342497,9144.0
2110.0,SIA957,-0.2672431705702227,104.23591382184826,9144.0
2110.0,SIA959,-3.2326100159161615,105.26428426136691,9144.0
2110.0,SJX731,20.018159912223926,118.8294652239922,9144.0
2110.0,TGW139,22.51227045606881,113.865402049392,9144.0
2110.0,TGW263,-2.7698583333438793,108.9466735537164,9144.0
2110.0,TGW275,-0.8365071621850759,104.31990386595446,9144.0
2110.0,TGW277,-1.176792054767791,104.4231632480925,9144.0
2110.0,TGW281,-4.1775964585506005,110.5986957007145,9144.0
2110.0,SIA883,16.55888933660885,111.79940541581969,9144.0
2110.0,SIA915,9.813161644280154,116.88966796377609,9144.0
2110.0,SIA926,-2.924207127136024,107.93604008337226,9144.0
2110.0,SIA939,-4.8697918649284615,111.53136089812665,9144.0
2110.0,SIA953,-0.12504674619451223,104.12713654342497,9144.0
2110.0,SIA957,-0.2672431705702227,104.23591382184826,9144.0
2110.0,SIA959,-3.2326100159161615,105.26428426136691,9144.0
2110.0,SJX731,20.018159912223926,118.8294652239922,9144.0
2110.0,TGW139,22.51227045606881,113.865402049392,9144.0
2110.0,TGW263,-2.7698583333438793,108.9466735537164,9144.0
2110.0,TGW275,-0.8365071621850759,104.31990386595446,9144.0
2110.0,TGW277,-1.176792054767791,104.4231632480925,9144.0
2110.0,TGW281,-4.1775964585506005,110.5986957007145,9144.0
2120.0,SIA883,16.529493910518315,111.78595323073435,9144.0
2120.0,SIA915,9.789225309968254,116.86374344220249,9144.0
2120.0,SIA926,-2.946824550533818,107.95734143658406,9144.0
2120.0,SIA939,-4.8484638178471355,111.50590838454056,9144.0
2120.0,SIA953,-0.09322051203101905,104.12112319234221,9144.0
2120.0,SIA957,-0.23637333696197244,104.23016081778039,9144.0
2120.0,SIA959,-3.2019858784244364,105.2522199709358,9144.0
2120.0,SJX731,19.99551381655349,118.8055181097877,9144.0
2120.0,TGW139,22.479248561107447,113.86565739656098,9144.0
2120.0,TGW263,-2.748606454973659,108.92274360364641,9144.0
2120.0,TGW275,-0.807079354205132,104.30861568621872,9144.0
2120.0,TGW277,-1.1476120854211793,104.41325760808994,9144.0
2120.0,TGW281,-4.154098546002204,110.57494450390368,9144.0
2120.0,SIA883,16.529493910518315,111.78595323073435,9144.0
2120.0,SIA915,9.789225309968254,116.86374344220249,9144.0
2120.0,SIA926,-2.946824550533818,107.95734143658406,9144.0
2120.0,SIA939,-4.8484638178471355,111.50590838454056,9144.0
2120.0,SIA953,-0.09322051203101905,104.12112319234221,9144.0
2120.0,SIA957,-0.23637333696197244,104.23016081778039,9144.0
2120.0,SIA959,-3.2019858784244364,105.2522199709358,9144.0
2120.0,SJX731,19.99551381655349,118.8055181097877,9144.0
2120.0,TGW139,22.479248561107447,113.86565739656098,9144.0
2120.0,TGW263,-2.748606454973659,108.92274360364641,9144.0
2120.0,TGW275,-0.807079354205132,104.30861568621872,9144.0
2120.0,TGW277,-1.1476120854211793,104.41325760808994,9144.0
2120.0,TGW281,-4.154098546002204,110.57494450390368,9144.0
2130.0,SIA883,16.50009761799948,111.77250515176719,9144.0
2130.0,SIA915,9.765267318436084,116.83784139614754,9144.0
2130.0,SIA926,-2.9694414331758003,107.97864379999311,9144.0
2130.0,SIA939,-4.827134499879154,111.48045774551414,9144.0
2130.0,SIA953,-0.061430641430886744,104.11492047938688,9144.0
2130.0,SIA957,-0.20576931180619987,104.22028540102369,9144.0
2130.0,SIA959,-3.1713615977299874,105.24015640415134,9144.0
2130.0,SJX731,19.972944103567986,118.7814929169137,9144.0
2130.0,TGW139,22.446226665743616,113.86591262193865,9144.0
2130.0,TGW263,-2.7273924537916114,108.89885816575621,9144.0
2130.0,TGW275,-0.7776515097815312,104.29732768169289,9144.0
2130.0,TGW277,-1.1184320794993055,104.40335217564692,9144.0
2130.0,TGW281,-4.130606813078786,110.55118786816948,9144.0
2130.0,SIA883,16.50009761799948,111.77250515176719,9144.0
2130.0,SIA915,9.765267318436084,116.83784139614754,9144.0
2130.0,SIA926,-2.9694414331758003,107.97864379999311,9144.0
2130.0,SIA939,-4.827134499879154,111.48045774551414,9144.0
2130.0,SIA953,-0.061430641430886744,104.11492047938688,9144.0
2130.0,SIA957,-0.20576931180619987,104.22028540102369,9144.0
2130.0,SIA959,-3.1713615977299874,105.24015640415134,9144.0
2130.0,SJX731,19.972944103567986,118.7814929169137,9144.0
2130.0,TGW139,22.446226665743616,113.86591262193865,9144.0
2130.0,TGW263,-2.7273924537916114,108.89885816575621,9144.0
2130.0,TGW275,-0.7776515097815312,104.29732768169289,9144.0
2130.0,TGW277,-1.1184320794993055,104.40335217564692,9144.0
2130.0,TGW281,-4.130606813078786,110.55118786816948,9144.0
2140.0,SIA883,16.470700460664812,111.75906117073303,9144.0
2140.0,SIA915,9.74130688043988,116.81194354186256,9144.0
2140.0,SIA926,-2.991869884821672,108.00014543503646,9144.0
2140.0,SIA939,-4.805801447571271,111.45501105726284,9144.0
2140.0,SIA953,-0.029811100156627114,104.10875100852115,9144.0
2140.0,SIA957,-0.17667467881975835,104.20658747893795,9144.0
2140.0,SIA959,-3.140737175124757,105.22809355424899,9144.0
2140.0,SJX731,19.950411313271307,118.75751931265383,9144.0
2140.0,TGW139,22.413204277695918,113.86607704505424,9144.0
2140.0,TGW263,-2.7062034095338365,108.87495095484114,9144.0
2140.0,TGW275,-0.7481995942924441,104.28610272015443,9144.0
2140.0,TGW277,-1.0892519984026918,104.39344706194461,9144.0
2140.0,TGW281,-4.106993644680729,110.52731081505227,9144.0
2140.0,SIA883,16.470700460664812,111.75906117073303,9144.0
2140.0,SIA915,9.74130688043988,116.81194354186256,9144.0
2140.0,SIA926,-2.991869884821672,108.00014543503646,9144.0
2140.0,SIA939,-4.805801447571271,111.45501105726284,9144.0
2140.0,SIA953,-0.029811100156627114,104.10875100852115,9144.0
2140.0,SIA957,-0.17667467881975835,104.20658747893795,9144.0
2140.0,SIA959,-3.140737175124757,105.22809355424899,9144.0
2140.0,SJX731,19.950411313271307,118.75751931265383,9144.0
2140.0,TGW139,22.413204277695918,113.86607704505424,9144.0
2140.0,TGW263,-2.7062034095338365,108.87495095484114,9144.0
2140.0,TGW275,-0.7481995942924441,104.28610272015443,9144.0
2140.0,TGW277,-1.0892519984026918,104.39344706194461,9144.0
2140.0,TGW281,-4.106993644680729,110.52731081505227,9144.0
2150.0,SIA883,16.44130244008676,111.7456212795459,9144.0
2150.0,SIA915,9.717337186634177,116.78605636350905,9144.0
2150.0,SIA926,-3.0143825736820995,108.02172925998488,9144.0
2150.0,SIA939,-4.7844303644016,111.42952215398356,9144.0
2150.0,SIA953,0.0018264560543256314,104.1026745961018,9144.0
2150.0,SIA957,-0.14625775795083482,104.19417926681922,9144.0
2150.0,SIA959,-3.110112611884464,105.21603141450622,9144.0
2150.0,SJX731,19.92782479908659,118.73360641331618,9144.0
2150.0,TGW139,22.380124534197627,113.86624167538223,9144.0
2150.0,TGW263,-2.685052451233002,108.85108811166869,9144.0
2150.0,TGW275,-0.718693118669083,104.27485713722636,9144.0
2150.0,TGW277,-1.0600702622804772,104.38354692157307,9144.0
2150.0,TGW281,-4.083379361684879,110.50343557447671,9144.0
2150.0,SIA883,16.44130244008676,111.7456212795459,9144.0
2150.0,SIA915,9.717337186634177,116.78605636350905,9144.0
2150.0,SIA926,-3.0143825736820995,108.02172925998488,9144.0
2150.0,SIA939,-4.7844303644016,111.42952215398356,9144.0
2150.0,SIA953,0.0018264560543256314,104.1026745961018,9144.0
2150.0,SIA957,-0.14625775795083482,104.19417926681922,9144.0
2150.0,SIA959,-3.110112611884464,105.21603141450622,9144.0
2150.0,SJX731,19.92782479908659,118.73360641331618,9144.0
2150.0,TGW139,22.380124534197627,113.86624167538223,9144.0
2150.0,TGW263,-2.685052451233002,108.85108811166869,9144.0
2150.0,TGW275,-0.718693118669083,104.27485713722636,9144.0
2150.0,TGW277,-1.0600702622804772,104.38354692157307,9144.0
2150.0,TGW281,-4.083379361684879,110.50343557447671,9144.0
2160.0,SIA883,16.411903557789106,111.73218547023956,9144.0
2160.0,SIA915,9.693426113562932,116.76011529475302,9144.0
2160.0,SIA926,-3.036894566173038,108.04331426152928,9144.0
2160.0,SIA939,-4.763057517847486,111.40403553363623,9144.0
2160.0,SIA953,0.03295068218309294,104.09669677589417,9144.0
2160.0,SIA957,-0.11562819315489414,104.18168434784552,9144.0
2160.0,SIA959,-3.0794879092628804,105.20396997825709,9144.0
2160.0,SJX731,19.905234200148602,118.70970129530521,9144.0
2160.0,TGW139,22.347063122820686,113.86503979957203,9144.0
2160.0,TGW263,-2.6639010090997655,108.82722610978608,9144.0
2160.0,TGW275,-0.6892049766222468,104.2635636313559,9144.0
2160.0,TGW277,-1.0308327676068152,104.37362810610102,9144.0
2160.0,TGW281,-4.059741241465309,110.47958475492229,9144.0
2160.0,SIA883,16.411903557789106,111.73218547023956,9144.0
2160.0,SIA915,9.693426113562932,116.76011529475302,9144.0
2160.0,SIA926,-3.036894566173038,108.04331426152928,9144.0
2160.0,SIA939,-4.763057517847486,111.40403553363623,9144.0
2160.0,SIA953,0.03295068218309294,104.09669677589417,9144.0
2160.0,SIA957,-0.11562819315489414,104.18168434784552,9144.0
2160.0,SIA959,-3.0794879092628804,105.20396997825709,9144.0
2160.0,SJX731,19.905234200148602,118.70970129530521,9144.0
2160.0,TGW139,22.347063122820686,113.86503979957203,9144.0
2160.0,TGW263,-2.6639010090997655,108.82722610978608,9144.0
2160.0,TGW275,-0.6892049766222468,104.2635636313559,9144.0
2160.0,TGW277,-1.0308327676068152,104.37362810610102,9144.0
2160.0,TGW281,-4.059741241465309,110.47958475492229,9144.0
2170.0,SIA883,16.382503815235538,111.71875373499472,9144.0
2170.0,SIA915,9.669509451009228,116.7341813764584,9144.0
2170.0,SIA926,-3.059498742446472,108.06480288661044,9144.0
2170.0,SIA939,-4.741720779991019,111.37851925655961,9144.0
2170.0,SIA953,0.06405055504095183,104.09059352024606,9144.0
2170.0,SIA957,-0.0849986203826589,104.16918946011936,9144.0
2170.0,SIA959,-3.04886306848299,105.19190923891476,9144.0
2170.0,SJX731,19.882624512509057,118.6858200093712,9144.0
2170.0,TGW139,22.314116386890834,113.8638426602516,9144.0
2170.0,TGW263,-2.6427490844588295,108.8033649447626,9144.0
2170.0,TGW275,-0.6597168041896849,104.25227027325978,9144.0
2170.0,TGW277,-1.0015729277352057,104.36377551334755,9144.0
2170.0,TGW281,-4.0360620720865485,110.45569493486784,9144.0
2170.0,SIA883,16.382503815235538,111.71875373499472,9144.0
2170.0,SIA915,9.669509451009228,116.7341813764584,9144.0
2170.0,SIA926,-3.059498742446472,108.06480288661044,9144.0
2170.0,SIA939,-4.741720779991019,111.37851925655961,9144.0
2170.0,SIA953,0.06405055504095183,104.09059352024606,9144.0
2170.0,SIA957,-0.0849986203826589,104.16918946011936,9144.0
2170.0,SIA959,-3.04886306848299,105.19190923891476,9144.0
2170.0,SJX731,19.882624512509057,118.6858200093712,9144.0
2170.0,TGW139,22.314116386890834,113.8638426602516,9144.0
2170.0,TGW263,-2.6427490844588295,108.8033649447626,9144.0
2170.0,TGW275,-0.6597168041896849,104.25227027325978,9144.0
2170.0,TGW277,-1.0015729277352057,104.36377551334755,9144.0
2170.0,TGW281,-4.0360620720865485,110.45569493486784,9144.0
2180.0,SIA883,16.353103213814098,111.70532606617601,9144.0
2180.0,SIA915,9.645594458843219,116.70824771518242,9144.0
2180.0,SIA926,-3.081931955602275,108.0861308398455,9144.0
2180.0,SIA939,-4.720345922211748,111.35296088096536,9144.0
2180.0,SIA953,0.09446166748028846,104.08462542488562,9144.0
2180.0,SIA957,-0.05331758703533982,104.15967080431022,9144.0
2180.0,SIA959,-3.018238090722558,105.17984919000823,9144.0
2180.0,SJX731,19.85997011674556,118.66190230900808,9144.0
2180.0,TGW139,22.281212085160067,113.86167564576346,9144.0
2180.0,TGW263,-2.6215966778114703,108.77950461289917,9144.0
2180.0,TGW275,-0.6301727238321532,104.24112407720706,9144.0
2180.0,TGW277,-0.9722573308204925,104.35390436286134,9144.0
2180.0,TGW281,-4.012381087343506,110.43180761785102,9144.0
2180.0,SIA883,16.353103213814098,111.70532606617601,9144.0
2180.0,SIA915,9.645594458843219,116.70824771518242,9144.0
2180.0,SIA926,-3.081931955602275,108.0861308398455,9144.0
2180.0,SIA939,-4.720345922211748,111.35296088096536,9144.0
2180.0,SIA953,0.09446166748028846,104.08462542488562,9144.0
2180.0,SIA957,-0.05331758703533982,104.15967080431022,9144.0
2180.0,SIA959,-3.018238090722558,105.17984919000823,9144.0
2180.0,SJX731,19.85997011674556,118.66190230900808,9144.0
2180.0,TGW139,22.281212085160067,113.86167564576346,9144.0
2180.0,TGW263,-2.6215966778114703,108.77950461289917,9144.0
2180.0,TGW275,-0.6301727238321532,104.24112407720706,9144.0
2180.0,TGW277,-0.9722573308204925,104.35390436286134,9144.0
2180.0,TGW281,-4.012381087343506,110.43180761785102,9144.0
2190.0,SIA883,16.323701754815588,111.69190245638337,9144.0
2190.0,SIA915,9.621636896893284,116.68227836758804,9144.0
2190.0,SIA926,-3.1044178353545604,108.10740354980425,9144.0
2190.0,SIA939,-4.698957405979508,111.32741479795087,9144.0
2190.0,SIA953,0.12487970064746545,104.07869269780105,9144.0
2190.0,SIA957,-0.021911560086262605,104.15023478725098,9144.0
2190.0,SIA959,-2.987612977088894,105.16778982524657,9144.0
2190.0,SJX731,19.8373120865834,118.63799191435628,9144.0
2190.0,TGW139,22.248365078908147,113.85951342465744,9144.0
2190.0,TGW263,-2.600443788314256,108.75564511169154,9144.0
2190.0,TGW275,-0.6005740577056071,104.22995742748357,9144.0
2190.0,TGW277,-0.9429348187221577,104.34405386329196,9144.0
2190.0,TGW281,-3.989089695280803,110.40753910826878,9144.0
2190.0,SIA883,16.323701754815588,111.69190245638337,9144.0
2190.0,SIA915,9.621636896893284,116.68227836758804,9144.0
2190.0,SIA926,-3.1044178353545604,108.10740354980425,9144.0
2190.0,SIA939,-4.698957405979508,111.32741479795087,9144.0
2190.0,SIA953,0.12487970064746545,104.07869269780105,9144.0
2190.0,SIA957,-0.021911560086262605,104.15023478725098,9144.0
2190.0,SIA959,-2.987612977088894,105.16778982524657,9144.0
2190.0,SJX731,19.8373120865834,118.63799191435628,9144.0
2190.0,TGW139,22.248365078908147,113.85951342465744,9144.0
2190.0,TGW263,-2.600443788314256,108.75564511169154,9144.0
2190.0,TGW275,-0.6005740577056071,104.22995742748357,9144.0
2190.0,TGW277,-0.9429348187221577,104.34405386329196,9144.0
2190.0,TGW281,-3.989089695280803,110.40753910826878,9144.0
2200.0,SIA883,16.29429943940259,111.67848289852576,9144.0
2200.0,SIA915,9.597704307934228,116.65628718085252,9144.0
2200.0,SIA926,-3.1267748395738613,108.12855594293035,9144.0
2200.0,SIA939,-4.677567597599358,111.30187058622174,9144.0
2200.0,SIA953,0.15466124462303815,104.07288409822195,9144.0
2200.0,SIA957,0.009001018927425684,104.13928995306652,9144.0
2200.0,SIA959,-2.9569877285703146,105.1557311386426,9144.0
2200.0,SJX731,19.814649868760913,118.61408941411844,9144.0
2200.0,TGW139,22.21551418056215,113.85742185673124,9144.0
2200.0,TGW263,-2.579290412699727,108.73178644078934,9144.0
2200.0,TGW275,-0.5709753618303222,104.21879091560022,9144.0
2200.0,TGW277,-0.9136122649080084,104.3342035696159,9144.0
2200.0,TGW281,-3.96571841783907,110.38318984102806,9144.0
2200.0,SIA883,16.29429943940259,111.67848289852576,9144.0
2200.0,SIA915,9.597704307934228,116.65628718085252,9144.0
2200.0,SIA926,-3.1267748395738613,108.12855594293035,9144.0
2200.0,SIA939,-4.677567597599358,111.30187058622174,9144.0
2200.0,SIA953,0.15466124462303815,104.07288409822195,9144.0
2200.0,SIA957,0.009001018927425684,104.13928995306652,9144.0
2200.0,SIA959,-2.9569877285703146,105.1557311386426,9144.0
2200.0,SJX731,19.814649868760913,118.61408941411844,9144.0
2200.0,TGW139,22.21551418056215,113.85742185673124,9144.0
2200.0,TGW263,-2.579290412699727,108.73178644078934,9144.0
2200.0,TGW275,-0.5709753618303222,104.21879091560022,9144.0
2200.0,TGW277,-0.9136122649080084,104.3342035696159,9144.0
2200.0,TGW281,-3.96571841783907,110.38318984102806,9144.0
2210.0,SIA883,16.264896268563408,111.66506738593068,9144.0
2210.0,SIA915,9.573767953168014,116.63030139477868,9144.0
2210.0,SIA926,-3.149327360124847,108.14949957963363,9144.0
2210.0,SIA939,-4.656231372928271,111.27628207925659,9144.0
2210.0,SIA953,0.18446249013892443,104.06717743123987,9144.0
2210.0,SIA957,0.03969640995975919,104.12842201571131,9144.0
2210.0,SIA959,-2.9263623459294337,105.1436731247845,9144.0
2210.0,SJX731,19.791996222839025,118.59018113927853,9144.0
2210.0,TGW139,22.182663255425936,113.85533126901989,9144.0
2210.0,TGW263,-2.5581365426194305,108.70792860435691,9144.0
2210.0,TGW275,-0.5401789343923737,104.21155585427853,9144.0
2210.0,TGW277,-0.8843333141807661,104.32422446420597,9144.0
2210.0,TGW281,-3.9435085314194884,110.35777244218959,9144.0
2210.0,SIA883,16.264896268563408,111.66506738593068,9144.0
2210.0,SIA915,9.573767953168014,116.63030139477868,9144.0
2210.0,SIA926,-3.149327360124847,108.14949957963363,9144.0
2210.0,SIA939,-4.656231372928271,111.27628207925659,9144.0
2210.0,SIA953,0.18446249013892443,104.06717743123987,9144.0
2210.0,SIA957,0.03969640995975919,104.12842201571131,9144.0
2210.0,SIA959,-2.9263623459294337,105.1436731247845,9144.0
2210.0,SJX731,19.791996222839025,118.59018113927853,9144.0
2210.0,TGW139,22.182663255425936,113.85533126901989,9144.0
2210.0,TGW263,-2.5581365426194305,108.70792860435691,9144.0
2210.0,TGW275,-0.5401789343923737,104.21155585427853,9144.0
2210.0,TGW277,-0.8843333141807661,104.32422446420597,9144.0
2210.0,TGW281,-3.9435085314194884,110.35777244218959,9144.0
2220.0,SIA883,16.235492243040557,111.6516559125144,9144.0
2220.0,SIA915,9.54976583081596,116.604379902726,9144.0
2220.0,SIA926,-3.171836181940208,108.17040409326827,9144.0
2220.0,SIA939,-4.63489389475756,111.25069539877204,9144.0
2220.0,SIA953,0.2136219513838447,104.06159364148272,9144.0
2220.0,SIA957,0.07061196465831619,104.11819716007614,9144.0
2220.0,SIA959,-2.895736829413764,105.1316157795729,9144.0
2220.0,SJX731,19.769173783441783,118.56610691664419,9144.0
2220.0,TGW139,22.14981230277091,113.85324167384664,9144.0
2220.0,TGW263,-2.536982155866826,108.6840716188721,9144.0
2220.0,TGW275,-0.5092154248301913,104.20507312355602,9144.0
2220.0,TGW277,-0.855054328866098,104.314245537711,9144.0
2220.0,TGW281,-3.9213352870295752,110.33239943526553,9144.0
2220.0,SIA883,16.235492243040557,111.6516559125144,9144.0
2220.0,SIA915,9.54976583081596,116.604379902726,9144.0
2220.0,SIA926,-3.171836181940208,108.17040409326827,9144.0
2220.0,SIA939,-4.63489389475756,111.25069539877204,9144.0
2220.0,SIA953,0.2136219513838447,104.06159364148272,9144.0
2220.0,SIA957,0.07061196465831619,104.11819716007614,9144.0
2220.0,SIA959,-2.895736829413764,105.1316157795729,9144.0
2220.0,SJX731,19.769173783441783,118.56610691664419,9144.0
2220.0,TGW139,22.14981230277091,113.85324167384664,9144.0
2220.0,TGW263,-2.536982155866826,108.6840716188721,9144.0
2220.0,TGW275,-0.5092154248301913,104.20507312355602,9144.0
2220.0,TGW277,-0.855054328866098,104.314245537711,9144.0
2220.0,TGW281,-3.9213352870295752,110.33239943526553,9144.0
2230.0,SIA883,16.206087363213282,111.63824847306141,9144.0
2230.0,SIA915,9.525722035684725,116.57842193077843,9144.0
2230.0,SIA926,-3.1943440057192047,108.19131014150311,9144.0
2230.0,SIA939,-4.613957905649181,111.22477779094488,9144.0
2230.0,SIA953,0.24275433513085712,104.0558702456401,9144.0
2230.0,SIA957,0.10092297583806993,104.108172234989,9144.0
2230.0,SIA959,-2.8651111776002667,105.11955910316317,9144.0
2230.0,SJX731,19.74636524048429,118.54202127167433,9144.0
2230.0,TGW139,22.11695702086336,113.85123345805935,9144.0
2230.0,TGW263,-2.515827159935231,108.66021556327698,9144.0
2230.0,TGW275,-0.47836609866582747,104.19861436318364,9144.0
2230.0,TGW277,-0.8257713116137512,104.3042785264491,9144.0
2230.0,TGW281,-3.8991610667055427,110.30702795641444,9144.0
2230.0,SIA883,16.206087363213282,111.63824847306141,9144.0
2230.0,SIA915,9.525722035684725,116.57842193077843,9144.0
2230.0,SIA926,-3.1943440057192047,108.19131014150311,9144.0
2230.0,SIA939,-4.613957905649181,111.22477779094488,9144.0
2230.0,SIA953,0.24275433513085712,104.0558702456401,9144.0
2230.0,SIA957,0.10092297583806993,104.108172234989,9144.0
2230.0,SIA959,-2.8651111776002667,105.11955910316317,9144.0
2230.0,SJX731,19.74636524048429,118.54202127167433,9144.0
2230.0,TGW139,22.11695702086336,113.85123345805935,9144.0
2230.0,TGW263,-2.515827159935231,108.66021556327698,9144.0
2230.0,TGW275,-0.47836609866582747,104.19861436318364,9144.0
2230.0,TGW277,-0.8257713116137512,104.3042785264491,9144.0
2230.0,TGW281,-3.8991610667055427,110.30702795641444,9144.0
2240.0,SIA883,16.176681628890215,111.62484506371771,9144.0
2240.0,SIA915,9.501714897860877,116.55243092377547,9144.0
2240.0,SIA926,-3.2165541977257837,108.21253355704724,9144.0
2240.0,SIA939,-4.593020726525638,111.19886191325665,9144.0
2240.0,SIA953,0.27147610760929947,104.05022749464659,9144.0
2240.0,SIA957,0.13116427316544968,104.09793892200206,9144.0
2240.0,SIA959,-2.8344853725122476,105.10750313786598,9144.0
2240.0,SJX731,19.72355260083583,118.51794344624948,9144.0
2240.0,TGW139,22.084159090344706,113.84922968777991,9144.0
2240.0,TGW263,-2.494695225490028,108.63633942305529,9144.0
2240.0,TGW275,-0.4475167655304236,104.19215566420824,9144.0
2240.0,TGW277,-0.7964882664582714,104.29431166930291,9144.0
2240.0,TGW281,-3.8769819418037397,110.28166145220271,9144.0
2240.0,SIA883,16.176681628890215,111.62484506371771,9144.0
2240.0,SIA915,9.501714897860877,116.55243092377547,9144.0
2240.0,SIA926,-3.2165541977257837,108.21253355704724,9144.0
2240.0,SIA939,-4.593020726525638,111.19886191325665,9144.0
2240.0,SIA953,0.27147610760929947,104.05022749464659,9144.0
2240.0,SIA957,0.13116427316544968,104.09793892200206,9144.0
2240.0,SIA959,-2.8344853725122476,105.10750313786598,9144.0
2240.0,SJX731,19.72355260083583,118.51794344624948,9144.0
2240.0,TGW139,22.084159090344706,113.84922968777991,9144.0
2240.0,TGW263,-2.494695225490028,108.63633942305529,9144.0
2240.0,TGW275,-0.4475167655304236,104.19215566420824,9144.0
2240.0,TGW277,-0.7964882664582714,104.29431166930291,9144.0
2240.0,TGW281,-3.8769819418037397,110.28166145220271,9144.0
2250.0,SIA883,16.1472750389059,111.61144568295083,9144.0
2250.0,SIA915,9.477743499147335,116.52648567934739,9144.0
2250.0,SIA926,-3.2387207270432574,108.23371773511151,9144.0
2250.0,SIA939,-4.572080707507162,111.1729491040375,9144.0
2250.0,SIA953,0.3002000474721441,104.04459577309044,9144.0
2250.0,SIA957,0.1608533844386519,104.08789243698669,9144.0
2250.0,SIA959,-2.8038574724537204,105.09545282604901,9144.0
2250.0,SJX731,19.70072537119014,118.49388466555219,9144.0
2250.0,TGW139,22.05140547755407,113.84651031214645,9144.0
2250.0,TGW263,-2.4735242693621937,108.61242055106139,9144.0
2250.0,TGW275,-0.41664363403069576,104.1858117315118,9144.0
2250.0,TGW277,-0.7671839455976636,104.2844076224698,9144.0
2250.0,TGW281,-3.8551444307778846,110.2559995862344,9144.0
2250.0,SIA883,16.1472750389059,111.61144568295083,9144.0
2250.0,SIA915,9.477743499147335,116.52648567934739,9144.0
2250.0,SIA926,-3.2387207270432574,108.23371773511151,9144.0
2250.0,SIA939,-4.572080707507162,111.1729491040375,9144.0
2250.0,SIA953,0.3002000474721441,104.04459577309044,9144.0
2250.0,SIA957,0.1608533844386519,104.08789243698669,9144.0
2250.0,SIA959,-2.8038574724537204,105.09545282604901,9144.0
2250.0,SJX731,19.70072537119014,118.49388466555219,9144.0
2250.0,TGW139,22.05140547755407,113.84651031214645,9144.0
2250.0,TGW263,-2.4735242693621937,108.61242055106139,9144.0
2250.0,TGW275,-0.41664363403069576,104.1858117315118,9144.0
2250.0,TGW277,-0.7671839455976636,104.2844076224698,9144.0
2250.0,TGW281,-3.8551444307778846,110.2559995862344,9144.0
2260.0,SIA883,16.117867590217465,111.59805033369885,9144.0
2260.0,SIA915,9.453764165285035,116.50054978289297,9144.0
2260.0,SIA926,-3.2607434584243364,108.2550523065484,9144.0
2260.0,SIA939,-4.5522184363827956,111.1461967232292,9144.0
2260.0,SIA953,0.32857038635924823,104.03903335024562,9144.0
2260.0,SIA957,0.19049431367299524,104.07770465728376,9144.0
2260.0,SIA959,-2.7731759955215134,105.08338211826471,9144.0
2260.0,SJX731,19.677811874920977,118.46974704231974,9144.0
2260.0,TGW139,22.018923174229215,113.84165303431934,9144.0
2260.0,TGW263,-2.452352803159891,108.58850251154513,9144.0
2260.0,TGW275,-0.38571333808987573,104.17945610676391,9144.0
2260.0,TGW277,-0.7379352954727985,104.27452254145301,9144.0
2260.0,TGW281,-3.833342712137948,110.23038284806229,9144.0
2260.0,SIA883,16.117867590217465,111.59805033369885,9144.0
2260.0,SIA915,9.453764165285035,116.50054978289297,9144.0
2260.0,SIA926,-3.2607434584243364,108.2550523065484,9144.0
2260.0,SIA939,-4.5522184363827956,111.1461967232292,9144.0
2260.0,SIA953,0.32857038635924823,104.03903335024562,9144.0
2260.0,SIA957,0.19049431367299524,104.07770465728376,9144.0
2260.0,SIA959,-2.7731759955215134,105.08338211826471,9144.0
2260.0,SJX731,19.677811874920977,118.46974704231974,9144.0
2260.0,TGW139,22.018923174229215,113.84165303431934,9144.0
2260.0,TGW263,-2.452352803159891,108.58850251154513,9144.0
2260.0,TGW275,-0.38571333808987573,104.17945610676391,9144.0
2260.0,TGW277,-0.7379352954727985,104.27452254145301,9144.0
2260.0,TGW281,-3.833342712137948,110.23038284806229,9144.0
2270.0,SIA883,16.088459275380455,111.58465902937576,9144.0
2270.0,SIA915,9.429820821979385,116.47465943843446,9144.0
2270.0,SIA926,-3.282723245010639,108.27634682528908,9144.0
2270.0,SIA939,-4.53231983016849,111.11940067296715,9144.0
2270.0,SIA953,0.3569140583826156,104.03333658146697,9144.0
2270.0,SIA957,0.21958019951783378,104.06770761231412,9144.0
2270.0,SIA959,-2.7424943943747926,105.07131203830855,9144.0
2270.0,SJX731,19.654905893286564,118.44560482557601,9144.0
2270.0,TGW139,21.986440726157635,113.8367979952444,9144.0
2270.0,TGW263,-2.4311806948095755,108.56458541837075,9144.0
2270.0,TGW275,-0.3548189373870782,104.1729282448066,9144.0
2270.0,TGW277,-0.7086862764289585,104.26463861596785,9144.0
2270.0,TGW281,-3.811417904203717,110.20487250572528,9144.0
2270.0,SIA883,16.088459275380455,111.58465902937576,9144.0
2270.0,SIA915,9.429820821979385,116.47465943843446,9144.0
2270.0,SIA926,-3.282723245010639,108.27634682528908,9144.0
2270.0,SIA939,-4.53231983016849,111.11940067296715,9144.0
2270.0,SIA953,0.3569140583826156,104.03333658146697,9144.0
2270.0,SIA957,0.21958019951783378,104.06770761231412,9144.0
2270.0,SIA959,-2.7424943943747926,105.07131203830855,9144.0
2270.0,SJX731,19.654905893286564,118.44560482557601,9144.0
2270.0,TGW139,21.986440726157635,113.8367979952444,9144.0
2270.0,TGW263,-2.4311806948095755,108.56458541837075,9144.0
2270.0,TGW275,-0.3548189373870782,104.1729282448066,9144.0
2270.0,TGW277,-0.7086862764289585,104.26463861596785,9144.0
2270.0,TGW281,-3.811417904203717,110.20487250572528,9144.0
2280.0,SIA883,16.059050071811747,111.57127181941591,9144.0
2280.0,SIA915,9.405868566001192,116.44877936132677,9144.0
2280.0,SIA926,-3.304701980426104,108.29764290267208,9144.0
2280.0,SIA939,-4.511816209004077,111.09306834472098,9144.0
2280.0,SIA953,0.38448711180704787,104.02779466415383,9144.0
2280.0,SIA957,0.24877613000017798,104.05803664534318,9144.0
2280.0,SIA959,-2.71181267033591,105.05924257932897,9144.0
2280.0,SJX731,19.63203735394558,118.42151323914158,9144.0
2280.0,TGW139,21.954303578202907,113.82976240520779,9144.0
2280.0,TGW263,-2.409970705985538,108.54070234600101,9144.0
2280.0,TGW275,-0.32398162356163424,104.16641249189404,9144.0
2280.0,TGW277,-0.6794929689912462,104.25477365562116,9144.0
2280.0,TGW281,-3.7895665593110217,110.17945029387576,9144.0
2280.0,SIA883,16.059050071811747,111.57127181941591,9144.0
2280.0,SIA915,9.405868566001192,116.44877936132677,9144.0
2280.0,SIA926,-3.304701980426104,108.29764290267208,9144.0
2280.0,SIA939,-4.511816209004077,111.09306834472098,9144.0
2280.0,SIA953,0.38448711180704787,104.02779466415383,9144.0
2280.0,SIA957,0.24877613000017798,104.05803664534318,9144.0
2280.0,SIA959,-2.71181267033591,105.05924257932897,9144.0
2280.0,SJX731,19.63203735394558,118.42151323914158,9144.0
2280.0,TGW139,21.954303578202907,113.82976240520779,9144.0
2280.0,TGW263,-2.409970705985538,108.54070234600101,9144.0
2280.0,TGW275,-0.32398162356163424,104.16641249189404,9144.0
2280.0,TGW277,-0.6794929689912462,104.25477365562116,9144.0
2280.0,TGW281,-3.7895665593110217,110.17945029387576,9144.0
2290.0,SIA883,16.031525582271602,111.5540866188453,9144.0
2290.0,SIA915,9.381900932412746,116.42291570569202,9144.0
2290.0,SIA926,-3.327190123536502,108.31839899120638,9144.0
2290.0,SIA939,-4.491310593529328,111.06673832102885,9144.0
2290.0,SIA953,0.4120884164836687,104.02239519863696,9144.0
2290.0,SIA957,0.2767638893945939,104.05060616894549,9144.0
2290.0,SIA959,-2.6811308247187133,105.0471737344967,9144.0
2290.0,SJX731,19.60916471227301,118.39742947071372,9144.0
2290.0,TGW139,21.922166124260716,113.82273002907677,9144.0
2290.0,TGW263,-2.3887601932932463,108.51682011015488,9144.0
2290.0,TGW275,-0.293101187606306,104.16010429729447,9144.0
2290.0,TGW277,-0.6503242766712755,104.2448361979333,9144.0
2290.0,TGW281,-3.7677053430181116,110.1540372478532,9144.0
2290.0,SIA883,16.031525582271602,111.5540866188453,9144.0
2290.0,SIA915,9.381900932412746,116.42291570569202,9144.0
2290.0,SIA926,-3.327190123536502,108.31839899120638,9144.0
2290.0,SIA939,-4.491310593529328,111.06673832102885,9144.0
2290.0,SIA953,0.4120884164836687,104.02239519863696,9144.0
2290.0,SIA957,0.2767638893945939,104.05060616894549,9144.0
2290.0,SIA959,-2.6811308247187133,105.0471737344967,9144.0
2290.0,SJX731,19.60916471227301,118.39742947071372,9144.0
2290.0,TGW139,21.922166124260716,113.82273002907677,9144.0
2290.0,TGW263,-2.3887601932932463,108.51682011015488,9144.0
2290.0,TGW275,-0.293101187606306,104.16010429729447,9144.0
2290.0,TGW277,-0.6503242766712755,104.2448361979333,9144.0
2290.0,TGW281,-3.7677053430181116,110.1540372478532,9144.0
2300.0,SIA883,16.004261929020643,111.53346407392705,9144.0
2300.0,SIA915,9.357966862776783,116.39709993663146,9144.0
2300.0,SIA926,-3.349634288283764,108.33911609646938,9144.0
2300.0,SIA939,-4.471181580484779,111.04011824131861,9144.0
2300.0,SIA953,0.4393312460232802,104.01706582176303,9144.0
2300.0,SIA957,0.30301322320310814,104.04363719438489,9144.0
2300.0,SIA959,-2.6504488588261084,105.03510549701093,9144.0
2300.0,SJX731,19.586261843139074,118.3733815192296,9144.0
2300.0,TGW139,21.890023158347635,113.81572856532988,9144.0
2300.0,TGW263,-2.367548398469386,108.49293938222519,9144.0
2300.0,TGW275,-0.26250718852692556,104.15385465259219,9144.0
2300.0,TGW277,-0.6212112889548234,104.23491784597661,9144.0
2300.0,TGW281,-3.7458431881420844,110.12862564944838,9144.0
2300.0,SIA883,16.004261929020643,111.53346407392705,9144.0
2300.0,SIA915,9.357966862776783,116.39709993663146,9144.0
2300.0,SIA926,-3.349634288283764,108.33911609646938,9144.0
2300.0,SIA939,-4.471181580484779,111.04011824131861,9144.0
2300.0,SIA953,0.4393312460232802,104.01706582176303,9144.0
2300.0,SIA957,0.30301322320310814,104.04363719438489,9144.0
2300.0,SIA959,-2.6504488588261084,105.03510549701093,9144.0
2300.0,SJX731,19.586261843139074,118.3733815192296,9144.0
2300.0,TGW139,21.890023158347635,113.81572856532988,9144.0
2300.0,TGW263,-2.367548398469386,108.49293938222519,9144.0
2300.0,TGW275,-0.26250718852692556,104.15385465259219,9144.0
2300.0,TGW277,-0.6212112889548234,104.23491784597661,9144.0
2300.0,TGW281,-3.7458431881420844,110.12862564944838,9144.0
2310.0,SIA883,15.976996258284869,111.51284722765294,9144.0
2310.0,SIA915,9.334053843845979,116.37126591240457,9144.0
2310.0,SIA926,-3.371658701270463,108.3602808874769,9144.0
2310.0,SIA939,-4.450981769540997,111.01340885716955,9144.0
2310.0,SIA953,0.46655002262087447,104.0116149025824,9144.0
2310.0,SIA957,0.327932839927205,104.03893146996651,9144.0
2310.0,SIA959,-2.6197667739465524,105.0230378601083,9144.0
2310.0,SJX731,19.56327269563472,118.34925491348137,9144.0
2310.0,TGW139,21.857936293639025,113.8087425663592,9144.0
2310.0,TGW263,-2.3463449184276266,108.46905162261262,9144.0
2310.0,TGW275,-0.2319132527902557,104.1476047122078,9144.0
2310.0,TGW277,-0.5919163410509757,104.22555069127183,9144.0
2310.0,TGW281,-3.7239776392731287,110.10321761685928,9144.0
2310.0,SIA883,15.976996258284869,111.51284722765294,9144.0
2310.0,SIA915,9.334053843845979,116.37126591240457,9144.0
2310.0,SIA926,-3.371658701270463,108.3602808874769,9144.0
2310.0,SIA939,-4.450981769540997,111.01340885716955,9144.0
2310.0,SIA953,0.46655002262087447,104.0116149025824,9144.0
2310.0,SIA957,0.327932839927205,104.03893146996651,9144.0
2310.0,SIA959,-2.6197667739465524,105.0230378601083,9144.0
2310.0,SJX731,19.56327269563472,118.34925491348137,9144.0
2310.0,TGW139,21.857936293639025,113.8087425663592,9144.0
2310.0,TGW263,-2.3463449184276266,108.46905162261262,9144.0
2310.0,TGW275,-0.2319132527902557,104.1476047122078,9144.0
2310.0,TGW277,-0.5919163410509757,104.22555069127183,9144.0
2310.0,TGW281,-3.7239776392731287,110.10321761685928,9144.0
2320.0,SIA883,15.949728566123477,111.49223608026705,9144.0
2320.0,SIA915,9.310213548111784,116.3455206601525,9144.0
2320.0,SIA926,-3.393682526965496,108.38144677262126,9144.0
2320.0,SIA939,-4.430462544468561,110.98694629483653,9144.0
2320.0,SIA953,0.4934090807159115,104.00623597935241,9144.0
2320.0,SIA957,0.35259112385423597,104.03427507112468,9144.0
2320.0,SIA959,-2.589084571348817,105.01097081707618,9144.0
2320.0,SJX731,19.540301773694544,118.32511220173257,9144.0
2320.0,TGW139,21.825856558846855,113.80172023301057,9144.0
2320.0,TGW263,-2.3251796266016775,108.44520807269913,9144.0
2320.0,TGW275,-0.20160672975765148,104.14141351558725,9144.0
2320.0,TGW277,-0.5626213759531,104.21618363860104,9144.0
2320.0,TGW281,-3.702167341177785,110.07776256917244,9144.0
2320.0,SIA883,15.949728566123477,111.49223608026705,9144.0
2320.0,SIA915,9.310213548111784,116.3455206601525,9144.0
2320.0,SIA926,-3.393682526965496,108.38144677262126,9144.0
2320.0,SIA939,-4.430462544468561,110.98694629483653,9144.0
2320.0,SIA953,0.4934090807159115,104.00623597935241,9144.0
2320.0,SIA957,0.35259112385423597,104.03427507112468,9144.0
2320.0,SIA959,-2.589084571348817,105.01097081707618,9144.0
2320.0,SJX731,19.540301773694544,118.32511220173257,9144.0
2320.0,TGW139,21.825856558846855,113.80172023301057,9144.0
2320.0,TGW263,-2.3251796266016775,108.44520807269913,9144.0
2320.0,TGW275,-0.20160672975765148,104.14141351558725,9144.0
2320.0,TGW277,-0.5626213759531,104.21618363860104,9144.0
2320.0,TGW281,-3.702167341177785,110.07776256917244,9144.0
2330.0,SIA883,15.922458845374754,111.47163063662951,9144.0
2330.0,SIA915,9.287226997597953,116.3189918418285,9144.0
2330.0,SIA926,-3.41584893822905,108.40246324185465,9144.0
2330.0,SIA939,-4.409906714005501,110.96044047305901,9144.0
2330.0,SIA953,0.5202720440737594,104.00087657274317,9144.0
2330.0,SIA957,0.37718370322860695,104.02928324631843,9144.0
2330.0,SIA959,-2.558402252273803,104.99890436127355,9144.0
2330.0,SJX731,19.517368369021465,118.30101994480152,9144.0
2330.0,TGW139,21.7937765211143,113.79470107859365,9144.0
2330.0,TGW263,-2.3040139285521266,108.42136523998865,9144.0
2330.0,TGW275,-0.17118733925681048,104.13580310188756,9144.0
2330.0,TGW277,-0.5325812867683922,104.20958629080141,9144.0
2330.0,TGW281,-3.680354762335092,110.05231010916076,9144.0
2330.0,SIA883,15.922458845374754,111.47163063662951,9144.0
2330.0,SIA915,9.287226997597953,116.3189918418285,9144.0
2330.0,SIA926,-3.41584893822905,108.40246324185465,9144.0
2330.0,SIA939,-4.409906714005501,110.96044047305901,9144.0
2330.0,SIA953,0.5202720440737594,104.00087657274317,9144.0
2330.0,SIA957,0.37718370322860695,104.02928324631843,9144.0
2330.0,SIA959,-2.558402252273803,104.99890436127355,9144.0
2330.0,SJX731,19.517368369021465,118.30101994480152,9144.0
2330.0,TGW139,21.7937765211143,113.79470107859365,9144.0
2330.0,TGW263,-2.3040139285521266,108.42136523998865,9144.0
2330.0,TGW275,-0.17118733925681048,104.13580310188756,9144.0
2330.0,TGW277,-0.5325812867683922,104.20958629080141,9144.0
2330.0,TGW281,-3.680354762335092,110.05231010916076,9144.0
2340.0,SIA883,15.895187083232706,111.45103090968708,9144.0
2340.0,SIA915,9.264348553705158,116.29259621187323,9144.0
2340.0,SIA926,-3.4380147573527085,108.42348082473524,9144.0
2340.0,SIA939,-4.38943188847505,110.93387238647078,9144.0
2340.0,SIA953,0.5468942850502186,103.99556514620853,9144.0
2340.0,SIA957,0.40152907447760855,104.0243415715644,9144.0
2340.0,SIA959,-2.527719817921008,104.98683848616542,9144.0
2340.0,SJX731,19.494431049475406,118.27693529908824,9144.0
2340.0,TGW139,21.761696048222625,113.78768580083384,9144.0
2340.0,TGW263,-2.282847827934296,108.39752311797507,9144.0
2340.0,TGW275,-0.14105742215711758,104.13024609627404,9144.0
2340.0,TGW277,-0.5026563110840592,104.20301429086975,9144.0
2340.0,TGW281,-3.658525449135673,110.02687268085144,9144.0
2340.0,SIA883,15.895187083232706,111.45103090968708,9144.0
2340.0,SIA915,9.264348553705158,116.29259621187323,9144.0
2340.0,SIA926,-3.4380147573527085,108.42348082473524,9144.0
2340.0,SIA939,-4.38943188847505,110.93387238647078,9144.0
2340.0,SIA953,0.5468942850502186,103.99556514620853,9144.0
2340.0,SIA957,0.40152907447760855,104.0243415715644,9144.0
2340.0,SIA959,-2.527719817921008,104.98683848616542,9144.0
2340.0,SJX731,19.494431049475406,118.27693529908824,9144.0
2340.0,TGW139,21.761696048222625,113.78768580083384,9144.0
2340.0,TGW263,-2.282847827934296,108.39752311797507,9144.0
2340.0,TGW275,-0.14105742215711758,104.13024609627404,9144.0
2340.0,TGW277,-0.5026563110840592,104.20301429086975,9144.0
2340.0,TGW281,-3.658525449135673,110.02687268085144,9144.0
2350.0,SIA883,15.867913255574603,111.4304369285963,9144.0
2350.0,SIA915,9.24357351523995,116.26447326918581,9144.0
2350.0,SIA926,-3.460180576476367,108.44449889768445,9144.0
2350.0,SIA939,-4.368990501863933,110.9073514791808,9144.0
2350.0,SIA953,0.5735298126161007,103.99032073744385,9144.0
2350.0,SIA957,0.42589611600819116,104.0195078742913,9144.0
2350.0,SIA959,-2.4970372694244096,104.97477318538438,9144.0
2350.0,SJX731,19.471482050189586,118.25286658802398,9144.0
2350.0,TGW139,21.729605785309072,113.78072418343424,9144.0
2350.0,TGW263,-2.2616813284022577,108.37368170015337,9144.0
2350.0,TGW275,-0.1109685625892844,104.12447091803678,9144.0
2350.0,TGW277,-0.47262592957515914,104.19694216407089,9144.0
2350.0,TGW281,-3.6367316421688702,110.00148073167037,9144.0
2350.0,SIA883,15.867913255574603,111.4304369285963,9144.0
2350.0,SIA915,9.24357351523995,116.26447326918581,9144.0
2350.0,SIA926,-3.460180576476367,108.44449889768445,9144.0
2350.0,SIA939,-4.368990501863933,110.9073514791808,9144.0
2350.0,SIA953,0.5735298126161007,103.99032073744385,9144.0
2350.0,SIA957,0.42589611600819116,104.0195078742913,9144.0
2350.0,SIA959,-2.4970372694244096,104.97477318538438,9144.0
2350.0,SJX731,19.471482050189586,118.25286658802398,9144.0
2350.0,TGW139,21.729605785309072,113.78072418343424,9144.0
2350.0,TGW263,-2.2616813284022577,108.37368170015337,9144.0
2350.0,TGW275,-0.1109685625892844,104.12447091803678,9144.0
2350.0,TGW277,-0.47262592957515914,104.19694216407089,9144.0
2350.0,TGW281,-3.6367316421688702,110.00148073167037,9144.0
2360.0,SIA883,15.840637309849892,111.40984876322645,9144.0
2360.0,SIA915,9.222794891833418,116.23635470300253,9144.0
2360.0,SIA939,-4.348540494852574,110.88083797854198,9144.0
2360.0,SIA953,0.6000446527231937,103.98510004183423,9144.0
2360.0,SIA957,0.4503869591956386,104.01464958688611,9144.0
2360.0,SIA959,-2.4663546078049117,104.96270845285163,9144.0
2360.0,SJX731,19.44853870535772,118.22879521916913,9144.0
2360.0,TGW139,21.697515201119362,113.77376583459963,9144.0
2360.0,TGW263,-2.2405144336087823,108.34984098001962,9144.0
2360.0,TGW275,-0.08116977973383983,104.11875142935484,9144.0
2360.0,TGW277,-0.4423646479280929,104.19082340458357,9144.0
2360.0,TGW281,-3.614914442834757,109.97610957219536,9144.0
2360.0,SIA883,15.840637309849892,111.40984876322645,9144.0
2360.0,SIA915,9.222794891833418,116.23635470300253,9144.0
2360.0,SIA939,-4.348540494852574,110.88083797854198,9144.0
2360.0,SIA953,0.6000446527231937,103.98510004183423,9144.0
2360.0,SIA957,0.4503869591956386,104.01464958688611,9144.0
2360.0,SIA959,-2.4663546078049117,104.96270845285163,9144.0
2360.0,SJX731,19.44853870535772,118.22879521916913,9144.0
2360.0,TGW139,21.697515201119362,113.77376583459963,9144.0
2360.0,TGW263,-2.2405144336087823,108.34984098001962,9144.0
2360.0,TGW275,-0.08116977973383983,104.11875142935484,9144.0
2360.0,TGW277,-0.4423646479280929,104.19082340458357,9144.0
2360.0,TGW281,-3.614914442834757,109.97610957219536,9144.0
2370.0,SIA883,15.813359078394065,111.38926664829044,9144.0
2370.0,SIA915,9.202183779267093,116.20811153209543,9144.0
2370.0,SIA939,-4.328089067279862,110.85432629790279,9144.0
2370.0,SIA953,0.6265594875494139,103.97987929353901,9144.0
2370.0,SIA957,0.47489075452213475,104.00985704157459,9144.0
2370.0,SIA959,-2.435671833861782,104.95064428305369,9144.0
2370.0,SJX731,19.425668975067726,118.20482294985644,9144.0
2370.0,TGW139,21.665444608829645,113.76670310159474,9144.0
2370.0,TGW263,-2.2193471472052853,108.32600095107107,9144.0
2370.0,TGW275,-0.051376691468620866,104.1130023543865,9144.0
2370.0,TGW277,-0.41214467337325766,104.18450380354729,9144.0
2370.0,TGW281,-3.5930212854148627,109.95065361546503,9144.0
2370.0,SIA883,15.813359078394065,111.38926664829044,9144.0
2370.0,SIA915,9.202183779267093,116.20811153209543,9144.0
2370.0,SIA939,-4.328089067279862,110.85432629790279,9144.0
2370.0,SIA953,0.6265594875494139,103.97987929353901,9144.0
2370.0,SIA957,0.47489075452213475,104.00985704157459,9144.0
2370.0,SIA959,-2.435671833861782,104.95064428305369,9144.0
2370.0,SJX731,19.425668975067726,118.20482294985644,9144.0
2370.0,TGW139,21.665444608829645,113.76670310159474,9144.0
2370.0,TGW263,-2.2193471472052853,108.32600095107107,9144.0
2370.0,TGW275,-0.051376691468620866,104.1130023543865,9144.0
2370.0,TGW277,-0.41214467337325766,104.18450380354729,9144.0
2370.0,TGW281,-3.5930212854148627,109.95065361546503,9144.0
2380.0,SIA883,15.785991439218456,111.36881590974636,9144.0
2380.0,SIA915,9.181536256833462,116.17982633989998,9144.0
2380.0,SIA939,-4.307604544600122,110.8278410416598,9144.0
2380.0,SIA953,0.6530481586021095,103.97452733631827,9144.0
2380.0,SIA957,0.4993326345533545,104.0050765712003,9144.0
2380.0,SIA959,-2.4049889478589974,104.93858067184152,9144.0
2380.0,SJX731,19.40283134655901,118.18081966735917,9144.0
2380.0,TGW139,21.63326099613382,113.7596187451763,9144.0
2380.0,TGW263,-2.198179472841766,108.30216160680615,9144.0
2380.0,TGW275,-0.02187463182144754,104.10730944461905,9144.0
2380.0,TGW277,-0.38158000642074646,104.17811217114831,9144.0
2380.0,TGW281,-3.5711817712724105,109.9251520486501,9144.0
2380.0,SIA883,15.785991439218456,111.36881590974636,9144.0
2380.0,SIA915,9.181536256833462,116.17982633989998,9144.0
2380.0,SIA939,-4.307604544600122,110.8278410416598,9144.0
2380.0,SIA953,0.6530481586021095,103.97452733631827,9144.0
2380.0,SIA957,0.4993326345533545,104.0050765712003,9144.0
2380.0,SIA959,-2.4049889478589974,104.93858067184152,9144.0
2380.0,SJX731,19.40283134655901,118.18081966735917,9144.0
2380.0,TGW139,21.63326099613382,113.7596187451763,9144.0
2380.0,TGW263,-2.198179472841766,108.30216160680615,9144.0
2380.0,TGW275,-0.02187463182144754,104.10730944461905,9144.0
2380.0,TGW277,-0.38158000642074646,104.17811217114831,9144.0
2380.0,TGW281,-3.5711817712724105,109.9251520486501,9144.0
2390.0,SIA883,15.758668030742346,111.34840537307541,9144.0
2390.0,SIA915,9.160881547706332,116.15154817819865,9144.0
2390.0,SIA939,-4.287118653424145,110.80135756147058,9144.0
2390.0,SIA953,0.6791400049364418,103.96939401236564,9144.0
2390.0,SIA957,0.5237611560254285,104.00022827627379,9144.0
2390.0,SIA959,-2.374305948088879,104.92651762009031,9144.0
2390.0,SJX731,19.380030427405583,118.15686776928116,9144.0
2390.0,TGW139,21.601066625942945,113.75259274773366,9144.0
2390.0,TGW263,-2.1770114141667434,108.27832294072459,9144.0
2390.0,TGW275,0.007621226602799708,104.10158449250412,9144.0
2390.0,TGW277,-0.35100550363638994,104.17176777922943,9144.0
2390.0,TGW281,-3.549266713047505,109.89956551669887,9144.0
2390.0,SIA883,15.758668030742346,111.34840537307541,9144.0
2390.0,SIA915,9.160881547706332,116.15154817819865,9144.0
2390.0,SIA939,-4.287118653424145,110.80135756147058,9144.0
2390.0,SIA953,0.6791400049364418,103.96939401236564,9144.0
2390.0,SIA957,0.5237611560254285,104.00022827627379,9144.0
2390.0,SIA959,-2.374305948088879,104.92651762009031,9144.0
2390.0,SJX731,19.380030427405583,118.15686776928116,9144.0
2390.0,TGW139,21.601066625942945,113.75259274773366,9144.0
2390.0,TGW263,-2.1770114141667434,108.27832294072459,9144.0
2390.0,TGW275,0.007621226602799708,104.10158449250412,9144.0
2390.0,TGW277,-0.35100550363638994,104.17176777922943,9144.0
2390.0,TGW281,-3.549266713047505,109.89956551669887,9144.0
2400.0,SIA883,15.73134258130591,111.32800053034106,9144.0
2400.0,SIA915,9.140257720537859,116.12331946037989,9144.0
2400.0,SIA939,-4.266698004940101,110.7748241666107,9144.0
2400.0,SIA953,0.7057586041421585,103.9680247611758,9144.0
2400.0,SIA957,0.5479417002800411,103.99542915870684,9144.0
2400.0,SIA959,-2.3436227805470082,104.91445526192621,9144.0
2400.0,SJX731,19.357170720121427,118.13298227348974,9144.0
2400.0,TGW139,21.56875935023407,113.7455453466753,9144.0
2400.0,TGW263,-2.1558429748271863,108.25448494632747,9144.0
2400.0,TGW275,0.03676658141005969,104.09592757098544,9144.0
2400.0,TGW277,-0.32089104176148125,104.16551889081204,9144.0
2400.0,TGW281,-3.527298480823952,109.87402540589314,9144.0
2400.0,SIA883,15.73134258130591,111.32800053034106,9144.0
2400.0,SIA915,9.140257720537859,116.12331946037989,9144.0
2400.0,SIA939,-4.266698004940101,110.7748241666107,9144.0
2400.0,SIA953,0.7057586041421585,103.9680247611758,9144.0
2400.0,SIA957,0.5479417002800411,103.99542915870684,9144.0
2400.0,SIA959,-2.3436227805470082,104.91445526192621,9144.0
2400.0,SJX731,19.357170720121427,118.13298227348974,9144.0
2400.0,TGW139,21.56875935023407,113.7455453466753,9144.0
2400.0,TGW263,-2.1558429748271863,108.25448494632747,9144.0
2400.0,TGW275,0.03676658141005969,104.09592757098544,9144.0
2400.0,TGW277,-0.32089104176148125,104.16551889081204,9144.0
2400.0,TGW281,-3.527298480823952,109.87402540589314,9144.0
2410.0,SIA883,15.704014991245455,111.3076015203029,9144.0
2410.0,SIA915,9.119630709391169,116.09509476231857,9144.0
2410.0,SIA939,-4.246206321074884,110.74820185365147,9144.0
2410.0,SIA953,0.7320211269322484,103.97077548524393,9144.0
2410.0,SIA957,0.57211307938076,103.99058406671853,9144.0
2410.0,SIA959,-2.312917105862753,104.90245067103584,9144.0
2410.0,SJX731,19.334265971241063,118.10906105279585,9144.0
2410.0,TGW139,21.536451713279256,113.73850142967265,9144.0
2410.0,TGW263,-2.1346741584684334,108.23064761711723,9144.0
2410.0,TGW275,0.06588557249894202,104.09013646944564,9144.0
2410.0,TGW277,-0.29077652927025444,104.15927026386692,9144.0
2410.0,TGW281,-3.5052918955683077,109.8484436900783,9144.0
2410.0,SIA883,15.704014991245455,111.3076015203029,9144.0
2410.0,SIA915,9.119630709391169,116.09509476231857,9144.0
2410.0,SIA939,-4.246206321074884,110.74820185365147,9144.0
2410.0,SIA953,0.7320211269322484,103.97077548524393,9144.0
2410.0,SIA957,0.57211307938076,103.99058406671853,9144.0
2410.0,SIA959,-2.312917105862753,104.90245067103584,9144.0
2410.0,SJX731,19.334265971241063,118.10906105279585,9144.0
2410.0,TGW139,21.536451713279256,113.73850142967265,9144.0
2410.0,TGW263,-2.1346741584684334,108.23064761711723,9144.0
2410.0,TGW275,0.06588557249894202,104.09013646944564,9144.0
2410.0,TGW277,-0.29077652927025444,104.15927026386692,9144.0
2410.0,TGW281,-3.5052918955683077,109.8484436900783,9144.0
2420.0,SIA883,15.676684539230978,111.28720938061781,9144.0
2420.0,SIA915,9.099025342051613,116.06685548065671,9144.0
2420.0,SIA939,-4.225664007676568,110.72161950926308,9144.0
2420.0,SIA953,0.7578083060564607,103.97516359926749,9144.0
2420.0,SIA957,0.5961602376380012,103.9857638327723,9144.0
2420.0,SIA959,-2.282211308932032,104.89044665145697,9144.0
2420.0,SJX731,19.31135415402646,118.08515078851697,9144.0
2420.0,TGW139,21.504148077183917,113.7314379080205,9144.0
2420.0,TGW263,-2.113504968734109,108.20681094659783,9144.0
2420.0,TGW275,0.09394507195444858,104.08455607110653,9144.0
2420.0,TGW277,-0.26065527854325676,104.15305421608973,9144.0
2420.0,TGW281,-3.4832941668433715,109.82285492946502,9144.0
2420.0,SIA883,15.676684539230978,111.28720938061781,9144.0
2420.0,SIA915,9.099025342051613,116.06685548065671,9144.0
2420.0,SIA939,-4.225664007676568,110.72161950926308,9144.0
2420.0,SIA953,0.7578083060564607,103.97516359926749,9144.0
2420.0,SIA957,0.5961602376380012,103.9857638327723,9144.0
2420.0,SIA959,-2.282211308932032,104.89044665145697,9144.0
2420.0,SJX731,19.31135415402646,118.08515078851697,9144.0
2420.0,TGW139,21.504148077183917,113.7314379080205,9144.0
2420.0,TGW263,-2.113504968734109,108.20681094659783,9144.0
2420.0,TGW275,0.09394507195444858,104.08455607110653,9144.0
2420.0,TGW277,-0.26065527854325676,104.15305421608973,9144.0
2420.0,TGW281,-3.4832941668433715,109.82285492946502,9144.0
2430.0,SIA883,15.649366505499017,111.266802026861,9144.0
2430.0,SIA915,9.078383423417236,116.03857427578878,9144.0
2430.0,SIA939,-4.205120439464883,110.69503884237633,9144.0
2430.0,SIA953,0.7825904377507302,103.98353556484368,9144.0
2430.0,SIA957,0.6202174348753888,103.98099393894168,9144.0
2430.0,SIA959,-2.251545868855919,104.87834000208055,9144.0
2430.0,SJX731,19.288485383162325,118.06119764684411,9144.0
2430.0,TGW139,21.47184410327943,113.72437773853528,9144.0
2430.0,TGW263,-2.0923354092660302,108.18297492827477,9144.0
2430.0,TGW275,0.12203217362091107,104.07911629851861,9144.0
2430.0,TGW277,-0.23076890782122697,104.14716552276361,9144.0
2430.0,TGW281,-3.461258191663948,109.79722451564177,9144.0
2430.0,SIA883,15.649366505499017,111.266802026861,9144.0
2430.0,SIA915,9.078383423417236,116.03857427578878,9144.0
2430.0,SIA939,-4.205120439464883,110.69503884237633,9144.0
2430.0,SIA953,0.7825904377507302,103.98353556484368,9144.0
2430.0,SIA957,0.6202174348753888,103.98099393894168,9144.0
2430.0,SIA959,-2.251545868855919,104.87834000208055,9144.0
2430.0,SJX731,19.288485383162325,118.06119764684411,9144.0
2430.0,TGW139,21.47184410327943,113.72437773853528,9144.0
2430.0,TGW263,-2.0923354092660302,108.18297492827477,9144.0
2430.0,TGW275,0.12203217362091107,104.07911629851861,9144.0
2430.0,TGW277,-0.23076890782122697,104.14716552276361,9144.0
2430.0,TGW281,-3.461258191663948,109.79722451564177,9144.0
2440.0,SIA883,15.621999952335923,111.24636617113096,9144.0
2440.0,SIA915,9.057713502253106,116.01031568038918,9144.0
2440.0,SIA939,-4.184563763941061,110.66846906497534,9144.0
2440.0,SIA953,0.8066265480193946,103.99320745796302,9144.0
2440.0,SIA957,0.6441501739441162,103.97624867745627,9144.0
2440.0,SIA959,-2.2208269270156773,104.86621281469384,9144.0
2440.0,SJX731,19.265530532722916,118.03716560020266,9144.0
2440.0,TGW139,21.439526520770688,113.71739140343064,9144.0
2440.0,TGW263,-2.071165483704102,108.15913955565524,9144.0
2440.0,TGW275,0.14836252141555165,104.07406560645379,9144.0
2440.0,TGW277,-0.2009405346616066,104.14128828276353,9144.0
2440.0,TGW281,-3.4391961949608865,109.77161717349868,9144.0
2440.0,SIA883,15.621999952335923,111.24636617113096,9144.0
2440.0,SIA915,9.057713502253106,116.01031568038918,9144.0
2440.0,SIA939,-4.184563763941061,110.66846906497534,9144.0
2440.0,SIA953,0.8066265480193946,103.99320745796302,9144.0
2440.0,SIA957,0.6441501739441162,103.97624867745627,9144.0
2440.0,SIA959,-2.2208269270156773,104.86621281469384,9144.0
2440.0,SJX731,19.265530532722916,118.03716560020266,9144.0
2440.0,TGW139,21.439526520770688,113.71739140343064,9144.0
2440.0,TGW263,-2.071165483704102,108.15913955565524,9144.0
2440.0,TGW275,0.14836252141555165,104.07406560645379,9144.0
2440.0,TGW277,-0.2009405346616066,104.14128828276353,9144.0
2440.0,TGW281,-3.4391961949608865,109.77161717349868,9144.0
2450.0,SIA883,15.594624123420584,111.2259464406088,9144.0
2450.0,SIA915,9.037007184932907,115.98201509831671,9144.0
2450.0,SIA939,-4.164005858673079,110.64190093989704,9144.0
2450.0,SIA953,0.8306626319929499,104.00287947441983,9144.0
2450.0,SIA957,0.668091667886097,103.97154776985909,9144.0
2450.0,SIA959,-2.1900928374017314,104.85412437560115,9144.0
2450.0,SJX731,19.242570075699312,118.01314292735483,9144.0
2450.0,TGW139,21.40726492733794,113.7104204514041,9144.0
2450.0,TGW263,-2.0499951956862046,108.13530482224816,9144.0
2450.0,TGW275,0.1736234005084359,104.06922004870894,9144.0
2450.0,TGW277,-0.17107601276917414,104.13559758936418,9144.0
2450.0,TGW281,-3.4171333276103057,109.74601117486523,9144.0
2450.0,SIA883,15.594624123420584,111.2259464406088,9144.0
2450.0,SIA915,9.037007184932907,115.98201509831671,9144.0
2450.0,SIA939,-4.164005858673079,110.64190093989704,9144.0
2450.0,SIA953,0.8306626319929499,104.00287947441983,9144.0
2450.0,SIA957,0.668091667886097,103.97154776985909,9144.0
2450.0,SIA959,-2.1900928374017314,104.85412437560115,9144.0
2450.0,SJX731,19.242570075699312,118.01314292735483,9144.0
2450.0,TGW139,21.40726492733794,113.7104204514041,9144.0
2450.0,TGW263,-2.0499951956862046,108.13530482224816,9144.0
2450.0,TGW275,0.1736234005084359,104.06922004870894,9144.0
2450.0,TGW277,-0.17107601276917414,104.13559758936418,9144.0
2450.0,TGW281,-3.4171333276103057,109.74601117486523,9144.0
2460.0,SIA883,15.56724627351856,111.20553235111275,9144.0
2460.0,SIA915,9.016289353929134,115.95372478226157,9144.0
2460.0,SIA939,-4.143520706252638,110.61527707306307,9144.0
2460.0,SIA953,0.8542457682122249,104.0136090060444,9144.0
2460.0,SIA957,0.6915959446909745,103.96693266254374,9144.0
2460.0,SIA959,-2.159358642480462,104.84203645087344,9144.0
2460.0,SJX731,19.219583654154544,117.98915148464579,9144.0
2460.0,TGW139,21.375016360992674,113.70338185317513,9144.0
2460.0,TGW263,-2.028824548848069,108.11147072156433,9144.0
2460.0,TGW275,0.1988786546422971,104.06434525109799,9144.0
2460.0,TGW277,-0.141794418551698,104.13001799100992,9144.0
2460.0,TGW281,-3.395067279152892,109.72040851414971,9144.0
2460.0,SIA883,15.56724627351856,111.20553235111275,9144.0
2460.0,SIA915,9.016289353929134,115.95372478226157,9144.0
2460.0,SIA939,-4.143520706252638,110.61527707306307,9144.0
2460.0,SIA953,0.8542457682122249,104.0136090060444,9144.0
2460.0,SIA957,0.6915959446909745,103.96693266254374,9144.0
2460.0,SIA959,-2.159358642480462,104.84203645087344,9144.0
2460.0,SJX731,19.219583654154544,117.98915148464579,9144.0
2460.0,TGW139,21.375016360992674,113.70338185317513,9144.0
2460.0,TGW263,-2.028824548848069,108.11147072156433,9144.0
2460.0,TGW275,0.1988786546422971,104.06434525109799,9144.0
2460.0,TGW277,-0.141794418551698,104.13001799100992,9144.0
2460.0,TGW281,-3.395067279152892,109.72040851414971,9144.0
2470.0,SIA883,15.539866309183182,111.18512403238589,9144.0
2470.0,SIA915,8.995535173210227,115.92539249383185,9144.0
2470.0,SIA939,-4.123034360950157,110.58865481681524,9144.0
2470.0,SIA953,0.8773733888540736,104.02413145773926,9144.0
2470.0,SIA957,0.7151165287802379,103.96240138645821,9144.0
2470.0,SIA959,-2.1286203451136316,104.82995921944426,9144.0
2470.0,SJX731,19.196552381438323,117.96512432778833,9144.0
2470.0,TGW139,21.342711203125425,113.69633417194109,9144.0
2470.0,TGW263,-2.0076535468231365,108.08763724711655,9144.0
2470.0,TGW275,0.22401107657551297,104.05949414767271,9144.0
2470.0,TGW277,-0.11252845152947494,104.12435700302983,9144.0
2470.0,TGW281,-3.3730462420087477,109.69476757514612,9144.0
2470.0,SIA883,15.539866309183182,111.18512403238589,9144.0
2470.0,SIA915,8.995535173210227,115.92539249383185,9144.0
2470.0,SIA939,-4.123034360950157,110.58865481681524,9144.0
2470.0,SIA953,0.8773733888540736,104.02413145773926,9144.0
2470.0,SIA957,0.7151165287802379,103.96240138645821,9144.0
2470.0,SIA959,-2.1286203451136316,104.82995921944426,9144.0
2470.0,SJX731,19.196552381438323,117.96512432778833,9144.0
2470.0,TGW139,21.342711203125425,113.69633417194109,9144.0
2470.0,TGW263,-2.0076535468231365,108.08763724711655,9144.0
2470.0,TGW275,0.22401107657551297,104.05949414767271,9144.0
2470.0,TGW277,-0.11252845152947494,104.12435700302983,9144.0
2470.0,TGW281,-3.3730462420087477,109.69476757514612,9144.0
2480.0,SIA883,15.512483622140154,111.16472235847718,9144.0
2480.0,SIA915,8.97474543644948,115.89708856331423,9144.0
2480.0,SIA939,-4.1025039380946255,110.56206739897833,9144.0
2480.0,SIA953,0.900789592096106,104.03399494271741,9144.0
2480.0,SIA957,0.7386828348911452,103.96202853772706,9144.0
2480.0,SIA959,-2.097988829365074,104.81792447152817,9144.0
2480.0,SJX731,19.173516370679092,117.94110562447055,9144.0
2480.0,TGW139,21.310399784038964,113.68932119828526,9144.0
2480.0,TGW263,-1.9864821932424053,108.06380439241974,9144.0
2480.0,TGW275,0.24912802896014796,104.05456356561096,9144.0
2480.0,TGW277,-0.08337949582981692,104.11871866074893,9144.0
2480.0,TGW281,-3.35102444087717,109.66912787350259,9144.0
2480.0,SIA883,15.512483622140154,111.16472235847718,9144.0
2480.0,SIA915,8.97474543644948,115.89708856331423,9144.0
2480.0,SIA939,-4.1025039380946255,110.56206739897833,9144.0
2480.0,SIA953,0.900789592096106,104.03399494271741,9144.0
2480.0,SIA957,0.7386828348911452,103.96202853772706,9144.0
2480.0,SIA959,-2.097988829365074,104.81792447152817,9144.0
2480.0,SJX731,19.173516370679092,117.94110562447055,9144.0
2480.0,TGW139,21.310399784038964,113.68932119828526,9144.0
2480.0,TGW263,-1.9864821932424053,108.06380439241974,9144.0
2480.0,TGW275,0.24912802896014796,104.05456356561096,9144.0
2480.0,TGW277,-0.08337949582981692,104.11871866074893,9144.0
2480.0,TGW281,-3.35102444087717,109.66912787350259,9144.0
2490.0,SIA883,15.485090479695828,111.14433850979526,9144.0
2490.0,SIA915,8.954010139401584,115.86874534981636,9144.0
2490.0,SIA939,-4.081972361174559,110.53548155852405,9144.0
2490.0,SIA953,0.9238580886735749,104.04371213167668,9144.0
2490.0,SIA957,0.7620860518587186,103.96575105152994,9144.0
2490.0,SIA959,-2.067357209751308,104.80589022230386,9144.0
2490.0,SJX731,19.15047955717443,117.91709113961598,9144.0
2490.0,TGW139,21.27808806538326,113.68231135606766,9144.0
2490.0,TGW263,-1.9653104917342583,108.03997215099113,9144.0
2490.0,TGW275,0.27350461275413057,104.0497783032732,9144.0
2490.0,TGW277,-0.054234244850431906,104.11306120294893,9144.0
2490.0,TGW281,-3.32900180915338,109.64348946284217,9144.0
2490.0,SIA883,15.485090479695828,111.14433850979526,9144.0
2490.0,SIA915,8.954010139401584,115.86874534981636,9144.0
2490.0,SIA939,-4.081972361174559,110.53548155852405,9144.0
2490.0,SIA953,0.9238580886735749,104.04371213167668,9144.0
2490.0,SIA957,0.7620860518587186,103.96575105152994,9144.0
2490.0,SIA959,-2.067357209751308,104.80589022230386,9144.0
2490.0,SJX731,19.15047955717443,117.91709113961598,9144.0
2490.0,TGW139,21.27808806538326,113.68231135606766,9144.0
2490.0,TGW263,-1.9653104917342583,108.03997215099113,9144.0
2490.0,TGW275,0.27350461275413057,104.0497783032732,9144.0
2490.0,TGW277,-0.054234244850431906,104.11306120294893,9144.0
2490.0,TGW281,-3.32900180915338,109.64348946284217,9144.0
2500.0,SIA883,15.457602861488652,111.12389146317388,9144.0
2500.0,SIA915,8.933305560300349,115.84045156229277,9144.0
2500.0,SIA939,-4.061424734709158,110.50890886201472,9144.0
2500.0,SIA953,0.9468459701896428,104.05361863712477,9144.0
2500.0,SIA957,0.7843023466299859,103.97342817861005,9144.0
2500.0,SIA959,-2.0367156073752954,104.7938816772312,9144.0
2500.0,SJX731,19.12743909863273,117.89308392431751,9144.0
2500.0,TGW139,21.245783656064354,113.67526436904144,9144.0
2500.0,TGW263,-1.944138445924273,108.01614051635039,9144.0
2500.0,TGW275,0.2979004267545155,104.04509205698788,9144.0
2500.0,TGW277,-0.02549978354086026,104.10748349036496,9144.0
2500.0,TGW281,-3.3069776284974948,109.61785295857116,9144.0
2500.0,SIA883,15.457602861488652,111.12389146317388,9144.0
2500.0,SIA915,8.933305560300349,115.84045156229277,9144.0
2500.0,SIA939,-4.061424734709158,110.50890886201472,9144.0
2500.0,SIA953,0.9468459701896428,104.05361863712477,9144.0
2500.0,SIA957,0.7843023466299859,103.97342817861005,9144.0
2500.0,SIA959,-2.0367156073752954,104.7938816772312,9144.0
2500.0,SJX731,19.12743909863273,117.89308392431751,9144.0
2500.0,TGW139,21.245783656064354,113.67526436904144,9144.0
2500.0,TGW263,-1.944138445924273,108.01614051635039,9144.0
2500.0,TGW275,0.2979004267545155,104.04509205698788,9144.0
2500.0,TGW277,-0.02549978354086026,104.10748349036496,9144.0
2500.0,TGW281,-3.3069776284974948,109.61785295857116,9144.0
2510.0,SIA883,15.430113149275638,111.10345015687152,9144.0
2510.0,SIA915,8.91259461957755,115.81216415164349,9144.0
2510.0,SIA939,-4.040913550455756,110.48230855870321,9144.0
2510.0,SIA953,0.9704103834759302,104.06377376556583,9144.0
2510.0,SIA957,0.8048432220158399,103.9848557415767,9144.0
2510.0,SIA959,-2.0061274179401822,104.78189457783172,9144.0
2510.0,SJX731,19.104393878327205,117.86908517556454,9144.0
2510.0,TGW139,21.2135352254988,113.66823278200854,9144.0
2510.0,TGW263,-1.922966059435006,107.99230948201983,9144.0
2510.0,TGW275,0.3222962388341669,104.04040578990387,9144.0
2510.0,TGW277,0.003237737785207976,104.10192156566293,9144.0
2510.0,TGW281,-3.284956660292414,109.59221425312337,9144.0
2510.0,SIA883,15.430113149275638,111.10345015687152,9144.0
2510.0,SIA915,8.91259461957755,115.81216415164349,9144.0
2510.0,SIA939,-4.040913550455756,110.48230855870321,9144.0
2510.0,SIA953,0.9704103834759302,104.06377376556583,9144.0
2510.0,SIA957,0.8048432220158399,103.9848557415767,9144.0
2510.0,SIA959,-2.0061274179401822,104.78189457783172,9144.0
2510.0,SJX731,19.104393878327205,117.86908517556454,9144.0
2510.0,TGW139,21.2135352254988,113.66823278200854,9144.0
2510.0,TGW263,-1.922966059435006,107.99230948201983,9144.0
2510.0,TGW275,0.3222962388341669,104.04040578990387,9144.0
2510.0,TGW277,0.003237737785207976,104.10192156566293,9144.0
2510.0,TGW281,-3.284956660292414,109.59221425312337,9144.0
2520.0,SIA883,15.402620877297865,111.08301525974926,9144.0
2520.0,SIA915,8.891846408947124,115.78390634153301,9144.0
2520.0,SIA939,-4.02036563809443,110.45566513658399,9144.0
2520.0,SIA953,0.9940608686060713,104.0737268051245,9144.0
2520.0,SIA957,0.8241336999770712,103.99828726319389,9144.0
2520.0,SIA959,-1.9755531212791753,104.76987226736088,9144.0
2520.0,SJX731,19.081377860837833,117.84505840151388,9144.0
2520.0,TGW139,21.181278063846676,113.66124895368681,9144.0
2520.0,TGW263,-1.9017933358857535,107.96847904152466,9144.0
2520.0,TGW275,0.34665924471989445,104.035551837081,9144.0
2520.0,TGW277,0.031621493832915445,104.09642810948408,9144.0
2520.0,TGW281,-3.2629349440072093,109.56657675601161,9144.0
2520.0,SIA883,15.402620877297865,111.08301525974926,9144.0
2520.0,SIA915,8.891846408947124,115.78390634153301,9144.0
2520.0,SIA939,-4.02036563809443,110.45566513658399,9144.0
2520.0,SIA953,0.9940608686060713,104.0737268051245,9144.0
2520.0,SIA957,0.8241336999770712,103.99828726319389,9144.0
2520.0,SIA959,-1.9755531212791753,104.76987226736088,9144.0
2520.0,SJX731,19.081377860837833,117.84505840151388,9144.0
2520.0,TGW139,21.181278063846676,113.66124895368681,9144.0
2520.0,TGW263,-1.9017933358857535,107.96847904152466,9144.0
2520.0,TGW275,0.34665924471989445,104.035551837081,9144.0
2520.0,TGW277,0.031621493832915445,104.09642810948408,9144.0
2520.0,TGW281,-3.2629349440072093,109.56657675601161,9144.0
2530.0,SIA883,15.375156425382938,111.0625428550745,9144.0
2530.0,SIA915,8.871126873160629,115.75569952257693,9144.0
2530.0,SIA939,-3.9997904969839477,110.42904351007685,9144.0
2530.0,SIA953,1.0177113152153363,104.08368000837928,9144.0
2530.0,SIA957,0.8449715537542625,104.00830275613744,9144.0
2530.0,SIA959,-1.9449787295717527,104.75785041846547,9144.0
2530.0,SJX731,19.058439536534028,117.82112598163941,9144.0
2530.0,TGW139,21.14902060793359,113.65426821059395,9144.0
2530.0,TGW263,-1.8806202788922817,107.94464918839314,9144.0
2530.0,TGW275,0.3711460323181514,104.03067319690783,9144.0
2530.0,TGW277,0.059998686029303194,104.09090084474254,9144.0
2530.0,TGW281,-3.240912405173246,109.54094052763108,9144.0
2530.0,SIA883,15.375156425382938,111.0625428550745,9144.0
2530.0,SIA915,8.871126873160629,115.75569952257693,9144.0
2530.0,SIA939,-3.9997904969839477,110.42904351007685,9144.0
2530.0,SIA953,1.0177113152153363,104.08368000837928,9144.0
2530.0,SIA957,0.8449715537542625,104.00830275613744,9144.0
2530.0,SIA959,-1.9449787295717527,104.75785041846547,9144.0
2530.0,SJX731,19.058439536534028,117.82112598163941,9144.0
2530.0,TGW139,21.14902060793359,113.65426821059395,9144.0
2530.0,TGW263,-1.8806202788922817,107.94464918839314,9144.0
2530.0,TGW275,0.3711460323181514,104.03067319690783,9144.0
2530.0,TGW277,0.059998686029303194,104.09090084474254,9144.0
2530.0,TGW281,-3.240912405173246,109.54094052763108,9144.0
2540.0,SIA883,15.347689531016774,111.04207667078965,9144.0
2540.0,SIA915,8.850426126510904,115.72748016511808,9144.0
2540.0,SIA939,-3.979213697896025,110.40242383807266,9144.0
2540.0,SIA953,1.0412603082439513,104.09387107566549,9144.0
2540.0,SIA957,0.8648157218046033,104.01784076092814,9144.0
2540.0,SIA959,-1.9143508514656709,104.7458077556138,9144.0
2540.0,SJX731,19.0354713359788,117.79722896454517,9144.0
2540.0,TGW139,21.11676714893593,113.64726779093114,9144.0
2540.0,TGW263,-1.8594468920665204,107.92081991615696,9144.0
2540.0,TGW275,0.3956289770519849,104.0257752933701,9144.0
2540.0,TGW277,0.08796133317139727,104.08545431895978,9144.0
2540.0,TGW281,-3.218887638810613,109.51530677516446,9144.0
2540.0,SIA883,15.347689531016774,111.04207667078965,9144.0
2540.0,SIA915,8.850426126510904,115.72748016511808,9144.0
2540.0,SIA939,-3.979213697896025,110.40242383807266,9144.0
2540.0,SIA953,1.0412603082439513,104.09387107566549,9144.0
2540.0,SIA957,0.8648157218046033,104.01784076092814,9144.0
2540.0,SIA959,-1.9143508514656709,104.7458077556138,9144.0
2540.0,SJX731,19.0354713359788,117.79722896454517,9144.0
2540.0,TGW139,21.11676714893593,113.64726779093114,9144.0
2540.0,TGW263,-1.8594468920665204,107.92081991615696,9144.0
2540.0,TGW275,0.3956289770519849,104.0257752933701,9144.0
2540.0,TGW277,0.08796133317139727,104.08545431895978,9144.0
2540.0,TGW281,-3.218887638810613,109.51530677516446,9144.0
2550.0,SIA883,15.320316793155653,111.02147798167967,9144.0
2550.0,SIA915,8.829755630507153,115.69931063561779,9144.0
2550.0,SIA939,-3.9581837284689865,110.37616311409448,9144.0
2550.0,SIA953,1.0644063654675304,104.10388798543664,9144.0
2550.0,SIA957,0.884659856258999,104.02737888607034,9144.0
2550.0,SJX731,19.012541072218433,117.77338181995927,9144.0
2550.0,TGW139,21.08451339721213,113.64027044147214,9144.0
2550.0,TGW263,-1.8382731790162181,107.89699121835145,9144.0
2550.0,TGW275,0.4196157530987184,104.02097662149379,9144.0
2550.0,TGW277,0.11591907206411012,104.07998264947655,9144.0
2550.0,TGW281,-3.1968449965117993,109.489688993719,9144.0
2550.0,SIA883,15.320316793155653,111.02147798167967,9144.0
2550.0,SIA915,8.829755630507153,115.69931063561779,9144.0
2550.0,SIA939,-3.9581837284689865,110.37616311409448,9144.0
2550.0,SIA953,1.0644063654675304,104.10388798543664,9144.0
2550.0,SIA957,0.884659856258999,104.02737888607034,9144.0
2550.0,SJX731,19.012541072218433,117.77338181995927,9144.0
2550.0,TGW139,21.08451339721213,113.64027044147214,9144.0
2550.0,TGW263,-1.8382731790162181,107.89699121835145,9144.0
2550.0,TGW275,0.4196157530987184,104.02097662149379,9144.0
2550.0,TGW277,0.11591907206411012,104.07998264947655,9144.0
2550.0,TGW281,-3.1968449965117993,109.489688993719,9144.0
2560.0,SIA883,15.29303376962687,111.0009546692618,9144.0
2560.0,SIA915,8.809083881549016,115.67114362454244,9144.0
2560.0,SIA939,-3.93711679256803,110.34985955140354,9144.0
2560.0,SIA953,1.087674316425858,104.11361837062655,9144.0
2560.0,SIA957,0.9051255582732376,104.03549771024157,9144.0
2560.0,SJX731,18.989607279034068,117.74954175879039,9144.0
2560.0,TGW139,21.05225931252873,113.63327637206832,9144.0
2560.0,TGW263,-1.8170991433445485,107.87316308851598,9144.0
2560.0,TGW275,0.44361639552490656,104.01624777962053,9144.0
2560.0,TGW277,0.14351989077131702,104.07458082298905,9144.0
2560.0,TGW281,-3.174838577318785,109.46411574390409,9144.0
2560.0,SIA883,15.29303376962687,111.0009546692618,9144.0
2560.0,SIA915,8.809083881549016,115.67114362454244,9144.0
2560.0,SIA939,-3.93711679256803,110.34985955140354,9144.0
2560.0,SIA953,1.087674316425858,104.11361837062655,9144.0
2560.0,SIA957,0.9051255582732376,104.03549771024157,9144.0
2560.0,SJX731,18.989607279034068,117.74954175879039,9144.0
2560.0,TGW139,21.05225931252873,113.63327637206832,9144.0
2560.0,TGW263,-1.8170991433445485,107.87316308851598,9144.0
2560.0,TGW275,0.44361639552490656,104.01624777962053,9144.0
2560.0,TGW277,0.14351989077131702,104.07458082298905,9144.0
2560.0,TGW281,-3.174838577318785,109.46411574390409,9144.0
2570.0,SIA883,15.265918275172808,110.98019678770989,9144.0
2570.0,SIA915,8.788375851424567,115.64293448140305,9144.0
2570.0,SIA939,-3.9150005965777352,110.32443676230665,9144.0
2570.0,SIA953,1.1094283906712437,104.12301829616779,9144.0
2570.0,SIA957,0.9246148237273488,104.04322929906391,9144.0
2570.0,SJX731,18.96666917598873,117.72570961692655,9144.0
2570.0,TGW139,21.02001593209076,113.6262273879057,9144.0
2570.0,TGW263,-1.7959247886496599,107.84933552019437,9144.0
2570.0,TGW275,0.46736769721931304,104.01156803432552,9144.0
2570.0,TGW277,0.17113152108672192,104.0692345283905,9144.0
2570.0,TGW281,-3.152834817833,109.43854074145456,9144.0
2570.0,SIA883,15.265918275172808,110.98019678770989,9144.0
2570.0,SIA915,8.788375851424567,115.64293448140305,9144.0
2570.0,SIA939,-3.9150005965777352,110.32443676230665,9144.0
2570.0,SIA953,1.1094283906712437,104.12301829616779,9144.0
2570.0,SIA957,0.9246148237273488,104.04322929906391,9144.0
2570.0,SJX731,18.96666917598873,117.72570961692655,9144.0
2570.0,TGW139,21.02001593209076,113.6262273879057,9144.0
2570.0,TGW263,-1.7959247886496599,107.84933552019437,9144.0
2570.0,TGW275,0.46736769721931304,104.01156803432552,9144.0
2570.0,TGW277,0.17113152108672192,104.0692345283905,9144.0
2570.0,TGW281,-3.152834817833,109.43854074145456,9144.0
2580.0,SIA883,15.238846562653508,110.95947949532899,9144.0
2580.0,SIA915,8.767659819308946,115.61473292920503,9144.0
2580.0,SIA939,-3.892920745219284,110.29905866114842,9144.0
2580.0,SIA953,1.1302366462999218,104.13200968234322,9144.0
2580.0,SIA957,0.9436935893927971,104.05192496345424,9144.0
2580.0,SJX731,18.943751566631718,117.70185871722352,9144.0
2580.0,TGW139,20.987715955925545,113.61916933532014,9144.0
2580.0,TGW263,-1.7747501185241603,107.82550850693534,9144.0
2580.0,TGW275,0.49120217237331765,104.00733223406495,9144.0
2580.0,TGW277,0.19856404145299117,104.06392289849735,9144.0
2580.0,TGW281,-3.130793156749535,109.41292374556019,9144.0
2580.0,SIA883,15.238846562653508,110.95947949532899,9144.0
2580.0,SIA915,8.767659819308946,115.61473292920503,9144.0
2580.0,SIA939,-3.892920745219284,110.29905866114842,9144.0
2580.0,SIA953,1.1302366462999218,104.13200968234322,9144.0
2580.0,SIA957,0.9436935893927971,104.05192496345424,9144.0
2580.0,SJX731,18.943751566631718,117.70185871722352,9144.0
2580.0,TGW139,20.987715955925545,113.61916933532014,9144.0
2580.0,TGW263,-1.7747501185241603,107.82550850693534,9144.0
2580.0,TGW275,0.49120217237331765,104.00733223406495,9144.0
2580.0,TGW277,0.19856404145299117,104.06392289849735,9144.0
2580.0,TGW281,-3.130793156749535,109.41292374556019,9144.0
2590.0,SIA883,15.211772760793698,110.93876779990906,9144.0
2590.0,SIA915,8.746948740234547,115.58652922332541,9144.0
2590.0,SIA939,-3.8708526377245738,110.27367096342475,9144.0
2590.0,SIA953,1.151134732824398,104.14079023863891,9144.0
2590.0,SIA957,0.9625362884423676,104.06000853651415,9144.0
2590.0,SJX731,18.92074806436364,117.67792882822117,9144.0
2590.0,TGW139,20.95539281225666,113.6122355176429,9144.0
2590.0,TGW263,-1.7535751365545227,107.80168204229301,9144.0
2590.0,TGW275,0.5150911846161158,104.00724324992578,9144.0
2590.0,TGW277,0.22599760827191417,104.058616666636,9144.0
2590.0,TGW281,-3.1087505168285365,109.38730813157129,9144.0
2590.0,SIA883,15.211772760793698,110.93876779990906,9144.0
2590.0,SIA915,8.746948740234547,115.58652922332541,9144.0
2590.0,SIA939,-3.8708526377245738,110.27367096342475,9144.0
2590.0,SIA953,1.151134732824398,104.14079023863891,9144.0
2590.0,SIA957,0.9625362884423676,104.06000853651415,9144.0
2590.0,SJX731,18.92074806436364,117.67792882822117,9144.0
2590.0,TGW139,20.95539281225666,113.6122355176429,9144.0
2590.0,TGW263,-1.7535751365545227,107.80168204229301,9144.0
2590.0,TGW275,0.5150911846161158,104.00724324992578,9144.0
2590.0,TGW277,0.22599760827191417,104.058616666636,9144.0
2590.0,TGW281,-3.1087505168285365,109.38730813157129,9144.0
2600.0,SIA883,15.184696635328356,110.9180620251582,9144.0
2600.0,SIA915,8.72626746893842,115.55837564799279,9144.0
2600.0,SIA939,-3.848783515627469,110.24828481144264,9144.0
2600.0,SIA953,1.1714333397096646,104.14931905903687,9144.0
2600.0,SIA957,0.9810121178781864,104.0679348206317,9144.0
2600.0,SJX731,18.89774099640407,117.65400606110614,9144.0
2600.0,TGW139,20.92301309063074,113.60529274851561,9144.0
2600.0,TGW263,-1.7323998463203956,107.77785611982755,9144.0
2600.0,TGW275,0.53818738532608,104.01124888498443,9144.0
2600.0,TGW277,0.252891488629286,104.05341480180267,9144.0
2600.0,TGW281,-3.086768222256071,109.36164109321038,9144.0
2600.0,SIA883,15.184696635328356,110.9180620251582,9144.0
2600.0,SIA915,8.72626746893842,115.55837564799279,9144.0
2600.0,SIA939,-3.848783515627469,110.24828481144264,9144.0
2600.0,SIA953,1.1714333397096646,104.14931905903687,9144.0
2600.0,SIA957,0.9810121178781864,104.0679348206317,9144.0
2600.0,SJX731,18.89774099640407,117.65400606110614,9144.0
2600.0,TGW139,20.92301309063074,113.60529274851561,9144.0
2600.0,TGW263,-1.7323998463203956,107.77785611982755,9144.0
2600.0,TGW275,0.53818738532608,104.01124888498443,9144.0
2600.0,TGW277,0.252891488629286,104.05341480180267,9144.0
2600.0,TGW281,-3.086768222256071,109.36164109321038,9144.0
2610.0,SIA883,15.157555514386434,110.89745046271946,9144.0
2610.0,SIA915,8.705617416007273,115.53020018406275,9144.0
2610.0,SIA939,-3.826789619464361,110.22283381862748,9144.0
2610.0,SIA953,1.1918028823931195,104.1576770353457,9144.0
2610.0,SIA957,0.9994820973110331,104.07587477522344,9144.0
2610.0,SJX731,18.87472940201998,117.63009144438318,9144.0
2610.0,TGW139,20.89065157594098,113.59825487228677,9144.0
2610.0,TGW263,-1.7112242513937994,107.75403073310588,9144.0
2610.0,TGW275,0.5605257799896308,104.01835375224248,9144.0
2610.0,TGW277,0.2797941541821894,104.0482585539979,9144.0
2610.0,TGW281,-3.064785016797143,109.33597536641308,9144.0
2610.0,SIA883,15.157555514386434,110.89745046271946,9144.0
2610.0,SIA915,8.705617416007273,115.53020018406275,9144.0
2610.0,SIA939,-3.826789619464361,110.22283381862748,9144.0
2610.0,SIA953,1.1918028823931195,104.1576770353457,9144.0
2610.0,SIA957,0.9994820973110331,104.07587477522344,9144.0
2610.0,SJX731,18.87472940201998,117.63009144438318,9144.0
2610.0,TGW139,20.89065157594098,113.59825487228677,9144.0
2610.0,TGW263,-1.7112242513937994,107.75403073310588,9144.0
2610.0,TGW275,0.5605257799896308,104.01835375224248,9144.0
2610.0,TGW277,0.2797941541821894,104.0482585539979,9144.0
2610.0,TGW281,-3.064785016797143,109.33597536641308,9144.0
2620.0,SIA883,15.13032028776491,110.87677502646439,9144.0
2620.0,SIA915,8.684997483793204,115.50207463505336,9144.0
2620.0,SIA939,-3.804757477856342,110.19734111983112,9144.0
2620.0,SIA953,1.2124737299573285,104.16615878559868,9144.0
2620.0,SIA957,1.017890776712125,104.08378848034125,9144.0
2620.0,SJX731,18.851696136619964,117.60620342128905,9144.0
2620.0,TGW139,20.858345997820667,113.59123235778597,9144.0
2620.0,TGW263,-1.6900483553381864,107.73020587570252,9144.0
2620.0,TGW275,0.5829819291992868,104.02507716107381,9144.0
2620.0,TGW277,0.30645574390524183,104.04314848778593,9144.0
2620.0,TGW281,-3.042701960807299,109.31039627394131,9144.0
2620.0,SIA883,15.13032028776491,110.87677502646439,9144.0
2620.0,SIA915,8.684997483793204,115.50207463505336,9144.0
2620.0,SIA939,-3.804757477856342,110.19734111983112,9144.0
2620.0,SIA953,1.2124737299573285,104.16615878559868,9144.0
2620.0,SIA957,1.017890776712125,104.08378848034125,9144.0
2620.0,SJX731,18.851696136619964,117.60620342128905,9144.0
2620.0,TGW139,20.858345997820667,113.59123235778597,9144.0
2620.0,TGW263,-1.6900483553381864,107.73020587570252,9144.0
2620.0,TGW275,0.5829819291992868,104.02507716107381,9144.0
2620.0,TGW277,0.30645574390524183,104.04314848778593,9144.0
2620.0,TGW281,-3.042701960807299,109.31039627394131,9144.0
2630.0,SIA883,15.103079975281133,110.85610943566685,9144.0
2630.0,SIA915,8.664325549304028,115.47398972288612,9144.0
2630.0,SIA939,-3.782723492554158,110.17185067164793,9144.0
2630.0,SIA953,1.2331216908565323,104.1746961904742,9144.0
2630.0,SIA957,1.036342194180979,104.09160203312152,9144.0
2630.0,SJX731,18.828742217481675,117.58240792984793,9144.0
2630.0,TGW139,20.826029638903965,113.58426837502545,9144.0
2630.0,TGW263,-1.66887216170733,107.70638154120057,9144.0
2630.0,TGW275,0.6045103469920619,104.03152285914601,9144.0
2630.0,TGW277,0.3330774469978368,104.03783451799352,9144.0
2630.0,TGW281,-3.020580831310763,109.28477537429576,9144.0
2630.0,SIA883,15.103079975281133,110.85610943566685,9144.0
2630.0,SIA915,8.664325549304028,115.47398972288612,9144.0
2630.0,SIA939,-3.782723492554158,110.17185067164793,9144.0
2630.0,SIA953,1.2331216908565323,104.1746961904742,9144.0
2630.0,SIA957,1.036342194180979,104.09160203312152,9144.0
2630.0,SJX731,18.828742217481675,117.58240792984793,9144.0
2630.0,TGW139,20.826029638903965,113.58426837502545,9144.0
2630.0,TGW263,-1.66887216170733,107.70638154120057,9144.0
2630.0,TGW275,0.6045103469920619,104.03152285914601,9144.0
2630.0,TGW277,0.3330774469978368,104.03783451799352,9144.0
2630.0,TGW281,-3.020580831310763,109.28477537429576,9144.0
2640.0,SIA883,15.07588333155252,110.83548449615593,9144.0
2640.0,SIA915,8.643684061897352,115.44595451874689,9144.0
2640.0,SIA939,-3.7607800732692422,110.14628252337582,9144.0
2640.0,SIA953,1.2537095118456902,104.18320887989523,9144.0
2640.0,SIA957,1.0547321239973655,104.09938965319455,9144.0
2640.0,SJX731,18.805784860323094,117.55861938926756,9144.0
2640.0,TGW139,20.793712981492632,113.57730747038696,9144.0
2640.0,TGW263,-1.6476956740440047,107.68255772319286,9144.0
2640.0,TGW275,0.6259364658700547,104.03830091818067,9144.0
2640.0,TGW277,0.3596388592977478,104.03253255363552,9144.0
2640.0,TGW281,-2.9984896807314247,109.25912906931069,9144.0
2640.0,SIA883,15.07588333155252,110.83548449615593,9144.0
2640.0,SIA915,8.643684061897352,115.44595451874689,9144.0
2640.0,SIA939,-3.7607800732692422,110.14628252337582,9144.0
2640.0,SIA953,1.2537095118456902,104.18320887989523,9144.0
2640.0,SIA957,1.0547321239973655,104.09938965319455,9144.0
2640.0,SJX731,18.805784860323094,117.55861938926756,9144.0
2640.0,TGW139,20.793712981492632,113.57730747038696,9144.0
2640.0,TGW263,-1.6476956740440047,107.68255772319286,9144.0
2640.0,TGW275,0.6259364658700547,104.03830091818067,9144.0
2640.0,TGW277,0.3596388592977478,104.03253255363552,9144.0
2640.0,TGW281,-2.9984896807314247,109.25912906931069,9144.0
2650.0,SIA883,15.048684145743243,110.81486578667976,9144.0
2650.0,SIA915,8.623131180556822,115.41785432171264,9144.0
2650.0,SIA939,-3.7388723587482513,110.12075956739758,9144.0
2650.0,SIA953,1.2743122343112707,104.19168549050707,9144.0
2650.0,SIA957,1.0711413607541254,104.11077377521252,9144.0
2650.0,SJX731,18.78282353268195,117.53483836908308,9144.0
2650.0,TGW139,20.761399270127416,113.57033242713062,9144.0
2650.0,TGW263,-1.6265188958784067,107.65873441528339,9144.0
2650.0,TGW275,0.6474862821652975,104.04511816832057,9144.0
2650.0,TGW277,0.3861941236854778,104.02719986508707,9144.0
2650.0,TGW281,-2.97643483765567,109.23352713519543,9144.0
2650.0,SIA883,15.048684145743243,110.81486578667976,9144.0
2650.0,SIA915,8.623131180556822,115.41785432171264,9144.0
2650.0,SIA939,-3.7388723587482513,110.12075956739758,9144.0
2650.0,SIA953,1.2743122343112707,104.19168549050707,9144.0
2650.0,SIA957,1.0711413607541254,104.11077377521252,9144.0
2650.0,SJX731,18.78282353268195,117.53483836908308,9144.0
2650.0,TGW139,20.761399270127416,113.57033242713062,9144.0
2650.0,TGW263,-1.6265188958784067,107.65873441528339,9144.0
2650.0,TGW275,0.6474862821652975,104.04511816832057,9144.0
2650.0,TGW277,0.3861941236854778,104.02719986508707,9144.0
2650.0,TGW281,-2.97643483765567,109.23352713519543,9144.0
2660.0,SIA883,15.021482758769414,110.79425281989074,9144.0
2660.0,SIA915,8.60260870749624,115.38980386999839,9144.0
2660.0,SIA939,-3.7169913536825967,110.09521424741621,9144.0
2660.0,SIA953,1.294794484506941,104.20011268997787,9144.0
2660.0,SIA957,1.0845963561531125,104.12507779877134,9144.0
2660.0,SJX731,18.75985992867884,117.5110630400767,9144.0
2660.0,TGW139,20.72908526235415,113.56336044411472,9144.0
2660.0,TGW263,-1.6053418307262468,107.63491161108904,9144.0
2660.0,TGW275,0.668907105248036,104.05233058643535,9144.0
2660.0,TGW277,0.41280965887855703,104.02185503903632,9144.0
2660.0,TGW281,-2.95437409707311,109.20793080696251,9144.0
2660.0,SIA883,15.021482758769414,110.79425281989074,9144.0
2660.0,SIA915,8.60260870749624,115.38980386999839,9144.0
2660.0,SIA939,-3.7169913536825967,110.09521424741621,9144.0
2660.0,SIA953,1.294794484506941,104.20011268997787,9144.0
2660.0,SIA957,1.0845963561531125,104.12507779877134,9144.0
2660.0,SJX731,18.75985992867884,117.5110630400767,9144.0
2660.0,TGW139,20.72908526235415,113.56336044411472,9144.0
2660.0,TGW263,-1.6053418307262468,107.63491161108904,9144.0
2660.0,TGW275,0.668907105248036,104.05233058643535,9144.0
2660.0,TGW277,0.41280965887855703,104.02185503903632,9144.0
2660.0,TGW281,-2.95437409707311,109.20793080696251,9144.0
2670.0,SIA883,14.99427049186605,110.77365787580824,9144.0
2670.0,SIA915,8.58200798366994,115.36181367273758,9144.0
2670.0,SIA939,-3.6950720844896687,110.06962721511394,9144.0
2670.0,SIA953,1.3153736485291252,104.20830032310913,9144.0
2670.0,SIA957,1.0946434130871634,104.14171698863512,9144.0
2670.0,SJX731,18.736975815134297,117.48738023321835,9144.0
2670.0,TGW139,20.69677997144174,113.55634392772039,9144.0
2670.0,TGW263,-1.5841644820864265,107.61108930424159,9144.0
2670.0,TGW275,0.6903279174219112,104.05954306893965,9144.0
2670.0,TGW277,0.4394254840955971,104.01651163903004,9144.0
2670.0,TGW281,-2.9323126557722423,109.18233559101195,9144.0
2670.0,SIA883,14.99427049186605,110.77365787580824,9144.0
2670.0,SIA915,8.58200798366994,115.36181367273758,9144.0
2670.0,SIA939,-3.6950720844896687,110.06962721511394,9144.0
2670.0,SIA953,1.3153736485291252,104.20830032310913,9144.0
2670.0,SIA957,1.0946434130871634,104.14171698863512,9144.0
2670.0,SJX731,18.736975815134297,117.48738023321835,9144.0
2670.0,TGW139,20.69677997144174,113.55634392772039,9144.0
2670.0,TGW263,-1.5841644820864265,107.61108930424159,9144.0
2670.0,TGW275,0.6903279174219112,104.05954306893965,9144.0
2670.0,TGW277,0.4394254840955971,104.01651163903004,9144.0
2670.0,TGW281,-2.9323126557722423,109.18233559101195,9144.0
2680.0,SIA883,14.967102033578286,110.7531034037063,9144.0
2680.0,SIA915,8.561404334851789,115.33382719452938,9144.0
2680.0,SIA939,-3.673097739364291,110.04408829493826,9144.0
2680.0,SIA953,1.336986897819835,104.21249804447496,9144.0
2680.0,SIA957,1.1008307683865395,104.15985970021039,9144.0
2680.0,SJX731,18.714088151273774,117.46370445841346,9144.0
2680.0,TGW139,20.664530664759745,113.54934268286847,9144.0
2680.0,TGW263,-1.5629868534381761,107.5872674883903,9144.0
2680.0,TGW275,0.7116587568117645,104.0670175225239,9144.0
2680.0,TGW277,0.46561845574918637,104.01125309311904,9144.0
2680.0,TGW281,-2.910250318599712,109.15674165221755,9144.0
2680.0,SIA883,14.967102033578286,110.7531034037063,9144.0
2680.0,SIA915,8.561404334851789,115.33382719452938,9144.0
2680.0,SIA939,-3.673097739364291,110.04408829493826,9144.0
2680.0,SIA953,1.336986897819835,104.21249804447496,9144.0
2680.0,SIA957,1.1008307683865395,104.15985970021039,9144.0
2680.0,SJX731,18.714088151273774,117.46370445841346,9144.0
2680.0,TGW139,20.664530664759745,113.54934268286847,9144.0
2680.0,TGW263,-1.5629868534381761,107.5872674883903,9144.0
2680.0,TGW275,0.7116587568117645,104.0670175225239,9144.0
2680.0,TGW277,0.46561845574918637,104.01125309311904,9144.0
2680.0,TGW281,-2.910250318599712,109.15674165221755,9144.0
2690.0,SIA883,14.939910040462923,110.73258490510865,9144.0
2690.0,SIA915,8.54081034716933,115.30583495813401,9144.0
2690.0,SIA939,-3.651122306725345,110.01855094128182,9144.0
2690.0,SIA953,1.3584144708474162,104.21249491455765,9144.0
2690.0,SIA957,1.1100282015679146,104.17667734644444,9144.0
2690.0,SJX731,18.69119490126216,117.44003790648432,9144.0
2690.0,TGW139,20.632270649372785,113.54239949280212,9144.0
2690.0,TGW263,-1.5418089482374928,107.56344615720508,9144.0
2690.0,TGW275,0.7328671343180315,104.07444913947718,9144.0
2690.0,TGW277,0.4918322495988924,104.0060993360278,9144.0
2690.0,TGW281,-2.8881734339940692,109.13116079234803,9144.0
2690.0,SIA883,14.939910040462923,110.73258490510865,9144.0
2690.0,SIA915,8.54081034716933,115.30583495813401,9144.0
2690.0,SIA939,-3.651122306725345,110.01855094128182,9144.0
2690.0,SIA953,1.3584144708474162,104.21249491455765,9144.0
2690.0,SIA957,1.1100282015679146,104.17667734644444,9144.0
2690.0,SJX731,18.69119490126216,117.44003790648432,9144.0
2690.0,TGW139,20.632270649372785,113.54239949280212,9144.0
2690.0,TGW263,-1.5418089482374928,107.56344615720508,9144.0
2690.0,TGW275,0.7328671343180315,104.07444913947718,9144.0
2690.0,TGW277,0.4918322495988924,104.0060993360278,9144.0
2690.0,TGW281,-2.8881734339940692,109.13116079234803,9144.0
2700.0,SIA883,14.91277232539641,110.7119921746365,9144.0
2700.0,SIA915,8.520213540539947,115.27784635185353,9144.0
2700.0,SIA939,-3.6291747678656177,109.99299013625505,9144.0
2700.0,SIA953,1.378978317028369,104.20840452487698,9144.0
2700.0,SIA957,1.1192578140811196,104.19355420332221,9144.0
2700.0,SJX731,18.668313843241023,117.41636141516081,9144.0
2700.0,TGW139,20.60006668161402,113.53547142634419,9144.0
2700.0,TGW263,-1.5206307699126462,107.5396253043805,9144.0
2700.0,TGW275,0.7540731170830023,104.08188762387076,9144.0
2700.0,TGW277,0.5177424319652333,104.00100522964817,9144.0
2700.0,TGW281,-2.866095910012552,109.10558098106614,9144.0
2700.0,SIA883,14.91277232539641,110.7119921746365,9144.0
2700.0,SIA915,8.520213540539947,115.27784635185353,9144.0
2700.0,SIA939,-3.6291747678656177,109.99299013625505,9144.0
2700.0,SIA953,1.378978317028369,104.20840452487698,9144.0
2700.0,SIA957,1.1192578140811196,104.19355420332221,9144.0
2700.0,SJX731,18.668313843241023,117.41636141516081,9144.0
2700.0,TGW139,20.60006668161402,113.53547142634419,9144.0
2700.0,TGW263,-1.5206307699126462,107.5396253043805,9144.0
2700.0,TGW275,0.7540731170830023,104.08188762387076,9144.0
2700.0,TGW277,0.5177424319652333,104.00100522964817,9144.0
2700.0,TGW281,-2.866095910012552,109.10558098106614,9144.0
2710.0,SIA883,14.885627202042063,110.6914124978559,9144.0
2710.0,SIA915,8.499619465515899,115.24985719581896,9144.0
2710.0,SIA939,-3.607189036956212,109.96738759850301,9144.0
2710.0,SIA953,1.3986029229602155,104.20160614211453,9144.0
2710.0,SIA957,1.1288624955597277,104.21022043474092,9144.0
2710.0,SJX731,18.645428936153785,117.39269226116363,9144.0
2710.0,TGW139,20.56786194125115,113.52854892130391,9144.0
2710.0,TGW263,-1.4994523218584306,107.51580492364084,9144.0
2710.0,TGW275,0.7755237750888418,104.08941201377144,9144.0
2710.0,TGW277,0.5436518297650924,103.99590711266609,9144.0
2710.0,TGW281,-2.84401771407414,109.08000224276797,9144.0
2710.0,SIA883,14.885627202042063,110.6914124978559,9144.0
2710.0,SIA915,8.499619465515899,115.24985719581896,9144.0
2710.0,SIA939,-3.607189036956212,109.96738759850301,9144.0
2710.0,SIA953,1.3986029229602155,104.20160614211453,9144.0
2710.0,SIA957,1.1288624955597277,104.21022043474092,9144.0
2710.0,SJX731,18.645428936153785,117.39269226116363,9144.0
2710.0,TGW139,20.56786194125115,113.52854892130391,9144.0
2710.0,TGW263,-1.4994523218584306,107.51580492364084,9144.0
2710.0,TGW275,0.7755237750888418,104.08941201377144,9144.0
2710.0,TGW277,0.5436518297650924,103.99590711266609,9144.0
2710.0,TGW281,-2.84401771407414,109.08000224276797,9144.0
2720.0,SIA883,14.858442349607271,110.67089163095913,9144.0
2720.0,SIA915,8.479056648466024,115.2219171629628,9144.0
2720.0,SIA939,-3.5852588061879347,109.94173793350745,9144.0
2720.0,SIA953,1.419181063903512,104.19880247145298,9144.0
2720.0,SIA957,1.1383997621748096,104.22677006348471,9144.0
2720.0,SJX731,18.622556630542608,117.36901273135386,9144.0
2720.0,TGW139,20.535600583276395,113.5216172510095,9144.0
2720.0,TGW263,-1.4782736074286895,107.49198500874684,9144.0
2720.0,TGW275,0.7969744114077891,104.09693650416821,9144.0
2720.0,TGW277,0.5693785279066685,103.99084490054834,9144.0
2720.0,TGW281,-2.821938700257831,109.05442469993045,9144.0
2720.0,SIA883,14.858442349607271,110.67089163095913,9144.0
2720.0,SIA915,8.479056648466024,115.2219171629628,9144.0
2720.0,SIA939,-3.5852588061879347,109.94173793350745,9144.0
2720.0,SIA953,1.419181063903512,104.19880247145298,9144.0
2720.0,SIA957,1.1383997621748096,104.22677006348471,9144.0
2720.0,SJX731,18.622556630542608,117.36901273135386,9144.0
2720.0,TGW139,20.535600583276395,113.5216172510095,9144.0
2720.0,TGW263,-1.4782736074286895,107.49198500874684,9144.0
2720.0,TGW275,0.7969744114077891,104.09693650416821,9144.0
2720.0,TGW277,0.5693785279066685,103.99084490054834,9144.0
2720.0,TGW281,-2.821938700257831,109.05442469993045,9144.0
2730.0,SIA883,14.831251829241054,110.650381383512,9144.0
2730.0,SIA915,8.458490477523515,115.19398114670432,9144.0
2730.0,SIA939,-3.563364666495767,109.91613303908831,9144.0
2730.0,SIA953,1.4388313325903612,104.1973629101851,9144.0
2730.0,SIA957,1.147939985591452,104.24331804223235,9144.0
2730.0,SJX731,18.599597805866463,117.34525473249279,9144.0
2730.0,TGW139,20.503338940931894,113.51468855043667,9144.0
2730.0,TGW263,-1.4570946299264147,107.46816555350445,9144.0
2730.0,TGW275,0.8184723235307604,104.10432485399647,9144.0
2730.0,TGW277,0.5950985446383279,103.9857488237234,9144.0
2730.0,TGW281,-2.7997795862875225,109.02891717364245,9144.0
2730.0,SIA883,14.831251829241054,110.650381383512,9144.0
2730.0,SIA915,8.458490477523515,115.19398114670432,9144.0
2730.0,SIA939,-3.563364666495767,109.91613303908831,9144.0
2730.0,SIA953,1.4388313325903612,104.1973629101851,9144.0
2730.0,SIA957,1.147939985591452,104.24331804223235,9144.0
2730.0,SJX731,18.599597805866463,117.34525473249279,9144.0
2730.0,TGW139,20.503338940931894,113.51468855043667,9144.0
2730.0,TGW263,-1.4570946299264147,107.46816555350445,9144.0
2730.0,TGW275,0.8184723235307604,104.10432485399647,9144.0
2730.0,TGW277,0.5950985446383279,103.9857488237234,9144.0
2730.0,TGW281,-2.7997795862875225,109.02891717364245,9144.0
2740.0,SIA883,14.804109943437537,110.62980489617787,9144.0
2740.0,SIA915,8.437919430767748,115.16605028950089,9144.0
2740.0,SIA939,-3.541408754635334,109.89058190724843,9144.0
2740.0,SIA953,1.4583444785266997,104.1946341654077,9144.0
2740.0,SIA957,1.1574160609531001,104.25959111501058,9144.0
2740.0,SJX731,18.57660598811655,117.32153548103882,9144.0
2740.0,TGW139,20.471089461642844,113.50769707665617,9144.0
2740.0,TGW263,-1.435915392590352,107.44434655177675,9144.0
2740.0,TGW275,0.8400109631294447,104.11179356913351,9144.0
2740.0,TGW277,0.6204520468459118,103.98072531902301,9144.0
2740.0,TGW281,-2.777619688713876,109.00341081027167,9144.0
2740.0,SIA883,14.804109943437537,110.62980489617787,9144.0
2740.0,SIA915,8.437919430767748,115.16605028950089,9144.0
2740.0,SIA939,-3.541408754635334,109.89058190724843,9144.0
2740.0,SIA953,1.4583444785266997,104.1946341654077,9144.0
2740.0,SIA957,1.1574160609531001,104.25959111501058,9144.0
2740.0,SJX731,18.57660598811655,117.32153548103882,9144.0
2740.0,TGW139,20.471089461642844,113.50769707665617,9144.0
2740.0,TGW263,-1.435915392590352,107.44434655177675,9144.0
2740.0,TGW275,0.8400109631294447,104.11179356913351,9144.0
2740.0,TGW277,0.6204520468459118,103.98072531902301,9144.0
2740.0,TGW281,-2.777619688713876,109.00341081027167,9144.0
2750.0,SIA883,14.777009220350227,110.60927259477494,9144.0
2750.0,SIA915,8.417378920847705,115.13816912093036,9144.0
2750.0,SIA939,-3.519414835639426,109.8649888727196,9144.0
2750.0,SIA953,1.477058268607448,104.19201715843576,9144.0
2750.0,SIA957,1.1668919983112849,104.27586432277998,9144.0
2750.0,SJX731,18.55361096288132,117.29782288689236,9144.0
2750.0,TGW139,20.438783415029157,113.50069637610721,9144.0
2750.0,TGW263,-1.4147358985764131,107.42052799750051,9144.0
2750.0,TGW275,0.861427273389944,104.11921995405899,9144.0
2750.0,TGW277,0.6458056020377543,103.97570205720821,9144.0
2750.0,TGW281,-2.7555404762763156,108.97783488310219,9144.0
2750.0,SIA883,14.777009220350227,110.60927259477494,9144.0
2750.0,SIA915,8.417378920847705,115.13816912093036,9144.0
2750.0,SIA939,-3.519414835639426,109.8649888727196,9144.0
2750.0,SIA953,1.477058268607448,104.19201715843576,9144.0
2750.0,SIA957,1.1668919983112849,104.27586432277998,9144.0
2750.0,SJX731,18.55361096288132,117.29782288689236,9144.0
2750.0,TGW139,20.438783415029157,113.50069637610721,9144.0
2750.0,TGW263,-1.4147358985764131,107.42052799750051,9144.0
2750.0,TGW275,0.861427273389944,104.11921995405899,9144.0
2750.0,TGW277,0.6458056020377543,103.97570205720821,9144.0
2750.0,TGW281,-2.7555404762763156,108.97783488310219,9144.0
2760.0,SIA883,14.74984863036451,110.5888276329225,9144.0
2760.0,SIA915,8.396838346019463,115.11028947844626,9144.0
2760.0,SIA939,-3.4974197205116555,109.83939747237943,9144.0
2760.0,SIA953,1.4958454061976967,104.18999321013199,9144.0
2760.0,SIA957,1.176356508760278,104.2921442368592,9144.0
2760.0,SJX731,18.53061261608495,117.27411706899443,9144.0
2760.0,TGW139,20.406463823040472,113.49376870032162,9144.0
2760.0,TGW263,-1.3935561509311232,107.39670988470985,9144.0
2760.0,TGW275,0.8828435602696374,104.1266464486823,9144.0
2760.0,TGW277,0.6707910128646012,103.97075168492323,9144.0
2760.0,TGW281,-2.733497873197661,108.95230306227252,9144.0
2760.0,SIA883,14.74984863036451,110.5888276329225,9144.0
2760.0,SIA915,8.396838346019463,115.11028947844626,9144.0
2760.0,SIA939,-3.4974197205116555,109.83939747237943,9144.0
2760.0,SIA953,1.4958454061976967,104.18999321013199,9144.0
2760.0,SIA957,1.176356508760278,104.2921442368592,9144.0
2760.0,SJX731,18.53061261608495,117.27411706899443,9144.0
2760.0,TGW139,20.406463823040472,113.49376870032162,9144.0
2760.0,TGW263,-1.3935561509311232,107.39670988470985,9144.0
2760.0,TGW275,0.8828435602696374,104.1266464486823,9144.0
2760.0,TGW277,0.6707910128646012,103.97075168492323,9144.0
2760.0,TGW281,-2.733497873197661,108.95230306227252,9144.0
2770.0,SIA883,14.722731057399226,110.5684242983925,9144.0
2770.0,SIA915,8.376227739995894,115.0823217014606,9144.0
2770.0,SIA939,-3.4754437220971566,109.81379019123919,9144.0
2770.0,SIA953,1.5143857469772228,104.18760909087806,9144.0
2770.0,SIA957,1.1857528629508127,104.3083073025549,9144.0
2770.0,SJX731,18.507610599097436,117.250418399563,9144.0
2770.0,TGW139,20.37408768381744,113.48683189863931,9144.0
2770.0,TGW263,-1.3723761525523162,107.37289220757114,9144.0
2770.0,TGW275,0.9042610675082648,104.13406946558011,9144.0
2770.0,TGW277,0.6958202049027592,103.9660276592842,9144.0
2770.0,TGW281,-2.711454636730375,108.92677225661023,9144.0
2770.0,SIA883,14.722731057399226,110.5684242983925,9144.0
2770.0,SIA915,8.376227739995894,115.0823217014606,9144.0
2770.0,SIA939,-3.4754437220971566,109.81379019123919,9144.0
2770.0,SIA953,1.5143857469772228,104.18760909087806,9144.0
2770.0,SIA957,1.1857528629508127,104.3083073025549,9144.0
2770.0,SJX731,18.507610599097436,117.250418399563,9144.0
2770.0,TGW139,20.37408768381744,113.48683189863931,9144.0
2770.0,TGW263,-1.3723761525523162,107.37289220757114,9144.0
2770.0,TGW275,0.9042610675082648,104.13406946558011,9144.0
2770.0,TGW277,0.6958202049027592,103.9660276592842,9144.0
2770.0,TGW281,-2.711454636730375,108.92677225661023,9144.0
2780.0,SIA883,14.695666146024445,110.54794888820803,9144.0
2780.0,SIA915,8.355599368223277,115.05436878964318,9144.0
2780.0,SIA939,-3.4535040444446685,109.7882274621386,9144.0
2780.0,SIA953,1.5316837194558686,104.18127123553032,9144.0
2780.0,SIA957,1.1958720054434309,104.32402782708303,9144.0
2780.0,SJX731,18.484552151303244,117.22678397484076,9144.0
2780.0,TGW139,20.34171125612944,113.47989808319564,9144.0
2780.0,TGW263,-1.3511959061283818,107.34907496043714,9144.0
2780.0,TGW275,0.9256785555825836,104.14149258210105,9144.0
2780.0,TGW277,0.7209705286943002,103.96544758058054,9144.0
2780.0,TGW281,-2.6894106541332237,108.901242559905,9144.0
2780.0,SIA883,14.695666146024445,110.54794888820803,9144.0
2780.0,SIA915,8.355599368223277,115.05436878964318,9144.0
2780.0,SIA939,-3.4535040444446685,109.7882274621386,9144.0
2780.0,SIA953,1.5316837194558686,104.18127123553032,9144.0
2780.0,SIA957,1.1958720054434309,104.32402782708303,9144.0
2780.0,SJX731,18.484552151303244,117.22678397484076,9144.0
2780.0,TGW139,20.34171125612944,113.47989808319564,9144.0
2780.0,TGW263,-1.3511959061283818,107.34907496043714,9144.0
2780.0,TGW275,0.9256785555825836,104.14149258210105,9144.0
2780.0,TGW277,0.7209705286943002,103.96544758058054,9144.0
2780.0,TGW281,-2.6894106541332237,108.901242559905,9144.0
2790.0,SIA883,14.668506341164926,110.52741050149575,9144.0
2790.0,SIA915,8.334991934775656,115.02640158072306,9144.0
2790.0,SIA939,-3.431563415267917,109.76266614154078,9144.0
2790.0,SIA953,1.5468883878170085,104.17135642314773,9144.0
2790.0,SIA957,1.2089502575330346,104.33681077634714,9144.0
2790.0,SJX731,18.46157951526622,117.20306000656672,9144.0
2790.0,TGW139,20.30932355341053,113.47302586152071,9144.0
2790.0,TGW263,-1.3300154140391234,107.32525813793517,9144.0
2790.0,TGW275,0.947074920256494,104.1489764282267,9144.0
2790.0,TGW277,0.74575235658556,103.96897147870675,9144.0
2790.0,TGW281,-2.6673477795070326,108.8757296836231,9144.0
2790.0,SIA883,14.668506341164926,110.52741050149575,9144.0
2790.0,SIA915,8.334991934775656,115.02640158072306,9144.0
2790.0,SIA939,-3.431563415267917,109.76266614154078,9144.0
2790.0,SIA953,1.5468883878170085,104.17135642314773,9144.0
2790.0,SIA957,1.2089502575330346,104.33681077634714,9144.0
2790.0,SJX731,18.46157951526622,117.20306000656672,9144.0
2790.0,TGW139,20.30932355341053,113.47302586152071,9144.0
2790.0,TGW263,-1.3300154140391234,107.32525813793517,9144.0
2790.0,TGW275,0.947074920256494,104.1489764282267,9144.0
2790.0,TGW277,0.74575235658556,103.96897147870675,9144.0
2790.0,TGW281,-2.6673477795070326,108.8757296836231,9144.0
2800.0,SIA883,14.64129837601124,110.506942880695,9144.0
2800.0,SIA915,8.314376010638853,114.99844223653301,9144.0
2800.0,SIA939,-3.4096032507033924,109.73712224772203,9144.0
2800.0,SIA953,1.5585969968974034,104.1588574706438,9144.0
2800.0,SIA957,1.2245492488305179,104.34635461206338,9144.0
2800.0,SJX731,18.438479494350002,117.17921471636244,9144.0
2800.0,TGW139,20.276991864986254,113.46616848968085,9144.0
2800.0,TGW263,-1.3088346781822227,107.30144173512157,9144.0
2800.0,TGW275,0.9684100815215513,104.15643902486293,9144.0
2800.0,TGW277,0.7696873336640263,103.97651066461944,9144.0
2800.0,TGW281,-2.6452098756216924,108.8501316169902,9144.0
2800.0,SIA883,14.64129837601124,110.506942880695,9144.0
2800.0,SIA915,8.314376010638853,114.99844223653301,9144.0
2800.0,SIA939,-3.4096032507033924,109.73712224772203,9144.0
2800.0,SIA953,1.5585969968974034,104.1588574706438,9144.0
2800.0,SIA957,1.2245492488305179,104.34635461206338,9144.0
2800.0,SJX731,18.438479494350002,117.17921471636244,9144.0
2800.0,TGW139,20.276991864986254,113.46616848968085,9144.0
2800.0,TGW263,-1.3088346781822227,107.30144173512157,9144.0
2800.0,TGW275,0.9684100815215513,104.15643902486293,9144.0
2800.0,TGW277,0.7696873336640263,103.97651066461944,9144.0
2800.0,TGW281,-2.6452098756216924,108.8501316169902,9144.0
2810.0,SIA883,14.614041682035095,110.48644697677071,9144.0
2810.0,SIA915,8.293812878099297,114.97044468061995,9144.0
2810.0,SIA939,-3.3876051559088047,109.71153636830769,9144.0
2810.0,SIA953,1.5669974790681447,104.14393104198241,9144.0
2810.0,SIA957,1.2418832877410737,104.35217859334651,9144.0
2810.0,SJX731,18.41537576693627,117.15537661943807,9144.0
2810.0,TGW139,20.2446826205347,113.45919338260357,9144.0
2810.0,TGW263,-1.2876536996394277,107.27762574777876,9144.0
2810.0,TGW275,0.9898095414118855,104.16371518194681,9144.0
2810.0,TGW277,0.7928934840893104,103.98606075586893,9144.0
2810.0,TGW281,-2.623071422139606,108.82453448172079,9144.0
2810.0,SIA883,14.614041682035095,110.48644697677071,9144.0
2810.0,SIA915,8.293812878099297,114.97044468061995,9144.0
2810.0,SIA939,-3.3876051559088047,109.71153636830769,9144.0
2810.0,SIA953,1.5669974790681447,104.14393104198241,9144.0
2810.0,SIA957,1.2418832877410737,104.35217859334651,9144.0
2810.0,SJX731,18.41537576693627,117.15537661943807,9144.0
2810.0,TGW139,20.2446826205347,113.45919338260357,9144.0
2810.0,TGW263,-1.2876536996394277,107.27762574777876,9144.0
2810.0,TGW275,0.9898095414118855,104.16371518194681,9144.0
2810.0,TGW277,0.7928934840893104,103.98606075586893,9144.0
2810.0,TGW281,-2.623071422139606,108.82453448172079,9144.0
2820.0,SIA883,14.586847941319947,110.46586450384044,9144.0
2820.0,SIA915,8.273243988463825,114.9424529069283,9144.0
2820.0,SIA939,-3.365606231001275,109.6859517847207,9144.0
2820.0,SIA953,1.5709831056951074,104.12855672310117,9144.0
2820.0,SIA957,1.259946890526729,104.3539453902821,9144.0
2820.0,SJX731,18.392046001668845,117.13178753711293,9144.0
2820.0,TGW139,20.21231684206342,113.45220907556823,9144.0
2820.0,TGW263,-1.2664724779418606,107.25381017306901,9144.0
2820.0,TGW275,1.011270333317868,104.17101230943776,9144.0
2820.0,TGW277,0.8158382059189784,103.99622308201606,9144.0
2820.0,TGW281,-2.6009324206098086,108.79893827264965,9144.0
2820.0,SIA883,14.586847941319947,110.46586450384044,9144.0
2820.0,SIA915,8.273243988463825,114.9424529069283,9144.0
2820.0,SIA939,-3.365606231001275,109.6859517847207,9144.0
2820.0,SIA953,1.5709831056951074,104.12855672310117,9144.0
2820.0,SIA957,1.259946890526729,104.3539453902821,9144.0
2820.0,SJX731,18.392046001668845,117.13178753711293,9144.0
2820.0,TGW139,20.21231684206342,113.45220907556823,9144.0
2820.0,TGW263,-1.2664724779418606,107.25381017306901,9144.0
2820.0,TGW275,1.011270333317868,104.17101230943776,9144.0
2820.0,TGW277,0.8158382059189784,103.99622308201606,9144.0
2820.0,TGW281,-2.6009324206098086,108.79893827264965,9144.0
2830.0,SIA883,14.559651673171162,110.4452881361622,9144.0
2830.0,SIA915,8.252621364008952,114.91450299628251,9144.0
2830.0,SIA939,-3.3436059018502506,109.66036898862126,9144.0
2830.0,SIA953,1.5787722406095568,104.11471649103412,9144.0
2830.0,SIA957,1.2780150572437212,104.3516144947421,9144.0
2830.0,SJX731,18.369077877739294,117.10781075770086,9144.0
2830.0,TGW139,20.17994447724469,113.44526096157054,9144.0
2830.0,TGW263,-1.2452910090745417,107.2299950113102,9144.0
2830.0,TGW275,1.0326786232550214,104.17846215654774,9144.0
2830.0,TGW277,0.8385522592456667,104.00628337575428,9144.0
2830.0,TGW281,-2.5787928715367454,108.77334298551709,9144.0
2830.0,SIA883,14.559651673171162,110.4452881361622,9144.0
2830.0,SIA915,8.252621364008952,114.91450299628251,9144.0
2830.0,SIA939,-3.3436059018502506,109.66036898862126,9144.0
2830.0,SIA953,1.5787722406095568,104.11471649103412,9144.0
2830.0,SIA957,1.2780150572437212,104.3516144947421,9144.0
2830.0,SJX731,18.369077877739294,117.10781075770086,9144.0
2830.0,TGW139,20.17994447724469,113.44526096157054,9144.0
2830.0,TGW263,-1.2452910090745417,107.2299950113102,9144.0
2830.0,TGW275,1.0326786232550214,104.17846215654774,9144.0
2830.0,TGW277,0.8385522592456667,104.00628337575428,9144.0
2830.0,TGW281,-2.5787928715367454,108.77334298551709,9144.0
2840.0,SIA883,14.532382542688765,110.42481749353348,9144.0
2840.0,SIA915,8.231994238419714,114.88655793457202,9144.0
2840.0,SIA939,-3.321579245582635,109.63480950609966,9144.0
2840.0,SIA953,1.583201146386643,104.10056102733034,9144.0
2840.0,SIA957,1.2951032119533312,104.34529750389167,9144.0
2840.0,SJX731,18.346064284184273,117.08379899127004,9144.0
2840.0,TGW139,20.147571837584522,113.43831574235791,9144.0
2840.0,TGW263,-1.2241092774834965,107.20618027308845,9144.0
2840.0,TGW275,1.0529218142354906,104.18548859133504,9144.0
2840.0,TGW277,0.8613691619906761,104.01610818186506,9144.0
2840.0,TGW281,-2.5566527736894633,108.74774861756785,9144.0
2840.0,SIA883,14.532382542688765,110.42481749353348,9144.0
2840.0,SIA915,8.231994238419714,114.88655793457202,9144.0
2840.0,SIA939,-3.321579245582635,109.63480950609966,9144.0
2840.0,SIA953,1.583201146386643,104.10056102733034,9144.0
2840.0,SIA957,1.2951032119533312,104.34529750389167,9144.0
2840.0,SJX731,18.346064284184273,117.08379899127004,9144.0
2840.0,TGW139,20.147571837584522,113.43831574235791,9144.0
2840.0,TGW263,-1.2241092774834965,107.20618027308845,9144.0
2840.0,TGW275,1.0529218142354906,104.18548859133504,9144.0
2840.0,TGW277,0.8613691619906761,104.01610818186506,9144.0
2840.0,TGW281,-2.5566527736894633,108.74774861756785,9144.0
2850.0,SIA883,14.505203153019812,110.4044220059945,9144.0
2850.0,SIA915,8.211360089390153,114.8586196208042,9144.0
2850.0,SIA939,-3.2995517260965754,109.60925133839645,9144.0
2850.0,SIA953,1.5834150492887613,104.08629435538974,9144.0
2850.0,SIA957,1.310539988664718,104.33524174027303,9144.0
2850.0,SJX731,18.322166871602974,117.06076861597784,9144.0
2850.0,TGW139,20.115198922728837,113.43137341671503,9144.0
2850.0,TGW263,-1.2029271514645061,107.18236607234952,9144.0
2850.0,TGW275,1.0722915208961734,104.19221193244812,9144.0
2850.0,TGW277,0.8840118208329882,104.02585809322983,9144.0
2850.0,TGW281,-2.5345121226289327,108.72215516882781,9144.0
2850.0,SIA883,14.505203153019812,110.4044220059945,9144.0
2850.0,SIA915,8.211360089390153,114.8586196208042,9144.0
2850.0,SIA939,-3.2995517260965754,109.60925133839645,9144.0
2850.0,SIA953,1.5834150492887613,104.08629435538974,9144.0
2850.0,SIA957,1.310539988664718,104.33524174027303,9144.0
2850.0,SJX731,18.322166871602974,117.06076861597784,9144.0
2850.0,TGW139,20.115198922728837,113.43137341671503,9144.0
2850.0,TGW263,-1.2029271514645061,107.18236607234952,9144.0
2850.0,TGW275,1.0722915208961734,104.19221193244812,9144.0
2850.0,TGW277,0.8840118208329882,104.02585809322983,9144.0
2850.0,TGW281,-2.5345121226289327,108.72215516882781,9144.0
2860.0,SIA883,14.478093694345132,110.38392996420704,9144.0
2860.0,SIA915,8.190723061982071,114.83068492752629,9144.0
2860.0,SIA939,-3.2775613991469985,109.58366162112016,9144.0
2860.0,SIA953,1.579561196451375,104.07307289056382,9144.0
2860.0,SIA957,1.3232515877224151,104.32209338774565,9144.0
2860.0,SJX731,18.298309348746105,117.03778569442211,9144.0
2860.0,TGW139,20.082825730299245,113.42443399413705,9144.0
2860.0,TGW263,-1.181747407658152,107.15854993520806,9144.0
2860.0,TGW275,1.0916756829423055,104.19889351069433,9144.0
2860.0,TGW277,0.906658629893723,104.03559841857165,9144.0
2860.0,TGW281,-2.512370906910873,108.69656264539587,9144.0
2860.0,SIA883,14.478093694345132,110.38392996420704,9144.0
2860.0,SIA915,8.190723061982071,114.83068492752629,9144.0
2860.0,SIA939,-3.2775613991469985,109.58366162112016,9144.0
2860.0,SIA953,1.579561196451375,104.07307289056382,9144.0
2860.0,SIA957,1.3232515877224151,104.32209338774565,9144.0
2860.0,SJX731,18.298309348746105,117.03778569442211,9144.0
2860.0,TGW139,20.082825730299245,113.42443399413705,9144.0
2860.0,TGW263,-1.181747407658152,107.15854993520806,9144.0
2860.0,TGW275,1.0916756829423055,104.19889351069433,9144.0
2860.0,TGW277,0.906658629893723,104.03559841857165,9144.0
2860.0,TGW281,-2.512370906910873,108.69656264539587,9144.0
2870.0,SIA883,14.451027918967968,110.36347848977806,9144.0
2870.0,SIA915,8.170055243050069,114.80277492736428,9144.0
2870.0,SIA939,-3.2556074899903145,109.5581163301239,9144.0
2870.0,SIA953,1.5719883836902997,104.0615716495459,9144.0
2870.0,SIA957,1.3333834606400505,104.30719535776927,9144.0
2870.0,SJX731,18.27444907258495,117.01480910602052,9144.0
2870.0,TGW139,20.050451807697346,113.41749986568334,9144.0
2870.0,TGW263,-1.1605288291197373,107.1346907304418,9144.0
2870.0,TGW275,1.110808420009979,104.20548851723672,9144.0
2870.0,TGW277,0.9288388407542536,104.0451381971195,9144.0
2870.0,TGW281,-2.490229094388547,108.67097107131822,9144.0
2870.0,SIA883,14.451027918967968,110.36347848977806,9144.0
2870.0,SIA915,8.170055243050069,114.80277492736428,9144.0
2870.0,SIA939,-3.2556074899903145,109.5581163301239,9144.0
2870.0,SIA953,1.5719883836902997,104.0615716495459,9144.0
2870.0,SIA957,1.3333834606400505,104.30719535776927,9144.0
2870.0,SJX731,18.27444907258495,117.01480910602052,9144.0
2870.0,TGW139,20.050451807697346,113.41749986568334,9144.0
2870.0,TGW263,-1.1605288291197373,107.1346907304418,9144.0
2870.0,TGW275,1.110808420009979,104.20548851723672,9144.0
2870.0,TGW277,0.9288388407542536,104.0451381971195,9144.0
2870.0,TGW281,-2.490229094388547,108.67097107131822,9144.0
2880.0,SIA883,14.423910729197301,110.3431022580768,9144.0
2880.0,SIA915,8.149384455821256,114.77486861444622,9144.0
2880.0,SIA939,-3.23365279069211,109.5325722752922,9144.0
2880.0,SIA953,1.561326118506888,104.05274782453466,9144.0
2880.0,SIA957,1.3467418088694232,104.29480470163382,9144.0
2880.0,SJX731,18.250586047700594,116.99183884093752,9144.0
2880.0,TGW139,20.018133878840597,113.41058065030279,9144.0
2880.0,TGW263,-1.1393100450364135,107.1108318859068,9144.0
2880.0,TGW275,1.1300168813529679,104.21185956052241,9144.0
2880.0,TGW277,0.9510513165643635,104.05460264691577,9144.0
2880.0,TGW281,-2.468086515957249,108.64538058937173,9144.0
2880.0,SIA883,14.423910729197301,110.3431022580768,9144.0
2880.0,SIA915,8.149384455821256,114.77486861444622,9144.0
2880.0,SIA939,-3.23365279069211,109.5325722752922,9144.0
2880.0,SIA953,1.561326118506888,104.05274782453466,9144.0
2880.0,SIA957,1.3467418088694232,104.29480470163382,9144.0
2880.0,SJX731,18.250586047700594,116.99183884093752,9144.0
2880.0,TGW139,20.018133878840597,113.41058065030279,9144.0
2880.0,TGW263,-1.1393100450364135,107.1108318859068,9144.0
2880.0,TGW275,1.1300168813529679,104.21185956052241,9144.0
2880.0,TGW277,0.9510513165643635,104.05460264691577,9144.0
2880.0,TGW281,-2.468086515957249,108.64538058937173,9144.0
2890.0,SIA883,14.396791291587125,110.32273169374929,9144.0
2890.0,SIA915,8.128821097762103,114.7468828594409,9144.0
2890.0,SIA939,-3.211696854100453,109.50702983846391,9144.0
2890.0,SIA953,1.548490873083291,104.0473876197364,9144.0
2890.0,SIA957,1.3624311244536342,104.28581375111489,9144.0
2890.0,SJX731,18.226720278670037,116.96887488934307,9144.0
2890.0,TGW139,19.98581567824861,113.40366429298501,9144.0
2890.0,TGW263,-1.1180910590219542,107.08697339511514,9144.0
2890.0,TGW275,1.14903553822492,104.21816774051676,9144.0
2890.0,TGW277,0.9731465159558751,104.06401726600167,9144.0
2890.0,TGW281,-2.4460001034316927,108.61974195063105,9144.0
2890.0,SIA883,14.396791291587125,110.32273169374929,9144.0
2890.0,SIA915,8.128821097762103,114.7468828594409,9144.0
2890.0,SIA939,-3.211696854100453,109.50702983846391,9144.0
2890.0,SIA953,1.548490873083291,104.0473876197364,9144.0
2890.0,SIA957,1.3624311244536342,104.28581375111489,9144.0
2890.0,SJX731,18.226720278670037,116.96887488934307,9144.0
2890.0,TGW139,19.98581567824861,113.40366429298501,9144.0
2890.0,TGW263,-1.1180910590219542,107.08697339511514,9144.0
2890.0,TGW275,1.14903553822492,104.21816774051676,9144.0
2890.0,TGW277,0.9731465159558751,104.06401726600167,9144.0
2890.0,TGW281,-2.4460001034316927,108.61974195063105,9144.0
2900.0,SIA883,14.369677167585772,110.3023560642733,9144.0
2900.0,SIA915,8.108255114518778,114.718900505755,9144.0
2900.0,SIA939,-3.189746271281524,109.48148333340811,9144.0
2900.0,SIA953,1.5347197975769762,104.04602939050591,9144.0
2900.0,SIA957,1.3797431435173526,104.28059303147406,9144.0
2900.0,SJX731,18.2028517700662,116.94591724141272,9144.0
2900.0,TGW139,19.95455741193712,113.39252486071273,9144.0
2900.0,TGW263,-1.0968718746833017,107.06311525158496,9144.0
2900.0,TGW275,1.1681342283581226,104.22422923764024,9144.0
2900.0,TGW277,0.9952146261380345,104.07349528982698,9144.0
2900.0,TGW281,-2.4239131474475335,108.59410420118579,9144.0
2900.0,SIA883,14.369677167585772,110.3023560642733,9144.0
2900.0,SIA915,8.108255114518778,114.718900505755,9144.0
2900.0,SIA939,-3.189746271281524,109.48148333340811,9144.0
2900.0,SIA953,1.5347197975769762,104.04602939050591,9144.0
2900.0,SIA957,1.3797431435173526,104.28059303147406,9144.0
2900.0,SJX731,18.2028517700662,116.94591724141272,9144.0
2900.0,TGW139,19.95455741193712,113.39252486071273,9144.0
2900.0,TGW263,-1.0968718746833017,107.06311525158496,9144.0
2900.0,TGW275,1.1681342283581226,104.22422923764024,9144.0
2900.0,TGW277,0.9952146261380345,104.07349528982698,9144.0
2900.0,TGW281,-2.4239131474475335,108.59410420118579,9144.0
2910.0,SIA883,14.342514762374776,110.28195135695817,9144.0
2910.0,SIA915,8.087598948106203,114.69098744106181,9144.0
2910.0,SIA939,-3.167831649602057,109.45598167550513,9144.0
2910.0,SIA953,1.520892843849621,104.04548025755398,9144.0
2910.0,SIA957,1.39792000352549,104.27937169292933,9144.0
2910.0,SJX731,18.178980526457934,116.92296588732752,9144.0
2910.0,TGW139,19.92457899676458,113.37779406770203,9144.0
2910.0,TGW263,-1.075652495619559,107.03925744884135,9144.0
2910.0,TGW275,1.1870418977789945,104.23023019746589,9144.0
2910.0,TGW277,1.01710672154557,104.08289786409703,9144.0
2910.0,TGW281,-2.4018256228542376,108.56846735893457,9144.0
2910.0,SIA883,14.342514762374776,110.28195135695817,9144.0
2910.0,SIA915,8.087598948106203,114.69098744106181,9144.0
2910.0,SIA939,-3.167831649602057,109.45598167550513,9144.0
2910.0,SIA953,1.520892843849621,104.04548025755398,9144.0
2910.0,SIA957,1.39792000352549,104.27937169292933,9144.0
2910.0,SJX731,18.178980526457934,116.92296588732752,9144.0
2910.0,TGW139,19.92457899676458,113.37779406770203,9144.0
2910.0,TGW263,-1.075652495619559,107.03925744884135,9144.0
2910.0,TGW275,1.1870418977789945,104.23023019746589,9144.0
2910.0,TGW277,1.01710672154557,104.08289786409703,9144.0
2910.0,TGW281,-2.4018256228542376,108.56846735893457,9144.0
2920.0,SIA883,14.315337089487965,110.26157078953182,9144.0
2920.0,SIA915,8.066974062540309,114.66312336793744,9144.0
2920.0,SIA939,-3.145894280285328,109.43050018128864,9144.0
2920.0,SIA953,1.5070658899816258,104.04493113164828,9144.0
2920.0,SIA957,1.4155601519419012,104.28227318645101,9144.0
2920.0,SJX731,18.155106552410007,116.9000208172741,9144.0
2920.0,TGW139,19.894599366644623,113.36306886324905,9144.0
2920.0,TGW263,-1.0544329254207618,107.01539998041748,9144.0
2920.0,TGW275,1.205958539784748,104.23620284204233,9144.0
2920.0,TGW277,1.039008702962,104.09227744429961,9144.0
2920.0,TGW281,-2.3797374219010523,108.54283151307233,9144.0
2920.0,SIA883,14.315337089487965,110.26157078953182,9144.0
2920.0,SIA915,8.066974062540309,114.66312336793744,9144.0
2920.0,SIA939,-3.145894280285328,109.43050018128864,9144.0
2920.0,SIA953,1.5070658899816258,104.04493113164828,9144.0
2920.0,SIA957,1.4155601519419012,104.28227318645101,9144.0
2920.0,SJX731,18.155106552410007,116.9000208172741,9144.0
2920.0,TGW139,19.894599366644623,113.36306886324905,9144.0
2920.0,TGW263,-1.0544329254207618,107.01539998041748,9144.0
2920.0,TGW275,1.205958539784748,104.23620284204233,9144.0
2920.0,TGW277,1.039008702962,104.09227744429961,9144.0
2920.0,TGW281,-2.3797374219010523,108.54283151307233,9144.0
2930.0,SIA883,14.288111160526118,110.24116118257655,9144.0
2930.0,SIA915,8.046380404561045,114.63523716253637,9144.0
2930.0,SIA939,-3.1239933632614827,109.4050631493164,9144.0
2930.0,SIA953,1.494005831345429,104.04035564441989,9144.0
2930.0,SIA957,1.433426088284016,104.28164316252652,9144.0
2930.0,SJX731,18.131229852483127,116.87708202144461,9144.0
2930.0,TGW139,19.864618524014453,113.3483492363522,9144.0
2930.0,TGW263,-1.0332131676663747,106.99154283985587,9144.0
2930.0,TGW275,1.2245557392565707,104.24207472509336,9144.0
2930.0,TGW277,1.0597267666816341,104.10115015552542,9144.0
2930.0,TGW281,-2.3576431621546905,108.51720130664987,9144.0
2930.0,SIA883,14.288111160526118,110.24116118257655,9144.0
2930.0,SIA915,8.046380404561045,114.63523716253637,9144.0
2930.0,SIA939,-3.1239933632614827,109.4050631493164,9144.0
2930.0,SIA953,1.494005831345429,104.04035564441989,9144.0
2930.0,SIA957,1.433426088284016,104.28164316252652,9144.0
2930.0,SJX731,18.131229852483127,116.87708202144461,9144.0
2930.0,TGW139,19.864618524014453,113.3483492363522,9144.0
2930.0,TGW263,-1.0332131676663747,106.99154283985587,9144.0
2930.0,TGW275,1.2245557392565707,104.24207472509336,9144.0
2930.0,TGW277,1.0597267666816341,104.10115015552542,9144.0
2930.0,TGW281,-2.3576431621546905,108.51720130664987,9144.0
2940.0,SIA883,14.260925019477746,110.22069764673316,9144.0
2940.0,SIA915,8.025750518469868,114.60730854462952,9144.0
2940.0,SIA939,-3.102090135749974,109.37962864156425,9144.0
2940.0,SIA953,1.4822970377715476,104.03338636705611,9144.0
2940.0,SIA957,1.451428399126225,104.28100831954994,9144.0
2940.0,SJX731,18.107350431233932,116.85414949003673,9144.0
2940.0,TGW139,19.834636471308134,113.33363517602281,9144.0
2940.0,TGW263,-1.0119932259234241,106.96768602071008,9144.0
2940.0,TGW275,1.2429467822880045,104.24856382683103,9144.0
2940.0,TGW277,1.0804392685484743,104.11003590705967,9144.0
2940.0,TGW281,-2.335474012364656,108.49148594827147,9144.0
2940.0,SIA883,14.260925019477746,110.22069764673316,9144.0
2940.0,SIA915,8.025750518469868,114.60730854462952,9144.0
2940.0,SIA939,-3.102090135749974,109.37962864156425,9144.0
2940.0,SIA953,1.4822970377715476,104.03338636705611,9144.0
2940.0,SIA957,1.451428399126225,104.28100831954994,9144.0
2940.0,SJX731,18.107350431233932,116.85414949003673,9144.0
2940.0,TGW139,19.834636471308134,113.33363517602281,9144.0
2940.0,TGW263,-1.0119932259234241,106.96768602071008,9144.0
2940.0,TGW275,1.2429467822880045,104.24856382683103,9144.0
2940.0,TGW277,1.0804392685484743,104.11003590705967,9144.0
2940.0,TGW281,-2.335474012364656,108.49148594827147,9144.0
2950.0,SIA883,14.233690742901892,110.20020496083673,9144.0
2950.0,SIA915,8.005090974321392,114.57940371153487,9144.0
2950.0,SIA939,-3.080199643818741,109.35418366477657,9144.0
2950.0,SIA953,1.469678376904645,104.02824623569258,9144.0
2950.0,SIA957,1.4689622907855526,104.27687796638706,9144.0
2950.0,SJX731,18.083468293214995,116.83122321325371,9144.0
2950.0,TGW139,19.80465321095659,113.31892667128511,9144.0
2950.0,TGW263,-0.9907731037441554,106.94382951654683,9144.0
2950.0,TGW275,1.26133780368847,104.25505303542997,9144.0
2950.0,TGW277,1.1007791893437622,104.11880060761115,9144.0
2950.0,TGW281,-2.31320840917954,108.4658546018538,9144.0
2950.0,SIA883,14.233690742901892,110.20020496083673,9144.0
2950.0,SIA915,8.005090974321392,114.57940371153487,9144.0
2950.0,SIA939,-3.080199643818741,109.35418366477657,9144.0
2950.0,SIA953,1.469678376904645,104.02824623569258,9144.0
2950.0,SIA957,1.4689622907855526,104.27687796638706,9144.0
2950.0,SJX731,18.083468293214995,116.83122321325371,9144.0
2950.0,TGW139,19.80465321095659,113.31892667128511,9144.0
2950.0,TGW263,-0.9907731037441554,106.94382951654683,9144.0
2950.0,TGW275,1.26133780368847,104.25505303542997,9144.0
2950.0,TGW277,1.1007791893437622,104.11880060761115,9144.0
2950.0,TGW281,-2.31320840917954,108.4658546018538,9144.0
2960.0,SIA883,14.20644695813411,110.17972819845178,9144.0
2960.0,SIA915,7.984428519004865,114.55150248982517,9144.0
2960.0,SIA939,-3.058271243156306,109.32869654122437,9144.0
2960.0,SIA953,1.4571914692312713,104.02315983923914,9144.0
2960.0,SIA957,1.4862968651660282,104.27279449881162,9144.0
2960.0,SJX731,18.059583442974834,116.80830318130431,9144.0
2960.0,TGW139,19.774668745387626,113.30422371117626,9144.0
2960.0,TGW263,-0.9695528046630507,106.9199733209486,9144.0
2960.0,TGW275,1.279919936271484,104.2609725728814,9144.0
2960.0,TGW277,1.1212386840374577,104.12761697893687,9144.0
2960.0,TGW281,-2.2909796106415747,108.44026696466862,9144.0
2960.0,SIA883,14.20644695813411,110.17972819845178,9144.0
2960.0,SIA915,7.984428519004865,114.55150248982517,9144.0
2960.0,SIA939,-3.058271243156306,109.32869654122437,9144.0
2960.0,SIA953,1.4571914692312713,104.02315983923914,9144.0
2960.0,SIA957,1.4862968651660282,104.27279449881162,9144.0
2960.0,SJX731,18.059583442974834,116.80830318130431,9144.0
2960.0,TGW139,19.774668745387626,113.30422371117626,9144.0
2960.0,TGW263,-0.9695528046630507,106.9199733209486,9144.0
2960.0,TGW275,1.279919936271484,104.2609725728814,9144.0
2960.0,TGW277,1.1212386840374577,104.12761697893687,9144.0
2960.0,TGW281,-2.2909796106415747,108.44026696466862,9144.0
2970.0,SIA883,14.17915517574878,110.15922216264,9144.0
2970.0,SIA915,7.963757755234791,114.52360895371132,9144.0
2970.0,SIA939,-3.0363420928764753,109.30321058376956,9144.0
2970.0,SIA953,1.4448004493984006,104.01784399935312,9144.0
2970.0,SIA957,1.5022369751767632,104.2648504933282,9144.0
2970.0,SJX731,18.03569588505791,116.78538938440283,9144.0
2970.0,TGW139,19.74468307702591,113.28952628474627,9144.0
2970.0,TGW263,-0.9483323321929727,106.89611742751711,9144.0
2970.0,TGW275,1.299655566987426,104.26297331434398,9144.0
2970.0,TGW277,1.141715741891096,104.13639252677744,9144.0
2970.0,TGW281,-2.268750351288408,108.41468012367571,9144.0
2970.0,SIA883,14.17915517574878,110.15922216264,9144.0
2970.0,SIA915,7.963757755234791,114.52360895371132,9144.0
2970.0,SIA939,-3.0363420928764753,109.30321058376956,9144.0
2970.0,SIA953,1.4448004493984006,104.01784399935312,9144.0
2970.0,SIA957,1.5022369751767632,104.2648504933282,9144.0
2970.0,SJX731,18.03569588505791,116.78538938440283,9144.0
2970.0,TGW139,19.74468307702591,113.28952628474627,9144.0
2970.0,TGW263,-0.9483323321929727,106.89611742751711,9144.0
2970.0,TGW275,1.299655566987426,104.26297331434398,9144.0
2970.0,TGW277,1.141715741891096,104.13639252677744,9144.0
2970.0,TGW281,-2.268750351288408,108.41468012367571,9144.0
2980.0,SIA883,14.151860105439857,110.13872324784602,9144.0
2980.0,SIA915,7.94315691554959,114.49566412853007,9144.0
2980.0,SIA939,-3.0144115398102302,109.27772635233406,9144.0
2980.0,SIA953,1.433857968898023,104.01314966015464,9144.0
2980.0,SIA957,1.5158736782349909,104.25349920798412,9144.0
2980.0,SJX731,18.01180562400462,116.76248181276912,9144.0
2980.0,TGW139,19.714696208293,113.27483438105801,9144.0
2980.0,TGW263,-0.9271116898200922,106.87226182987781,9144.0
2980.0,TGW275,1.3196500044971293,104.26428091431872,9144.0
2980.0,TGW277,1.162252553047141,104.1451938376723,9144.0
2980.0,TGW281,-2.246520635552184,108.38909407116512,9144.0
2980.0,SIA883,14.151860105439857,110.13872324784602,9144.0
2980.0,SIA915,7.94315691554959,114.49566412853007,9144.0
2980.0,SIA939,-3.0144115398102302,109.27772635233406,9144.0
2980.0,SIA953,1.433857968898023,104.01314966015464,9144.0
2980.0,SIA957,1.5158736782349909,104.25349920798412,9144.0
2980.0,SJX731,18.01180562400462,116.76248181276912,9144.0
2980.0,TGW139,19.714696208293,113.27483438105801,9144.0
2980.0,TGW263,-0.9271116898200922,106.87226182987781,9144.0
2980.0,TGW275,1.3196500044971293,104.26428091431872,9144.0
2980.0,TGW277,1.162252553047141,104.1451938376723,9144.0
2980.0,TGW281,-2.246520635552184,108.38909407116512,9144.0
2990.0,SIA883,14.12449893046405,110.11832073297549,9144.0
2990.0,SIA915,7.92251820345477,114.4676781635477,9144.0
2990.0,SIA939,-2.992483151677576,109.25224076462534,9144.0
2990.0,SIA953,1.4228296552859523,104.00866082690635,9144.0
2990.0,SIA957,1.526269171589997,104.23954358994612,9144.0
2990.0,SJX731,17.98791266435132,116.73958045662856,9144.0
2990.0,TGW139,19.684708141607334,113.26014798918716,9144.0
2990.0,TGW263,-0.9058908809970769,106.84840652168593,9144.0
2990.0,TGW275,1.3395778348968335,104.26558417924625,9144.0
2990.0,TGW277,1.18290998680748,104.15370812807613,9144.0
2990.0,TGW281,-2.224290467864059,108.36350879942773,9144.0
2990.0,SIA883,14.12449893046405,110.11832073297549,9144.0
2990.0,SIA915,7.92251820345477,114.4676781635477,9144.0
2990.0,SIA939,-2.992483151677576,109.25224076462534,9144.0
2990.0,SIA953,1.4228296552859523,104.00866082690635,9144.0
2990.0,SIA957,1.526269171589997,104.23954358994612,9144.0
2990.0,SJX731,17.98791266435132,116.73958045662856,9144.0
2990.0,TGW139,19.684708141607334,113.26014798918716,9144.0
2990.0,TGW263,-0.9058908809970769,106.84840652168593,9144.0
2990.0,TGW275,1.3395778348968335,104.26558417924625,9144.0
2990.0,TGW277,1.18290998680748,104.15370812807613,9144.0
2990.0,TGW281,-2.224290467864059,108.36350879942773,9144.0
3000.0,SIA883,14.097088633482727,110.09789063120162,9144.0
3000.0,SIA915,7.901787070189814,114.43976332218976,9144.0
3000.0,SIA939,-2.9705169347099125,109.22671299966848,9144.0
3000.0,SIA953,1.4124627415285107,104.00427523959647,9144.0
3000.0,SIA957,1.533108550301193,104.22354066520776,9144.0
3000.0,SJX731,17.964017010630318,116.71668530621204,9144.0
3000.0,TGW139,19.654718879384248,113.24546709822219,9144.0
3000.0,TGW263,-0.8846699091337298,106.82455149663483,9144.0
3000.0,TGW275,1.3592238784927633,104.26916973366436,9144.0
3000.0,TGW277,1.2033265672839992,104.16212330489842,9144.0
3000.0,TGW281,-2.202059852654178,108.3379243007552,9144.0
3000.0,SIA883,14.097088633482727,110.09789063120162,9144.0
3000.0,SIA915,7.901787070189814,114.43976332218976,9144.0
3000.0,SIA939,-2.9705169347099125,109.22671299966848,9144.0
3000.0,SIA953,1.4124627415285107,104.00427523959647,9144.0
3000.0,SIA957,1.533108550301193,104.22354066520776,9144.0
3000.0,SJX731,17.964017010630318,116.71668530621204,9144.0
3000.0,TGW139,19.654718879384248,113.24546709822219,9144.0
3000.0,TGW263,-0.8846699091337298,106.82455149663483,9144.0
3000.0,TGW275,1.3592238784927633,104.26916973366436,9144.0
3000.0,TGW277,1.2033265672839992,104.16212330489842,9144.0
3000.0,TGW281,-2.202059852654178,108.3379243007552,9144.0
3010.0,SIA883,14.06981283032686,110.07727252527349,9144.0
3010.0,SIA915,7.881086857267725,114.41189765724828,9144.0
3010.0,SIA939,-2.948550079680669,109.2011862912232,9144.0
3010.0,SIA953,1.4023630169912287,104.00000272490703,9144.0
3010.0,SIA957,1.5360388651790244,104.20631553305452,9144.0
3010.0,SJX731,17.940118667369866,116.69379635175602,9144.0
3010.0,TGW139,19.624728424035975,113.23079169726434,9144.0
3010.0,TGW263,-0.8634487775837557,106.80069674846776,9144.0
3010.0,TGW275,1.3789189092829834,104.26861292919607,9144.0
3010.0,TGW277,1.2238034473230879,104.17039066784672,9144.0
3010.0,TGW281,-2.1798287943516517,108.31234056744002,9144.0
3010.0,SIA883,14.06981283032686,110.07727252527349,9144.0
3010.0,SIA915,7.881086857267725,114.41189765724828,9144.0
3010.0,SIA939,-2.948550079680669,109.2011862912232,9144.0
3010.0,SIA953,1.4023630169912287,104.00000272490703,9144.0
3010.0,SIA957,1.5360388651790244,104.20631553305452,9144.0
3010.0,SJX731,17.940118667369866,116.69379635175602,9144.0
3010.0,TGW139,19.624728424035975,113.23079169726434,9144.0
3010.0,TGW263,-0.8634487775837557,106.80069674846776,9144.0
3010.0,TGW275,1.3789189092829834,104.26861292919607,9144.0
3010.0,TGW277,1.2238034473230879,104.17039066784672,9144.0
3010.0,TGW281,-2.1798287943516517,108.31234056744002,9144.0
3020.0,SIA883,14.042579904296767,110.0566957483549,9144.0
3020.0,SIA915,7.860452132054877,114.3839839242029,9144.0
3020.0,SIA939,-2.9265825732589303,109.17566064704098,9144.0
3020.0,SIA953,1.392263284278789,103.99573024792502,9144.0
3020.0,SIA957,1.5348599234058438,104.18895138023696,9144.0
3020.0,SJX731,17.91621763909418,116.67091358350247,9144.0
3020.0,TGW139,19.594736777971654,113.21612177542758,9144.0
3020.0,TGW263,-0.8422274896254324,106.77684227099509,9144.0
3020.0,TGW275,1.3983587925280465,104.27085664946448,9144.0
3020.0,TGW277,1.2440986777064527,104.17858483813818,9144.0
3020.0,TGW281,-2.157597297384525,108.2867575917755,9144.0
3020.0,SIA883,14.042579904296767,110.0566957483549,9144.0
3020.0,SIA915,7.860452132054877,114.3839839242029,9144.0
3020.0,SIA939,-2.9265825732589303,109.17566064704098,9144.0
3020.0,SIA953,1.392263284278789,103.99573024792502,9144.0
3020.0,SIA957,1.5348599234058438,104.18895138023696,9144.0
3020.0,SJX731,17.91621763909418,116.67091358350247,9144.0
3020.0,TGW139,19.594736777971654,113.21612177542758,9144.0
3020.0,TGW263,-0.8422274896254324,106.77684227099509,9144.0
3020.0,TGW275,1.3983587925280465,104.27085664946448,9144.0
3020.0,TGW277,1.2440986777064527,104.17858483813818,9144.0
3020.0,TGW281,-2.157597297384525,108.2867575917755,9144.0
3030.0,SIA883,14.015177170299483,110.03636235322237,9144.0
3030.0,SIA915,7.83981489165654,114.3560734721685,9144.0
3030.0,SIA939,-2.904614379925909,109.15013609402108,9144.0
3030.0,SIA953,1.3821635429568058,103.99145780954494,9144.0
3030.0,SIA957,1.5353374437253333,104.17155377550216,9144.0
3030.0,SJX731,17.892313930323436,116.64803699169889,9144.0
3030.0,TGW139,19.56474394359733,113.20145732183863,9144.0
3030.0,TGW263,-0.8210060484322133,106.75298805812044,9144.0
3030.0,TGW275,1.4178597359875227,104.27067688395648,9144.0
3030.0,TGW277,1.2643026950021736,104.18700156697024,9144.0
3030.0,TGW281,-2.1353653661797516,108.26117536605585,9144.0
3030.0,SIA883,14.015177170299483,110.03636235322237,9144.0
3030.0,SIA915,7.83981489165654,114.3560734721685,9144.0
3030.0,SIA939,-2.904614379925909,109.15013609402108,9144.0
3030.0,SIA953,1.3821635429568058,103.99145780954494,9144.0
3030.0,SIA957,1.5353374437253333,104.17155377550216,9144.0
3030.0,SJX731,17.892313930323436,116.64803699169889,9144.0
3030.0,TGW139,19.56474394359733,113.20145732183863,9144.0
3030.0,TGW263,-0.8210060484322133,106.75298805812044,9144.0
3030.0,TGW275,1.4178597359875227,104.27067688395648,9144.0
3030.0,TGW277,1.2643026950021736,104.18700156697024,9144.0
3030.0,TGW281,-2.1353653661797516,108.26117536605585,9144.0
3040.0,SIA883,13.987818006337221,110.01606939875441,9144.0
3040.0,SIA915,7.819192535372301,114.32815319421779,9144.0
3040.0,SIA939,-2.882645330469817,109.12461277443664,9144.0
3040.0,SIA953,1.3720515357337102,103.98721451868863,9144.0
3040.0,SIA957,1.5358166534890705,104.1540875730866,9144.0
3040.0,SJX731,17.86840754557376,116.62516656659834,9144.0
3040.0,TGW139,19.534749923315964,113.18679832563687,9144.0
3040.0,TGW263,-0.7997844570257291,106.72913410388253,9144.0
3040.0,TGW275,1.4371591254408,104.2704989734593,9144.0
3040.0,TGW277,1.2846272592860204,104.19546867608025,9144.0
3040.0,TGW281,-2.1131330051631583,108.23559388257618,9144.0
3040.0,SIA883,13.987818006337221,110.01606939875441,9144.0
3040.0,SIA915,7.819192535372301,114.32815319421779,9144.0
3040.0,SIA939,-2.882645330469817,109.12461277443664,9144.0
3040.0,SIA953,1.3720515357337102,103.98721451868863,9144.0
3040.0,SIA957,1.5358166534890705,104.1540875730866,9144.0
3040.0,SJX731,17.86840754557376,116.62516656659834,9144.0
3040.0,TGW139,19.534749923315964,113.18679832563687,9144.0
3040.0,TGW263,-0.7997844570257291,106.72913410388253,9144.0
3040.0,TGW275,1.4371591254408,104.2704989734593,9144.0
3040.0,TGW277,1.2846272592860204,104.19546867608025,9144.0
3040.0,TGW281,-2.1131330051631583,108.23559388257618,9144.0
3050.0,SIA883,13.960017353816244,109.996426403281,9144.0
3050.0,SIA915,7.7986014106448325,114.30028185922761,9144.0
3050.0,SIA939,-2.8606119431537747,109.09914560695593,9144.0
3050.0,SIA953,1.3647671160303916,103.9798124822068,9144.0
3050.0,SIA957,1.5362955345129155,104.13662135773356,9144.0
3050.0,SJX731,17.84449848935725,116.60230229845938,9144.0
3050.0,TGW139,19.50475471952744,113.17214477597437,9144.0
3050.0,TGW263,-0.7785627181957094,106.70528040252643,9144.0
3050.0,TGW275,1.4559844256188634,104.26624246833349,9144.0
3050.0,TGW277,1.3049634523099145,104.2039078708416,9144.0
3050.0,TGW281,-2.090900218759412,108.21001313363254,9144.0
3050.0,SIA883,13.960017353816244,109.996426403281,9144.0
3050.0,SIA915,7.7986014106448325,114.30028185922761,9144.0
3050.0,SIA939,-2.8606119431537747,109.09914560695593,9144.0
3050.0,SIA953,1.3647671160303916,103.9798124822068,9144.0
3050.0,SIA957,1.5362955345129155,104.13662135773356,9144.0
3050.0,SJX731,17.84449848935725,116.60230229845938,9144.0
3050.0,TGW139,19.50475471952744,113.17214477597437,9144.0
3050.0,TGW263,-0.7785627181957094,106.70528040252643,9144.0
3050.0,TGW275,1.4559844256188634,104.26624246833349,9144.0
3050.0,TGW277,1.3049634523099145,104.2039078708416,9144.0
3050.0,TGW281,-2.090900218759412,108.21001313363254,9144.0
3060.0,SIA883,13.932261705856744,109.9768219061488,9144.0
3060.0,SIA915,7.777949376221931,114.27245784535936,9144.0
3060.0,SIA939,-2.8385779183631157,109.07367947986944,9144.0
3060.0,SIA953,1.3608474278133436,103.9701155841758,9144.0
3060.0,SIA957,1.5408343002726652,104.1197487713986,9144.0
3060.0,SJX731,17.820586766181965,116.57944417754612,9144.0
3060.0,TGW139,19.474758334628568,113.15749666201584,9144.0
3060.0,TGW263,-0.7573408343514753,106.68142694863569,9144.0
3060.0,TGW275,1.4749788936251225,104.26281960209043,9144.0
3060.0,TGW277,1.3255629045489687,104.21026942067633,9144.0
3060.0,TGW281,-2.0686670113919803,108.18443311152193,9144.0
3060.0,SIA883,13.932261705856744,109.9768219061488,9144.0
3060.0,SIA915,7.777949376221931,114.27245784535936,9144.0
3060.0,SIA939,-2.8385779183631157,109.07367947986944,9144.0
3060.0,SIA953,1.3608474278133436,103.9701155841758,9144.0
3060.0,SIA957,1.5408343002726652,104.1197487713986,9144.0
3060.0,SJX731,17.820586766181965,116.57944417754612,9144.0
3060.0,TGW139,19.474758334628568,113.15749666201584,9144.0
3060.0,TGW263,-0.7573408343514753,106.68142694863569,9144.0
3060.0,TGW275,1.4749788936251225,104.26281960209043,9144.0
3060.0,TGW277,1.3255629045489687,104.21026942067633,9144.0
3060.0,TGW281,-2.0686670113919803,108.18443311152193,9144.0
3070.0,SIA883,13.903424916806292,109.95895274413952,9144.0
3070.0,SIA915,7.757261048540245,114.24459145765553,9144.0
3070.0,SIA939,-2.81654320606511,109.04821443281203,9144.0
3070.0,SIA953,1.3609421233275674,103.95965644970639,9144.0
3070.0,SIA957,1.5410778616902787,104.10317344345266,9144.0
3070.0,SJX731,17.796672380551932,116.55659219412821,9144.0
3070.0,TGW139,19.444760771013083,113.14285397293861,9144.0
3070.0,TGW263,-0.7361188072121029,106.65757373740809,9144.0
3070.0,TGW275,1.4937745555996438,104.25943250248818,9144.0
3070.0,TGW277,1.3467386782289519,104.21253046328539,9144.0
3070.0,TGW281,-2.0464333874830896,108.15885380854236,9144.0
3070.0,SIA883,13.903424916806292,109.95895274413952,9144.0
3070.0,SIA915,7.757261048540245,114.24459145765553,9144.0
3070.0,SIA939,-2.81654320606511,109.04821443281203,9144.0
3070.0,SIA953,1.3609421233275674,103.95965644970639,9144.0
3070.0,SIA957,1.5410778616902787,104.10317344345266,9144.0
3070.0,SJX731,17.796672380551932,116.55659219412821,9144.0
3070.0,TGW139,19.444760771013083,113.14285397293861,9144.0
3070.0,TGW263,-0.7361188072121029,106.65757373740809,9144.0
3070.0,TGW275,1.4937745555996438,104.25943250248818,9144.0
3070.0,TGW277,1.3467386782289519,104.21253046328539,9144.0
3070.0,TGW281,-2.0464333874830896,108.15885380854236,9144.0
3080.0,SIA883,13.874684285696214,109.94114896938622,9144.0
3080.0,SIA915,7.73661928367157,114.21669128892536,9144.0
3080.0,SIA939,-2.7945073721474105,109.02275083859679,9144.0
3080.0,SIA953,1.365036742897262,103.95003213628543,9144.0
3080.0,SIA957,1.5372327052092245,104.0882679836692,9144.0
3080.0,SJX731,17.772755336967144,116.53374633848082,9144.0
3080.0,TGW139,19.414762031071664,113.1282166979326,9144.0
3080.0,TGW263,-0.7148966370344796,106.63372076534256,9144.0
3080.0,TGW275,1.5126026629448683,104.25623077275947,9144.0
3080.0,TGW277,1.3677544292192139,104.2106635217304,9144.0
3080.0,TGW281,-2.024199351453681,108.13327521699291,9144.0
3080.0,SIA883,13.874684285696214,109.94114896938622,9144.0
3080.0,SIA915,7.73661928367157,114.21669128892536,9144.0
3080.0,SIA939,-2.7945073721474105,109.02275083859679,9144.0
3080.0,SIA953,1.365036742897262,103.95003213628543,9144.0
3080.0,SIA957,1.5372327052092245,104.0882679836692,9144.0
3080.0,SJX731,17.772755336967144,116.53374633848082,9144.0
3080.0,TGW139,19.414762031071664,113.1282166979326,9144.0
3080.0,TGW263,-0.7148966370344796,106.63372076534256,9144.0
3080.0,TGW275,1.5126026629448683,104.25623077275947,9144.0
3080.0,TGW277,1.3677544292192139,104.2106635217304,9144.0
3080.0,TGW281,-2.024199351453681,108.13327521699291,9144.0
3090.0,SIA883,13.846297472938907,109.92275501326377,9144.0
3090.0,SIA915,7.715907715848267,114.18870303144115,9144.0
3090.0,SIA939,-2.772472922189253,108.99728652006397,9144.0
3090.0,SIA953,1.372506052349592,103.94271223809561,9144.0
3090.0,SIA957,1.5377430065466773,104.07400915200876,9144.0
3090.0,SJX731,17.748835639923566,116.51090660088467,9144.0
3090.0,TGW139,19.384762117191926,113.11358482620031,9144.0
3090.0,TGW263,-0.6936743200056326,106.6098680325597,9144.0
3090.0,TGW275,1.5301079556109822,104.24911382415453,9144.0
3090.0,TGW277,1.3880107046611185,104.20476021523439,9144.0
3090.0,TGW281,-2.0019649077233597,108.10769732917373,9144.0
3090.0,SIA883,13.846297472938907,109.92275501326377,9144.0
3090.0,SIA915,7.715907715848267,114.18870303144115,9144.0
3090.0,SIA939,-2.772472922189253,108.99728652006397,9144.0
3090.0,SIA953,1.372506052349592,103.94271223809561,9144.0
3090.0,SIA957,1.5377430065466773,104.07400915200876,9144.0
3090.0,SJX731,17.748835639923566,116.51090660088467,9144.0
3090.0,TGW139,19.384762117191926,113.11358482620031,9144.0
3090.0,TGW263,-0.6936743200056326,106.6098680325597,9144.0
3090.0,TGW275,1.5301079556109822,104.24911382415453,9144.0
3090.0,TGW277,1.3880107046611185,104.20476021523439,9144.0
3090.0,TGW281,-2.0019649077233597,108.10769732917373,9144.0
3100.0,SIA883,13.817909031473059,109.9043659671387,9144.0
3100.0,SIA915,7.695190769287977,114.16072019719748,9144.0
3100.0,SIA939,-2.7503259749736078,108.97169408155088,9144.0
3100.0,SIA953,1.3822095140991746,103.93881449224936,9144.0
3100.0,SIA957,1.542282220105826,104.06055766313989,9144.0
3100.0,SJX731,17.724913293913133,116.48807297162598,9144.0
3100.0,TGW139,19.354761031758432,113.09895834695679,9144.0
3100.0,TGW263,-0.6724518303412765,106.58601555873179,9144.0
3100.0,TGW275,1.5458557103756594,104.23830480921444,9144.0
3100.0,TGW277,1.4062877795258848,104.19517717667497,9144.0
3100.0,TGW281,-1.9797300607103405,108.08212013738611,9144.0
3100.0,SIA883,13.817909031473059,109.9043659671387,9144.0
3100.0,SIA915,7.695190769287977,114.16072019719748,9144.0
3100.0,SIA939,-2.7503259749736078,108.97169408155088,9144.0
3100.0,SIA953,1.3822095140991746,103.93881449224936,9144.0
3100.0,SIA957,1.542282220105826,104.06055766313989,9144.0
3100.0,SJX731,17.724913293913133,116.48807297162598,9144.0
3100.0,TGW139,19.354761031758432,113.09895834695679,9144.0
3100.0,TGW263,-0.6724518303412765,106.58601555873179,9144.0
3100.0,TGW275,1.5458557103756594,104.23830480921444,9144.0
3100.0,TGW277,1.4062877795258848,104.19517717667497,9144.0
3100.0,TGW281,-1.9797300607103405,108.08212013738611,9144.0
3110.0,SIA883,13.789482120068635,109.8860422871778,9144.0
3110.0,SIA915,7.674414848539885,114.13278328702914,9144.0
3110.0,SIA939,-2.7281764547593665,108.94610434831752,9144.0
3110.0,SIA953,1.3926654432721466,103.93893410132205,9144.0
3110.0,SIA957,1.5427899911920948,104.04636949811113,9144.0
3110.0,SJX731,17.70098830342375,116.46524544099654,9144.0
3110.0,TGW139,19.324758777152695,113.08433724942964,9144.0
3110.0,TGW263,-0.6512034499514913,106.56218625136857,9144.0
3110.0,TGW275,1.5586467385119682,104.22457571752905,9144.0
3110.0,TGW277,1.4260997300948515,104.18940326593855,9144.0
3110.0,TGW281,-1.95749481483139,108.05654363393255,9144.0
3110.0,SIA883,13.789482120068635,109.8860422871778,9144.0
3110.0,SIA915,7.674414848539885,114.13278328702914,9144.0
3110.0,SIA939,-2.7281764547593665,108.94610434831752,9144.0
3110.0,SIA953,1.3926654432721466,103.93893410132205,9144.0
3110.0,SIA957,1.5427899911920948,104.04636949811113,9144.0
3110.0,SJX731,17.70098830342375,116.46524544099654,9144.0
3110.0,TGW139,19.324758777152695,113.08433724942964,9144.0
3110.0,TGW263,-0.6512034499514913,106.56218625136857,9144.0
3110.0,TGW275,1.5586467385119682,104.22457571752905,9144.0
3110.0,TGW277,1.4260997300948515,104.18940326593855,9144.0
3110.0,TGW281,-1.95749481483139,108.05654363393255,9144.0
3120.0,SIA883,13.761053641300338,109.86772341402457,9144.0
3120.0,SIA915,7.653599027903582,114.1048068766429,9144.0
3120.0,SIA939,-2.7060681315188306,108.92047940292055,9144.0
3120.0,SIA953,1.4022772558351404,103.94305283550781,9144.0
3120.0,SIA957,1.539215765036456,104.03292294818567,9144.0
3120.0,SJX731,17.67706067293929,116.44242399929367,9144.0
3120.0,TGW139,19.294755355753182,113.06972152285891,9144.0
3120.0,TGW263,-0.629839023150086,106.53822722332454,9144.0
3120.0,TGW275,1.5683427976828779,104.2085090218571,9144.0
3120.0,TGW277,1.4453038601488055,104.18641796752186,9144.0
3120.0,TGW281,-1.9352591745017609,108.03096781111675,9144.0
3120.0,SIA883,13.761053641300338,109.86772341402457,9144.0
3120.0,SIA915,7.653599027903582,114.1048068766429,9144.0
3120.0,SIA939,-2.7060681315188306,108.92047940292055,9144.0
3120.0,SIA953,1.4022772558351404,103.94305283550781,9144.0
3120.0,SIA957,1.539215765036456,104.03292294818567,9144.0
3120.0,SJX731,17.67706067293929,116.44242399929367,9144.0
3120.0,TGW139,19.294755355753182,113.06972152285891,9144.0
3120.0,TGW263,-0.629839023150086,106.53822722332454,9144.0
3120.0,TGW275,1.5683427976828779,104.2085090218571,9144.0
3120.0,TGW277,1.4453038601488055,104.18641796752186,9144.0
3120.0,TGW281,-1.9352591745017609,108.03096781111675,9144.0
3130.0,SIA883,13.732636057420287,109.84938885635299,9144.0
3130.0,SIA915,7.632878271454412,114.0767600741791,9144.0
3130.0,SIA939,-2.683959151710047,108.89485549069818,9144.0
3130.0,SIA953,1.4095772614264548,103.95054180134426,9144.0
3130.0,SIA957,1.5318798869592603,104.02110181886222,9144.0
3130.0,SJX731,17.653130406939614,116.41960863682021,9144.0
3130.0,TGW139,19.264750769935322,113.05511115649719,9144.0
3130.0,TGW263,-0.606395148413933,106.51629909096002,9144.0
3130.0,TGW275,1.5761965999742544,104.19191420139329,9144.0
3130.0,TGW277,1.464053973126713,104.18130374369288,9144.0
3130.0,TGW281,-1.9130231441351202,108.00539266124377,9144.0
3130.0,SIA883,13.732636057420287,109.84938885635299,9144.0
3130.0,SIA915,7.632878271454412,114.0767600741791,9144.0
3130.0,SIA939,-2.683959151710047,108.89485549069818,9144.0
3130.0,SIA953,1.4095772614264548,103.95054180134426,9144.0
3130.0,SIA957,1.5318798869592603,104.02110181886222,9144.0
3130.0,SJX731,17.653130406939614,116.41960863682021,9144.0
3130.0,TGW139,19.264750769935322,113.05511115649719,9144.0
3130.0,TGW263,-0.606395148413933,106.51629909096002,9144.0
3130.0,TGW275,1.5761965999742544,104.19191420139329,9144.0
3130.0,TGW277,1.464053973126713,104.18130374369288,9144.0
3130.0,TGW281,-1.9130231441351202,108.00539266124377,9144.0
3140.0,SIA883,13.704216923225118,109.83105906488852,9144.0
3140.0,SIA915,7.612120093644271,114.04867191792098,9144.0
3140.0,SIA939,-2.6618492146135426,108.86923286789775,9144.0
3140.0,SIA957,1.5216172437138722,104.01224547354435,9144.0
3140.0,SJX731,17.629197509900546,116.39679934388457,9144.0
3140.0,TGW139,19.23474502207151,113.04050613960949,9144.0
3140.0,TGW263,-0.5829088230169528,106.49433158269031,9144.0
3140.0,TGW275,1.581146714251868,104.17458760625023,9144.0
3140.0,TGW277,1.482349340306163,104.17631346619442,9144.0
3140.0,TGW281,-1.8907867281434725,107.97981817662003,9144.0
3140.0,SIA883,13.704216923225118,109.83105906488852,9144.0
3140.0,SIA915,7.612120093644271,114.04867191792098,9144.0
3140.0,SIA939,-2.6618492146135426,108.86923286789775,9144.0
3140.0,SIA957,1.5216172437138722,104.01224547354435,9144.0
3140.0,SJX731,17.629197509900546,116.39679934388457,9144.0
3140.0,TGW139,19.23474502207151,113.04050613960949,9144.0
3140.0,TGW263,-0.5829088230169528,106.49433158269031,9144.0
3140.0,TGW275,1.581146714251868,104.17458760625023,9144.0
3140.0,TGW277,1.482349340306163,104.17631346619442,9144.0
3140.0,TGW281,-1.8907867281434725,107.97981817662003,9144.0
3150.0,SIA883,13.675732404957001,109.81283932250302,9144.0
3150.0,SIA915,7.591278963185747,114.02064771655814,9144.0
3150.0,SIA939,-2.639700802840685,108.84364402550487,9144.0
3150.0,SIA957,1.5091781498416665,104.00686119593655,9144.0
3150.0,SJX731,17.60526198629389,116.37399611080066,9144.0
3150.0,TGW139,19.204738114531107,113.02590646147328,9144.0
3150.0,TGW263,-0.5577879326729145,106.47425403240096,9144.0
3150.0,TGW275,1.5829336866033366,104.15748234485757,9144.0
3150.0,TGW277,1.499318571137095,104.16784582444197,9144.0
3150.0,TGW281,-1.8685499309370728,107.9542443495534,9144.0
3150.0,SIA883,13.675732404957001,109.81283932250302,9144.0
3150.0,SIA915,7.591278963185747,114.02064771655814,9144.0
3150.0,SIA939,-2.639700802840685,108.84364402550487,9144.0
3150.0,SIA957,1.5091781498416665,104.00686119593655,9144.0
3150.0,SJX731,17.60526198629389,116.37399611080066,9144.0
3150.0,TGW139,19.204738114531107,113.02590646147328,9144.0
3150.0,TGW263,-0.5577879326729145,106.47425403240096,9144.0
3150.0,TGW275,1.5829336866033366,104.15748234485757,9144.0
3150.0,TGW277,1.499318571137095,104.16784582444197,9144.0
3150.0,TGW281,-1.8685499309370728,107.9542443495534,9144.0
3160.0,SIA883,13.647197942903516,109.79459331377076,9144.0
3160.0,SIA915,7.570468908557839,113.9926723644217,9144.0
3160.0,SIA939,-2.617551840740098,108.81805611460113,9144.0
3160.0,SIA957,1.4956990759853623,104.00544086670068,9144.0
3160.0,SJX731,17.581323840587423,116.35119892788796,9144.0
3160.0,TGW139,19.174730049680445,113.01131211137844,9144.0
3160.0,TGW263,-0.5327575440606803,106.45424907494571,9144.0
3160.0,TGW275,1.584634350993002,104.14120137433005,9144.0
3160.0,TGW277,1.5140072138502274,104.1559549626689,9144.0
3160.0,TGW281,-1.8463127569243332,107.9286711723533,9144.0
3160.0,SIA883,13.647197942903516,109.79459331377076,9144.0
3160.0,SIA915,7.570468908557839,113.9926723644217,9144.0
3160.0,SIA939,-2.617551840740098,108.81805611460113,9144.0
3160.0,SIA957,1.4956990759853623,104.00544086670068,9144.0
3160.0,SJX731,17.581323840587423,116.35119892788796,9144.0
3160.0,TGW139,19.174730049680445,113.01131211137844,9144.0
3160.0,TGW263,-0.5327575440606803,106.45424907494571,9144.0
3160.0,TGW275,1.584634350993002,104.14120137433005,9144.0
3160.0,TGW277,1.5140072138502274,104.1559549626689,9144.0
3160.0,TGW281,-1.8463127569243332,107.9286711723533,9144.0
3170.0,SIA883,13.618658348523972,109.77635801036585,9144.0
3170.0,SIA915,7.549668960704752,113.96469071246415,9144.0
3170.0,SIA939,-2.595402329092919,108.79246913068418,9144.0
3170.0,SIA957,1.4824115082874476,104.00811420177605,9144.0
3170.0,SJX731,17.5573830772449,116.32840778547151,9144.0
3170.0,TGW139,19.14472082988284,112.99672307862726,9144.0
3170.0,TGW263,-0.5080141859699568,106.43389022205548,9144.0
3170.0,TGW275,1.583320857070051,104.12488458696394,9144.0
3170.0,TGW277,1.5252984447041578,104.14156654643276,9144.0
3170.0,TGW281,-1.8240752105117166,107.90309863733079,9144.0
3170.0,SIA883,13.618658348523972,109.77635801036585,9144.0,"(TGW275),(TGW277)"
3170.0,SIA915,7.549668960704752,113.96469071246415,9144.0,"(TGW277),(TGW275)"
3180.0,SIA883,13.590193873442972,109.75800103091326,9144.0
3180.0,SIA915,7.528900204425659,113.93675784828963,9144.0
3180.0,SIA939,-2.573252267146074,108.76688307058274,9144.0
3180.0,SIA957,1.4705294363485286,104.01463691431445,9144.0
3180.0,SJX731,17.533439700726053,116.30562267388186,9144.0
3180.0,TGW139,19.114710457498585,112.98213935253435,9144.0
3180.0,TGW263,-0.4833155755330612,106.41356841010942,9144.0
3180.0,TGW275,1.5780913901440834,104.1105557322894,9144.0
3180.0,TGW277,1.5323209100992596,104.12601967479921,9144.0
3180.0,TGW281,-1.8018372961036226,107.87752673679861,9144.0
3180.0,SIA883,13.590193873442972,109.75800103091326,9144.0,"(TGW275),(TGW277)"
3180.0,SIA915,7.528900204425659,113.93675784828963,9144.0,"(TGW277),(TGW275)"
3190.0,SIA883,13.561677827293671,109.73962051594121,9144.0
3190.0,SIA915,7.508173048162633,113.90879489753677,9144.0
3190.0,SIA939,-2.5511016513909364,108.7412979335163,9144.0
3190.0,SIA957,1.4612682709764195,104.02434025115542,9144.0
3190.0,SJX731,17.509493715486585,116.2828435834551,9144.0
3190.0,TGW139,19.084698934884962,112.96756092242674,9144.0
3190.0,TGW263,-0.4586168912445258,106.39324675993666,9144.0
3190.0,TGW275,1.5694124895952732,104.09861666008815,9144.0
3190.0,TGW277,1.5369787680731073,104.1104724418846,9144.0
3190.0,TGW281,-1.7795990181022585,107.85195546307142,9144.0
3190.0,SIA883,13.561677827293671,109.73962051594121,9144.0,"(TGW275),(TGW277)"
3190.0,SIA915,7.508173048162633,113.90879489753677,9144.0,"(TGW277),(TGW275)"
3200.0,SIA883,13.533086784672857,109.72136589579956,9144.0
3200.0,SIA915,7.4874770983852015,113.88088074415303,9144.0
3200.0,SIA939,-2.528950472576623,108.71571372368648,9144.0
3200.0,SIA957,1.455469247306331,104.03627856130575,9144.0
3200.0,SJX731,17.485545125978177,116.26007050453293,9144.0
3200.0,TGW139,19.054686264396235,112.95298777764376,9144.0
3200.0,TGW263,-0.4339180527314192,106.37292536545223,9144.0
3200.0,TGW275,1.55994311741461,104.08729483055049,9144.0
3200.0,TGW277,1.5448079701191741,104.09625665267512,9144.0
3200.0,TGW281,-1.7573603809074965,107.82638480846578,9144.0
3200.0,SIA883,13.533086784672857,109.72136589579956,9144.0,"(TGW275),(TGW277)"
3200.0,SIA915,7.4874770983852015,113.88088074415303,9144.0,"(TGW277),(TGW275)"
3210.0,SIA883,13.5044934729375,109.70311722572607,9144.0
3210.0,SIA915,7.466757494059745,113.85298577142183,9144.0
3210.0,SIA939,-2.506798705963443,108.69013045873326,9144.0
3210.0,SIA957,1.4471548604093702,104.04418263503115,9144.0
3210.0,SJX731,17.461593936648487,116.23730342746255,9144.0
3210.0,TGW139,19.024672448383665,112.93841990753705,9144.0
3210.0,TGW263,-0.40920233939407424,106.35262456379333,9144.0
3210.0,TGW275,1.5506998331038144,104.07624357517729,9144.0
3210.0,TGW277,1.54837609559374,104.08135432720198,9144.0
3210.0,TGW281,-1.7351213889167152,107.8008147653004,9144.0
3210.0,SIA883,13.5044934729375,109.70311722572607,9144.0,"(TGW275),(TGW277)"
3210.0,SIA915,7.466757494059745,113.85298577142183,9144.0,"(TGW277),(TGW275)"
3220.0,SIA883,13.474977256876475,109.68649727025691,9144.0
3220.0,SIA915,7.446136979716843,113.82523064721205,9144.0
3220.0,SIA939,-2.484646250769619,108.66454822227173,9144.0
3220.0,SIA957,1.4377416615556042,104.04761407646632,9144.0
3220.0,SJX731,17.437640151941142,116.21454234259674,9144.0
3220.0,TGW139,18.994657489195514,112.92385730147056,9144.0
3220.0,TGW263,-0.38444171453974896,106.33228705768488,9144.0
3220.0,TGW275,1.5424897352474398,104.06440402391348,9144.0
3220.0,TGW277,1.5478154757271219,104.0662512438759,9144.0
3220.0,TGW281,-1.7128820465246226,107.77524532589625,9144.0
3220.0,SIA883,13.474977256876475,109.68649727025691,9144.0,"(TGW275),(TGW277)"
3220.0,SIA915,7.446136979716843,113.82523064721205,9144.0,"(TGW277),(TGW275)"
3230.0,SIA883,13.445459526744605,109.66988220726768,9144.0
3230.0,SIA915,7.425502175692076,113.7974876306846,9144.0
3230.0,SIA939,-2.4625434660869407,108.63892340508025,9144.0
3230.0,SIA957,1.427741540164052,104.04700293468692,9144.0
3230.0,SJX731,17.413683776295745,116.19178724029383,9144.0
3230.0,TGW139,18.964641389177036,112.90929994882049,9144.0
3230.0,TGW263,-0.35968101596164076,106.31194969841182,9144.0
3230.0,TGW275,1.5314907469882144,104.05565791368078,9144.0
3230.0,TGW277,1.5432550862418355,104.05273223203343,9144.0
3230.0,TGW281,-1.6906423581230572,107.74967648257672,9144.0
3230.0,SIA883,13.445459526744605,109.66988220726768,9144.0,"(TGW275),(TGW277)"
3230.0,SIA915,7.425502175692076,113.7974876306846,9144.0,"(TGW277),(TGW275)"
3240.0,SIA883,13.415551722194435,109.65402369705956,9144.0
3240.0,SIA915,7.4048988997128635,113.76979331231703,9144.0
3240.0,SIA939,-2.4405144498210536,108.61338573478373,9144.0
3240.0,SIA957,1.4188159436207668,104.04245077905027,9144.0
3240.0,SJX731,17.38972481414787,116.16903811091773,9144.0
3240.0,TGW139,18.934624150670487,112.89474783897532,9144.0
3240.0,TGW263,-0.3349427257810256,106.29158513978473,9144.0
3240.0,TGW275,1.5189089929592972,104.04924380991667,9144.0
3240.0,TGW277,1.5350400927291172,104.04106862289342,9144.0
3240.0,TGW281,-1.668402328100765,107.72410822766784,9144.0
3240.0,SIA883,13.415551722194435,109.65402369705956,9144.0,"(TGW275),(TGW277)"
3240.0,SIA915,7.4048988997128635,113.76979331231703,9144.0,"(TGW277),(TGW275)"
3250.0,SIA883,13.385642655473596,109.63816967470515,9144.0
3250.0,SIA915,7.384313202296879,113.74208699624074,9144.0
3250.0,SIA939,-2.4184845894518223,108.58784921055535,9144.0
3250.0,SIA957,1.4124477948288976,104.03471393596895,9144.0
3250.0,SJX731,17.365763269929055,116.14629494483789,9144.0
3250.0,TGW139,18.904605776015135,112.88020096133575,9144.0
3250.0,TGW263,-0.3102940340975902,106.27129449456888,9144.0
3250.0,TGW275,1.5059368756202653,104.04366187055254,9144.0
3250.0,TGW277,1.523848763339084,104.03222341243186,9144.0
3250.0,TGW281,-1.6461619608431486,107.6985405534985,9144.0
3250.0,SIA883,13.385642655473596,109.63816967470515,9144.0,"(TGW275),(TGW277)"
3250.0,SIA915,7.384313202296879,113.74208699624074,9144.0,"(TGW277),(TGW275)"
3260.0,SIA883,13.355952655963957,109.62188838853446,9144.0
3260.0,SIA915,7.363691317559899,113.71433809747256,9144.0
3260.0,SIA939,-2.3965009155888626,108.56227325656069,9144.0
3260.0,SIA957,1.4096951153613813,104.02507782451094,9144.0
3260.0,SJX731,17.34179914806682,116.12355773242936,9144.0
3260.0,TGW139,18.87458626754725,112.8656593053147,9144.0
3260.0,TGW263,-0.28564517707658615,106.25100409560564,9144.0
3260.0,TGW275,1.493420910939793,104.03827628781498,9144.0
3260.0,TGW277,1.510721391320896,104.02701732965804,9144.0
3260.0,TGW281,-1.6239212607319824,107.67297345240068,9144.0
3260.0,SIA883,13.355952655963957,109.62188838853446,9144.0,"(TGW275),(TGW277)"
3260.0,SIA915,7.363691317559899,113.71433809747256,9144.0,"(TGW277),(TGW275)"
3270.0,SIA883,13.326211072343291,109.60558413308884,9144.0
3270.0,SIA915,7.343031579433644,113.68661913057265,9144.0
3270.0,SIA939,-2.3745165341582326,108.53669832064205,9144.0
3270.0,SIA957,1.4110152428771194,104.01514339966963,9144.0
3270.0,SJX731,17.317832452984636,116.10082646407275,9144.0
3270.0,TGW139,18.844565627600122,112.85112286033728,9144.0
3270.0,TGW263,-0.26097798158748803,106.23073603700452,9144.0
3270.0,TGW275,1.4808618746032582,104.03299202554774,9144.0
3270.0,TGW277,1.4968590664159263,104.0258810336122,9144.0
3270.0,TGW281,-1.6016802321450911,107.64740691670976,9144.0
3270.0,SIA883,13.326211072343291,109.60558413308884,9144.0,"(TGW275),(TGW277)"
3270.0,SIA915,7.343031579433644,113.68661913057265,9144.0,"(TGW277),(TGW275)"
3280.0,SIA883,13.296391163752968,109.58943366588713,9144.0
3280.0,SIA915,7.322335878800391,113.65885746235949,9144.0
3280.0,SIA939,-2.3524881928941728,108.51116170904922,9144.0
3280.0,SIA957,1.4082538088439311,104.00558589249437,9144.0
3280.0,SJX731,17.29386318910195,116.07810113015427,9144.0
3280.0,TGW139,18.81454385850404,112.83659161584082,9144.0
3280.0,TGW263,-0.23635558360301068,106.21050504200642,9144.0
3280.0,TGW275,1.4681064083361877,104.02762518562079,9144.0
3280.0,TGW277,1.4832673092548727,104.0288347299893,9144.0
3280.0,TGW281,-1.579438879455983,107.62184093876478,9144.0
3280.0,SIA883,13.296391163752968,109.58943366588713,9144.0,"(SIA957),(TGW275)"
3280.0,SIA915,7.322335878800391,113.65885746235949,9144.0,"(TGW275),(SIA957)"
3280.0,SIA939,-2.3524881928941728,108.51116170904922,9144.0,"(TGW275),(TGW277)"
3280.0,SIA957,1.4082538088439311,104.00558589249437,9144.0,"(TGW277),(TGW275)"
3290.0,SIA883,13.266519668877908,109.5732603331493,9144.0
3290.0,SIA915,7.3016376780094845,113.63109897566548,9144.0
3290.0,SIA939,-2.3304965317612103,108.48566910566512,9144.0
3290.0,SIA957,1.4020047748577746,103.99832292860215,9144.0
3290.0,SJX731,17.26989136083416,116.05538172106567,9144.0
3290.0,TGW139,18.784520962586324,112.82206556127477,9144.0
3290.0,TGW263,-0.21174476843594858,106.1902599919755,9144.0
3290.0,TGW275,1.4553316983922782,104.02230437445206,9144.0
3290.0,TGW277,1.4706470839932948,104.02744067225709,9144.0
3290.0,TGW281,-1.5571972070334297,107.5962755109089,9144.0
3290.0,SIA883,13.266519668877908,109.5732603331493,9144.0,"(SIA957),(TGW275)"
3290.0,SIA915,7.3016376780094845,113.63109897566548,9144.0,"(SIA957),(TGW277)"
3290.0,SIA939,-2.3304965317612103,108.48566910566512,9144.0,"(TGW275),(SIA957)"
3290.0,SIA957,1.4020047748577746,103.99832292860215,9144.0,"(TGW275),(TGW277)"
3290.0,SJX731,17.26989136083416,116.05538172106567,9144.0,"(TGW277),(SIA957)"
3290.0,TGW139,18.784520962586324,112.82206556127477,9144.0,"(TGW277),(TGW275)"
3300.0,SIA883,13.236684805590198,109.55701777486006,9144.0
3300.0,SIA915,7.281004480527783,113.60329262540144,9144.0
3300.0,SIA939,-2.3085042694660034,108.46017741808731,9144.0
3300.0,SIA957,1.392719361417354,103.99367365982131,9144.0
3300.0,SJX731,17.24591697259263,116.03266822720434,9144.0
3300.0,TGW139,18.7544969421713,112.80754468610077,9144.0
3300.0,TGW263,-0.18713391953188604,106.1700150132274,9144.0
3300.0,TGW275,1.4436763896588456,104.01744987388798,9144.0
3300.0,TGW277,1.4588703992430547,104.02400849933022,9144.0
3300.0,TGW281,-1.5349552192409843,107.57071062548972,9144.0
3300.0,SIA883,13.236684805590198,109.55701777486006,9144.0,"(SIA957),(TGW275)"
3300.0,SIA915,7.281004480527783,113.60329262540144,9144.0,"(SIA957),(TGW277)"
3300.0,SIA939,-2.3085042694660034,108.46017741808731,9144.0,"(TGW275),(SIA957)"
3300.0,SIA957,1.392719361417354,103.99367365982131,9144.0,"(TGW275),(TGW277)"
3300.0,SJX731,17.24591697259263,116.03266822720434,9144.0,"(TGW277),(SIA957)"
3300.0,TGW139,18.7544969421713,112.80754468610077,9144.0,"(TGW277),(TGW275)"
3310.0,SIA883,13.20694932362206,109.5408343462229,9144.0
3310.0,SIA915,7.260369283444122,113.57548906082417,9144.0
3310.0,SIA939,-2.2865245441352573,108.43467529490108,9144.0
3310.0,SIA957,1.3825468962318515,103.9915891178228,9144.0
3310.0,SJX731,17.22194002878468,116.00996063897324,9144.0
3310.0,TGW139,18.724471799580318,112.79302897979257,9144.0
3310.0,TGW263,-0.16252293735923146,106.14977022302483,9144.0
3310.0,TGW275,1.4320727053466646,104.01247318637336,9144.0
3310.0,TGW277,1.4476175353113823,104.01912477588995,9144.0
3310.0,TGW281,-1.5127129204364258,107.54514627485986,9144.0
3310.0,SIA883,13.20694932362206,109.5408343462229,9144.0,"(SIA957),(TGW275)"
3310.0,SIA915,7.260369283444122,113.57548906082417,9144.0,"(SIA957),(TGW277)"
3310.0,SIA939,-2.2865245441352573,108.43467529490108,9144.0,"(TGW275),(SIA957)"
3310.0,SIA957,1.3825468962318515,103.9915891178228,9144.0,"(TGW275),(TGW277)"
3310.0,SJX731,17.22194002878468,116.00996063897324,9144.0,"(TGW277),(SIA957)"
3310.0,TGW139,18.724471799580318,112.79302897979257,9144.0,"(TGW277),(TGW275)"
3320.0,SIA883,13.177186320614982,109.52470634662319,9144.0
3320.0,SIA915,7.239731723707477,113.54768855229989,9144.0
3320.0,SIA939,-2.2645443023018186,108.40917400634085,9144.0
3320.0,SIA957,1.3723744310463488,103.98950458472353,9144.0
3320.0,SJX731,17.197960533813575,115.98725894678094,9144.0
3320.0,TGW139,18.69444553713175,112.77851843183605,9144.0
3320.0,TGW263,-0.13784540696888692,106.12960662901783,9144.0
3320.0,TGW275,1.4215490431505617,104.00808682461629,9144.0
3320.0,TGW277,1.4370260486678696,104.01452814188723,9144.0
3320.0,TGW281,-1.490470314971114,107.51958245137745,9144.0
3320.0,SIA883,13.177186320614982,109.52470634662319,9144.0,"(SIA957),(TGW275)"
3320.0,SIA915,7.239731723707477,113.54768855229989,9144.0,"(SIA957),(TGW277)"
3320.0,SIA939,-2.2645443023018186,108.40917400634085,9144.0,"(TGW275),(SIA957)"
3320.0,SIA957,1.3723744310463488,103.98950458472353,9144.0,"(TGW275),(TGW277)"
3320.0,SJX731,17.197960533813575,115.98725894678094,9144.0,"(TGW277),(SIA957)"
3320.0,TGW139,18.69444553713175,112.77851843183605,9144.0,"(TGW277),(TGW275)"
3330.0,SIA883,13.14742212960349,109.5085826186647,9144.0
3330.0,SIA915,7.219082257780775,113.51989829946905,9144.0
3330.0,SIA939,-2.242563494090283,108.38367359171382,9144.0
3330.0,SJX731,17.173978492078533,115.96456314104161,9144.0
3330.0,TGW139,18.664418157140986,112.76401303172918,9144.0
3330.0,TGW263,-0.11312281832915144,106.10940634655671,9144.0
3330.0,TGW275,1.4124589630446263,104.0042337296434,9144.0
3330.0,TGW277,1.4263963673266353,104.01002061378892,9144.0
3330.0,TGW281,-1.4682274071892367,107.4940191474068,9144.0
3330.0,SIA883,13.14742212960349,109.5085826186647,9144.0,"(TGW275),(TGW277)"
3330.0,SIA915,7.219082257780775,113.51989829946905,9144.0,"(TGW277),(TGW275)"
3340.0,SIA883,13.117636483527663,109.49250267706532,9144.0
3340.0,SIA915,7.19843049961654,113.49211104421406,9144.0
3340.0,SIA939,-2.2205811393261885,108.35817489353258,9144.0
3340.0,SJX731,17.14999390797471,115.94187321217505,9144.0
3340.0,TGW139,18.634389661920444,112.74951276898204,9144.0
3340.0,TGW263,-0.08848551989782698,106.08910214208575,9144.0
3340.0,TGW275,1.4034362479004945,104.00040922226253,9144.0
3340.0,TGW277,1.41660073839972,104.00636075135529,9144.0
3340.0,TGW281,-1.4459842014269282,107.46845635531922,9144.0
3340.0,SIA883,13.117636483527663,109.49250267706532,9144.0,"(TGW275),(TGW277)"
3340.0,SIA915,7.19843049961654,113.49211104421406,9144.0,"(TGW277),(TGW275)"
3350.0,SIA883,13.087849701699149,109.47642689909053,9144.0
3350.0,SIA915,7.177719254453846,113.46437007140698,9144.0
3350.0,SIA939,-2.1985932457494597,108.3326813560602,9144.0
3350.0,SJX731,17.126006785893214,115.91918915060668,9144.0
3350.0,TGW139,18.604360053779562,112.73501763311678,9144.0
3350.0,TGW263,-0.06384818996562087,106.06879798744485,9144.0
3350.0,TGW275,1.3944135262218427,103.99658474501483,9144.0
3350.0,TGW277,1.4068717898558982,104.00214573145566,9144.0
3350.0,TGW281,-1.4237407020112254,107.44289406749385,9144.0
3350.0,SIA883,13.087849701699149,109.47642689909053,9144.0,"(TGW275),(TGW277)"
3350.0,SIA915,7.177719254453846,113.46437007140698,9144.0,"(TGW277),(TGW275)"
3360.0,SIA883,13.058009763202444,109.46045730054423,9144.0
3360.0,SIA915,7.157005770584764,113.43663205768821,9144.0
3360.0,SIA939,-2.176604654167333,108.30718879523486,9144.0
3360.0,SJX731,17.10201713022107,115.89651094676755,9144.0
3360.0,TGW139,18.574329335024807,112.72052761366763,9144.0
3360.0,TGW263,-0.039152031589425915,106.048565435393,9144.0
3360.0,TGW275,1.3853907977358173,103.9927602984494,9144.0
3360.0,TGW277,1.3973433725622422,103.99801762880954,9144.0
3360.0,TGW281,-1.4014969132588293,107.4173322763188,9144.0
3360.0,SIA883,13.058009763202444,109.46045730054423,9144.0,"(TGW275),(TGW277)"
3360.0,SIA915,7.157005770584764,113.43663205768821,9144.0,"(TGW277),(TGW275)"
3370.0,SIA883,13.028168707094672,109.44449182925912,9144.0
3370.0,SIA915,7.136298917925612,113.40889027238693,9144.0
3370.0,SIA939,-2.15447977618008,108.28181496809047,9144.0
3370.0,SJX731,17.078024945341248,115.87383859109433,9144.0
3370.0,TGW139,18.544297507959662,112.70604270018083,9144.0
3370.0,TGW263,-0.014410930252167994,106.02829610033868,9144.0
3370.0,TGW275,1.3763543827565434,103.98896833704515,9144.0
3370.0,TGW277,1.3878149475324562,103.99388956071945,9144.0
3370.0,TGW281,-1.3792528394746186,107.39177097419244,9144.0
3370.0,SIA883,13.028168707094672,109.44449182925912,9144.0,"(TGW275),(TGW277)"
3370.0,SIA915,7.136298917925612,113.40889027238693,9144.0,"(TGW277),(TGW275)"
3380.0,SIA883,12.99832903506409,109.42852555465257,9144.0
3380.0,SIA915,7.1155898743348525,113.38115140163787,9144.0
3380.0,SIA939,-2.1323919399895157,108.25648484717236,9144.0
3380.0,SJX731,17.054030235632634,115.85117207402934,9144.0
3380.0,TGW139,18.514264574884645,112.69156288221473,9144.0
3380.0,TGW263,0.010282064136578048,106.00796818715608,9144.0
3380.0,TGW275,1.3673854648723363,103.98520473897537,9144.0
3380.0,TGW277,1.378286513085758,103.98976153095292,9144.0
3380.0,TGW281,-1.3570084849498545,107.36621015352492,9144.0
3380.0,SIA883,12.99832903506409,109.42852555465257,9144.0,"(TGW275),(TGW277)"
3380.0,SIA915,7.1155898743348525,113.38115140163787,9144.0,"(TGW277),(TGW275)"
3390.0,SIA883,12.968387302858753,109.41250933788439,9144.0
3390.0,SIA915,7.0949231875574315,113.3533817156959,9144.0
3390.0,SIA939,-2.110303683354554,108.23115545510066,9144.0
3390.0,SJX731,17.03003300547003,115.82851138602058,9144.0
3390.0,TGW139,18.48423053809729,112.67708814933964,9144.0
3390.0,TGW263,0.03501986902638382,105.98760338317997,9144.0
3390.0,TGW275,1.358416546988129,103.98144115492221,9144.0
3390.0,TGW277,1.3686013175026006,103.98601629104493,9144.0
3390.0,TGW281,-1.3347638539599884,107.34064980674012,9144.0
3390.0,SIA883,12.968387302858753,109.41250933788439,9144.0,"(TGW275),(TGW277)"
3390.0,SIA915,7.0949231875574315,113.3533817156959,9144.0,"(TGW277),(TGW275)"
3400.0,SIA883,12.938442606121592,109.396500882985,9144.0
3400.0,SIA915,7.074254463929297,113.32561481413613,9144.0
3400.0,SIA939,-2.088215010593126,108.2058267843387,9144.0
3400.0,SJX731,17.006033259224154,115.8058565175217,9144.0
3400.0,TGW139,18.454195399892157,112.66261849113795,9144.0
3400.0,TGW263,0.05975636300885387,105.96723697963257,9144.0
3400.0,TGW277,1.361182915955251,103.97885325697801,9144.0
3400.0,TGW281,-1.312518950761961,107.315089926278,9144.0
3400.0,SIA883,12.938442606121592,109.396500882985,9144.0
3400.0,SIA915,7.074254463929297,113.32561481413613,9144.0
3400.0,SIA939,-2.088215010593126,108.2058267843387,9144.0
3400.0,SJX731,17.006033259224154,115.8058565175217,9144.0
3400.0,TGW139,18.454195399892157,112.66261849113795,9144.0
3400.0,TGW263,0.05975636300885387,105.96723697963257,9144.0
3400.0,TGW277,1.361182915955251,103.97885325697801,9144.0
3400.0,TGW281,-1.312518950761961,107.315089926278,9144.0
3410.0,SIA883,12.90844637824802,109.38046953260424,9144.0
3410.0,SIA915,7.053582687074893,113.29785146183619,9144.0
3410.0,SIA939,-2.066125926022385,108.18049882735038,9144.0
3410.0,SJX731,16.98203100126162,115.78320745899202,9144.0
3410.0,TGW139,18.424159162560827,112.64815389720403,9144.0
3410.0,TGW263,0.08453762754609451,105.94683369000894,9144.0
3410.0,TGW277,1.3571833549308423,103.96942632792275,9144.0
3410.0,TGW281,-1.290273779590833,107.28953050459755,9144.0
3410.0,SIA883,12.90844637824802,109.38046953260424,9144.0
3410.0,SIA915,7.053582687074893,113.29785146183619,9144.0
3410.0,SIA939,-2.066125926022385,108.18049882735038,9144.0
3410.0,SJX731,16.98203100126162,115.78320745899202,9144.0
3410.0,TGW139,18.424159162560827,112.64815389720403,9144.0
3410.0,TGW263,0.08453762754609451,105.94683369000894,9144.0
3410.0,TGW277,1.3571833549308423,103.96942632792275,9144.0
3410.0,TGW281,-1.290273779590833,107.28953050459755,9144.0
3420.0,SIA883,12.878456393749099,109.36442781482745,9144.0
3420.0,SIA915,7.032885249472253,113.27010876534274,9144.0
3420.0,SIA939,-2.044036433958692,108.15517157660024,9144.0
3420.0,SJX731,16.958026235944953,115.76056420089657,9144.0
3420.0,TGW139,18.394121828391903,112.63369435714426,9144.0
3420.0,TGW263,0.10931866465983525,105.92643010923663,9144.0
3420.0,TGW277,1.3571868856215912,103.95918560302422,9144.0
3420.0,TGW281,-1.2680283446555312,107.26397153418043,9144.0
3420.0,SIA883,12.878456393749099,109.36442781482745,9144.0
3420.0,SIA915,7.032885249472253,113.27010876534274,9144.0
3420.0,SIA939,-2.044036433958692,108.15517157660024,9144.0
3420.0,SJX731,16.958026235944953,115.76056420089657,9144.0
3420.0,TGW139,18.394121828391903,112.63369435714426,9144.0
3420.0,TGW263,0.10931866465983525,105.92643010923663,9144.0
3420.0,TGW277,1.3571868856215912,103.95918560302422,9144.0
3420.0,TGW281,-1.2680283446555312,107.26397153418043,9144.0
3430.0,SIA883,12.848414929967168,109.34836318165826,9144.0
3430.0,SIA915,7.0122189437844815,113.24241491970524,9144.0
3430.0,SIA939,-2.021946538717599,108.12984502455348,9144.0
3430.0,SJX731,16.93401896763255,115.73792673370602,9144.0
3430.0,TGW139,18.364083399671003,112.61923986057705,9144.0
3430.0,TGW263,0.1341236119130148,105.9060555844615,9144.0
3430.0,TGW277,1.361192945931222,103.94976141996514,9144.0
3430.0,TGW281,-1.2457826501333926,107.2384130075358,9144.0
3430.0,SIA883,12.848414929967168,109.34836318165826,9144.0
3430.0,SIA915,7.0122189437844815,113.24241491970524,9144.0
3430.0,SIA939,-2.021946538717599,108.12984502455348,9144.0
3430.0,SJX731,16.93401896763255,115.73792673370602,9144.0
3430.0,TGW139,18.364083399671003,112.61923986057705,9144.0
3430.0,TGW263,0.1341236119130148,105.9060555844615,9144.0
3430.0,TGW277,1.361192945931222,103.94976141996514,9144.0
3430.0,TGW281,-1.2457826501333926,107.2384130075358,9144.0
3440.0,SIA883,12.818370539269079,109.33230622620076,9144.0
3440.0,SIA915,6.991571563489584,113.21470797406691,9144.0
3440.0,SIA939,-1.999856244613836,108.10451916367592,9144.0
3440.0,SJX731,16.9100092006787,115.7152950478968,9144.0
3440.0,TGW139,18.334043878680763,112.60479039713277,9144.0
3440.0,TGW263,0.1589284453810096,105.88568089860088,9144.0
3440.0,TGW277,1.3685637593621438,103.94265413140812,9144.0
3440.0,TGW281,-1.223536700163061,107.21285491720646,9144.0
3440.0,SIA883,12.818370539269079,109.33230622620076,9144.0
3440.0,SIA915,6.991571563489584,113.21470797406691,9144.0
3440.0,SIA939,-1.999856244613836,108.10451916367592,9144.0
3440.0,SJX731,16.9100092006787,115.7152950478968,9144.0
3440.0,TGW139,18.334043878680763,112.60479039713277,9144.0
3440.0,TGW263,0.1589284453810096,105.88568089860088,9144.0
3440.0,TGW277,1.3685637593621438,103.94265413140812,9144.0
3440.0,TGW281,-1.223536700163061,107.21285491720646,9144.0
3450.0,SIA883,12.788342574772294,109.31621890170516,9144.0
3450.0,SIA915,6.970955894298742,113.18704946696481,9144.0
3450.0,SIA939,-1.977765555961288,108.07919398643408,9144.0
3450.0,SJX731,16.88599693943356,115.69266913395106,9144.0
3450.0,TGW139,18.304003267700832,112.5903459564538,9144.0
3450.0,TGW263,0.18366195009153718,105.86521965621793,9144.0
3450.0,TGW277,1.3781258708959523,103.93899525268921,9144.0
3450.0,TGW281,-1.201290498835053,107.1872972557771,9144.0
3450.0,SIA883,12.788342574772294,109.31621890170516,9144.0
3450.0,SIA915,6.970955894298742,113.18704946696481,9144.0
3450.0,SIA939,-1.977765555961288,108.07919398643408,9144.0
3450.0,SJX731,16.88599693943356,115.69266913395106,9144.0
3450.0,TGW139,18.304003267700832,112.5903459564538,9144.0
3450.0,TGW263,0.18366195009153718,105.86521965621793,9144.0
3450.0,TGW277,1.3781258708959523,103.93899525268921,9144.0
3450.0,TGW281,-1.201290498835053,107.1872972557771,9144.0
3460.0,SIA883,12.758361672415441,109.30016698723459,9144.0
3460.0,SIA915,6.950344060421331,113.15938927371091,9144.0
3460.0,SIA939,-1.9556744770729786,108.05386948529514,9144.0
3460.0,SJX731,16.861982188243147,115.67004898235663,9144.0
3460.0,TGW139,18.273961569007863,112.5759065281945,9144.0
3460.0,TGW263,0.20835072102156346,105.84479530352377,9144.0
3460.0,TGW277,1.3883569644584377,103.93936731802388,9144.0
3460.0,TGW281,-1.1790440501789599,107.16174001588541,9144.0
3460.0,SIA883,12.758361672415441,109.30016698723459,9144.0
3460.0,SIA915,6.950344060421331,113.15938927371091,9144.0
3460.0,SIA939,-1.9556744770729786,108.05386948529514,9144.0
3460.0,SJX731,16.861982188243147,115.67004898235663,9144.0
3460.0,TGW139,18.273961569007863,112.5759065281945,9144.0
3460.0,TGW263,0.20835072102156346,105.84479530352377,9144.0
3460.0,TGW277,1.3883569644584377,103.93936731802388,9144.0
3460.0,TGW281,-1.1790440501789599,107.16174001588541,9144.0
3470.0,SIA883,12.72849935097475,109.28388627598137,9144.0
3470.0,SIA915,6.92976404040778,113.13177747014446,9144.0
3470.0,SIA939,-1.9335830122610471,108.02854565272699,9144.0
3470.0,SJX731,16.83796495144933,115.64743458360715,9144.0
3470.0,TGW139,18.24391878487552,112.56147210202118,9144.0
3470.0,TGW263,0.23317579687420834,105.82453681189723,9144.0
3470.0,TGW277,1.397628220083231,103.94371112639315,9144.0
3470.0,TGW281,-1.156797358145639,107.13618319023763,9144.0
3470.0,SIA883,12.72849935097475,109.28388627598137,9144.0
3470.0,SIA915,6.92976404040778,113.13177747014446,9144.0
3470.0,SIA939,-1.9335830122610471,108.02854565272699,9144.0
3470.0,SJX731,16.83796495144933,115.64743458360715,9144.0
3470.0,TGW139,18.24391878487552,112.56147210202118,9144.0
3470.0,TGW263,0.23317579687420834,105.82453681189723,9144.0
3470.0,TGW277,1.397628220083231,103.94371112639315,9144.0
3470.0,TGW281,-1.156797358145639,107.13618319023763,9144.0
3480.0,SIA883,12.698635729894217,109.26760998448734,9144.0
3480.0,SIA915,6.909157742790376,113.10418676560236,9144.0
3480.0,SIA939,-1.9114911658367248,108.00322248119828,9144.0
3480.0,SJX731,16.81394523338982,115.62482592820199,9144.0
3480.0,TGW139,18.21387491757447,112.54704266761222,9144.0
3480.0,TGW263,0.25795585129323223,105.80431491276227,9144.0
3480.0,TGW277,1.4044636268060358,103.95133515160367,9144.0
3480.0,TGW281,-1.1345504265816737,107.11062677163076,9144.0
3480.0,SIA883,12.698635729894217,109.26760998448734,9144.0
3480.0,SIA915,6.909157742790376,113.10418676560236,9144.0
3480.0,SIA939,-1.9114911658367248,108.00322248119828,9144.0
3480.0,SJX731,16.81394523338982,115.62482592820199,9144.0
3480.0,TGW139,18.21387491757447,112.54704266761222,9144.0
3480.0,TGW263,0.25795585129323223,105.80431491276227,9144.0
3480.0,TGW277,1.4044636268060358,103.95133515160367,9144.0
3480.0,TGW281,-1.1345504265816737,107.11062677163076,9144.0
3490.0,SIA883,12.670304686023735,109.24867445595154,9144.0
3490.0,SIA915,6.888583377181633,113.07664439481235,9144.0
3490.0,SIA939,-1.8893989421103101,107.97789996317837,9144.0
3490.0,SJX731,16.789923038398157,115.60222300664628,9144.0
3490.0,TGW139,18.183829969372365,112.5326182146579,9144.0
3490.0,TGW263,0.28266515526658276,105.78400658077712,9144.0
3490.0,TGW281,-1.1123032591914037,107.08507075298566,9144.0
3490.0,SIA883,12.670304686023735,109.24867445595154,9144.0
3490.0,SIA915,6.888583377181633,113.07664439481235,9144.0
3490.0,SIA939,-1.8893989421103101,107.97789996317837,9144.0
3490.0,SJX731,16.789923038398157,115.60222300664628,9144.0
3490.0,TGW139,18.183829969372365,112.5326182146579,9144.0
3490.0,TGW263,0.28266515526658276,105.78400658077712,9144.0
3490.0,TGW281,-1.1123032591914037,107.08507075298566,9144.0
3500.0,SIA883,12.641924462161887,109.22971167638177,9144.0
3500.0,SIA915,6.867950707697555,113.04914750583742,9144.0
3500.0,SIA939,-1.8673063453911396,107.95257809113744,9144.0
3500.0,SJX731,16.7658983708037,115.57962580945097,9144.0
3500.0,TGW139,18.153783942533856,112.51819873286054,9144.0
3500.0,TGW263,0.3072846320731786,105.76377191214495,9144.0
3500.0,TGW281,-1.0900558594779106,107.05951512739843,9144.0
3500.0,SIA883,12.641924462161887,109.22971167638177,9144.0
3500.0,SIA915,6.867950707697555,113.04914750583742,9144.0
3500.0,SIA939,-1.8673063453911396,107.95257809113744,9144.0
3500.0,SJX731,16.7658983708037,115.57962580945097,9144.0
3500.0,TGW139,18.153783942533856,112.51819873286054,9144.0
3500.0,TGW263,0.3072846320731786,105.76377191214495,9144.0
3500.0,TGW281,-1.0900558594779106,107.05951512739843,9144.0
3510.0,SIA883,12.613426811171168,109.21093686800118,9144.0
3510.0,SIA915,6.847452304575435,113.0215501147086,9144.0
3510.0,SIA939,-1.845213379987558,107.92725685754644,9144.0
3510.0,SJX731,16.741871234931615,115.55703432713281,9144.0
3510.0,TGW139,18.123736839320575,112.50378421193442,9144.0
3510.0,TGW263,0.3318864616950172,105.74351574215761,9144.0
3510.0,TGW281,-1.0678082306460432,107.0339598882249,9144.0
3510.0,SIA883,12.613426811171168,109.21093686800118,9144.0
3510.0,SIA915,6.847452304575435,113.0215501147086,9144.0
3510.0,SIA939,-1.845213379987558,107.92725685754644,9144.0
3510.0,SJX731,16.741871234931615,115.55703432713281,9144.0
3510.0,TGW139,18.123736839320575,112.50378421193442,9144.0
3510.0,TGW263,0.3318864616950172,105.74351574215761,9144.0
3510.0,TGW281,-1.0678082306460432,107.0339598882249,9144.0
3520.0,SIA883,12.584832101974913,109.19210364855903,9144.0
3520.0,SIA915,6.826943326083317,112.99396187915316,9144.0
3520.0,SIA939,-1.8231200502068854,107.90193625487717,9144.0
3520.0,SJX731,16.717841635102857,115.53444855021436,9144.0
3520.0,TGW139,18.093688661991127,112.48937464160582,9144.0
3520.0,TGW263,0.35639840375621484,105.7233334006995,9144.0
3520.0,TGW281,-1.0455603754311125,107.00840502922979,9144.0
3520.0,SIA883,12.584832101974913,109.19210364855903,9144.0
3520.0,SIA915,6.826943326083317,112.99396187915316,9144.0
3520.0,SIA939,-1.8231200502068854,107.90193625487717,9144.0
3520.0,SJX731,16.717841635102857,115.53444855021436,9144.0
3520.0,TGW139,18.093688661991127,112.48937464160582,9144.0
3520.0,TGW263,0.35639840375621484,105.7233334006995,9144.0
3520.0,TGW281,-1.0455603754311125,107.00840502922979,9144.0
3530.0,SIA883,12.556130805822757,109.17344350445892,9144.0
3530.0,SIA915,6.806335939045845,112.96644931010213,9144.0
3530.0,SIA939,-1.8010263603553798,107.87661627560229,9144.0
3530.0,SJX731,16.693809575634155,115.51186846922404,9144.0
3530.0,TGW139,18.063639412801088,112.47497001161304,9144.0
3530.0,TGW263,0.3809606938475948,105.70321231092205,9144.0
3530.0,TGW281,-1.0233122957651466,106.98285054487742,9144.0
3530.0,SIA883,12.556130805822757,109.17344350445892,9144.0
3530.0,SIA915,6.806335939045845,112.96644931010213,9144.0
3530.0,SIA939,-1.8010263603553798,107.87661627560229,9144.0
3530.0,SJX731,16.693809575634155,115.51186846922404,9144.0
3530.0,TGW139,18.063639412801088,112.47497001161304,9144.0
3530.0,TGW263,0.3809606938475948,105.70321231092205,9144.0
3530.0,TGW281,-1.0233122957651466,106.98285054487742,9144.0
3540.0,SIA883,12.52757192907763,109.15488134265657,9144.0
3540.0,SIA915,6.785686235736649,112.93889868405998,9144.0
3540.0,SIA939,-1.7789323147381972,107.85129691219537,9144.0
3540.0,SJX731,16.669775060838006,115.48929407469612,9144.0
3540.0,TGW139,18.03358909400299,112.46057031170638,9144.0
3540.0,TGW263,0.4047529051836617,105.68372185601534,9144.0
3540.0,TGW281,-1.0010639920284043,106.9572964309836,9144.0
3540.0,SIA883,12.52757192907763,109.15488134265657,9144.0
3540.0,SIA915,6.785686235736649,112.93889868405998,9144.0
3540.0,SIA939,-1.7789323147381972,107.85129691219537,9144.0
3540.0,SJX731,16.669775060838006,115.48929407469612,9144.0
3540.0,TGW139,18.03358909400299,112.46057031170638,9144.0
3540.0,TGW263,0.4047529051836617,105.68372185601534,9144.0
3540.0,TGW281,-1.0010639920284043,106.9572964309836,9144.0
3550.0,SIA883,12.498995109496594,109.13635023299213,9144.0
3550.0,SIA915,6.765103757713081,112.91129826634612,9144.0
3550.0,SIA939,-1.756837917659349,107.82597815713092,9144.0
3550.0,SJX731,16.64573809502265,115.46672535717076,9144.0
3550.0,TGW139,18.00353770784632,112.44617553164817,9144.0
3550.0,TGW263,0.42849875817915245,105.66417488614337,9144.0
3550.0,TGW281,-0.9788154609514683,106.9317426865428,9144.0
3550.0,SIA883,12.498995109496594,109.13635023299213,9144.0
3550.0,SIA915,6.765103757713081,112.91129826634612,9144.0
3550.0,SIA939,-1.756837917659349,107.82597815713092,9144.0
3550.0,SJX731,16.64573809502265,115.46672535717076,9144.0
3550.0,TGW139,18.00353770784632,112.44617553164817,9144.0
3550.0,TGW263,0.42849875817915245,105.66417488614337,9144.0
3550.0,TGW281,-0.9788154609514683,106.9317426865428,9144.0
3560.0,SIA883,12.470561117193087,109.11791702088424,9144.0
3560.0,SIA915,6.744484505455181,112.88365561376459,9144.0
3560.0,SIA939,-1.7347431734216527,107.80066000288443,9144.0
3560.0,SJX731,16.621698682492063,115.44416230719402,9144.0
3560.0,TGW139,17.973485256577497,112.43178566121276,9144.0
3560.0,TGW263,0.4518797796525238,105.64492801859186,9144.0
3560.0,TGW281,-0.9565666866317855,106.90618932155226,9144.0
3560.0,SIA883,12.470561117193087,109.11791702088424,9144.0
3560.0,SIA915,6.744484505455181,112.88365561376459,9144.0
3560.0,SIA939,-1.7347431734216527,107.80066000288443,9144.0
3560.0,SJX731,16.621698682492063,115.44416230719402,9144.0
3560.0,TGW139,17.973485256577497,112.43178566121276,9144.0
3560.0,TGW263,0.4518797796525238,105.64492801859186,9144.0
3560.0,TGW281,-0.9565666866317855,106.90618932155226,9144.0
3570.0,SIA883,12.442121827962028,109.0994944019575,9144.0
3570.0,SIA915,6.723777676393363,112.85608059752559,9144.0
3570.0,SIA939,-1.7126480863266806,107.77534244193241,9144.0
3570.0,SJX731,16.597656827545922,115.42160491531789,9144.0
3570.0,TGW139,17.943431742439873,112.41740069018658,9144.0
3570.0,TGW263,0.47529040087892577,105.62571710389325,9144.0
3570.0,TGW281,-0.9343174672703426,106.88063650791601,9144.0
3570.0,SIA883,12.442121827962028,109.0994944019575,9144.0
3570.0,SIA915,6.723777676393363,112.85608059752559,9144.0
3570.0,SIA939,-1.7126480863266806,107.77534244193241,9144.0
3570.0,SJX731,16.597656827545922,115.42160491531789,9144.0
3570.0,TGW139,17.943431742439873,112.41740069018658,9144.0
3570.0,TGW263,0.47529040087892577,105.62571710389325,9144.0
3570.0,TGW281,-0.9343174672703426,106.88063650791601,9144.0
3580.0,SIA883,12.413518631306616,109.08134183881155,9144.0
3580.0,SIA915,6.7031708427193895,112.82864492669276,9144.0
3580.0,SIA939,-1.6905526606747008,107.75002546675248,9144.0
3580.0,SJX731,16.573612534479608,115.3990531721003,9144.0
3580.0,TGW139,17.91337716767371,112.40302060836812,9144.0
3580.0,TGW263,0.5000602788878672,105.60539055249801,9144.0
3580.0,TGW281,-0.9117682794192059,106.8553482400783,9144.0
3580.0,SIA883,12.413518631306616,109.08134183881155,9144.0
3580.0,SIA915,6.7031708427193895,112.82864492669276,9144.0
3580.0,SIA939,-1.6905526606747008,107.75002546675248,9144.0
3580.0,SJX731,16.573612534479608,115.3990531721003,9144.0
3580.0,TGW139,17.91337716767371,112.40302060836812,9144.0
3580.0,TGW263,0.5000602788878672,105.60539055249801,9144.0
3580.0,TGW281,-0.9117682794192059,106.8553482400783,9144.0
3590.0,SIA883,12.384913954568654,109.06319371310057,9144.0
3590.0,SIA915,6.6826730932583525,112.80112769115281,9144.0
3590.0,SIA939,-1.6684569007646142,107.72470906982338,9144.0
3590.0,SJX731,16.54956580758417,115.37650706810517,9144.0
3590.0,TGW139,17.88332153451617,112.38864540556796,9144.0
3590.0,TGW263,0.5248243102921383,105.58505679938827,9144.0
3590.0,TGW281,-0.88921890776237,106.83006029261038,9144.0
3590.0,SIA883,12.384913954568654,109.06319371310057,9144.0
3590.0,SIA915,6.6826730932583525,112.80112769115281,9144.0
3590.0,SIA939,-1.6684569007646142,107.72470906982338,9144.0
3590.0,SJX731,16.54956580758417,115.37650706810517,9144.0
3590.0,TGW139,17.88332153451617,112.38864540556796,9144.0
3590.0,TGW263,0.5248243102921383,105.58505679938827,9144.0
3590.0,TGW281,-0.88921890776237,106.83006029261038,9144.0
3600.0,SIA883,12.356185906347534,109.0452529946004,9144.0
3600.0,SIA915,6.662207135172282,112.77365890947185,9144.0
3600.0,SIA939,-1.6463608108938845,107.69939324362505,9144.0
3600.0,SJX731,16.52551665114631,115.3539665939024,9144.0
3600.0,TGW139,17.85326484520131,112.37427507160879,9144.0
3600.0,TGW263,0.5499014233237126,105.56446571896512,9144.0
3600.0,TGW281,-0.866669356452434,106.8047726578913,9144.0
3600.0,SIA883,12.356185906347534,109.0452529946004,9144.0
3600.0,SIA915,6.662207135172282,112.77365890947185,9144.0
3600.0,SIA939,-1.6463608108938845,107.69939324362505,9144.0
3600.0,SJX731,16.52551665114631,115.3539665939024,9144.0
3600.0,TGW139,17.85326484520131,112.37427507160879,9144.0
3600.0,TGW263,0.5499014233237126,105.56446571896512,9144.0
3600.0,TGW281,-0.866669356452434,106.8047726578913,9144.0
3610.0,SIA883,12.32745645056277,109.02731660630889,9144.0
3610.0,SIA915,6.6416931414619365,112.74622761766004,9144.0
3610.0,SIA939,-1.6242643953584603,107.67407798063871,9144.0
3610.0,SJX731,16.501465069448372,115.33143174006793,9144.0
3610.0,TGW139,17.82320710196004,112.35990959632547,9144.0
3610.0,TGW263,0.5746115249730771,105.54343549085519,9144.0
3610.0,TGW281,-0.8441196295959522,106.77948532834115,9144.0
3610.0,SIA883,12.32745645056277,109.02731660630889,9144.0
3610.0,SIA915,6.6416931414619365,112.74622761766004,9144.0
3610.0,SIA939,-1.6242643953584603,107.67407798063871,9144.0
3610.0,SJX731,16.501465069448372,115.33143174006793,9144.0
3610.0,TGW139,17.82320710196004,112.35990959632547,9144.0
3610.0,TGW263,0.5746115249730771,105.54343549085519,9144.0
3610.0,TGW281,-0.8441196295959522,106.77948532834115,9144.0
3620.0,SIA883,12.298701866613653,109.0094244173253,9144.0
3620.0,SIA915,6.6211771337736725,112.718798994365,9144.0
3620.0,SIA939,-1.6021676584526894,107.64876327334692,9144.0
3620.0,SJX731,16.477411066768294,115.30890249718374,9144.0
3620.0,TGW139,17.793148307020136,112.34554896956499,9144.0
3620.0,TGW263,0.596376520105,105.51952576603168,9144.0
3620.0,TGW281,-0.8215697312390547,106.7541982964339,9144.0
3620.0,SIA883,12.298701866613653,109.0094244173253,9144.0
3620.0,SIA915,6.6211771337736725,112.718798994365,9144.0
3620.0,SIA939,-1.6021676584526894,107.64876327334692,9144.0
3620.0,SJX731,16.477411066768294,115.30890249718374,9144.0
3620.0,TGW139,17.793148307020136,112.34554896956499,9144.0
3620.0,TGW263,0.596376520105,105.51952576603168,9144.0
3620.0,TGW281,-0.8215697312390547,106.7541982964339,9144.0
3630.0,SIA883,12.269751435702746,108.99141552880475,9144.0
3630.0,SIA915,6.600664647459816,112.69136884019413,9144.0
3630.0,SIA939,-1.580070604469223,107.62344911423364,9144.0
3630.0,SJX731,16.453354647379605,115.28637885583791,9144.0
3630.0,TGW139,17.763088462606195,112.33119318118659,9144.0
3630.0,TGW263,0.6158529464899406,105.49364496861071,9144.0
3630.0,TGW281,-0.7990196653463554,106.7289115547162,9144.0
3630.0,SIA883,12.269751435702746,108.99141552880475,9144.0
3630.0,SIA915,6.600664647459816,112.69136884019413,9144.0
3630.0,SIA939,-1.580070604469223,107.62344911423364,9144.0
3630.0,SJX731,16.453354647379605,115.28637885583791,9144.0
3630.0,TGW139,17.763088462606195,112.33119318118659,9144.0
3630.0,TGW263,0.6158529464899406,105.49364496861071,9144.0
3630.0,TGW281,-0.7990196653463554,106.7289115547162,9144.0
3640.0,SIA883,12.240919776676852,108.97321016985687,9144.0
3640.0,SIA915,6.58011634622741,112.66389556930613,9144.0
3640.0,SIA939,-1.5579732376989104,107.5981354957844,9144.0
3640.0,SJX731,16.42929581555139,115.26386080662462,9144.0
3640.0,TGW139,17.73302757093963,112.31684222106175,9144.0
3640.0,TGW263,0.6318954757754403,105.46550597369658,9144.0
3640.0,TGW281,-0.7764694357687008,106.70362509583619,9144.0
3640.0,SIA883,12.240919776676852,108.97321016985687,9144.0
3640.0,SIA915,6.58011634622741,112.66389556930613,9144.0
3640.0,SIA939,-1.5579732376989104,107.5981354957844,9144.0
3640.0,SJX731,16.42929581555139,115.26386080662462,9144.0
3640.0,TGW139,17.73302757093963,112.31684222106175,9144.0
3640.0,TGW263,0.6318954757754403,105.46550597369658,9144.0
3640.0,TGW281,-0.7764694357687008,106.70362509583619,9144.0
3650.0,SIA883,12.212086715293564,108.95500912141608,9144.0
3650.0,SIA915,6.5595660931648805,112.63642491258716,9144.0
3650.0,SIA939,-1.535875562430682,107.57282241048634,9144.0
3650.0,SJX731,16.405234575548274,115.24134834014423,9144.0
3650.0,TGW139,17.702965634238634,112.3024960790742,9144.0
3650.0,TGW263,0.644216992562026,105.43561247587553,9144.0
3650.0,TGW281,-0.7539190461912721,106.67833891258972,9144.0
3650.0,SIA883,12.212086715293564,108.95500912141608,9144.0
3650.0,SIA915,6.5595660931648805,112.63642491258716,9144.0
3650.0,SIA939,-1.535875562430682,107.57282241048634,9144.0
3650.0,SJX731,16.405234575548274,115.24134834014423,9144.0
3650.0,TGW139,17.702965634238634,112.3024960790742,9144.0
3650.0,TGW263,0.644216992562026,105.43561247587553,9144.0
3650.0,TGW281,-0.7539190461912721,106.67833891258972,9144.0
3660.0,SIA883,12.18331984031559,108.93670075434363,9144.0
3660.0,SIA915,6.539007147360551,112.60896197826881,9144.0
3660.0,SIA939,-1.513777582951416,107.54750985082832,9144.0
3660.0,SJX731,16.381170931630376,115.21884144700324,9144.0
3660.0,TGW139,17.672902654718172,112.28815474512007,9144.0
3660.0,TGW263,0.652647043068007,105.40439727619112,9144.0
3660.0,TGW281,-0.731368500044389,106.653052998,9144.0
3660.0,SIA883,12.18331984031559,108.93670075434363,9144.0
3660.0,SIA915,6.539007147360551,112.60896197826881,9144.0
3660.0,SIA939,-1.513777582951416,107.54750985082832,9144.0
3660.0,SJX731,16.381170931630376,115.21884144700324,9144.0
3660.0,TGW139,17.672902654718172,112.28815474512007,9144.0
3660.0,TGW263,0.652647043068007,105.40439727619112,9144.0
3660.0,TGW281,-0.731368500044389,106.653052998,9144.0
3670.0,SIA883,12.154503331125973,108.91836598071738,9144.0
3670.0,SIA915,6.518363652832111,112.5815645062565,9144.0
3670.0,SIA939,-1.4916793035457925,107.52219780930108,9144.0
3670.0,SJX731,16.357104888053293,115.19634011781442,9144.0
3670.0,TGW139,17.642838634589936,112.27381820910783,9144.0
3670.0,TGW263,0.6572456543414,105.37163622306822,9144.0
3670.0,TGW281,-0.7088178003361685,106.62776734546684,9144.0
3670.0,SIA883,12.154503331125973,108.91836598071738,9144.0
3670.0,SIA915,6.518363652832111,112.5815645062565,9144.0
3670.0,SIA939,-1.4916793035457925,107.52219780930108,9144.0
3670.0,SJX731,16.357104888053293,115.19634011781442,9144.0
3670.0,TGW139,17.642838634589936,112.27381820910783,9144.0
3670.0,TGW263,0.6572456543414,105.37163622306822,9144.0
3670.0,TGW281,-0.7088178003361685,106.62776734546684,9144.0
3680.0,SIA883,12.125741386292447,108.89994376349459,9144.0
3680.0,SIA915,6.49771550894107,112.55417170999114,9144.0
3680.0,SIA939,-1.4695807284961273,107.49688627839738,9144.0
3680.0,SJX731,16.33303644906806,115.17384434319673,9144.0
3680.0,TGW139,17.612773576062327,112.25948646095841,9144.0
3680.0,TGW263,0.6597736150498537,105.33865067642292,9144.0
3680.0,TGW281,-0.6862669492974682,106.6024819490833,9144.0
3680.0,SIA883,12.125741386292447,108.89994376349459,9144.0
3680.0,SIA915,6.49771550894107,112.55417170999114,9144.0
3680.0,SIA939,-1.4695807284961273,107.49688627839738,9144.0
3680.0,SJX731,16.33303644906806,115.17384434319673,9144.0
3680.0,TGW139,17.612773576062327,112.25948646095841,9144.0
3680.0,TGW263,0.6597736150498537,105.33865067642292,9144.0
3680.0,TGW281,-0.6862669492974682,106.6024819490833,9144.0
3690.0,SIA883,12.096929940582745,108.88149498413338,9144.0
3690.0,SIA915,6.4772261198172,112.52665954500837,9144.0
3690.0,SIA939,-1.4474818620821859,107.47157525061218,9144.0
3690.0,SJX731,16.308965618921125,115.15135411377551,9144.0
3690.0,TGW139,17.58270748134042,112.24515949060525,9144.0
3690.0,TGW263,0.664385493139257,105.30589144144007,9144.0
3690.0,TGW281,-0.6637159474733589,106.57719680444623,9144.0
3690.0,SIA883,12.096929940582745,108.88149498413338,9144.0
3690.0,SIA915,6.4772261198172,112.52665954500837,9144.0
3690.0,SIA939,-1.4474818620821859,107.47157525061218,9144.0
3690.0,SJX731,16.308965618921125,115.15135411377551,9144.0
3690.0,TGW139,17.58270748134042,112.24515949060525,9144.0
3690.0,TGW263,0.664385493139257,105.30589144144007,9144.0
3690.0,TGW281,-0.6637159474733589,106.57719680444623,9144.0
3700.0,SIA883,12.068111947874913,108.86305888825561,9144.0
3700.0,SIA915,6.456700719866955,112.4991044416223,9144.0
3700.0,SIA939,-1.4253827085809734,107.44626471844276,9144.0
3700.0,SJX731,16.284892401854304,115.12886942018238,9144.0
3700.0,TGW139,17.552640352625925,112.23083728799435,9144.0
3700.0,TGW263,0.6689489984084006,105.27347348522184,9144.0
3700.0,TGW281,-0.6411647904939768,106.55191191153665,9144.0
3700.0,SIA883,12.068111947874913,108.86305888825561,9144.0
3700.0,SIA915,6.456700719866955,112.4991044416223,9144.0
3700.0,SIA939,-1.4253827085809734,107.44626471844276,9144.0
3700.0,SJX731,16.284892401854304,115.12886942018238,9144.0
3700.0,TGW139,17.552640352625925,112.23083728799435,9144.0
3700.0,TGW263,0.6689489984084006,105.27347348522184,9144.0
3700.0,TGW281,-0.6411647904939768,106.55191191153665,9144.0
3710.0,SIA883,12.039366217860952,108.84450718399752,9144.0
3710.0,SIA915,6.436117954703001,112.47159382730693,9144.0
3710.0,SIA939,-1.4032832722664956,107.42095467438902,9144.0
3710.0,SJX731,16.260816802104756,115.10639025305538,9144.0
3710.0,TGW139,17.522572192117156,112.2165198430844,9144.0
3710.0,TGW263,0.673509134352463,105.24105502458616,9144.0
3710.0,TGW281,-0.6186134430258358,106.52662729795554,9144.0
3710.0,SIA883,12.039366217860952,108.84450718399752,9144.0
3710.0,SIA915,6.436117954703001,112.47159382730693,9144.0
3710.0,SIA939,-1.4032832722664956,107.42095467438902,9144.0
3710.0,SJX731,16.260816802104756,115.10639025305538,9144.0
3710.0,TGW139,17.522572192117156,112.2165198430844,9144.0
3710.0,TGW263,0.673509134352463,105.24105502458616,9144.0
3710.0,TGW281,-0.6186134430258358,106.52662729795554,9144.0
3720.0,SIA883,12.010569738388199,108.82593099838195,9144.0
3720.0,SIA915,6.415601592071532,112.44417671543123,9144.0
3720.0,SIA939,-1.3811835574094877,107.39564511095364,9144.0
3720.0,SJX731,16.236738823904936,115.08391660303896,9144.0
3720.0,TGW139,17.492503002008984,112.2022071458468,9144.0
3720.0,TGW263,0.6784362363847143,105.20869027926341,9144.0
3720.0,TGW281,-0.5931665053946562,106.50425974513271,9144.0
3720.0,SIA883,12.010569738388199,108.82593099838195,9144.0
3720.0,SIA915,6.415601592071532,112.44417671543123,9144.0
3720.0,SIA939,-1.3811835574094877,107.39564511095364,9144.0
3720.0,SJX731,16.236738823904936,115.08391660303896,9144.0
3720.0,TGW139,17.492503002008984,112.2022071458468,9144.0
3720.0,TGW263,0.6784362363847143,105.20869027926341,9144.0
3720.0,TGW281,-0.5931665053946562,106.50425974513271,9144.0
3730.0,SIA883,11.981602153318246,108.8076369654276,9144.0
3730.0,SIA915,6.395083137099394,112.4167622913462,9144.0
3730.0,SIA939,-1.359083568277104,107.37033602064237,9144.0
3730.0,SJX731,16.21265847148255,115.06144846078406,9144.0
3730.0,TGW139,17.462432784492798,112.1878991862658,9144.0
3730.0,TGW263,0.683300930983735,105.17672454624547,9144.0
3730.0,TGW281,-0.5674835437829436,106.48207672248088,9144.0
3730.0,SIA883,11.981602153318246,108.8076369654276,9144.0
3730.0,SIA915,6.395083137099394,112.4167622913462,9144.0
3730.0,SIA939,-1.359083568277104,107.37033602064237,9144.0
3730.0,SJX731,16.21265847148255,115.06144846078406,9144.0
3730.0,TGW139,17.462432784492798,112.1878991862658,9144.0
3730.0,TGW263,0.683300930983735,105.17672454624547,9144.0
3730.0,TGW281,-0.5674835437829436,106.48207672248088,9144.0
3740.0,SIA883,11.952584291297207,108.78931781434994,9144.0
3740.0,SIA915,6.374557910151659,112.38935409948822,9144.0
3740.0,SIA939,-1.3369833091325625,107.3450273959644,9144.0
3740.0,SJX731,16.18857574906052,115.03898581694818,9144.0
3740.0,TGW139,17.432361541756446,112.17359595433855,9144.0
3740.0,TGW263,0.6876479736869285,105.1446842731092,9144.0
3740.0,TGW281,-0.5412179624246339,106.46058688346258,9144.0
3740.0,SIA883,11.952584291297207,108.78931781434994,9144.0
3740.0,SIA915,6.374557910151659,112.38935409948822,9144.0
3740.0,SIA939,-1.3369833091325625,107.3450273959644,9144.0
3740.0,SJX731,16.18857574906052,115.03898581694818,9144.0
3740.0,TGW139,17.432361541756446,112.17359595433855,9144.0
3740.0,TGW263,0.6876479736869285,105.1446842731092,9144.0
3740.0,TGW281,-0.5412179624246339,106.46058688346258,9144.0
3750.0,SIA883,11.923683772734327,108.77080784080671,9144.0
3750.0,SIA915,6.354235933593824,112.36222216019407,9144.0
3750.0,SIA939,-1.3148827842347353,107.31971922943264,9144.0
3750.0,SJX731,16.164490660856938,115.01652866219538,9144.0
3750.0,TGW139,17.402289275984202,112.15929744007529,9144.0
3750.0,TGW263,0.6921312603703116,105.11318998321765,9144.0
3750.0,TGW281,-0.5149962545312387,106.43913322054112,9144.0
3750.0,SIA883,11.923683772734327,108.77080784080671,9144.0
3750.0,SIA915,6.354235933593824,112.36222216019407,9144.0
3750.0,SIA939,-1.3148827842347353,107.31971922943264,9144.0
3750.0,SJX731,16.164490660856938,115.01652866219538,9144.0
3750.0,TGW139,17.402289275984202,112.15929744007529,9144.0
3750.0,TGW263,0.6921312603703116,105.11318998321765,9144.0
3750.0,TGW281,-0.5149962545312387,106.43913322054112,9144.0
3760.0,SIA883,11.8947337898364,108.75227145690835,9144.0
3760.0,SIA915,6.333910820421697,112.33509366962967,9144.0
3760.0,SIA939,-1.2927819978376731,107.29441151356417,9144.0
3760.0,SJX731,16.14040321108501,114.9940769871964,9144.0
3760.0,TGW139,17.372215989356686,112.14500363349941,9144.0
3760.0,TGW263,0.6965071771964704,105.08244771121002,9144.0
3760.0,TGW281,-0.4887742711934849,106.41767998031891,9144.0
3760.0,SIA883,11.8947337898364,108.75227145690835,9144.0
3760.0,SIA915,6.333910820421697,112.33509366962967,9144.0
3760.0,SIA939,-1.2927819978376731,107.29441151356417,9144.0
3760.0,SJX731,16.14040321108501,114.9940769871964,9144.0
3760.0,TGW139,17.372215989356686,112.14500363349941,9144.0
3760.0,TGW263,0.6965071771964704,105.08244771121002,9144.0
3760.0,TGW281,-0.4887742711934849,106.41767998031891,9144.0
3770.0,SIA883,11.865743518830476,108.73380291512072,9144.0
3770.0,SIA915,6.313568252099031,112.30797949366355,9144.0
3770.0,SIA939,-1.2706809541900534,107.26910424088074,9144.0
3770.0,SJX731,16.116313403953015,114.97163078262862,9144.0
3770.0,TGW139,17.342141684050812,112.13071452464759,9144.0
3770.0,TGW263,0.7009556145872131,105.05171582166484,9144.0
3770.0,TGW281,-0.4626181499669004,106.39614656478308,9144.0
3770.0,SIA883,11.865743518830476,108.73380291512072,9144.0
3770.0,SIA915,6.313568252099031,112.30797949366355,9144.0
3770.0,SIA939,-1.2706809541900534,107.26910424088074,9144.0
3770.0,SJX731,16.116313403953015,114.97163078262862,9144.0
3770.0,TGW139,17.342141684050812,112.13071452464759,9144.0
3770.0,TGW263,0.7009556145872131,105.05171582166484,9144.0
3770.0,TGW281,-0.4626181499669004,106.39614656478308,9144.0
3780.0,SIA883,11.836655748061634,108.71527747573262,9144.0
3780.0,SIA915,6.293360998548927,112.2810508531014,9144.0
3780.0,SIA939,-1.2485796575345318,107.2437974039093,9144.0
3780.0,SJX731,16.092221243664234,114.94919003917629,9144.0
3780.0,TGW139,17.312066362239722,112.11643010356995,9144.0
3780.0,TGW263,0.7053531995366251,105.02133311236747,9144.0
3780.0,TGW281,-0.43641807749961503,106.37457723623629,9144.0
3780.0,SIA883,11.836655748061634,108.71527747573262,9144.0
3780.0,SIA915,6.293360998548927,112.2810508531014,9144.0
3780.0,SIA939,-1.2485796575345318,107.2437974039093,9144.0
3780.0,SJX731,16.092221243664234,114.94919003917629,9144.0
3780.0,TGW139,17.312066362239722,112.11643010356995,9144.0
3780.0,TGW263,0.7053531995366251,105.02133311236747,9144.0
3780.0,TGW281,-0.43641807749961503,106.37457723623629,9144.0
3790.0,SIA883,11.8076765315251,108.69657725817382,9144.0
3790.0,SIA915,6.273104880644805,112.25416044362935,9144.0
3790.0,SIA939,-1.2264781121069794,107.21849099518269,9144.0
3790.0,SJX731,16.068126734416914,114.92675474753044,9144.0
3790.0,TGW139,17.281990026092704,112.10215036033027,9144.0
3790.0,TGW263,0.7096882548233193,104.99094138845945,9144.0
3790.0,TGW281,-0.41020894832042526,106.35301898700568,9144.0
3790.0,SIA883,11.8076765315251,108.69657725817382,9144.0
3790.0,SIA915,6.273104880644805,112.25416044362935,9144.0
3790.0,SIA939,-1.2264781121069794,107.21849099518269,9144.0
3790.0,SJX731,16.068126734416914,114.92675474753044,9144.0
3790.0,TGW139,17.281990026092704,112.10215036033027,9144.0
3790.0,TGW263,0.7096882548233193,104.99094138845945,9144.0
3790.0,TGW281,-0.41020894832042526,106.35301898700568,9144.0
3800.0,SIA883,11.778600282686272,108.6778196510632,9144.0
3800.0,SIA915,6.252881378467643,112.22731823356658,9144.0
3800.0,SIA939,-1.2043763221355774,107.19318500724044,9144.0
3800.0,SJX731,16.0440298804042,114.90432489838904,9144.0
3800.0,TGW139,17.251912677775117,112.08787528500608,9144.0
3800.0,TGW263,0.7139646358247486,104.96095900733378,9144.0
3800.0,TGW281,-0.383955904036512,106.33142482904765,9144.0
3800.0,SIA883,11.778600282686272,108.6778196510632,9144.0
3800.0,SIA915,6.252881378467643,112.22731823356658,9144.0
3800.0,SIA939,-1.2043763221355774,107.19318500724044,9144.0
3800.0,SJX731,16.0440298804042,114.90432489838904,9144.0
3800.0,TGW139,17.251912677775117,112.08787528500608,9144.0
3800.0,TGW263,0.7139646358247486,104.96095900733378,9144.0
3800.0,TGW281,-0.383955904036512,106.33142482904765,9144.0
3810.0,SIA883,11.749519814588295,108.65907085222258,9144.0
3810.0,SIA915,6.232737762645096,112.20041633643814,9144.0
3810.0,SIA939,-1.1822742918397342,107.16787943262972,9144.0
3810.0,SJX731,16.019930685814057,114.88190048245703,9144.0
3810.0,TGW139,17.22183431944829,112.07360486768891,9144.0
3810.0,TGW263,0.7182403857939208,104.93097650823078,9144.0
3810.0,TGW281,-0.3577027156697765,106.30983091030667,9144.0
3810.0,SIA883,11.749519814588295,108.65907085222258,9144.0
3810.0,SIA915,6.232737762645096,112.20041633643814,9144.0
3810.0,SIA939,-1.1822742918397342,107.16787943262972,9144.0
3810.0,SJX731,16.019930685814057,114.88190048245703,9144.0
3810.0,TGW139,17.22183431944829,112.07360486768891,9144.0
3810.0,TGW263,0.7182403857939208,104.93097650823078,9144.0
3810.0,TGW281,-0.3577027156697765,106.30983091030667,9144.0
3820.0,SIA883,11.72048577402884,108.64035705093444,9144.0
3820.0,SIA915,6.212661005221587,112.17360866480558,9144.0
3820.0,SIA939,-1.1601720254287808,107.14257426390641,9144.0
3820.0,SJX731,15.995829154829227,114.85948149044644,9144.0
3820.0,TGW139,17.19175495326944,112.0593390984845,9144.0
3820.0,TGW263,0.72553986759909,104.90158353069044,9144.0
3820.0,TGW281,-0.33143838122698055,106.28825060975885,9144.0
3820.0,SIA883,11.72048577402884,108.64035705093444,9144.0
3820.0,SIA915,6.212661005221587,112.17360866480558,9144.0
3820.0,SIA939,-1.1601720254287808,107.14257426390641,9144.0
3820.0,SJX731,15.995829154829227,114.85948149044644,9144.0
3820.0,TGW139,17.19175495326944,112.0593390984845,9144.0
3820.0,TGW263,0.72553986759909,104.90158353069044,9144.0
3820.0,TGW281,-0.33143838122698055,106.28825060975885,9144.0
3830.0,SIA883,11.691449673452059,108.62164854824987,9144.0
3830.0,SIA915,6.192573183407287,112.1468104024397,9144.0
3830.0,SIA939,-1.138069527100382,107.11726949363661,9144.0
3830.0,SJX731,15.971725291627138,114.83706791307645,9144.0
3830.0,TGW139,17.16167458139155,112.04507796751304,9144.0
3830.0,TGW263,0.7366787564349513,104.87373989828379,9144.0
3830.0,TGW281,-0.30517394884121285,106.26667048337468,9144.0
3830.0,SIA883,11.691449673452059,108.62164854824987,9144.0
3830.0,SIA915,6.192573183407287,112.1468104024397,9144.0
3830.0,SIA939,-1.138069527100382,107.11726949363661,9144.0
3830.0,SJX731,15.971725291627138,114.83706791307645,9144.0
3830.0,TGW139,17.16167458139155,112.04507796751304,9144.0
3830.0,TGW263,0.7366787564349513,104.87373989828379,9144.0
3830.0,TGW281,-0.30517394884121285,106.26667048337468,9144.0
3840.0,SIA883,11.66237671594335,108.60300178699559,9144.0
3840.0,SIA915,6.172552609992877,112.12010623624867,9144.0
3840.0,SIA939,-1.1159668010385873,107.09196511439825,9144.0
3840.0,SJX731,15.947619100379837,114.8146597410735,9144.0
3840.0,TGW139,17.131593205963256,112.03082146490942,9144.0
3840.0,TGW263,0.7479483858146758,104.84633483844202,9144.0
3840.0,TGW281,-0.27888531654231946,106.24511989482443,9144.0
3840.0,SIA883,11.66237671594335,108.60300178699559,9144.0
3840.0,SIA915,6.172552609992877,112.12010623624867,9144.0
3840.0,SIA939,-1.1159668010385873,107.09196511439825,9144.0
3840.0,SJX731,15.947619100379837,114.8146597410735,9144.0
3840.0,TGW139,17.131593205963256,112.03082146490942,9144.0
3840.0,TGW263,0.7479483858146758,104.84633483844202,9144.0
3840.0,TGW281,-0.27888531654231946,106.24511989482443,9144.0
3850.0,SIA883,11.633445638495429,108.5844522276633,9144.0
3850.0,SIA915,6.15252998559844,112.09340463335828,9144.0
3850.0,SIA939,-1.0938638514114074,107.06666111878323,9144.0
3850.0,SJX731,15.923510585253908,114.79225696517133,9144.0
3850.0,TGW139,17.101510829128706,112.01656958082356,9144.0
3850.0,TGW263,0.7586321760692712,104.8186960176506,9144.0
3850.0,TGW281,-0.25268445146724283,106.22364143874356,9144.0
3850.0,SIA883,11.633445638495429,108.5844522276633,9144.0
3850.0,SIA915,6.15252998559844,112.09340463335828,9144.0
3850.0,SIA939,-1.0938638514114074,107.06666111878323,9144.0
3850.0,SJX731,15.923510585253908,114.79225696517133,9144.0
3850.0,TGW139,17.101510829128706,112.01656958082356,9144.0
3850.0,TGW263,0.7586321760692712,104.8186960176506,9144.0
3850.0,TGW281,-0.25268445146724283,106.22364143874356,9144.0
3860.0,SIA883,11.604482990988368,108.56595601588164,9144.0
3860.0,SIA915,6.132490193933066,112.06671706653874,9144.0
3860.0,SIA939,-1.0717606823677661,107.04135749940012,9144.0
3860.0,SJX731,15.899399750410383,114.76985957611119,9144.0
3860.0,TGW139,17.07142745302743,112.00232230542069,9144.0
3860.0,TGW263,0.769056389019767,104.79172784258225,9144.0
3860.0,TGW281,-0.22654326912839612,106.20209042297651,9144.0
3860.0,SIA883,11.604482990988368,108.56595601588164,9144.0
3860.0,SIA915,6.132490193933066,112.06671706653874,9144.0
3860.0,SIA939,-1.0717606823677661,107.04135749940012,9144.0
3860.0,SJX731,15.899399750410383,114.76985957611119,9144.0
3860.0,TGW139,17.07142745302743,112.00232230542069,9144.0
3860.0,TGW263,0.769056389019767,104.79172784258225,9144.0
3860.0,TGW281,-0.22654326912839612,106.20209042297651,9144.0
3870.0,SIA883,11.575663120958573,108.54755612013905,9144.0
3870.0,SIA915,6.11244899969845,112.04003156638788,9144.0
3870.0,SIA939,-1.0496572980336152,107.01605424887751,9144.0
3870.0,SJX731,15.875286600004664,114.74746756464181,9144.0
3870.0,TGW139,17.04134307979417,111.98807962888175,9144.0
3870.0,TGW263,0.7794941828956684,104.7647648555475,9144.0
3870.0,TGW281,-0.20040203116220148,106.18053951132073,9144.0
3870.0,SIA883,11.575663120958573,108.54755612013905,9144.0
3870.0,SIA915,6.11244899969845,112.04003156638788,9144.0
3870.0,SIA939,-1.0496572980336152,107.01605424887751,9144.0
3870.0,SJX731,15.875286600004664,114.74746756464181,9144.0
3870.0,TGW139,17.04134307979417,111.98807962888175,9144.0
3870.0,TGW263,0.7794941828956684,104.7647648555475,9144.0
3870.0,TGW281,-0.20040203116220148,106.18053951132073,9144.0
3880.0,SIA883,11.546798527949935,108.52923130396836,9144.0
3880.0,SIA915,6.092406388897556,112.01334814030685,9144.0
3880.0,SIA939,-1.0275537025068966,106.99075135986844,9144.0
3880.0,SJX731,15.851171138186409,114.72508092151965,9144.0
3880.0,TGW139,17.011257711558706,111.97384154140374,9144.0
3880.0,TGW263,0.7894278058950562,104.73910336885756,9144.0
3880.0,TGW281,-0.17418475628902258,106.15908119853452,9144.0
3880.0,SIA883,11.546798527949935,108.52923130396836,9144.0
3880.0,SIA915,6.092406388897556,112.01334814030685,9144.0
3880.0,SIA939,-1.0275537025068966,106.99075135986844,9144.0
3880.0,SJX731,15.851171138186409,114.72508092151965,9144.0
3880.0,TGW139,17.011257711558706,111.97384154140374,9144.0
3880.0,TGW263,0.7894278058950562,104.73910336885756,9144.0
3880.0,TGW281,-0.17418475628902258,106.15908119853452,9144.0
3890.0,SIA883,11.517980744991691,108.51094125851895,9144.0
3890.0,SIA915,6.0723623362246615,111.98666680429238,9144.0
3890.0,SIA939,-1.0054498998509034,106.9654488250562,9144.0
3890.0,SJX731,15.827053369099445,114.7026996375089,9144.0
3890.0,TGW139,16.98117135044565,111.95960803320025,9144.0
3890.0,TGW263,0.7993667726900997,104.71344389007886,9144.0
3890.0,TGW281,-0.1480114260769798,106.13765896736544,9144.0
3890.0,SIA883,11.517980744991691,108.51094125851895,9144.0
3890.0,SIA915,6.0723623362246615,111.98666680429238,9144.0
3890.0,SIA939,-1.0054498998509034,106.9654488250562,9144.0
3890.0,SJX731,15.827053369099445,114.7026996375089,9144.0
3890.0,TGW139,16.98117135044565,111.95960803320025,9144.0
3890.0,TGW263,0.7993667726900997,104.71344389007886,9144.0
3890.0,TGW281,-0.1480114260769798,106.13765896736544,9144.0
3900.0,SIA883,11.489202262159777,108.49258875374377,9144.0
3900.0,SIA915,6.05231679007322,111.9599875943318,9144.0
3900.0,SIA939,-0.9833458940853328,106.94014663716214,9144.0
3900.0,SJX731,15.802933296881656,114.68032370338169,9144.0
3900.0,TGW139,16.951083998574237,111.94537909450189,9144.0
3900.0,TGW263,0.8090613650438546,104.68841444021139,9144.0
3900.0,TGW281,-0.1219054857176486,106.11615468612858,9144.0
3900.0,SIA883,11.489202262159777,108.49258875374377,9144.0
3900.0,SIA915,6.05231679007322,111.9599875943318,9144.0
3900.0,SIA939,-0.9833458940853328,106.94014663716214,9144.0
3900.0,SJX731,15.802933296881656,114.68032370338169,9144.0
3900.0,TGW139,16.951083998574237,111.94537909450189,9144.0
3900.0,TGW263,0.8090613650438546,104.68841444021139,9144.0
3900.0,TGW281,-0.1219054857176486,106.11615468612858,9144.0
3910.0,SIA883,11.4603742522199,108.47420968686663,9144.0
3910.0,SIA915,6.032269610055281,111.93331061389115,9144.0
3910.0,SIA939,-0.9612416891739484,106.91484478895647,9144.0
3910.0,SJX731,15.778810925664864,114.6579531099182,9144.0
3910.0,TGW139,16.92099565805807,111.93115471555686,9144.0
3910.0,TGW263,0.8187548869233683,104.66338451550463,9144.0
3910.0,TGW281,-0.09579951910133544,106.09465045538234,9144.0
3910.0,SIA883,11.4603742522199,108.47420968686663,9144.0
3910.0,SIA915,6.032269610055281,111.93331061389115,9144.0
3910.0,SIA939,-0.9612416891739484,106.91484478895647,9144.0
3910.0,SJX731,15.778810925664864,114.6579531099182,9144.0
3910.0,TGW139,16.92099565805807,111.93115471555686,9144.0
3910.0,TGW263,0.8187548869233683,104.66338451550463,9144.0
3910.0,TGW281,-0.09579951910133544,106.09465045538234,9144.0
3920.0,SIA883,11.431595469162751,108.45575235347262,9144.0
3920.0,SIA915,6.012219553615453,111.90663680415278,9144.0
3920.0,SIA939,-0.9391372890070709,106.88954327327353,9144.0
3920.0,SJX731,15.754686259574708,114.63558784790679,9144.0
3920.0,TGW139,16.89090633100485,111.9169348866316,9144.0
3920.0,TGW263,0.8285149068148168,104.63818205064467,9144.0
3920.0,TGW281,-0.0696321832079333,106.07322095817236,9144.0
3920.0,SIA883,11.431595469162751,108.45575235347262,9144.0
3920.0,SIA915,6.012219553615453,111.90663680415278,9144.0
3920.0,SIA939,-0.9391372890070709,106.88954327327353,9144.0
3920.0,SJX731,15.754686259574708,114.63558784790679,9144.0
3920.0,TGW139,16.89090633100485,111.9169348866316,9144.0
3920.0,TGW263,0.8285149068148168,104.63818205064467,9144.0
3920.0,TGW281,-0.0696321832079333,106.07322095817236,9144.0
3930.0,SIA883,11.402815351985693,108.43729905747593,9144.0
3930.0,SIA915,5.99213270336822,111.87999198074073,9144.0
3930.0,SIA939,-0.9170326973758708,106.86424208303433,9144.0
3930.0,SJX731,15.73055930273052,114.61322790814418,9144.0
3930.0,TGW139,16.860816019516058,111.90271959801147,9144.0
3930.0,TGW263,0.8395345760757087,104.61350438769207,9144.0
3930.0,TGW281,-0.04355287190501628,106.05186358466494,9144.0
3930.0,SIA883,11.402815351985693,108.43729905747593,9144.0
3930.0,SIA915,5.99213270336822,111.87999198074073,9144.0
3930.0,SIA939,-0.9170326973758708,106.86424208303433,9144.0
3930.0,SJX731,15.73055930273052,114.61322790814418,9144.0
3930.0,TGW139,16.860816019516058,111.90271959801147,9144.0
3930.0,TGW263,0.8395345760757087,104.61350438769207,9144.0
3930.0,TGW281,-0.04355287190501628,106.05186358466494,9144.0
3940.0,SIA883,11.374044845692234,108.41883203953873,9144.0
3940.0,SIA915,5.971939807354667,111.85321257287325,9144.0
3940.0,SIA939,-0.894927917933038,106.83894121128081,9144.0
3940.0,SJX731,15.706430059245175,114.5908732814356,9144.0
3940.0,TGW139,16.83072472568662,111.88850884000162,9144.0
3940.0,TGW263,0.8540399710007984,104.59106719522266,9144.0
3940.0,TGW281,-0.017473549119876912,106.03050623035548,9144.0
3940.0,SIA883,11.374044845692234,108.41883203953873,9144.0
3940.0,SIA915,5.971939807354667,111.85321257287325,9144.0
3940.0,SIA939,-0.894927917933038,106.83894121128081,9144.0
3940.0,SJX731,15.706430059245175,114.5908732814356,9144.0
3940.0,TGW139,16.83072472568662,111.88850884000162,9144.0
3940.0,TGW263,0.8540399710007984,104.59106719522266,9144.0
3940.0,TGW281,-0.017473549119876912,106.03050623035548,9144.0
3950.0,SIA883,11.345321069209788,108.4003998567545,9144.0
3950.0,SIA915,5.951805260424335,111.82638977107663,9144.0
3950.0,SIA939,-0.8728229541294119,106.81364065123135,9144.0
3950.0,SJX731,15.682298533224955,114.56852395859497,9144.0
3950.0,TGW139,16.800632451604493,111.87430260292777,9144.0
3950.0,TGW263,0.871575107152892,104.57148773773642,9144.0
3950.0,TGW281,0.008539317551904162,106.00906798426742,9144.0
3950.0,SIA883,11.345321069209788,108.4003998567545,9144.0
3950.0,SIA915,5.951805260424335,111.82638977107663,9144.0
3950.0,SIA939,-0.8728229541294119,106.81364065123135,9144.0
3950.0,SJX731,15.682298533224955,114.56852395859497,9144.0
3950.0,TGW139,16.800632451604493,111.87430260292777,9144.0
3950.0,TGW263,0.871575107152892,104.57148773773642,9144.0
3950.0,TGW281,0.008539317551904162,106.00906798426742,9144.0
3960.0,SIA883,11.316614039222115,108.38194240753594,9144.0
3960.0,SIA915,5.931600526559948,111.7994774200297,9144.0
3960.0,SIA939,-0.8507178091049213,106.788340396376,9144.0
3960.0,SJX731,15.65816472876938,114.54617993044505,9144.0
3960.0,TGW139,16.770539199350235,111.86010087713733,9144.0
3960.0,TGW263,0.8914829670438628,104.5553970178379,9144.0
3960.0,TGW281,0.03459610646787108,105.98759353933013,9144.0
3960.0,SIA883,11.316614039222115,108.38194240753594,9144.0
3960.0,SIA915,5.931600526559948,111.7994774200297,9144.0
3960.0,SIA939,-0.8507178091049213,106.788340396376,9144.0
3960.0,SJX731,15.65816472876938,114.54617993044505,9144.0
3960.0,TGW139,16.770539199350235,111.86010087713733,9144.0
3960.0,TGW263,0.8914829670438628,104.5553970178379,9144.0
3960.0,TGW281,0.03459610646787108,105.98759353933013,9144.0
3970.0,SIA883,11.28800184488893,108.36355071066306,9144.0
3970.0,SIA915,5.911394329258523,111.77256716394054,9144.0
3970.0,SIA939,-0.8286124854835785,106.76304044065569,9144.0
3970.0,SJX731,15.634028649971045,114.52384118781772,9144.0
3970.0,TGW139,16.74044497099649,111.84590365300053,9144.0
3970.0,TGW263,0.9137082766486925,104.54269866778574,9144.0
3970.0,TGW281,0.06066175688714592,105.96612984322552,9144.0
3970.0,SIA883,11.28800184488893,108.36355071066306,9144.0
3970.0,SIA915,5.911394329258523,111.77256716394054,9144.0
3970.0,SIA939,-0.8286124854835785,106.76304044065569,9144.0
3970.0,SJX731,15.634028649971045,114.52384118781772,9144.0
3970.0,TGW139,16.74044497099649,111.84590365300053,9144.0
3970.0,TGW263,0.9137082766486925,104.54269866778574,9144.0
3970.0,TGW281,0.06066175688714592,105.96612984322552,9144.0
3980.0,SIA883,11.259381923704739,108.34517334940269,9144.0
3980.0,SIA915,5.8911865704703175,111.7456590739296,9144.0
3980.0,SIA939,-0.8065069849372911,106.73774077884339,9144.0
3980.0,SJX731,15.609890300915438,114.50150772155413,9144.0
3980.0,TGW139,16.710349768607394,111.8317109209118,9144.0
3980.0,TGW263,0.9376785367663918,104.53371982056278,9144.0
3980.0,TGW281,0.08655148799542785,105.94481097931268,9144.0
3980.0,SIA883,11.259381923704739,108.34517334940269,9144.0
3980.0,SIA915,5.8911865704703175,111.7456590739296,9144.0
3980.0,SIA939,-0.8065069849372911,106.73774077884339,9144.0
3980.0,SJX731,15.609890300915438,114.50150772155413,9144.0
3980.0,TGW139,16.710349768607394,111.8317109209118,9144.0
3980.0,TGW263,0.9376785367663918,104.53371982056278,9144.0
3980.0,TGW281,0.08655148799542785,105.94481097931268,9144.0
3990.0,SIA883,11.230840901364214,108.32667069376575,9144.0
3990.0,SIA915,5.8709767879048655,111.71875349764265,9144.0
3990.0,SIA939,-0.7844013070646789,106.71244140752407,9144.0
3990.0,SJX731,15.585749685680748,114.47917952250494,9144.0
3990.0,TGW139,16.680253594237925,111.81752267129126,9144.0
3990.0,TGW263,0.9622397432116508,104.52889193702698,9144.0
3990.0,TGW281,0.11247537045103084,105.92353364016215,9144.0
3990.0,SIA883,11.230840901364214,108.32667069376575,9144.0
3990.0,SIA915,5.8709767879048655,111.71875349764265,9144.0
3990.0,SIA939,-0.7844013070646789,106.71244140752407,9144.0
3990.0,SJX731,15.585749685680748,114.47917952250494,9144.0
3990.0,TGW139,16.680253594237925,111.81752267129126,9144.0
3990.0,TGW263,0.9622397432116508,104.52889193702698,9144.0
3990.0,TGW281,0.11247537045103084,105.92353364016215,9144.0
4000.0,SIA883,11.202297188342316,108.30817418035907,9144.0
4000.0,SIA915,5.850744119182537,111.69186628385806,9144.0
4000.0,SIA939,-0.7622954453711859,106.68714232860783,9144.0
4000.0,SJX731,15.56160680833765,114.45685658153056,9144.0
4000.0,TGW139,16.650156449933117,111.8033388945865,9144.0
4000.0,TGW263,0.9867549051501981,104.52575162859652,9144.0
4000.0,TGW281,0.13831099544524006,105.90232868529577,9144.0
4000.0,SIA883,11.202297188342316,108.30817418035907,9144.0
4000.0,SIA915,5.850744119182537,111.69186628385806,9144.0
4000.0,SIA939,-0.7622954453711859,106.68714232860783,9144.0
4000.0,SJX731,15.56160680833765,114.45685658153056,9144.0
4000.0,TGW139,16.650156449933117,111.8033388945865,9144.0
4000.0,TGW263,0.9867549051501981,104.52575162859652,9144.0
4000.0,TGW281,0.13831099544524006,105.90232868529577,9144.0
4010.0,SIA883,11.173718019335396,108.2897364706971,9144.0
4010.0,SIA915,5.830338273566581,111.66475282595525,9144.0
4010.0,SIA939,-0.7401893538614694,106.66184357852687,9144.0
4010.0,SJX731,15.537461672949096,114.43453888950144,9144.0
4010.0,TGW139,16.620058337727166,111.7891595812747,9144.0
4010.0,TGW263,1.0112700641515084,104.52261127379899,9144.0
4010.0,TGW281,0.16409790708380984,105.88106449223253,9144.0
4010.0,SIA883,11.173718019335396,108.2897364706971,9144.0
4010.0,SIA915,5.830338273566581,111.66475282595525,9144.0
4010.0,SIA939,-0.7401893538614694,106.66184357852687,9144.0
4010.0,SJX731,15.537461672949096,114.43453888950144,9144.0
4010.0,TGW139,16.620058337727166,111.7891595812747,9144.0
4010.0,TGW263,1.0112700641515084,104.52261127379899,9144.0
4010.0,TGW281,0.16409790708380984,105.88106449223253,9144.0
4020.0,SIA883,11.145088765177142,108.27127290440009,9144.0
4020.0,SIA915,5.809931000301896,111.6376414380824,9144.0
4020.0,SIA939,-0.717841749814809,106.63675807289988,9144.0
4020.0,SJX731,15.513314283570065,114.41222643729833,9144.0
4020.0,TGW139,16.589959259642388,111.77498472186498,9144.0
4020.0,TGW263,1.0349265757059496,104.5154532046606,9144.0
4020.0,TGW281,0.18997286875914401,105.85972761191935,9144.0
4020.0,SIA883,11.145088765177142,108.27127290440009,9144.0
4020.0,SIA915,5.809931000301896,111.6376414380824,9144.0
4020.0,SIA939,-0.717841749814809,106.63675807289988,9144.0
4020.0,SJX731,15.513314283570065,114.41222643729833,9144.0
4020.0,TGW139,16.589959259642388,111.77498472186498,9144.0
4020.0,TGW263,1.0349265757059496,104.5154532046606,9144.0
4020.0,TGW281,0.18997286875914401,105.85972761191935,9144.0
4030.0,SIA883,11.116478643182006,108.25278037356853,9144.0
4030.0,SIA915,5.789522246508881,111.61053215705937,9144.0
4030.0,SIA939,-0.6957600169654553,106.61197147631573,9144.0
4030.0,SJX731,15.489164644247309,114.38991921581257,9144.0
4030.0,TGW139,16.559859217687986,111.76081430690124,9144.0
4030.0,TGW263,1.0568867091605163,104.50453115886857,9144.0
4030.0,TGW281,0.21593052598593143,105.83849138026665,9144.0
4030.0,SIA883,11.116478643182006,108.25278037356853,9144.0
4030.0,SIA915,5.789522246508881,111.61053215705937,9144.0
4030.0,SIA939,-0.6957600169654553,106.61197147631573,9144.0
4030.0,SJX731,15.489164644247309,114.38991921581257,9144.0
4030.0,TGW139,16.559859217687986,111.76081430690124,9144.0
4030.0,TGW263,1.0568867091605163,104.50453115886857,9144.0
4030.0,TGW281,0.21593052598593143,105.83849138026665,9144.0
4040.0,SIA883,11.087866704532146,108.234292573909,9144.0
4040.0,SIA915,5.769111864281054,111.58342509200376,9144.0
4040.0,SIA939,-0.6736779062955405,106.58718533054329,9144.0
4040.0,SJX731,15.465012759019078,114.36761721594644,9144.0
4040.0,TGW139,16.529758213858614,111.74664832696553,9144.0
4040.0,TGW263,1.0767162597123283,104.49009646252266,9144.0
4040.0,TGW281,0.24210854621828384,105.81707476086255,9144.0
4040.0,SIA883,11.087866704532146,108.234292573909,9144.0
4040.0,SIA915,5.769111864281054,111.58342509200376,9144.0
4040.0,SIA939,-0.6736779062955405,106.58718533054329,9144.0
4040.0,SJX731,15.465012759019078,114.36761721594644,9144.0
4040.0,TGW139,16.529758213858614,111.74664832696553,9144.0
4040.0,TGW263,1.0767162597123283,104.49009646252266,9144.0
4040.0,TGW281,0.24210854621828384,105.81707476086255,9144.0
4050.0,SIA883,11.059218510414453,108.21586497102913,9144.0
4050.0,SIA915,5.74869826105793,111.55632145117329,9144.0
4050.0,SIA939,-0.6516820427900141,106.56232271486228,9144.0
4050.0,SJX731,15.440858631914823,114.3453204286135,9144.0
4050.0,TGW139,16.499656250132638,111.73248677268198,9144.0
4050.0,TGW263,1.098676393166895,104.47917426686129,9144.0
4050.0,TGW281,0.2682864042192318,105.7956578995737,9144.0
4050.0,SIA883,11.059218510414453,108.21586497102913,9144.0
4050.0,SIA915,5.74869826105793,111.55632145117329,9144.0
4050.0,SIA939,-0.6516820427900141,106.56232271486228,9144.0
4050.0,SJX731,15.440858631914823,114.3453204286135,9144.0
4050.0,TGW139,16.499656250132638,111.73248677268198,9144.0
4050.0,TGW263,1.098676393166895,104.47917426686129,9144.0
4050.0,TGW281,0.2682864042192318,105.7956578995737,9144.0
4060.0,SIA883,11.030616923863896,108.19747243131262,9144.0
4060.0,SIA915,5.728873098483158,111.52878106821241,9144.0
4060.0,SIA939,-0.6280202833710264,106.53887732357578,9144.0
4060.0,SJX731,15.416702266954873,114.32302884473899,9144.0
4060.0,TGW139,16.469553328470095,111.71832963472163,9144.0
4060.0,TGW263,1.1215809119752993,104.47076589207447,9144.0
4060.0,TGW281,0.29442797439857343,105.77419671109192,9144.0
4060.0,SIA883,11.030616923863896,108.19747243131262,9144.0
4060.0,SIA915,5.728873098483158,111.52878106821241,9144.0
4060.0,SIA939,-0.6280202833710264,106.53887732357578,9144.0
4060.0,SJX731,15.416702266954873,114.32302884473899,9144.0
4060.0,TGW139,16.469553328470095,111.71832963472163,9144.0
4060.0,TGW263,1.1215809119752993,104.47076589207447,9144.0
4060.0,TGW281,0.29442797439857343,105.77419671109192,9144.0
4070.0,SIA883,11.002074814141094,108.17898602813514,9144.0
4070.0,SIA915,5.709013239399048,111.50119636050245,9144.0
4070.0,SIA939,-0.6043583997288232,106.51543216180782,9144.0
4070.0,SJX731,15.392543668150086,114.30074245526016,9144.0
4070.0,TGW139,16.439449450810177,111.7041769038081,9144.0
4070.0,TGW263,1.144485405760514,104.4623573826182,9144.0
4070.0,TGW281,0.3207450202681535,105.75259122364317,9144.0
4070.0,SIA883,11.002074814141094,108.17898602813514,9144.0
4070.0,SIA915,5.709013239399048,111.50119636050245,9144.0
4070.0,SIA939,-0.6043583997288232,106.51543216180782,9144.0
4070.0,SJX731,15.392543668150086,114.30074245526016,9144.0
4070.0,TGW139,16.439449450810177,111.7041769038081,9144.0
4070.0,TGW263,1.144485405760514,104.4623573826182,9144.0
4070.0,TGW281,0.3207450202681535,105.75259122364317,9144.0
4080.0,SIA883,10.97357931978813,108.16053471130827,9144.0
4080.0,SIA915,5.689151995258276,111.47361361421245,9144.0
4080.0,SIA939,-0.5806963681184644,106.49198724952706,9144.0
4080.0,SJX731,15.36838283950148,114.27846125112684,9144.0
4080.0,TGW139,16.4093446190682,111.69002857072473,9144.0
4080.0,TGW263,1.1656549786615154,104.45022475054553,9144.0
4080.0,TGW281,0.3470271313417288,105.73094319390046,9144.0
4080.0,SIA883,10.97357931978813,108.16053471130827,9144.0
4080.0,SIA915,5.689151995258276,111.47361361421245,9144.0
4080.0,SIA939,-0.5806963681184644,106.49198724952706,9144.0
4080.0,SJX731,15.36838283950148,114.27846125112684,9144.0
4080.0,TGW139,16.4093446190682,111.69002857072473,9144.0
4080.0,TGW263,1.1656549786615154,104.45022475054553,9144.0
4080.0,TGW281,0.3470271313417288,105.73094319390046,9144.0
4090.0,SIA883,10.945076786675033,108.14209645466926,9144.0
4090.0,SIA915,5.669289358267926,111.44603283173372,9144.0
4090.0,SIA939,-0.5546194060810878,106.47126210803806,9144.0
4090.0,SJX731,15.344219784999819,114.2561852233018,9144.0
4090.0,TGW139,16.379238835131854,111.67588462632318,9144.0
4090.0,TGW263,1.1844337704861458,104.4347439557307,9144.0
4090.0,TGW281,0.3734403583775109,105.70918691275202,9144.0
4090.0,SIA883,10.945076786675033,108.14209645466926,9144.0
4090.0,SIA915,5.669289358267926,111.44603283173372,9144.0
4090.0,SIA939,-0.5546194060810878,106.47126210803806,9144.0
4090.0,SJX731,15.344219784999819,114.2561852233018,9144.0
4090.0,TGW139,16.379238835131854,111.67588462632318,9144.0
4090.0,TGW263,1.1844337704861458,104.4347439557307,9144.0
4090.0,TGW281,0.3734403583775109,105.70918691275202,9144.0
4100.0,SIA883,10.916428959193157,108.12356902978705,9144.0
4100.0,SIA915,5.649425314876218,111.41845401964812,9144.0
4100.0,SIA939,-0.528587134611194,106.45057277076634,9144.0
4100.0,SJX731,15.320054508625173,114.23391436276133,9144.0
4100.0,TGW139,16.34913210085652,111.66174506153423,9144.0
4100.0,TGW263,1.2003418466934523,104.41632446527947,9144.0
4100.0,TGW281,0.39989721061406813,105.68748363789904,9144.0
4100.0,SIA883,10.916428959193157,108.12356902978705,9144.0
4100.0,SIA915,5.649425314876218,111.41845401964812,9144.0
4100.0,SIA939,-0.528587134611194,106.45057277076634,9144.0
4100.0,SJX731,15.320054508625173,114.23391436276133,9144.0
4100.0,TGW139,16.34913210085652,111.66174506153423,9144.0
4100.0,TGW263,1.2003418466934523,104.41632446527947,9144.0
4100.0,TGW281,0.39989721061406813,105.68748363789904,9144.0
4110.0,SIA883,10.887852680453635,108.10492914447158,9144.0
4110.0,SIA915,5.62955984059799,111.39087719249373,9144.0
4110.0,SIA939,-0.5029834867177574,106.4293553413521,9144.0
4110.0,SJX731,15.295887014346443,114.21164866049578,9144.0
4110.0,TGW139,16.319024418059364,111.6476098673815,9144.0
4110.0,TGW263,1.2129259600984923,104.39549107377422,9144.0
4110.0,TGW281,0.42587082041041685,105.66617645829704,9144.0
4110.0,SIA883,10.887852680453635,108.10492914447158,9144.0
4110.0,SIA915,5.62955984059799,111.39087719249373,9144.0
4110.0,SIA939,-0.5029834867177574,106.4293553413521,9144.0
4110.0,SJX731,15.295887014346443,114.21164866049578,9144.0
4110.0,TGW139,16.319024418059364,111.6476098673815,9144.0
4110.0,TGW263,1.2129259600984923,104.39549107377422,9144.0
4110.0,TGW281,0.42587082041041685,105.66617645829704,9144.0
4120.0,SIA883,10.859227219050206,108.0862620611135,9144.0
4120.0,SIA915,5.609692885988566,111.36330238297136,9144.0
4120.0,SIA939,-0.4774238338418454,106.40817461903676,9144.0
4120.0,SJX731,15.271717306120834,114.18938810751021,9144.0
4120.0,TGW139,16.288915788511783,111.63347903499891,9144.0
4120.0,TGW263,1.2228583783207505,104.37446670224429,9144.0
4120.0,TGW281,0.4518324947501649,105.64485466278576,9144.0
4120.0,SIA883,10.859227219050206,108.0862620611135,9144.0
4120.0,SIA915,5.609692885988566,111.36330238297136,9144.0
4120.0,SIA939,-0.4774238338418454,106.40817461903676,9144.0
4120.0,SJX731,15.271717306120834,114.18938810751021,9144.0
4120.0,TGW139,16.288915788511783,111.63347903499891,9144.0
4120.0,TGW263,1.2228583783207505,104.37446670224429,9144.0
4120.0,TGW281,0.4518324947501649,105.64485466278576,9144.0
4130.0,SIA883,10.830526595868864,108.06771680033006,9144.0
4130.0,SIA915,5.5898243206978115,111.3357296826545,9144.0
4130.0,SIA939,-0.45186405513125116,106.38699412520918,9144.0
4130.0,SJX731,15.247545387893286,114.16713269482503,9144.0
4130.0,TGW139,16.25880621392953,111.6193525556535,9144.0
4130.0,TGW263,1.232236668607048,104.35461466925977,9144.0
4130.0,TGW281,0.47748498754811153,105.62378648431798,9144.0
4130.0,SIA883,10.830526595868864,108.06771680033006,9144.0
4130.0,SIA915,5.5898243206978115,111.3357296826545,9144.0
4130.0,SIA939,-0.45186405513125116,106.38699412520918,9144.0
4130.0,SJX731,15.247545387893286,114.16713269482503,9144.0
4130.0,TGW139,16.25880621392953,111.6193525556535,9144.0
4130.0,TGW263,1.232236668607048,104.35461466925977,9144.0
4130.0,TGW281,0.47748498754811153,105.62378648431798,9144.0
4140.0,SIA883,10.801776757371533,108.04914447606657,9144.0
4140.0,SIA915,5.573424856542869,111.30594332983722,9144.0
4140.0,SIA939,-0.4260915847573093,106.36607304298717,9144.0
4140.0,SJX731,15.223371263595853,114.14488241347671,9144.0
4140.0,TGW139,16.228695695959654,111.60523042077568,9144.0
4140.0,TGW263,1.2442219943592612,104.33621943075092,9144.0
4140.0,TGW281,0.5030112579766988,105.60256545864034,9144.0
4140.0,SIA883,10.801776757371533,108.04914447606657,9144.0
4140.0,SIA915,5.573424856542869,111.30594332983722,9144.0
4140.0,SIA939,-0.4260915847573093,106.36607304298717,9144.0
4140.0,SJX731,15.223371263595853,114.14488241347671,9144.0
4140.0,TGW139,16.228695695959654,111.60523042077568,9144.0
4140.0,TGW263,1.2442219943592612,104.33621943075092,9144.0
4140.0,TGW281,0.5030112579766988,105.60256545864034,9144.0
4150.0,SIA883,10.773028352757747,108.03057162721876,9144.0
4150.0,SIA915,5.560818959714939,111.27453276740542,9144.0
4150.0,SIA939,-0.40045253300739564,106.3452605130677,9144.0
4150.0,SJX731,15.199194937147022,114.12263725451862,9144.0
4150.0,TGW139,16.198584236162738,111.59111262200028,9144.0
4150.0,TGW263,1.255885152049038,104.3183182213416,9144.0
4150.0,TGW281,0.5280956043992362,105.58171144778244,9144.0
4150.0,SIA883,10.773028352757747,108.03057162721876,9144.0
4150.0,SIA915,5.560818959714939,111.27453276740542,9144.0
4150.0,SIA939,-0.40045253300739564,106.3452605130677,9144.0
4150.0,SJX731,15.199194937147022,114.12263725451862,9144.0
4150.0,TGW139,16.198584236162738,111.59111262200028,9144.0
4150.0,TGW263,1.255885152049038,104.3183182213416,9144.0
4150.0,TGW281,0.5280956043992362,105.58171144778244,9144.0
4160.0,SIA883,10.744278655989698,108.01200262155845,9144.0
4160.0,SIA915,5.55115554776176,111.24208685659035,9144.0
4160.0,SIA939,-0.3749513447992411,106.32427934367568,9144.0
4160.0,SJX731,15.175016412450965,114.10039720902192,9144.0
4160.0,TGW139,16.16847183598824,111.57699915122363,9144.0
4160.0,TGW263,1.2675478091058274,104.30041660535294,9144.0
4160.0,TGW281,0.5534330024258792,105.56116557458678,9144.0
4160.0,SIA883,10.744278655989698,108.01200262155845,9144.0
4160.0,SIA915,5.55115554776176,111.24208685659035,9144.0
4160.0,SIA939,-0.3749513447992411,106.32427934367568,9144.0
4160.0,SJX731,15.175016412450965,114.10039720902192,9144.0
4160.0,TGW139,16.16847183598824,111.57699915122363,9144.0
4160.0,TGW263,1.2675478091058274,104.30041660535294,9144.0
4160.0,TGW281,0.5534330024258792,105.56116557458678,9144.0
4170.0,SIA883,10.715536967683649,107.99342254272027,9144.0
4170.0,SIA915,5.541408845953034,111.20936846706672,9144.0
4170.0,SIA939,-0.34949441995350716,106.30333476804103,9144.0
4170.0,SJX731,15.15083569339672,114.07816226807645,9144.0
4170.0,TGW139,16.13835849673913,111.56289000068541,9144.0
4170.0,TGW263,1.2820326460035614,104.28471177895878,9144.0
4170.0,TGW281,0.5784561502026976,105.54087415292665,9144.0
4170.0,SIA883,10.715536967683649,107.99342254272027,9144.0
4170.0,SIA915,5.541408845953034,111.20936846706672,9144.0
4170.0,SIA939,-0.34949441995350716,106.30333476804103,9144.0
4170.0,SJX731,15.15083569339672,114.07816226807645,9144.0
4170.0,TGW139,16.13835849673913,111.56289000068541,9144.0
4170.0,TGW263,1.2820326460035614,104.28471177895878,9144.0
4170.0,TGW281,0.5784561502026976,105.54087415292665,9144.0
4180.0,SIA883,10.686841884057895,107.97487723725361,9144.0
4180.0,SIA915,5.531660317112661,111.17665116658353,9144.0
4180.0,SIA939,-0.3240374361260596,106.28239031879522,9144.0
4180.0,SJX731,15.126652783857285,114.05593242279188,9144.0
4180.0,TGW139,16.108244219519356,111.5487851630902,9144.0
4180.0,TGW263,1.2931098049043668,104.2666731132296,9144.0
4180.0,TGW281,0.6025923185898319,105.51953513954489,9144.0
4180.0,SIA883,10.686841884057895,107.97487723725361,9144.0
4180.0,SIA915,5.531660317112661,111.17665116658353,9144.0
4180.0,SIA939,-0.3240374361260596,106.28239031879522,9144.0
4180.0,SJX731,15.126652783857285,114.05593242279188,9144.0
4180.0,TGW139,16.108244219519356,111.5487851630902,9144.0
4180.0,TGW263,1.2931098049043668,104.2666731132296,9144.0
4180.0,TGW281,0.6025923185898319,105.51953513954489,9144.0
4190.0,SIA883,10.658116058993551,107.95638303141139,9144.0
4190.0,SIA915,5.521909963425317,111.14393495371351,9144.0
4190.0,SIA939,-0.29862195972744077,106.2613955698824,9144.0
4190.0,SJX731,15.10246768768862,114.03370766429882,9144.0
4190.0,TGW139,16.078129005152267,111.53468463179624,9144.0
4190.0,TGW263,1.3043362145903132,104.24872692139708,9144.0
4190.0,TGW281,0.6239141777072064,105.49592815279134,9144.0
4190.0,SIA883,10.658116058993551,107.95638303141139,9144.0
4190.0,SIA915,5.521909963425317,111.14393495371351,9144.0
4190.0,SIA939,-0.29862195972744077,106.2613955698824,9144.0
4190.0,SJX731,15.10246768768862,114.03370766429882,9144.0
4190.0,TGW139,16.078129005152267,111.53468463179624,9144.0
4190.0,TGW263,1.3043362145903132,104.24872692139708,9144.0
4190.0,TGW281,0.6239141777072064,105.49592815279134,9144.0
4200.0,SIA883,10.629436967625333,107.93792344309011,9144.0
4200.0,SIA915,5.512157786994068,111.11121982705309,9144.0
4200.0,SIA939,-0.2730737724999146,106.24029134403608,9144.0
4200.0,SJX731,15.078280408728544,114.01148798375013,9144.0
4200.0,TGW139,16.048012854046725,111.52058840112522,9144.0
4200.0,TGW263,1.315492493483356,104.23089237419036,9144.0
4200.0,TGW281,0.6450797121316386,105.47249388079582,9144.0
4200.0,SIA883,10.629436967625333,107.93792344309011,9144.0
4200.0,SIA915,5.512157786994068,111.11121982705309,9144.0
4200.0,SIA939,-0.2730737724999146,106.24029134403608,9144.0
4200.0,SJX731,15.078280408728544,114.01148798375013,9144.0
4200.0,TGW139,16.048012854046725,111.52058840112522,9144.0
4200.0,TGW263,1.315492493483356,104.23089237419036,9144.0
4200.0,TGW281,0.6450797121316386,105.47249388079582,9144.0
4210.0,SIA883,10.60063692377429,107.919661558181,9144.0
4210.0,SIA915,5.502403789830458,111.07850578522533,9144.0
4210.0,SIA939,-0.2475250975499731,106.2191877513922,9144.0
4210.0,SJX731,15.05409095079551,113.98927337232239,9144.0
4210.0,TGW139,16.017895765960994,111.50649646690871,9144.0
4210.0,TGW263,1.3299003129853104,104.21556568946873,9144.0
4210.0,TGW281,0.6630227258433952,105.44650900029134,9144.0
4210.0,SIA883,10.60063692377429,107.919661558181,9144.0
4210.0,SIA915,5.502403789830458,111.07850578522533,9144.0
4210.0,SIA939,-0.2475250975499731,106.2191877513922,9144.0
4210.0,SJX731,15.05409095079551,113.98927337232239,9144.0
4210.0,TGW139,16.017895765960994,111.50649646690871,9144.0
4210.0,TGW263,1.3299003129853104,104.21556568946873,9144.0
4210.0,TGW281,0.6630227258433952,105.44650900029134,9144.0
4220.0,SIA883,10.57206393158419,107.90103591187469,9144.0
4220.0,SIA915,5.492647973842924,111.04579282688347,9144.0
4220.0,SIA939,-0.22188514248875807,106.19819519519393,9144.0
4220.0,SJX731,15.029899317687242,113.96706382121745,9144.0
4220.0,TGW139,15.987777739543805,111.49240882755012,9144.0
4220.0,TGW263,1.3467791593108172,104.20357595265511,9144.0
4220.0,TGW281,0.6774726714558627,105.41836524061475,9144.0
4220.0,SIA883,10.57206393158419,107.90103591187469,9144.0
4220.0,SIA915,5.492647973842924,111.04579282688347,9144.0
4220.0,SIA939,-0.22188514248875807,106.19819519519393,9144.0
4220.0,SJX731,15.029899317687242,113.96706382121745,9144.0
4220.0,TGW139,15.987777739543805,111.49240882755012,9144.0
4220.0,TGW263,1.3467791593108172,104.20357595265511,9144.0
4220.0,TGW281,0.6774726714558627,105.41836524061475,9144.0
4230.0,SIA883,10.543440331533985,107.88238530510294,9144.0
4230.0,SIA915,5.482890340823187,111.01308095071504,9144.0
4230.0,SIA939,-0.19615652855576834,106.17713017608988,9144.0
4230.0,SJX731,15.00570551317921,113.94485932166428,9144.0
4230.0,TGW139,15.957658771308662,111.47832548639809,9144.0
4230.0,TGW263,1.3653597455886806,104.19538831625447,9144.0
4230.0,TGW281,0.6881525531165796,105.3885855587531,9144.0
4230.0,SIA883,10.543440331533985,107.88238530510294,9144.0
4230.0,SIA915,5.482890340823187,111.01308095071504,9144.0
4230.0,SIA939,-0.19615652855576834,106.17713017608988,9144.0
4230.0,SJX731,15.00570551317921,113.94485932166428,9144.0
4230.0,TGW139,15.957658771308662,111.47832548639809,9144.0
4230.0,TGW263,1.3653597455886806,104.19538831625447,9144.0
4230.0,TGW281,0.6881525531165796,105.3885855587531,9144.0
4240.0,SIA883,10.514721776237044,107.86388806705041,9144.0
4240.0,SIA915,5.473130892430127,110.98037015544675,9144.0
4240.0,SIA939,-0.17047923398269293,106.15600266087833,9144.0
4240.0,SJX731,14.981509541022936,113.9226598649209,9144.0
4240.0,TGW139,15.927538852775971,111.46424645835951,9144.0
4240.0,TGW263,1.3852071110190345,104.19110692484665,9144.0
4240.0,TGW281,0.7026024987290471,105.36044165040722,9144.0
4240.0,SIA883,10.514721776237044,107.86388806705041,9144.0
4240.0,SIA915,5.473130892430127,110.98037015544675,9144.0
4240.0,SIA939,-0.17047923398269293,106.15600266087833,9144.0
4240.0,SJX731,14.981509541022936,113.9226598649209,9144.0
4240.0,TGW139,15.927538852775971,111.46424645835951,9144.0
4240.0,TGW263,1.3852071110190345,104.19110692484665,9144.0
4240.0,TGW281,0.7026024987290471,105.36044165040722,9144.0
4250.0,SIA883,10.485952525826816,107.84536612052759,9144.0
4250.0,SIA915,5.463369630170566,110.94766043985035,9144.0
4250.0,SIA939,-0.1447135874757148,106.13480253374016,9144.0
4250.0,SJX731,14.957311404944077,113.90046544227667,9144.0
4250.0,TGW139,15.897417958392458,111.45017179785299,9144.0
4250.0,TGW263,1.4049354795689761,104.18903567397207,9144.0
4250.0,TGW281,0.7204709388857498,105.33461787443235,9144.0
4250.0,SIA883,10.485952525826816,107.84536612052759,9144.0
4250.0,SIA915,5.463369630170566,110.94766043985035,9144.0
4250.0,SIA939,-0.1447135874757148,106.13480253374016,9144.0
4250.0,SJX731,14.957311404944077,113.90046544227667,9144.0
4250.0,TGW139,15.897417958392458,111.45017179785299,9144.0
4250.0,TGW263,1.4049354795689761,104.18903567397207,9144.0
4250.0,TGW281,0.7204709388857498,105.33461787443235,9144.0
4260.0,SIA883,10.45719375634996,107.82682906727632,9144.0
4260.0,SIA915,5.453606555376146,110.91495180274958,9144.0
4260.0,SIA939,-0.11894790895870862,106.11360246744148,9144.0
4260.0,SJX731,14.933111108640277,113.87827604505478,9144.0
4260.0,TGW139,15.869211748839733,111.43231840440559,9144.0
4260.0,TGW263,1.4231906351164494,104.18365630298547,9144.0
4260.0,TGW281,0.7348142326213639,105.30668149307529,9144.0
4260.0,SIA883,10.45719375634996,107.82682906727632,9144.0
4260.0,SIA915,5.453606555376146,110.91495180274958,9144.0
4260.0,SIA939,-0.11894790895870862,106.11360246744148,9144.0
4260.0,SJX731,14.933111108640277,113.87827604505478,9144.0
4260.0,TGW139,15.869211748839733,111.43231840440559,9144.0
4260.0,TGW263,1.4231906351164494,104.18365630298547,9144.0
4260.0,TGW281,0.7348142326213639,105.30668149307529,9144.0
4270.0,SIA883,10.428432435504124,107.80829782230091,9144.0
4270.0,SIA915,5.44384166917529,110.88224424302874,9144.0
4270.0,SIA939,-0.09313746799789056,106.09245693877985,9144.0
4270.0,SJX731,14.908908655778736,113.85609166461514,9144.0
4270.0,TGW139,15.841979138108496,111.4110724060206,9144.0
4270.0,TGW263,1.44092663992056,104.17842982715595,9144.0
4270.0,TGW281,0.745225042341145,105.27742647467927,9144.0
4270.0,SIA883,10.428432435504124,107.80829782230091,9144.0
4270.0,SIA915,5.44384166917529,110.88224424302874,9144.0
4270.0,SIA939,-0.09313746799789056,106.09245693877985,9144.0
4270.0,SJX731,14.908908655778736,113.85609166461514,9144.0
4270.0,TGW139,15.841979138108496,111.4110724060206,9144.0
4270.0,TGW263,1.44092663992056,104.17842982715595,9144.0
4270.0,TGW281,0.745225042341145,105.27742647467927,9144.0
4280.0,SIA883,10.399715820899228,107.78969674825862,9144.0
4280.0,SIA915,5.434074972458842,110.84953775964303,9144.0
4280.0,SIA939,-0.06719450531726304,106.07120289429594,9144.0
4280.0,SJX731,14.884704049993445,113.83391229235758,9144.0
4280.0,TGW139,15.814743486161769,111.38983348279079,9144.0
4280.0,TGW263,1.458662630892759,104.17320326341131,9144.0
4280.0,TGW281,0.7594078150418379,105.24980258494013,9144.0
4280.0,SIA883,10.399715820899228,107.78969674825862,9144.0
4280.0,SIA915,5.434074972458842,110.84953775964303,9144.0
4280.0,SIA939,-0.06719450531726304,106.07120289429594,9144.0
4280.0,SJX731,14.884704049993445,113.83391229235758,9144.0
4280.0,TGW139,15.814743486161769,111.38983348279079,9144.0
4280.0,TGW263,1.458662630892759,104.17320326341131,9144.0
4280.0,TGW281,0.7594078150418379,105.24980258494013,9144.0
4290.0,SIA883,10.371093286574423,107.77116200550601,9144.0
4290.0,SIA915,5.424306465837504,110.81683235163148,9144.0
4290.0,SIA939,-0.04127003277688629,106.04992630959255,9144.0
4290.0,SJX731,14.860497294882045,113.8117379197256,9144.0
4290.0,TGW139,15.787054694832552,111.36924002226445,9144.0
4290.0,TGW263,1.475079167294864,104.16469385927694,9144.0
4290.0,TGW281,0.7762506676018611,105.22413651574132,9144.0
4290.0,SIA883,10.371093286574423,107.77116200550601,9144.0
4290.0,SIA915,5.424306465837504,110.81683235163148,9144.0
4290.0,SIA939,-0.04127003277688629,106.04992630959255,9144.0
4290.0,SJX731,14.860497294882045,113.8117379197256,9144.0
4290.0,TGW139,15.787054694832552,111.36924002226445,9144.0
4290.0,TGW263,1.475079167294864,104.16469385927694,9144.0
4290.0,TGW281,0.7762506676018611,105.22413651574132,9144.0
4300.0,SIA883,10.342352790356667,107.75281856800841,9144.0
4300.0,SIA915,5.414536149588476,110.78412801813312,9144.0
4300.0,SIA939,-0.015301471418121881,106.02861356504279,9144.0
4300.0,SJX731,14.836288394002228,113.78956853821052,9144.0
4300.0,TGW139,15.759456135763184,111.34872100538732,9144.0
4300.0,TGW263,1.4889679828186244,104.1529004826836,9144.0
4300.0,TGW281,0.7895146698350259,105.19645042420471,9144.0
4300.0,SIA883,10.342352790356667,107.75281856800841,9144.0
4300.0,SIA915,5.414536149588476,110.78412801813312,9144.0
4300.0,SIA939,-0.015301471418121881,106.02861356504279,9144.0
4300.0,SJX731,14.836288394002228,113.78956853821052,9144.0
4300.0,TGW139,15.759456135763184,111.34872100538732,9144.0
4300.0,TGW263,1.4889679828186244,104.1529004826836,9144.0
4300.0,TGW281,0.7895146698350259,105.19645042420471,9144.0
4310.0,SIA883,10.313610910209835,107.73447904787012,9144.0
4310.0,SIA915,5.404764023587635,110.75142475840752,9144.0
4310.0,SIA939,0.010644966230089509,106.00727389269346,9144.0
4310.0,SJX731,14.812077350867598,113.76740413935637,9144.0
4310.0,TGW139,15.731855426425117,111.32820789765739,9144.0
4310.0,TGW263,1.5002882095664172,104.13793502578798,9144.0
4310.0,TGW281,0.7988078856505765,105.16756308657317,9144.0
4310.0,SIA883,10.313610910209835,107.73447904787012,9144.0
4310.0,SIA915,5.404764023587635,110.75142475840752,9144.0
4310.0,SIA939,0.010644966230089509,106.00727389269346,9144.0
4310.0,SJX731,14.812077350867598,113.76740413935637,9144.0
4310.0,TGW139,15.731855426425117,111.32820789765739,9144.0
4310.0,TGW263,1.5002882095664172,104.13793502578798,9144.0
4310.0,TGW281,0.7988078856505765,105.16756308657317,9144.0
4320.0,SIA883,10.284900938787247,107.71608963973567,9144.0
4320.0,SIA915,5.394990087221997,110.71872257186132,9144.0
4320.0,SIA939,0.036591404704391324,105.98593421736504,9144.0
4320.0,SJX731,14.787864168942892,113.74524471476552,9144.0
4320.0,TGW139,15.704252042019032,111.30770145594815,9144.0
4320.0,TGW263,1.5145908014750697,104.12579015785664,9144.0
4320.0,TGW281,0.8119187859707333,105.14019641671351,9144.0
4320.0,SIA883,10.284900938787247,107.71608963973567,9144.0
4320.0,SIA915,5.394990087221997,110.71872257186132,9144.0
4320.0,SIA939,0.036591404704391324,105.98593421736504,9144.0
4320.0,SJX731,14.787864168942892,113.74524471476552,9144.0
4320.0,TGW139,15.704252042019032,111.30770145594815,9144.0
4320.0,TGW263,1.5145908014750697,104.12579015785664,9144.0
4320.0,TGW281,0.8119187859707333,105.14019641671351,9144.0
4330.0,SIA883,10.256237665105226,107.69773487155322,9144.0
4330.0,SIA915,5.385214339274739,110.68602145808299,9144.0
4330.0,SIA939,0.06253783766132726,105.96459452696844,9144.0
4330.0,SJX731,14.763648851638425,113.72309025610515,9144.0
4330.0,TGW139,15.676697878893219,111.28712648782235,9144.0
4330.0,TGW263,1.5278042621770334,104.11446836628356,9144.0
4330.0,TGW281,0.8269953660683197,105.1142037597198,9144.0
4330.0,SIA883,10.256237665105226,107.69773487155322,9144.0
4330.0,SIA915,5.385214339274739,110.68602145808299,9144.0
4330.0,SIA939,0.06253783766132726,105.96459452696844,9144.0
4330.0,SJX731,14.763648851638425,113.72309025610515,9144.0
4330.0,TGW139,15.676697878893219,111.28712648782235,9144.0
4330.0,TGW263,1.5278042621770334,104.11446836628356,9144.0
4330.0,TGW281,0.8269953660683197,105.1142037597198,9144.0
4340.0,SIA883,10.22761677640776,107.67931358674689,9144.0
4340.0,SIA915,5.375436777771122,110.65332141688954,9144.0
4340.0,SIA939,0.08854336813663287,105.94332688272205,9144.0
4340.0,SJX731,14.739431402303595,113.70094075511493,9144.0
4340.0,TGW139,15.649049577820161,111.26648835571253,9144.0
4340.0,TGW263,1.5398341186997286,104.10286734786008,9144.0
4340.0,TGW281,0.8418626392765758,105.08857136037584,9144.0
4340.0,SIA883,10.22761677640776,107.67931358674689,9144.0
4340.0,SIA915,5.375436777771122,110.65332141688954,9144.0
4340.0,SIA939,0.08854336813663287,105.94332688272205,9144.0
4340.0,SJX731,14.739431402303595,113.70094075511493,9144.0
4340.0,TGW139,15.649049577820161,111.26648835571253,9144.0
4340.0,TGW263,1.5398341186997286,104.10286734786008,9144.0
4340.0,TGW281,0.8418626392765758,105.08857136037584,9144.0
4350.0,SIA883,10.198994580505804,107.66089605692146,9144.0
4350.0,SIA915,5.365657399767127,110.62062244839049,9144.0
4350.0,SIA939,0.11450473422152872,105.92209529376453,9144.0
4350.0,SJX731,14.715211824219256,113.67879620361589,9144.0
4350.0,TGW139,15.621399286545703,111.24585588617445,9144.0
4350.0,TGW263,1.547957794167363,104.0893836958257,9144.0
4350.0,TGW281,0.8567294914462816,105.06293861817758,9144.0
4350.0,SIA883,10.198994580505804,107.66089605692146,9144.0
4350.0,SIA915,5.365657399767127,110.62062244839049,9144.0
4350.0,SIA939,0.11450473422152872,105.92209529376453,9144.0
4350.0,SJX731,14.715211824219256,113.67879620361589,9144.0
4350.0,TGW139,15.621399286545703,111.24585588617445,9144.0
4350.0,TGW263,1.547957794167363,104.0893836958257,9144.0
4350.0,TGW281,0.8567294914462816,105.06293861817758,9144.0
4360.0,SIA883,10.17037431093315,107.64247708988937,9144.0
4360.0,SIA915,5.3558762010514895,110.5879245530781,9144.0
4360.0,SIA939,0.1403321734282887,105.90070096675788,9144.0
4360.0,SJX731,14.69099012058868,113.65665659352109,9144.0
4360.0,TGW139,15.593746997097256,111.22522908520469,9144.0
4360.0,TGW263,1.552286498430894,104.07432022820174,9144.0
4360.0,TGW281,0.8690983549994669,105.03601108748025,9144.0
4360.0,SIA883,10.17037431093315,107.64247708988937,9144.0
4360.0,SIA915,5.3558762010514895,110.5879245530781,9144.0
4360.0,SIA939,0.1403321734282887,105.90070096675788,9144.0
4360.0,SJX731,14.69099012058868,113.65665659352109,9144.0
4360.0,TGW139,15.593746997097256,111.22522908520469,9144.0
4360.0,TGW263,1.552286498430894,104.07432022820174,9144.0
4360.0,TGW281,0.8690983549994669,105.03601108748025,9144.0
4370.0,SIA883,10.141656906852742,107.62399994105387,9144.0
4370.0,SIA915,5.346093175711684,110.55522773195868,9144.0
4370.0,SIA939,0.1661595767366047,105.87930657061972,9144.0
4370.0,SJX731,14.666766294526777,113.63452191684821,9144.0
4370.0,TGW139,15.566092694976783,111.20460796823865,9144.0
4370.0,TGW263,1.5523833860184666,104.0592772220683,9144.0
4370.0,TGW281,0.8811161389829136,105.00984622016843,9144.0
4370.0,SIA883,10.141656906852742,107.62399994105387,9144.0
4370.0,SIA915,5.346093175711684,110.55522773195868,9144.0
4370.0,SIA939,0.1661595767366047,105.87930657061972,9144.0
4370.0,SJX731,14.666766294526777,113.63452191684821,9144.0
4370.0,TGW139,15.566092694976783,111.20460796823865,9144.0
4370.0,TGW263,1.5523833860184666,104.0592772220683,9144.0
4370.0,TGW281,0.8811161389829136,105.00984622016843,9144.0
4380.0,SIA883,10.113230508821285,107.60506577193065,9144.0
4380.0,SIA915,5.336308315476213,110.52253198675173,9144.0
4380.0,SIA939,0.19215791806467944,105.85812019775425,9144.0
4380.0,SJX731,14.642540349047136,113.61239216573482,9144.0
4380.0,TGW139,15.538436351933711,111.18399257060003,9144.0
4380.0,TGW263,1.548415986664681,104.04571970357024,9144.0
4380.0,TGW281,0.894765195884486,104.98449418866119,9144.0
4380.0,SIA883,10.113230508821285,107.60506577193065,9144.0
4380.0,SIA915,5.336308315476213,110.52253198675173,9144.0
4380.0,SIA939,0.19215791806467944,105.85812019775425,9144.0
4380.0,SJX731,14.642540349047136,113.61239216573482,9144.0
4380.0,TGW139,15.538436351933711,111.18399257060003,9144.0
4380.0,TGW263,1.548415986664681,104.04571970357024,9144.0
4380.0,TGW281,0.894765195884486,104.98449418866119,9144.0
4390.0,SIA883,10.084708000554686,107.58607204548355,9144.0
4390.0,SIA915,5.326521608667782,110.48983732020668,9144.0
4390.0,SIA939,0.2182004235134892,105.83689771748006,9144.0
4390.0,SJX731,14.6183122870463,113.59026733245673,9144.0
4390.0,TGW139,15.510777901808767,111.1633829824263,9144.0
4390.0,TGW263,1.5407243221056812,104.03387267367081,9144.0
4390.0,TGW281,0.9084993551742826,104.95898273292298,9144.0
4390.0,SIA883,10.084708000554686,107.58607204548355,9144.0
4390.0,SIA915,5.326521608667782,110.48983732020668,9144.0
4390.0,SIA939,0.2182004235134892,105.83689771748006,9144.0
4390.0,SJX731,14.6183122870463,113.59026733245673,9144.0
4390.0,TGW139,15.510777901808767,111.1633829824263,9144.0
4390.0,TGW263,1.5407243221056812,104.03387267367081,9144.0
4390.0,TGW281,0.9084993551742826,104.95898273292298,9144.0
4400.0,SIA883,10.056263966772198,107.5669589858645,9144.0
4400.0,SIA915,5.316733038429644,110.45714373663961,9144.0
4400.0,SIA939,0.2440582909546784,105.81545061361382,9144.0
4400.0,SJX731,14.594082111284493,113.56814740945067,9144.0
4400.0,TGW139,15.48311707985152,111.14277958098288,9144.0
4400.0,TGW263,1.529956150814739,104.02473383456575,9144.0
4400.0,TGW281,0.9212235805080111,104.93295261344373,9144.0
4400.0,SIA883,10.056263966772198,107.5669589858645,9144.0
4400.0,SIA915,5.316733038429644,110.45714373663961,9144.0
4400.0,SIA939,0.2440582909546784,105.81545061361382,9144.0
4400.0,SJX731,14.594082111284493,113.56814740945067,9144.0
4400.0,TGW139,15.48311707985152,111.14277958098288,9144.0
4400.0,TGW263,1.529956150814739,104.02473383456575,9144.0
4400.0,TGW281,0.9212235805080111,104.93295261344373,9144.0
4410.0,SIA883,10.027865959886215,107.54788130616798,9144.0
4410.0,SIA915,5.306942579461816,110.42445124292077,9144.0
4410.0,SIA939,0.2700038060766245,105.79393066596194,9144.0
4410.0,SJX731,14.569849824361762,113.54603238934223,9144.0
4410.0,TGW139,15.455426871167901,111.12222147590668,9144.0
4410.0,TGW263,1.517018321256428,104.01907279378283,9144.0
4410.0,TGW281,0.9337618204818008,104.90730129561102,9144.0
4410.0,SIA883,10.027865959886215,107.54788130616798,9144.0
4410.0,SIA915,5.306942579461816,110.42445124292077,9144.0
4410.0,SIA939,0.2700038060766245,105.79393066596194,9144.0
4410.0,SJX731,14.569849824361762,113.54603238934223,9144.0
4410.0,TGW139,15.455426871167901,111.12222147590668,9144.0
4410.0,TGW263,1.517018321256428,104.01907279378283,9144.0
4410.0,TGW281,0.9337618204818008,104.90730129561102,9144.0
4420.0,SIA883,9.999461404536302,107.52881535180641,9144.0
4420.0,SIA915,5.297150191286212,110.39175985051209,9144.0
4420.0,SIA939,0.29618488219827543,105.77269788663288,9144.0
4420.0,SJX731,14.54561542868805,113.52392226498095,9144.0
4420.0,TGW139,15.427872877137293,111.10177223197263,9144.0
4420.0,TGW263,1.5030004010604672,104.01736625563119,9144.0
4420.0,TGW281,0.9470096308018353,104.8820091409975,9144.0
4420.0,SIA883,9.999461404536302,107.52881535180641,9144.0
4420.0,SIA915,5.297150191286212,110.39175985051209,9144.0
4420.0,SIA939,0.29618488219827543,105.77269788663288,9144.0
4420.0,SJX731,14.54561542868805,113.52392226498095,9144.0
4420.0,TGW139,15.427872877137293,111.10177223197263,9144.0
4420.0,TGW263,1.5030004010604672,104.01736625563119,9144.0
4420.0,TGW281,0.9470096308018353,104.8820091409975,9144.0
4430.0,SIA883,9.97090986389771,107.50997878138733,9144.0
4430.0,SIA915,5.287355801755089,110.35906958045602,9144.0
4430.0,SIA939,0.3223216668020904,105.75150085589206,9144.0
4430.0,SJX731,14.521378926445168,113.50181702948494,9144.0
4430.0,TGW139,15.400350053904297,111.0812805782185,9144.0
4430.0,TGW263,1.4890829183836587,104.01975788563534,9144.0
4430.0,TGW281,0.9600874278737427,104.85703815017777,9144.0
4430.0,SIA883,9.97090986389771,107.50997878138733,9144.0
4430.0,SIA915,5.287355801755089,110.35906958045602,9144.0
4430.0,SIA939,0.3223216668020904,105.75150085589206,9144.0
4430.0,SJX731,14.521378926445168,113.50181702948494,9144.0
4430.0,TGW139,15.400350053904297,111.0812805782185,9144.0
4430.0,TGW263,1.4890829183836587,104.01975788563534,9144.0
4430.0,TGW281,0.9600874278737427,104.85703815017777,9144.0
4440.0,SIA883,9.942356116425865,107.49114730735108,9144.0
4440.0,SIA915,5.2775592531031315,110.32638047969381,9144.0
4440.0,SIA939,0.3482923250946638,105.7301005467081,9144.0
4440.0,SJX731,14.497140319537712,113.47971667629838,9144.0
4440.0,TGW139,15.372871150544855,111.06082926700843,9144.0
4440.0,TGW263,1.4764379429725913,104.02604622438817,9144.0
4440.0,TGW281,0.972514041767216,104.83173661319401,9144.0
4440.0,SIA883,9.942356116425865,107.49114730735108,9144.0
4440.0,SIA915,5.2775592531031315,110.32638047969381,9144.0
4440.0,SIA939,0.3482923250946638,105.7301005467081,9144.0
4440.0,SJX731,14.497140319537712,113.47971667629838,9144.0
4440.0,TGW139,15.372871150544855,111.06082926700843,9144.0
4440.0,TGW263,1.4764379429725913,104.02604622438817,9144.0
4440.0,TGW281,0.972514041767216,104.83173661319401,9144.0
4450.0,SIA883,9.913937833383484,107.47210744690337,9144.0
4450.0,SIA915,5.267759964495078,110.29369272313389,9144.0
4450.0,SIA939,0.3743508022313457,105.70862769599151,9144.0
4450.0,SJX731,14.472899609528605,113.45762119926717,9144.0
4450.0,TGW139,15.345527901459194,111.0401860258522,9144.0
4450.0,TGW263,1.4653137661189906,104.03138497076583,9144.0
4450.0,TGW281,0.9848058916155221,104.80670758753318,9144.0
4450.0,SIA883,9.913937833383484,107.47210744690337,9144.0
4450.0,SIA915,5.267759964495078,110.29369272313389,9144.0
4450.0,SIA939,0.3743508022313457,105.70862769599151,9144.0
4450.0,SJX731,14.472899609528605,113.45762119926717,9144.0
4450.0,TGW139,15.345527901459194,111.0401860258522,9144.0
4450.0,TGW263,1.4653137661189906,104.03138497076583,9144.0
4450.0,TGW281,0.9848058916155221,104.80670758753318,9144.0
4460.0,SIA883,9.885517535167876,107.45307233438932,9144.0
4460.0,SIA915,5.254103967203448,110.26243224732488,9144.0
4460.0,SIA939,0.40042335913155935,105.68717187797668,9144.0
4460.0,SJX731,14.448656797552731,113.43553059274008,9144.0
4460.0,TGW139,15.318274388713503,111.01961813594981,9144.0
4460.0,TGW263,1.4537467026939863,104.03246813641391,9144.0
4460.0,TGW281,0.9976608143931028,104.78196302796283,9144.0
4460.0,SIA883,9.885517535167876,107.45307233438932,9144.0
4460.0,SIA915,5.254103967203448,110.26243224732488,9144.0
4460.0,SIA939,0.40042335913155935,105.68717187797668,9144.0
4460.0,SJX731,14.448656797552731,113.43553059274008,9144.0
4460.0,TGW139,15.318274388713503,111.01961813594981,9144.0
4460.0,TGW263,1.4537467026939863,104.03246813641391,9144.0
4460.0,TGW281,0.9976608143931028,104.78196302796283,9144.0
4470.0,SIA883,9.856974372158765,107.43422922974763,9144.0
4470.0,SIA915,5.240175229281532,110.23129405609805,9144.0
4470.0,SIA939,0.4267151685127062,105.66553542522634,9144.0
4470.0,SJX731,14.42441188419847,113.41344485170774,9144.0
4470.0,TGW139,15.2911141084499,110.99892077628215,9144.0
4470.0,TGW263,1.4431358864970965,104.0294248650028,9144.0
4470.0,TGW281,1.0103742576931005,104.75748879689601,9144.0
4470.0,SIA883,9.856974372158765,107.43422922974763,9144.0
4470.0,SIA915,5.240175229281532,110.23129405609805,9144.0
4470.0,SIA939,0.4267151685127062,105.66553542522634,9144.0
4470.0,SJX731,14.42441188419847,113.41344485170774,9144.0
4470.0,TGW139,15.2911141084499,110.99892077628215,9144.0
4470.0,TGW263,1.4431358864970965,104.0294248650028,9144.0
4470.0,TGW281,1.0103742576931005,104.75748879689601,9144.0
4480.0,SIA883,9.828477172911972,107.41542163483436,9144.0
4480.0,SIA915,5.226244054229353,110.20015765775013,9144.0
4480.0,SIA939,0.45301921828170666,105.6439137797378,9144.0
4480.0,SJX731,14.40016486934075,113.39136397199825,9144.0
4480.0,TGW139,15.26390571900649,110.97819433438798,9144.0
4480.0,TGW263,1.434360436539644,104.02272675806854,9144.0
4480.0,TGW281,1.0226543762441878,104.73279413508314,9144.0
4480.0,SIA883,9.828477172911972,107.41542163483436,9144.0
4480.0,SIA915,5.226244054229353,110.20015765775013,9144.0
4480.0,SIA939,0.45301921828170666,105.6439137797378,9144.0
4480.0,SJX731,14.40016486934075,113.39136397199825,9144.0
4480.0,TGW139,15.26390571900649,110.97819433438798,9144.0
4480.0,TGW263,1.434360436539644,104.02272675806854,9144.0
4480.0,TGW281,1.0226543762441878,104.73279413508314,9144.0
4490.0,SIA883,9.800068206620102,107.39647867418364,9144.0
4490.0,SIA915,5.213736858859241,110.16841812711291,9144.0
4490.0,SIA939,0.47971640901271334,105.62196873912752,9144.0
4490.0,SJX731,14.375915751897917,113.36928795056221,9144.0
4490.0,TGW139,15.236656208062772,110.95752869938485,9144.0
4490.0,TGW263,1.4283394263866411,104.01444402363971,9144.0
4490.0,TGW281,1.0349506289227786,104.70845011400164,9144.0
4490.0,SIA883,9.800068206620102,107.39647867418364,9144.0
4490.0,SIA915,5.213736858859241,110.16841812711291,9144.0
4490.0,SIA939,0.47971640901271334,105.62196873912752,9144.0
4490.0,SJX731,14.375915751897917,113.36928795056221,9144.0
4490.0,TGW139,15.236656208062772,110.95752869938485,9144.0
4490.0,TGW263,1.4283394263866411,104.01444402363971,9144.0
4490.0,TGW281,1.0349506289227786,104.70845011400164,9144.0
4500.0,SIA883,9.77180011670164,107.37763467573349,9144.0
4500.0,SIA915,5.2011440312566455,110.13646842314834,9144.0
4500.0,SIA939,0.5063480005841224,105.5999440426161,9144.0
4500.0,SJX731,14.35166452946345,113.34721678590445,9144.0
4500.0,TGW139,15.209404461490477,110.93686890554918,9144.0
4500.0,TGW263,1.4196078520087818,104.0092381979777,9144.0
4500.0,TGW281,1.0471357815358329,104.68432531659742,9144.0
4500.0,SIA883,9.77180011670164,107.37763467573349,9144.0
4500.0,SIA915,5.2011440312566455,110.13646842314834,9144.0
4500.0,SIA939,0.5063480005841224,105.5999440426161,9144.0
4500.0,SJX731,14.35166452946345,113.34721678590445,9144.0
4500.0,TGW139,15.209404461490477,110.93686890554918,9144.0
4500.0,TGW263,1.4196078520087818,104.0092381979777,9144.0
4500.0,TGW281,1.0471357815358329,104.68432531659742,9144.0
4510.0,SIA883,9.743468567219091,107.35889065810919,9144.0
4510.0,SIA915,5.190698722669415,110.10374789645387,9144.0
4510.0,SIA939,0.5330663732026141,105.57784730786057,9144.0
4510.0,SJX731,14.327411197720078,113.32515047877065,9144.0
4510.0,TGW139,15.182188764036212,110.91616081420341,9144.0
4510.0,TGW263,1.410584556799806,104.00488304840215,9144.0
4510.0,TGW281,1.0594208932418656,104.66025118989373,9144.0
4510.0,SIA883,9.743468567219091,107.35889065810919,9144.0
4510.0,SIA915,5.190698722669415,110.10374789645387,9144.0
4510.0,SIA939,0.5330663732026141,105.57784730786057,9144.0
4510.0,SJX731,14.327411197720078,113.32515047877065,9144.0
4510.0,TGW139,15.182188764036212,110.91616081420341,9144.0
4510.0,TGW263,1.410584556799806,104.00488304840215,9144.0
4510.0,TGW281,1.0594208932418656,104.66025118989373,9144.0
4520.0,SIA883,9.7151832296945,107.34018197469493,9144.0
4520.0,SIA915,5.180320552506017,110.07124535918162,9144.0
4520.0,SIA939,0.5597844870839989,105.5557501619542,9144.0
4520.0,SJX731,14.303155749447738,113.3030890333101,9144.0
4520.0,TGW139,15.154970873998638,110.89545848336526,9144.0
4520.0,TGW263,1.4018247910854076,104.00065512986227,9144.0
4520.0,TGW281,1.0716497507455527,104.63628657112983,9144.0
4520.0,SIA883,9.7151832296945,107.34018197469493,9144.0
4520.0,SIA915,5.180320552506017,110.07124535918162,9144.0
4520.0,SIA939,0.5597844870839989,105.5557501619542,9144.0
4520.0,SJX731,14.303155749447738,113.3030890333101,9144.0
4520.0,TGW139,15.154970873998638,110.89545848336526,9144.0
4520.0,TGW263,1.4018247910854076,104.00065512986227,9144.0
4520.0,TGW281,1.0716497507455527,104.63628657112983,9144.0
4530.0,SIA883,9.686953600634867,107.32138846578728,9144.0
4530.0,SIA915,5.169939926993745,110.03874414577535,9144.0
4530.0,SIA939,0.5865403636270737,105.53369865661955,9144.0
4530.0,SJX731,14.278898172699721,113.28103245921315,9144.0
4530.0,TGW139,15.127748060102963,110.87476576332129,9144.0
4530.0,TGW263,1.3930650172858314,103.99642724385261,9144.0
4530.0,TGW281,1.083875848797312,104.6123204477497,9144.0
4530.0,SIA883,9.686953600634867,107.32138846578728,9144.0
4530.0,SIA915,5.169939926993745,110.03874414577535,9144.0
4530.0,SIA939,0.5865403636270737,105.53369865661955,9144.0
4530.0,SJX731,14.278898172699721,113.28103245921315,9144.0
4530.0,TGW139,15.127748060102963,110.87476576332129,9144.0
4530.0,TGW263,1.3930650172858314,103.99642724385261,9144.0
4530.0,TGW281,1.083875848797312,104.6123204477497,9144.0
4540.0,SIA883,9.658675058214484,107.30256698557261,9144.0
4540.0,SIA915,5.155728651203976,110.00773911976964,9144.0
4540.0,SIA939,0.6101039569554607,105.5089614698962,9144.0
4540.0,SJX731,14.254638447044034,113.25898077611608,9144.0
4540.0,TGW139,15.100490345431641,110.85412505620087,9144.0
4540.0,TGW263,1.3843052348324456,103.99219939145304,9144.0
4540.0,TGW281,1.0959968711283279,104.5883008948611,9144.0
4540.0,SIA883,9.658675058214484,107.30256698557261,9144.0
4540.0,SIA915,5.155728651203976,110.00773911976964,9144.0
4540.0,SIA939,0.6101039569554607,105.5089614698962,9144.0
4540.0,SJX731,14.254638447044034,113.25898077611608,9144.0
4540.0,TGW139,15.100490345431641,110.85412505620087,9144.0
4540.0,TGW263,1.3843052348324456,103.99219939145304,9144.0
4540.0,TGW281,1.0959968711283279,104.5883008948611,9144.0
4550.0,SIA883,9.630338201472599,107.2838375426719,9144.0
4550.0,SIA915,5.141532733970862,109.97691610782573,9144.0
4550.0,SIA939,0.6302900856352659,105.4818218037273,9144.0
4550.0,SJX731,14.230376534378784,113.23693402436413,9144.0
4550.0,TGW139,15.073184084099115,110.83345596301642,9144.0
4550.0,TGW263,1.3755454523790598,103.98797155462412,9144.0
4550.0,TGW281,1.108031275450483,104.56444490673991,9144.0
4550.0,SIA883,9.630338201472599,107.2838375426719,9144.0
4550.0,SIA915,5.141532733970862,109.97691610782573,9144.0
4550.0,SIA939,0.6302900856352659,105.4818218037273,9144.0
4550.0,SJX731,14.230376534378784,113.23693402436413,9144.0
4550.0,TGW139,15.073184084099115,110.83345596301642,9144.0
4550.0,TGW263,1.3755454523790598,103.98797155462412,9144.0
4550.0,TGW281,1.108031275450483,104.56444490673991,9144.0
4560.0,SIA883,9.601904828516911,107.26504877015265,9144.0
4560.0,SIA915,5.127335286720483,109.94609449255188,9144.0
4560.0,SIA939,0.6468301842909454,105.45271029113285,9144.0
4560.0,SJX731,14.206112349002762,113.21489230008339,9144.0
4560.0,TGW139,15.045929755202671,110.81271613957206,9144.0
4560.0,TGW281,1.1200187564683965,104.54056519951516,9144.0
4560.0,SIA883,9.601904828516911,107.26504877015265,9144.0
4560.0,SIA915,5.127335286720483,109.94609449255188,9144.0
4560.0,SIA939,0.6468301842909454,105.45271029113285,9144.0
4560.0,SJX731,14.206112349002762,113.21489230008339,9144.0
4560.0,TGW139,15.045929755202671,110.81271613957206,9144.0
4560.0,TGW281,1.1200187564683965,104.54056519951516,9144.0
4570.0,SIA883,9.57353256718196,107.24616679042991,9144.0
4570.0,SIA915,5.113136309686622,109.91527427205153,9144.0
4570.0,SIA939,0.6596790141690001,105.42179134361344,9144.0
4570.0,SJX731,14.18184557242374,113.19285597218641,9144.0
4570.0,TGW139,15.018672871558621,110.79198256543054,9144.0
4570.0,TGW281,1.1319646867052267,104.51694159319045,9144.0
4570.0,SIA883,9.57353256718196,107.24616679042991,9144.0
4570.0,SIA915,5.113136309686622,109.91527427205153,9144.0
4570.0,SIA939,0.6596790141690001,105.42179134361344,9144.0
4570.0,SJX731,14.18184557242374,113.19285597218641,9144.0
4570.0,TGW139,15.018672871558621,110.79198256543054,9144.0
4570.0,TGW281,1.1319646867052267,104.51694159319045,9144.0
4580.0,SIA883,9.545111556067548,107.22725679300615,9144.0
4580.0,SIA915,5.098935802367946,109.8844554447693,9144.0
4580.0,SIA939,0.6685104697323823,105.38985026695156,9144.0
4580.0,SJX731,14.155384475071145,113.17369631019781,9144.0
4580.0,TGW139,14.991359617882054,110.77133130535651,9144.0
4580.0,TGW281,1.1435733256305325,104.49398422712757,9144.0
4580.0,SIA883,9.545111556067548,107.22725679300615,9144.0
4580.0,SIA915,5.098935802367946,109.8844554447693,9144.0
4580.0,SIA939,0.6685104697323823,105.38985026695156,9144.0
4580.0,SJX731,14.155384475071145,113.17369631019781,9144.0
4580.0,TGW139,14.991359617882054,110.77133130535651,9144.0
4580.0,TGW281,1.1435733256305325,104.49398422712757,9144.0
4590.0,SIA883,9.516631649092027,107.20843970205338,9144.0
4590.0,SIA915,5.084733763301403,109.85363800959632,9144.0
4590.0,SIA939,0.673320387448024,105.35706153016581,9144.0
4590.0,SJX731,14.128544022846548,113.15426804601299,9144.0
4590.0,TGW139,14.964043906873755,110.75068616221681,9144.0
4590.0,TGW281,1.1558031144343357,104.4713516862143,9144.0
4590.0,SIA883,9.516631649092027,107.20843970205338,9144.0
4590.0,SIA915,5.084733763301403,109.85363800959632,9144.0
4590.0,SIA939,0.673320387448024,105.35706153016581,9144.0
4590.0,SJX731,14.128544022846548,113.15426804601299,9144.0
4590.0,TGW139,14.964043906873755,110.75068616221681,9144.0
4590.0,TGW281,1.1558031144343357,104.4713516862143,9144.0
4600.0,SIA883,9.48815050490235,107.18962610186767,9144.0
4600.0,SIA915,5.07053018973176,109.82282196602412,9144.0
4600.0,SIA939,0.6740347796254283,105.32392952662005,9144.0
4600.0,SJX731,14.101701320380764,113.1348453762571,9144.0
4600.0,TGW139,14.936708544000343,110.73007153323833,9144.0
4600.0,TGW281,1.167644450451962,104.44943733374502,9144.0
4600.0,SIA883,9.48815050490235,107.18962610186767,9144.0
4600.0,SIA915,5.07053018973176,109.82282196602412,9144.0
4600.0,SIA939,0.6740347796254283,105.32392952662005,9144.0
4600.0,SJX731,14.101701320380764,113.1348453762571,9144.0
4600.0,TGW139,14.936708544000343,110.73007153323833,9144.0
4600.0,TGW281,1.167644450451962,104.44943733374502,9144.0
4610.0,SIA883,9.45970391018746,107.1707604099138,9144.0
4610.0,SIA915,5.0563250771101105,109.79200731437788,9144.0
4610.0,SIA939,0.6706366077385549,105.29125307476603,9144.0
4610.0,SJX731,14.07503359132664,113.11517043185879,9144.0
4610.0,TGW139,14.909416783538042,110.70949754545146,9144.0
4610.0,TGW281,1.1814090094196898,104.42867735333637,9144.0
4610.0,SIA883,9.45970391018746,107.1707604099138,9144.0
4610.0,SIA915,5.0563250771101105,109.79200731437788,9144.0
4610.0,SIA939,0.6706366077385549,105.29125307476603,9144.0
4610.0,SJX731,14.07503359132664,113.11517043185879,9144.0
4610.0,TGW139,14.909416783538042,110.70949754545146,9144.0
4610.0,TGW281,1.1814090094196898,104.42867735333637,9144.0
4620.0,SIA883,9.431208621291567,107.15186668019265,9144.0
4620.0,SIA915,5.042118418294258,109.7611940561885,9144.0
4620.0,SIA939,0.6713448133557677,105.25840800894859,9144.0
4620.0,SJX731,14.048316918621095,113.09546642664101,9144.0
4620.0,TGW139,14.882186745442484,110.68883877408616,9144.0
4620.0,TGW281,1.195068595265754,104.4080751174526,9144.0
4620.0,SIA883,9.431208621291567,107.15186668019265,9144.0
4620.0,SIA915,5.042118418294258,109.7611940561885,9144.0
4620.0,SIA939,0.6713448133557677,105.25840800894859,9144.0
4620.0,SJX731,14.048316918621095,113.09546642664101,9144.0
4620.0,TGW139,14.882186745442484,110.68883877408616,9144.0
4620.0,TGW281,1.195068595265754,104.4080751174526,9144.0
4630.0,SIA883,9.402685347652755,107.13301794883368,9144.0
4630.0,SIA915,5.027910202190758,109.73038219482436,9144.0
4630.0,SIA939,0.6759482917131332,105.2265205936862,9144.0
4630.0,SJX731,14.021597561810566,113.07576858563682,9144.0
4630.0,TGW139,14.85495452634062,110.66818568714623,9144.0
4630.0,TGW281,1.2088889448144589,104.38758032113009,9144.0
4630.0,SIA883,9.402685347652755,107.13301794883368,9144.0
4630.0,SIA915,5.027910202190758,109.73038219482436,9144.0
4630.0,SIA939,0.6759482917131332,105.2265205936862,9144.0
4630.0,SJX731,14.021597561810566,113.07576858563682,9144.0
4630.0,TGW139,14.85495452634062,110.66818568714623,9144.0
4630.0,TGW281,1.2088889448144589,104.38758032113009,9144.0
4640.0,SIA883,9.37416088899535,107.11417261134292,9144.0
4640.0,SIA915,5.013700411248262,109.69957173665736,9144.0
4640.0,SIA939,0.6805513207200812,105.19463308321986,9144.0
4640.0,SJX731,13.99473594176034,113.05597281600926,9144.0
4640.0,TGW139,14.82767824619056,110.64759752595009,9144.0
4640.0,TGW281,1.222175566483322,104.3678764088005,9144.0
4640.0,SIA883,9.37416088899535,107.11417261134292,9144.0
4640.0,SIA915,5.013700411248262,109.69957173665736,9144.0
4640.0,SIA939,0.6805513207200812,105.19463308321986,9144.0
4640.0,SJX731,13.99473594176034,113.05597281600926,9144.0
4640.0,TGW139,14.82767824619056,110.64759752595009,9144.0
4640.0,TGW281,1.222175566483322,104.3678764088005,9144.0
4650.0,SIA883,9.345632865337135,107.09533436420838,9144.0
4650.0,SIA915,4.999489016261809,109.66876269347993,9144.0
4650.0,SIA939,0.6850341087450957,105.16272841485163,9144.0
4650.0,SJX731,13.967820203511714,113.03625758210305,9144.0
4650.0,TGW139,14.800399852837543,110.62701495279872,9144.0
4650.0,TGW281,1.2355138632852611,104.34820735817623,9144.0
4650.0,SIA883,9.345632865337135,107.09533436420838,9144.0
4650.0,SIA915,4.999489016261809,109.66876269347993,9144.0
4650.0,SIA939,0.6850341087450957,105.16272841485163,9144.0
4650.0,SJX731,13.967820203511714,113.03625758210305,9144.0
4650.0,TGW139,14.800399852837543,110.62701495279872,9144.0
4650.0,TGW281,1.2355138632852611,104.34820735817623,9144.0
4660.0,SIA883,9.317103669965883,107.0764994807738,9144.0
4660.0,SIA915,4.985275963560803,109.63795508846444,9144.0
4660.0,SIA939,0.6894599516117398,105.13122601765528,9144.0
4660.0,SJX731,13.94090242279978,113.0165476105011,9144.0
4660.0,TGW139,14.77311722327473,110.60644097339991,9144.0
4660.0,TGW281,1.2482376730309528,104.32944386138361,9144.0
4660.0,SIA883,9.317103669965883,107.0764994807738,9144.0
4660.0,SIA915,4.985275963560803,109.63795508846444,9144.0
4660.0,SIA939,0.6894599516117398,105.13122601765528,9144.0
4660.0,SJX731,13.94090242279978,113.0165476105011,9144.0
4660.0,TGW139,14.77311722327473,110.60644097339991,9144.0
4660.0,TGW281,1.2482376730309528,104.32944386138361,9144.0
4670.0,SIA883,9.288588350548356,107.05764456850119,9144.0
4670.0,SIA915,4.967445255317018,109.60910620514339,9144.0
4670.0,SIA939,0.6941408117071262,105.09976047650294,9144.0
4670.0,SJX731,13.914017067982932,112.99679300934564,9144.0
4670.0,TGW139,14.745839755866106,110.58586225581618,9144.0
4670.0,TGW281,1.2610728732321033,104.31075632925155,9144.0
4670.0,SIA883,9.288588350548356,107.05764456850119,9144.0
4670.0,SIA915,4.967445255317018,109.60910620514339,9144.0
4670.0,SIA939,0.6941408117071262,105.09976047650294,9144.0
4670.0,SJX731,13.914017067982932,112.99679300934564,9144.0
4670.0,TGW139,14.745839755866106,110.58586225581618,9144.0
4670.0,TGW281,1.2610728732321033,104.31075632925155,9144.0
4680.0,SIA883,9.26007188112492,107.03879297428779,9144.0
4680.0,SIA915,4.946563456065858,109.58313202633177,9144.0
4680.0,SIA939,0.6987439865737024,105.0688143421925,9144.0
4680.0,SJX731,13.887223405993465,112.97711196187444,9144.0
4680.0,TGW139,14.71860601432714,110.56532398536683,9144.0
4680.0,TGW281,1.2736135194041764,104.29249706015784,9144.0
4680.0,SIA883,9.26007188112492,107.03879297428779,9144.0
4680.0,SIA915,4.946563456065858,109.58313202633177,9144.0
4680.0,SIA939,0.6987439865737024,105.0688143421925,9144.0
4680.0,SJX731,13.887223405993465,112.97711196187444,9144.0
4680.0,TGW139,14.71860601432714,110.56532398536683,9144.0
4680.0,TGW281,1.2736135194041764,104.29249706015784,9144.0
4690.0,SIA883,9.231585324737637,107.01989653916665,9144.0
4690.0,SIA915,4.922648850646518,109.55994274618992,9144.0
4690.0,SIA939,0.7032016907814902,105.03784688600759,9144.0
4690.0,SJX731,13.860427310812343,112.95743670276202,9144.0
4690.0,TGW139,14.691406931593761,110.54473924042539,9144.0
4690.0,TGW281,1.2860796177970366,104.27418670008656,9144.0
4690.0,SIA883,9.231585324737637,107.01989653916665,9144.0
4690.0,SIA915,4.922648850646518,109.55994274618992,9144.0
4690.0,SIA939,0.7032016907814902,105.03784688600759,9144.0
4690.0,SJX731,13.860427310812343,112.95743670276202,9144.0
4690.0,TGW139,14.691406931593761,110.54473924042539,9144.0
4690.0,TGW281,1.2860796177970366,104.27418670008656,9144.0
4700.0,SIA883,9.203145089850214,107.00103487834271,9144.0
4700.0,SIA915,4.896066774774106,109.53989248289086,9144.0
4700.0,SIA939,0.707592127797533,105.00734411701337,9144.0
4700.0,SJX731,13.833603967618076,112.93780313782719,9144.0
4700.0,TGW139,14.664159799906844,110.524125309097,9144.0
4700.0,TGW281,1.2984720535839689,104.2559839119033,9144.0
4700.0,SIA883,9.203145089850214,107.00103487834271,9144.0
4700.0,SIA915,4.896066774774106,109.53989248289086,9144.0
4700.0,SIA939,0.707592127797533,105.00734411701337,9144.0
4700.0,SJX731,13.833603967618076,112.93780313782719,9144.0
4700.0,TGW139,14.664159799906844,110.524125309097,9144.0
4700.0,TGW281,1.2984720535839689,104.2559839119033,9144.0
4710.0,SIA883,9.174647108459023,106.98226438947134,9144.0
4710.0,SIA915,4.869115272909876,109.52034611392853,9144.0
4710.0,SIA939,0.7120115132052032,104.97684550024222,9144.0
4710.0,SJX731,13.806872690877567,112.91824280346694,9144.0
4710.0,TGW139,14.636901836609852,110.50352924555736,9144.0
4710.0,TGW281,1.3108498502566468,104.23777107131657,9144.0
4710.0,SIA883,9.174647108459023,106.98226438947134,9144.0
4710.0,SIA915,4.869115272909876,109.52034611392853,9144.0
4710.0,SIA939,0.7120115132052032,104.97684550024222,9144.0
4710.0,SJX731,13.806872690877567,112.91824280346694,9144.0
4710.0,TGW139,14.636901836609852,110.50352924555736,9144.0
4710.0,TGW281,1.3108498502566468,104.23777107131657,9144.0
4720.0,SIA883,9.146195609127043,106.96352847997666,9144.0
4720.0,SIA915,4.8421631301240735,109.50080141618508,9144.0
4720.0,SIA939,0.7163543491424909,104.94687265861958,9144.0
4720.0,SJX731,13.780139727041941,112.89868715433454,9144.0
4720.0,TGW139,14.60960717031206,110.48298772392843,9144.0
4720.0,TGW281,1.3252428314243998,104.22145283987207,9144.0
4720.0,SIA883,9.146195609127043,106.96352847997666,9144.0
4720.0,SIA915,4.8421631301240735,109.50080141618508,9144.0
4720.0,SIA939,0.7163543491424909,104.94687265861958,9144.0
4720.0,SJX731,13.780139727041941,112.89868715433454,9144.0
4720.0,TGW139,14.60960717031206,110.48298772392843,9144.0
4720.0,TGW281,1.3252428314243998,104.22145283987207,9144.0
4730.0,SIA883,9.117779554528001,106.94473896395905,9144.0
4730.0,SIA915,4.817601541826637,109.47830722410247,9144.0
4730.0,SIA939,0.7234256784800795,104.91742396457015,9144.0
4730.0,SJX731,13.753404924148771,112.87913640596392,9144.0
4730.0,TGW139,14.582308128560678,110.46245496036455,9144.0
4730.0,TGW281,1.3416882638373047,104.2089843288539,9144.0
4730.0,SIA883,9.117779554528001,106.94473896395905,9144.0
4730.0,SIA915,4.817601541826637,109.47830722410247,9144.0
4730.0,SIA939,0.7234256784800795,104.91742396457015,9144.0
4730.0,SJX731,13.753404924148771,112.87913640596392,9144.0
4730.0,TGW139,14.582308128560678,110.46245496036455,9144.0
4730.0,TGW281,1.3416882638373047,104.2089843288539,9144.0
4740.0,SIA883,9.08926738147802,106.92588977733058,9144.0
4740.0,SIA915,4.792954517642081,109.45573751931603,9144.0
4740.0,SIA939,0.7323833739257087,104.88993398785229,9144.0
4740.0,SJX731,13.726646041554899,112.85962283363689,9144.0
4740.0,TGW139,14.555089828066228,110.4418106189056,9144.0
4740.0,TGW281,1.3597338976120161,104.20042790888185,9144.0
4740.0,SIA883,9.08926738147802,106.92588977733058,9144.0
4740.0,SIA915,4.792954517642081,109.45573751931603,9144.0
4740.0,SIA939,0.7323833739257087,104.88993398785229,9144.0
4740.0,SJX731,13.726646041554899,112.85962283363689,9144.0
4740.0,TGW139,14.555089828066228,110.4418106189056,9144.0
4740.0,TGW281,1.3597338976120161,104.20042790888185,9144.0
4750.0,SIA883,9.060753811554767,106.90704425600622,9144.0
4750.0,SIA915,4.771259527809029,109.43029905242308,9144.0
4750.0,SIA939,0.7410407438717292,104.86336475241782,9144.0
4750.0,SJX731,13.69969783050788,112.83997741143529,9144.0
4750.0,TGW139,14.527868082799843,110.42117366964838,9144.0
4750.0,TGW281,1.3788382463959077,104.19588869413681,9144.0
4750.0,SIA883,9.060753811554767,106.90704425600622,9144.0
4750.0,SIA915,4.771259527809029,109.43029905242308,9144.0
4750.0,SIA939,0.7410407438717292,104.86336475241782,9144.0
4750.0,SJX731,13.69969783050788,112.83997741143529,9144.0
4750.0,TGW139,14.527868082799843,110.42117366964838,9144.0
4750.0,TGW281,1.3788382463959077,104.19588869413681,9144.0
4760.0,SIA883,9.032258306444076,106.88817223135592,9144.0
4760.0,SIA915,4.751271882953539,109.40334678017695,9144.0
4760.0,SIA939,0.7513288278347198,104.83738345831956,9144.0
4760.0,SJX731,13.672788028255876,112.82027854383293,9144.0
4760.0,TGW139,14.500518732200296,110.40072008586495,9144.0
4760.0,TGW281,1.3984000168726498,104.19418354021197,9144.0
4760.0,SIA883,9.032258306444076,106.88817223135592,9144.0
4760.0,SIA915,4.751271882953539,109.40334678017695,9144.0
4760.0,SIA939,0.7513288278347198,104.83738345831956,9144.0
4760.0,SJX731,13.672788028255876,112.82027854383293,9144.0
4760.0,TGW139,14.500518732200296,110.40072008586495,9144.0
4760.0,TGW281,1.3984000168726498,104.19418354021197,9144.0
4770.0,SIA883,9.003761556084442,106.86930362404745,9144.0
4770.0,SIA915,4.731281998229866,109.37639696048223,9144.0
4770.0,SIA939,0.7614368400222082,104.81185617171495,9144.0
4770.0,SJX731,13.645829688316324,112.80055032138569,9144.0
4770.0,TGW139,14.473120481467959,110.38023861631542,9144.0
4770.0,TGW281,1.4172480681853878,104.18844113452573,9144.0
4770.0,SIA883,9.003761556084442,106.86930362404745,9144.0
4770.0,SIA915,4.731281998229866,109.37639696048223,9144.0
4770.0,SIA939,0.7614368400222082,104.81185617171495,9144.0
4770.0,SJX731,13.645829688316324,112.80055032138569,9144.0
4770.0,TGW139,14.473120481467959,110.38023861631542,9144.0
4770.0,TGW281,1.4172480681853878,104.18844113452573,9144.0
4780.0,SIA883,8.975221059267586,106.85050440026491,9144.0
4780.0,SIA915,4.7105535669520675,109.35001566357909,9144.0
4780.0,SIA939,0.7712866774211479,104.78622808349523,9144.0
4780.0,SJX731,13.618866995633963,112.78083064968216,9144.0
4780.0,TGW139,14.445845890190922,110.3595843891214,9144.0
4780.0,TGW281,1.4339067383671178,104.17909849457355,9144.0
4780.0,SIA883,8.975221059267586,106.85050440026491,9144.0
4780.0,SIA915,4.7105535669520675,109.35001566357909,9144.0
4780.0,SIA939,0.7712866774211479,104.78622808349523,9144.0
4780.0,SJX731,13.618866995633963,112.78083064968216,9144.0
4780.0,TGW139,14.445845890190922,110.3595843891214,9144.0
4780.0,TGW281,1.4339067383671178,104.17909849457355,9144.0
4790.0,SIA883,8.946726980584009,106.83173974046974,9144.0
4790.0,SIA915,4.689753290733339,109.32354622317628,9144.0
4790.0,SIA939,0.7806936765960868,104.76175144060295,9144.0
4790.0,SJX731,13.59189946763614,112.76112022466434,9144.0
4790.0,TGW139,14.418614766185234,110.33897079670834,9144.0
4790.0,TGW281,1.4481850073608522,104.16641088607936,9144.0
4790.0,SIA883,8.946726980584009,106.83173974046974,9144.0
4790.0,SIA915,4.689753290733339,109.32354622317628,9144.0
4790.0,SIA939,0.7806936765960868,104.76175144060295,9144.0
4790.0,SJX731,13.59189946763614,112.76112022466434,9144.0
4790.0,TGW139,14.418614766185234,110.33897079670834,9144.0
4790.0,TGW281,1.4481850073608522,104.16641088607936,9144.0
4800.0,SIA883,8.918256621110046,106.81293969037476,9144.0
4800.0,SIA915,4.668951314997333,109.29707891392253,9144.0
4800.0,SIA939,0.7901122078441913,104.7372791785749,9144.0
4800.0,SJX731,13.56493007302845,112.74141474348238,9144.0
4800.0,TGW139,14.391251189428724,110.3185475591068,9144.0
4800.0,TGW281,1.4648436775425822,104.15706811848973,9144.0
4800.0,SIA883,8.918256621110046,106.81293969037476,9144.0
4800.0,SIA915,4.668951314997333,109.29707891392253,9144.0
4800.0,SIA939,0.7901122078441913,104.7372791785749,9144.0
4800.0,SJX731,13.56493007302845,112.74141474348238,9144.0
4800.0,TGW139,14.391251189428724,110.3185475591068,9144.0
4800.0,TGW281,1.4648436775425822,104.15706811848973,9144.0
4810.0,SIA883,8.889785202325019,106.79414274750488,9144.0
4810.0,SIA915,4.648300025137223,109.27049386124665,9144.0
4810.0,SIA939,0.7993064776180491,104.71338884683841,9144.0
4810.0,SJX731,13.537954953944196,112.72171979073346,9144.0
4810.0,TGW139,14.363839273959346,110.29809563252093,9144.0
4810.0,TGW281,1.482479318264039,104.15009507140314,9144.0
4810.0,SIA883,8.889785202325019,106.79414274750488,9144.0
4810.0,SIA915,4.648300025137223,109.27049386124665,9144.0
4810.0,SIA939,0.7993064776180491,104.71338884683841,9144.0
4810.0,SJX731,13.537954953944196,112.72171979073346,9144.0
4810.0,TGW139,14.363839273959346,110.29809563252093,9144.0
4810.0,TGW281,1.482479318264039,104.15009507140314,9144.0
4820.0,SIA883,8.861312281273495,106.77534959441975,9144.0
4820.0,SIA915,4.627612457259792,109.24386546684825,9144.0
4820.0,SIA939,0.8085443362752136,104.68951528537187,9144.0
4820.0,SJX731,13.511025033686371,112.7020634864459,9144.0
4820.0,TGW139,14.33659445537956,110.27740966921156,9144.0
4820.0,TGW281,1.5001149355800705,104.14312190920484,9144.0
4820.0,SIA883,8.861312281273495,106.77534959441975,9144.0
4820.0,SIA915,4.627612457259792,109.24386546684825,9144.0
4820.0,SIA939,0.8085443362752136,104.68951528537187,9144.0
4820.0,SJX731,13.511025033686371,112.7020634864459,9144.0
4820.0,TGW139,14.33659445537956,110.27740966921156,9144.0
4820.0,TGW281,1.5001149355800705,104.14312190920484,9144.0
4830.0,SIA883,8.83282545726073,106.75657948755578,9144.0
4830.0,SIA915,4.606922704176407,109.21723955791236,9144.0
4830.0,SIA939,0.8173267513676508,104.66681793660798,9144.0
4830.0,SJX731,13.484093543229045,112.68241167515959,9144.0
4830.0,TGW139,14.309301579822405,110.25669464486126,9144.0
4830.0,TGW281,1.5167585749930197,104.13403049341073,9144.0
4830.0,SIA883,8.83282545726073,106.75657948755578,9144.0
4830.0,SIA915,4.606922704176407,109.21723955791236,9144.0
4830.0,SIA939,0.8173267513676508,104.66681793660798,9144.0
4830.0,SJX731,13.484093543229045,112.68241167515959,9144.0
4830.0,TGW139,14.309301579822405,110.25669464486126,9144.0
4830.0,TGW281,1.5167585749930197,104.13403049341073,9144.0
4840.0,SIA883,8.80433747069767,106.73781263546597,9144.0
4840.0,SIA915,4.586345507101287,109.19052677408229,9144.0
4840.0,SIA939,0.8262520919109295,104.64417637023556,9144.0
4840.0,SJX731,13.45716048002167,112.66276435574218,9144.0
4840.0,TGW139,14.281843383955447,110.2362161331889,9144.0
4840.0,TGW281,1.5325685509989289,104.12539429218361,9144.0
4840.0,SIA883,8.80433747069767,106.73781263546597,9144.0
4840.0,SIA915,4.586345507101287,109.19052677408229,9144.0
4840.0,SIA939,0.8262520919109295,104.64417637023556,9144.0
4840.0,SJX731,13.45716048002167,112.66276435574218,9144.0
4840.0,TGW139,14.281843383955447,110.2362161331889,9144.0
4840.0,TGW281,1.5325685509989289,104.12539429218361,9144.0
4850.0,SIA883,8.775823407231542,106.71908782107272,9144.0
4850.0,SIA915,4.565662758572227,109.16368011743319,9144.0
4850.0,SIA939,0.8378437743061669,104.62299444283424,9144.0
4850.0,SJX731,13.430225839067695,112.64312153061108,9144.0
4850.0,TGW139,14.254290977073511,110.21567456737031,9144.0
4850.0,TGW281,1.5484820247193838,104.11695039604587,9144.0
4850.0,SIA883,8.775823407231542,106.71908782107272,9144.0
4850.0,SIA915,4.565662758572227,109.16368011743319,9144.0
4850.0,SIA939,0.8378437743061669,104.62299444283424,9144.0
4850.0,SJX731,13.430225839067695,112.64312153061108,9144.0
4850.0,TGW139,14.254290977073511,110.21567456737031,9144.0
4850.0,TGW281,1.5484820247193838,104.11695039604587,9144.0
4860.0,SIA883,8.747165560315155,106.70027248176909,9144.0
4860.0,SIA915,4.544978734297855,109.13683522207317,9144.0
4860.0,SIA939,0.8527020083976093,104.6043677386928,9144.0
4860.0,SJX731,13.403289611077499,112.62348320841204,9144.0
4860.0,TGW139,14.226799299243087,110.19504907772237,9144.0
4860.0,TGW281,1.5609183410194503,104.10641876919769,9144.0
4860.0,SIA883,8.747165560315155,106.70027248176909,9144.0
4860.0,SIA915,4.544978734297855,109.13683522207317,9144.0
4860.0,SIA939,0.8527020083976093,104.6043677386928,9144.0
4860.0,SJX731,13.403289611077499,112.62348320841204,9144.0
4860.0,TGW139,14.226799299243087,110.19504907772237,9144.0
4860.0,TGW281,1.5609183410194503,104.10641876919769,9144.0
4870.0,SIA883,8.718541419818267,106.6814061403348,9144.0
4870.0,SIA915,4.5242914708061,109.10999360725936,9144.0
4870.0,SIA939,0.8704977820429257,104.58862069064067,9144.0
4870.0,SJX731,13.376351778132754,112.60384941030638,9144.0
4870.0,TGW139,14.19930547131566,110.1744291447783,9144.0
4870.0,TGW281,1.5697855389711377,104.09358159993717,9144.0
4870.0,SIA883,8.718541419818267,106.6814061403348,9144.0
4870.0,SIA915,4.5242914708061,109.10999360725936,9144.0
4870.0,SIA939,0.8704977820429257,104.58862069064067,9144.0
4870.0,SJX731,13.376351778132754,112.60384941030638,9144.0
4870.0,TGW139,14.19930547131566,110.1744291447783,9144.0
4870.0,TGW281,1.5697855389711377,104.09358159993717,9144.0
4880.0,SIA883,8.68991618389372,106.6625429429483,9144.0
4880.0,SIA915,4.503282100401213,109.08340570606485,9144.0
4880.0,SIA939,0.8907878867088004,104.5761309451363,9144.0
4880.0,SJX731,13.349412300543241,112.58422018902992,9144.0
4880.0,TGW139,14.171847076034867,110.15376153982605,9144.0
4880.0,TGW281,1.5747162300534256,104.07929547351753,9144.0
4880.0,SIA883,8.68991618389372,106.6625429429483,9144.0
4880.0,SIA915,4.503282100401213,109.08340570606485,9144.0
4880.0,SIA939,0.8907878867088004,104.5761309451363,9144.0
4880.0,SJX731,13.349412300543241,112.58422018902992,9144.0
4880.0,TGW139,14.171847076034867,110.15376153982605,9144.0
4880.0,TGW281,1.5747162300534256,104.07929547351753,9144.0
4890.0,SIA883,8.661317472250754,106.64364005786648,9144.0
4890.0,SIA915,4.482199361551528,109.05673144275357,9144.0
4890.0,SIA939,0.912921398039662,104.567312112672,9144.0
4890.0,SJX731,13.322471049457977,112.56459572661132,9144.0
4890.0,TGW139,14.144386643722939,110.1330993123573,9144.0
4890.0,TGW281,1.5753687095323723,104.06497141392377,9144.0
4890.0,SIA883,8.661317472250754,106.64364005786648,9144.0
4890.0,SIA915,4.482199361551528,109.05673144275357,9144.0
4890.0,SIA939,0.912921398039662,104.567312112672,9144.0
4890.0,SJX731,13.322471049457977,112.56459572661132,9144.0
4890.0,TGW139,14.144386643722939,110.1330993123573,9144.0
4890.0,TGW281,1.5753687095323723,104.06497141392377,9144.0
4900.0,SIA883,8.63290763830143,106.62486572178773,9144.0
4900.0,SIA915,4.4614546817321505,109.02979258142021,9144.0
4900.0,SIA939,0.9347648582249816,104.55779729638397,9144.0
4900.0,SJX731,13.295526209597995,112.54497865077428,9144.0
4900.0,TGW139,14.116922519701902,110.11244479644907,9144.0
4900.0,TGW281,1.571942391894965,104.05104821150408,9144.0
4900.0,SIA883,8.63290763830143,106.62486572178773,9144.0
4900.0,SIA915,4.4614546817321505,109.02979258142021,9144.0
4900.0,SIA939,0.9347648582249816,104.55779729638397,9144.0
4900.0,SJX731,13.295526209597995,112.54497865077428,9144.0
4900.0,TGW139,14.116922519701902,110.11244479644907,9144.0
4900.0,TGW281,1.571942391894965,104.05104821150408,9144.0
4910.0,SIA883,8.60449630005529,106.60609512556175,9144.0
4910.0,SIA915,4.440708862437064,109.0028553621879,9144.0
4910.0,SIA939,0.9566082913048145,104.54828235797474,9144.0
4910.0,SJX731,13.268439293857192,112.52526419034359,9144.0
4910.0,TGW139,14.089435211479424,110.09182558356673,9144.0
4910.0,TGW281,1.5647718410226266,104.0388783308787,9144.0
4910.0,SIA883,8.60449630005529,106.60609512556175,9144.0
4910.0,SIA915,4.440708862437064,109.0028553621879,9144.0
4910.0,SIA939,0.9566082913048145,104.54828235797474,9144.0
4910.0,SJX731,13.268439293857192,112.52526419034359,9144.0
4910.0,TGW139,14.089435211479424,110.09182558356673,9144.0
4910.0,TGW281,1.5647718410226266,104.0388783308787,9144.0
4920.0,SIA883,8.57599615115915,106.58746415563368,9144.0
4920.0,SIA915,4.41996175382501,108.9759198976616,9144.0
4920.0,SIA939,0.978451687704304,104.53876727407336,9144.0
4920.0,SJX731,13.241358153025258,112.50554355265812,9144.0
4920.0,TGW139,14.061944765367524,110.07121329784658,9144.0
4920.0,TGW281,1.5544102141796332,104.02928057971972,9144.0
4920.0,SIA883,8.57599615115915,106.58746415563368,9144.0
4920.0,SIA915,4.41996175382501,108.9759198976616,9144.0
4920.0,SIA939,0.978451687704304,104.53876727407336,9144.0
4920.0,SJX731,13.241358153025258,112.50554355265812,9144.0
4920.0,TGW139,14.061944765367524,110.07121329784658,9144.0
4920.0,TGW281,1.5544102141796332,104.02928057971972,9144.0
4930.0,SIA883,8.547494737824119,106.56883655918293,9144.0
4930.0,SIA915,4.3990867620311525,108.94908476741287,9144.0
4930.0,SIA939,1.0000476737617396,104.52870304894448,9144.0
4930.0,SJX731,13.214321989910404,112.48586167095696,9144.0
4930.0,TGW139,14.034412826847396,110.0506624218361,9144.0
4930.0,TGW281,1.5417301224286417,104.0230632160724,9144.0
4930.0,SIA883,8.547494737824119,106.56883655918293,9144.0
4930.0,SIA915,4.3990867620311525,108.94908476741287,9144.0
4930.0,SIA939,1.0000476737617396,104.52870304894448,9144.0
4930.0,SJX731,13.214321989910404,112.48586167095696,9144.0
4930.0,TGW139,14.034412826847396,110.0506624218361,9144.0
4930.0,TGW281,1.5417301224286417,104.0230632160724,9144.0
4940.0,SIA883,8.519078717883133,106.55007742438522,9144.0
4940.0,SIA915,4.378210601354135,108.92225130221809,9144.0
4940.0,SIA939,1.0215276513520772,104.51869267258728,9144.0
4940.0,SJX731,13.18727916353903,112.46619162831314,9144.0
4940.0,TGW139,14.006832534521298,110.03008314103676,9144.0
4940.0,TGW281,1.5277994278443123,104.02074979687801,9144.0
4940.0,SIA883,8.519078717883133,106.55007742438522,9144.0
4940.0,SIA915,4.378210601354135,108.92225130221809,9144.0
4940.0,SIA939,1.0215276513520772,104.51869267258728,9144.0
4940.0,SJX731,13.18727916353903,112.46619162831314,9144.0
4940.0,TGW139,14.006832534521298,110.03008314103676,9144.0
4940.0,TGW281,1.5277994278443123,104.02074979687801,9144.0
4950.0,SIA883,8.4906141962039,106.53128980023058,9144.0
4950.0,SIA915,4.357332833385732,108.8954198416655,9144.0
4950.0,SIA939,1.043135381136052,104.50896114533441,9144.0
4950.0,SJX731,13.160234358705539,112.44652662813331,9144.0
4950.0,TGW139,13.978792979359499,110.01017644734304,9144.0
4950.0,TGW281,1.5140832161664814,104.02258115230077,9144.0
4950.0,SIA883,8.4906141962039,106.53128980023058,9144.0
4950.0,SIA915,4.357332833385732,108.8954198416655,9144.0
4950.0,SIA939,1.043135381136052,104.50896114533441,9144.0
4950.0,SJX731,13.160234358705539,112.44652662813331,9144.0
4950.0,TGW139,13.978792979359499,110.01017644734304,9144.0
4950.0,TGW281,1.5140832161664814,104.02258115230077,9144.0
4960.0,SIA883,8.462148654843237,106.51250514636234,9144.0
4960.0,SIA915,4.33652531711737,108.86853429106901,9144.0
4960.0,SIA939,1.0646262562884987,104.49928207492809,9144.0
4960.0,SJX731,13.133141177703909,112.42683216943672,9144.0
4960.0,TGW139,13.950704665416252,109.99024213005028,9144.0
4960.0,TGW281,1.5018718120394947,104.02829793645567,9144.0
4960.0,SIA883,8.462148654843237,106.51250514636234,9144.0
4960.0,SIA915,4.33652531711737,108.86853429106901,9144.0
4960.0,SIA939,1.0646262562884987,104.49928207492809,9144.0
4960.0,SJX731,13.133141177703909,112.42683216943672,9144.0
4960.0,TGW139,13.950704665416252,109.99024213005028,9144.0
4960.0,TGW281,1.5018718120394947,104.02829793645567,9144.0
4970.0,SIA883,8.433681245680305,106.49372477176821,9144.0
4970.0,SIA915,4.315577473737637,108.84147071282942,9144.0
4970.0,SIA939,1.0860127384849756,104.48937432950918,9144.0
4970.0,SJX731,13.106046243349013,112.40714242459588,9144.0
4970.0,TGW139,13.921910331846277,109.97140997678945,9144.0
4970.0,TGW281,1.4890668789567985,104.03203959027047,9144.0
4970.0,SIA883,8.433681245680305,106.49372477176821,9144.0
4970.0,SIA915,4.315577473737637,108.84147071282942,9144.0
4970.0,SIA939,1.0860127384849756,104.48937432950918,9144.0
4970.0,SJX731,13.106046243349013,112.40714242459588,9144.0
4970.0,TGW139,13.921910331846277,109.97140997678945,9144.0
4970.0,TGW281,1.4890668789567985,104.03203959027047,9144.0
4980.0,SIA883,8.405173028844862,106.47500914411394,9144.0
4980.0,SIA915,4.294626020480503,108.81441068993125,9144.0
4980.0,SIA939,1.1066393036484345,104.47981840616713,9144.0
4980.0,SJX731,13.078944844875327,112.3874642253667,9144.0
4980.0,TGW139,13.893162129660208,109.95261428365161,9144.0
4980.0,TGW281,1.4768896325348486,104.03139278590005,9144.0
4980.0,SIA883,8.405173028844862,106.47500914411394,9144.0
4980.0,SIA915,4.294626020480503,108.81441068993125,9144.0
4980.0,SIA939,1.1066393036484345,104.47981840616713,9144.0
4980.0,SJX731,13.078944844875327,112.3874642253667,9144.0
4980.0,TGW139,13.893162129660208,109.95261428365161,9144.0
4980.0,TGW281,1.4768896325348486,104.03139278590005,9144.0
4990.0,SIA883,8.376711487971702,106.45632759604253,9144.0
4990.0,SIA915,4.273891565619463,108.78718383861627,9144.0
4990.0,SIA939,1.1274068871361476,104.4705730090704,9144.0
4990.0,SJX731,13.05170168187053,112.36768885748276,9144.0
4990.0,TGW139,13.864265572371105,109.93406388749088,9144.0
4990.0,TGW281,1.4662448115624611,104.02692107213613,9144.0
4990.0,SIA883,8.376711487971702,106.45632759604253,9144.0
4990.0,SIA915,4.273891565619463,108.78718383861627,9144.0
4990.0,SIA939,1.1274068871361476,104.4705730090704,9144.0
4990.0,SJX731,13.05170168187053,112.36768885748276,9144.0
4990.0,TGW139,13.864265572371105,109.93406388749088,9144.0
4990.0,TGW281,1.4662448115624611,104.02692107213613,9144.0
5000.0,SIA883,8.34824898663861,106.43764890708702,9144.0
5000.0,SIA915,4.25301697333586,108.75977952124926,9144.0
5000.0,SIA939,1.1469425702634608,104.46129893196311,9144.0
5000.0,SJX731,13.024456656076925,112.34791837115489,9144.0
5000.0,TGW139,13.835463654654552,109.91558040815217,9144.0
5000.0,TGW281,1.455599979323307,104.02244940639795,9144.0
5000.0,SIA883,8.34824898663861,106.43764890708702,9144.0
5000.0,SIA915,4.25301697333586,108.75977952124926,9144.0
5000.0,SIA939,1.1469425702634608,104.46129893196311,9144.0
5000.0,SJX731,13.024456656076925,112.34791837115489,9144.0
5000.0,TGW139,13.835463654654552,109.91558040815217,9144.0
5000.0,TGW281,1.455599979323307,104.02244940639795,9144.0
5010.0,SIA883,8.319785396508259,106.41897327222424,9144.0
5010.0,SIA915,4.231846605448391,108.73260505747103,9144.0
5010.0,SIA939,1.1636469773951896,104.44884522107256,9144.0
5010.0,SJX731,12.99721145469414,112.32815031192088,9144.0
5010.0,TGW139,13.8066836240668,109.89706309196474,9144.0
5010.0,TGW281,1.444970300559782,104.01794183559453,9144.0
5010.0,SIA883,8.319785396508259,106.41897327222424,9144.0
5010.0,SIA915,4.231846605448391,108.73260505747103,9144.0
5010.0,SIA939,1.1636469773951896,104.44884522107256,9144.0
5010.0,SJX731,12.99721145469414,112.32815031192088,9144.0
5010.0,TGW139,13.8066836240668,109.89706309196474,9144.0
5010.0,TGW281,1.444970300559782,104.01794183559453,9144.0
5020.0,SIA883,8.291345461554833,106.40026222082736,9144.0
5020.0,SIA915,4.210708867960453,108.7054776901309,9144.0
5020.0,SIA939,1.1772064186660898,104.43364056267254,9144.0
5020.0,SJX731,12.969964427159733,112.30838707100456,9144.0
5020.0,TGW139,13.77799839153325,109.878612665257,9144.0
5020.0,TGW281,1.4346738538549901,104.01357565235708,9144.0
5020.0,SIA883,8.291345461554833,106.40026222082736,9144.0
5020.0,SIA915,4.210708867960453,108.7054776901309,9144.0
5020.0,SIA939,1.1772064186660898,104.43364056267254,9144.0
5020.0,SJX731,12.969964427159733,112.30838707100456,9144.0
5020.0,TGW139,13.77799839153325,109.878612665257,9144.0
5020.0,TGW281,1.4346738538549901,104.01357565235708,9144.0
5030.0,SIA883,8.262809478784076,106.38149138561616,9144.0
5030.0,SIA915,4.189924811458552,108.6780776652152,9144.0
5030.0,SIA939,1.1883391994791068,104.41746210631082,9144.0
5030.0,SJX731,12.942733088705934,112.28860323565289,9144.0
5030.0,TGW139,13.74930654578593,109.86017540468401,9144.0
5030.0,TGW281,1.4243634352932966,104.00924260600767,9144.0
5030.0,SIA883,8.262809478784076,106.38149138561616,9144.0
5030.0,SIA915,4.189924811458552,108.6780776652152,9144.0
5030.0,SIA939,1.1883391994791068,104.41746210631082,9144.0
5030.0,SJX731,12.942733088705934,112.28860323565289,9144.0
5030.0,TGW139,13.74930654578593,109.86017540468401,9144.0
5030.0,TGW281,1.4243634352932966,104.00924260600767,9144.0
5040.0,SIA883,8.234272538640697,106.36272339176017,9144.0
5040.0,SIA915,4.169172954558749,108.65072505390226,9144.0
5040.0,SIA939,1.1994718596417828,104.4012835013788,9144.0
5040.0,SJX731,12.915593430774091,112.26889177779701,9144.0
5040.0,TGW139,13.720613144867034,109.84174296574218,9144.0
5040.0,TGW281,1.4141891812853706,104.00495999308131,9144.0
5040.0,SIA883,8.234272538640697,106.36272339176017,9144.0
5040.0,SIA915,4.169172954558749,108.65072505390226,9144.0
5040.0,SIA939,1.1994718596417828,104.4012835013788,9144.0
5040.0,SJX731,12.915593430774091,112.26889177779701,9144.0
5040.0,TGW139,13.720613144867034,109.84174296574218,9144.0
5040.0,TGW281,1.4141891812853706,104.00495999308131,9144.0
5050.0,SIA883,8.205734511589366,106.34395843550764,9144.0
5050.0,SIA915,4.14835648224191,108.62342256806016,9144.0
5050.0,SIA939,1.2106042707141849,104.38510465884953,9144.0
5050.0,SJX731,12.888451660528952,112.24918552005802,9144.0
5050.0,TGW139,13.691914179672043,109.82332195860333,9144.0
5050.0,TGW281,1.404282739807477,104.00079014945157,9144.0
5050.0,SIA883,8.205734511589366,106.34395843550764,9144.0
5050.0,SIA915,4.14835648224191,108.62342256806016,9144.0
5050.0,SIA939,1.2106042707141849,104.38510465884953,9144.0
5050.0,SJX731,12.888451660528952,112.24918552005802,9144.0
5050.0,TGW139,13.691914179672043,109.82332195860333,9144.0
5050.0,TGW281,1.404282739807477,104.00079014945157,9144.0
5060.0,SIA883,8.177179443743903,106.32522130493655,9144.0
5060.0,SIA915,4.127538178606185,108.59612220358349,9144.0
5060.0,SIA939,1.2216107346005147,104.36883976790712,9144.0
5060.0,SJX731,12.861271069537025,112.22953778175943,9144.0
5060.0,TGW139,13.663327203709096,109.804719656596,9144.0
5060.0,TGW281,1.3943762905713988,103.99662034187584,9144.0
5060.0,SIA883,8.177179443743903,106.32522130493655,9144.0
5060.0,SIA915,4.127538178606185,108.59612220358349,9144.0
5060.0,SIA939,1.2216107346005147,104.36883976790712,9144.0
5060.0,SJX731,12.861271069537025,112.22953778175943,9144.0
5060.0,TGW139,13.663327203709096,109.804719656596,9144.0
5060.0,TGW281,1.3943762905713988,103.99662034187584,9144.0
5070.0,SIA883,8.148813884787431,106.30661203284947,9144.0
5070.0,SIA915,4.106553661059114,108.56895077412086,9144.0
5070.0,SIA939,1.2325417327775565,104.35268572472408,9144.0
5070.0,SJX731,12.8340886951655,112.20989476496132,9144.0
5070.0,TGW139,13.634737430637381,109.7861241611698,9144.0
5070.0,TGW281,1.384469833309728,103.99245057086493,9144.0
5070.0,SIA883,8.148813884787431,106.30661203284947,9144.0
5070.0,SIA915,4.106553661059114,108.56895077412086,9144.0
5070.0,SIA939,1.2325417327775565,104.35268572472408,9144.0
5070.0,SJX731,12.8340886951655,112.20989476496132,9144.0
5070.0,TGW139,13.634737430637381,109.7861241611698,9144.0
5070.0,TGW281,1.384469833309728,103.99245057086493,9144.0
5080.0,SIA883,8.120430404079174,106.28803198387794,9144.0
5080.0,SIA915,4.085602207133717,108.54182614463183,9144.0
5080.0,SIA939,1.2435039279325406,104.33655277874911,9144.0
5080.0,SJX731,12.806936818682496,112.19020955210257,9144.0
5080.0,TGW139,13.60589847591772,109.76794286224535,9144.0
5080.0,TGW281,1.374576273601945,103.98825028938549,9144.0
5080.0,SIA883,8.120430404079174,106.28803198387794,9144.0
5080.0,SIA915,4.085602207133717,108.54182614463183,9144.0
5080.0,SIA939,1.2435039279325406,104.33655277874911,9144.0
5080.0,SJX731,12.806936818682496,112.19020955210257,9144.0
5080.0,TGW139,13.60589847591772,109.76794286224535,9144.0
5080.0,TGW281,1.374576273601945,103.98825028938549,9144.0
5090.0,SIA883,8.092189304225121,106.26954844110656,9144.0
5090.0,SIA915,4.064626246523616,108.51472126582105,9144.0
5090.0,SIA939,1.254298323232848,104.32079392143594,9144.0
5090.0,SJX731,12.779829916925788,112.17056290398627,9144.0
5090.0,TGW139,13.57705771396797,109.74976681032472,9144.0
5090.0,TGW281,1.3668239008017273,103.98059558585115,9144.0
5090.0,SIA883,8.092189304225121,106.26954844110656,9144.0
5090.0,SIA915,4.064626246523616,108.51472126582105,9144.0
5090.0,SIA939,1.254298323232848,104.32079392143594,9144.0
5090.0,SJX731,12.779829916925788,112.17056290398627,9144.0
5090.0,TGW139,13.57705771396797,109.74976681032472,9144.0
5090.0,TGW281,1.3668239008017273,103.98059558585115,9144.0
5100.0,SIA883,8.063947234064841,106.25106770388714,9144.0
5100.0,SIA915,4.0435448542699,108.48748381748246,9144.0
5100.0,SIA939,1.2649399781968118,104.30525771652215,9144.0
5100.0,SJX731,12.75271197627716,112.15093438489122,9144.0
5100.0,TGW139,13.548429256725365,109.73124118748245,9144.0
5100.0,TGW281,1.3623298292183155,103.97051065370798,9144.0
5100.0,SIA883,8.063947234064841,106.25106770388714,9144.0
5100.0,SIA915,4.0435448542699,108.48748381748246,9144.0
5100.0,SIA939,1.2649399781968118,104.30525771652215,9144.0
5100.0,SJX731,12.75271197627716,112.15093438489122,9144.0
5100.0,TGW139,13.548429256725365,109.73124118748245,9144.0
5100.0,TGW281,1.3623298292183155,103.97051065370798,9144.0
5110.0,SIA883,8.035731530563893,106.23254721930141,9144.0
5110.0,SIA915,4.022481520953251,108.46023303791442,9144.0
5110.0,SIA939,1.2756485745733401,104.28976753449744,9144.0
5110.0,SJX731,12.725685925169673,112.13137823102954,9144.0
5110.0,TGW139,13.519798818879512,109.712721031234,9144.0
5110.0,TGW281,1.3618140216966035,103.95948125216822,9144.0
5110.0,SIA883,8.035731530563893,106.23254721930141,9144.0
5110.0,SIA915,4.022481520953251,108.46023303791442,9144.0
5110.0,SIA939,1.2756485745733401,104.28976753449744,9144.0
5110.0,SJX731,12.725685925169673,112.13137823102954,9144.0
5110.0,TGW139,13.519798818879512,109.712721031234,9144.0
5110.0,TGW281,1.3618140216966035,103.95948125216822,9144.0
5120.0,SIA883,8.007658408014379,106.21412348809424,9144.0
5120.0,SIA915,4.001416864325033,108.4329839889409,9144.0
5120.0,SIA939,1.2895769626615545,104.27679619255862,9144.0
5120.0,SJX731,12.698700653018294,112.1117650656033,9144.0
5120.0,TGW139,13.491106623175266,109.69430446802929,9144.0
5120.0,TGW281,1.365347251123002,103.94902068515995,9144.0
5120.0,SIA883,8.007658408014379,106.21412348809424,9144.0
5120.0,SIA915,4.001416864325033,108.4329839889409,9144.0
5120.0,SIA939,1.2895769626615545,104.27679619255862,9144.0
5120.0,SJX731,12.698700653018294,112.1117650656033,9144.0
5120.0,TGW139,13.491106623175266,109.69430446802929,9144.0
5120.0,TGW281,1.365347251123002,103.94902068515995,9144.0
5130.0,SIA883,7.97958442710466,106.19570235831151,9144.0
5130.0,SIA915,3.9803779236864045,108.40571568123691,9144.0
5130.0,SIA939,1.305962013669636,104.26711377102369,9144.0
5130.0,SJX731,12.67171367901361,112.09215643984395,9144.0
5130.0,TGW139,13.462460885957107,109.67592403149112,9144.0
5130.0,TGW281,1.3724447303737648,103.94056421666926,9144.0
5130.0,SIA883,7.97958442710466,106.19570235831151,9144.0
5130.0,SIA915,3.9803779236864045,108.40571568123691,9144.0
5130.0,SIA939,1.305962013669636,104.26711377102369,9144.0
5130.0,SJX731,12.67171367901361,112.09215643984395,9144.0
5130.0,TGW139,13.462460885957107,109.67592403149112,9144.0
5130.0,TGW281,1.3724447303737648,103.94056421666926,9144.0
5140.0,SIA883,7.951509571875072,106.17728385015167,9144.0
5140.0,SIA915,3.959337871134022,108.37844893050551,9144.0
5140.0,SIA939,1.3246931881248412,104.26078834362559,9144.0
5140.0,SJX731,12.644673899463122,112.07262645768793,9144.0
5140.0,TGW139,13.433802431296495,109.65756676313183,9144.0
5140.0,TGW281,1.382132628956561,103.93527215075066,9144.0
5140.0,SIA883,7.951509571875072,106.17728385015167,9144.0
5140.0,SIA915,3.959337871134022,108.37844893050551,9144.0
5140.0,SIA939,1.3246931881248412,104.26078834362559,9144.0
5140.0,SJX731,12.644673899463122,112.07262645768793,9144.0
5140.0,TGW139,13.433802431296495,109.65756676313183,9144.0
5140.0,TGW281,1.382132628956561,103.93527215075066,9144.0
5150.0,SIA883,7.923433790853233,106.15886803900979,9144.0
5150.0,SIA915,3.9382960943112266,108.35118420794025,9144.0
5150.0,SIA939,1.3443265482738662,104.25846871539565,9144.0
5150.0,SJX731,12.6177262533281,112.05316869099921,9144.0
5150.0,TGW139,13.405238913702982,109.63927639117539,9144.0
5150.0,TGW281,1.3930816902841987,103.93387062874673,9144.0
5150.0,SIA883,7.923433790853233,106.15886803900979,9144.0
5150.0,SIA915,3.9382960943112266,108.35118420794025,9144.0
5150.0,SIA939,1.3443265482738662,104.25846871539565,9144.0
5150.0,SJX731,12.6177262533281,112.05316869099921,9144.0
5150.0,TGW139,13.405238913702982,109.63927639117539,9144.0
5150.0,TGW281,1.3930816902841987,103.93387062874673,9144.0
5160.0,SIA883,7.895355450245041,106.14045745977374,9144.0
5160.0,SIA915,3.9172287910666883,108.32393998599179,9144.0
5160.0,SIA939,1.3644894494402309,104.26020033599852,9144.0
5160.0,SJX731,12.590785663028855,112.03370271360357,9144.0
5160.0,TGW139,13.376676025654367,109.62098715097517,9144.0
5160.0,TGW281,1.4037896162299022,103.93655198733163,9144.0
5160.0,SIA883,7.895355450245041,106.14045745977374,9144.0
5160.0,SIA915,3.9172287910666883,108.32393998599179,9144.0
5160.0,SIA939,1.3644894494402309,104.26020033599852,9144.0
5160.0,SJX731,12.590785663028855,112.03370271360357,9144.0
5160.0,TGW139,13.376676025654367,109.62098715097517,9144.0
5160.0,TGW281,1.4037896162299022,103.93655198733163,9144.0
5170.0,SIA883,7.8672885756650235,106.12203031901905,9144.0
5170.0,SIA915,3.896090702692765,108.29660822542598,9144.0
5170.0,SIA939,1.3840232971657456,104.26597881152178,9144.0
5170.0,SJX731,12.563843528270136,112.0142410224399,9144.0
5170.0,TGW139,13.348111558856102,109.60270268149782,9144.0
5170.0,TGW281,1.4127871943554067,103.94294835391142,9144.0
5170.0,SIA883,7.8672885756650235,106.12203031901905,9144.0
5170.0,SIA915,3.896090702692765,108.29660822542598,9144.0
5170.0,SIA939,1.3840232971657456,104.26597881152178,9144.0
5170.0,SJX731,12.563843528270136,112.0142410224399,9144.0
5170.0,TGW139,13.348111558856102,109.60270268149782,9144.0
5170.0,TGW281,1.4127871943554067,103.94294835391142,9144.0
5180.0,SIA883,7.839077304958275,106.10351181251485,9144.0
5180.0,SIA915,3.874752695114304,108.26943366740271,9144.0
5180.0,SIA939,1.4025751492828398,104.27439390012168,9144.0
5180.0,SJX731,12.536899664786445,111.99478388060719,9144.0
5180.0,TGW139,13.319558875423748,109.58440094348819,9144.0
5180.0,SIA883,7.839077304958275,106.10351181251485,9144.0
5180.0,SIA915,3.874752695114304,108.26943366740271,9144.0
5180.0,SIA939,1.4025751492828398,104.27439390012168,9144.0
5180.0,SJX731,12.536899664786445,111.99478388060719,9144.0
5180.0,TGW139,13.319558875423748,109.58440094348819,9144.0
5190.0,SIA883,7.81084877164677,106.08502138212306,9144.0
5190.0,SIA915,3.8534833613640704,108.24234966163526,9144.0
5190.0,SIA939,1.4222513282326419,104.27883330141734,9144.0
5190.0,SJX731,12.509964941052141,111.9753154961651,9144.0
5190.0,TGW139,13.29105302192613,109.56613485638472,9144.0
5190.0,SIA883,7.81084877164677,106.08502138212306,9144.0
5190.0,SIA915,3.8534833613640704,108.24234966163526,9144.0
5190.0,SIA939,1.4222513282326419,104.27883330141734,9144.0
5190.0,SJX731,12.509964941052141,111.9753154961651,9144.0
5190.0,TGW139,13.29105302192613,109.56613485638472,9144.0
5200.0,SIA883,7.782571531239757,106.06650236372532,9144.0
5200.0,SIA915,3.8322572004240416,108.21523232874142,9144.0
5200.0,SIA939,1.4423521542276414,104.27918073175448,9144.0
5200.0,SJX731,12.483028508677847,111.9558516204013,9144.0
5200.0,TGW139,13.262502393917847,109.5479448897212,9144.0
5200.0,SIA883,7.782571531239757,106.06650236372532,9144.0
5200.0,SIA915,3.8322572004240416,108.21523232874142,9144.0
5200.0,SIA939,1.4423521542276414,104.27918073175448,9144.0
5200.0,SJX731,12.483028508677847,111.9558516204013,9144.0
5200.0,TGW139,13.262502393917847,109.5479448897212,9144.0
5210.0,SIA883,7.75429383162326,106.04798530641041,9144.0
5210.0,SIA915,3.8109601676983655,108.18802753370393,9144.0
5210.0,SIA939,1.4623493680616118,104.27711238407962,9144.0
5210.0,SJX731,12.456079200992118,111.93640847222011,9144.0
5210.0,TGW139,13.234095790354138,109.52985213237373,9144.0
5210.0,SIA883,7.75429383162326,106.04798530641041,9144.0
5210.0,SIA915,3.8109601676983655,108.18802753370393,9144.0
5210.0,SIA939,1.4623493680616118,104.27711238407962,9144.0
5210.0,SJX731,12.456079200992118,111.93640847222011,9144.0
5210.0,TGW139,13.234095790354138,109.52985213237373,9144.0
5220.0,SIA883,7.725967539703314,106.02943954892177,9144.0
5220.0,SIA915,3.7896807981852536,108.16080953060191,9144.0
5220.0,SIA939,1.4823496604800346,104.27915074634201,9144.0
5220.0,SJX731,12.429222152330965,111.91703752506946,9144.0
5220.0,TGW139,13.205684544980775,109.51176917480676,9144.0
5220.0,SIA883,7.725967539703314,106.02943954892177,9144.0
5220.0,SIA915,3.7896807981852536,108.16080953060191,9144.0
5220.0,SIA939,1.4823496604800346,104.27915074634201,9144.0
5220.0,SJX731,12.429222152330965,111.91703752506946,9144.0
5220.0,TGW139,13.205684544980775,109.51176917480676,9144.0
5230.0,SIA883,7.697640375312253,106.01089639011698,9144.0
5230.0,SIA915,3.7682612404521905,108.13341525047812,9144.0
5230.0,SIA939,1.5022268119635878,104.2810788021984,9144.0
5230.0,SJX731,12.402356989221209,111.89768037842775,9144.0
5230.0,TGW139,13.177336882240574,109.49358334979718,9144.0
5230.0,SIA883,7.697640375312253,106.01089639011698,9144.0
5230.0,SIA915,3.7682612404521905,108.13341525047812,9144.0
5230.0,SIA939,1.5022268119635878,104.2810788021984,9144.0
5230.0,SJX731,12.402356989221209,111.89768037842775,9144.0
5230.0,TGW139,13.177336882240574,109.49358334979718,9144.0
5240.0,SIA883,7.669312235522283,105.99235598541566,9144.0
5240.0,SIA915,3.74692877493409,108.10595347302575,9144.0
5240.0,SIA939,1.5223031271098364,104.28302621259196,9144.0
5240.0,SJX731,12.375443188248711,111.87829375601656,9144.0
5240.0,TGW139,13.148986196190172,109.47540460053429,9144.0
5240.0,SIA883,7.669312235522283,105.99235598541566,9144.0
5240.0,SIA915,3.74692877493409,108.10595347302575,9144.0
5240.0,SIA939,1.5223031271098364,104.28302621259196,9144.0
5240.0,SJX731,12.375443188248711,111.87829375601656,9144.0
5240.0,TGW139,13.148986196190172,109.47540460053429,9144.0
5250.0,SIA883,7.640969724315068,105.97383918753016,9144.0
5250.0,SIA915,3.7255606099509686,108.07844874738235,9144.0
5250.0,SIA939,1.5424709347087733,104.28269792107442,9144.0
5250.0,SJX731,12.348543510845188,111.85888859548093,9144.0
5250.0,TGW139,13.120581497387017,109.45731707960162,9144.0
5250.0,SIA883,7.640969724315068,105.97383918753016,9144.0
5250.0,SIA915,3.7255606099509686,108.07844874738235,9144.0
5250.0,SIA939,1.5424709347087733,104.28269792107442,9144.0
5250.0,SJX731,12.348543510845188,111.85888859548093,9144.0
5250.0,TGW139,13.120581497387017,109.45731707960162,9144.0
5260.0,SIA883,7.612578558835133,105.95529384829894,9144.0
5260.0,SIA915,3.7041783299504587,108.0509557060801,9144.0
5260.0,SIA939,1.562086538273685,104.27829265660768,9144.0
5260.0,SJX731,12.32159526476927,111.83945392692196,9144.0
5260.0,TGW139,13.092126271456776,109.43920407237903,9144.0
5260.0,SIA883,7.612578558835133,105.95529384829894,9144.0
5260.0,SIA915,3.7041783299504587,108.0509557060801,9144.0
5260.0,SIA939,1.562086538273685,104.27829265660768,9144.0
5260.0,SJX731,12.32159526476927,111.83945392692196,9144.0
5260.0,TGW139,13.092126271456776,109.43920407237903,9144.0
5270.0,SIA883,7.584198791193693,105.93673198694901,9144.0
5270.0,SIA915,3.6828641572100516,108.02355316787583,9144.0
5270.0,SIA939,1.5801326904127202,104.27005347960839,9144.0
5270.0,SJX731,12.29476357314743,111.81985302936725,9144.0
5270.0,TGW139,13.063735177994506,109.42098739053365,9144.0
5270.0,SIA883,7.584198791193693,105.93673198694901,9144.0
5270.0,SIA915,3.6828641572100516,108.02355316787583,9144.0
5270.0,SIA939,1.5801326904127202,104.27005347960839,9144.0
5270.0,SJX731,12.29476357314743,111.81985302936725,9144.0
5270.0,TGW139,13.063735177994506,109.42098739053365,9144.0
5280.0,SIA883,7.555865956015984,105.91820379234777,9144.0
5280.0,SIA915,3.6607561343124093,107.99679031869613,9144.0
5280.0,SIA939,1.5956615051029834,104.25847514661285,9144.0
5280.0,SJX731,12.267930244697277,111.8002564771307,9144.0
5280.0,TGW139,13.035294163033393,109.40274428287752,9144.0
5280.0,SIA883,7.555865956015984,105.91820379234777,9144.0
5280.0,SIA915,3.6607561343124093,107.99679031869613,9144.0
5280.0,SIA939,1.5956615051029834,104.25847514661285,9144.0
5280.0,SJX731,12.267930244697277,111.8002564771307,9144.0
5280.0,TGW139,13.035294163033393,109.40274428287752,9144.0
5290.0,SIA883,7.527532331872999,105.89967803842346,9144.0
5290.0,SIA915,3.6387909838402037,107.97020305819784,9144.0
5290.0,SIA939,1.6084023568316972,104.24388280661515,9144.0
5290.0,SJX731,12.24108630924663,111.78067713716504,9144.0
5290.0,TGW139,13.00681187868532,109.38457122785825,9144.0
5290.0,SIA883,7.527532331872999,105.89967803842346,9144.0
5290.0,SIA915,3.6387909838402037,107.97020305819784,9144.0
5290.0,SIA939,1.6084023568316972,104.24388280661515,9144.0
5290.0,SJX731,12.24108630924663,111.78067713716504,9144.0
5290.0,TGW139,13.00681187868532,109.38457122785825,9144.0
5300.0,SIA883,7.499197921470438,105.88115471626553,9144.0
5300.0,SIA915,3.6168243375877194,107.9436176847489,9144.0
5300.0,SIA939,1.6176024645079543,104.2271399587704,9144.0
5300.0,SJX731,12.214240753065733,111.76110211181775,9144.0
5300.0,TGW139,12.978231292452618,109.36634092980228,9144.0
5300.0,SIA883,7.499197921470438,105.88115471626553,9144.0
5300.0,SIA915,3.6168243375877194,107.9436176847489,9144.0
5300.0,SIA939,1.6176024645079543,104.2271399587704,9144.0
5300.0,SJX731,12.214240753065733,111.76110211181775,9144.0
5300.0,TGW139,12.978231292452618,109.36634092980228,9144.0
5310.0,SIA883,7.470862727466992,105.86263381703812,9144.0
5310.0,SIA915,3.5926921144903674,107.91899005021672,9144.0
5310.0,SIA939,1.6226491331493658,104.20948654715338,9144.0
5310.0,SJX731,12.187345858306172,111.74160009436189,9144.0
5310.0,TGW139,12.949668592807342,109.34808322905093,9144.0
5310.0,SIA883,7.470862727466992,105.86263381703812,9144.0
5310.0,SIA915,3.5926921144903674,107.91899005021672,9144.0
5310.0,SIA939,1.6226491331493658,104.20948654715338,9144.0
5310.0,SJX731,12.187345858306172,111.74160009436189,9144.0
5310.0,TGW139,12.949668592807342,109.34808322905093,9144.0
5320.0,SIA883,7.442526752465116,105.84411533199449,9144.0
5320.0,SIA915,3.5685192550324887,107.89432377794452,9144.0
5320.0,SIA939,1.6283233604268659,104.19252707335258,9144.0
5320.0,SJX731,12.160449381172867,111.72210233577994,9144.0
5320.0,TGW139,12.92105607805004,109.3297991593382,9144.0
5320.0,SIA883,7.442526752465116,105.84411533199449,9144.0
5320.0,SIA915,3.5685192550324887,107.89432377794452,9144.0
5320.0,SIA939,1.6283233604268659,104.19252707335258,9144.0
5320.0,SJX731,12.160449381172867,111.72210233577994,9144.0
5320.0,TGW139,12.92105607805004,109.3297991593382,9144.0
5330.0,SIA883,7.414189998999141,105.82559925249546,9144.0
5330.0,SIA915,3.545287606009776,107.86876632884633,9144.0
5330.0,SIA939,1.6302837631405003,104.17550970040021,9144.0
5330.0,SJX731,12.133548914327998,111.7026123073716,9144.0
5330.0,TGW139,12.892408853857493,109.31157447745528,9144.0
5330.0,SIA883,7.414189998999141,105.82559925249546,9144.0
5330.0,SIA915,3.545287606009776,107.86876632884633,9144.0
5330.0,SIA939,1.6302837631405003,104.17550970040021,9144.0
5330.0,SJX731,12.133548914327998,111.7026123073716,9144.0
5330.0,TGW139,12.892408853857493,109.31157447745528,9144.0
5340.0,SIA883,7.385852469519665,105.80708557003379,9144.0
5340.0,SIA915,3.522092881256957,107.84325232312074,9144.0
5340.0,SIA939,1.6305935658290012,104.15928147010233,9144.0
5340.0,SJX731,12.106662590410227,111.68310383843448,9144.0
5340.0,TGW139,12.86376021274966,109.2933542227102,9144.0
5340.0,SIA883,7.385852469519665,105.80708557003379,9144.0
5340.0,SIA915,3.522092881256957,107.84325232312074,9144.0
5340.0,SIA939,1.6305935658290012,104.15928147010233,9144.0
5340.0,SJX731,12.106662590410227,111.68310383843448,9144.0
5340.0,TGW139,12.86376021274966,109.2933542227102,9144.0
5350.0,SIA883,7.357514166372657,105.78857427626663,9144.0
5350.0,SIA915,3.498670487914941,107.81794858992139,9144.0
5350.0,SIA939,1.6268158582939412,104.14421382655279,9144.0
5350.0,SJX731,12.079727811867876,111.66356574473046,9144.0
5350.0,TGW139,12.835109012714756,109.27514027968435,9144.0
5350.0,SIA883,7.357514166372657,105.78857427626663,9144.0
5350.0,SIA915,3.498670487914941,107.81794858992139,9144.0
5350.0,SIA939,1.6268158582939412,104.14421382655279,9144.0
5350.0,SJX731,12.079727811867876,111.66356574473046,9144.0
5350.0,TGW139,12.835109012714756,109.27514027968435,9144.0
5360.0,SIA883,7.329175091770829,105.77006536306016,9144.0
5360.0,SIA915,3.4752089957672143,107.79260468490826,9144.0
5360.0,SIA939,1.6194817303540565,104.13164794492297,9144.0
5360.0,SJX731,12.052787456284934,111.64403765694007,9144.0
5360.0,TGW139,12.806466748219494,109.25691363306026,9144.0
5360.0,SIA883,7.329175091770829,105.77006536306016,9144.0
5360.0,SIA915,3.4752089957672143,107.79260468490826,9144.0
5360.0,SIA939,1.6194817303540565,104.13164794492297,9144.0
5360.0,SJX731,12.052787456284934,111.64403765694007,9144.0
5360.0,TGW139,12.806466748219494,109.25691363306026,9144.0
5370.0,SIA883,7.300835247753326,105.75155882255231,9144.0
5370.0,SIA915,3.451746787173135,107.76726207368296,9144.0
5370.0,SIA939,1.6092351519789816,104.12213424184004,9144.0
5370.0,SJX731,12.025798687502405,111.62447995571873,9144.0
5370.0,TGW139,12.77767765356535,109.23859985513523,9144.0
5370.0,SIA883,7.300835247753326,105.75155882255231,9144.0
5370.0,SIA915,3.451746787173135,107.76726207368296,9144.0
5370.0,SIA939,1.6092351519789816,104.12213424184004,9144.0
5370.0,SJX731,12.025798687502405,111.62447995571873,9144.0
5370.0,TGW139,12.77767765356535,109.23859985513523,9144.0
5380.0,SIA883,7.272494636127113,105.73305464724407,9144.0
5380.0,SIA915,3.4282838583440247,107.74192075550945,9144.0
5380.0,SIA939,1.5985528168644745,104.1131130122391,9144.0
5380.0,SJX731,11.998824334879851,111.60490343582279,9144.0
5380.0,TGW139,12.748888422924733,109.2202883862897,9144.0
5380.0,SIA883,7.272494636127113,105.73305464724407,9144.0
5380.0,SIA915,3.4282838583440247,107.74192075550945,9144.0
5380.0,SIA939,1.5985528168644745,104.1131130122391,9144.0
5380.0,SJX731,11.998824334879851,111.60490343582279,9144.0
5380.0,TGW139,12.748888422924733,109.2202883862897,9144.0
5390.0,SIA883,7.244153258378347,105.71455283013745,9144.0
5390.0,SIA915,3.404820200087609,107.71658073467395,9144.0
5390.0,SIA939,1.5908743736043776,104.1014263398491,9144.0
5390.0,SJX731,11.97189525075169,111.58536497000034,9144.0
5390.0,TGW139,12.720049081525815,109.20195134032676,9144.0
5390.0,SIA883,7.244153258378347,105.71455283013745,9144.0
5390.0,SIA915,3.404820200087609,107.71658073467395,9144.0
5390.0,SIA939,1.5908743736043776,104.1014263398491,9144.0
5390.0,SJX731,11.97189525075169,111.58536497000034,9144.0
5390.0,TGW139,12.720049081525815,109.20195134032676,9144.0
5400.0,SIA883,7.215811115531683,105.69605336495458,9144.0
5400.0,SIA915,3.3813557901429636,107.69124202760878,9144.0
5400.0,SIA939,1.5819724699030946,104.0907353360535,9144.0
5400.0,SJX731,11.944964442390738,111.5658309324537,9144.0
5400.0,TGW139,12.69122890144824,109.18358474402571,9144.0
5400.0,SIA883,7.215811115531683,105.69605336495458,9144.0
5400.0,SIA915,3.3813557901429636,107.69124202760878,9144.0
5400.0,SIA939,1.5819724699030946,104.0907353360535,9144.0
5400.0,SJX731,11.944964442390738,111.5658309324537,9144.0
5400.0,TGW139,12.69122890144824,109.18358474402571,9144.0
5410.0,SIA883,7.187468207912722,105.67755624650758,9144.0
5410.0,SIA915,3.357890558008577,107.66590469558066,9144.0
5410.0,SIA939,1.573206789130085,104.08020812134241,9144.0
5410.0,SJX731,11.918004694627435,111.54634058311149,9144.0
5410.0,TGW139,12.66235892230561,109.16519212494023,9144.0
5410.0,SIA883,7.187468207912722,105.67755624650758,9144.0
5410.0,SIA915,3.357890558008577,107.66590469558066,9144.0
5410.0,SIA939,1.573206789130085,104.08020812134241,9144.0
5410.0,SJX731,11.918004694627435,111.54634058311149,9144.0
5410.0,TGW139,12.66235892230561,109.16519212494023,9144.0
5420.0,SIA883,7.1591245347129275,105.65906147137605,9144.0
5420.0,SIA915,3.334423122699648,107.64057001785447,9144.0
5420.0,SIA939,1.5638348292150124,104.07021729617527,9144.0
5420.0,SJX731,11.891137016386132,111.52692234055858,9144.0
5420.0,TGW139,12.633479024096351,109.14681794974135,9144.0
5420.0,SIA883,7.1591245347129275,105.65906147137605,9144.0
5420.0,SIA915,3.334423122699648,107.64057001785447,9144.0
5420.0,SIA939,1.5638348292150124,104.07021729617527,9144.0
5420.0,SJX731,11.891137016386132,111.52692234055858,9144.0
5420.0,TGW139,12.633479024096351,109.14681794974135,9144.0
5430.0,SIA883,7.130780093097856,105.64056903929558,9144.0
5430.0,SIA915,3.3102350643710117,107.6159253854342,9144.0
5430.0,SIA939,1.5519794533560156,104.06350035261802,9144.0
5430.0,SJX731,11.8642892567813,111.50747726440763,9144.0
5430.0,TGW139,12.604694055588046,109.12850980571848,9144.0
5430.0,SIA883,7.130780093097856,105.64056903929558,9144.0
5430.0,SIA915,3.3102350643710117,107.6159253854342,9144.0
5430.0,SIA939,1.5519794533560156,104.06350035261802,9144.0
5430.0,SJX731,11.8642892567813,111.50747726440763,9144.0
5430.0,TGW139,12.604694055588046,109.12850980571848,9144.0
5440.0,SIA883,7.102434876046305,105.62207895652234,9144.0
5440.0,SIA915,3.2856516051381313,107.59088051714204,9144.0
5440.0,SIA939,1.5396857396003871,104.0574615772117,9144.0
5440.0,SJX731,11.837439851515057,111.48803647266236,9144.0
5440.0,TGW139,12.57588882601831,109.11023720429665,9144.0
5440.0,SIA883,7.102434876046305,105.62207895652234,9144.0
5440.0,SIA915,3.2856516051381313,107.59088051714204,9144.0
5440.0,SIA939,1.5396857396003871,104.0574615772117,9144.0
5440.0,SJX731,11.837439851515057,111.48803647266236,9144.0
5440.0,TGW139,12.57588882601831,109.11023720429665,9144.0
5450.0,SIA883,7.074088865416464,105.60359124662924,9144.0
5450.0,SIA915,3.2619268646276223,107.56501869940972,9144.0
5450.0,SIA939,1.5269873592726841,104.05232876862821,9144.0
5450.0,SJX731,11.81057885519253,111.4686143094759,9144.0
5450.0,TGW139,12.5471788541789,109.09203033863685,9144.0
5450.0,SIA883,7.074088865416464,105.60359124662924,9144.0
5450.0,SIA915,3.2619268646276223,107.56501869940972,9144.0
5450.0,SIA939,1.5269873592726841,104.05232876862821,9144.0
5450.0,SJX731,11.81057885519253,111.4686143094759,9144.0
5450.0,TGW139,12.5471788541789,109.09203033863685,9144.0
5460.0,SIA883,7.045741990811162,105.58510601455355,9144.0
5460.0,SIA915,3.238391483129115,107.53936523377826,9144.0
5460.0,SIA939,1.5142231083811162,104.04716941046979,9144.0
5460.0,SJX731,11.783716243136023,111.44919638030537,9144.0
5460.0,TGW139,12.518458230512861,109.07384314009347,9144.0
5460.0,SIA883,7.045741990811162,105.58510601455355,9144.0
5460.0,SIA915,3.238391483129115,107.53936523377826,9144.0
5460.0,SIA939,1.5142231083811162,104.04716941046979,9144.0
5460.0,SJX731,11.783716243136023,111.44919638030537,9144.0
5460.0,TGW139,12.518458230512861,109.07384314009347,9144.0
5470.0,SIA883,7.015907670843663,105.56917466577764,9144.0
5470.0,SIA915,3.214855446336293,107.51371296533166,9144.0
5470.0,SIA939,1.5015252626777487,104.04184863579849,9144.0
5470.0,SJX731,11.756866664899267,111.42976154702001,9144.0
5470.0,TGW139,12.48973619426369,109.05566030396508,9144.0
5470.0,SIA883,7.015907670843663,105.56917466577764,9144.0
5470.0,SIA915,3.214855446336293,107.51371296533166,9144.0
5470.0,SIA939,1.5015252626777487,104.04184863579849,9144.0
5470.0,SJX731,11.756866664899267,111.42976154702001,9144.0
5470.0,TGW139,12.48973619426369,109.05566030396508,9144.0
5480.0,SIA883,6.985922078369925,105.55316502829626,9144.0
5480.0,SIA915,3.1913187588825247,107.48806188546875,9144.0
5480.0,SIA939,1.4890896874632211,104.03663784252319,9144.0
5480.0,SJX731,11.730062485199486,111.41036468721346,9144.0
5480.0,TGW139,12.46103590906361,109.03744349181488,9144.0
5480.0,SIA883,6.985922078369925,105.55316502829626,9144.0
5480.0,SIA915,3.1913187588825247,107.48806188546875,9144.0
5480.0,SIA939,1.4890896874632211,104.03663784252319,9144.0
5480.0,SJX731,11.730062485199486,111.41036468721346,9144.0
5480.0,TGW139,12.46103590906361,109.03744349181488,9144.0
5490.0,SIA883,6.954389930082404,105.54052707532524,9144.0
5490.0,SIA915,3.1677814253933394,107.46241198559551,9144.0
5490.0,SIA939,1.4767088970937217,104.03129813026086,9144.0
5490.0,SJX731,11.703256141274316,111.39097282912685,9144.0
5490.0,TGW139,12.432285882574693,109.01920031999299,9144.0
5490.0,SIA883,6.954389930082404,105.54052707532524,9144.0
5490.0,SIA915,3.1677814253933394,107.46241198559551,9144.0
5490.0,SIA939,1.4767088970937217,104.03129813026086,9144.0
5490.0,SJX731,11.703256141274316,111.39097282912685,9144.0
5490.0,TGW139,12.432285882574693,109.01920031999299,9144.0
5500.0,SIA883,6.922963027875499,105.52793317649984,9144.0
5500.0,SIA915,3.1442434504857526,107.43676325712575,9144.0
5500.0,SIA939,1.4652758644676558,104.02647012730144,9144.0
5500.0,SJX731,11.676471709053724,111.37155129881755,9144.0
5500.0,TGW139,12.403545389280561,109.00094342035914,9144.0
5500.0,SIA883,6.922963027875499,105.52793317649984,9144.0
5500.0,SIA915,3.1442434504857526,107.43676325712575,9144.0
5500.0,SIA939,1.4652758644676558,104.02647012730144,9144.0
5500.0,SJX731,11.676471709053724,111.37155129881755,9144.0
5500.0,TGW139,12.403545389280561,109.00094342035914,9144.0
5510.0,SIA883,6.891535731432544,105.51534111274098,9144.0
5510.0,SIA915,3.120704838767506,107.41111569148177,9144.0
5510.0,SIA939,1.4549061106613446,104.02209118244016,9144.0
5510.0,SJX731,11.649732133301573,111.35216855392396,9144.0
5510.0,TGW139,12.374803559851205,108.98269073746039,9144.0
5510.0,SIA883,6.891535731432544,105.51534111274098,9144.0
5510.0,SIA915,3.120704838767506,107.41111569148177,9144.0
5510.0,SIA939,1.4549061106613446,104.02209118244016,9144.0
5510.0,SJX731,11.649732133301573,111.35216855392396,9144.0
5510.0,TGW139,12.374803559851205,108.98269073746039,9144.0
5520.0,SIA883,6.859308833021716,105.50500167212809,9144.0
5520.0,SIA915,3.0971655948362025,107.3854692800952,9144.0
5520.0,SIA939,1.4445251023119674,104.01773902281583,9144.0
5520.0,SJX731,11.62291315166684,111.33290237662689,9144.0
5520.0,TGW139,12.346060163653828,108.96444264693264,9144.0
5520.0,SIA883,6.859308833021716,105.50500167212809,9144.0
5520.0,SIA915,3.0971655948362025,107.3854692800952,9144.0
5520.0,SIA939,1.4445251023119674,104.01773902281583,9144.0
5520.0,SJX731,11.62291315166684,111.33290237662689,9144.0
5520.0,TGW139,12.346060163653828,108.96444264693264,9144.0
5530.0,SIA883,6.827135890525407,105.49468107105065,9144.0
5530.0,SIA915,3.073625723278319,107.35982401440785,9144.0
5530.0,SIA939,1.4342109213655987,104.01341492691293,9144.0
5530.0,SJX731,11.596092445810696,111.31364055377341,9144.0
5530.0,TGW139,12.31727088563101,108.94627250378734,9144.0
5530.0,SIA883,6.827135890525407,105.49468107105065,9144.0
5530.0,SIA915,3.073625723278319,107.35982401440785,9144.0
5530.0,SIA939,1.4342109213655987,104.01341492691293,9144.0
5530.0,SJX731,11.596092445810696,111.31364055377341,9144.0
5530.0,TGW139,12.31727088563101,108.94627250378734,9144.0
5540.0,SIA883,6.794213987825523,105.48712761404438,9144.0
5540.0,SIA915,3.050085228668072,107.33417988587283,9144.0
5540.0,SIA939,1.4238939678210292,104.0090974739362,9144.0
5540.0,SJX731,11.569313730943449,111.29431979399261,9144.0
5540.0,TGW139,12.288528507101173,108.92813741563856,9144.0
5540.0,SIA883,6.794213987825523,105.48712761404438,9144.0
5540.0,SIA915,3.050085228668072,107.33417988587283,9144.0
5540.0,SIA939,1.4238939678210292,104.0090974739362,9144.0
5540.0,SJX731,11.569313730943449,111.29431979399261,9144.0
5540.0,TGW139,12.288528507101173,108.92813741563856,9144.0
5550.0,SIA883,6.761402985752341,105.47960067117737,9144.0
5550.0,SIA915,3.0265441155661152,107.30853688595568,9144.0
5550.0,SIA939,1.4135840912154323,104.0047631576382,9144.0
5550.0,SJX731,11.542439420348739,111.27493562072077,9144.0
5550.0,TGW139,12.259801048965594,108.90997956221744,9144.0
5550.0,SIA883,6.761402985752341,105.47960067117737,9144.0
5550.0,SIA915,3.0265441155661152,107.30853688595568,9144.0
5550.0,SIA939,1.4135840912154323,104.0047631576382,9144.0
5550.0,SJX731,11.542439420348739,111.27493562072077,9144.0
5550.0,TGW139,12.259801048965594,108.90997956221744,9144.0
5560.0,SIA883,6.728514047414039,105.47242742229096,9144.0
5560.0,SIA915,3.0030023885180257,107.2828950061358,9144.0
5560.0,SIA939,1.4034079312517862,104.00048509809434,9144.0
5560.0,SJX731,11.515595122986642,111.25551003057326,9144.0
5560.0,TGW139,12.231072266999098,108.89182587799287,9144.0
5560.0,SIA883,6.728514047414039,105.47242742229096,9144.0
5560.0,SIA915,3.0030023885180257,107.2828950061358,9144.0
5560.0,SIA939,1.4034079312517862,104.00048509809434,9144.0
5560.0,SJX731,11.515595122986642,111.25551003057326,9144.0
5560.0,TGW139,12.231072266999098,108.89182587799287,9144.0
5570.0,SIA883,6.695680698713297,105.46526729662416,9144.0
5570.0,SIA915,2.9794600520525467,107.2572542379081,9144.0
5570.0,SIA939,1.3926977191627292,103.99598256752404,9144.0
5570.0,SJX731,11.488702310031288,111.2360547970516,9144.0
5570.0,TGW139,12.20234171992743,108.87367708919116,9144.0
5570.0,SIA883,6.695680698713297,105.46526729662416,9144.0
5570.0,SIA915,2.9794600520525467,107.2572542379081,9144.0
5570.0,SIA939,1.3926977191627292,103.99598256752404,9144.0
5570.0,SJX731,11.488702310031288,111.2360547970516,9144.0
5570.0,TGW139,12.20234171992743,108.87367708919116,9144.0
5580.0,SIA883,6.662847242674043,105.45810815042007,9144.0
5580.0,SIA915,2.955917110679527,107.23161457278484,9144.0
5580.0,SIA939,1.3819874976603341,103.99148007974198,9144.0
5580.0,SJX731,11.461757412200287,111.2166766021242,9144.0
5580.0,TGW139,12.173691106322405,108.85539848080963,9144.0
5580.0,SIA883,6.662847242674043,105.45810815042007,9144.0
5580.0,SIA915,2.955917110679527,107.23161457278484,9144.0
5580.0,SIA939,1.3819874976603341,103.99148007974198,9144.0
5580.0,SJX731,11.461757412200287,111.2166766021242,9144.0
5580.0,TGW139,12.173691106322405,108.85539848080963,9144.0
5590.0,SIA883,6.6300254985041365,105.45089525458003,9144.0
5590.0,SIA915,2.9323735688874897,107.20597600229787,9144.0
5590.0,SIA939,1.371277276157939,103.98697761218574,9144.0
5590.0,SJX731,11.434810892879256,111.19730260006158,9144.0
5590.0,TGW139,12.145087053012288,108.83715548744514,9144.0
5590.0,SIA883,6.6300254985041365,105.45089525458003,9144.0
5590.0,SIA915,2.9323735688874897,107.20597600229787,9144.0
5590.0,SIA939,1.371277276157939,103.98697761218574,9144.0
5590.0,SJX731,11.434810892879256,111.19730260006158,9144.0
5590.0,TGW139,12.145087053012288,108.83715548744514,9144.0
5600.0,SIA883,6.5970923302783815,105.4436588732514,9144.0
5600.0,SIA915,2.90882943114075,107.18033851800138,9144.0
5600.0,SJX731,11.40792153324676,111.17784795231097,9144.0
5600.0,TGW139,12.116366625321872,108.81910676053101,9144.0
5600.0,SIA883,6.5970923302783815,105.4436588732514,9144.0
5600.0,SIA915,2.90882943114075,107.18033851800138,9144.0
5600.0,SJX731,11.40792153324676,111.17784795231097,9144.0
5600.0,TGW139,12.116366625321872,108.81910676053101,9144.0
5610.0,SIA883,6.5641815983671465,105.4363202677305,9144.0
5610.0,SIA915,2.8852847018759658,107.15470211147493,9144.0
5610.0,SJX731,11.381030593810992,111.15839741706212,9144.0
5610.0,TGW139,12.087741736707843,108.80112352777894,9144.0
5610.0,SIA883,6.5641815983671465,105.4363202677305,9144.0
5610.0,SIA915,2.8852847018759658,107.15470211147493,9144.0
5610.0,SJX731,11.381030593810992,111.15839741706212,9144.0
5610.0,TGW139,12.087741736707843,108.80112352777894,9144.0
5620.0,SIA883,6.531215189344743,105.42897025567295,9144.0
5620.0,SIA915,2.861739385497973,107.12906677432744,9144.0
5620.0,SJX731,11.354094820874247,111.13901337031236,9144.0
5620.0,TGW139,12.059172586671107,108.78304975959739,9144.0
5620.0,SIA883,6.531215189344743,105.42897025567295,9144.0
5620.0,SIA915,2.861739385497973,107.12906677432744,9144.0
5620.0,SJX731,11.354094820874247,111.13901337031236,9144.0
5620.0,TGW139,12.059172586671107,108.78304975959739,9144.0
5630.0,SIA883,6.4982283663422615,105.42171410392525,9144.0
5630.0,SIA915,2.8381934863747253,107.10343249820174,9144.0
5630.0,SJX731,11.32715749504443,111.11963339608478,9144.0
5630.0,TGW139,12.030553599192189,108.76494953471989,9144.0
5630.0,SIA883,6.4982283663422615,105.42171410392525,9144.0
5630.0,SIA915,2.8381934863747253,107.10343249820174,9144.0
5630.0,SJX731,11.32715749504443,111.11963339608478,9144.0
5630.0,TGW139,12.030553599192189,108.76494953471989,9144.0
5640.0,SIA883,6.46524143747952,105.41445891426409,9144.0
5640.0,SIA915,2.8146470088310585,107.07779927478036,9144.0
5640.0,SJX731,11.300240244250872,111.10022625547681,9144.0
5640.0,TGW139,12.001910210390815,108.74689162795396,9144.0
5640.0,SIA883,6.46524143747952,105.41445891426409,9144.0
5640.0,SIA915,2.8146470088310585,107.07779927478036,9144.0
5640.0,SJX731,11.300240244250872,111.10022625547681,9144.0
5640.0,TGW139,12.001910210390815,108.74689162795396,9144.0
5650.0,SIA883,6.432254373984436,105.40720481669442,9144.0
5650.0,SIA915,2.7910999571409456,107.05216709579268,9144.0
5650.0,SJX731,11.273321465078123,111.08082313898122,9144.0
5650.0,TGW139,11.973120126778205,108.72874629298079,9144.0
5650.0,SIA883,6.432254373984436,105.40720481669442,9144.0
5650.0,SIA915,2.7910999571409456,107.05216709579268,9144.0
5650.0,SJX731,11.273321465078123,111.08082313898122,9144.0
5650.0,TGW139,11.973120126778205,108.72874629298079,9144.0
5660.0,SIA883,6.399298422905344,105.39980937357707,9144.0
5660.0,SIA915,2.7675523355177356,107.02653595302391,9144.0
5660.0,SJX731,11.246251413786082,111.06164189318189,9144.0
5660.0,TGW139,11.944364590404392,108.71054573813694,9144.0
5660.0,SIA883,6.399298422905344,105.39980937357707,9144.0
5660.0,SIA915,2.7675523355177356,107.02653595302391,9144.0
5660.0,SJX731,11.246251413786082,111.06164189318189,9144.0
5660.0,TGW139,11.944364590404392,108.71054573813694,9144.0
5670.0,SIA883,6.366342346788625,105.39241497048737,9144.0
5670.0,SIA915,2.7440041481016877,107.00090583832655,9144.0
5670.0,SJX731,11.219227062858632,111.04249799909608,9144.0
5670.0,TGW139,11.915559376180743,108.69231876197786,9144.0
5670.0,SIA883,6.366342346788625,105.39241497048737,9144.0
5670.0,SIA915,2.7440041481016877,107.00090583832655,9144.0
5670.0,SJX731,11.219227062858632,111.04249799909608,9144.0
5670.0,TGW139,11.915559376180743,108.69231876197786,9144.0
5680.0,SIA883,6.333389971138767,105.38500436354762,9144.0
5680.0,SIA915,2.720455398943787,106.97527674363535,9144.0
5680.0,SJX731,11.192148450437456,111.02343574791689,9144.0
5680.0,TGW139,11.886738124163976,108.67412021596864,9144.0
5680.0,SIA883,6.333389971138767,105.38500436354762,9144.0
5680.0,SIA915,2.720455398943787,106.97527674363535,9144.0
5680.0,SJX731,11.192148450437456,111.02343574791689,9144.0
5680.0,TGW139,11.886738124163976,108.67412021596864,9144.0
5690.0,SIA883,6.300493021434926,105.37760724887703,9144.0
5690.0,SIA915,2.69690609198435,106.94964866098698,9144.0
5690.0,SJX731,11.165021151689865,111.00434412536184,9144.0
5690.0,TGW139,11.85777064568492,108.65583435102936,9144.0
5690.0,SIA883,6.300493021434926,105.37760724887703,9144.0
5690.0,SIA915,2.69690609198435,106.94964866098698,9144.0
5690.0,SJX731,11.165021151689865,111.00434412536184,9144.0
5690.0,TGW139,11.85777064568492,108.65583435102936,9144.0
5700.0,SIA883,6.267552594038012,105.37040909682449,9144.0
5700.0,SIA915,2.6733562310241368,106.92402158254669,9144.0
5700.0,SJX731,11.13795737017375,110.98516086002307,9144.0
5700.0,TGW139,11.828817271185923,108.6375271189689,9144.0
5700.0,SIA883,6.267552594038012,105.37040909682449,9144.0
5700.0,SIA915,2.6733562310241368,106.92402158254669,9144.0
5700.0,SJX731,11.13795737017375,110.98516086002307,9144.0
5700.0,TGW139,11.828817271185923,108.6375271189689,9144.0
5710.0,SIA883,6.234612060402925,105.36321189008333,9144.0
5710.0,SIA915,2.6498058196843792,106.89839550064508,9144.0
5710.0,SJX731,11.110845047622318,110.96594806897023,9144.0
5710.0,TGW139,11.799862566456431,108.61922401801777,9144.0
5710.0,SIA883,6.234612060402925,105.36321189008333,9144.0
5710.0,SIA915,2.6498058196843792,106.89839550064508,9144.0
5710.0,SJX731,11.110845047622318,110.96594806897023,9144.0
5710.0,TGW139,11.799862566456431,108.61922401801777,9144.0
5720.0,SIA883,6.2016815144493185,105.35596903391186,9144.0
5720.0,SIA915,2.62625486134984,106.87277040783061,9144.0
5720.0,SJX731,11.083744110516863,110.94672038624984,9144.0
5720.0,TGW139,11.770270175839146,108.60202007464783,9144.0
5720.0,SIA883,6.2016815144493185,105.35596903391186,9144.0
5720.0,SIA915,2.62625486134984,106.87277040783061,9144.0
5720.0,SJX731,11.083744110516863,110.94672038624984,9144.0
5720.0,TGW139,11.770270175839146,108.60202007464783,9144.0
5730.0,SIA883,6.168750863329598,105.34872711265005,9144.0
5730.0,SIA915,2.6027033590848423,106.84714629694697,9144.0
5730.0,SJX731,11.05664176132902,110.92749654958476,9144.0
5730.0,TGW139,11.740676639012841,108.58482003746786,9144.0
5730.0,SIA883,6.168750863329598,105.34872711265005,9144.0
5730.0,SIA915,2.6027033590848423,106.84714629694697,9144.0
5730.0,SJX731,11.05664176132902,110.92749654958476,9144.0
5730.0,TGW139,11.740676639012841,108.58482003746786,9144.0
5740.0,SIA883,6.135836885252942,105.34140936392029,9144.0
5740.0,SIA915,2.5791513155040553,106.82152316125206,9144.0
5740.0,SJX731,11.029531796799224,110.90828563806816,9144.0
5740.0,TGW139,11.709792798729437,108.57017802380092,9144.0
5740.0,SIA883,6.135836885252942,105.34140936392029,9144.0
5740.0,SIA915,2.5791513155040553,106.82152316125206,9144.0
5740.0,SJX731,11.029531796799224,110.90828563806816,9144.0
5740.0,TGW139,11.709792798729437,108.57017802380092,9144.0
5750.0,SIA883,6.102867228724107,105.33408019242228,9144.0
5750.0,SIA915,2.5555987325628435,106.7959009946112,9144.0
5750.0,SJX731,11.002433954575514,110.88905875237064,9144.0
5750.0,TGW139,11.67901112867572,108.55558815980906,9144.0
5750.0,SIA883,6.102867228724107,105.33408019242228,9144.0
5750.0,SIA915,2.5555987325628435,106.7959009946112,9144.0
5750.0,SJX731,11.002433954575514,110.88905875237064,9144.0
5750.0,TGW139,11.67901112867572,108.55558815980906,9144.0
5760.0,SIA883,6.069890400639392,105.32678417465648,9144.0
5760.0,SIA915,2.5320456111930456,106.77027979183268,9144.0
5760.0,SJX731,10.975284544734109,110.8698068308829,9144.0
5760.0,TGW139,11.648228628150303,108.54100174074078,9144.0
5760.0,SIA883,6.069890400639392,105.32678417465648,9144.0
5760.0,SIA915,2.5320456111930456,106.77027979183268,9144.0
5760.0,SJX731,10.975284544734109,110.8698068308829,9144.0
5760.0,TGW139,11.648228628150303,108.54100174074078,9144.0
5770.0,SIA883,6.036913471480464,105.31948906418748,9144.0
5770.0,SIA915,2.5084919506095527,106.74465954930656,9144.0
5770.0,SJX731,10.948138829489793,110.85055127145407,9144.0
5770.0,TGW139,11.61724418789824,108.52686965398286,9144.0
5770.0,SIA883,6.036913471480464,105.31948906418748,9144.0
5770.0,SIA915,2.5084919506095527,106.74465954930656,9144.0
5770.0,SJX731,10.948138829489793,110.85055127145407,9144.0
5770.0,TGW139,11.61724418789824,108.52686965398286,9144.0
5780.0,SIA883,6.0043435636569455,105.31053438011801,9144.0
5780.0,SIA915,2.484937746807201,106.71904026638946,9144.0
5780.0,SJX731,10.92099047084571,110.83130134085312,9144.0
5780.0,TGW139,11.58631084340762,108.51276454516463,9144.0
5780.0,SIA883,6.0043435636569455,105.31053438011801,9144.0
5780.0,SIA915,2.484937746807201,106.71904026638946,9144.0
5780.0,SJX731,10.92099047084571,110.83130134085312,9144.0
5780.0,TGW139,11.58631084340762,108.51276454516463,9144.0
5790.0,SIA883,5.9717186418451,105.30156569823745,9144.0
5790.0,SIA915,2.4613829885789666,106.6934219490728,9144.0
5790.0,SJX731,10.893824564685993,110.81207886084805,9144.0
5790.0,TGW139,11.55542800027623,108.49854615943907,9144.0
5790.0,SIA883,5.9717186418451,105.30156569823745,9144.0
5790.0,SIA915,2.4613829885789666,106.6934219490728,9144.0
5790.0,SJX731,10.893824564685993,110.81207886084805,9144.0
5790.0,TGW139,11.55542800027623,108.49854615943907,9144.0
5800.0,SIA883,5.940416525575363,105.28868522110545,9144.0
5800.0,SIA915,2.4378276423624885,106.66780462394296,9144.0
5800.0,SJX731,10.866656516099278,110.79286127272738,9144.0
5800.0,TGW139,11.524596227002409,108.4843548741567,9144.0
5800.0,SIA883,5.940416525575363,105.28868522110545,9144.0
5800.0,SIA915,2.4378276423624885,106.66780462394296,9144.0
5800.0,SJX731,10.866656516099278,110.79286127272738,9144.0
5800.0,TGW139,11.524596227002409,108.4843548741567,9144.0
5810.0,SIA883,5.909108945659196,105.27551991722581,9144.0
5810.0,SIA915,2.4142714946967163,106.64218848331784,9144.0
5810.0,SJX731,10.839500525936245,110.77362776915179,9144.0
5810.0,TGW139,11.493763263252378,108.47016783775172,9144.0
5810.0,SIA883,5.909108945659196,105.27551991722581,9144.0
5810.0,SIA915,2.4142714946967163,106.64218848331784,9144.0
5810.0,SJX731,10.839500525936245,110.77362776915179,9144.0
5810.0,TGW139,11.493763263252378,108.47016783775172,9144.0
5820.0,SIA883,5.879614045017492,105.25864712760571,9144.0
5820.0,SIA915,2.3932772485268576,106.61443060938838,9144.0
5820.0,SJX731,10.812389683502037,110.75443218550824,9144.0
5820.0,TGW139,11.462924609020126,108.45599523602625,9144.0
5820.0,SIA883,5.879614045017492,105.25864712760571,9144.0
5820.0,SIA915,2.3932772485268576,106.61443060938838,9144.0
5820.0,SJX731,10.812389683502037,110.75443218550824,9144.0
5820.0,TGW139,11.462924609020126,108.45599523602625,9144.0
5830.0,SIA883,5.849937647639631,105.24152016304843,9144.0
5830.0,SIA915,2.372248403288515,106.58662877639124,9144.0
5830.0,SJX731,10.785264446037987,110.73525942278954,9144.0
5830.0,TGW139,11.431981417491203,108.44177864026763,9144.0
5830.0,SIA883,5.849937647639631,105.24152016304843,9144.0
5830.0,SIA915,2.372248403288515,106.58662877639124,9144.0
5830.0,SJX731,10.785264446037987,110.73525942278954,9144.0
5830.0,TGW139,11.431981417491203,108.44177864026763,9144.0
5840.0,SIA883,5.820260620077407,105.22439520844338,9144.0
5840.0,SIA915,2.351218816575517,106.55882792605792,9144.0
5840.0,SJX731,10.758137829042633,110.71609040947179,9144.0
5840.0,TGW139,11.401036371634413,108.42756779631378,9144.0
5840.0,SIA883,5.820260620077407,105.22439520844338,9144.0
5840.0,SIA915,2.351218816575517,106.55882792605792,9144.0
5840.0,SJX731,10.758137829042633,110.71609040947179,9144.0
5840.0,TGW139,11.401036371634413,108.42756779631378,9144.0
5850.0,SIA883,5.791296566503668,105.20607927091645,9144.0
5850.0,SIA915,2.3298225894677786,106.53130915209141,9144.0
5850.0,SJX731,10.73102601498219,110.69690143312576,9144.0
5850.0,TGW139,11.370090537369357,108.41336028445457,9144.0
5850.0,SIA883,5.791296566503668,105.20607927091645,9144.0
5850.0,SIA915,2.3298225894677786,106.53130915209141,9144.0
5850.0,SJX731,10.73102601498219,110.69690143312576,9144.0
5850.0,TGW139,11.370090537369357,108.41336028445457,9144.0
5860.0,SIA883,5.762283965159862,105.1877350180582,9144.0
5860.0,SIA915,2.308391169025771,106.50374692837262,9144.0
5860.0,SJX731,10.703912838493341,110.67771616941256,9144.0
5860.0,TGW139,11.339177504637364,108.3990802172895,9144.0
5860.0,SIA883,5.762283965159862,105.1877350180582,9144.0
5860.0,SIA915,2.308391169025771,106.50374692837262,9144.0
5860.0,SJX731,10.703912838493341,110.67771616941256,9144.0
5860.0,TGW139,11.339177504637364,108.3990802172895,9144.0
5870.0,SIA883,5.7332705912406166,105.1693929344943,9144.0
5870.0,SIA915,2.2869585073387824,106.47618608508009,9144.0
5870.0,SJX731,10.676793357317251,110.65854185067101,9144.0
5870.0,TGW139,11.308108648957202,108.38473184990127,9144.0
5870.0,SIA883,5.7332705912406166,105.1693929344943,9144.0
5870.0,SIA915,2.2869585073387824,106.47618608508009,9144.0
5870.0,SJX731,10.676793357317251,110.65854185067101,9144.0
5870.0,TGW139,11.308108648957202,108.38473184990127,9144.0
5880.0,SIA883,5.704109743213424,105.15128953842311,9144.0
5880.0,SIA915,2.265572196196394,106.44858961189502,9144.0
5880.0,SJX731,10.64962339703167,110.63944338301688,9144.0
5880.0,TGW139,11.278392611757901,108.36766333012726,9144.0
5880.0,SIA883,5.704109743213424,105.15128953842311,9144.0
5880.0,SIA915,2.265572196196394,106.44858961189502,9144.0
5880.0,SJX731,10.64962339703167,110.63944338301688,9144.0
5880.0,TGW139,11.278392611757901,108.36766333012726,9144.0
5890.0,SIA883,5.6749481809715165,105.13318822223137,9144.0
5890.0,SIA915,2.2442197280409273,106.42103845828254,9144.0
5890.0,SJX731,10.622497564899287,110.62038435947348,9144.0
5890.0,TGW139,11.24852745943419,108.3505135689246,9144.0
5890.0,SIA883,5.6749481809715165,105.13318822223137,9144.0
5890.0,SIA915,2.2442197280409273,106.42103845828254,9144.0
5890.0,SJX731,10.622497564899287,110.62038435947348,9144.0
5890.0,TGW139,11.24852745943419,108.3505135689246,9144.0
5900.0,SIA883,5.64590476245431,105.11489700891198,9144.0
5900.0,SIA915,2.2228666008813622,106.39348821666307,9144.0
5900.0,SJX731,10.595433695372716,110.60123606091263,9144.0
5900.0,TGW139,11.218916155177807,108.33291396935756,9144.0
5900.0,SIA883,5.64590476245431,105.11489700891198,9144.0
5900.0,SIA915,2.2228666008813622,106.39348821666307,9144.0
5900.0,SJX731,10.595433695372716,110.60123606091263,9144.0
5900.0,TGW139,11.218916155177807,108.33291396935756,9144.0
5910.0,SIA883,5.6168127116100015,105.096577671744,9144.0
5910.0,SIA915,2.2015120652609053,106.36593946502201,9144.0
5910.0,SJX731,10.568367513199224,110.58209283532436,9144.0
5910.0,TGW139,11.18905972432062,108.31517317691203,9144.0
5910.0,SIA883,5.6168127116100015,105.096577671744,9144.0
5910.0,SIA915,2.2015120652609053,106.36593946502201,9144.0
5910.0,SJX731,10.568367513199224,110.58209283532436,9144.0
5910.0,TGW139,11.18905972432062,108.31517317691203,9144.0
5920.0,SIA883,5.587652175017692,105.07836951556806,9144.0
5920.0,SIA915,2.1801283782763927,106.33841376134882,9144.0
5920.0,SJX731,10.541320139589036,110.56292380650564,9144.0
5920.0,TGW139,11.159201869975693,108.29743669993952,9144.0
5920.0,SIA883,5.587652175017692,105.07836951556806,9144.0
5920.0,SIA915,2.1801283782763927,106.33841376134882,9144.0
5920.0,SJX731,10.541320139589036,110.56292380650564,9144.0
5920.0,TGW139,11.159201869975693,108.29743669993952,9144.0
5930.0,SIA883,5.558442952740566,105.06013339104278,9144.0
5930.0,SIA915,2.1588131067878327,106.31097783650063,9144.0
5930.0,SJX731,10.5142707322286,110.54375942847855,9144.0
5930.0,TGW139,11.129347418356478,108.27969609429115,9144.0
5930.0,SIA883,5.558442952740566,105.06013339104278,9144.0
5930.0,SIA915,2.1588131067878327,106.31097783650063,9144.0
5930.0,SJX731,10.5142707322286,110.54375942847855,9144.0
5930.0,TGW139,11.129347418356478,108.27969609429115,9144.0
5940.0,SIA883,5.529232189978385,105.04190065980684,9144.0
5940.0,SIA915,2.1374962387085703,106.28354353676224,9144.0
5940.0,SJX731,10.487134938745283,110.52472347111684,9144.0
5940.0,TGW139,11.099637975674687,108.26204647368954,9144.0
5940.0,SIA883,5.529232189978385,105.04190065980684,9144.0
5940.0,SIA915,2.1374962387085703,106.28354353676224,9144.0
5940.0,SJX731,10.487134938745283,110.52472347111684,9144.0
5940.0,TGW139,11.099637975674687,108.26204647368954,9144.0
5950.0,SIA883,5.500020763852178,105.02366989874706,9144.0
5950.0,SIA915,2.116163277862881,106.256122145522,9144.0
5950.0,SJX731,10.45995002710756,110.50565880772857,9144.0
5950.0,TGW139,11.069923801048143,108.24440691984174,9144.0
5950.0,SIA883,5.500020763852178,105.02366989874706,9144.0
5950.0,SIA915,2.116163277862881,106.256122145522,9144.0
5950.0,SJX731,10.45995002710756,110.50565880772857,9144.0
5950.0,TGW139,11.069923801048143,108.24440691984174,9144.0
5960.0,SIA883,5.4699785160684105,105.00685780448701,9144.0
5960.0,SIA915,2.0948637415686133,106.2287464994322,9144.0
5960.0,SJX731,10.432844739020622,110.48647894003875,9144.0
5960.0,TGW139,11.0403549755571,108.22685835522995,9144.0
5960.0,SIA883,5.4699785160684105,105.00685780448701,9144.0
5960.0,SIA915,2.0948637415686133,106.2287464994322,9144.0
5960.0,SJX731,10.432844739020622,110.48647894003875,9144.0
5960.0,TGW139,11.0403549755571,108.22685835522995,9144.0
5970.0,SIA883,5.438104523521107,104.9937392206873,9144.0
5970.0,SIA915,2.0733545036070162,106.20153590065394,9144.0
5970.0,SJX731,10.405690569790108,110.46727006839937,9144.0
5970.0,TGW139,11.01081513674305,108.20926095522411,9144.0
5970.0,SIA883,5.438104523521107,104.9937392206873,9144.0
5970.0,SIA915,2.0733545036070162,106.20153590065394,9144.0
5970.0,SJX731,10.405690569790108,110.46727006839937,9144.0
5970.0,TGW139,11.01081513674305,108.20926095522411,9144.0
5980.0,SIA883,5.405488354141284,104.9829714398524,9144.0
5980.0,SIA915,2.0518097623052203,106.1742819299091,9144.0
5980.0,SJX731,10.378501009448218,110.44811468443461,9144.0
5980.0,TGW139,10.981274091068325,108.19166742064814,9144.0
5980.0,SIA883,5.405488354141284,104.9829714398524,9144.0
5980.0,SIA915,2.0518097623052203,106.1742819299091,9144.0
5980.0,SJX731,10.378501009448218,110.44811468443461,9144.0
5980.0,TGW139,10.981274091068325,108.19166742064814,9144.0
5990.0,SIA883,5.372871988073818,104.97220483835919,9144.0
5990.0,SIA915,2.0302642352597213,106.14702894635161,9144.0
5990.0,SJX731,10.351309815631014,110.42896335947033,9144.0
5990.0,TGW139,10.951767337558907,108.17401603583818,9144.0
5990.0,SIA883,5.372871988073818,104.97220483835919,9144.0
5990.0,SIA915,2.0302642352597213,106.14702894635161,9144.0
5990.0,SJX731,10.351309815631014,110.42896335947033,9144.0
5990.0,TGW139,10.951767337558907,108.17401603583818,9144.0
6000.0,SIA883,5.340255413749819,104.96143944799056,9144.0
6000.0,SIA915,2.0084726982843217,106.11997287987678,9144.0
6000.0,SJX731,10.324103079985107,110.40983651401811,9144.0
6000.0,TGW139,10.922259451536917,108.15636837160571,9144.0
6000.0,SIA883,5.340255413749819,104.96143944799056,9144.0
6000.0,SIA915,2.0084726982843217,106.11997287987678,9144.0
6000.0,SJX731,10.324103079985107,110.40983651401811,9144.0
6000.0,TGW139,10.922259451536917,108.15636837160571,9144.0
6010.0,SIA883,5.308066899793121,104.9494452225343,9144.0
6010.0,SIA915,1.9866452938431454,106.09287377813418,9144.0
6010.0,SJX731,10.296894802864456,110.3907135862611,9144.0
6010.0,TGW139,10.893327759511351,108.13775925836583,9144.0
6010.0,SIA883,5.308066899793121,104.9494452225343,9144.0
6010.0,SIA915,1.9866452938431454,106.09287377813418,9144.0
6010.0,SJX731,10.296894802864456,110.3907135862611,9144.0
6010.0,TGW139,10.893327759511351,108.13775925836583,9144.0
6020.0,SIA883,5.27598420908511,104.93749184159324,9144.0
6020.0,SIA915,1.9648170031254113,106.06577574727541,9144.0
6020.0,SJX731,10.26974096990728,110.37151253561292,9144.0
6020.0,TGW139,10.864346963071835,108.11912321026412,9144.0
6020.0,SIA883,5.27598420908511,104.93749184159324,9144.0
6020.0,SIA915,1.9648170031254113,106.06577574727541,9144.0
6020.0,SJX731,10.26974096990728,110.37151253561292,9144.0
6020.0,TGW139,10.864346963071835,108.11912321026412,9144.0
6030.0,SIA883,5.243719376922419,104.92604415925781,9144.0
6030.0,SIA915,1.9427171093167828,106.03889937856725,9144.0
6030.0,SJX731,10.242585590070483,110.35231539090805,9144.0
6030.0,TGW139,10.835364260680597,108.1004920420257,9144.0
6030.0,SIA883,5.243719376922419,104.92604415925781,9144.0
6030.0,SIA915,1.9427171093167828,106.03889937856725,9144.0
6030.0,SJX731,10.242585590070483,110.35231539090805,9144.0
6030.0,TGW139,10.835364260680597,108.1004920420257,9144.0
6040.0,SIA883,5.211561135946536,104.9146356064166,9144.0
6040.0,SIA915,1.9176391284032543,106.01486306301787,9144.0
6040.0,SJX731,10.21535849749994,110.33322506336522,9144.0
6040.0,TGW139,10.807601134136638,108.08002783008442,9144.0
6040.0,SIA883,5.211561135946536,104.9146356064166,9144.0
6040.0,SIA915,1.9176391284032543,106.01486306301787,9144.0
6040.0,SJX731,10.21535849749994,110.33322506336522,9144.0
6040.0,TGW139,10.807601134136638,108.08002783008442,9144.0
6050.0,SIA883,5.179437774376632,104.90312898507769,9144.0
6050.0,SIA915,1.8923937698495936,105.99100315240624,9144.0
6050.0,SJX731,10.1880827682524,110.31410544518937,9144.0
6050.0,TGW139,10.779790161275566,108.05953461338477,9144.0
6050.0,SIA883,5.179437774376632,104.90312898507769,9144.0
6050.0,SIA915,1.8923937698495936,105.99100315240624,9144.0
6050.0,SJX731,10.1880827682524,110.31410544518937,9144.0
6050.0,TGW139,10.779790161275566,108.05953461338477,9144.0
6060.0,SIA883,5.1473675892816955,104.89164270772399,9144.0
6060.0,SIA915,1.867147943688994,105.96714408213731,9144.0
6060.0,SJX731,10.160910776452114,110.29483559113916,9144.0
6060.0,TGW139,10.751355448768296,108.03995030524615,9144.0
6060.0,SIA883,5.1473675892816955,104.89164270772399,9144.0
6060.0,SIA915,1.867147943688994,105.96714408213731,9144.0
6060.0,SJX731,10.160910776452114,110.29483559113916,9144.0
6060.0,TGW139,10.751355448768296,108.03995030524615,9144.0
6070.0,SIA883,5.1152741886531,104.88022256029035,9144.0
6070.0,SIA915,1.841395726300084,105.9438334190518,9144.0
6070.0,SJX731,10.133737351509087,110.27556945846375,9144.0
6070.0,TGW139,10.722872205919398,108.02033819234576,9144.0
6070.0,SIA883,5.1152741886531,104.88022256029035,9144.0
6070.0,SIA915,1.841395726300084,105.9438334190518,9144.0
6070.0,SJX731,10.133737351509087,110.27556945846375,9144.0
6070.0,TGW139,10.722872205919398,108.02033819234576,9144.0
6080.0,SIA883,5.08318057276134,104.86880359343859,9144.0
6080.0,SIA915,1.8157266630554139,105.92059913101764,9144.0
6080.0,SJX731,10.10657241017104,110.2562926153121,9144.0
6080.0,TGW139,10.694681861390352,108.0002943640996,9144.0
6080.0,SIA883,5.08318057276134,104.86880359343859,9144.0
6080.0,SIA915,1.8157266630554139,105.92059913101764,9144.0
6080.0,SJX731,10.10657241017104,110.2562926153121,9144.0
6080.0,TGW139,10.694681861390352,108.0002943640996,9144.0
6090.0,SIA883,5.0510902825296515,104.85737577759915,9144.0
6090.0,SIA915,1.7900737161919344,105.89734735994963,9144.0
6090.0,SJX731,10.07945306165851,110.23705276546515,9144.0
6090.0,TGW139,10.66639724408523,107.98018905349308,9144.0
6090.0,SIA883,5.0510902825296515,104.85737577759915,9144.0
6090.0,SIA915,1.7900737161919344,105.89734735994963,9144.0
6090.0,SJX731,10.07945306165851,110.23705276546515,9144.0
6090.0,TGW139,10.66639724408523,107.98018905349308,9144.0
6100.0,SIA883,5.018999780607119,104.84594912474442,9144.0
6100.0,SIA915,1.764587688240846,105.87424794071455,9144.0
6100.0,SJX731,10.052291517468973,110.21787603129849,9144.0
6100.0,TGW139,10.638060969892178,107.96016106638587,9144.0
6100.0,SIA883,5.018999780607119,104.84594912474442,9144.0
6100.0,SIA915,1.764587688240846,105.87424794071455,9144.0
6100.0,SJX731,10.052291517468973,110.21787603129849,9144.0
6100.0,TGW139,10.638060969892178,107.96016106638587,9144.0
6110.0,SIA883,4.9869085598258325,104.83452506665054,9144.0
6110.0,SIA915,1.7392989715475522,105.8509327862245,9144.0
6110.0,SJX731,10.025128612153082,110.19870289488786,9144.0
6110.0,TGW139,10.609676729366596,107.9401045885798,9144.0
6110.0,SIA883,4.9869085598258325,104.83452506665054,9144.0
6110.0,SIA915,1.7392989715475522,105.8509327862245,9144.0
6110.0,SJX731,10.025128612153082,110.19870289488786,9144.0
6110.0,TGW139,10.609676729366596,107.9401045885798,9144.0
6120.0,SIA883,4.954848937477884,104.82301252121634,9144.0
6120.0,SIA915,1.7142596684760814,105.82784860240577,9144.0
6120.0,SJX731,9.997966151050178,110.17953071410149,9144.0
6120.0,TGW139,10.581224569840671,107.92014982489465,9144.0
6120.0,SIA883,4.954848937477884,104.82301252121634,9144.0
6120.0,SIA915,1.7142596684760814,105.82784860240577,9144.0
6120.0,SJX731,9.997966151050178,110.17953071410149,9144.0
6120.0,TGW139,10.581224569840671,107.92014982489465,9144.0
6130.0,SIA883,4.922735408194149,104.81148282937743,9144.0
6130.0,SIA915,1.6892374744776457,105.80474615739647,9144.0
6130.0,SJX731,9.970802469470385,110.16036191624971,9144.0
6130.0,TGW139,10.552770855636316,107.90019920382589,9144.0
6130.0,SIA883,4.922735408194149,104.81148282937743,9144.0
6130.0,SIA915,1.6892374744776457,105.80474615739647,9144.0
6130.0,SJX731,9.970802469470385,110.16036191624971,9144.0
6130.0,TGW139,10.552770855636316,107.90019920382589,9144.0
6140.0,SIA883,4.8905812958161565,104.80006820232524,9144.0
6140.0,SIA915,1.6644236687700944,105.78183708322665,9144.0
6140.0,SJX731,9.943637310589558,110.1411968720069,9144.0
6140.0,TGW139,10.524359406466578,107.88018820158754,9144.0
6140.0,SIA883,4.8905812958161565,104.80006820232524,9144.0
6140.0,SIA915,1.6644236687700944,105.78183708322665,9144.0
6140.0,SJX731,9.943637310589558,110.1411968720069,9144.0
6140.0,TGW139,10.524359406466578,107.88018820158754,9144.0
6150.0,SIA883,4.858373499106666,104.7886359118082,9144.0
6150.0,SIA915,1.6395682746082005,105.75897346170187,9144.0
6150.0,SJX731,9.916475461983845,110.12202858327942,9144.0
6150.0,TGW139,10.495900069233805,107.86014865792443,9144.0
6150.0,SIA883,4.858373499106666,104.7886359118082,9144.0
6150.0,SIA915,1.6395682746082005,105.75897346170187,9144.0
6150.0,SJX731,9.916475461983845,110.12202858327942,9144.0
6150.0,TGW139,10.495900069233805,107.86014865792443,9144.0
6160.0,SIA883,4.8261850905068036,104.77714930013092,9144.0
6160.0,SIA915,1.6148383361964886,105.73622614771087,9144.0
6160.0,SJX731,9.889171185359842,110.10276426065597,9144.0
6160.0,TGW139,10.467444977370569,107.84010472141189,9144.0
6160.0,SIA883,4.8261850905068036,104.77714930013092,9144.0
6160.0,SIA915,1.6148383361964886,105.73622614771087,9144.0
6160.0,SJX731,9.889171185359842,110.10276426065597,9144.0
6160.0,TGW139,10.467444977370569,107.84010472141189,9144.0
6170.0,SIA883,4.793996443576367,104.76566390408624,9144.0
6170.0,SIA915,1.5901078564323594,105.7134796974053,9144.0
6170.0,SJX731,9.861852616052056,110.083522425454,9144.0
6170.0,TGW139,10.438942095090361,107.82003216319276,9144.0
6170.0,SIA883,4.793996443576367,104.76566390408624,9144.0
6170.0,SIA915,1.5901078564323594,105.7134796974053,9144.0
6170.0,SJX731,9.861852616052056,110.083522425454,9144.0
6170.0,TGW139,10.438942095090361,107.82003216319276,9144.0
6180.0,SIA883,4.761798370635104,104.75420568392356,9144.0
6180.0,SIA915,1.5651677179450554,105.69096377099142,9144.0
6180.0,SJX731,9.834532805606722,110.06428399824843,9144.0
6180.0,TGW139,10.410415807520844,107.79999584742043,9144.0
6180.0,SIA883,4.761798370635104,104.75420568392356,9144.0
6180.0,SIA915,1.5651677179450554,105.69096377099142,9144.0
6180.0,SJX731,9.834532805606722,110.06428399824843,9144.0
6180.0,TGW139,10.410415807520844,107.79999584742043,9144.0
6190.0,SIA883,4.729653495919697,104.74276758213433,9144.0
6190.0,SIA915,1.5399315853996174,105.66818172763753,9144.0
6190.0,SJX731,9.80721098095212,110.0450501053885,9144.0
6190.0,TGW139,10.382213172705091,107.78019182465903,9144.0
6190.0,SIA883,4.729653495919697,104.74276758213433,9144.0
6190.0,SIA915,1.5399315853996174,105.66818172763753,9144.0
6190.0,SJX731,9.80721098095212,110.0450501053885,9144.0
6190.0,TGW139,10.382213172705091,107.78019182465903,9144.0
6200.0,SIA883,4.697514353681558,104.73131380258772,9144.0
6200.0,SIA915,1.5147010476538438,105.64539375142272,9144.0
6200.0,SJX731,9.779931121851911,110.0257565494353,9144.0
6200.0,TGW139,10.354030393966696,107.76036039256678,9144.0
6200.0,SIA883,4.697514353681558,104.73131380258772,9144.0
6200.0,SIA915,1.5147010476538438,105.64539375142272,9144.0
6200.0,SJX731,9.779931121851911,110.0257565494353,9144.0
6200.0,TGW139,10.354030393966696,107.76036039256678,9144.0
6210.0,SIA883,4.665428438602238,104.71988015578468,9144.0
6210.0,SIA915,1.4890083741953155,105.62218941803866,9144.0
6210.0,SJX731,9.752696606724193,110.0065001414216,9144.0
6210.0,TGW139,10.326219271146655,107.7407952888017,9144.0
6210.0,SIA883,4.665428438602238,104.71988015578468,9144.0
6210.0,SIA915,1.4890083741953155,105.62218941803866,9144.0
6210.0,SJX731,9.752696606724193,110.0065001414216,9144.0
6210.0,TGW139,10.326219271146655,107.7407952888017,9144.0
6220.0,SIA883,4.6333384885650695,104.70845843423696,9144.0
6220.0,SIA915,1.4631311262732944,105.59919150824484,9144.0
6220.0,SJX731,9.725423194795347,109.98730206336757,9144.0
6220.0,TGW139,10.298444566985136,107.72117853674811,9144.0
6220.0,SIA883,4.6333384885650695,104.70845843423696,9144.0
6220.0,SIA915,1.4631311262732944,105.59919150824484,9144.0
6220.0,SJX731,9.725423194795347,109.98730206336757,9144.0
6220.0,TGW139,10.298444566985136,107.72117853674811,9144.0
6230.0,SIA883,4.60124834218249,104.69703778457287,9144.0
6230.0,SIA915,1.4370431977231006,105.57600729908752,9144.0
6230.0,SJX731,9.698242373347371,109.96817410922773,9144.0
6230.0,TGW139,10.270668484570148,107.70156552603795,9144.0
6230.0,SIA883,4.60124834218249,104.69703778457287,9144.0
6230.0,SIA915,1.4370431977231006,105.57600729908752,9144.0
6230.0,SJX731,9.698242373347371,109.96817410922773,9144.0
6230.0,TGW139,10.270668484570148,107.70156552603795,9144.0
6240.0,SIA883,4.569161489399463,104.68560833810605,9144.0
6240.0,SIA915,1.4106372329131684,105.55318647188133,9144.0
6240.0,SJX731,9.671107918579683,109.94898007240992,9144.0
6240.0,TGW139,10.242857340667902,107.68200561777033,9144.0
6240.0,SIA883,4.569161489399463,104.68560833810605,9144.0
6240.0,SIA915,1.4106372329131684,105.55318647188133,9144.0
6240.0,SJX731,9.671107918579683,109.94898007240992,9144.0
6240.0,TGW139,10.242857340667902,107.68200561777033,9144.0
6250.0,SIA883,4.537234937242152,104.67423710777197,9144.0
6250.0,SIA915,1.3838493837961865,105.53003644637441,9144.0
6250.0,SJX731,9.644019041945848,109.92982299358233,9144.0
6250.0,TGW139,10.214998129026796,107.6624165061754,9144.0
6250.0,SIA883,4.537234937242152,104.67423710777197,9144.0
6250.0,SIA915,1.3838493837961865,105.53003644637441,9144.0
6250.0,SJX731,9.644019041945848,109.92982299358233,9144.0
6250.0,TGW139,10.214998129026796,107.6624165061754,9144.0
6260.0,SIA883,4.5053212825765385,104.66283000559791,9144.0
6260.0,SIA915,1.3571796846513582,105.5067505859067,9144.0
6260.0,SJX731,9.616850706147469,109.91078357107158,9144.0
6260.0,TGW139,10.187136864784422,107.64283212265127,9144.0
6260.0,SIA883,4.5053212825765385,104.66283000559791,9144.0
6260.0,SIA915,1.3571796846513582,105.5067505859067,9144.0
6260.0,SJX731,9.616850706147469,109.91078357107158,9144.0
6260.0,TGW139,10.187136864784422,107.64283212265127,9144.0
6270.0,SIA883,4.473407439030343,104.651423933982,9144.0
6270.0,SIA915,1.3308896276448556,105.48379701010876,9144.0
6270.0,SJX731,9.589728388640632,109.89178052263205,9144.0
6270.0,TGW139,10.159278988511051,107.62324447367996,9144.0
6270.0,SIA883,4.473407439030343,104.651423933982,9144.0
6270.0,SIA915,1.3308896276448556,105.48379701010876,9144.0
6270.0,SJX731,9.589728388640632,109.89178052263205,9144.0
6270.0,TGW139,10.159278988511051,107.62324447367996,9144.0
6280.0,SIA883,4.441468504134267,104.6400892374786,9144.0
6280.0,SIA915,1.3046105017851357,105.46083115580188,9144.0
6280.0,SJX731,9.562602544252725,109.87278417006245,9144.0
6280.0,TGW139,10.131419684610853,107.60366062451256,9144.0
6280.0,SIA883,4.441468504134267,104.6400892374786,9144.0
6280.0,SIA915,1.3046105017851357,105.46083115580188,9144.0
6280.0,SJX731,9.562602544252725,109.87278417006245,9144.0
6280.0,TGW139,10.131419684610853,107.60366062451256,9144.0
6290.0,SIA883,4.409529386251451,104.6287555486935,9144.0
6290.0,SIA915,1.278798152975522,105.43827397194089,9144.0
6290.0,SJX731,9.535527797239698,109.85371451616334,9144.0
6290.0,TGW139,10.1035483669416,107.58409612150598,9144.0
6290.0,SIA883,4.409529386251451,104.6287555486935,9144.0
6290.0,SIA915,1.278798152975522,105.43827397194089,9144.0
6290.0,SJX731,9.535527797239698,109.85371451616334,9144.0
6290.0,TGW139,10.1035483669416,107.58409612150598,9144.0
6300.0,SIA883,4.377589949062069,104.61742325050373,9144.0
6300.0,SIA915,1.252755221230897,105.41598375743912,9144.0
6300.0,SJX731,9.508546345862896,109.83471439395538,9144.0
6300.0,TGW139,10.075582233631117,107.56446976481259,9144.0
6300.0,SIA883,4.377589949062069,104.61742325050373,9144.0
6300.0,SIA915,1.252755221230897,105.41598375743912,9144.0
6300.0,SJX731,9.508546345862896,109.83471439395538,9144.0
6300.0,TGW139,10.075582233631117,107.56446976481259,9144.0
6310.0,SIA883,4.3456656854285285,104.60604851081536,9144.0
6310.0,SIA915,1.2266690879792617,105.39365725363241,9144.0
6310.0,SJX731,9.481563819587066,109.8157173374684,9144.0
6310.0,TGW139,10.047592961366579,107.54487916221551,9144.0
6310.0,SIA883,4.3456656854285285,104.60604851081536,9144.0
6310.0,SIA915,1.2266690879792617,105.39365725363241,9144.0
6310.0,SJX731,9.481563819587066,109.8157173374684,9144.0
6310.0,TGW139,10.047592961366579,107.54487916221551,9144.0
6320.0,SIA883,4.313687645204454,104.59465588192374,9144.0
6320.0,SIA915,1.2005820510760197,105.37133202151465,9144.0
6320.0,SJX731,9.454580203492025,109.79672336404367,9144.0
6320.0,TGW139,10.019555609633786,107.52525957367928,9144.0
6320.0,SIA883,4.313687645204454,104.59465588192374,9144.0
6320.0,SIA915,1.2005820510760197,105.37133202151465,9144.0
6320.0,SJX731,9.454580203492025,109.79672336404367,9144.0
6320.0,TGW139,10.019555609633786,107.52525957367928,9144.0
6330.0,SIA883,4.2817213400539895,104.58323065948892,9144.0
6330.0,SIA915,1.1752805626392795,105.34812012739395,9144.0
6330.0,SJX731,9.427595459664742,109.77773252460189,9144.0
6330.0,TGW139,9.991559168962498,107.5055815289253,9144.0
6330.0,SIA883,4.2817213400539895,104.58323065948892,9144.0
6330.0,SIA915,1.1752805626392795,105.34812012739395,9144.0
6330.0,SJX731,9.427595459664742,109.77773252460189,9144.0
6330.0,TGW139,9.991559168962498,107.5055815289253,9144.0
6340.0,SIA883,4.249808325826684,104.57182564878525,9144.0
6340.0,SIA915,1.1530175116327068,105.32212773718047,9144.0
6340.0,SJX731,9.40060940629159,109.75874508020837,9144.0
6340.0,TGW139,9.96342164059145,107.48580888845841,9144.0
6340.0,SIA883,4.249808325826684,104.57182564878525,9144.0
6340.0,SIA915,1.1530175116327068,105.32212773718047,9144.0
6340.0,SJX731,9.40060940629159,109.75874508020837,9144.0
6340.0,TGW139,9.96342164059145,107.48580888845841,9144.0
6350.0,SIA883,4.217407563290461,104.56189972977333,9144.0
6350.0,SIA915,1.1341791533217036,105.29382686946212,9144.0
6350.0,SJX731,9.373607033727666,109.73978296493621,9144.0
6350.0,TGW139,9.935281966942757,107.46604109852233,9144.0
6350.0,SIA883,4.217407563290461,104.56189972977333,9144.0
6350.0,SIA915,1.1341791533217036,105.29382686946212,9144.0
6350.0,SJX731,9.373607033727666,109.73978296493621,9144.0
6350.0,TGW139,9.935281966942757,107.46604109852233,9144.0
6360.0,SIA883,4.184046546287408,104.55598116168065,9144.0
6360.0,SIA915,1.1188933791369584,105.26345902784291,9144.0
6360.0,SJX731,9.346414761142588,109.72069144414036,9144.0
6360.0,TGW139,9.907173212244102,107.44622972155693,9144.0
6360.0,SIA883,4.184046546287408,104.55598116168065,9144.0
6360.0,SIA915,1.1188933791369584,105.26345902784291,9144.0
6360.0,SJX731,9.346414761142588,109.72069144414036,9144.0
6360.0,TGW139,9.907173212244102,107.44622972155693,9144.0
6370.0,SIA883,4.150385528256708,104.55418662798326,9144.0
6370.0,SIA915,1.1073836495983467,105.23146813179991,9144.0
6370.0,SJX731,9.319221050500461,109.70160351618085,9144.0
6370.0,TGW139,9.879016162670073,107.42638992763469,9144.0
6370.0,SIA883,4.150385528256708,104.55418662798326,9144.0
6370.0,SIA915,1.1073836495983467,105.23146813179991,9144.0
6370.0,SJX731,9.319221050500461,109.70160351618085,9144.0
6370.0,TGW139,9.879016162670073,107.42638992763469,9144.0
6380.0,SIA883,4.117043747537022,104.5565277641964,9144.0
6380.0,SIA915,1.1001095185885772,105.19913300338283,9144.0
6380.0,SJX731,9.291984941140365,109.68257924988268,9144.0
6380.0,TGW139,9.85070684572924,107.40677634654807,9144.0
6380.0,SIA883,4.117043747537022,104.5565277641964,9144.0
6380.0,SIA915,1.1001095185885772,105.19913300338283,9144.0
6380.0,SJX731,9.291984941140365,109.68257924988268,9144.0
6380.0,TGW139,9.85070684572924,107.40677634654807,9144.0
6390.0,SIA883,4.084240631591769,104.56295365379835,9144.0
6390.0,SIA915,1.0923253642544133,105.16780642746825,9144.0
6390.0,SJX731,9.264653103546477,109.66349258409772,9144.0
6390.0,TGW139,9.82248913701171,107.38723204667923,9144.0
6390.0,SIA883,4.084240631591769,104.56295365379835,9144.0
6390.0,SIA915,1.0923253642544133,105.16780642746825,9144.0
6390.0,SJX731,9.264653103546477,109.66349258409772,9144.0
6390.0,TGW139,9.82248913701171,107.38723204667923,9144.0
6400.0,SIA883,4.0525586640128415,104.5724930474235,9144.0
6400.0,SIA915,1.0848784393441322,105.13783898856614,9144.0
6400.0,SJX731,9.237368418518294,109.64433827054674,9144.0
6400.0,TGW139,9.794405694324926,107.36749123783451,9144.0
6400.0,SIA883,4.0525586640128415,104.5724930474235,9144.0
6400.0,SIA915,1.0848784393441322,105.13783898856614,9144.0
6400.0,SJX731,9.237368418518294,109.64433827054674,9144.0
6400.0,TGW139,9.794405694324926,107.36749123783451,9144.0
6410.0,SIA883,4.0199412829089365,104.57802017945879,9144.0
6410.0,SIA915,1.0788415839590002,105.10755593008612,9144.0
6410.0,SJX731,9.21008270481783,109.62518694225786,9144.0
6410.0,TGW139,9.766413771585324,107.34782003362609,9144.0
6410.0,SIA883,4.0199412829089365,104.57802017945879,9144.0
6410.0,SIA915,1.0788415839590002,105.10755593008612,9144.0
6410.0,SJX731,9.21008270481783,109.62518694225786,9144.0
6410.0,TGW139,9.766413771585324,107.34782003362609,9144.0
6420.0,SIA883,3.9869010014108786,104.58056166041479,9144.0
6420.0,SIA915,1.077053678636099,105.07761708159524,9144.0
6420.0,SJX731,9.18279596464915,109.60603859143444,9144.0
6420.0,TGW139,9.738400492490044,107.32818180689189,9144.0
6420.0,SIA883,3.9869010014108786,104.58056166041479,9144.0
6420.0,SIA915,1.077053678636099,105.07761708159524,9144.0
6420.0,SJX731,9.18279596464915,109.60603859143444,9144.0
6420.0,TGW139,9.738400492490044,107.32818180689189,9144.0
6430.0,SIA883,3.953860712017232,104.58310293650868,9144.0
6430.0,SIA915,1.079374910053323,105.04771484542381,9144.0
6430.0,SJX731,9.155508200033042,109.58689321054965,9144.0
6430.0,TGW139,9.710432562636163,107.3085798904828,9144.0
6430.0,SIA883,3.953860712017232,104.58310293650868,9144.0
6430.0,SIA915,1.079374910053323,105.04771484542381,9144.0
6430.0,SJX731,9.155508200033042,109.58689321054965,9144.0
6430.0,TGW139,9.710432562636163,107.3085798904828,9144.0
6440.0,SIA883,3.9208903529778034,104.58643391320534,9144.0
6440.0,SIA915,1.0857334570285189,105.01877035447984,9144.0
6440.0,SJX731,9.128219412752879,109.56775079242566,9144.0
6440.0,TGW139,9.682447472831226,107.28900483248073,9144.0
6440.0,SIA883,3.9208903529778034,104.58643391320534,9144.0
6440.0,SIA915,1.0857334570285189,105.01877035447984,9144.0
6440.0,SJX731,9.128219412752879,109.56775079242566,9144.0
6440.0,TGW139,9.682447472831226,107.28900483248073,9144.0
6450.0,SIA883,3.887977010315399,104.58975886539575,9144.0
6450.0,SIA915,1.0960346774777245,104.99098400482099,9144.0
6450.0,SJX731,9.10092960427656,109.54861133034788,9144.0
6450.0,TGW139,9.654461085073045,107.2694333129636,9144.0
6450.0,SIA883,3.887977010315399,104.58975886539575,9144.0
6450.0,SIA915,1.0960346774777245,104.99098400482099,9144.0
6450.0,SJX731,9.10092960427656,109.54861133034788,9144.0
6450.0,TGW139,9.654461085073045,107.2694333129636,9144.0
6460.0,SIA883,3.8550636537242746,104.59308354981796,9144.0
6460.0,SIA915,1.1081705929140577,104.96394871648005,9144.0
6460.0,SJX731,9.073638775639695,109.52947481823591,9144.0
6460.0,TGW139,9.626491846853709,107.24983820956434,9144.0
6460.0,SIA883,3.8550636537242746,104.59308354981796,9144.0
6460.0,SIA915,1.1081705929140577,104.96394871648005,9144.0
6460.0,SJX731,9.073638775639695,109.52947481823591,9144.0
6460.0,TGW139,9.626491846853709,107.24983820956434,9144.0
6470.0,SIA883,3.822134688297987,104.59624904584041,9144.0
6470.0,SIA915,1.1200854798466116,104.93740476614309,9144.0
6470.0,SJX731,9.046346927262572,109.5103412509113,9144.0
6470.0,TGW139,9.59852135438574,107.23024656793528,9144.0
6470.0,SIA883,3.822134688297987,104.59624904584041,9144.0
6470.0,SIA915,1.1200854798466116,104.93740476614309,9144.0
6470.0,SJX731,9.046346927262572,109.5103412509113,9144.0
6470.0,TGW139,9.59852135438574,107.23024656793528,9144.0
6480.0,SIA883,3.789205711047327,104.59941429729915,9144.0
6480.0,SIA915,1.1305499928308185,104.91025596332466,9144.0
6480.0,SJX731,9.019054058646242,109.49121062454228,9144.0
6480.0,TGW139,9.570548915650141,107.21065939953317,9144.0
6480.0,SIA883,3.789205711047327,104.59941429729915,9144.0
6480.0,SIA915,1.1305499928308185,104.91025596332466,9144.0
6480.0,SJX731,9.019054058646242,109.49121062454228,9144.0
6480.0,TGW139,9.570548915650141,107.21065939953317,9144.0
6490.0,SIA883,3.7562844200304863,104.60265873559237,9144.0
6490.0,SIA915,1.140600900166112,104.88417905864195,9144.0
6490.0,SJX731,8.991760167828222,109.47208293744016,9144.0
6490.0,TGW139,9.542552941563743,107.19110845099839,9144.0
6490.0,SIA883,3.7562844200304863,104.60265873559237,9144.0
6490.0,SIA915,1.140600900166112,104.88417905864195,9144.0
6490.0,SJX731,8.991760167828222,109.47208293744016,9144.0
6490.0,TGW139,9.542552941563743,107.19110845099839,9144.0
6500.0,SIA883,3.723363116818707,104.60590292776082,9144.0
6500.0,SIA915,1.150852655952596,104.8581803967443,9144.0
6500.0,SJX731,8.96446525030158,109.4529581916409,9144.0
6500.0,TGW139,9.514742851021756,107.17169174913451,9144.0
6500.0,SIA883,3.723363116818707,104.60590292776082,9144.0
6500.0,SIA915,1.150852655952596,104.8581803967443,9144.0
6500.0,SJX731,8.96446525030158,109.4529581916409,9144.0
6500.0,TGW139,9.514742851021756,107.17169174913451,9144.0
6510.0,SIA883,3.690436415770446,104.60909151423267,9144.0
6510.0,SIA915,1.1604441450239347,104.83385506091892,9144.0
6510.0,SJX731,8.937169296519864,109.4338363965557,9144.0
6510.0,TGW139,9.486992817602976,107.15218848887453,9144.0
6510.0,SIA883,3.690436415770446,104.60909151423267,9144.0
6510.0,SIA915,1.1604441450239347,104.83385506091892,9144.0
6510.0,SJX731,8.937169296519864,109.4338363965557,9144.0
6510.0,TGW139,9.486992817602976,107.15218848887453,9144.0
6520.0,SIA883,3.6576239202467353,104.61226880411468,9144.0
6520.0,SIA915,1.1668245951450293,104.80971102476896,9144.0
6520.0,SJX731,8.90987228455144,109.41471757971851,9144.0
6520.0,TGW139,9.459522610999691,107.13288619508359,9144.0
6520.0,SIA883,3.6576239202467353,104.61226880411468,9144.0
6520.0,SIA915,1.1668245951450293,104.80971102476896,9144.0
6520.0,SJX731,8.90987228455144,109.41471757971851,9144.0
6520.0,TGW139,9.459522610999691,107.13288619508359,9144.0
6530.0,SIA883,3.62482198236224,104.6155536098952,9144.0
6530.0,SIA915,1.1689484683700178,104.78565535576654,9144.0
6530.0,SJX731,8.882574144951636,109.39560183818129,9144.0
6530.0,TGW139,9.431982784980656,107.1136876663111,9144.0
6530.0,SIA883,3.62482198236224,104.6155536098952,9144.0
6530.0,SIA915,1.1689484683700178,104.78565535576654,9144.0
6530.0,SJX731,8.882574144951636,109.39560183818129,9144.0
6530.0,TGW139,9.431982784980656,107.1136876663111,9144.0
6540.0,SIA883,3.5917918199914207,104.61886102745048,9144.0
6540.0,SIA915,1.1694761240337346,104.7620870987326,9144.0
6540.0,SJX731,8.855272288804946,109.37649295569598,9144.0
6540.0,TGW139,9.404441742573443,107.09449246125344,9144.0
6540.0,SIA883,3.5917918199914207,104.61886102745048,9144.0
6540.0,SIA915,1.1694761240337346,104.7620870987326,9144.0
6540.0,SJX731,8.855272288804946,109.37649295569598,9144.0
6540.0,TGW139,9.404441742573443,107.09449246125344,9144.0
6550.0,SIA883,3.5587538259239784,104.62208884337007,9144.0
6550.0,SIA915,1.1700034983904994,104.73851883097022,9144.0
6550.0,SJX731,8.827924802305672,109.35745243691098,9144.0
6550.0,TGW139,9.376919375822313,107.07527128158465,9144.0
6550.0,SIA883,3.5587538259239784,104.62208884337007,9144.0
6550.0,SIA915,1.1700034983904994,104.73851883097022,9144.0
6550.0,SJX731,8.827924802305672,109.35745243691098,9144.0
6550.0,TGW139,9.376919375822313,107.07527128158465,9144.0
6560.0,SIA883,3.525601908877087,104.62532755523713,9144.0
6560.0,SIA915,1.1696282612393913,104.71494765206918,9144.0
6560.0,SJX731,8.800670756930376,109.33848048265301,9144.0
6560.0,TGW139,9.349254849635356,107.0559549642429,9144.0
6560.0,SIA883,3.525601908877087,104.62532755523713,9144.0
6560.0,SIA915,1.1696282612393913,104.71494765206918,9144.0
6560.0,SJX731,8.800670756930376,109.33848048265301,9144.0
6560.0,TGW139,9.349254849635356,107.0559549642429,9144.0
6570.0,SIA883,3.4924499803458176,104.62856603419417,9144.0
6570.0,SIA915,1.1692284624872042,104.6898515447916,9144.0
6570.0,SJX731,8.77341574429089,109.3195113461585,9144.0
6570.0,TGW139,9.321586458540683,107.03664586635225,9144.0
6570.0,SIA883,3.4924499803458176,104.62856603419417,9144.0
6570.0,SIA915,1.1692284624872042,104.6898515447916,9144.0
6570.0,SJX731,8.77341574429089,109.3195113461585,9144.0
6570.0,TGW139,9.321586458540683,107.03664586635225,9144.0
6580.0,SIA883,3.4592894067895,104.63171431000008,9144.0
6580.0,SIA915,1.1688280899519277,104.66475545024372,9144.0
6580.0,SJX731,8.74615976570788,109.30054502098531,9144.0
6580.0,TGW139,9.293965841782967,107.01726818629724,9144.0
6580.0,SIA883,3.4592894067895,104.63171431000008,9144.0
6580.0,SIA915,1.1688280899519277,104.66475545024372,9144.0
6580.0,SJX731,8.74615976570788,109.30054502098531,9144.0
6580.0,TGW139,9.293965841782967,107.01726818629724,9144.0
6590.0,SIA883,3.426299790005314,104.63484613375877,9144.0
6590.0,SIA915,1.1682289202352554,104.63966332191518,9144.0
6590.0,SJX731,8.718902822022038,109.28158150139929,9144.0
6590.0,TGW139,9.266200872078732,106.9977991823342,9144.0
6590.0,SIA883,3.426299790005314,104.63484613375877,9144.0
6590.0,SIA915,1.1682289202352554,104.63966332191518,9144.0
6590.0,SJX731,8.718902822022038,109.28158150139929,9144.0
6590.0,TGW139,9.266200872078732,106.9977991823342,9144.0
6600.0,SIA883,3.39333782670452,104.63825756317912,9144.0
6600.0,SIA915,1.1676263154524211,104.61444537670396,9144.0
6600.0,SJX731,8.691644913375407,109.26262078269612,9144.0
6600.0,TGW139,9.238352958645036,106.97845370934138,9144.0
6600.0,SIA883,3.39333782670452,104.63825756317912,9144.0
6600.0,SIA915,1.1676263154524211,104.61444537670396,9144.0
6600.0,SJX731,8.691644913375407,109.26262078269612,9144.0
6600.0,TGW139,9.238352958645036,106.97845370934138,9144.0
6610.0,SIA883,3.360661298346575,104.64163921837091,9144.0
6610.0,SIA915,1.1670172972802488,104.58922759108815,9144.0
6610.0,SJX731,8.664386038835419,109.24366286175466,9144.0
6610.0,TGW139,9.210456007035722,106.95908032566406,9144.0
6610.0,SIA883,3.360661298346575,104.64163921837091,9144.0
6610.0,SIA915,1.1670172972802488,104.58922759108815,9144.0
6610.0,SJX731,8.664386038835419,109.24366286175466,9144.0
6610.0,TGW139,9.210456007035722,106.95908032566406,9144.0
6620.0,SIA883,3.3279597354376382,104.64476852877864,9144.0
6620.0,SIA915,1.1664154472177413,104.56432475154902,9144.0
6620.0,SJX731,8.637126195689314,109.22470773807541,9144.0
6620.0,TGW139,9.182635458115897,106.9395960448829,9144.0
6620.0,SIA883,3.3279597354376382,104.64476852877864,9144.0
6620.0,SIA915,1.1664154472177413,104.56432475154902,9144.0
6620.0,SJX731,8.637126195689314,109.22470773807541,9144.0
6620.0,TGW139,9.182635458115897,106.9395960448829,9144.0
6630.0,SIA883,3.295602196520426,104.64786471170657,9144.0
6630.0,SIA915,1.1659068718455796,104.53941983616085,9144.0
6630.0,SJX731,8.609865377946303,109.20575541598492,9144.0
6630.0,TGW139,9.15476633698789,106.9200832129686,9144.0
6630.0,SIA883,3.295602196520426,104.64786471170657,9144.0
6630.0,SIA915,1.1659068718455796,104.53941983616085,9144.0
6630.0,SJX731,8.609865377946303,109.20575541598492,9144.0
6630.0,TGW139,9.15476633698789,106.9200832129686,9144.0
6640.0,SIA883,3.2631831116869177,104.65022819024124,9144.0
6640.0,SIA915,1.165400387086304,104.51464124585564,9144.0
6640.0,SJX731,8.58260357250164,109.1868059102812,9144.0
6640.0,TGW139,9.126794087312836,106.90072389165704,9144.0
6640.0,SIA883,3.2631831116869177,104.65022819024124,9144.0
6640.0,SIA915,1.165400387086304,104.51464124585564,9144.0
6640.0,SJX731,8.58260357250164,109.1868059102812,9144.0
6640.0,TGW139,9.126794087312836,106.90072389165704,9144.0
6650.0,SIA883,3.231074266271761,104.64845025827402,9144.0
6650.0,SIA915,1.1647854628352388,104.489865115928,9144.0
6650.0,SJX731,8.555340745481299,109.16785926633021,9144.0
6650.0,TGW139,9.098773312157904,106.88133603823144,9144.0
6650.0,SIA883,3.231074266271761,104.64845025827402,9144.0
6650.0,SIA915,1.1647854628352388,104.489865115928,9144.0
6650.0,SJX731,8.555340745481299,109.16785926633021,9144.0
6650.0,TGW139,9.098773312157904,106.88133603823144,9144.0
6660.0,SIA883,3.1993374524048424,104.64257890447858,9144.0
6660.0,SIA915,1.1680677924529037,104.466197587311,9144.0
6660.0,SJX731,8.528076731509133,109.14891572303031,9144.0
6660.0,TGW139,9.070856424541434,106.86179660013778,9144.0
6660.0,SIA883,3.1993374524048424,104.64257890447858,9144.0
6660.0,SIA915,1.1680677924529037,104.466197587311,9144.0
6660.0,SJX731,8.528076731509133,109.14891572303031,9144.0
6660.0,TGW139,9.070856424541434,106.86179660013778,9144.0
6670.0,SIA883,3.167576843168476,104.63252547257946,9144.0
6670.0,SIA915,1.1752462953890297,104.44421630453706,9144.0
6670.0,SJX731,8.50080838482556,109.12997990649001,9144.0
6670.0,TGW139,9.042844755593412,106.84219540208792,9144.0
6670.0,SIA883,3.167576843168476,104.63252547257946,9144.0
6670.0,SIA915,1.1752462953890297,104.44421630453706,9144.0
6670.0,SJX731,8.50080838482556,109.12997990649001,9144.0
6670.0,TGW139,9.042844755593412,106.84219540208792,9144.0
6680.0,SIA883,3.137294207509707,104.61863161175296,9144.0
6680.0,SIA915,1.1862818048837858,104.42360390510443,9144.0
6680.0,SJX731,8.473586390052875,109.11107962706764,9144.0
6680.0,TGW139,9.014764468324831,106.8226966503929,9144.0
6680.0,SIA883,3.137294207509707,104.61863161175296,9144.0
6680.0,SIA915,1.1862818048837858,104.42360390510443,9144.0
6680.0,SJX731,8.473586390052875,109.11107962706764,9144.0
6680.0,TGW139,9.014764468324831,106.8226966503929,9144.0
6690.0,SIA883,3.1087936176048436,104.60103689971976,9144.0
6690.0,SIA915,1.1985868640716661,104.40372351713216,9144.0
6690.0,SJX731,8.446363471607476,109.09218204313285,9144.0
6690.0,TGW139,8.986542713980393,106.80310397304422,9144.0
6690.0,SIA883,3.1087936176048436,104.60103689971976,9144.0
6690.0,SIA915,1.1985868640716661,104.40372351713216,9144.0
6690.0,SJX731,8.446363471607476,109.09218204313285,9144.0
6690.0,TGW139,8.986542713980393,106.80310397304422,9144.0
6700.0,SIA883,3.082660377133795,104.5800781043118,9144.0
6700.0,SIA915,1.210891698286513,104.38384290006498,9144.0
6700.0,SJX731,8.419139631243405,109.07328714764593,9144.0
6700.0,TGW139,8.95836708699209,106.78344489096366,9144.0
6700.0,SIA883,3.082660377133795,104.5800781043118,9144.0
6700.0,SIA915,1.210891698286513,104.38384290006498,9144.0
6700.0,SJX731,8.419139631243405,109.07328714764593,9144.0
6700.0,TGW139,8.95836708699209,106.78344489096366,9144.0
6710.0,SIA883,3.05928828867649,104.55607114561712,9144.0
6710.0,SIA915,1.2242139555719644,104.36462943238597,9144.0
6710.0,SJX731,8.391914870407854,109.05439493402065,9144.0
6710.0,TGW139,8.930143603667174,106.76375667519551,9144.0
6710.0,SIA883,3.05928828867649,104.55607114561712,9144.0
6710.0,SIA915,1.2242139555719644,104.36462943238597,9144.0
6710.0,SJX731,8.391914870407854,109.05439493402065,9144.0
6710.0,TGW139,8.930143603667174,106.76375667519551,9144.0
6720.0,SIA883,3.0369306247741115,104.53244347490548,9144.0
6720.0,SIA915,1.237609170246441,104.34531018476483,9144.0
6720.0,SJX731,8.364689190123192,109.03550539629812,9144.0
6720.0,TGW139,8.90193000926828,106.74405546333067,9144.0
6720.0,SIA883,3.0369306247741115,104.53244347490548,9144.0
6720.0,SIA915,1.237609170246441,104.34531018476483,9144.0
6720.0,SJX731,8.364689190123192,109.03550539629812,9144.0
6720.0,TGW139,8.90193000926828,106.74405546333067,9144.0
6730.0,SIA883,3.014374210470025,104.50860744646373,9144.0
6730.0,SIA915,1.2507910587802948,104.325844590701,9144.0
6730.0,SJX731,8.337462590799237,109.01661852942327,9144.0
6730.0,TGW139,8.873715183973088,106.72435757450313,9144.0
6730.0,SIA883,3.014374210470025,104.50860744646373,9144.0
6730.0,SIA915,1.2507910587802948,104.325844590701,9144.0
6730.0,SJX731,8.337462590799237,109.01661852942327,9144.0
6730.0,TGW139,8.873715183973088,106.72435757450313,9144.0
6740.0,SIA883,2.991817130352157,104.48477254214893,9144.0
6740.0,SIA915,1.263864627512286,104.30653827791612,9144.0
6740.0,SJX731,8.310235071915228,108.99773432971335,9144.0
6740.0,TGW139,8.845449904985646,106.70473543100891,9144.0
6740.0,SIA883,2.991817130352157,104.48477254214893,9144.0
6740.0,SIA915,1.263864627512286,104.30653827791612,9144.0
6740.0,SJX731,8.310235071915228,108.99773432971335,9144.0
6740.0,TGW139,8.845449904985646,106.70473543100891,9144.0
6750.0,SIA883,2.966459986043642,104.46395059914839,9144.0
6750.0,SIA915,1.2771607880082745,104.28738455900613,9144.0
6750.0,SJX731,8.283006631434763,108.97885279571982,9144.0
6750.0,TGW139,8.817183430666814,106.68511655501806,9144.0
6750.0,SIA883,2.966459986043642,104.46395059914839,9144.0
6750.0,SIA915,1.2771607880082745,104.28738455900613,9144.0
6750.0,SJX731,8.283006631434763,108.97885279571982,9144.0
6750.0,TGW139,8.817183430666814,106.68511655501806,9144.0
6760.0,SIA883,2.94010810309799,104.44450376330678,9144.0
6760.0,SIA915,1.2898376151353648,104.26858897093811,9144.0
6760.0,SJX731,8.255777264599017,108.95997393000596,9144.0
6760.0,TGW139,8.78889202859114,106.66553600670481,9144.0
6760.0,SIA883,2.94010810309799,104.44450376330678,9144.0
6760.0,SIA915,1.2898376151353648,104.26858897093811,9144.0
6760.0,SJX731,8.255777264599017,108.95997393000596,9144.0
6760.0,TGW139,8.78889202859114,106.66553600670481,9144.0
6770.0,SIA883,2.9143816642192912,104.42423510386591,9144.0
6770.0,SIA915,1.3022598659677087,104.2501700531583,9144.0
6770.0,SJX731,8.22854696097364,108.94109774349693,9144.0
6770.0,TGW139,8.760646189143895,106.6459909717377,9144.0
6770.0,SIA883,2.9143816642192912,104.42423510386591,9144.0
6770.0,SIA915,1.3022598659677087,104.2501700531583,9144.0
6770.0,SJX731,8.22854696097364,108.94109774349693,9144.0
6770.0,TGW139,8.760646189143895,106.6459909717377,9144.0
6780.0,SIA883,2.88951973684788,104.4046488631602,9144.0
6780.0,SIA915,1.314784462152652,104.23182051961295,9144.0
6780.0,SJX731,8.201315694800336,108.92222426969202,9144.0
6780.0,TGW139,8.732398445517754,106.62645023653346,9144.0
6780.0,SIA883,2.88951973684788,104.4046488631602,9144.0
6780.0,SIA915,1.314784462152652,104.23182051961295,9144.0
6780.0,SJX731,8.201315694800336,108.92222426969202,9144.0
6780.0,TGW139,8.732398445517754,106.62645023653346,9144.0
6790.0,SIA883,2.864591911041155,104.38514720252752,9144.0
6790.0,SIA915,1.3298300913159418,104.21702551323405,9144.0
6790.0,SJX731,8.17408336485596,108.90335365325254,9144.0
6790.0,TGW139,8.703611789181048,106.60773327587995,9144.0
6790.0,SIA883,2.864591911041155,104.38514720252752,9144.0
6790.0,SIA915,1.3298300913159418,104.21702551323405,9144.0
6790.0,SJX731,8.17408336485596,108.90335365325254,9144.0
6790.0,TGW139,8.703611789181048,106.60773327587995,9144.0
6800.0,SIA883,2.8401245915345665,104.3660070357838,9144.0
6800.0,SIA915,1.3472150070008766,104.20566101893343,9144.0
6800.0,SJX731,8.146851961237,108.88448295867133,9144.0
6800.0,TGW139,8.674919069885568,106.5890818581656,9144.0
6800.0,SIA883,2.8401245915345665,104.3660070357838,9144.0
6800.0,SIA915,1.3472150070008766,104.20566101893343,9144.0
6800.0,SJX731,8.146851961237,108.88448295867133,9144.0
6800.0,TGW139,8.674919069885568,106.5890818581656,9144.0
6810.0,SIA883,2.815609932340512,104.34692809194611,9144.0
6810.0,SIA915,1.3667211956211627,104.19779273971504,9144.0
6810.0,SJX731,8.11966699211281,108.86564765416094,9144.0
6810.0,TGW139,8.645655800688402,106.57136209540282,9144.0
6810.0,SIA883,2.815609932340512,104.34692809194611,9144.0
6810.0,SIA915,1.3667211956211627,104.19779273971504,9144.0
6810.0,SJX731,8.11966699211281,108.86564765416094,9144.0
6810.0,TGW139,8.645655800688402,106.57136209540282,9144.0
6820.0,SIA883,2.7915132236402367,104.32817558703833,9144.0
6820.0,SIA915,1.3873215127385858,104.19389027520191,9144.0
6820.0,SJX731,8.092481130354944,108.84681493704144,9144.0
6820.0,TGW139,8.61644011500524,106.55367495642301,9144.0
6820.0,SIA883,2.7915132236402367,104.32817558703833,9144.0
6820.0,SIA915,1.3873215127385858,104.19389027520191,9144.0
6820.0,SJX731,8.092481130354944,108.84681493704144,9144.0
6820.0,TGW139,8.61644011500524,106.55367495642301,9144.0
6830.0,SIA883,2.7675045704698213,104.30931059369281,9144.0
6830.0,SIA915,1.4082871489150985,104.19407866001227,9144.0
6830.0,SJX731,8.065294373441048,108.82798480661565,9144.0
6830.0,TGW139,8.587367360228962,106.53574988821345,9144.0
6830.0,SIA883,2.7675045704698213,104.30931059369281,9144.0
6830.0,SIA915,1.4082871489150985,104.19407866001227,9144.0
6830.0,SJX731,8.065294373441048,108.82798480661565,9144.0
6830.0,TGW139,8.587367360228962,106.53574988821345,9144.0
6840.0,SIA883,2.7439149614751708,104.29077597242377,9144.0
6840.0,SIA915,1.4276983182173235,104.19069965369425,9144.0
6840.0,SJX731,8.038106715629795,108.80915726692994,9144.0
6840.0,TGW139,8.558390477391578,106.51788766366764,9144.0
6840.0,SIA883,2.7439149614751708,104.29077597242377,9144.0
6840.0,SIA915,1.4276983182173235,104.19069965369425,9144.0
6840.0,SJX731,8.038106715629795,108.80915726692994,9144.0
6840.0,TGW139,8.558390477391578,106.51788766366764,9144.0
6850.0,SIA883,2.7203127366897597,104.27225781988999,9144.0
6850.0,SIA915,1.4457803609649997,104.18755196315713,9144.0
6850.0,SJX731,8.010918144049656,108.79033233253622,9144.0
6850.0,TGW139,8.529758495687673,106.49946682010636,9144.0
6850.0,SIA883,2.7203127366897597,104.27225781988999,9144.0
6850.0,SIA915,1.4457803609649997,104.18755196315713,9144.0
6850.0,SJX731,8.010918144049656,108.79033233253622,9144.0
6850.0,TGW139,8.529758495687673,106.49946682010636,9144.0
6860.0,SIA883,2.697085393870966,104.25403485434448,9144.0
6860.0,SIA915,1.46386239914904,104.18440422115827,9144.0
6860.0,SJX731,7.983728624130825,108.7715100499526,9144.0
6860.0,TGW139,8.501077566390498,106.48101821366184,9144.0
6860.0,SIA883,2.697085393870966,104.25403485434448,9144.0
6860.0,SIA915,1.46386239914904,104.18440422115827,9144.0
6860.0,SJX731,7.983728624130825,108.7715100499526,9144.0
6860.0,TGW139,8.501077566390498,106.48101821366184,9144.0
6870.0,SIA883,2.6738140268444424,104.2358686140216,9144.0
6870.0,SIA915,1.4815690378185216,104.1795717811531,9144.0
6870.0,SJX731,7.956537960553767,108.75269070250471,9144.0
6870.0,TGW139,8.473790622221301,106.46052302424103,9144.0
6870.0,SIA883,2.6738140268444424,104.2358686140216,9144.0
6870.0,SIA915,1.4815690378185216,104.1795717811531,9144.0
6870.0,SJX731,7.956537960553767,108.75269070250471,9144.0
6870.0,TGW139,8.473790622221301,106.46052302424103,9144.0
6880.0,SIA883,2.650967799445298,104.21803527143969,9144.0
6880.0,SIA915,1.4973559496893722,104.17103617729929,9144.0
6880.0,SJX731,7.929335402166849,108.73389013414949,9144.0
6880.0,TGW139,8.446456983771643,106.4399966532289,9144.0
6880.0,SIA883,2.650967799445298,104.21803527143969,9144.0
6880.0,SIA915,1.4973559496893722,104.17103617729929,9144.0
6880.0,SJX731,7.929335402166849,108.73389013414949,9144.0
6880.0,TGW139,8.446456983771643,106.4399966532289,9144.0
6890.0,SIA883,2.628121452118395,104.20020241064532,9144.0
6890.0,SIA915,1.5102984340108863,104.15940546547283,9144.0
6890.0,SJX731,7.9021318205186235,108.71509231615634,9144.0
6890.0,TGW139,8.419122136415197,106.41947337927202,9144.0
6890.0,SIA883,2.628121452118395,104.20020241064532,9144.0
6890.0,SIA915,1.5102984340108863,104.15940546547283,9144.0
6890.0,SJX731,7.9021318205186235,108.71509231615634,9144.0
6890.0,TGW139,8.419122136415197,106.41947337927202,9144.0
6900.0,SIA883,2.6066645569171576,104.18345507245664,9144.0
6900.0,SIA915,1.5197387946093994,104.14544644704245,9144.0
6900.0,SJX731,7.874927035447938,108.69629750992087,9144.0
6900.0,TGW139,8.391785714469798,106.39895369530596,9144.0
6900.0,SIA883,2.6066645569171576,104.18345507245664,9144.0
6900.0,SIA915,1.5197387946093994,104.14544644704245,9144.0
6900.0,SJX731,7.874927035447938,108.69629750992087,9144.0
6900.0,TGW139,8.391785714469798,106.39895369530596,9144.0
6910.0,SIA883,2.5852391739568175,104.16666763972476,9144.0
6910.0,SIA915,1.528322911337006,104.13094472012851,9144.0
6910.0,SJX731,7.847721369526222,108.67750523522787,9144.0
6910.0,TGW139,8.364428222548952,106.37846416376546,9144.0
6910.0,SIA883,2.5852391739568175,104.16666763972476,9144.0
6910.0,SIA915,1.528322911337006,104.13094472012851,9144.0
6910.0,SJX731,7.847721369526222,108.67750523522787,9144.0
6910.0,TGW139,8.364428222548952,106.37846416376546,9144.0
6920.0,SIA883,2.5652298695144795,104.15099056425812,9144.0
6920.0,SIA915,1.538250425177688,104.11846073662569,9144.0
6920.0,SJX731,7.820514806079139,108.6587155122807,9144.0
6920.0,TGW139,8.336887425455227,106.357841458446,9144.0
6920.0,SIA883,2.5652298695144795,104.15099056425812,9144.0
6920.0,SIA915,1.538250425177688,104.11846073662569,9144.0
6920.0,SJX731,7.820514806079139,108.6587155122807,9144.0
6920.0,TGW139,8.336887425455227,106.357841458446,9144.0
6930.0,SIA883,2.545549703200276,104.1356100381305,9144.0
6930.0,SIA915,1.5472615129313425,104.10712885720851,9144.0
6930.0,SJX731,7.793307293840791,108.63992841232357,9144.0
6930.0,TGW139,8.30935375777742,106.33721048164202,9144.0
6930.0,SIA883,2.545549703200276,104.1356100381305,9144.0
6930.0,SIA915,1.5472615129313425,104.10712885720851,9144.0
6930.0,SJX731,7.793307293840791,108.63992841232357,9144.0
6930.0,TGW139,8.30935375777742,106.33721048164202,9144.0
6940.0,SIA883,2.526468437109031,104.12069828942646,9144.0
6940.0,SIA915,1.555519022645499,104.09523619872876,9144.0
6940.0,SJX731,7.766098005340542,108.62114515191615,9144.0
6940.0,TGW139,8.281682660647732,106.31648057228249,9144.0
6940.0,SIA883,2.526468437109031,104.12069828942646,9144.0
6940.0,SIA915,1.555519022645499,104.09523619872876,9144.0
6940.0,SJX731,7.766098005340542,108.62114515191615,9144.0
6940.0,TGW139,8.281682660647732,106.31648057228249,9144.0
6950.0,SIA883,2.5064144423212205,104.10712579975556,9144.0
6950.0,SIA915,1.5596972353265066,104.08211382852517,9144.0
6950.0,SJX731,7.738927860124475,108.60230548043853,9144.0
6950.0,TGW139,8.254009667392548,106.29575470247676,9144.0
6950.0,SIA883,2.5064144423212205,104.10712579975556,9144.0
6950.0,SIA915,1.5596972353265066,104.08211382852517,9144.0
6950.0,SJX731,7.738927860124475,108.60230548043853,9144.0
6950.0,TGW139,8.254009667392548,106.29575470247676,9144.0
6960.0,SIA883,2.484463798444725,104.09721483800381,9144.0
6960.0,SIA915,1.5598298812814742,104.06834250252629,9144.0
6960.0,SJX731,7.711709201389279,108.58343600199969,9144.0
6960.0,TGW139,8.226348988407286,106.27501350544361,9144.0
6960.0,SIA883,2.484463798444725,104.09721483800381,9144.0
6960.0,SIA915,1.5598298812814742,104.06834250252629,9144.0
6960.0,SJX731,7.711709201389279,108.58343600199969,9144.0
6960.0,TGW139,8.226348988407286,106.27501350544361,9144.0
6970.0,SIA883,2.4615636688150837,104.09136833121109,9144.0
6970.0,SIA915,1.5559049878584446,104.05536479963338,9144.0
6970.0,SJX731,7.6845363265697815,108.56450066032896,9144.0
6970.0,TGW139,8.198687218693024,106.25427523856763,9144.0
6970.0,SIA883,2.4615636688150837,104.09136833121109,9144.0
6970.0,SIA915,1.5559049878584446,104.05536479963338,9144.0
6970.0,SJX731,7.6845363265697815,108.56450066032896,9144.0
6970.0,TGW139,8.198687218693024,106.25427523856763,9144.0
6980.0,SIA883,2.4379980705258135,104.08957866668467,9144.0
6980.0,SIA915,1.548283198717544,104.04415313201392,9144.0
6980.0,SJX731,7.657268255864284,108.54550200268869,9144.0
6980.0,TGW139,8.17102435809938,106.23353989703408,9144.0
6980.0,SIA883,2.4379980705258135,104.08957866668467,9144.0
6980.0,SIA915,1.548283198717544,104.04415313201392,9144.0
6980.0,SJX731,7.657268255864284,108.54550200268869,9144.0
6980.0,TGW139,8.17102435809938,106.23353989703408,9144.0
6990.0,SIA883,2.4148036652121916,104.09192385379912,9144.0
6990.0,SIA915,1.5376185433521912,104.0356707322978,9144.0
6990.0,SJX731,7.629999349792585,108.52650577911152,9144.0
6990.0,TGW139,8.143360405012604,106.21280747802315,9144.0
6990.0,SIA883,2.4148036652121916,104.09192385379912,9144.0
6990.0,SIA915,1.5376185433521912,104.0356707322978,9144.0
6990.0,SJX731,7.629999349792585,108.52650577911152,9144.0
6990.0,TGW139,8.143360405012604,106.21280747802315,9144.0
7000.0,SIA883,2.3922120511661342,104.09768122309666,9144.0
7000.0,SIA915,1.5247983782613093,104.03065199824465,9144.0
7000.0,SJX731,7.602729611437332,108.50751198063249,9144.0
7000.0,TGW139,8.1156953553526,106.19207798207617,9144.0
7000.0,SIA883,2.3922120511661342,104.09768122309666,9144.0
7000.0,SIA915,1.5247983782613093,104.03065199824465,9144.0
7000.0,SJX731,7.602729611437332,108.50751198063249,9144.0
7000.0,TGW139,8.1156953553526,106.19207798207617,9144.0
7010.0,SIA883,2.369807545016963,104.10339071285382,9144.0
7010.0,SIA915,1.5110694849920243,104.02962988971848,9144.0
7010.0,SJX731,7.5754590438790546,108.48852059829103,9144.0
7010.0,TGW139,8.088029200380088,106.17135141608253,9144.0
7010.0,SIA883,2.369807545016963,104.10339071285382,9144.0
7010.0,SIA915,1.5110694849920243,104.02962988971848,9144.0
7010.0,SJX731,7.5754590438790546,108.48852059829103,9144.0
7010.0,TGW139,8.088029200380088,106.17135141608253,9144.0
7020.0,SIA883,2.3467471626725414,104.10504231019333,9144.0
7020.0,SIA915,1.4976479098129083,104.0326948899704,9144.0
7020.0,SJX731,7.548187650196137,108.469531623131,9144.0
7020.0,TGW139,8.060361920805713,106.15062780130384,9144.0
7020.0,SIA883,2.3467471626725414,104.10504231019333,9144.0
7020.0,SIA915,1.4976479098129083,104.0326948899704,9144.0
7020.0,SJX731,7.548187650196137,108.469531623131,9144.0
7020.0,TGW139,8.060361920805713,106.15062780130384,9144.0
7030.0,SIA883,2.3243395988750812,104.10500430707037,9144.0
7030.0,SIA915,1.4857224780789835,104.0395754708905,9144.0
7030.0,SJX731,7.520915433464796,108.45054504620069,9144.0
7030.0,TGW139,8.032693463723833,106.12990720479233,9144.0
7030.0,SIA883,2.3243395988750812,104.10500430707037,9144.0
7030.0,SIA915,1.4857224780789835,104.0395754708905,9144.0
7030.0,SJX731,7.520915433464796,108.45054504620069,9144.0
7030.0,TGW139,8.032693463723833,106.12990720479233,9144.0
7040.0,SIA883,2.30193203507658,104.1049663051625,9144.0
7040.0,SIA915,1.4722364343722512,104.04267691549482,9144.0
7040.0,SJX731,7.493642396759046,108.43156085855286,9144.0
7040.0,TGW139,8.005023471524098,106.109190108641,9144.0
7040.0,SIA883,2.30193203507658,104.1049663051625,9144.0
7040.0,SIA915,1.4722364343722512,104.04267691549482,9144.0
7040.0,SJX731,7.493642396759046,108.43156085855286,9144.0
7040.0,TGW139,8.005023471524098,106.109190108641,9144.0
7050.0,SIA883,2.2795244630464353,104.1049990864536,9144.0
7050.0,SIA915,1.4586508659506445,104.0416438643907,9144.0
7050.0,SJX731,7.466368543150673,108.41257905124482,9144.0
7050.0,TGW139,7.977369548862956,106.08845254841911,9144.0
7050.0,SIA883,2.2795244630464353,104.1049990864536,9144.0
7050.0,SIA915,1.4586508659506445,104.0416438643907,9144.0
7050.0,SJX731,7.466368543150673,108.41257905124482,9144.0
7050.0,TGW139,7.977369548862956,106.08845254841911,9144.0
7060.0,SIA883,2.2576382087487743,104.1050311040654,9144.0
7060.0,SIA915,1.445986498003846,104.03661752928414,9144.0
7060.0,SJX731,7.439093875709196,108.39359961533847,9144.0
7060.0,TGW139,7.94989608817772,106.06785401585334,9144.0
7060.0,SIA883,2.2576382087487743,104.1050311040654,9144.0
7060.0,SIA915,1.445986498003846,104.03661752928414,9144.0
7060.0,SJX731,7.439093875709196,108.39359961533847,9144.0
7060.0,TGW139,7.94989608817772,106.06785401585334,9144.0
7070.0,SIA883,2.2357519504759993,104.10500193506158,9144.0
7070.0,SIA915,1.4368485165782738,104.02864941092713,9144.0
7070.0,SJX731,7.411818397501833,108.37462254190031,9144.0
7070.0,TGW139,7.922421494360852,106.0472584009891,9144.0
7070.0,SIA883,2.2357519504759993,104.10500193506158,9144.0
7070.0,SIA915,1.4368485165782738,104.02864941092713,9144.0
7070.0,SJX731,7.411818397501833,108.37462254190031,9144.0
7070.0,TGW139,7.922421494360852,106.0472584009891,9144.0
7080.0,SIA883,2.2156643338195425,104.10497516398078,9144.0
7080.0,SIA915,1.4308821396393014,104.0180935822141,9144.0
7080.0,SJX731,7.384542111593461,108.35564782200152,9144.0
7080.0,TGW139,7.894945558281431,106.02666598334807,9144.0
7080.0,SIA883,2.2156643338195425,104.10497516398078,9144.0
7080.0,SIA915,1.4308821396393014,104.0180935822141,9144.0
7080.0,SJX731,7.384542111593461,108.35564782200152,9144.0
7080.0,TGW139,7.894945558281431,106.02666598334807,9144.0
7090.0,SIA883,2.195627598358778,104.10510045272048,9144.0
7090.0,SIA915,1.4236457135352134,104.0094695091353,9144.0
7090.0,SJX731,7.357265021046577,108.33667544671799,9144.0
7090.0,TGW139,7.867453288221808,106.00609716367475,9144.0
7090.0,SIA883,2.195627598358778,104.10510045272048,9144.0
7090.0,SIA915,1.4236457135352134,104.0094695091353,9144.0
7090.0,SJX731,7.357265021046577,108.33667544671799,9144.0
7090.0,TGW139,7.867453288221808,106.00609716367475,9144.0
7100.0,SIA883,2.176125826859248,104.10510024704885,9144.0
7100.0,SIA915,1.4140091449363381,104.00423490167915,9144.0
7100.0,SJX731,7.329987128921244,108.31770540713046,9144.0
7100.0,TGW139,7.840096364354817,105.98563353475446,9144.0
7100.0,SIA883,2.176125826859248,104.10510024704885,9144.0
7100.0,SIA915,1.4140091449363381,104.00423490167915,9144.0
7100.0,SJX731,7.329987128921244,108.31770540713046,9144.0
7100.0,TGW139,7.840096364354817,105.98563353475446,9144.0
7110.0,SIA883,2.156624055359718,104.10510004138256,9144.0
7110.0,SIA915,1.4039058855086677,104.0001612618838,9144.0
7110.0,SJX731,7.302708438275051,108.2987376943245,9144.0
7110.0,TGW139,7.812774376425013,105.96512374589403,9144.0
7110.0,SIA883,2.156624055359718,104.10510004138256,9144.0
7110.0,SIA915,1.4039058855086677,104.0001612618838,9144.0
7110.0,SJX731,7.302708438275051,108.2987376943245,9144.0
7110.0,TGW139,7.812774376425013,105.96512374589403,9144.0
7120.0,SIA883,2.137122283860188,104.10509983572163,9144.0
7120.0,SIA915,1.3940723949192149,103.9961964302221,9144.0
7120.0,SJX731,7.27542895216305,108.27977229939063,9144.0
7120.0,TGW139,7.785587928924837,105.94471938909464,9144.0
7120.0,SIA883,2.137122283860188,104.10509983572163,9144.0
7120.0,SIA915,1.3940723949192149,103.9961964302221,9144.0
7120.0,SJX731,7.27542895216305,108.27977229939063,9144.0
7120.0,TGW139,7.785587928924837,105.94471938909464,9144.0
7130.0,SIA883,2.117620512360023,104.10509996798534,9144.0
7130.0,SIA915,1.384238897319055,103.99223163245995,9144.0
7130.0,SJX731,7.248148673637708,108.26080921342437,9144.0
7130.0,TGW139,7.75839995876269,105.92431842046301,9144.0
7130.0,SIA883,2.117620512360023,104.10509996798534,9144.0
7130.0,SIA915,1.384238897319055,103.99223163245995,9144.0
7130.0,SJX731,7.248148673637708,108.26080921342437,9144.0
7130.0,TGW139,7.75839995876269,105.92431842046301,9144.0
7140.0,SIA883,2.098454921914344,104.10510009796576,9144.0
7140.0,SIA915,1.3744053921485437,103.98826686986922,9144.0
7140.0,SJX731,7.220867605748835,108.24184842752636,9144.0
7140.0,TGW139,7.731054571792971,105.90413419850923,9144.0
7140.0,SIA883,2.098454921914344,104.10510009796576,9144.0
7140.0,SIA915,1.3744053921485437,103.98826686986922,9144.0
7140.0,SJX731,7.220867605748835,108.24184842752636,9144.0
7140.0,TGW139,7.731054571792971,105.90413419850923,9144.0
7150.0,SIA883,2.079289331468316,104.10510003865156,9144.0
7150.0,SIA915,1.3645718869780326,103.98430212354597,9144.0
7150.0,SJX731,7.193585751543523,108.22288993280246,9144.0
7150.0,TGW139,7.703662375873473,105.883918765441,9144.0
7150.0,SIA883,2.079289331468316,104.10510003865156,9144.0
7150.0,SIA915,1.3645718869780326,103.98430212354597,9144.0
7150.0,SJX731,7.193585751543523,108.22288993280246,9144.0
7150.0,TGW139,7.703662375873473,105.883918765441,9144.0
7160.0,SIA883,2.0591188540180188,104.10509997622894,9144.0
7160.0,SJX731,7.166303114066069,108.20393372036379,9144.0
7160.0,TGW139,7.676269223154352,105.86370595754906,9144.0
7160.0,SIA883,2.0591188540180188,104.10509997622894,9144.0
7160.0,SJX731,7.166303114066069,108.20393372036379,9144.0
7160.0,TGW139,7.676269223154352,105.86370595754906,9144.0
7170.0,SIA883,2.038948376567631,104.10509999193978,9144.0
7170.0,SJX731,7.139019696357893,108.18497978132692,9144.0
7170.0,TGW139,7.648875116827252,105.8434957656485,9144.0
7170.0,SIA883,2.038948376567631,104.10509999193978,9144.0
7170.0,SJX731,7.139019696357893,108.18497978132692,9144.0
7170.0,TGW139,7.648875116827252,105.8434957656485,9144.0
7180.0,SIA883,2.018114073875973,104.10510000816724,9144.0
7180.0,SJX731,7.111735501457457,108.16602810681395,9144.0
7180.0,TGW139,7.621480060047354,105.82328818060603,9144.0
7180.0,SIA883,2.018114073875973,104.10510000816724,9144.0
7180.0,SJX731,7.111735501457457,108.16602810681395,9144.0
7180.0,TGW139,7.621480060047354,105.82328818060603,9144.0
7190.0,SIA883,1.9972797711843142,104.10509999338899,9144.0
7190.0,SJX731,7.084450532400165,108.14707868795267,9144.0
7190.0,TGW139,7.594084055927764,105.80308319334776,9144.0
7190.0,SIA883,1.9972797711843142,104.10509999338899,9144.0
7190.0,SJX731,7.084450532400165,108.14707868795267,9144.0
7190.0,TGW139,7.594084055927764,105.80308319334776,9144.0
7200.0,SIA883,1.9768431778168656,104.10509999792588,9144.0
7200.0,SJX731,7.057164792218262,108.12813151587666,9144.0
7200.0,TGW139,7.566687107532636,105.7828807948687,9144.0
7200.0,SIA883,1.9768431778168656,104.10509999792588,9144.0
7200.0,SJX731,7.057164792218262,108.12813151587666,9144.0
7200.0,TGW139,7.566687107532636,105.7828807948687,9144.0
7210.0,SIA883,1.9564730401988828,104.1051000024479,9144.0
7210.0,SJX731,7.02987828394072,108.10918658172551,9144.0
7210.0,TGW139,7.539289217868623,105.76268097624454,9144.0
7210.0,SIA883,1.9564730401988828,104.1051000024479,9144.0
7210.0,SJX731,7.02987828394072,108.10918658172551,9144.0
7210.0,TGW139,7.539289217868623,105.76268097624454,9144.0
7220.0,SIA883,1.9361034378037227,104.10524775140948,9144.0
7220.0,SJX731,7.002591010593115,108.09024387664496,9144.0
7220.0,TGW139,7.51189038987415,105.74248372864648,9144.0
7220.0,SIA883,1.9361034378037227,104.10524775140948,9144.0
7220.0,SJX731,7.002591010593115,108.09024387664496,9144.0
7220.0,TGW139,7.51189038987415,105.74248372864648,9144.0
7230.0,SIA883,1.9160668376697163,104.10539308149724,9144.0
7230.0,SJX731,6.975302975197493,108.07130339178711,9144.0
7230.0,TGW139,7.484490626405737,105.7222890433601,9144.0
7230.0,SIA883,1.9160668376697163,104.10539308149724,9144.0
7230.0,SJX731,6.975302975197493,108.07130339178711,9144.0
7230.0,TGW139,7.484490626405737,105.7222890433601,9144.0
7240.0,SIA883,1.896029896083629,104.10547923341817,9144.0
7240.0,SJX731,6.948014180772221,108.0523651183106,9144.0
7240.0,TGW139,7.457089930220306,105.70209691180986,9144.0
7240.0,SIA883,1.896029896083629,104.10547923341817,9144.0
7240.0,SJX731,6.948014180772221,108.0523651183106,9144.0
7240.0,TGW139,7.457089930220306,105.70209691180986,9144.0
7250.0,SIA883,1.8762602393612022,104.10556423414423,9144.0
7250.0,SJX731,6.920724630331825,108.03342904738089,9144.0
7250.0,TGW139,7.429688303951866,105.68190732559118,9144.0
7250.0,SIA883,1.8762602393612022,104.10556423414423,9144.0
7250.0,SJX731,6.920724630331825,108.03342904738089,9144.0
7250.0,TGW139,7.429688303951866,105.68190732559118,9144.0
7260.0,SIA883,1.8564907514484337,104.10568216023503,9144.0
7260.0,SJX731,6.893434326886809,108.01449517017048,9144.0
7260.0,TGW139,7.4022857500801695,105.66172027651386,9144.0
7260.0,SIA883,1.8564907514484337,104.10568216023503,9144.0
7260.0,SJX731,6.893434326886809,108.01449517017048,9144.0
7260.0,TGW139,7.4022857500801695,105.66172027651386,9144.0
7270.0,SIA883,1.836922237644387,104.10579888489087,9144.0
7270.0,SJX731,6.866143273443462,107.9955634778592,9144.0
7270.0,TGW139,7.374882270887543,105.6415357566616,9144.0
7270.0,SIA883,1.836922237644387,104.10579888489087,9144.0
7270.0,SJX731,6.866143273443462,107.9955634778592,9144.0
7270.0,TGW139,7.374882270887543,105.6415357566616,9144.0
7280.0,SIA883,1.8174136307783841,104.10426364159991,9144.0
7280.0,SJX731,6.838851473003633,107.97663396163459,9144.0
7280.0,TGW139,7.3474778683977435,105.62135375847652,9144.0
7280.0,SIA883,1.8174136307783841,104.10426364159991,9144.0
7280.0,SJX731,6.838851473003633,107.97663396163459,9144.0
7280.0,TGW139,7.3474778683977435,105.62135375847652,9144.0
7290.0,SIA883,1.797769674380234,104.10274004349277,9144.0
7290.0,SJX731,6.811558928564495,107.95770661269212,9144.0
7290.0,TGW139,7.320072544286406,105.60117427488281,9144.0
7290.0,SIA883,1.797769674380234,104.10274004349277,9144.0
7290.0,SJX731,6.811558928564495,107.95770661269212,9144.0
7290.0,TGW139,7.320072544286406,105.60117427488281,9144.0
7300.0,SIA883,1.7795432027568612,104.10126710267886,9144.0
7300.0,SJX731,6.784265643118275,107.9387814222357,9144.0
7300.0,TGW139,7.2926662997444,105.58099729947546,9144.0
7300.0,SIA883,1.7795432027568612,104.10126710267886,9144.0
7300.0,SJX731,6.784265643118275,107.9387814222357,9144.0
7300.0,TGW139,7.2926662997444,105.58099729947546,9144.0
7310.0,SIA883,1.7624698512251773,104.09996247891718,9144.0
7310.0,SJX731,6.756971619651949,107.91985838147808,9144.0
7310.0,TGW139,7.265259135258491,105.5608228268232,9144.0
7310.0,SIA883,1.7624698512251773,104.09996247891718,9144.0
7310.0,SJX731,6.756971619651949,107.91985838147808,9144.0
7310.0,TGW139,7.265259135258491,105.5608228268232,9144.0
7320.0,SIA883,1.7455338028984613,104.09866837070074,9144.0
7320.0,SJX731,6.729676861146919,107.90093748164128,9144.0
7320.0,TGW139,7.237851050235573,105.54065085298748,9144.0
7320.0,SIA883,1.7455338028984613,104.09866837070074,9144.0
7320.0,SJX731,6.729676861146919,107.90093748164128,9144.0
7320.0,TGW139,7.237851050235573,105.54065085298748,9144.0
7330.0,SIA883,1.7286108487836973,104.09721288218192,9144.0
7330.0,SJX731,6.702381370578628,107.88201871395721,9144.0
7330.0,TGW139,7.2104420423008,105.52048137649183,9144.0
7330.0,SIA883,1.7286108487836973,104.09721288218192,9144.0
7330.0,SJX731,6.702381370578628,107.88201871395721,9144.0
7330.0,TGW139,7.2104420423008,105.52048137649183,9144.0
7340.0,SIA883,1.7116074046922374,104.09589689019668,9144.0
7340.0,SJX731,6.675085150916151,107.86310206966822,9144.0
7340.0,TGW139,7.183032105817855,105.50031440036541,9144.0
7340.0,SIA883,1.7116074046922374,104.09589689019668,9144.0
7340.0,SJX731,6.675085150916151,107.86310206966822,9144.0
7340.0,TGW139,7.183032105817855,105.50031440036541,9144.0
7350.0,SIA883,1.6945422411447222,104.09448916449865,9144.0
7350.0,SJX731,6.647788205121711,107.84418754002783,9144.0
7350.0,TGW139,7.15562122814093,105.48014993731933,9144.0
7350.0,SIA883,1.6945422411447222,104.09448916449865,9144.0
7350.0,SJX731,6.647788205121711,107.84418754002783,9144.0
7350.0,TGW139,7.15562122814093,105.48014993731933,9144.0
7360.0,SIA883,1.6777517424913522,104.09310412068159,9144.0
7360.0,SJX731,6.620490536150153,107.8252751163015,9144.0
7360.0,TGW139,7.128209376551797,105.45998802778689,9144.0
7360.0,SIA883,1.6777517424913522,104.09310412068159,9144.0
7360.0,SJX731,6.620490536150153,107.8252751163015,9144.0
7360.0,TGW139,7.128209376551797,105.45998802778689,9144.0
7370.0,SIA883,1.6609618676373727,104.09171154083145,9144.0
7370.0,SJX731,6.593192146948333,107.80636478976747,9144.0
7370.0,TGW139,7.100796399471693,105.43982887635269,9144.0
7370.0,SIA883,1.6609618676373727,104.09171154083145,9144.0
7370.0,SJX731,6.593192146948333,107.80636478976747,9144.0
7370.0,TGW139,7.100796399471693,105.43982887635269,9144.0
7380.0,SIA883,1.6444474031601752,104.09034182734325,9144.0
7380.0,SJX731,6.565893040454429,107.78745655171784,9144.0
7380.0,TGW139,7.073203851986912,105.41992125753882,9144.0
7380.0,SIA883,1.6444474031601752,104.09034182734325,9144.0
7380.0,SJX731,6.565893040454429,107.78745655171784,9144.0
7380.0,TGW139,7.073203851986912,105.41992125753882,9144.0
7390.0,SIA883,1.627917645924779,104.0891712126919,9144.0
7390.0,SJX731,6.538593219597151,107.76855039345966,9144.0
7390.0,TGW139,7.045425909446162,105.39988307692992,9144.0
7390.0,SIA883,1.627917645924779,104.0891712126919,9144.0
7390.0,SJX731,6.538593219597151,107.76855039345966,9144.0
7390.0,TGW139,7.045425909446162,105.39988307692992,9144.0
7400.0,SIA883,1.6115992742992418,104.0867158646651,9144.0
7400.0,SJX731,6.511292687294829,107.74964630631632,9144.0
7400.0,TGW139,7.017646905494787,105.3798475884423,9144.0
7400.0,SIA883,1.6115992742992418,104.0867158646651,9144.0
7400.0,SJX731,6.511292687294829,107.74964630631632,9144.0
7400.0,TGW139,7.017646905494787,105.3798475884423,9144.0
7410.0,SIA883,1.596739295606726,104.08174802587816,9144.0
7410.0,SJX731,6.483991446454371,107.730744281629,9144.0
7410.0,TGW139,6.991114638345016,105.35816567901944,9144.0
7410.0,SIA883,1.596739295606726,104.08174802587816,9144.0
7410.0,SJX731,6.483991446454371,107.730744281629,9144.0
7410.0,TGW139,6.991114638345016,105.35816567901944,9144.0
7420.0,SIA883,1.5830237533829439,104.07611353088042,9144.0
7420.0,SJX731,6.456689499970039,107.71184431075851,9144.0
7420.0,TGW139,6.964493332727156,105.33641452889225,9144.0
7420.0,SIA883,1.5830237533829439,104.07611353088042,9144.0
7420.0,SJX731,6.456689499970039,107.71184431075851,9144.0
7420.0,TGW139,6.964493332727156,105.33641452889225,9144.0
7430.0,SIA883,1.5699609331073343,104.0707472754343,9144.0
7430.0,SJX731,6.4293868507220315,107.69294638508734,9144.0
7430.0,TGW139,6.9378707690063,105.31466617371484,9144.0
7430.0,SIA883,1.5699609331073343,104.0707472754343,9144.0
7430.0,SJX731,6.4293868507220315,107.69294638508734,9144.0
7430.0,TGW139,6.9378707690063,105.31466617371484,9144.0
7440.0,SIA883,1.5569726503944257,104.06520294846955,9144.0
7440.0,SJX731,6.4020835015748165,107.67405049602212,9144.0
7440.0,TGW139,6.9115176893311645,105.292588493342,9144.0
7440.0,SIA883,1.5569726503944257,104.06520294846955,9144.0
7440.0,SJX731,6.4020835015748165,107.67405049602212,9144.0
7440.0,TGW139,6.9115176893311645,105.292588493342,9144.0
7450.0,SIA883,1.5446876066389081,104.06000158425506,9144.0
7450.0,SJX731,6.374779455375155,107.65515663499649,9144.0
7450.0,TGW139,6.884989555401124,105.27036804052956,9144.0
7450.0,SIA883,1.5446876066389081,104.06000158425506,9144.0
7450.0,SJX731,6.374779455375155,107.65515663499649,9144.0
7450.0,TGW139,6.884989555401124,105.27036804052956,9144.0
7460.0,SIA883,1.5324681979744421,104.05482807779295,9144.0
7460.0,SJX731,6.347474714949754,107.63626479347451,9144.0
7460.0,TGW139,6.8584186508643885,105.24820073566997,9144.0
7460.0,SIA883,1.5324681979744421,104.05482807779295,9144.0
7460.0,SJX731,6.347474714949754,107.63626479347451,9144.0
7460.0,TGW139,6.8584186508643885,105.24820073566997,9144.0
7470.0,SIA883,1.5202317607367186,104.04969503551689,9144.0
7470.0,SJX731,6.320169283102447,107.61737496295484,9144.0
7470.0,TGW139,6.8318464937989525,105.22603618794342,9144.0
7470.0,SIA883,1.5202317607367186,104.04969503551689,9144.0
7470.0,SJX731,6.320169283102447,107.61737496295484,9144.0
7470.0,TGW139,6.8318464937989525,105.22603618794342,9144.0
7480.0,SIA883,1.5081927680185774,104.04464488452271,9144.0
7480.0,SJX731,6.2928631626107805,107.5984871349757,9144.0
7480.0,TGW139,6.805286149146026,105.20385851270534,9144.0
7480.0,SIA883,1.5081927680185774,104.04464488452271,9144.0
7480.0,SJX731,6.2928631626107805,107.5984871349757,9144.0
7480.0,TGW139,6.805286149146026,105.20385851270534,9144.0
7490.0,SIA883,1.496173418255379,104.0395481557883,9144.0
7490.0,SJX731,6.265556356221838,107.57960130112097,9144.0
7490.0,TGW139,6.778594467250931,105.18157472839809,9144.0
7490.0,SIA883,1.496173418255379,104.0395481557883,9144.0
7490.0,SJX731,6.265556356221838,107.57960130112097,9144.0
7490.0,TGW139,6.778594467250931,105.18157472839809,9144.0
7500.0,SIA883,1.4839569185139565,104.03436789462775,9144.0
7500.0,SJX731,6.2382488666470906,107.56071745302776,9144.0
7500.0,TGW139,6.751901507097647,105.1592937283433,9144.0
7500.0,SIA883,1.4839569185139565,104.03436789462775,9144.0
7500.0,SJX731,6.2382488666470906,107.56071745302776,9144.0
7500.0,TGW139,6.751901507097647,105.1592937283433,9144.0
7510.0,SIA883,1.4717315239014899,104.02920870290406,9144.0
7510.0,SJX731,6.210940696555951,107.5418355823958,9144.0
7510.0,TGW139,6.724913503949476,105.13737731194388,9144.0
7510.0,SIA883,1.4717315239014899,104.02920870290406,9144.0
7510.0,SJX731,6.210940696555951,107.5418355823958,9144.0
7510.0,TGW139,6.724913503949476,105.13737731194388,9144.0
7520.0,SIA883,1.4610273962894473,104.02469158371,9144.0
7520.0,SJX731,6.183631848567613,107.52295568099946,9144.0
7520.0,TGW139,6.695583641702541,105.11886764839446,9144.0
7520.0,SIA883,1.4610273962894473,104.02469158371,9144.0
7520.0,SJX731,6.183631848567613,107.52295568099946,9144.0
7520.0,TGW139,6.695583641702541,105.11886764839446,9144.0
7530.0,SIA883,1.4502923539977504,104.02024850351609,9144.0
7530.0,SJX731,6.156322325240564,107.504077740703,9144.0
7530.0,TGW139,6.664920328931017,105.1034463898794,9144.0
7530.0,SIA883,1.4502923539977504,104.02024850351609,9144.0
7530.0,SJX731,6.156322325240564,107.504077740703,9144.0
7530.0,TGW139,6.664920328931017,105.1034463898794,9144.0
7540.0,SIA883,1.4398090984094216,104.01576633548218,9144.0
7540.0,SJX731,6.129012129058871,107.48520175348071,9144.0
7540.0,TGW139,6.632644095458463,105.09183196581895,9144.0
7540.0,SIA883,1.4398090984094216,104.01576633548218,9144.0
7540.0,SJX731,6.129012129058871,107.48520175348071,9144.0
7540.0,TGW139,6.632644095458463,105.09183196581895,9144.0
7550.0,SIA883,1.4291263482361787,104.01119892112945,9144.0
7550.0,SJX731,6.101701262413902,107.4663277114437,9144.0
7550.0,TGW139,6.599865556105949,105.08442307218172,9144.0
7550.0,SIA883,1.4291263482361787,104.01119892112945,9144.0
7550.0,SJX731,6.101701262413902,107.4663277114437,9144.0
7550.0,TGW139,6.599865556105949,105.08442307218172,9144.0
7560.0,SIA883,1.4184127893848575,104.00670431504965,9144.0
7560.0,SJX731,6.074389727579417,107.44745560687628,9144.0
7560.0,TGW139,6.5668268301455255,105.08118776873592,9144.0
7560.0,SIA883,1.4184127893848575,104.00670431504965,9144.0
7560.0,SJX731,6.074389727579417,107.44745560687628,9144.0
7560.0,TGW139,6.5668268301455255,105.08118776873592,9144.0
7570.0,SIA883,1.4083792864844646,104.00246165969364,9144.0
7570.0,SJX731,6.047077526676706,107.42858543228708,9144.0
7570.0,TGW139,6.533644158000211,105.08208690228354,9144.0
7570.0,SIA883,1.4083792864844646,104.00246165969364,9144.0
7570.0,SJX731,6.047077526676706,107.42858543228708,9144.0
7570.0,TGW139,6.533644158000211,105.08208690228354,9144.0
7580.0,SIA883,1.398546659130349,103.998303983583,9144.0
7580.0,SJX731,6.019764661624275,107.40971718048269,9144.0
7580.0,TGW139,6.501115090034484,105.08709813669111,9144.0
7580.0,SIA883,1.398546659130349,103.998303983583,9144.0
7580.0,SJX731,6.019764661624275,107.40971718048269,9144.0
7580.0,TGW139,6.501115090034484,105.08709813669111,9144.0
7590.0,SIA883,1.3885131404072486,103.99406140158052,9144.0
7590.0,SJX731,5.99245113406245,107.39085084467803,9144.0
7590.0,TGW139,6.468970678132965,105.09419081943773,9144.0
7590.0,SIA883,1.3885131404072486,103.99406140158052,9144.0
7590.0,SJX731,5.99245113406245,107.39085084467803,9144.0
7590.0,TGW139,6.468970678132965,105.09419081943773,9144.0
7600.0,SIA883,1.3784796132823778,103.98981885740271,9144.0
7600.0,SJX731,5.965136945235019,107.37198641866966,9144.0
7600.0,TGW139,6.437389615960249,105.10349977322265,9144.0
7600.0,SIA883,1.3784796132823778,103.98981885740271,9144.0
7600.0,SJX731,5.965136945235019,107.37198641866966,9144.0
7600.0,TGW139,6.437389615960249,105.10349977322265,9144.0
7610.0,SIA883,1.368446086157507,103.98557633103778,9144.0
7610.0,SJX731,5.937822095792279,107.35312389712419,9144.0
7610.0,TGW139,6.40591871868434,105.11277503519464,9144.0
7610.0,SIA883,1.368446086157507,103.98557633103778,9144.0
7610.0,SJX731,5.937822095792279,107.35312389712419,9144.0
7610.0,TGW139,6.40591871868434,105.11277503519464,9144.0
7620.0,SJX731,5.910506585437228,107.3342632760962,9144.0
7620.0,TGW139,6.3744476386417315,105.12204909868304,9144.0
7620.0,SJX731,5.910506585437228,107.3342632760962,9144.0
7620.0,TGW139,6.3744476386417315,105.12204909868304,9144.0
7630.0,SJX731,5.883190412219987,107.31540455406137,9144.0
7630.0,TGW139,6.343501501544909,105.1329655228258,9144.0
7630.0,SJX731,5.883190412219987,107.31540455406137,9144.0
7630.0,TGW139,6.343501501544909,105.1329655228258,9144.0
7640.0,SJX731,5.855873570898659,107.29654773431636,9144.0
7640.0,TGW139,6.31277254898203,105.14380391602326,9144.0
7640.0,SJX731,5.855873570898659,107.29654773431636,9144.0
7640.0,TGW139,6.31277254898203,105.14380391602326,9144.0
7650.0,SJX731,5.828556048059589,107.27769283212314,9144.0
7650.0,TGW139,6.283645277876821,105.15844941326483,9144.0
7650.0,SJX731,5.828556048059589,107.27769283212314,9144.0
7650.0,TGW139,6.283645277876821,105.15844941326483,9144.0
7660.0,SJX731,5.801237798163343,107.25883990977965,9144.0
7660.0,TGW139,6.25607251591032,105.17543460389469,9144.0
7660.0,SJX731,5.801237798163343,107.25883990977965,9144.0
7660.0,TGW139,6.25607251591032,105.17543460389469,9144.0
7670.0,SJX731,5.773914615458786,107.23999512187538,9144.0
7670.0,TGW139,6.226580671622667,105.18876310523831,9144.0
7670.0,SJX731,5.773914615458786,107.23999512187538,9144.0
7670.0,TGW139,6.226580671622667,105.18876310523831,9144.0
7680.0,SJX731,5.746660054025004,107.22105112347813,9144.0
7680.0,TGW139,6.195806001337573,105.19814790827105,9144.0
7680.0,SJX731,5.746660054025004,107.22105112347813,9144.0
7680.0,TGW139,6.195806001337573,105.19814790827105,9144.0
7690.0,SJX731,5.719216366709542,107.20197843099072,9144.0
7690.0,TGW139,6.16347999663589,105.20369416349429,9144.0
7690.0,SJX731,5.719216366709542,107.20197843099072,9144.0
7690.0,TGW139,6.16347999663589,105.20369416349429,9144.0
7700.0,SJX731,5.691727089472604,107.18297307755563,9144.0
7700.0,TGW139,6.1299217393603405,105.20526603146143,9144.0
7700.0,SJX731,5.691727089472604,107.18297307755563,9144.0
7700.0,TGW139,6.1299217393603405,105.20526603146143,9144.0
7710.0,SJX731,5.6642371491804795,107.1639695992727,9144.0
7710.0,TGW139,6.096423770881965,105.20270491522719,9144.0
7710.0,SJX731,5.6642371491804795,107.1639695992727,9144.0
7710.0,TGW139,6.096423770881965,105.20270491522719,9144.0
7720.0,SJX731,5.636746523823853,107.14496802383653,9144.0
7720.0,TGW139,6.063487454806177,105.19604965291794,9144.0
7720.0,SJX731,5.636746523823853,107.14496802383653,9144.0
7720.0,TGW139,6.063487454806177,105.19604965291794,9144.0
7730.0,SJX731,5.6092551002928355,107.12596851203885,9144.0
7730.0,TGW139,6.031605748495074,105.18540032474405,9144.0
7730.0,SJX731,5.6092551002928355,107.12596851203885,9144.0
7730.0,TGW139,6.031605748495074,105.18540032474405,9144.0
7740.0,SJX731,5.5818188458535944,107.10688954893494,9144.0
7740.0,TGW139,6.001255824981796,105.17091673533248,9144.0
7740.0,SJX731,5.5818188458535944,107.10688954893494,9144.0
7740.0,TGW139,6.001255824981796,105.17091673533248,9144.0
7750.0,SJX731,5.554334839669016,107.08777993136735,9144.0
7750.0,TGW139,5.971796246034083,105.15296895388562,9144.0
7750.0,SJX731,5.554334839669016,107.08777993136735,9144.0
7750.0,TGW139,5.971796246034083,105.15296895388562,9144.0
7760.0,SJX731,5.526821511322778,107.0687138430198,9144.0
7760.0,TGW139,5.942432699818503,105.13508202963439,9144.0
7760.0,SJX731,5.526821511322778,107.0687138430198,9144.0
7760.0,TGW139,5.942432699818503,105.13508202963439,9144.0
7770.0,SJX731,5.499307504381383,107.04964962676262,9144.0
7770.0,TGW139,5.913068520135765,105.11719710833677,9144.0
7770.0,SJX731,5.499307504381383,107.04964962676262,9144.0
7770.0,TGW139,5.913068520135765,105.11719710833677,9144.0
7780.0,SJX731,5.471792663959861,107.03058750374397,9144.0
7780.0,TGW139,5.881788905319432,105.1029688863977,9144.0
7780.0,SJX731,5.471792663959861,107.03058750374397,9144.0
7780.0,TGW139,5.881788905319432,105.1029688863977,9144.0
7790.0,SJX731,5.4442601486259505,107.01155202705273,9144.0
7790.0,TGW139,5.849406205098343,105.0927662080935,9144.0
7790.0,SJX731,5.4442601486259505,107.01155202705273,9144.0
7790.0,TGW139,5.849406205098343,105.0927662080935,9144.0
7800.0,SJX731,5.416774084927162,106.99255084945578,9144.0
7800.0,TGW139,5.8170055700313865,105.08262181655394,9144.0
7800.0,SJX731,5.416774084927162,106.99255084945578,9144.0
7800.0,TGW139,5.8170055700313865,105.08262181655394,9144.0
7810.0,SJX731,5.389287410810622,106.97355142492009,9144.0
7810.0,TGW139,5.784846012565775,105.07173050340121,9144.0
7810.0,SJX731,5.389287410810622,106.97355142492009,9144.0
7810.0,TGW139,5.784846012565775,105.07173050340121,9144.0
7820.0,SJX731,5.361800125918833,106.95455374951696,9144.0
7820.0,TGW139,5.752847825191195,105.06089521433613,9144.0
7820.0,SJX731,5.361800125918833,106.95455374951696,9144.0
7820.0,TGW139,5.752847825191195,105.06089521433613,9144.0
7830.0,SJX731,5.334312228048985,106.93555782201265,9144.0
7830.0,TGW139,5.720713254754196,105.05047620001892,9144.0
7830.0,SJX731,5.334312228048985,106.93555782201265,9144.0
7830.0,TGW139,5.720713254754196,105.05047620001892,9144.0
7840.0,SJX731,5.306823711122535,106.91656364683256,9144.0
7840.0,TGW139,5.688741086772522,105.04011109900773,9144.0
7840.0,SJX731,5.306823711122535,106.91656364683256,9144.0
7840.0,TGW139,5.688741086772522,105.04011109900773,9144.0
7850.0,SJX731,5.279334558446855,106.89757124389831,9144.0
7850.0,TGW139,5.656800348314372,105.02964917367476,9144.0
7850.0,SJX731,5.279334558446855,106.89757124389831,9144.0
7850.0,TGW139,5.656800348314372,105.02964917367476,9144.0
7860.0,SJX731,5.251844698807081,106.87858071272767,9144.0
7860.0,TGW139,5.624642892085314,105.01911752515926,9144.0
7860.0,SJX731,5.251844698807081,106.87858071272767,9144.0
7860.0,TGW139,5.624642892085314,105.01911752515926,9144.0
7870.0,SJX731,5.224398883044396,106.85952688346865,9144.0
7870.0,TGW139,5.592443287972075,105.00871729162787,9144.0
7870.0,SJX731,5.224398883044396,106.85952688346865,9144.0
7870.0,TGW139,5.592443287972075,105.00871729162787,9144.0
7880.0,SJX731,5.196858456438127,106.84040960385357,9144.0
7880.0,TGW139,5.560081249806638,104.99826583383482,9144.0
7880.0,SJX731,5.196858456438127,106.84040960385357,9144.0
7880.0,TGW139,5.560081249806638,104.99826583383482,9144.0
7890.0,SJX731,5.169317154904548,106.82129442864505,9144.0
7890.0,TGW139,5.527718921027037,104.98781585739651,9144.0
7890.0,SJX731,5.169317154904548,106.82129442864505,9144.0
7890.0,TGW139,5.527718921027037,104.98781585739651,9144.0
7900.0,SJX731,5.141721134602591,106.80225981035235,9144.0
7900.0,TGW139,5.495424305048164,104.97715711654784,9144.0
7900.0,SJX731,5.141721134602591,106.80225981035235,9144.0
7900.0,TGW139,5.495424305048164,104.97715711654784,9144.0
7910.0,SJX731,5.11412438090775,106.78322708664295,9144.0
7910.0,TGW139,5.462860281353866,104.96641088694187,9144.0
7910.0,SJX731,5.11412438090775,106.78322708664295,9144.0
7910.0,TGW139,5.462860281353866,104.96641088694187,9144.0
7920.0,SJX731,5.086534103377208,106.76418571938355,9144.0
7920.0,TGW139,5.430238302501566,104.95584410363436,9144.0
7920.0,SJX731,5.086534103377208,106.76418571938355,9144.0
7920.0,TGW139,5.430238302501566,104.95584410363436,9144.0
7930.0,SJX731,5.058849102857115,106.7450813255141,9144.0
7930.0,TGW139,5.397562303853132,104.94526105991017,9144.0
7930.0,SJX731,5.058849102857115,106.7450813255141,9144.0
7930.0,TGW139,5.397562303853132,104.94526105991017,9144.0
7940.0,SJX731,5.031172793345897,106.72596505983331,9144.0
7940.0,TGW139,5.364925642076235,104.9345568247779,9144.0
7940.0,SJX731,5.031172793345897,106.72596505983331,9144.0
7940.0,TGW139,5.364925642076235,104.9345568247779,9144.0
7950.0,SJX731,5.003495792185027,106.70685061395861,9144.0
7950.0,TGW139,5.332181361537116,104.92381853466281,9144.0
7950.0,SJX731,5.003495792185027,106.70685061395861,9144.0
7950.0,TGW139,5.332181361537116,104.92381853466281,9144.0
7960.0,SJX731,4.975822446984499,106.68773164114387,9144.0
7960.0,TGW139,5.29943670416837,104.91308197463296,9144.0
7960.0,SJX731,4.975822446984499,106.68773164114387,9144.0
7960.0,TGW139,5.29943670416837,104.91308197463296,9144.0
7970.0,SJX731,4.948242517673334,106.66867920742976,9144.0
7970.0,TGW139,5.26668912538688,104.90235497218025,9144.0
7970.0,SJX731,4.948242517673334,106.66867920742976,9144.0
7970.0,TGW139,5.26668912538688,104.90235497218025,9144.0
7980.0,SJX731,4.920662032425634,106.64962837629734,9144.0
7980.0,TGW139,5.2338874821288845,104.89161218011847,9144.0
7980.0,SJX731,4.920662032425634,106.64962837629734,9144.0
7980.0,TGW139,5.2338874821288845,104.89161218011847,9144.0
7990.0,SJX731,4.893080993121928,106.63057914052344,9144.0
7990.0,TGW139,5.201074198193605,104.88090585580257,9144.0
7990.0,SJX731,4.893080993121928,106.63057914052344,9144.0
7990.0,TGW139,5.201074198193605,104.88090585580257,9144.0
8000.0,SJX731,4.865499401285257,106.61153149340728,9144.0
8000.0,TGW139,5.168368100914665,104.87023580784378,9144.0
8000.0,SJX731,4.865499401285257,106.61153149340728,9144.0
8000.0,TGW139,5.168368100914665,104.87023580784378,9144.0
8010.0,SJX731,4.837917257897223,106.59248542903889,9144.0
8010.0,TGW139,5.1356511852517,104.85959979765471,9144.0
8010.0,SJX731,4.837917257897223,106.59248542903889,9144.0
8010.0,TGW139,5.1356511852517,104.85959979765471,9144.0
8020.0,SJX731,4.8103345630612155,106.5734409427903,9144.0
8020.0,TGW139,5.102880326995225,104.8489474975929,9144.0
8020.0,SJX731,4.8103345630612155,106.5734409427903,9144.0
8020.0,TGW139,5.102880326995225,104.8489474975929,9144.0
8030.0,SJX731,4.782751315312523,106.55439803232207,9144.0
8030.0,TGW139,5.070158337031853,104.83814538307908,9144.0
8030.0,SJX731,4.782751315312523,106.55439803232207,9144.0
8030.0,TGW139,5.070158337031853,104.83814538307908,9144.0
8040.0,SJX731,4.755167509948099,106.53535670001983,9144.0
8040.0,TGW139,5.037489802517471,104.82736214522232,9144.0
8040.0,SJX731,4.755167509948099,106.53535670001983,9144.0
8040.0,TGW139,5.037489802517471,104.82736214522232,9144.0
8050.0,SJX731,4.7275831336753695,106.51631696080065,9144.0
8050.0,TGW139,5.004770777426411,104.81673483244376,9144.0
8050.0,SJX731,4.7275831336753695,106.51631696080065,9144.0
8050.0,TGW139,5.004770777426411,104.81673483244376,9144.0
8060.0,SJX731,4.6999981329984415,106.49727888823146,9144.0
8060.0,TGW139,4.972051561396675,104.80610864172016,9144.0
8060.0,SJX731,4.6999981329984415,106.49727888823146,9144.0
8060.0,TGW139,4.972051561396675,104.80610864172016,9144.0
8070.0,SJX731,4.672407453823854,106.47824985288912,9144.0
8070.0,TGW139,4.939337509595247,104.79546696960537,9144.0
8070.0,SJX731,4.672407453823854,106.47824985288912,9144.0
8070.0,TGW139,4.939337509595247,104.79546696960537,9144.0
8080.0,SJX731,4.645004624515745,106.45935227756237,9144.0
8080.0,TGW139,4.906677040041717,104.78484388147098,9144.0
8080.0,SJX731,4.645004624515745,106.45935227756237,9144.0
8080.0,TGW139,4.906677040041717,104.78484388147098,9144.0
8090.0,SJX731,4.61760124207399,106.44045624176955,9144.0
8090.0,TGW139,4.8740099302163244,104.77424189841683,9144.0
8090.0,SJX731,4.61760124207399,106.44045624176955,9144.0
8090.0,TGW139,4.8740099302163244,104.77424189841683,9144.0
8100.0,SJX731,4.590197238310133,106.4215618406727,9144.0
8100.0,TGW139,4.841342639373154,104.76364099087125,9144.0
8100.0,SJX731,4.590197238310133,106.4215618406727,9144.0
8100.0,TGW139,4.841342639373154,104.76364099087125,9144.0
8110.0,SJX731,4.562795113362008,106.4026654207237,9144.0
8110.0,TGW139,4.808706721583983,104.75294371575515,9144.0
8110.0,SJX731,4.562795113362008,106.4026654207237,9144.0
8110.0,TGW139,4.808706721583983,104.75294371575515,9144.0
8120.0,SJX731,4.53534532990306,106.38373796435052,9144.0
8120.0,TGW139,4.776070624386376,104.74224750268947,9144.0
8120.0,SJX731,4.53534532990306,106.38373796435052,9144.0
8120.0,TGW139,4.776070624386376,104.74224750268947,9144.0
8130.0,SJX731,4.507895027734138,106.36481198207515,9144.0
8130.0,TGW139,4.743419036715918,104.73159950680468,9144.0
8130.0,SJX731,4.507895027734138,106.36481198207515,9144.0
8130.0,TGW139,4.743419036715918,104.73159950680468,9144.0
8140.0,SJX731,4.480444199389836,106.34588748039583,9144.0
8140.0,TGW139,4.710874881674457,104.72098763806927,9144.0
8140.0,SJX731,4.480444199389836,106.34588748039583,9144.0
8140.0,TGW139,4.710874881674457,104.72098763806927,9144.0
8150.0,SJX731,4.4529928209073875,106.32696448989088,9144.0
8150.0,TGW139,4.678339349315591,104.71034967889453,9144.0
8150.0,SJX731,4.4529928209073875,106.32696448989088,9144.0
8150.0,TGW139,4.678339349315591,104.71034967889453,9144.0
8160.0,SJX731,4.426941436992432,106.30614606509654,9144.0
8160.0,TGW139,4.645857486114973,104.69973034067407,9144.0
8160.0,SJX731,4.426941436992432,106.30614606509654,9144.0
8160.0,TGW139,4.645857486114973,104.69973034067407,9144.0
8170.0,SJX731,4.401113459901517,106.28550811470863,9144.0
8170.0,TGW139,4.613365237747464,104.68914351741628,9144.0
8170.0,SJX731,4.401113459901517,106.28550811470863,9144.0
8170.0,TGW139,4.613365237747464,104.68914351741628,9144.0
8180.0,SJX731,4.375284893436863,106.26487162019738,9144.0
8180.0,TGW139,4.580872823109607,104.67855769051366,9144.0
8180.0,SJX731,4.375284893436863,106.26487162019738,9144.0
8180.0,TGW139,4.580872823109607,104.67855769051366,9144.0
8190.0,SJX731,4.34945573723694,106.24423657778377,9144.0
8190.0,TGW139,4.548386975945111,104.66795207736581,9144.0
8190.0,SJX731,4.34945573723694,106.24423657778377,9144.0
8190.0,TGW139,4.548386975945111,104.66795207736581,9144.0
8200.0,SJX731,4.323625988999788,106.22360298613275,9144.0
8200.0,TGW139,4.515900964910229,104.65734744597053,9144.0
8200.0,SJX731,4.323625988999788,106.22360298613275,9144.0
8200.0,TGW139,4.515900964910229,104.65734744597053,9144.0
8210.0,SJX731,4.297795642455233,106.20297084890659,9144.0
8210.0,TGW139,4.483402590649986,104.64678147171948,9144.0
8210.0,SJX731,4.297795642455233,106.20297084890659,9144.0
8210.0,TGW139,4.483402590649986,104.64678147171948,9144.0
8220.0,SJX731,4.271964680998689,106.18234018278108,9144.0
8220.0,TGW139,4.450904057049503,104.63621645876344,9144.0
8220.0,SJX731,4.271964680998689,106.18234018278108,9144.0
8220.0,TGW139,4.450904057049503,104.63621645876344,9144.0
8230.0,SJX731,4.246133042042989,106.1617110623326,9144.0
8230.0,TGW139,4.418405263590222,104.62565271472906,9144.0
8230.0,SJX731,4.246133042042989,106.1617110623326,9144.0
8230.0,TGW139,4.418405263590222,104.62565271472906,9144.0
8240.0,SJX731,4.223056859503736,106.13802491918604,9144.0
8240.0,TGW139,4.385921763795226,104.61504221940127,9144.0
8240.0,SJX731,4.223056859503736,106.13802491918604,9144.0
8240.0,TGW139,4.385921763795226,104.61504221940127,9144.0
8250.0,SJX731,4.20280746823866,106.11157855677999,9144.0
8250.0,TGW139,4.353384219419002,104.60441521839492,9144.0
8250.0,SJX731,4.20280746823866,106.11157855677999,9144.0
8250.0,TGW139,4.353384219419002,104.60441521839492,9144.0
8260.0,SJX731,4.18255705496985,106.08513366633579,9144.0
8260.0,TGW139,4.320836367312901,104.59382046935637,9144.0
8260.0,SJX731,4.18255705496985,106.08513366633579,9144.0
8260.0,TGW139,4.320836367312901,104.59382046935637,9144.0
8270.0,SJX731,4.162305519505977,106.05869032171204,9144.0
8270.0,TGW139,4.288288335891041,104.58322672733645,9144.0
8270.0,SJX731,4.162305519505977,106.05869032171204,9144.0
8270.0,TGW139,4.288288335891041,104.58322672733645,9144.0
8280.0,SJX731,4.142051754592757,106.03224937224405,9144.0
8280.0,TGW139,4.2556613769660965,104.57288046038866,9144.0
8280.0,SJX731,4.142051754592757,106.03224937224405,9144.0
8280.0,TGW139,4.2556613769660965,104.57288046038866,9144.0
8290.0,SJX731,4.120634817891067,106.00674713108297,9144.0
8290.0,TGW139,4.222032746439614,104.56653160944728,9144.0
8290.0,SJX731,4.120634817891067,106.00674713108297,9144.0
8290.0,TGW139,4.222032746439614,104.56653160944728,9144.0
8300.0,SJX731,4.0991059451676986,105.98111528268754,9144.0
8300.0,TGW139,4.187999720299186,104.5642925166534,9144.0
8300.0,SJX731,4.0991059451676986,105.98111528268754,9144.0
8300.0,TGW139,4.187999720299186,104.5642925166534,9144.0
8310.0,SJX731,4.078180907218105,105.9549863176826,9144.0
8310.0,TGW139,4.15431213306201,104.56548480184273,9144.0
8310.0,SJX731,4.078180907218105,105.9549863176826,9144.0
8310.0,TGW139,4.15431213306201,104.56548480184273,9144.0
8320.0,SJX731,4.057183012149199,105.92876991017674,9144.0
8320.0,TGW139,4.120624544021205,104.56667698509426,9144.0
8320.0,SJX731,4.057183012149199,105.92876991017674,9144.0
8320.0,TGW139,4.120624544021205,104.56667698509426,9144.0
8330.0,SJX731,4.035951044241624,105.90274434747819,9144.0
8330.0,TGW139,4.087082881121238,104.5700358206739,9144.0
8330.0,SJX731,4.035951044241624,105.90274434747819,9144.0
8330.0,TGW139,4.087082881121238,104.5700358206739,9144.0
8340.0,SJX731,4.014790039254141,105.87680911833476,9144.0
8340.0,TGW139,4.053995573870715,104.57334888007748,9144.0
8340.0,SJX731,4.014790039254141,105.87680911833476,9144.0
8340.0,TGW139,4.053995573870715,104.57334888007748,9144.0
8350.0,SJX731,3.993701590304154,105.85081523740445,9144.0
8350.0,TGW139,4.020908252830004,104.57666166602988,9144.0
8350.0,SJX731,3.993701590304154,105.85081523740445,9144.0
8350.0,TGW139,4.020908252830004,104.57666166602988,9144.0
8360.0,SJX731,3.972504109784359,105.8246897356582,9144.0
8360.0,TGW139,3.9878178367836976,104.5799431058865,9144.0
8360.0,SJX731,3.972504109784359,105.8246897356582,9144.0
8360.0,TGW139,3.9878178367836976,104.5799431058865,9144.0
8370.0,SJX731,3.951304769940301,105.79856641933416,9144.0
8370.0,TGW139,3.9546704779257738,104.58322992476478,9144.0
8370.0,SJX731,3.951304769940301,105.79856641933416,9144.0
8370.0,TGW139,3.9546704779257738,104.58322992476478,9144.0
8380.0,SJX731,3.9300852620137348,105.77246022674468,9144.0
8380.0,TGW139,3.921526058275417,104.58654625991818,9144.0
8380.0,SJX731,3.9300852620137348,105.77246022674468,9144.0
8380.0,TGW139,3.921526058275417,104.58654625991818,9144.0
8390.0,SJX731,3.908936475206626,105.74644443899959,9144.0
8390.0,TGW139,3.8881542936419153,104.58988507426736,9144.0
8390.0,SJX731,3.908936475206626,105.74644443899959,9144.0
8390.0,TGW139,3.8881542936419153,104.58988507426736,9144.0
8400.0,SJX731,3.8877792075673736,105.72043623446312,9144.0
8400.0,TGW139,3.8547699791428003,104.59309524852468,9144.0
8400.0,SJX731,3.8877792075673736,105.72043623446312,9144.0
8400.0,TGW139,3.8547699791428003,104.59309524852468,9144.0
8410.0,SJX731,3.866548768246328,105.6943409448291,9144.0
8410.0,TGW139,3.8215561604802994,104.59628877586522,9144.0
8410.0,SJX731,3.866548768246328,105.6943409448291,9144.0
8410.0,TGW139,3.8215561604802994,104.59628877586522,9144.0
8420.0,SJX731,3.8453392194240283,105.668229247075,9144.0
8420.0,TGW139,3.788345041845015,104.5995102609396,9144.0
8420.0,SJX731,3.8453392194240283,105.668229247075,9144.0
8420.0,TGW139,3.788345041845015,104.5995102609396,9144.0
8430.0,SJX731,3.8242727604122217,105.64229650767233,9144.0
8430.0,TGW139,3.755475891553463,104.60269832921594,9144.0
8430.0,SJX731,3.8242727604122217,105.64229650767233,9144.0
8430.0,TGW139,3.755475891553463,104.60269832921594,9144.0
8440.0,SJX731,3.8031913365808068,105.61637662222347,9144.0
8440.0,TGW139,3.7226111352627065,104.60593145076052,9144.0
8440.0,SJX731,3.8031913365808068,105.61637662222347,9144.0
8440.0,TGW139,3.7226111352627065,104.60593145076052,9144.0
8450.0,SJX731,3.7823622407285518,105.5907696673817,9144.0
8450.0,TGW139,3.689975065310591,104.60914183401107,9144.0
8450.0,SJX731,3.7823622407285518,105.5907696673817,9144.0
8450.0,TGW139,3.689975065310591,104.60914183401107,9144.0
8460.0,SJX731,3.7615639719034917,105.56513817217066,9144.0
8460.0,TGW139,3.657338987663988,104.61235202131013,9144.0
8460.0,SJX731,3.7615639719034917,105.56513817217066,9144.0
8460.0,TGW139,3.657338987663988,104.61235202131013,9144.0
8470.0,SJX731,3.7408372548713436,105.53959738527321,9144.0
8470.0,TGW139,3.624932196330402,104.61553942200388,9144.0
8470.0,SJX731,3.7408372548713436,105.53959738527321,9144.0
8470.0,TGW139,3.624932196330402,104.61553942200388,9144.0
8480.0,SJX731,3.7201086714449323,105.51405872199919,9144.0
8480.0,TGW139,3.5925204659244345,104.6186758838615,9144.0
8480.0,SJX731,3.7201086714449323,105.51405872199919,9144.0
8480.0,TGW139,3.5925204659244345,104.6186758838615,9144.0
8490.0,SJX731,3.6994094508140782,105.48849675242391,9144.0
8490.0,TGW139,3.560396241856033,104.62178430244126,9144.0
8490.0,SJX731,3.6994094508140782,105.48849675242391,9144.0
8490.0,TGW139,3.560396241856033,104.62178430244126,9144.0
8500.0,SJX731,3.678817497499147,105.46307092692331,9144.0
8500.0,TGW139,3.5282720068088413,104.62489249917583,9144.0
8500.0,SJX731,3.678817497499147,105.46307092692331,9144.0
8500.0,TGW139,3.5282720068088413,104.62489249917583,9144.0
8510.0,SJX731,3.6581990793637402,105.43766723253603,9144.0
8510.0,TGW139,3.4961563551093704,104.62808838303957,9144.0
8510.0,SJX731,3.6581990793637402,105.43766723253603,9144.0
8510.0,TGW139,3.4961563551093704,104.62808838303957,9144.0
8520.0,SJX731,3.6376519234239133,105.41235493178327,9144.0
8520.0,TGW139,3.4642713316357523,104.63126109630058,9144.0
8520.0,SJX731,3.6376519234239133,105.41235493178327,9144.0
8520.0,TGW139,3.4642713316357523,104.63126109630058,9144.0
8530.0,SJX731,3.617140261947277,105.38701431867833,9144.0
8530.0,TGW139,3.432229486116092,104.63132611679829,9144.0
8530.0,SJX731,3.617140261947277,105.38701431867833,9144.0
8530.0,TGW139,3.432229486116092,104.63132611679829,9144.0
8540.0,SJX731,3.5967000250965593,105.361765144928,9144.0
8540.0,TGW139,3.4006772014362077,104.62728182408291,9144.0
8540.0,SJX731,3.5967000250965593,105.361765144928,9144.0
8540.0,TGW139,3.4006772014362077,104.62728182408291,9144.0
8550.0,SJX731,3.5762187141147064,105.33654997437449,9144.0
8550.0,TGW139,3.3699087419019658,104.61919645431591,9144.0
8550.0,SJX731,3.5762187141147064,105.33654997437449,9144.0
8550.0,TGW139,3.3699087419019658,104.61919645431591,9144.0
8560.0,SJX731,3.5558824755595624,105.31151587919024,9144.0
8560.0,TGW139,3.3405512209682793,104.60723511910201,9144.0
8560.0,SJX731,3.5558824755595624,105.31151587919024,9144.0
8560.0,TGW139,3.3405512209682793,104.60723511910201,9144.0
8570.0,SJX731,3.535599784600511,105.28643876257391,9144.0
8570.0,TGW139,3.3129856437775667,104.59156954122787,9144.0
8570.0,SJX731,3.535599784600511,105.28643876257391,9144.0
8570.0,TGW139,3.3129856437775667,104.59156954122787,9144.0
8580.0,SJX731,3.515279786457634,105.26131783660372,9144.0
8580.0,TGW139,3.285759809751611,104.57649493938568,9144.0
8580.0,SJX731,3.515279786457634,105.26131783660372,9144.0
8580.0,TGW139,3.285759809751611,104.57649493938568,9144.0
8590.0,SJX731,3.494957289781867,105.2361994852219,9144.0
8590.0,TGW139,3.258022164226142,104.56113796918774,9144.0
8590.0,SJX731,3.494957289781867,105.2361994852219,9144.0
8590.0,TGW139,3.258022164226142,104.56113796918774,9144.0
8600.0,SJX731,3.474591068771982,105.2111172481474,9144.0
8600.0,TGW139,3.2302842342720983,104.54578193578409,9144.0
8600.0,SJX731,3.474591068771982,105.2111172481474,9144.0
8600.0,TGW139,3.2302842342720983,104.54578193578409,9144.0
8610.0,SJX731,3.4545533182786596,105.1864424502285,9144.0
8610.0,TGW139,3.201647434391112,104.5321818471584,9144.0
8610.0,SJX731,3.4545533182786596,105.1864424502285,9144.0
8610.0,TGW139,3.201647434391112,104.5321818471584,9144.0
8620.0,SJX731,3.434525104899535,105.16176040164456,9144.0
8620.0,TGW139,3.1731157812827795,104.51863258141306,9144.0
8620.0,SJX731,3.434525104899535,105.16176040164456,9144.0
8620.0,TGW139,3.1731157812827795,104.51863258141306,9144.0
8630.0,SJX731,3.4145325889490468,105.13712498046569,9144.0
8630.0,TGW139,3.1447772217616654,104.5046831369235,9144.0
8630.0,SJX731,3.4145325889490468,105.13712498046569,9144.0
8630.0,TGW139,3.1447772217616654,104.5046831369235,9144.0
8640.0,SJX731,3.3945119375974557,105.11251301187444,9144.0
8640.0,TGW139,3.117971795006659,104.49148919785918,9144.0
8640.0,SJX731,3.3945119375974557,105.11251301187444,9144.0
8640.0,TGW139,3.117971795006659,104.49148919785918,9144.0
8650.0,SJX731,3.3743433053296137,105.08772164728099,9144.0
8650.0,TGW139,3.0912019574931024,104.47822332173993,9144.0
8650.0,SJX731,3.3743433053296137,105.08772164728099,9144.0
8650.0,TGW139,3.0912019574931024,104.47822332173993,9144.0
8660.0,SJX731,3.3542632056213773,105.06285878345092,9144.0
8660.0,TGW139,3.0655061941813067,104.4654904528155,9144.0
8660.0,SJX731,3.3542632056213773,105.06285878345092,9144.0
8660.0,TGW139,3.0655061941813067,104.4654904528155,9144.0
8670.0,SJX731,3.334145626664267,105.03795197030395,9144.0
8670.0,TGW139,3.0398101407554408,104.45275847557332,9144.0
8670.0,SJX731,3.334145626664267,105.03795197030395,9144.0
8670.0,TGW139,3.0398101407554408,104.45275847557332,9144.0
8680.0,SJX731,3.3139306734030076,105.01312490045134,9144.0
8680.0,TGW139,3.0140964678526783,104.44006252240467,9144.0
8680.0,SJX731,3.3139306734030076,105.01312490045134,9144.0
8680.0,TGW139,3.0140964678526783,104.44006252240467,9144.0
8690.0,SJX731,3.2936781237748503,104.98825403104786,9144.0
8690.0,TGW139,2.9889804452791924,104.42766234907195,9144.0
8690.0,SJX731,3.2936781237748503,104.98825403104786,9144.0
8690.0,TGW139,2.9889804452791924,104.42766234907195,9144.0
8700.0,SJX731,3.2734831858620805,104.96333670774403,9144.0
8700.0,TGW139,2.96384228715709,104.41530751610938,9144.0
8700.0,SJX731,3.2734831858620805,104.96333670774403,9144.0
8700.0,TGW139,2.96384228715709,104.41530751610938,9144.0
8710.0,SJX731,3.253214342966565,104.93833037358526,9144.0
8710.0,TGW139,2.9395828295284674,104.40338518584188,9144.0
8710.0,SJX731,3.253214342966565,104.93833037358526,9144.0
8710.0,TGW139,2.9395828295284674,104.40338518584188,9144.0
8720.0,SJX731,3.232946305255818,104.91332388593787,9144.0
8720.0,TGW139,2.9152211533428196,104.39167395587789,9144.0
8720.0,SJX731,3.232946305255818,104.91332388593787,9144.0
8720.0,TGW139,2.9152211533428196,104.39167395587789,9144.0
8730.0,SJX731,3.2127505577561446,104.88840871746758,9144.0
8730.0,TGW139,2.890693078494423,104.37988333784267,9144.0
8730.0,SJX731,3.2127505577561446,104.88840871746758,9144.0
8730.0,TGW139,2.890693078494423,104.37988333784267,9144.0
8740.0,SJX731,3.1925393864518505,104.86350659010097,9144.0
8740.0,TGW139,2.8659405064336885,104.36857309735923,9144.0
8740.0,SJX731,3.1925393864518505,104.86350659010097,9144.0
8740.0,TGW139,2.8659405064336885,104.36857309735923,9144.0
8750.0,SJX731,3.1722170808508223,104.83869584659533,9144.0
8750.0,TGW139,2.8407421687657277,104.35705975516619,9144.0
8750.0,SJX731,3.1722170808508223,104.83869584659533,9144.0
8750.0,TGW139,2.8407421687657277,104.35705975516619,9144.0
8760.0,SJX731,3.1513718559753325,104.81440123049117,9144.0
8760.0,TGW139,2.8154877594690557,104.34567048538541,9144.0
8760.0,SJX731,3.1513718559753325,104.81440123049117,9144.0
8760.0,TGW139,2.8154877594690557,104.34567048538541,9144.0
8770.0,SJX731,3.1303370366983914,104.78988757954936,9144.0
8770.0,TGW139,2.7906798645489164,104.33448314447261,9144.0
8770.0,SJX731,3.1303370366983914,104.78988757954936,9144.0
8770.0,TGW139,2.7906798645489164,104.33448314447261,9144.0
8780.0,SJX731,3.1063621696096777,104.7682503126387,9144.0
8780.0,TGW139,2.765997374105365,104.32302137470185,9144.0
8780.0,SJX731,3.1063621696096777,104.7682503126387,9144.0
8780.0,TGW139,2.765997374105365,104.32302137470185,9144.0
8790.0,SJX731,3.0806523389121345,104.74842722864787,9144.0
8790.0,TGW139,2.74198621556213,104.31187189136567,9144.0
8790.0,SJX731,3.0806523389121345,104.74842722864787,9144.0
8790.0,TGW139,2.74198621556213,104.31187189136567,9144.0
8800.0,SJX731,3.054941963427491,104.72860533000463,9144.0
8800.0,TGW139,2.718081365490433,104.30049597860459,9144.0
8800.0,SJX731,3.054941963427491,104.72860533000463,9144.0
8800.0,TGW139,2.718081365490433,104.30049597860459,9144.0
8810.0,SJX731,3.0287415813363925,104.70943815114039,9144.0
8810.0,TGW139,2.6952469756330975,104.28962999093247,9144.0
8810.0,SJX731,3.0287415813363925,104.70943815114039,9144.0
8810.0,TGW139,2.6952469756330975,104.28962999093247,9144.0
8820.0,SJX731,3.0029147753975085,104.6905457283378,9144.0
8820.0,TGW139,2.672319720676045,104.27896198544231,9144.0
8820.0,SJX731,3.0029147753975085,104.6905457283378,9144.0
8820.0,TGW139,2.672319720676045,104.27896198544231,9144.0
8830.0,SJX731,2.977192285181486,104.67151157882964,9144.0
8830.0,TGW139,2.650946225444892,104.26901738729394,9144.0
8830.0,SJX731,2.977192285181486,104.67151157882964,9144.0
8830.0,TGW139,2.650946225444892,104.26901738729394,9144.0
8840.0,SJX731,2.9517031870796866,104.65265154579392,9144.0
8840.0,TGW139,2.631160667084395,104.25619600336192,9144.0
8840.0,SJX731,2.9517031870796866,104.65265154579392,9144.0
8840.0,TGW139,2.631160667084395,104.25619600336192,9144.0
8850.0,SJX731,2.926276065588844,104.63370824887275,9144.0
8850.0,TGW139,2.6142820663672395,104.2403802620904,9144.0
8850.0,SJX731,2.926276065588844,104.63370824887275,9144.0
8850.0,TGW139,2.6142820663672395,104.2403802620904,9144.0
8860.0,SJX731,2.9012233874189675,104.61504530093039,9144.0
8860.0,TGW139,2.599474493698822,104.22269107636491,9144.0
8860.0,SJX731,2.9012233874189675,104.61504530093039,9144.0
8860.0,TGW139,2.599474493698822,104.22269107636491,9144.0
8870.0,SJX731,2.8760912415704136,104.59649019191768,9144.0
8870.0,TGW139,2.5851691999096973,104.20459265641466,9144.0
8870.0,SJX731,2.8760912415704136,104.59649019191768,9144.0
8870.0,TGW139,2.5851691999096973,104.20459265641466,9144.0
8880.0,SJX731,2.851526663764959,104.57835544209821,9144.0
8880.0,TGW139,2.570624011109862,104.18619165682173,9144.0
8880.0,SJX731,2.851526663764959,104.57835544209821,9144.0
8880.0,TGW139,2.570624011109862,104.18619165682173,9144.0
8890.0,SJX731,2.826943676715099,104.56024610252484,9144.0
8890.0,TGW139,2.556048243143463,104.16781512819331,9144.0
8890.0,SJX731,2.826943676715099,104.56024610252484,9144.0
8890.0,TGW139,2.556048243143463,104.16781512819331,9144.0
8900.0,SJX731,2.8028375833467822,104.54248932528382,9144.0
8900.0,TGW139,2.5419130530198353,104.14999497618162,9144.0
8900.0,SJX731,2.8028375833467822,104.54248932528382,9144.0
8900.0,TGW139,2.5419130530198353,104.14999497618162,9144.0
8910.0,SJX731,2.778502110917676,104.52504935882736,9144.0
8910.0,TGW139,2.5276967532056074,104.13223978596767,9144.0
8910.0,SJX731,2.778502110917676,104.52504935882736,9144.0
8910.0,TGW139,2.5276967532056074,104.13223978596767,9144.0
8920.0,SJX731,2.7544569934087346,104.50781863341547,9144.0
8920.0,TGW139,2.5106447709003894,104.11748906881316,9144.0
8920.0,SJX731,2.7544569934087346,104.50781863341547,9144.0
8920.0,TGW139,2.5106447709003894,104.11748906881316,9144.0
8930.0,SJX731,2.730169361705147,104.49093260932455,9144.0
8930.0,TGW139,2.491251737631148,104.10612379359836,9144.0
8930.0,SJX731,2.730169361705147,104.49093260932455,9144.0
8930.0,TGW139,2.491251737631148,104.10612379359836,9144.0
8940.0,SJX731,2.7060779071785412,104.47418394271277,9144.0
8940.0,TGW139,2.4701732556634464,104.09851422609941,9144.0
8940.0,SJX731,2.7060779071785412,104.47418394271277,9144.0
8940.0,TGW139,2.4701732556634464,104.09851422609941,9144.0
8950.0,SJX731,2.6819385502717976,104.45750487585926,9144.0
8950.0,TGW139,2.44818577028139,104.0949276509149,9144.0
8950.0,SJX731,2.6819385502717976,104.45750487585926,9144.0
8950.0,TGW139,2.44818577028139,104.0949276509149,9144.0
8960.0,SJX731,2.658194318832705,104.44109973830918,9144.0
8960.0,TGW139,2.4259141327330163,104.09544165269942,9144.0
8960.0,SJX731,2.658194318832705,104.44109973830918,9144.0
8960.0,TGW139,2.4259141327330163,104.09544165269942,9144.0
8970.0,SJX731,2.634586933386083,104.4244981755316,9144.0
8970.0,TGW139,2.4041151755897214,104.10003863159682,9144.0
8970.0,SJX731,2.634586933386083,104.4244981755316,9144.0
8970.0,TGW139,2.4041151755897214,104.10003863159682,9144.0
8980.0,SJX731,2.6109792671148604,104.4078973262731,9144.0
8980.0,TGW139,2.3832291470466624,104.10680074400618,9144.0
8980.0,SJX731,2.6109792671148604,104.4078973262731,9144.0
8980.0,TGW139,2.3832291470466624,104.10680074400618,9144.0
8990.0,SJX731,2.587494257448483,104.39112335940875,9144.0
8990.0,TGW139,2.3614502176103525,104.10955108204779,9144.0
8990.0,SJX731,2.587494257448483,104.39112335940875,9144.0
8990.0,TGW139,2.3614502176103525,104.10955108204779,9144.0
9000.0,SJX731,2.5644516203969556,104.37466624604292,9144.0
9000.0,TGW139,2.339937211886522,104.10814432153279,9144.0
9000.0,SJX731,2.5644516203969556,104.37466624604292,9144.0
9000.0,TGW139,2.339937211886522,104.10814432153279,9144.0
9010.0,SJX731,2.541329353443289,104.35832172140108,9144.0
9010.0,TGW139,2.3184196363027536,104.10680942504447,9144.0
9010.0,SJX731,2.541329353443289,104.35832172140108,9144.0
9010.0,TGW139,2.3184196363027536,104.10680942504447,9144.0
9020.0,SJX731,2.5183555215298483,104.34208297453475,9144.0
9020.0,TGW139,2.2972957936888947,104.10549899439464,9144.0
9020.0,SJX731,2.5183555215298483,104.34208297453475,9144.0
9020.0,TGW139,2.2972957936888947,104.10549899439464,9144.0
9030.0,SJX731,2.4955143538735856,104.32565807719789,9144.0
9030.0,TGW139,2.2761319243198344,104.10535113001671,9144.0
9030.0,SJX731,2.4955143538735856,104.32565807719789,9144.0
9030.0,TGW139,2.2761319243198344,104.10535113001671,9144.0
9040.0,SJX731,2.4726729185436187,104.30923383687127,9144.0
9040.0,TGW139,2.254442470810168,104.1051995980784,9144.0
9040.0,SJX731,2.4726729185436187,104.30923383687127,9144.0
9040.0,TGW139,2.254442470810168,104.1051995980784,9144.0
9050.0,SJX731,2.44972348642181,104.29296140423071,9144.0
9050.0,TGW139,2.23275273402505,104.10509637837102,9144.0
9050.0,SJX731,2.44972348642181,104.29296140423071,9144.0
9050.0,TGW139,2.23275273402505,104.10509637837102,9144.0
9060.0,SJX731,2.424850994697628,104.28035186746406,9144.0
9060.0,TGW139,2.2120510399084385,104.10499786352402,9144.0
9060.0,SJX731,2.424850994697628,104.28035186746406,9144.0
9060.0,TGW139,2.2120510399084385,104.10499786352402,9144.0
9070.0,SJX731,2.3994058889908616,104.26909439335434,9144.0
9070.0,TGW139,2.1913492960889913,104.1049104334145,9144.0
9070.0,SJX731,2.3994058889908616,104.26909439335434,9144.0
9070.0,TGW139,2.1913492960889913,104.1049104334145,9144.0
9080.0,SJX731,2.3739606848872703,104.25783735041263,9144.0
9080.0,TGW139,2.1707138121498644,104.10482328554923,9144.0
9080.0,SJX731,2.3739606848872703,104.25783735041263,9144.0
9080.0,TGW139,2.1707138121498644,104.10482328554923,9144.0
9090.0,SJX731,2.3485153712728555,104.24658076157426,9144.0
9090.0,TGW139,2.150441915479386,104.10868359237418,9144.0
9090.0,SJX731,2.3485153712728555,104.24658076157426,9144.0
9090.0,TGW139,2.150441915479386,104.10868359237418,9144.0
9100.0,SJX731,2.322444833989553,104.23686252192391,9144.0
9100.0,TGW139,2.1302351492272416,104.1125313916775,9144.0
9100.0,SJX731,2.322444833989553,104.23686252192391,9144.0
9100.0,TGW139,2.1302351492272416,104.1125313916775,9144.0
9110.0,SJX731,2.2957482596429477,104.22691133982448,9144.0
9110.0,TGW139,2.1111945738121896,104.12031838624914,9144.0
9110.0,SJX731,2.2957482596429477,104.22691133982448,9144.0
9110.0,TGW139,2.1111945738121896,104.12031838624914,9144.0
9120.0,SJX731,2.269297841676286,104.21632241183113,9144.0
9120.0,TGW139,2.0935990232058073,104.13032186284158,9144.0
9120.0,SJX731,2.269297841676286,104.21632241183113,9144.0
9120.0,TGW139,2.0935990232058073,104.13032186284158,9144.0
9130.0,SJX731,2.243410939119145,104.20595952253804,9144.0
9130.0,TGW139,2.07541331447631,104.13920571897664,9144.0
9130.0,SJX731,2.243410939119145,104.20595952253804,9144.0
9130.0,TGW139,2.07541331447631,104.13920571897664,9144.0
9140.0,SJX731,2.2174396332209123,104.19581052681461,9144.0
9140.0,TGW139,2.0572874005144324,104.14806012125518,9144.0
9140.0,SJX731,2.2174396332209123,104.19581052681461,9144.0
9140.0,TGW139,2.0572874005144324,104.14806012125518,9144.0
9150.0,SJX731,2.192152200492477,104.18592918054321,9144.0
9150.0,TGW139,2.039231615532153,104.15705674701532,9144.0
9150.0,SJX731,2.192152200492477,104.18592918054321,9144.0
9150.0,TGW139,2.039231615532153,104.15705674701532,9144.0
9160.0,SJX731,2.166936455697274,104.1758662095471,9144.0
9160.0,TGW139,2.0213548944411426,104.1659639094988,9144.0
9160.0,SJX731,2.166936455697274,104.1758662095471,9144.0
9160.0,TGW139,2.0213548944411426,104.1659639094988,9144.0
9170.0,SJX731,2.143044684989524,104.166331974854,9144.0
9170.0,TGW139,2.0034570726760776,104.17482844621553,9144.0
9170.0,SJX731,2.143044684989524,104.166331974854,9144.0
9170.0,TGW139,2.0034570726760776,104.17482844621553,9144.0
9180.0,SJX731,2.1190991138146313,104.15693401716247,9144.0
9180.0,TGW139,1.985979170714415,104.18348477484751,9144.0
9180.0,SJX731,2.1190991138146313,104.15693401716247,9144.0
9180.0,TGW139,1.985979170714415,104.18348477484751,9144.0
9190.0,SJX731,2.096740377515693,104.14815920653679,9144.0
9190.0,TGW139,1.9685649299862285,104.19226852996347,9144.0
9190.0,SJX731,2.096740377515693,104.14815920653679,9144.0
9190.0,TGW139,1.9685649299862285,104.19226852996347,9144.0
9200.0,SJX731,2.0743875990365535,104.13936933473016,9144.0
9200.0,TGW139,1.951450831499757,104.20090067310561,9144.0
9200.0,SJX731,2.0743875990365535,104.13936933473016,9144.0
9200.0,TGW139,1.951450831499757,104.20090067310561,9144.0
9210.0,SJX731,2.0532946421157976,104.13106434930565,9144.0
9210.0,TGW139,1.934372308643967,104.20960298314026,9144.0
9210.0,SJX731,2.0532946421157976,104.13106434930565,9144.0
9210.0,TGW139,1.934372308643967,104.20960298314026,9144.0
9220.0,SJX731,2.033171872307304,104.12314159065586,9144.0
9220.0,TGW139,1.9175341751194275,104.21818259793831,9144.0
9220.0,SJX731,2.033171872307304,104.12314159065586,9144.0
9220.0,TGW139,1.9175341751194275,104.21818259793831,9144.0
9230.0,SJX731,2.0130336034384295,104.11525845886852,9144.0
9230.0,TGW139,1.9002858689582178,104.22590345264533,9144.0
9230.0,SJX731,2.0130336034384295,104.11525845886852,9144.0
9230.0,TGW139,1.9002858689582178,104.22590345264533,9144.0
9240.0,SJX731,1.9932623987584401,104.10751922995901,9144.0
9240.0,TGW139,1.8829142867412778,104.23367930585846,9144.0
9240.0,SJX731,1.9932623987584401,104.10751922995901,9144.0
9240.0,TGW139,1.8829142867412778,104.23367930585846,9144.0
9250.0,SJX731,1.972372070473708,104.10373308382519,9144.0
9250.0,TGW139,1.8642803403721986,104.23754742730651,9144.0
9250.0,SJX731,1.972372070473708,104.10373308382519,9144.0
9250.0,TGW139,1.8642803403721986,104.23754742730651,9144.0
9260.0,SJX731,1.9510780578278755,104.10402974544448,9144.0
9260.0,TGW139,1.8455991778185685,104.24118037942507,9144.0
9260.0,SJX731,1.9510780578278755,104.10402974544448,9144.0
9260.0,TGW139,1.8455991778185685,104.24118037942507,9144.0
9270.0,SJX731,1.9305943114685824,104.10491859464167,9144.0
9270.0,TGW139,1.8269180076218747,104.2448132542262,9144.0
9270.0,SJX731,1.9305943114685824,104.10491859464167,9144.0
9270.0,TGW139,1.8269180076218747,104.2448132542262,9144.0
9280.0,SJX731,1.9110438261577631,104.10576692687752,9144.0
9280.0,TGW139,1.8082787866530086,104.24865573114226,9144.0
9280.0,SJX731,1.9110438261577631,104.10576692687752,9144.0
9280.0,TGW139,1.8082787866530086,104.24865573114226,9144.0
9290.0,SJX731,1.891477368035509,104.10546006815072,9144.0
9290.0,TGW139,1.7908246536014105,104.25219358658481,9144.0
9290.0,SJX731,1.891477368035509,104.10546006815072,9144.0
9290.0,TGW139,1.7908246536014105,104.25219358658481,9144.0
9300.0,SJX731,1.87312435759733,104.10563023579509,9144.0
9300.0,TGW139,1.7740389895738744,104.25557770013407,9144.0
9300.0,SJX731,1.87312435759733,104.10563023579509,9144.0
9300.0,TGW139,1.7740389895738744,104.25557770013407,9144.0
9310.0,SJX731,1.855111637094759,104.10579724482415,9144.0
9310.0,TGW139,1.7575911446708934,104.25889364482342,9144.0
9310.0,SJX731,1.855111637094759,104.10579724482415,9144.0
9310.0,TGW139,1.7575911446708934,104.25889364482342,9144.0
9320.0,SJX731,1.8370981444324106,104.10580394105658,9144.0
9320.0,TGW139,1.7408271242613091,104.25958993120493,9144.0
9320.0,SJX731,1.8370981444324106,104.10580394105658,9144.0
9320.0,TGW139,1.7408271242613091,104.25958993120493,9144.0
9330.0,SJX731,1.819153003419809,104.10587668079485,9144.0
9330.0,TGW139,1.723775598527911,104.25989481660925,9144.0
9330.0,SJX731,1.819153003419809,104.10587668079485,9144.0
9330.0,TGW139,1.723775598527911,104.25989481660925,9144.0
9340.0,SJX731,1.8012078624042476,104.10594941908222,9144.0
9340.0,TGW139,1.7069308095428872,104.26019600013974,9144.0
9340.0,SJX731,1.8012078624042476,104.10594941908222,9144.0
9340.0,TGW139,1.7069308095428872,104.26019600013974,9144.0
9350.0,SJX731,1.7832626251066497,104.10599221869037,9144.0
9350.0,TGW139,1.6900838396277933,104.26032702149409,9144.0
9350.0,SJX731,1.7832626251066497,104.10599221869037,9144.0
9350.0,TGW139,1.6900838396277933,104.26032702149409,9144.0
9360.0,SJX731,1.765317387808043,104.10603501745999,9144.0
9360.0,TGW139,1.673374949118355,104.26045696673553,9144.0
9360.0,SJX731,1.765317387808043,104.10603501745999,9144.0
9360.0,TGW139,1.673374949118355,104.26045696673553,9144.0
9370.0,SJX731,1.7473721440172927,104.10599503650856,9144.0
9370.0,TGW139,1.6566755303850504,104.26103453595917,9144.0
9370.0,SJX731,1.7473721440172927,104.10599503650856,9144.0
9370.0,TGW139,1.6566755303850504,104.26103453595917,9144.0
9380.0,SJX731,1.7303872458444844,104.10586797786766,9144.0
9380.0,TGW139,1.6399761114818139,104.26161209542123,9144.0
9380.0,SJX731,1.7303872458444844,104.10586797786766,9144.0
9380.0,TGW139,1.6399761114818139,104.26161209542123,9144.0
9390.0,SJX731,1.7145804220100707,104.10574973407606,9144.0
9390.0,TGW139,1.623268122994508,104.26182900989262,9144.0
9390.0,SJX731,1.7145804220100707,104.10574973407606,9144.0
9390.0,TGW139,1.623268122994508,104.26182900989262,9144.0
9400.0,SJX731,1.698773202965636,104.10578815526922,9144.0
9400.0,TGW139,1.6067675967941908,104.2620432274186,9144.0
9400.0,SJX731,1.698773202965636,104.10578815526922,9144.0
9400.0,TGW139,1.6067675967941908,104.2620432274186,9144.0
9410.0,SJX731,1.684369110268652,104.10582316545955,9144.0
9410.0,TGW139,1.5902711274643297,104.2624673218951,9144.0
9410.0,SJX731,1.684369110268652,104.10582316545955,9144.0
9410.0,TGW139,1.5902711274643297,104.2624673218951,9144.0
9420.0,SJX731,1.6699666638698307,104.1060438239243,9144.0
9420.0,TGW139,1.5742201262311832,104.25966266087703,9144.0
9420.0,SJX731,1.6699666638698307,104.1060438239243,9144.0
9420.0,TGW139,1.5742201262311832,104.25966266087703,9144.0
9430.0,SJX731,1.6556168695989157,104.10326708054782,9144.0
9430.0,TGW139,1.5602987322240804,104.25310333482756,9144.0
9430.0,SJX731,1.6556168695989157,104.10326708054782,9144.0
9430.0,TGW139,1.5602987322240804,104.25310333482756,9144.0
9440.0,SJX731,1.641544191891232,104.1005440005253,9144.0
9440.0,TGW139,1.5492594982131376,104.24341371183898,9144.0
9440.0,SJX731,1.641544191891232,104.1005440005253,9144.0
9440.0,TGW139,1.5492594982131376,104.24341371183898,9144.0
9450.0,SJX731,1.628296382527081,104.09506959803421,9144.0
9450.0,TGW139,1.541436681893617,104.2311467999807,9144.0
9450.0,SJX731,1.628296382527081,104.09506959803421,9144.0
9450.0,TGW139,1.541436681893617,104.2311467999807,9144.0
9460.0,SJX731,1.6151138789086017,104.08962226437656,9144.0
9460.0,TGW139,1.5373455495716173,104.21718371780362,9144.0
9460.0,SJX731,1.6151138789086017,104.08962226437656,9144.0
9460.0,TGW139,1.5373455495716173,104.21718371780362,9144.0
9470.0,SJX731,1.6019583921999958,104.08410998816925,9144.0
9470.0,TGW139,1.5373109803029466,104.2026332579988,9144.0
9470.0,SJX731,1.6019583921999958,104.08410998816925,9144.0
9470.0,TGW139,1.5373109803029466,104.2026332579988,9144.0
9480.0,SJX731,1.5894570084227964,104.07887186765097,9144.0
9480.0,TGW139,1.5413373896729552,104.18828520942384,9144.0
9480.0,SJX731,1.5894570084227964,104.07887186765097,9144.0
9480.0,TGW139,1.5413373896729552,104.18828520942384,9144.0
9490.0,SJX731,1.5769709680726902,104.07359728147419,9144.0
9490.0,TGW139,1.5491207128748556,104.17557822671533,9144.0
9490.0,SJX731,1.5769709680726902,104.07359728147419,9144.0
9490.0,TGW139,1.5491207128748556,104.17557822671533,9144.0
9500.0,SJX731,1.564681687684697,104.06840589321041,9144.0
9500.0,TGW139,1.56007155461035,104.1654745514497,9144.0
9500.0,SJX731,1.564681687684697,104.06840589321041,9144.0
9500.0,TGW139,1.56007155461035,104.1654745514497,9144.0
9510.0,SJX731,1.55239710902018,104.06320341091656,9144.0
9510.0,TGW139,1.5733606579587274,104.15873931171001,9144.0
9510.0,SJX731,1.55239710902018,104.06320341091656,9144.0
9510.0,TGW139,1.5733606579587274,104.15873931171001,9144.0
9520.0,SJX731,1.539915808502923,104.05791770312639,9144.0
9520.0,TGW139,1.5879817001926704,104.15588258022966,9144.0
9520.0,SJX731,1.539915808502923,104.05791770312639,9144.0
9520.0,TGW139,1.5879817001926704,104.15588258022966,9144.0
9530.0,SJX731,1.527425666853956,104.05265296686258,9144.0
9530.0,TGW139,1.6036115425067397,104.15697261991319,9144.0
9530.0,SJX731,1.527425666853956,104.05265296686258,9144.0
9530.0,TGW139,1.6036115425067397,104.15697261991319,9144.0
9540.0,SJX731,1.5150009885240194,104.04741616446616,9144.0
9540.0,TGW139,1.6187001897024678,104.15394969293921,9144.0
9540.0,SJX731,1.5150009885240194,104.04741616446616,9144.0
9540.0,TGW139,1.6187001897024678,104.15394969293921,9144.0
9550.0,SJX731,1.5025444974658526,104.04225557314535,9144.0
9550.0,TGW139,1.6322421194332026,104.14709189345947,9144.0
9550.0,SJX731,1.5025444974658526,104.04225557314535,9144.0
9550.0,TGW139,1.6322421194332026,104.14709189345947,9144.0
9560.0,SJX731,1.4903865256375721,104.03712003853266,9144.0
9560.0,TGW139,1.643196387837673,104.1369915264774,9144.0
9560.0,SJX731,1.4903865256375721,104.03712003853266,9144.0
9560.0,TGW139,1.643196387837673,104.1369915264774,9144.0
9570.0,SJX731,1.4782942910846608,104.03201233690446,9144.0
9570.0,TGW139,1.6509840209893876,104.12428655571863,9144.0
9570.0,SJX731,1.4782942910846608,104.03201233690446,9144.0
9570.0,TGW139,1.6509840209893876,104.12428655571863,9144.0
9580.0,SJX731,1.4662168600067134,104.02686973418815,9144.0
9580.0,TGW139,1.6547126725297359,104.11044074962223,9144.0
9580.0,SJX731,1.4662168600067134,104.02686973418815,9144.0
9580.0,TGW139,1.6547126725297359,104.11044074962223,9144.0
9590.0,SJX731,1.4554608667790512,104.02228986308339,9144.0
9590.0,TGW139,1.6543722218412995,104.09610531390679,9144.0
9590.0,SJX731,1.4554608667790512,104.02228986308339,9144.0
9590.0,TGW139,1.6543722218412995,104.09610531390679,9144.0
9600.0,SJX731,1.4446572224951582,104.01782365370653,9144.0
9600.0,TGW139,1.6499905035008606,104.08245231326138,9144.0
9600.0,SJX731,1.4446572224951582,104.01782365370653,9144.0
9600.0,TGW139,1.6499905035008606,104.08245231326138,9144.0
9610.0,SJX731,1.4345480767404415,104.01357343276695,9144.0
9610.0,TGW139,1.6419257581574396,104.07059800641466,9144.0
9610.0,SJX731,1.4345480767404415,104.01357343276695,9144.0
9610.0,TGW139,1.6419257581574396,104.07059800641466,9144.0
9620.0,SJX731,1.4245058719769856,104.00935139878676,9144.0
9620.0,TGW139,1.6308373434834245,104.06151157312789,9144.0
9620.0,SJX731,1.4245058719769856,104.00935139878676,9144.0
9620.0,TGW139,1.6308373434834245,104.06151157312789,9144.0
9630.0,SJX731,1.4147426143578146,104.00451885626072,9144.0
9630.0,TGW139,1.617976229095634,104.05621360624069,9144.0
9630.0,SJX731,1.4147426143578146,104.00451885626072,9144.0
9630.0,TGW139,1.617976229095634,104.05621360624069,9144.0
9640.0,SJX731,1.405359054950511,104.0008037284331,9144.0
9640.0,TGW139,1.6041300742205116,104.05489463015775,9144.0
9640.0,SJX731,1.405359054950511,104.0008037284331,9144.0
9640.0,TGW139,1.6041300742205116,104.05489463015775,9144.0
9650.0,SJX731,1.3959754893563996,103.99708863111837,9144.0
9650.0,TGW139,1.5905005921609077,104.0576690649258,9144.0
9650.0,SJX731,1.3959754893563996,103.99708863111837,9144.0
9650.0,TGW139,1.5905005921609077,104.0576690649258,9144.0
9660.0,SJX731,1.3865919171558445,103.99337356527728,9144.0
9660.0,TGW139,1.578270691099614,104.06429606836952,9144.0
9660.0,SJX731,1.3865919171558445,103.99337356527728,9144.0
9660.0,TGW139,1.578270691099614,104.06429606836952,9144.0
9670.0,SJX731,1.3773099227684806,103.98941140553809,9144.0
9670.0,TGW139,1.5685018090264882,104.07420045021331,9144.0
9670.0,SJX731,1.3773099227684806,103.98941140553809,9144.0
9670.0,TGW139,1.5685018090264882,104.07420045021331,9144.0
9680.0,SJX731,1.3705018616425106,103.98215904862428,9144.0
9680.0,TGW139,1.5621965267580615,104.08636306664295,9144.0
9680.0,SJX731,1.3705018616425106,103.98215904862428,9144.0
9680.0,TGW139,1.5621965267580615,104.08636306664295,9144.0
9690.0,SJX731,1.3670223685575913,103.97260554392665,9144.0
9690.0,TGW139,1.5526119499926132,104.09605011732009,9144.0
9690.0,SJX731,1.3670223685575913,103.97260554392665,9144.0
9690.0,TGW139,1.5526119499926132,104.09605011732009,9144.0
9700.0,SJX731,1.3675833072242238,103.96245328134964,9144.0
9700.0,TGW139,1.5406875037204208,104.10234406515636,9144.0
9700.0,SJX731,1.3675833072242238,103.96245328134964,9144.0
9700.0,TGW139,1.5406875037204208,104.10234406515636,9144.0
9710.0,SJX731,1.3720941050178548,103.95334149304361,9144.0
9710.0,TGW139,1.5274239956181315,104.10476503161297,9144.0
9710.0,SJX731,1.3720941050178548,103.95334149304361,9144.0
9710.0,TGW139,1.5274239956181315,104.10476503161297,9144.0
9720.0,SJX731,1.3798264206432547,103.9467414223912,9144.0
9720.0,TGW139,1.5140459424651094,104.10308955704868,9144.0
9720.0,SJX731,1.3798264206432547,103.9467414223912,9144.0
9720.0,TGW139,1.5140459424651094,104.10308955704868,9144.0
9730.0,SJX731,1.3895317466222838,103.94371877475855,9144.0
9730.0,TGW139,1.5017884360963931,104.09747237166937,9144.0
9730.0,SJX731,1.3895317466222838,103.94371877475855,9144.0
9730.0,TGW139,1.5017884360963931,104.09747237166937,9144.0
9740.0,SJX731,1.3996430010289536,103.9447616370212,9144.0
9740.0,TGW139,1.491783116957776,104.08843209842686,9144.0
9740.0,SJX731,1.3996430010289536,103.9447616370212,9144.0
9740.0,TGW139,1.491783116957776,104.08843209842686,9144.0
9750.0,SJX731,1.4085275582241044,103.94970165395372,9144.0
9750.0,TGW139,1.484953698524882,104.07680336598177,9144.0
9750.0,SJX731,1.4085275582241044,103.94970165395372,9144.0
9750.0,TGW139,1.484953698524882,104.07680336598177,9144.0
9760.0,SJX731,1.41475086268317,103.95774119744063,9144.0
9760.0,TGW139,1.4819306880059009,104.06365975492352,9144.0
9760.0,SJX731,1.41475086268317,103.95774119744063,9144.0
9760.0,TGW139,1.4819306880059009,104.06365975492352,9144.0
9770.0,TGW139,1.48299317650374,104.05021469052645,9144.0
9770.0,TGW139,1.48299317650374,104.05021469052645,9144.0
9780.0,TGW139,1.4880430727002165,104.0377094289787,9144.0
9780.0,TGW139,1.4880430727002165,104.0377094289787,9144.0
9790.0,TGW139,1.4965285079076802,104.02750509724251,9144.0
9790.0,TGW139,1.4965285079076802,104.02750509724251,9144.0
9800.0,TGW139,1.5016397647372806,104.01502472945968,9144.0
9800.0,TGW139,1.5016397647372806,104.01502472945968,9144.0
9810.0,TGW139,1.5026854101054614,104.00179268481655,9144.0
9810.0,TGW139,1.5026854101054614,104.00179268481655,9144.0
9820.0,TGW139,1.4996468241309222,103.98887210783485,9144.0
9820.0,TGW139,1.4996468241309222,103.98887210783485,9144.0
9830.0,TGW139,1.4928135730856897,103.97749429990263,9144.0
9830.0,TGW139,1.4928135730856897,103.97749429990263,9144.0
9840.0,TGW139,1.4828368411217254,103.9687435243615,9144.0
9840.0,TGW139,1.4828368411217254,103.9687435243615,9144.0
9850.0,TGW139,1.470667374772458,103.9634536760317,9144.0
9850.0,TGW139,1.470667374772458,103.9634536760317,9144.0
9860.0,TGW139,1.4574648802409835,103.96212881824627,9144.0
9860.0,TGW139,1.4574648802409835,103.96212881824627,9144.0
9870.0,TGW139,1.444487507586234,103.96489515814405,9144.0
9870.0,TGW139,1.444487507586234,103.96489515814405,9144.0
9880.0,TGW139,1.4344450243952935,103.97115789994794,9144.0
9880.0,TGW139,1.4344450243952935,103.97115789994794,9144.0
9890.0,TGW139,1.4275218916854493,103.98021863828812,9144.0
9890.0,TGW139,1.4275218916854493,103.98021863828812,9144.0
9900.0,TGW139,1.4179426624554043,103.98613085965447,9144.0
9900.0,TGW139,1.4179426624554043,103.98613085965447,9144.0
9910.0,TGW139,1.4069502857918879,103.98818965329917,9144.0
9910.0,TGW139,1.4069502857918879,103.98818965329917,9144.0
9920.0,TGW139,1.3959323041940108,103.9901065995555,9144.0
9920.0,TGW139,1.3959323041940108,103.9901065995555,9144.0
9930.0,TGW139,1.384914321005088,103.99202352771418,9144.0
9930.0,TGW139,1.384914321005088,103.99202352771418,9144.0
9940.0,TGW139,1.373944015249898,103.98985015983581,9144.0
9940.0,TGW139,1.373944015249898,103.98985015983581,9144.0
9950.0,TGW139,1.3642620904186677,103.9838288080042,9144.0
9950.0,TGW139,1.3642620904186677,103.9838288080042,9144.0
9960.0,TGW139,1.3577176879317967,103.97502754846745,9144.0
9960.0,TGW139,1.3577176879317967,103.97502754846745,9144.0
