sim_time,acid,lat,lon,alt
10.0,AXM1773,1.475316031352318,110.34652074305949,9144.0
10.0,AXM1776,1.327442503878849,104.01315400508786,9144.0
10.0,AXM1793,5.9032491683282045,116.04430225203453,9144.0
10.0,AXM1794,1.3324214968098327,103.99087321794752,9144.0
10.0,AXM5110,2.7602355533980023,101.70568567462786,9144.0
10.0,AXM5111,5.922530023215383,116.05634478692527,9144.0
10.0,AXM5114,2.8138912214133303,101.67071292164707,9144.0
10.0,AXM5115,5.927522863689151,116.03448785984455,9144.0
10.0,AXM5117,5.9137084070314545,116.03279607386386,9144.0
10.0,AXM5202,2.825315529129182,101.68305518046384,9144.0
10.0,AXM5203,1.4899407950603116,110.2937562564515,9144.0
10.0,AXM5204,2.760658138599231,101.7017012465223,9144.0
10.0,AXM5205,1.4678528187812045,110.30219645907957,9144.0
10.0,AXM5207,1.488768059056139,110.32662911524581,9144.0
10.0,AXM5208,2.8217323397133747,101.66849012175958,9144.0
10.0,AXM5232,2.711486836293052,101.72581848885157,9144.0
10.0,AXM5233,1.4691694694584314,110.30916046880368,9144.0
10.0,AXM5234,2.8421646379089713,101.66237392360284,9144.0
10.0,AXM5413,1.4871700182890648,110.32232712772216,9144.0
10.0,AXM5414,1.6354531017026919,103.66806802163661,9144.0
10.0,AXM1773,1.475316031352318,110.34652074305949,9144.0,"(AXM1773),(AXM5203)"
10.0,AXM1776,1.327442503878849,104.01315400508786,9144.0,"(AXM1773),(AXM5205)"
10.0,AXM1793,5.9032491683282045,116.04430225203453,9144.0,"(AXM1773),(AXM5207)"
10.0,AXM1794,1.3324214968098327,103.99087321794752,9144.0,"(AXM1773),(AXM5233)"
10.0,AXM5110,2.7602355533980023,101.70568567462786,9144.0,"(AXM1773),(AXM5413)"
10.0,AXM5111,5.922530023215383,116.05634478692527,9144.0,"(AXM1776),(AXM1794)"
10.0,AXM5114,2.8138912214133303,101.67071292164707,9144.0,"(AXM1793),(AXM5111)"
10.0,AXM5115,5.927522863689151,116.03448785984455,9144.0,"(AXM1793),(AXM5115)"
10.0,AXM5117,5.9137084070314545,116.03279607386386,9144.0,"(AXM1793),(AXM5117)"
10.0,AXM5202,2.825315529129182,101.68305518046384,9144.0,"(AXM1794),(AXM1776)"
10.0,AXM5203,1.4899407950603116,110.2937562564515,9144.0,"(AXM5110),(AXM5114)"
10.0,AXM5204,2.760658138599231,101.7017012465223,9144.0,"(AXM5110),(AXM5202)"
10.0,AXM5205,1.4678528187812045,110.30219645907957,9144.0,"(AXM5110),(AXM5204)"
10.0,AXM5207,1.488768059056139,110.32662911524581,9144.0,"(AXM5110),(AXM5208)"
10.0,AXM5208,2.8217323397133747,101.66849012175958,9144.0,"(AXM5110),(AXM5232)"
10.0,AXM5232,2.711486836293052,101.72581848885157,9144.0,"(AXM5110),(AXM5234)"
10.0,AXM5233,1.4691694694584314,110.30916046880368,9144.0,"(AXM5111),(AXM1793)"
10.0,AXM5234,2.8421646379089713,101.66237392360284,9144.0,"(AXM5111),(AXM5115)"
10.0,AXM5413,1.4871700182890648,110.32232712772216,9144.0,"(AXM5111),(AXM5117)"
10.0,AXM5414,1.6354531017026919,103.66806802163661,9144.0,"(AXM5114),(AXM5110)"
20.0,AXM1773,1.4667629219036429,110.355316053364,9144.0
20.0,AXM1776,1.3254916236347434,104.02534024387741,9144.0
20.0,AXM1793,5.914810154227306,116.05181688843317,9144.0
20.0,AXM1794,1.3325153744573284,103.97881987357019,9144.0
20.0,AXM5110,2.7487244073007195,101.70144334217761,9144.0
20.0,AXM5111,5.9205668559027735,116.06851791795151,9144.0
20.0,AXM5114,2.8217724913385984,101.65699390680625,9144.0
20.0,AXM5115,5.927516077297089,116.02266256940021,9144.0
20.0,AXM5117,5.904037479725374,116.02408753148669,9144.0
20.0,AXM5202,2.8366893813931444,101.67693645247937,9144.0
20.0,AXM5203,1.4972812347720534,110.28590292663195,9144.0
20.0,AXM5204,2.7526290966645166,101.69329488501828,9144.0
20.0,AXM5205,1.4630047617284219,110.31046146742004,9144.0
20.0,AXM5207,1.4937860883989087,110.31590781307993,9144.0
20.0,AXM5208,2.8225390240611237,101.65587534588566,9144.0
20.0,AXM5232,2.7017448246735234,101.7341921580161,9144.0
20.0,AXM5233,1.4700136161718984,110.32161780259504,9144.0
20.0,AXM5234,2.854114638644081,101.64980838522868,9144.0
20.0,AXM5413,1.4922945250105677,110.31149655037171,9144.0
20.0,AXM5414,1.6469423869711382,103.66494307490208,9144.0
20.0,AXM1773,1.4667629219036429,110.355316053364,9144.0,"(AXM1773),(AXM5203)"
20.0,AXM1776,1.3254916236347434,104.02534024387741,9144.0,"(AXM1773),(AXM5205)"
20.0,AXM1793,5.914810154227306,116.05181688843317,9144.0,"(AXM1773),(AXM5207)"
20.0,AXM1794,1.3325153744573284,103.97881987357019,9144.0,"(AXM1773),(AXM5233)"
20.0,AXM5110,2.7487244073007195,101.70144334217761,9144.0,"(AXM1773),(AXM5413)"
20.0,AXM5111,5.9205668559027735,116.06851791795151,9144.0,"(AXM1776),(AXM1794)"
20.0,AXM5114,2.8217724913385984,101.65699390680625,9144.0,"(AXM1793),(AXM5111)"
20.0,AXM5115,5.927516077297089,116.02266256940021,9144.0,"(AXM1793),(AXM5115)"
20.0,AXM5117,5.904037479725374,116.02408753148669,9144.0,"(AXM1793),(AXM5117)"
20.0,AXM5202,2.8366893813931444,101.67693645247937,9144.0,"(AXM1794),(AXM1776)"
20.0,AXM5203,1.4972812347720534,110.28590292663195,9144.0,"(AXM5110),(AXM5114)"
20.0,AXM5204,2.7526290966645166,101.69329488501828,9144.0,"(AXM5110),(AXM5202)"
20.0,AXM5205,1.4630047617284219,110.31046146742004,9144.0,"(AXM5110),(AXM5204)"
20.0,AXM5207,1.4937860883989087,110.31590781307993,9144.0,"(AXM5110),(AXM5208)"
20.0,AXM5208,2.8225390240611237,101.65587534588566,9144.0,"(AXM5110),(AXM5232)"
20.0,AXM5232,2.7017448246735234,101.7341921580161,9144.0,"(AXM5111),(AXM1793)"
20.0,AXM5233,1.4700136161718984,110.32161780259504,9144.0,"(AXM5111),(AXM5115)"
20.0,AXM5234,2.854114638644081,101.64980838522868,9144.0,"(AXM5111),(AXM5117)"
20.0,AXM5413,1.4922945250105677,110.31149655037171,9144.0,"(AXM5114),(AXM5110)"
20.0,AXM5414,1.6469423869711382,103.66494307490208,9144.0,"(AXM5114),(AXM5202)"
30.0,AXM1773,1.4557931177420163,110.36080652995194,9144.0
30.0,AXM1776,1.3196621026402842,104.03621729873097,9144.0
30.0,AXM1793,5.928058935331636,116.05557816384004,9144.0
30.0,AXM1794,1.3285708048268654,103.96743025263149,9144.0
30.0,AXM5110,2.7392484050114576,101.69364547455376,9144.0
30.0,AXM5111,5.914729109906003,116.07936376193383,9144.0
30.0,AXM5114,2.8329133552581176,101.64576631928136,9144.0
30.0,AXM5115,5.92348046204338,116.01155518509793,9144.0
30.0,AXM5117,5.892149467746677,116.01884078098428,9144.0
30.0,AXM5202,2.848618504943924,101.67198992889409,9144.0
30.0,AXM5203,1.5011596337199202,110.27587587529578,9144.0
30.0,AXM5204,2.748008520158224,101.68262335811977,9144.0
30.0,AXM5205,1.462035672878735,110.31999506730564,9144.0
30.0,AXM5207,1.494854165415115,110.304117875289,9144.0
30.0,AXM5208,2.827335214084413,101.6441823280002,9144.0
30.0,AXM5232,2.6898648187094594,101.73906936808416,9144.0
30.0,AXM5233,1.474841627397332,110.33313187005481,9144.0
30.0,AXM5234,2.868680141670505,101.64040778601121,9144.0
30.0,AXM5413,1.4934753845276683,110.29957243302945,9144.0
30.0,AXM5414,1.6588106961505211,103.66589433575915,9144.0
30.0,AXM1773,1.4557931177420163,110.36080652995194,9144.0,"(AXM1773),(AXM5203)"
30.0,AXM1776,1.3196621026402842,104.03621729873097,9144.0,"(AXM1773),(AXM5205)"
30.0,AXM1793,5.928058935331636,116.05557816384004,9144.0,"(AXM1773),(AXM5207)"
30.0,AXM1794,1.3285708048268654,103.96743025263149,9144.0,"(AXM1773),(AXM5233)"
30.0,AXM5110,2.7392484050114576,101.69364547455376,9144.0,"(AXM1773),(AXM5413)"
30.0,AXM5111,5.914729109906003,116.07936376193383,9144.0,"(AXM1776),(AXM1794)"
30.0,AXM5114,2.8329133552581176,101.64576631928136,9144.0,"(AXM1793),(AXM5111)"
30.0,AXM5115,5.92348046204338,116.01155518509793,9144.0,"(AXM1793),(AXM5115)"
30.0,AXM5117,5.892149467746677,116.01884078098428,9144.0,"(AXM1793),(AXM5117)"
30.0,AXM5202,2.848618504943924,101.67198992889409,9144.0,"(AXM1794),(AXM1776)"
30.0,AXM5203,1.5011596337199202,110.27587587529578,9144.0,"(AXM5110),(AXM5204)"
30.0,AXM5204,2.748008520158224,101.68262335811977,9144.0,"(AXM5110),(AXM5232)"
30.0,AXM5205,1.462035672878735,110.31999506730564,9144.0,"(AXM5111),(AXM1793)"
30.0,AXM5207,1.494854165415115,110.304117875289,9144.0,"(AXM5111),(AXM5115)"
30.0,AXM5208,2.827335214084413,101.6441823280002,9144.0,"(AXM5111),(AXM5117)"
30.0,AXM5232,2.6898648187094594,101.73906936808416,9144.0,"(AXM5114),(AXM5202)"
30.0,AXM5233,1.474841627397332,110.33313187005481,9144.0,"(AXM5114),(AXM5204)"
30.0,AXM5234,2.868680141670505,101.64040778601121,9144.0,"(AXM5114),(AXM5208)"
30.0,AXM5413,1.4934753845276683,110.29957243302945,9144.0,"(AXM5114),(AXM5234)"
30.0,AXM5414,1.6588106961505211,103.66589433575915,9144.0,"(AXM5115),(AXM1793)"
40.0,AXM1773,1.443628180116363,110.36238080593775,9144.0
40.0,AXM1776,1.310595626105409,104.04458787477189,9144.0
40.0,AXM1793,5.941821991641511,116.05525273231655,9144.0
40.0,AXM1794,1.3211463297160753,103.95830514202831,9144.0
40.0,AXM5110,2.732862762924305,101.68316043882054,9144.0
40.0,AXM5111,5.905666857385491,116.0876745539014,9144.0
40.0,AXM5114,2.8478759181741227,101.63647639027916,9144.0
40.0,AXM5115,5.915850093843614,116.00236631490978,9144.0
40.0,AXM5117,5.879711877178958,116.01778548643365,9144.0
40.0,AXM5202,2.860952505490926,101.66793079170903,9144.0
40.0,AXM5203,1.5014959188227028,110.26382598052332,9144.0
40.0,AXM5204,2.7473693863271658,101.67100996830727,9144.0
40.0,AXM5205,1.4651214262032042,110.32906708042017,9144.0
40.0,AXM5207,1.4918682714701275,110.29236492840013,9144.0
40.0,AXM5208,2.8356164946807496,101.63464080619974,9144.0
40.0,AXM5232,2.67774915198866,101.74332606853591,9144.0
40.0,AXM5233,1.4831341088920553,110.34246400333906,9144.0
40.0,AXM5234,2.8862816339602766,101.63390751602282,9144.0
40.0,AXM5413,1.4905356131685756,110.28840383917638,9144.0
40.0,AXM5414,1.6696560977879424,103.6708094832369,9144.0
40.0,AXM1773,1.443628180116363,110.36238080593775,9144.0,"(AXM1773),(AXM5205)"
40.0,AXM1776,1.310595626105409,104.04458787477189,9144.0,"(AXM1773),(AXM5207)"
40.0,AXM1793,5.941821991641511,116.05525273231655,9144.0,"(AXM1773),(AXM5233)"
40.0,AXM1794,1.3211463297160753,103.95830514202831,9144.0,"(AXM1773),(AXM5413)"
40.0,AXM5110,2.732862762924305,101.68316043882054,9144.0,"(AXM1776),(AXM1794)"
40.0,AXM5111,5.905666857385491,116.0876745539014,9144.0,"(AXM1793),(AXM5111)"
40.0,AXM5114,2.8478759181741227,101.63647639027916,9144.0,"(AXM1793),(AXM5115)"
40.0,AXM5115,5.915850093843614,116.00236631490978,9144.0,"(AXM1793),(AXM5117)"
40.0,AXM5117,5.879711877178958,116.01778548643365,9144.0,"(AXM1794),(AXM1776)"
40.0,AXM5202,2.860952505490926,101.66793079170903,9144.0,"(AXM5110),(AXM5204)"
40.0,AXM5203,1.5014959188227028,110.26382598052332,9144.0,"(AXM5110),(AXM5232)"
40.0,AXM5204,2.7473693863271658,101.67100996830727,9144.0,"(AXM5111),(AXM1793)"
40.0,AXM5205,1.4651214262032042,110.32906708042017,9144.0,"(AXM5111),(AXM5115)"
40.0,AXM5207,1.4918682714701275,110.29236492840013,9144.0,"(AXM5111),(AXM5117)"
40.0,AXM5208,2.8356164946807496,101.63464080619974,9144.0,"(AXM5114),(AXM5202)"
40.0,AXM5232,2.67774915198866,101.74332606853591,9144.0,"(AXM5114),(AXM5208)"
40.0,AXM5233,1.4831341088920553,110.34246400333906,9144.0,"(AXM5114),(AXM5234)"
40.0,AXM5234,2.8862816339602766,101.63390751602282,9144.0,"(AXM5115),(AXM1793)"
40.0,AXM5413,1.4905356131685756,110.28840383917638,9144.0,"(AXM5115),(AXM5111)"
40.0,AXM5414,1.6696560977879424,103.6708094832369,9144.0,"(AXM5115),(AXM5117)"
50.0,AXM1773,1.431622756400524,110.35986361787306,9144.0
50.0,AXM1776,1.299290187502344,104.04953059715399,9144.0
50.0,AXM1793,5.9548802508732805,116.05086922116854,9144.0
50.0,AXM1794,1.311045983947944,103.9522761907721,9144.0
50.0,AXM5110,2.730278565103138,101.67115579831204,9144.0
50.0,AXM5111,5.89438924092427,116.09252491036321,9144.0
50.0,AXM5114,2.8651146737311457,101.63057712955201,9144.0
50.0,AXM5115,5.905575802256253,115.9963175833405,9144.0
50.0,AXM5117,5.867528332651007,116.0208268370919,9144.0
50.0,AXM5202,2.8747169241589665,101.66767110319499,9144.0
50.0,AXM5203,1.5013284397858018,110.25048240514538,9144.0
50.0,AXM5204,2.7507909513296087,101.65989480307739,9144.0
50.0,AXM5205,1.4717020073222784,110.33603109032198,9144.0
50.0,AXM5207,1.4851820664812703,110.28242292246603,9144.0
50.0,AXM5208,2.846511923919041,101.62825428524862,9144.0
50.0,AXM5232,2.665633468504868,101.7475826791692,9144.0
50.0,AXM5233,1.4939989610016242,110.34861024500483,9144.0
50.0,AXM5234,2.9048736633980563,101.63139523464349,9144.0
50.0,AXM5413,1.4841585491193918,110.279930980388,9144.0
50.0,AXM5414,1.6781974903006065,103.67910795166584,9144.0
50.0,AXM1773,1.431622756400524,110.35986361787306,9144.0,"(AXM1773),(AXM5205)"
50.0,AXM1776,1.299290187502344,104.04953059715399,9144.0,"(AXM1773),(AXM5233)"
50.0,AXM1793,5.9548802508732805,116.05086922116854,9144.0,"(AXM1793),(AXM5111)"
50.0,AXM1794,1.311045983947944,103.9522761907721,9144.0,"(AXM1793),(AXM5115)"
50.0,AXM5110,2.730278565103138,101.67115579831204,9144.0,"(AXM1793),(AXM5117)"
50.0,AXM5111,5.89438924092427,116.09252491036321,9144.0,"(AXM5110),(AXM5204)"
50.0,AXM5114,2.8651146737311457,101.63057712955201,9144.0,"(AXM5110),(AXM5232)"
50.0,AXM5115,5.905575802256253,115.9963175833405,9144.0,"(AXM5111),(AXM1793)"
50.0,AXM5117,5.867528332651007,116.0208268370919,9144.0,"(AXM5111),(AXM5117)"
50.0,AXM5202,2.8747169241589665,101.66767110319499,9144.0,"(AXM5114),(AXM5202)"
50.0,AXM5203,1.5013284397858018,110.25048240514538,9144.0,"(AXM5114),(AXM5208)"
50.0,AXM5204,2.7507909513296087,101.65989480307739,9144.0,"(AXM5114),(AXM5234)"
50.0,AXM5205,1.4717020073222784,110.33603109032198,9144.0,"(AXM5115),(AXM1793)"
50.0,AXM5207,1.4851820664812703,110.28242292246603,9144.0,"(AXM5115),(AXM5117)"
50.0,AXM5208,2.846511923919041,101.62825428524862,9144.0,"(AXM5117),(AXM1793)"
50.0,AXM5232,2.665633468504868,101.7475826791692,9144.0,"(AXM5117),(AXM5111)"
50.0,AXM5233,1.4939989610016242,110.34861024500483,9144.0,"(AXM5117),(AXM5115)"
50.0,AXM5234,2.9048736633980563,101.63139523464349,9144.0,"(AXM5202),(AXM5114)"
50.0,AXM5413,1.4841585491193918,110.279930980388,9144.0,"(AXM5202),(AXM5208)"
50.0,AXM5414,1.6781974903006065,103.67910795166584,9144.0,"(AXM5202),(AXM5234)"
60.0,AXM1773,1.4211137310248971,110.35353530870772,9144.0
60.0,AXM1776,1.2869902343166264,104.05050142804826,9144.0
60.0,AXM1793,5.966077068634612,116.04281574635621,9144.0
60.0,AXM1794,1.2994920077768222,103.95007293387694,9144.0
60.0,AXM5110,2.731783579303094,101.65896831240967,9144.0
60.0,AXM5111,5.8821520987347915,116.09337486192747,9144.0
60.0,AXM5114,2.8836959607565382,101.62853492018449,9144.0
60.0,AXM5115,5.893871227094254,115.99412336613231,9144.0
60.0,AXM5117,5.854872515388423,116.01980045800538,9144.0
60.0,AXM5202,2.8891241252894204,101.6714656596809,9144.0
60.0,AXM5203,1.5011465946200542,110.23600385662557,9144.0
60.0,AXM5204,2.7578489220297886,101.65065618343696,9144.0
60.0,AXM5205,1.480583147068924,110.33962322935282,9144.0
60.0,AXM5207,1.4780447494268658,110.27288981847357,9144.0
60.0,AXM5208,2.858875629965759,101.62569449780571,9144.0
60.0,AXM5232,2.655472617969029,101.75544136938286,9144.0
60.0,AXM5233,1.5062673501484531,110.35090935335995,9144.0
60.0,AXM5234,2.9239772875344343,101.63293717781758,9144.0
60.0,AXM5413,1.4752445729816308,110.27474719555106,9144.0
60.0,AXM5414,1.6834259307435604,103.68980950049406,9144.0
60.0,AXM1773,1.4211137310248971,110.35353530870772,9144.0,"(AXM1773),(AXM5205)"
60.0,AXM1776,1.2869902343166264,104.05050142804826,9144.0,"(AXM1773),(AXM5233)"
60.0,AXM1793,5.966077068634612,116.04281574635621,9144.0,"(AXM1793),(AXM5111)"
60.0,AXM1794,1.2994920077768222,103.95007293387694,9144.0,"(AXM1793),(AXM5115)"
60.0,AXM5110,2.731783579303094,101.65896831240967,9144.0,"(AXM5110),(AXM5204)"
60.0,AXM5111,5.8821520987347915,116.09337486192747,9144.0,"(AXM5111),(AXM1793)"
60.0,AXM5114,2.8836959607565382,101.62853492018449,9144.0,"(AXM5111),(AXM5117)"
60.0,AXM5115,5.893871227094254,115.99412336613231,9144.0,"(AXM5114),(AXM5202)"
60.0,AXM5117,5.854872515388423,116.01980045800538,9144.0,"(AXM5114),(AXM5208)"
60.0,AXM5202,2.8891241252894204,101.6714656596809,9144.0,"(AXM5114),(AXM5234)"
60.0,AXM5203,1.5011465946200542,110.23600385662557,9144.0,"(AXM5115),(AXM1793)"
60.0,AXM5204,2.7578489220297886,101.65065618343696,9144.0,"(AXM5115),(AXM5117)"
60.0,AXM5205,1.480583147068924,110.33962322935282,9144.0,"(AXM5117),(AXM5111)"
60.0,AXM5207,1.4780447494268658,110.27288981847357,9144.0,"(AXM5117),(AXM5115)"
60.0,AXM5208,2.858875629965759,101.62569449780571,9144.0,"(AXM5202),(AXM5114)"
60.0,AXM5232,2.655472617969029,101.75544136938286,9144.0,"(AXM5202),(AXM5208)"
60.0,AXM5233,1.5062673501484531,110.35090935335995,9144.0,"(AXM5202),(AXM5234)"
60.0,AXM5234,2.9239772875344343,101.63293717781758,9144.0,"(AXM5203),(AXM5207)"
60.0,AXM5413,1.4752445729816308,110.27474719555106,9144.0,"(AXM5203),(AXM5413)"
60.0,AXM5414,1.6834259307435604,103.68980950049406,9144.0,"(AXM5204),(AXM5110)"
70.0,AXM1773,1.4132713544309397,110.34410059855256,9144.0
70.0,AXM1776,1.2750496853435913,104.04739354156526,9144.0
70.0,AXM1793,5.974420679005889,116.03180557177586,9144.0
70.0,AXM1794,1.2878825448998004,103.95196195055013,9144.0
70.0,AXM5110,2.737210212101478,101.6479551046107,9144.0
70.0,AXM5111,5.870318118653228,116.0901299366055,9144.0
70.0,AXM5114,2.9022744881662286,101.6306021807301,9144.0
70.0,AXM5115,5.880633485440762,115.99578103670451,9144.0
70.0,AXM5117,5.843199734546703,116.01477852795882,9144.0
70.0,AXM5202,2.9013165458336405,101.67887604708413,9144.0
70.0,AXM5203,1.5046773178647161,110.22196150897462,9144.0
70.0,AXM5204,2.7676680707122103,101.64443976418947,9144.0
70.0,AXM5205,1.490153062049605,110.33919155262139,9144.0
70.0,AXM5207,1.4735325157160313,110.26010509228793,9144.0
70.0,AXM5208,2.8714073223773515,101.62723074209748,9144.0
70.0,AXM5232,2.6461903409632086,101.76324668075469,9144.0
70.0,AXM5233,1.518619451172192,110.34911394716879,9144.0
70.0,AXM5234,2.9423148868902373,101.63851699326712,9144.0
70.0,AXM5413,1.4679791506664885,110.2658648420123,9144.0
70.0,AXM5414,1.6847238151265647,103.70165000626406,9144.0
70.0,AXM1773,1.4132713544309397,110.34410059855256,9144.0,"(AXM1773),(AXM5205)"
70.0,AXM1776,1.2750496853435913,104.04739354156526,9144.0,"(AXM5110),(AXM5204)"
70.0,AXM1793,5.974420679005889,116.03180557177586,9144.0,"(AXM5111),(AXM5117)"
70.0,AXM1794,1.2878825448998004,103.95196195055013,9144.0,"(AXM5114),(AXM5202)"
70.0,AXM5110,2.737210212101478,101.6479551046107,9144.0,"(AXM5114),(AXM5208)"
70.0,AXM5111,5.870318118653228,116.0901299366055,9144.0,"(AXM5114),(AXM5234)"
70.0,AXM5114,2.9022744881662286,101.6306021807301,9144.0,"(AXM5115),(AXM5117)"
70.0,AXM5115,5.880633485440762,115.99578103670451,9144.0,"(AXM5117),(AXM5111)"
70.0,AXM5117,5.843199734546703,116.01477852795882,9144.0,"(AXM5117),(AXM5115)"
70.0,AXM5202,2.9013165458336405,101.67887604708413,9144.0,"(AXM5202),(AXM5114)"
70.0,AXM5203,1.5046773178647161,110.22196150897462,9144.0,"(AXM5202),(AXM5208)"
70.0,AXM5204,2.7676680707122103,101.64443976418947,9144.0,"(AXM5202),(AXM5234)"
70.0,AXM5205,1.490153062049605,110.33919155262139,9144.0,"(AXM5203),(AXM5207)"
70.0,AXM5207,1.4735325157160313,110.26010509228793,9144.0,"(AXM5203),(AXM5413)"
70.0,AXM5208,2.8714073223773515,101.62723074209748,9144.0,"(AXM5204),(AXM5110)"
70.0,AXM5232,2.6461903409632086,101.76324668075469,9144.0,"(AXM5205),(AXM1773)"
70.0,AXM5233,1.518619451172192,110.34911394716879,9144.0,"(AXM5205),(AXM5207)"
70.0,AXM5234,2.9423148868902373,101.63851699326712,9144.0,"(AXM5205),(AXM5233)"
70.0,AXM5413,1.4679791506664885,110.2658648420123,9144.0,"(AXM5205),(AXM5413)"
70.0,AXM5414,1.6847238151265647,103.70165000626406,9144.0,"(AXM5207),(AXM5203)"
80.0,AXM1773,1.408968927837662,110.33261010547132,9144.0
80.0,AXM1776,1.2647828979175402,104.04054907038778,9144.0
80.0,AXM1793,5.9791720408962235,116.0188139411534,9144.0
80.0,AXM1794,1.277622453446038,103.95771461821914,9144.0
80.0,AXM5110,2.7459541715491365,101.63934256164276,9144.0
80.0,AXM5111,5.860205093711726,116.08315162318905,9144.0
80.0,AXM5114,2.920503639526924,101.63674231734883,9144.0
80.0,AXM5115,5.8669844086150285,116.00160308795655,9144.0
80.0,AXM5117,5.832630194356922,116.00580059889823,9144.0
80.0,AXM5202,2.9109011204695427,101.68945208885381,9144.0
80.0,AXM5203,1.5086466413990602,110.20617418365678,9144.0
80.0,AXM5204,2.7790307681978224,101.64201646910267,9144.0
80.0,AXM5205,1.4986749672926372,110.33481436993851,9144.0
80.0,AXM5207,1.4726134259271755,110.2453017343175,9144.0
80.0,AXM5208,2.8833101859246018,101.63277085857031,9144.0
80.0,AXM5232,2.636064094255774,101.76991803479463,9144.0
80.0,AXM5233,1.529726433244342,110.34341713256616,9144.0
80.0,AXM5234,2.9596357153404917,101.64806048593076,9144.0
80.0,AXM5413,1.4632963276605315,110.25375162729706,9144.0
80.0,AXM5414,1.6819378322313778,103.71323079809515,9144.0
80.0,AXM1773,1.408968927837662,110.33261010547132,9144.0,"(AXM1773),(AXM5205)"
80.0,AXM1776,1.2647828979175402,104.04054907038778,9144.0,"(AXM5110),(AXM5204)"
80.0,AXM1793,5.9791720408962235,116.0188139411534,9144.0,"(AXM5111),(AXM5117)"
80.0,AXM1794,1.277622453446038,103.95771461821914,9144.0,"(AXM5114),(AXM5202)"
80.0,AXM5110,2.7459541715491365,101.63934256164276,9144.0,"(AXM5114),(AXM5208)"
80.0,AXM5111,5.860205093711726,116.08315162318905,9144.0,"(AXM5114),(AXM5234)"
80.0,AXM5114,2.920503639526924,101.63674231734883,9144.0,"(AXM5115),(AXM5117)"
80.0,AXM5115,5.8669844086150285,116.00160308795655,9144.0,"(AXM5117),(AXM5111)"
80.0,AXM5117,5.832630194356922,116.00580059889823,9144.0,"(AXM5117),(AXM5115)"
80.0,AXM5202,2.9109011204695427,101.68945208885381,9144.0,"(AXM5202),(AXM5114)"
80.0,AXM5203,1.5086466413990602,110.20617418365678,9144.0,"(AXM5202),(AXM5208)"
80.0,AXM5204,2.7790307681978224,101.64201646910267,9144.0,"(AXM5202),(AXM5234)"
80.0,AXM5205,1.4986749672926372,110.33481436993851,9144.0,"(AXM5203),(AXM5207)"
80.0,AXM5207,1.4726134259271755,110.2453017343175,9144.0,"(AXM5203),(AXM5413)"
80.0,AXM5208,2.8833101859246018,101.63277085857031,9144.0,"(AXM5204),(AXM5110)"
80.0,AXM5232,2.636064094255774,101.76991803479463,9144.0,"(AXM5205),(AXM1773)"
80.0,AXM5233,1.529726433244342,110.34341713256616,9144.0,"(AXM5205),(AXM5207)"
80.0,AXM5234,2.9596357153404917,101.64806048593076,9144.0,"(AXM5205),(AXM5233)"
80.0,AXM5413,1.4632963276605315,110.25375162729706,9144.0,"(AXM5205),(AXM5413)"
80.0,AXM5414,1.6819378322313778,103.71323079809515,9144.0,"(AXM5207),(AXM5203)"
90.0,AXM1773,1.4086855552951694,110.32034335695543,9144.0
90.0,AXM1776,1.257319989873391,104.0307214363198,9144.0
90.0,AXM1793,5.979910299122022,116.00499167414186,9144.0
90.0,AXM1794,1.2699533044543876,103.96663478906859,9144.0
90.0,AXM5110,2.757041759130941,101.63408977954708,9144.0
90.0,AXM5111,5.852939177048111,116.07321707406008,9144.0
90.0,AXM5114,2.937016385279926,101.64661604720621,9144.0
90.0,AXM5115,5.850760291988157,116.00525383548406,9144.0
90.0,AXM5117,5.825139471248274,115.9941051281986,9144.0
90.0,AXM5202,2.9170374524091285,101.70226561982864,9144.0
90.0,AXM5203,1.5130068652986095,110.18883098589761,9144.0
90.0,AXM5204,2.7905279766505875,101.64368687630197,9144.0
90.0,AXM5205,1.5046022746636323,110.32728605050875,9144.0
90.0,AXM5207,1.4736145763821886,110.23050369648581,9144.0
90.0,AXM5208,2.89292825040255,101.64171457001108,9144.0
90.0,AXM5232,2.6244353399893408,101.77757909549324,9144.0
90.0,AXM5233,1.538393414606676,110.3344317419459,9144.0
90.0,AXM5234,2.9746148151642395,101.66098033982556,9144.0
90.0,AXM5413,1.4626183524827892,110.24078192955325,9144.0
90.0,AXM5414,1.6753970733370493,103.72318389083765,9144.0
90.0,AXM1773,1.4086855552951694,110.32034335695543,9144.0,"(AXM5110),(AXM5204)"
90.0,AXM1776,1.257319989873391,104.0307214363198,9144.0,"(AXM5111),(AXM5115)"
90.0,AXM1793,5.979910299122022,116.00499167414186,9144.0,"(AXM5111),(AXM5117)"
90.0,AXM1794,1.2699533044543876,103.96663478906859,9144.0,"(AXM5114),(AXM5202)"
90.0,AXM5110,2.757041759130941,101.63408977954708,9144.0,"(AXM5114),(AXM5208)"
90.0,AXM5111,5.852939177048111,116.07321707406008,9144.0,"(AXM5114),(AXM5234)"
90.0,AXM5114,2.937016385279926,101.64661604720621,9144.0,"(AXM5115),(AXM5111)"
90.0,AXM5115,5.850760291988157,116.00525383548406,9144.0,"(AXM5115),(AXM5117)"
90.0,AXM5117,5.825139471248274,115.9941051281986,9144.0,"(AXM5117),(AXM5111)"
90.0,AXM5202,2.9170374524091285,101.70226561982864,9144.0,"(AXM5117),(AXM5115)"
90.0,AXM5203,1.5130068652986095,110.18883098589761,9144.0,"(AXM5202),(AXM5114)"
90.0,AXM5204,2.7905279766505875,101.64368687630197,9144.0,"(AXM5202),(AXM5208)"
90.0,AXM5205,1.5046022746636323,110.32728605050875,9144.0,"(AXM5202),(AXM5234)"
90.0,AXM5207,1.4736145763821886,110.23050369648581,9144.0,"(AXM5203),(AXM5207)"
90.0,AXM5208,2.89292825040255,101.64171457001108,9144.0,"(AXM5203),(AXM5413)"
90.0,AXM5232,2.6244353399893408,101.77757909549324,9144.0,"(AXM5204),(AXM5110)"
90.0,AXM5233,1.538393414606676,110.3344317419459,9144.0,"(AXM5205),(AXM5233)"
90.0,AXM5234,2.9746148151642395,101.66098033982556,9144.0,"(AXM5207),(AXM5203)"
90.0,AXM5413,1.4626183524827892,110.24078192955325,9144.0,"(AXM5207),(AXM5413)"
90.0,AXM5414,1.6753970733370493,103.72318389083765,9144.0,"(AXM5208),(AXM5114)"
100.0,AXM1773,1.4124527922361583,110.30866631740072,9144.0
100.0,AXM1776,1.2534824416929207,104.01899241492943,9144.0
100.0,AXM1793,5.97657006194754,115.9915631871689,9144.0
100.0,AXM1794,1.2658031396799916,103.9776430349825,9144.0
100.0,AXM5110,2.769238297624359,101.63278175749231,9144.0
100.0,AXM5111,5.84932947720283,116.06143255318972,9144.0
100.0,AXM5114,2.951237324625902,101.65988014182264,9144.0
100.0,AXM5115,5.832338661883946,116.00519780408231,9144.0
100.0,AXM5117,5.820384319613818,115.97913202067028,9144.0
100.0,AXM5202,2.9197905205832257,101.71742526955082,9144.0
100.0,AXM5203,1.5179000580745823,110.17163061899312,9144.0
100.0,AXM5204,2.800733978124633,101.64924391797182,9144.0
100.0,AXM5205,1.5068592736275144,110.31797286491941,9144.0
100.0,AXM5207,1.4747370223647756,110.21391050794848,9144.0
100.0,AXM5208,2.8993250756669844,101.65319111096962,9144.0
100.0,AXM5232,2.614271357760949,101.78914498651147,9144.0
100.0,AXM5233,1.543688007157594,110.32312441263409,9144.0
100.0,AXM5234,2.9870182124828495,101.67707682411584,9144.0
100.0,AXM5413,1.465930269065663,110.2263711837686,9144.0
100.0,AXM5414,1.6658741586611006,103.73033359003723,9144.0
100.0,AXM1773,1.4124527922361583,110.30866631740072,9144.0,"(AXM1776),(AXM1794)"
100.0,AXM1776,1.2534824416929207,104.01899241492943,9144.0,"(AXM1794),(AXM1776)"
100.0,AXM1793,5.97657006194754,115.9915631871689,9144.0,"(AXM5110),(AXM5204)"
100.0,AXM1794,1.2658031396799916,103.9776430349825,9144.0,"(AXM5111),(AXM5115)"
100.0,AXM5110,2.769238297624359,101.63278175749231,9144.0,"(AXM5114),(AXM5202)"
100.0,AXM5111,5.84932947720283,116.06143255318972,9144.0,"(AXM5114),(AXM5208)"
100.0,AXM5114,2.951237324625902,101.65988014182264,9144.0,"(AXM5114),(AXM5234)"
100.0,AXM5115,5.832338661883946,116.00519780408231,9144.0,"(AXM5115),(AXM5111)"
100.0,AXM5117,5.820384319613818,115.97913202067028,9144.0,"(AXM5115),(AXM5117)"
100.0,AXM5202,2.9197905205832257,101.71742526955082,9144.0,"(AXM5117),(AXM5115)"
100.0,AXM5203,1.5179000580745823,110.17163061899312,9144.0,"(AXM5202),(AXM5114)"
100.0,AXM5204,2.800733978124633,101.64924391797182,9144.0,"(AXM5202),(AXM5208)"
100.0,AXM5205,1.5068592736275144,110.31797286491941,9144.0,"(AXM5202),(AXM5234)"
100.0,AXM5207,1.4747370223647756,110.21391050794848,9144.0,"(AXM5203),(AXM5207)"
100.0,AXM5208,2.8993250756669844,101.65319111096962,9144.0,"(AXM5203),(AXM5413)"
100.0,AXM5232,2.614271357760949,101.78914498651147,9144.0,"(AXM5204),(AXM5110)"
100.0,AXM5233,1.543688007157594,110.32312441263409,9144.0,"(AXM5205),(AXM5233)"
100.0,AXM5234,2.9870182124828495,101.67707682411584,9144.0,"(AXM5207),(AXM5203)"
100.0,AXM5413,1.465930269065663,110.2263711837686,9144.0,"(AXM5207),(AXM5413)"
100.0,AXM5414,1.6658741586611006,103.73033359003723,9144.0,"(AXM5208),(AXM5114)"
110.0,AXM1773,1.419851131566899,110.29887929207791,9144.0
110.0,AXM1776,1.2536926719439958,104.00665306421187,9144.0
110.0,AXM1793,5.969447193203352,115.97971798749438,9144.0
110.0,AXM1794,1.2656741694991975,103.9894072646575,9144.0
110.0,AXM5110,2.7811856206870322,101.63556423459609,9144.0
110.0,AXM5111,5.849842381988625,116.04932999804616,9144.0
110.0,AXM5114,2.962807966077106,101.67626072658054,9144.0
110.0,AXM5115,5.813556184970144,116.0010383040217,9144.0
110.0,AXM5117,5.813035475931494,115.96397058000207,9144.0
110.0,AXM5202,2.9216425215056323,101.73272154435583,9144.0
110.0,AXM5203,1.5229048474431706,110.15403680053566,9144.0
110.0,AXM5204,2.808383171538015,101.65799853269003,9144.0
110.0,AXM5205,1.5050363553330561,110.30856502156934,9144.0
110.0,AXM5207,1.4737999419773173,110.19715269198309,9144.0
110.0,AXM5208,2.9026238692065496,101.66744802642035,9144.0
110.0,AXM5232,2.606301200445592,101.80438789121195,9144.0
110.0,AXM5233,1.5450406221451523,110.31071159404947,9144.0
110.0,AXM5234,2.996181647335034,101.69566567434805,9144.0
110.0,AXM5413,1.4681461902418922,110.2102933239048,9144.0
110.0,AXM5414,1.6544939724145589,103.73383537313737,9144.0
110.0,AXM1773,1.419851131566899,110.29887929207791,9144.0,"(AXM1776),(AXM1794)"
110.0,AXM1776,1.2536926719439958,104.00665306421187,9144.0,"(AXM1794),(AXM1776)"
110.0,AXM1793,5.969447193203352,115.97971798749438,9144.0,"(AXM5110),(AXM5204)"
110.0,AXM1794,1.2656741694991975,103.9894072646575,9144.0,"(AXM5111),(AXM5115)"
110.0,AXM5110,2.7811856206870322,101.63556423459609,9144.0,"(AXM5114),(AXM5202)"
110.0,AXM5111,5.849842381988625,116.04932999804616,9144.0,"(AXM5114),(AXM5208)"
110.0,AXM5114,2.962807966077106,101.67626072658054,9144.0,"(AXM5114),(AXM5234)"
110.0,AXM5115,5.813556184970144,116.0010383040217,9144.0,"(AXM5115),(AXM5111)"
110.0,AXM5117,5.813035475931494,115.96397058000207,9144.0,"(AXM5115),(AXM5117)"
110.0,AXM5202,2.9216425215056323,101.73272154435583,9144.0,"(AXM5117),(AXM5115)"
110.0,AXM5203,1.5229048474431706,110.15403680053566,9144.0,"(AXM5202),(AXM5114)"
110.0,AXM5204,2.808383171538015,101.65799853269003,9144.0,"(AXM5202),(AXM5208)"
110.0,AXM5205,1.5050363553330561,110.30856502156934,9144.0,"(AXM5202),(AXM5234)"
110.0,AXM5207,1.4737999419773173,110.19715269198309,9144.0,"(AXM5203),(AXM5207)"
110.0,AXM5208,2.9026238692065496,101.66744802642035,9144.0,"(AXM5203),(AXM5413)"
110.0,AXM5232,2.606301200445592,101.80438789121195,9144.0,"(AXM5204),(AXM5110)"
110.0,AXM5233,1.5450406221451523,110.31071159404947,9144.0,"(AXM5205),(AXM5233)"
110.0,AXM5234,2.996181647335034,101.69566567434805,9144.0,"(AXM5207),(AXM5203)"
110.0,AXM5413,1.4681461902418922,110.2102933239048,9144.0,"(AXM5207),(AXM5413)"
110.0,AXM5414,1.6544939724145589,103.73383537313737,9144.0,"(AXM5208),(AXM5114)"
120.0,AXM1773,1.4300567185950306,110.29207213899551,9144.0
120.0,AXM1776,1.2579231697439137,103.99521324917902,9144.0
120.0,AXM1793,5.959172605941805,115.97050526985362,9144.0
120.0,AXM1794,1.2695821690667748,104.00058034161259,9144.0
120.0,AXM5110,2.791553313785873,101.64212743439761,9144.0
120.0,AXM5111,5.854355207504941,116.03809788616492,9144.0
120.0,AXM5114,2.9713198805007774,101.69442443334961,9144.0
120.0,AXM5115,5.796079573731776,115.9929675084181,9144.0
120.0,AXM5117,5.804898287276278,115.94718435297733,9144.0
120.0,AXM5202,2.9237107145838652,101.74980577773573,9144.0
120.0,AXM5203,1.5277839414907408,110.13640764589343,9144.0
120.0,AXM5204,2.818206515453262,101.66420857211487,9144.0
120.0,AXM5205,1.499464350002346,110.30076990413825,9144.0
120.0,AXM5207,1.4728280834323562,110.17977620347891,9144.0
120.0,AXM5208,2.901839187527637,101.68206144656908,9144.0
120.0,AXM5232,2.6016800299496654,101.8220280433187,9144.0
120.0,AXM5233,1.542305746146889,110.29852867184358,9144.0
120.0,AXM5234,3.0015013700721007,101.71569991642092,9144.0
120.0,AXM5413,1.4706076057154949,110.19243304837102,9144.0
120.0,AXM5414,1.6426007870458186,103.7332756402211,9144.0
120.0,AXM1773,1.4300567185950306,110.29207213899551,9144.0,"(AXM1776),(AXM1794)"
120.0,AXM1776,1.2579231697439137,103.99521324917902,9144.0,"(AXM1794),(AXM1776)"
120.0,AXM1793,5.959172605941805,115.97050526985362,9144.0,"(AXM5110),(AXM5204)"
120.0,AXM1794,1.2695821690667748,104.00058034161259,9144.0,"(AXM5111),(AXM5115)"
120.0,AXM5110,2.791553313785873,101.64212743439761,9144.0,"(AXM5114),(AXM5202)"
120.0,AXM5111,5.854355207504941,116.03809788616492,9144.0,"(AXM5114),(AXM5208)"
120.0,AXM5114,2.9713198805007774,101.69442443334961,9144.0,"(AXM5114),(AXM5234)"
120.0,AXM5115,5.796079573731776,115.9929675084181,9144.0,"(AXM5115),(AXM5111)"
120.0,AXM5117,5.804898287276278,115.94718435297733,9144.0,"(AXM5115),(AXM5117)"
120.0,AXM5202,2.9237107145838652,101.74980577773573,9144.0,"(AXM5117),(AXM5115)"
120.0,AXM5203,1.5277839414907408,110.13640764589343,9144.0,"(AXM5202),(AXM5114)"
120.0,AXM5204,2.818206515453262,101.66420857211487,9144.0,"(AXM5202),(AXM5208)"
120.0,AXM5205,1.499464350002346,110.30076990413825,9144.0,"(AXM5202),(AXM5234)"
120.0,AXM5207,1.4728280834323562,110.17977620347891,9144.0,"(AXM5203),(AXM5207)"
120.0,AXM5208,2.901839187527637,101.68206144656908,9144.0,"(AXM5203),(AXM5413)"
120.0,AXM5232,2.6016800299496654,101.8220280433187,9144.0,"(AXM5204),(AXM5110)"
120.0,AXM5233,1.542305746146889,110.29852867184358,9144.0,"(AXM5205),(AXM5233)"
120.0,AXM5234,3.0015013700721007,101.71569991642092,9144.0,"(AXM5207),(AXM5203)"
120.0,AXM5413,1.4706076057154949,110.19243304837102,9144.0,"(AXM5207),(AXM5413)"
120.0,AXM5414,1.6426007870458186,103.7332756402211,9144.0,"(AXM5208),(AXM5114)"
130.0,AXM1773,1.4421867610359016,110.28883785385209,9144.0
130.0,AXM1776,1.265645302757203,103.98595993664608,9144.0
130.0,AXM1793,5.9466563788746685,115.96474096650489,9144.0
130.0,AXM1794,1.2771129350645658,104.00989769681048,9144.0
130.0,AXM5110,2.80039144148865,101.65064348325845,9144.0
130.0,AXM5111,5.862347431585156,116.0290317293115,9144.0
130.0,AXM5114,2.9800574100776944,101.71307098331366,9144.0
130.0,AXM5115,5.78051773507049,115.9812660944311,9144.0
130.0,AXM5117,5.796443479922864,115.92974542374654,9144.0
130.0,AXM5202,2.9259271137415577,101.76811754560212,9144.0
130.0,AXM5203,1.5328974695168405,110.11793019992527,9144.0
130.0,AXM5204,2.828517508744098,101.67072703010406,9144.0
130.0,AXM5205,1.4913818971377903,110.29562584234834,9144.0
130.0,AXM5207,1.4718558015980012,110.16239974624892,9144.0
130.0,AXM5208,2.896921693354148,101.69774197392704,9144.0
130.0,AXM5232,2.600877497216764,101.84119656989571,9144.0
130.0,AXM5233,1.535777595307218,110.28788629331216,9144.0
130.0,AXM5234,3.002869695470147,101.736584169664,9144.0
130.0,AXM5413,1.4731694711110475,110.17384207769943,9144.0
130.0,AXM5414,1.6315994724813014,103.72872055506356,9144.0
130.0,AXM1773,1.4421867610359016,110.28883785385209,9144.0,"(AXM1773),(AXM5205)"
130.0,AXM1776,1.265645302757203,103.98595993664608,9144.0,"(AXM1776),(AXM1794)"
130.0,AXM1793,5.9466563788746685,115.96474096650489,9144.0,"(AXM1794),(AXM1776)"
130.0,AXM1794,1.2771129350645658,104.00989769681048,9144.0,"(AXM5110),(AXM5204)"
130.0,AXM5110,2.80039144148865,101.65064348325845,9144.0,"(AXM5111),(AXM5115)"
130.0,AXM5111,5.862347431585156,116.0290317293115,9144.0,"(AXM5114),(AXM5202)"
130.0,AXM5114,2.9800574100776944,101.71307098331366,9144.0,"(AXM5114),(AXM5208)"
130.0,AXM5115,5.78051773507049,115.9812660944311,9144.0,"(AXM5114),(AXM5234)"
130.0,AXM5117,5.796443479922864,115.92974542374654,9144.0,"(AXM5115),(AXM5111)"
130.0,AXM5202,2.9259271137415577,101.76811754560212,9144.0,"(AXM5115),(AXM5117)"
130.0,AXM5203,1.5328974695168405,110.11793019992527,9144.0,"(AXM5117),(AXM5115)"
130.0,AXM5204,2.828517508744098,101.67072703010406,9144.0,"(AXM5202),(AXM5114)"
130.0,AXM5205,1.4913818971377903,110.29562584234834,9144.0,"(AXM5202),(AXM5208)"
130.0,AXM5207,1.4718558015980012,110.16239974624892,9144.0,"(AXM5203),(AXM5207)"
130.0,AXM5208,2.896921693354148,101.69774197392704,9144.0,"(AXM5203),(AXM5413)"
130.0,AXM5232,2.600877497216764,101.84119656989571,9144.0,"(AXM5204),(AXM5110)"
130.0,AXM5233,1.535777595307218,110.28788629331216,9144.0,"(AXM5205),(AXM1773)"
130.0,AXM5234,3.002869695470147,101.736584169664,9144.0,"(AXM5205),(AXM5233)"
130.0,AXM5413,1.4731694711110475,110.17384207769943,9144.0,"(AXM5207),(AXM5203)"
130.0,AXM5414,1.6315994724813014,103.72872055506356,9144.0,"(AXM5207),(AXM5413)"
140.0,AXM1773,1.4541248508057167,110.28673106363541,9144.0
140.0,AXM1776,1.2697778044580503,103.97471418398843,9144.0
140.0,AXM1793,5.933007145518356,115.96293548952683,9144.0
140.0,AXM1794,1.2872424328191634,104.01601823642687,9144.0
140.0,AXM5110,2.809229502995957,101.6591596653406,9144.0
140.0,AXM5111,5.872228816637747,116.02184829175489,9144.0
140.0,AXM5114,2.9861167363543806,101.73275433880025,9144.0
140.0,AXM5115,5.767748188310646,115.96654082588783,9144.0
140.0,AXM5117,5.784510882139073,115.91449836982311,9144.0
140.0,AXM5202,2.9321373329610365,101.78548365833976,9144.0
140.0,AXM5203,1.5380245165547612,110.09945645896369,9144.0
140.0,AXM5204,2.8404019423059577,101.67346235827591,9144.0
140.0,AXM5205,1.486173263556042,110.28758325958214,9144.0
140.0,AXM5207,1.4720043601450306,110.14499672415262,9144.0
140.0,AXM5208,2.893810462717982,101.7141801258824,9144.0
140.0,AXM5232,2.6041335471611142,101.86105547479835,9144.0
140.0,AXM5233,1.52615846375992,110.27992935688108,9144.0
140.0,AXM5234,3.004237418981367,101.7574684886003,9144.0
140.0,AXM5413,1.4721745522563972,110.15510172407977,9144.0
140.0,AXM5414,1.6227895473531995,103.72070821420138,9144.0
140.0,AXM1773,1.4541248508057167,110.28673106363541,9144.0,"(AXM1773),(AXM5205)"
140.0,AXM1776,1.2697778044580503,103.97471418398843,9144.0,"(AXM1776),(AXM1794)"
140.0,AXM1793,5.933007145518356,115.96293548952683,9144.0,"(AXM1794),(AXM1776)"
140.0,AXM1794,1.2872424328191634,104.01601823642687,9144.0,"(AXM5110),(AXM5204)"
140.0,AXM5110,2.809229502995957,101.6591596653406,9144.0,"(AXM5114),(AXM5202)"
140.0,AXM5111,5.872228816637747,116.02184829175489,9144.0,"(AXM5114),(AXM5234)"
140.0,AXM5114,2.9861167363543806,101.73275433880025,9144.0,"(AXM5115),(AXM5117)"
140.0,AXM5115,5.767748188310646,115.96654082588783,9144.0,"(AXM5117),(AXM5115)"
140.0,AXM5117,5.784510882139073,115.91449836982311,9144.0,"(AXM5202),(AXM5114)"
140.0,AXM5202,2.9321373329610365,101.78548365833976,9144.0,"(AXM5202),(AXM5208)"
140.0,AXM5203,1.5380245165547612,110.09945645896369,9144.0,"(AXM5202),(AXM5234)"
140.0,AXM5204,2.8404019423059577,101.67346235827591,9144.0,"(AXM5203),(AXM5207)"
140.0,AXM5205,1.486173263556042,110.28758325958214,9144.0,"(AXM5203),(AXM5413)"
140.0,AXM5207,1.4720043601450306,110.14499672415262,9144.0,"(AXM5204),(AXM5110)"
140.0,AXM5208,2.893810462717982,101.7141801258824,9144.0,"(AXM5204),(AXM5208)"
140.0,AXM5232,2.6041335471611142,101.86105547479835,9144.0,"(AXM5205),(AXM1773)"
140.0,AXM5233,1.52615846375992,110.27992935688108,9144.0,"(AXM5205),(AXM5233)"
140.0,AXM5234,3.004237418981367,101.7574684886003,9144.0,"(AXM5207),(AXM5203)"
140.0,AXM5413,1.4721745522563972,110.15510172407977,9144.0,"(AXM5207),(AXM5413)"
140.0,AXM5414,1.6227895473531995,103.72070821420138,9144.0,"(AXM5208),(AXM5202)"
150.0,AXM1773,1.4660859330756315,110.28050728434083,9144.0
150.0,AXM1776,1.2701879510127028,103.9618774366729,9144.0
150.0,AXM1793,5.919433896209251,115.9652485605487,9144.0
150.0,AXM1794,1.2955198360006321,104.0257429015394,9144.0
150.0,AXM5110,2.8180674960979086,101.66767598314604,9144.0
150.0,AXM5111,5.879432540339129,116.01160115599848,9144.0
150.0,AXM5114,2.993241758558197,101.75285056118376,9144.0
150.0,AXM5115,5.758340596617057,115.9494486323291,9144.0
150.0,AXM5117,5.7713878207057645,115.8993683962279,9144.0
150.0,AXM5202,2.9397098739540355,101.80425721628184,9144.0
150.0,AXM5203,1.5433666334615521,110.08020687238397,9144.0
150.0,AXM5204,2.854362698782168,101.6725111484095,9144.0
150.0,AXM5205,1.4820199620012038,110.27822257989288,9144.0
150.0,AXM5207,1.4731541680643077,110.12674104174648,9144.0
150.0,AXM5208,2.890364007630104,101.73238760699545,9144.0
150.0,AXM5232,2.611407591229688,101.88017356492811,9144.0
150.0,AXM5233,1.514483171291432,110.27551384061736,9144.0
150.0,AXM5234,3.0096508800243256,101.77768354179047,9144.0
150.0,AXM5413,1.471161449248113,110.13602411737718,9144.0
150.0,AXM5414,1.6172116747372796,103.71018507599044,9144.0
150.0,AXM1773,1.4660859330756315,110.28050728434083,9144.0,"(AXM1773),(AXM5205)"
150.0,AXM1776,1.2701879510127028,103.9618774366729,9144.0,"(AXM1773),(AXM5233)"
150.0,AXM1793,5.919433896209251,115.9652485605487,9144.0,"(AXM1776),(AXM1794)"
150.0,AXM1794,1.2955198360006321,104.0257429015394,9144.0,"(AXM1794),(AXM1776)"
150.0,AXM5110,2.8180674960979086,101.66767598314604,9144.0,"(AXM5110),(AXM5204)"
150.0,AXM5111,5.879432540339129,116.01160115599848,9144.0,"(AXM5114),(AXM5202)"
150.0,AXM5114,2.993241758558197,101.75285056118376,9144.0,"(AXM5114),(AXM5234)"
150.0,AXM5115,5.758340596617057,115.9494486323291,9144.0,"(AXM5115),(AXM5117)"
150.0,AXM5117,5.7713878207057645,115.8993683962279,9144.0,"(AXM5117),(AXM5115)"
150.0,AXM5202,2.9397098739540355,101.80425721628184,9144.0,"(AXM5202),(AXM5114)"
150.0,AXM5203,1.5433666334615521,110.08020687238397,9144.0,"(AXM5202),(AXM5208)"
150.0,AXM5204,2.854362698782168,101.6725111484095,9144.0,"(AXM5202),(AXM5234)"
150.0,AXM5205,1.4820199620012038,110.27822257989288,9144.0,"(AXM5203),(AXM5207)"
150.0,AXM5207,1.4731541680643077,110.12674104174648,9144.0,"(AXM5204),(AXM5110)"
150.0,AXM5208,2.890364007630104,101.73238760699545,9144.0,"(AXM5204),(AXM5208)"
150.0,AXM5232,2.611407591229688,101.88017356492811,9144.0,"(AXM5205),(AXM1773)"
150.0,AXM5233,1.514483171291432,110.27551384061736,9144.0,"(AXM5205),(AXM5233)"
150.0,AXM5234,3.0096508800243256,101.77768354179047,9144.0,"(AXM5207),(AXM5203)"
150.0,AXM5413,1.471161449248113,110.13602411737718,9144.0,"(AXM5207),(AXM5413)"
150.0,AXM5414,1.6172116747372796,103.71018507599044,9144.0,"(AXM5208),(AXM5202)"
160.0,AXM1773,1.4769279838941576,110.27028726256775,9144.0
160.0,AXM1776,1.2665806511251199,103.94768659774704,9144.0
160.0,AXM1793,5.907138890943917,115.97147511490708,9144.0
160.0,AXM1794,1.3012014675397878,104.03867416780183,9144.0
160.0,AXM5110,2.8292120865109327,101.67280674517734,9144.0
160.0,AXM5111,5.883801723688033,115.99832650503342,9144.0
160.0,AXM5114,3.000344313972139,101.77288495883552,9144.0
160.0,AXM5115,5.7524183167964695,115.93020983278774,9144.0
160.0,AXM5117,5.760062147514851,115.88283667011605,9144.0
160.0,AXM5202,2.947486575519746,101.82353989433089,9144.0
160.0,AXM5203,1.5487083415989358,110.06095712384764,9144.0
160.0,AXM5204,2.868314439102659,101.6674860536518,9144.0
160.0,AXM5205,1.4818558975702238,110.26798261731102,9144.0
160.0,AXM5207,1.4744814500134589,110.10808915281162,9144.0
160.0,AXM5208,2.890874003210283,101.75163826644891,9144.0
160.0,AXM5232,2.622352165478811,101.89745058684973,9144.0
160.0,AXM5233,1.5020077381151609,110.27511472208441,9144.0
160.0,AXM5234,3.0148919617392202,101.79725725641651,9144.0
160.0,AXM5413,1.470708090028406,110.11692499923522,9144.0
160.0,AXM5414,1.6117349328492727,103.69960893834721,9144.0
160.0,AXM1773,1.4769279838941576,110.27028726256775,9144.0,"(AXM1773),(AXM5205)"
160.0,AXM1776,1.2665806511251199,103.94768659774704,9144.0,"(AXM1773),(AXM5233)"
160.0,AXM1793,5.907138890943917,115.97147511490708,9144.0,"(AXM1776),(AXM1794)"
160.0,AXM1794,1.3012014675397878,104.03867416780183,9144.0,"(AXM1793),(AXM5111)"
160.0,AXM5110,2.8292120865109327,101.67280674517734,9144.0,"(AXM1794),(AXM1776)"
160.0,AXM5111,5.883801723688033,115.99832650503342,9144.0,"(AXM5110),(AXM5204)"
160.0,AXM5114,3.000344313972139,101.77288495883552,9144.0,"(AXM5111),(AXM1793)"
160.0,AXM5115,5.7524183167964695,115.93020983278774,9144.0,"(AXM5114),(AXM5202)"
160.0,AXM5117,5.760062147514851,115.88283667011605,9144.0,"(AXM5114),(AXM5234)"
160.0,AXM5202,2.947486575519746,101.82353989433089,9144.0,"(AXM5115),(AXM5117)"
160.0,AXM5203,1.5487083415989358,110.06095712384764,9144.0,"(AXM5117),(AXM5115)"
160.0,AXM5204,2.868314439102659,101.6674860536518,9144.0,"(AXM5202),(AXM5114)"
160.0,AXM5205,1.4818558975702238,110.26798261731102,9144.0,"(AXM5202),(AXM5234)"
160.0,AXM5207,1.4744814500134589,110.10808915281162,9144.0,"(AXM5204),(AXM5110)"
160.0,AXM5208,2.890874003210283,101.75163826644891,9144.0,"(AXM5204),(AXM5208)"
160.0,AXM5232,2.622352165478811,101.89745058684973,9144.0,"(AXM5205),(AXM1773)"
160.0,AXM5233,1.5020077381151609,110.27511472208441,9144.0,"(AXM5205),(AXM5233)"
160.0,AXM5234,3.0148919617392202,101.79725725641651,9144.0,"(AXM5207),(AXM5413)"
160.0,AXM5413,1.470708090028406,110.11692499923522,9144.0,"(AXM5208),(AXM5204)"
160.0,AXM5414,1.6117349328492727,103.69960893834721,9144.0,"(AXM5233),(AXM1773)"
170.0,AXM1773,1.4845748279161939,110.25749800584884,9144.0
170.0,AXM1776,1.2590949386965389,103.93472228370891,9144.0
170.0,AXM1793,5.897211168363831,115.98106351087525,9144.0
170.0,AXM1794,1.3029318848480589,104.05269271336672,9144.0
170.0,AXM5110,2.843142175873591,101.67475224437553,9144.0
170.0,AXM5111,5.884133602553138,115.9843480295112,9144.0
170.0,AXM5114,3.0074463510736873,101.79291967105299,9144.0
170.0,AXM5115,5.750521598764213,115.91016179039151,9144.0
170.0,AXM5117,5.748433821294376,115.865864788286,9144.0
170.0,AXM5202,2.95537923964867,101.84277540969786,9144.0
170.0,AXM5203,1.5525262332868428,110.04134789241222,9144.0
170.0,AXM5204,2.882952461600127,101.66512346582587,9144.0
170.0,AXM5205,1.4857066137380301,110.25657486992199,9144.0
170.0,AXM5207,1.4758275719208127,110.08916741626248,9144.0
170.0,AXM5208,2.8952933345402156,101.77141215070168,9144.0
170.0,AXM5232,2.636452616429864,101.91207478981835,9144.0
170.0,AXM5233,1.4903324456466729,110.27069925463547,9144.0
170.0,AXM5234,3.0201316665454763,101.81683143505745,9144.0
170.0,AXM5413,1.4702369873829002,110.09708732905581,9144.0
170.0,AXM5414,1.603255351611648,103.69198542271542,9144.0
170.0,AXM1773,1.4845748279161939,110.25749800584884,9144.0,"(AXM1773),(AXM5205)"
170.0,AXM1776,1.2590949386965389,103.93472228370891,9144.0,"(AXM1773),(AXM5233)"
170.0,AXM1793,5.897211168363831,115.98106351087525,9144.0,"(AXM1793),(AXM5111)"
170.0,AXM1794,1.3029318848480589,104.05269271336672,9144.0,"(AXM5110),(AXM5204)"
170.0,AXM5110,2.843142175873591,101.67475224437553,9144.0,"(AXM5111),(AXM1793)"
170.0,AXM5111,5.884133602553138,115.9843480295112,9144.0,"(AXM5114),(AXM5202)"
170.0,AXM5114,3.0074463510736873,101.79291967105299,9144.0,"(AXM5114),(AXM5234)"
170.0,AXM5115,5.750521598764213,115.91016179039151,9144.0,"(AXM5115),(AXM5117)"
170.0,AXM5117,5.748433821294376,115.865864788286,9144.0,"(AXM5117),(AXM5115)"
170.0,AXM5202,2.95537923964867,101.84277540969786,9144.0,"(AXM5202),(AXM5114)"
170.0,AXM5203,1.5525262332868428,110.04134789241222,9144.0,"(AXM5202),(AXM5234)"
170.0,AXM5204,2.882952461600127,101.66512346582587,9144.0,"(AXM5204),(AXM5110)"
170.0,AXM5205,1.4857066137380301,110.25657486992199,9144.0,"(AXM5205),(AXM1773)"
170.0,AXM5207,1.4758275719208127,110.08916741626248,9144.0,"(AXM5205),(AXM5233)"
170.0,AXM5208,2.8952933345402156,101.77141215070168,9144.0,"(AXM5207),(AXM5413)"
170.0,AXM5232,2.636452616429864,101.91207478981835,9144.0,"(AXM5233),(AXM1773)"
170.0,AXM5233,1.4903324456466729,110.27069925463547,9144.0,"(AXM5233),(AXM5205)"
170.0,AXM5234,3.0201316665454763,101.81683143505745,9144.0,"(AXM5234),(AXM5114)"
170.0,AXM5413,1.4702369873829002,110.09708732905581,9144.0,"(AXM5234),(AXM5202)"
170.0,AXM5414,1.603255351611648,103.69198542271542,9144.0,"(AXM5413),(AXM5207)"
180.0,AXM1773,1.4893924355264336,110.24150682367475,9144.0
180.0,AXM1776,1.2483734143181737,103.92427580631447,9144.0
180.0,AXM1793,5.890530083400388,115.99316441547856,9144.0
180.0,AXM1794,1.3005653597199143,104.06661793546485,9144.0
180.0,AXM5110,2.858890463789569,101.6728406055636,9144.0
180.0,AXM5111,5.880399373035403,115.97087902526198,9144.0
180.0,AXM5114,3.0145454751965683,101.81295554907355,9144.0
180.0,AXM5115,5.752686350708196,115.8896701906192,9144.0
180.0,AXM5117,5.7368047121605645,115.84889379473594,9144.0
180.0,AXM5202,2.963195898782741,101.86182713697207,9144.0
180.0,AXM5203,1.5564710016623378,110.02108530378062,9144.0
180.0,AXM5204,2.8995144263502537,101.66657885813538,9144.0
180.0,AXM5205,1.489726102021652,110.24513433360687,9144.0
180.0,AXM5207,1.4731425536640574,110.07038896047119,9144.0
180.0,AXM5208,2.8997121266604666,101.79118623295243,9144.0
180.0,AXM5232,2.6525798733833916,101.92420222772644,9144.0
180.0,AXM5233,1.47945823292431,110.26225381013236,9144.0
180.0,AXM5234,3.025610901359825,101.83730279844714,9144.0
180.0,AXM5413,1.469765613539198,110.07724966951105,9144.0
180.0,AXM5414,1.5929812150880946,103.68815118694909,9144.0
180.0,AXM1773,1.4893924355264336,110.24150682367475,9144.0,"(AXM1773),(AXM5205)"
180.0,AXM1776,1.2483734143181737,103.92427580631447,9144.0,"(AXM1773),(AXM5233)"
180.0,AXM1793,5.890530083400388,115.99316441547856,9144.0,"(AXM1793),(AXM5111)"
180.0,AXM1794,1.3005653597199143,104.06661793546485,9144.0,"(AXM5110),(AXM5204)"
180.0,AXM5110,2.858890463789569,101.6728406055636,9144.0,"(AXM5111),(AXM1793)"
180.0,AXM5111,5.880399373035403,115.97087902526198,9144.0,"(AXM5114),(AXM5202)"
180.0,AXM5114,3.0145454751965683,101.81295554907355,9144.0,"(AXM5114),(AXM5234)"
180.0,AXM5115,5.752686350708196,115.8896701906192,9144.0,"(AXM5115),(AXM5117)"
180.0,AXM5117,5.7368047121605645,115.84889379473594,9144.0,"(AXM5117),(AXM5115)"
180.0,AXM5202,2.963195898782741,101.86182713697207,9144.0,"(AXM5202),(AXM5114)"
180.0,AXM5203,1.5564710016623378,110.02108530378062,9144.0,"(AXM5202),(AXM5234)"
180.0,AXM5204,2.8995144263502537,101.66657885813538,9144.0,"(AXM5204),(AXM5110)"
180.0,AXM5205,1.489726102021652,110.24513433360687,9144.0,"(AXM5205),(AXM1773)"
180.0,AXM5207,1.4731425536640574,110.07038896047119,9144.0,"(AXM5205),(AXM5233)"
180.0,AXM5208,2.8997121266604666,101.79118623295243,9144.0,"(AXM5207),(AXM5413)"
180.0,AXM5232,2.6525798733833916,101.92420222772644,9144.0,"(AXM5233),(AXM1773)"
180.0,AXM5233,1.47945823292431,110.26225381013236,9144.0,"(AXM5233),(AXM5205)"
180.0,AXM5234,3.025610901359825,101.83730279844714,9144.0,"(AXM5234),(AXM5114)"
180.0,AXM5413,1.469765613539198,110.07724966951105,9144.0,"(AXM5234),(AXM5202)"
180.0,AXM5414,1.5929812150880946,103.68815118694909,9144.0,"(AXM5413),(AXM5207)"
190.0,AXM1773,1.4903719672880782,110.22413062870065,9144.0
190.0,AXM1776,1.2352204120246086,103.91713084790038,9144.0
190.0,AXM1793,5.880602360820302,116.00275252476474,9144.0
190.0,AXM1794,1.2943011905896795,104.07927709438061,9144.0
190.0,AXM5110,2.8754606580557334,101.66671868952413,9144.0
190.0,AXM5111,5.87292313040372,115.95908853702812,9144.0
190.0,AXM5114,3.021929078810058,101.83288819420966,9144.0
190.0,AXM5115,5.752981831936528,115.86906554022943,9144.0
190.0,AXM5117,5.727969433330751,115.83029930681646,9144.0
190.0,AXM5202,2.971010424872077,101.88087987629964,9144.0
190.0,AXM5203,1.5604817140776122,110.00083563573261,9144.0
190.0,AXM5204,2.917056249876394,101.672219825623,9144.0
190.0,AXM5205,1.4943418783988767,110.2319962699521,9144.0
190.0,AXM5207,1.4703999791195612,110.05121036793217,9144.0
190.0,AXM5208,2.9056512137198998,101.81055710902089,9144.0
190.0,AXM5232,2.665920167307227,101.93934755571733,9144.0
190.0,AXM5233,1.4700827336352325,110.24982454443787,9144.0
190.0,AXM5234,3.031133600914681,101.85776255054893,9144.0
190.0,AXM5413,1.469277755096375,110.05741241311482,9144.0
190.0,AXM5414,1.5807892075892418,103.68790951361065,9144.0
190.0,AXM1773,1.4903719672880782,110.22413062870065,9144.0,"(AXM1773),(AXM5205)"
190.0,AXM1776,1.2352204120246086,103.91713084790038,9144.0,"(AXM1773),(AXM5233)"
190.0,AXM1793,5.880602360820302,116.00275252476474,9144.0,"(AXM1793),(AXM5111)"
190.0,AXM1794,1.2943011905896795,104.07927709438061,9144.0,"(AXM5110),(AXM5204)"
190.0,AXM5110,2.8754606580557334,101.66671868952413,9144.0,"(AXM5111),(AXM1793)"
190.0,AXM5111,5.87292313040372,115.95908853702812,9144.0,"(AXM5114),(AXM5202)"
190.0,AXM5114,3.021929078810058,101.83288819420966,9144.0,"(AXM5114),(AXM5234)"
190.0,AXM5115,5.752981831936528,115.86906554022943,9144.0,"(AXM5115),(AXM5117)"
190.0,AXM5117,5.727969433330751,115.83029930681646,9144.0,"(AXM5117),(AXM5115)"
190.0,AXM5202,2.971010424872077,101.88087987629964,9144.0,"(AXM5202),(AXM5114)"
190.0,AXM5203,1.5604817140776122,110.00083563573261,9144.0,"(AXM5202),(AXM5234)"
190.0,AXM5204,2.917056249876394,101.672219825623,9144.0,"(AXM5204),(AXM5110)"
190.0,AXM5205,1.4943418783988767,110.2319962699521,9144.0,"(AXM5205),(AXM1773)"
190.0,AXM5207,1.4703999791195612,110.05121036793217,9144.0,"(AXM5205),(AXM5233)"
190.0,AXM5208,2.9056512137198998,101.81055710902089,9144.0,"(AXM5207),(AXM5413)"
190.0,AXM5232,2.665920167307227,101.93934755571733,9144.0,"(AXM5233),(AXM1773)"
190.0,AXM5233,1.4700827336352325,110.24982454443787,9144.0,"(AXM5233),(AXM5205)"
190.0,AXM5234,3.031133600914681,101.85776255054893,9144.0,"(AXM5234),(AXM5114)"
190.0,AXM5413,1.469277755096375,110.05741241311482,9144.0,"(AXM5234),(AXM5202)"
190.0,AXM5414,1.5807892075892418,103.68790951361065,9144.0,"(AXM5413),(AXM5207)"
200.0,AXM1773,1.4872563922295576,110.20700818505681,9144.0
200.0,AXM1776,1.2194134961694854,103.91317568377612,9144.0
200.0,AXM1793,5.86771491872988,116.01146047073777,9144.0
200.0,AXM1794,1.2846669184858266,104.08960408630502,9144.0
200.0,AXM5110,2.891356543027881,101.65823399880445,9144.0
200.0,AXM5111,5.86298837736902,115.94685804692394,9144.0
200.0,AXM5114,3.0280626395659826,101.85379031714079,9144.0
200.0,AXM5115,5.753285012819345,115.84786244769771,9144.0
200.0,AXM5117,5.722338459190878,115.80958977892573,9144.0
200.0,AXM5202,2.9787240832277186,101.8999739195904,9144.0
200.0,AXM5203,1.564658767819984,109.9797443196863,9144.0
200.0,AXM5204,2.933440701531825,101.68177993916811,9144.0
200.0,AXM5205,1.4981617333017425,110.21854398607071,9144.0
200.0,AXM5207,1.471759557895736,110.03188432680237,9144.0
200.0,AXM5208,2.9116483353584215,101.83011922224892,9144.0
200.0,AXM5232,2.6759776951703294,101.95692763517795,9144.0
200.0,AXM5233,1.463699225725576,110.23460234902643,9144.0
200.0,AXM5234,3.036569554093677,101.8779034771779,9144.0
200.0,AXM5413,1.4687504847319814,110.03598428799941,9144.0
200.0,AXM5414,1.5692040479845344,103.69171718451287,9144.0
200.0,AXM1773,1.4872563922295576,110.20700818505681,9144.0,"(AXM1773),(AXM5205)"
200.0,AXM1776,1.2194134961694854,103.91317568377612,9144.0,"(AXM1773),(AXM5233)"
200.0,AXM1793,5.86771491872988,116.01146047073777,9144.0,"(AXM1793),(AXM5111)"
200.0,AXM1794,1.2846669184858266,104.08960408630502,9144.0,"(AXM5110),(AXM5204)"
200.0,AXM5110,2.891356543027881,101.65823399880445,9144.0,"(AXM5111),(AXM1793)"
200.0,AXM5111,5.86298837736902,115.94685804692394,9144.0,"(AXM5114),(AXM5202)"
200.0,AXM5114,3.0280626395659826,101.85379031714079,9144.0,"(AXM5114),(AXM5234)"
200.0,AXM5115,5.753285012819345,115.84786244769771,9144.0,"(AXM5115),(AXM5117)"
200.0,AXM5117,5.722338459190878,115.80958977892573,9144.0,"(AXM5117),(AXM5115)"
200.0,AXM5202,2.9787240832277186,101.8999739195904,9144.0,"(AXM5202),(AXM5114)"
200.0,AXM5203,1.564658767819984,109.9797443196863,9144.0,"(AXM5202),(AXM5234)"
200.0,AXM5204,2.933440701531825,101.68177993916811,9144.0,"(AXM5204),(AXM5110)"
200.0,AXM5205,1.4981617333017425,110.21854398607071,9144.0,"(AXM5205),(AXM1773)"
200.0,AXM5207,1.471759557895736,110.03188432680237,9144.0,"(AXM5205),(AXM5233)"
200.0,AXM5208,2.9116483353584215,101.83011922224892,9144.0,"(AXM5207),(AXM5413)"
200.0,AXM5232,2.6759776951703294,101.95692763517795,9144.0,"(AXM5233),(AXM1773)"
200.0,AXM5233,1.463699225725576,110.23460234902643,9144.0,"(AXM5233),(AXM5205)"
200.0,AXM5234,3.036569554093677,101.8779034771779,9144.0,"(AXM5234),(AXM5114)"
200.0,AXM5413,1.4687504847319814,110.03598428799941,9144.0,"(AXM5234),(AXM5202)"
200.0,AXM5414,1.5692040479845344,103.69171718451287,9144.0,"(AXM5413),(AXM5207)"
210.0,AXM1773,1.480218985885555,110.19109179906667,9144.0
210.0,AXM1776,1.2031199141373234,103.91329408210042,9144.0
210.0,AXM1793,5.853009381397413,116.01647350230509,9144.0
210.0,AXM1794,1.2724738998242786,104.09672923104971,9144.0
210.0,AXM5110,2.909495852117696,101.6531810687801,9144.0
210.0,AXM5111,5.851915657707702,115.93322761003051,9144.0
210.0,AXM5114,3.0344527026966115,101.87556859213642,9144.0
210.0,AXM5115,5.753587219377386,115.82665932984736,9144.0
210.0,AXM5117,5.716654393119303,115.78868976705755,9144.0
210.0,AXM5202,2.9864106378288224,101.91900739598394,9144.0
210.0,AXM5203,1.5687466670912307,109.95863548838524,9144.0
210.0,AXM5204,2.947386999615998,101.69464637301921,9144.0
210.0,AXM5205,1.5024729297653536,110.20336084915444,9144.0
210.0,AXM5207,1.4762265705149877,110.01118811033419,9144.0
210.0,AXM5208,2.9175465395157585,101.84971156762249,9144.0
210.0,AXM5232,2.6860348617873964,101.97450806625496,9144.0
210.0,AXM5233,1.4612661523299617,110.21827547785252,9144.0
210.0,AXM5234,3.0458442907232,101.89658589839593,9144.0
210.0,AXM5413,1.4682458011721138,110.01455562349487,9144.0
210.0,AXM5414,1.559530937493469,103.699145186227,9144.0
210.0,AXM1773,1.480218985885555,110.19109179906667,9144.0,"(AXM1773),(AXM5205)"
210.0,AXM1776,1.2031199141373234,103.91329408210042,9144.0,"(AXM1773),(AXM5233)"
210.0,AXM1793,5.853009381397413,116.01647350230509,9144.0,"(AXM1793),(AXM5111)"
210.0,AXM1794,1.2724738998242786,104.09672923104971,9144.0,"(AXM5110),(AXM5204)"
210.0,AXM5110,2.909495852117696,101.6531810687801,9144.0,"(AXM5111),(AXM1793)"
210.0,AXM5111,5.851915657707702,115.93322761003051,9144.0,"(AXM5114),(AXM5202)"
210.0,AXM5114,3.0344527026966115,101.87556859213642,9144.0,"(AXM5114),(AXM5234)"
210.0,AXM5115,5.753587219377386,115.82665932984736,9144.0,"(AXM5115),(AXM5117)"
210.0,AXM5117,5.716654393119303,115.78868976705755,9144.0,"(AXM5117),(AXM5115)"
210.0,AXM5202,2.9864106378288224,101.91900739598394,9144.0,"(AXM5202),(AXM5114)"
210.0,AXM5203,1.5687466670912307,109.95863548838524,9144.0,"(AXM5202),(AXM5234)"
210.0,AXM5204,2.947386999615998,101.69464637301921,9144.0,"(AXM5204),(AXM5110)"
210.0,AXM5205,1.5024729297653536,110.20336084915444,9144.0,"(AXM5205),(AXM1773)"
210.0,AXM5207,1.4762265705149877,110.01118811033419,9144.0,"(AXM5205),(AXM5233)"
210.0,AXM5208,2.9175465395157585,101.84971156762249,9144.0,"(AXM5207),(AXM5413)"
210.0,AXM5232,2.6860348617873964,101.97450806625496,9144.0,"(AXM5233),(AXM1773)"
210.0,AXM5233,1.4612661523299617,110.21827547785252,9144.0,"(AXM5233),(AXM5205)"
210.0,AXM5234,3.0458442907232,101.89658589839593,9144.0,"(AXM5234),(AXM5114)"
210.0,AXM5413,1.4682458011721138,110.01455562349487,9144.0,"(AXM5234),(AXM5202)"
210.0,AXM5414,1.559530937493469,103.699145186227,9144.0,"(AXM5413),(AXM5207)"
220.0,AXM1773,1.4763639007239737,110.17228007370392,9144.0
220.0,AXM1776,1.187372118932456,103.91747849271249,9144.0
220.0,AXM1793,5.835752133156947,116.0180319043731,9144.0
220.0,AXM1794,1.2587489775064902,104.10005251143372,9144.0
220.0,AXM5110,2.9286305742063403,101.65209232546887,9144.0
220.0,AXM5111,5.839835346398831,115.91835829361682,9144.0
220.0,AXM5114,3.0408421089403204,101.89734718928392,9144.0
220.0,AXM5115,5.753888267254458,115.80545618412128,9144.0
220.0,AXM5117,5.710882350823367,115.76781433303917,9144.0
220.0,AXM5202,2.994274581813967,101.93796820761546,9144.0
220.0,AXM5203,1.5729585980170027,109.93688416351476,9144.0
220.0,AXM5204,2.9612725538793088,101.71010234705741,9144.0
220.0,AXM5205,1.5072074677519498,110.1866851082325,9144.0
220.0,AXM5207,1.4810237454240096,109.98896078603569,9144.0
220.0,AXM5208,2.9235589942476228,101.8696854602941,9144.0
220.0,AXM5232,2.694121884080418,101.99307958960824,9144.0
220.0,AXM5233,1.462669154551547,110.20002283121529,9144.0
220.0,AXM5234,3.058718036118348,101.9133253659185,9144.0
220.0,AXM5413,1.4677131327593522,109.99195219452878,9144.0
220.0,AXM5414,1.5525621035432888,103.70959063266501,9144.0
220.0,AXM1773,1.4763639007239737,110.17228007370392,9144.0,"(AXM1773),(AXM5205)"
220.0,AXM1776,1.187372118932456,103.91747849271249,9144.0,"(AXM1773),(AXM5233)"
220.0,AXM1793,5.835752133156947,116.0180319043731,9144.0,"(AXM1793),(AXM5111)"
220.0,AXM1794,1.2587489775064902,104.10005251143372,9144.0,"(AXM5110),(AXM5204)"
220.0,AXM5110,2.9286305742063403,101.65209232546887,9144.0,"(AXM5111),(AXM1793)"
220.0,AXM5111,5.839835346398831,115.91835829361682,9144.0,"(AXM5114),(AXM5202)"
220.0,AXM5114,3.0408421089403204,101.89734718928392,9144.0,"(AXM5114),(AXM5234)"
220.0,AXM5115,5.753888267254458,115.80545618412128,9144.0,"(AXM5115),(AXM5117)"
220.0,AXM5117,5.710882350823367,115.76781433303917,9144.0,"(AXM5117),(AXM5115)"
220.0,AXM5202,2.994274581813967,101.93796820761546,9144.0,"(AXM5202),(AXM5114)"
220.0,AXM5203,1.5729585980170027,109.93688416351476,9144.0,"(AXM5202),(AXM5234)"
220.0,AXM5204,2.9612725538793088,101.71010234705741,9144.0,"(AXM5204),(AXM5110)"
220.0,AXM5205,1.5072074677519498,110.1866851082325,9144.0,"(AXM5205),(AXM1773)"
220.0,AXM5207,1.4810237454240096,109.98896078603569,9144.0,"(AXM5205),(AXM5233)"
220.0,AXM5208,2.9235589942476228,101.8696854602941,9144.0,"(AXM5207),(AXM5413)"
220.0,AXM5232,2.694121884080418,101.99307958960824,9144.0,"(AXM5233),(AXM1773)"
220.0,AXM5233,1.462669154551547,110.20002283121529,9144.0,"(AXM5233),(AXM5205)"
220.0,AXM5234,3.058718036118348,101.9133253659185,9144.0,"(AXM5234),(AXM5114)"
220.0,AXM5413,1.4677131327593522,109.99195219452878,9144.0,"(AXM5234),(AXM5202)"
220.0,AXM5414,1.5525621035432888,103.70959063266501,9144.0,"(AXM5413),(AXM5207)"
230.0,AXM1773,1.4723839032892954,110.15165875484887,9144.0
230.0,AXM1776,1.1731679794359426,103.9254637277137,9144.0
230.0,AXM1793,5.818190864730006,116.01550432033932,9144.0
230.0,AXM1794,1.2446480046846813,104.09929409704992,9144.0
230.0,AXM5110,2.948242914996434,101.65507151922712,9144.0
230.0,AXM5111,5.831194747725513,115.90123792257837,9144.0
230.0,AXM5114,3.0466802368099857,101.9192805498187,9144.0
230.0,AXM5115,5.750097500495043,115.78459609483612,9144.0
230.0,AXM5117,5.70493412626061,115.74630658481497,9144.0
230.0,AXM5202,3.0023906412289296,101.9575414498224,9144.0
230.0,AXM5203,1.5771335460696163,109.915125660912,9144.0
230.0,AXM5204,2.976360771845427,101.72689776820837,9144.0
230.0,AXM5205,1.511731854850326,110.16995105256467,9144.0
230.0,AXM5207,1.4858201165962153,109.96673323998537,9144.0
230.0,AXM5208,2.9295163267327635,101.88967601204209,9144.0
230.0,AXM5232,2.703244930498936,102.01160968859656,9144.0
230.0,AXM5233,1.4681295570139223,110.182210214588,9144.0
230.0,AXM5234,3.072195146618182,101.93000792517141,9144.0
230.0,AXM5413,1.467175564363444,109.9693488870751,9144.0
230.0,AXM5414,1.5493236812166171,103.7217237336975,9144.0
230.0,AXM1773,1.4723839032892954,110.15165875484887,9144.0,"(AXM1773),(AXM5205)"
230.0,AXM1776,1.1731679794359426,103.9254637277137,9144.0,"(AXM1773),(AXM5233)"
230.0,AXM1793,5.818190864730006,116.01550432033932,9144.0,"(AXM5110),(AXM5204)"
230.0,AXM1794,1.2446480046846813,104.09929409704992,9144.0,"(AXM5114),(AXM5202)"
230.0,AXM5110,2.948242914996434,101.65507151922712,9144.0,"(AXM5114),(AXM5234)"
230.0,AXM5111,5.831194747725513,115.90123792257837,9144.0,"(AXM5115),(AXM5117)"
230.0,AXM5114,3.0466802368099857,101.9192805498187,9144.0,"(AXM5117),(AXM5115)"
230.0,AXM5115,5.750097500495043,115.78459609483612,9144.0,"(AXM5202),(AXM5114)"
230.0,AXM5117,5.70493412626061,115.74630658481497,9144.0,"(AXM5202),(AXM5234)"
230.0,AXM5202,3.0023906412289296,101.9575414498224,9144.0,"(AXM5204),(AXM5110)"
230.0,AXM5203,1.5771335460696163,109.915125660912,9144.0,"(AXM5205),(AXM1773)"
230.0,AXM5204,2.976360771845427,101.72689776820837,9144.0,"(AXM5205),(AXM5233)"
230.0,AXM5205,1.511731854850326,110.16995105256467,9144.0,"(AXM5207),(AXM5413)"
230.0,AXM5207,1.4858201165962153,109.96673323998537,9144.0,"(AXM5233),(AXM1773)"
230.0,AXM5208,2.9295163267327635,101.88967601204209,9144.0,"(AXM5233),(AXM5205)"
230.0,AXM5232,2.703244930498936,102.01160968859656,9144.0,"(AXM5234),(AXM5114)"
230.0,AXM5233,1.4681295570139223,110.182210214588,9144.0,"(AXM5234),(AXM5202)"
230.0,AXM5234,3.072195146618182,101.93000792517141,9144.0,"(AXM5413),(AXM5207)"
240.0,AXM1773,1.4681112110478263,110.1295227663757,9144.0
240.0,AXM1776,1.1584077485483608,103.93203205309253,9144.0
240.0,AXM1793,5.801261545372168,116.00892755288815,9144.0
240.0,AXM1794,1.2313585038459074,104.09451790006422,9144.0
240.0,AXM5110,2.966822869235812,101.66202932157998,9144.0
240.0,AXM5111,5.8241445654366695,115.88296078196905,9144.0
240.0,AXM5114,3.0529636297078215,101.94288967278867,9144.0
240.0,AXM5115,5.742224666723898,115.76414229470141,9144.0
240.0,AXM5117,5.699334917333442,115.72470462695297,9144.0
240.0,AXM5202,3.010280447146066,101.97720737847266,9144.0
240.0,AXM5203,1.5814305006897167,109.89272921189985,9144.0
240.0,AXM5204,2.9925503314228026,101.74492015163123,9144.0
240.0,AXM5205,1.516381027079498,110.1527538650632,9144.0
240.0,AXM5207,1.489520542331973,109.94429702410712,9144.0
240.0,AXM5208,2.9357365240377895,101.91055069291517,9144.0
240.0,AXM5232,2.7124261431573395,102.03025908148824,9144.0
240.0,AXM5233,1.4773573333617438,110.16602629445386,9144.0
240.0,AXM5234,3.084998167627743,101.94721493219957,9144.0
240.0,AXM5413,1.4665132735989492,109.94674889906548,9144.0
240.0,AXM5414,1.5501601223837733,103.73425398390908,9144.0
240.0,AXM1773,1.4681112110478263,110.1295227663757,9144.0,"(AXM1773),(AXM5205)"
240.0,AXM1776,1.1584077485483608,103.93203205309253,9144.0,"(AXM1773),(AXM5233)"
240.0,AXM1793,5.801261545372168,116.00892755288815,9144.0,"(AXM5110),(AXM5204)"
240.0,AXM1794,1.2313585038459074,104.09451790006422,9144.0,"(AXM5114),(AXM5202)"
240.0,AXM5110,2.966822869235812,101.66202932157998,9144.0,"(AXM5114),(AXM5234)"
240.0,AXM5111,5.8241445654366695,115.88296078196905,9144.0,"(AXM5115),(AXM5117)"
240.0,AXM5114,3.0529636297078215,101.94288967278867,9144.0,"(AXM5117),(AXM5115)"
240.0,AXM5115,5.742224666723898,115.76414229470141,9144.0,"(AXM5202),(AXM5114)"
240.0,AXM5117,5.699334917333442,115.72470462695297,9144.0,"(AXM5202),(AXM5234)"
240.0,AXM5202,3.010280447146066,101.97720737847266,9144.0,"(AXM5204),(AXM5110)"
240.0,AXM5203,1.5814305006897167,109.89272921189985,9144.0,"(AXM5205),(AXM1773)"
240.0,AXM5204,2.9925503314228026,101.74492015163123,9144.0,"(AXM5205),(AXM5233)"
240.0,AXM5205,1.516381027079498,110.1527538650632,9144.0,"(AXM5207),(AXM5413)"
240.0,AXM5207,1.489520542331973,109.94429702410712,9144.0,"(AXM5233),(AXM1773)"
240.0,AXM5208,2.9357365240377895,101.91055069291517,9144.0,"(AXM5233),(AXM5205)"
240.0,AXM5232,2.7124261431573395,102.03025908148824,9144.0,"(AXM5234),(AXM5114)"
240.0,AXM5233,1.4773573333617438,110.16602629445386,9144.0,"(AXM5234),(AXM5202)"
240.0,AXM5234,3.084998167627743,101.94721493219957,9144.0,"(AXM5413),(AXM5207)"
250.0,AXM1773,1.4679250256833731,110.10697869612301,9144.0
250.0,AXM1776,1.1420767361731787,103.93484333065591,9144.0
250.0,AXM1793,5.786234896169728,115.99869634683387,9144.0
250.0,AXM1794,1.2199996588427449,104.08612618276784,9144.0
250.0,AXM5110,2.983574708815794,101.67266786082176,9144.0
250.0,AXM5111,5.8169239462599585,115.86424510284243,9144.0
250.0,AXM5114,3.0593377355049713,101.96647453722794,9144.0
250.0,AXM5115,5.730678380106268,115.74553349661893,9144.0
250.0,AXM5117,5.6936362053029175,115.7027241002399,9144.0
250.0,AXM5202,3.0183888942938473,101.99742337216395,9144.0
250.0,AXM5203,1.5860574891257468,109.87039861165506,9144.0
250.0,AXM5204,3.0115496770066064,101.75994248987561,9144.0
250.0,AXM5205,1.5211958549528173,110.13560231396161,9144.0
250.0,AXM5207,1.4935132802315267,109.92008543309588,9144.0
250.0,AXM5208,2.9419495545218597,101.93142762983713,9144.0
250.0,AXM5232,2.7215082453778052,102.04895719002762,9144.0
250.0,AXM5233,1.4899044116255546,110.15225690703681,9144.0
250.0,AXM5234,3.098386378830349,101.9652094352092,9144.0
250.0,AXM5413,1.4658373617667355,109.9238902056918,9144.0
250.0,AXM5414,1.5549824597343278,103.74584863619397,9144.0
250.0,AXM1773,1.4679250256833731,110.10697869612301,9144.0,"(AXM1773),(AXM5205)"
250.0,AXM1776,1.1420767361731787,103.93484333065591,9144.0,"(AXM1773),(AXM5233)"
250.0,AXM1793,5.786234896169728,115.99869634683387,9144.0,"(AXM5114),(AXM5202)"
250.0,AXM1794,1.2199996588427449,104.08612618276784,9144.0,"(AXM5114),(AXM5234)"
250.0,AXM5110,2.983574708815794,101.67266786082176,9144.0,"(AXM5115),(AXM5117)"
250.0,AXM5111,5.8169239462599585,115.86424510284243,9144.0,"(AXM5117),(AXM5115)"
250.0,AXM5114,3.0593377355049713,101.96647453722794,9144.0,"(AXM5202),(AXM5114)"
250.0,AXM5115,5.730678380106268,115.74553349661893,9144.0,"(AXM5202),(AXM5234)"
250.0,AXM5117,5.6936362053029175,115.7027241002399,9144.0,"(AXM5205),(AXM1773)"
250.0,AXM5202,3.0183888942938473,101.99742337216395,9144.0,"(AXM5205),(AXM5233)"
250.0,AXM5203,1.5860574891257468,109.87039861165506,9144.0,"(AXM5207),(AXM5413)"
250.0,AXM5204,3.0115496770066064,101.75994248987561,9144.0,"(AXM5233),(AXM1773)"
250.0,AXM5205,1.5211958549528173,110.13560231396161,9144.0,"(AXM5233),(AXM5205)"
250.0,AXM5207,1.4935132802315267,109.92008543309588,9144.0,"(AXM5234),(AXM5114)"
250.0,AXM5208,2.9419495545218597,101.93142762983713,9144.0,"(AXM5234),(AXM5202)"
250.0,AXM5232,2.7215082453778052,102.04895719002762,9144.0,"(AXM5413),(AXM5207)"
260.0,AXM1773,1.468236774414627,110.08263661698767,9144.0
260.0,AXM1776,1.1266562279186236,103.94163032417502,9144.0
260.0,AXM1793,5.773879123516646,115.98533386812818,9144.0
260.0,AXM1794,1.2115280621059916,104.07482567422593,9144.0
260.0,AXM5110,2.9985821596327193,101.68704344997983,9144.0
260.0,AXM5111,5.808252301520235,115.84616286956012,9144.0
260.0,AXM5114,3.0657938612369753,101.99036601981192,9144.0
260.0,AXM5115,5.722805546335123,115.72508039238713,9144.0
260.0,AXM5117,5.688039253626598,115.68071739666166,9144.0
260.0,AXM5202,3.026680006716587,102.01756508612654,9144.0
260.0,AXM5203,1.5907234238383239,109.84787801509079,9144.0
260.0,AXM5204,3.033115346613413,101.7717714311793,9144.0
260.0,AXM5205,1.526249358097811,110.1175990828279,9144.0
260.0,AXM5207,1.4980002757931088,109.89525940042722,9144.0
260.0,AXM5208,2.948045647146736,101.9523392172117,9144.0
260.0,AXM5232,2.73076319626365,102.06801240609742,9144.0
260.0,AXM5233,1.5054889002199126,110.14121383463277,9144.0
260.0,AXM5234,3.1117717392590776,101.98320629317936,9144.0
260.0,AXM5413,1.4653736941965454,109.90102622367107,9144.0
260.0,AXM5414,1.563277769704844,103.75527444437812,9144.0
260.0,AXM1773,1.468236774414627,110.08263661698767,9144.0,"(AXM1773),(AXM5205)"
260.0,AXM1776,1.1266562279186236,103.94163032417502,9144.0,"(AXM1773),(AXM5233)"
260.0,AXM1793,5.773879123516646,115.98533386812818,9144.0,"(AXM5114),(AXM5202)"
260.0,AXM1794,1.2115280621059916,104.07482567422593,9144.0,"(AXM5114),(AXM5234)"
260.0,AXM5110,2.9985821596327193,101.68704344997983,9144.0,"(AXM5115),(AXM5117)"
260.0,AXM5111,5.808252301520235,115.84616286956012,9144.0,"(AXM5117),(AXM5115)"
260.0,AXM5114,3.0657938612369753,101.99036601981192,9144.0,"(AXM5202),(AXM5114)"
260.0,AXM5115,5.722805546335123,115.72508039238713,9144.0,"(AXM5205),(AXM1773)"
260.0,AXM5117,5.688039253626598,115.68071739666166,9144.0,"(AXM5205),(AXM5233)"
260.0,AXM5202,3.026680006716587,102.01756508612654,9144.0,"(AXM5207),(AXM5413)"
260.0,AXM5203,1.5907234238383239,109.84787801509079,9144.0,"(AXM5233),(AXM1773)"
260.0,AXM5204,3.033115346613413,101.7717714311793,9144.0,"(AXM5233),(AXM5205)"
260.0,AXM5205,1.526249358097811,110.1175990828279,9144.0,"(AXM5234),(AXM5114)"
260.0,AXM5207,1.4980002757931088,109.89525940042722,9144.0,"(AXM5413),(AXM5207)"
270.0,AXM1773,1.4675450332898408,110.05735502895021,9144.0
270.0,AXM1776,1.1131385228563933,103.95203031792033,9144.0
270.0,AXM1793,5.764307648558941,115.96895883039707,9144.0
270.0,AXM1794,1.20665715459843,104.06156805148251,9144.0
270.0,AXM5110,3.0140797749897192,101.70088792461941,9144.0
270.0,AXM5111,5.79926224941035,115.82741891434577,9144.0
270.0,AXM5114,3.0722442401487555,102.0142592032741,9144.0
270.0,AXM5115,5.718789619038298,115.70325788973953,9144.0
270.0,AXM5117,5.681995634512289,115.65696002210986,9144.0
270.0,AXM5202,3.034864894686178,102.03746678342226,9144.0
270.0,AXM5203,1.595589293363936,109.8253997489802,9144.0
270.0,AXM5204,3.052413648086123,101.78703072329331,9144.0
270.0,AXM5205,1.5312214573279765,110.09957314210392,9144.0
270.0,AXM5207,1.502806778067853,109.86866266657954,9144.0
270.0,AXM5208,2.954594589925926,101.97480973624069,9144.0
270.0,AXM5232,2.7399782783783992,102.08708712507132,9144.0
270.0,AXM5233,1.5189136248341777,110.12669586628063,9144.0
270.0,AXM5234,3.124913712507167,102.00138239418803,9144.0
270.0,AXM5413,1.4648959709938494,109.87751826897328,9144.0
270.0,AXM5414,1.5741637291311406,103.76152882772595,9144.0
270.0,AXM1773,1.4675450332898408,110.05735502895021,9144.0,"(AXM1773),(AXM5205)"
270.0,AXM1776,1.1131385228563933,103.95203031792033,9144.0,"(AXM1773),(AXM5233)"
270.0,AXM1793,5.764307648558941,115.96895883039707,9144.0,"(AXM5114),(AXM5202)"
270.0,AXM1794,1.20665715459843,104.06156805148251,9144.0,"(AXM5114),(AXM5234)"
270.0,AXM5110,3.0140797749897192,101.70088792461941,9144.0,"(AXM5115),(AXM5117)"
270.0,AXM5111,5.79926224941035,115.82741891434577,9144.0,"(AXM5117),(AXM5115)"
270.0,AXM5114,3.0722442401487555,102.0142592032741,9144.0,"(AXM5202),(AXM5114)"
270.0,AXM5115,5.718789619038298,115.70325788973953,9144.0,"(AXM5205),(AXM1773)"
270.0,AXM5117,5.681995634512289,115.65696002210986,9144.0,"(AXM5205),(AXM5233)"
270.0,AXM5202,3.034864894686178,102.03746678342226,9144.0,"(AXM5207),(AXM5413)"
270.0,AXM5203,1.595589293363936,109.8253997489802,9144.0,"(AXM5233),(AXM1773)"
270.0,AXM5204,3.052413648086123,101.78703072329331,9144.0,"(AXM5233),(AXM5205)"
270.0,AXM5205,1.5312214573279765,110.09957314210392,9144.0,"(AXM5234),(AXM5114)"
270.0,AXM5207,1.502806778067853,109.86866266657954,9144.0,"(AXM5413),(AXM5207)"
280.0,AXM1773,1.466839133442051,110.03157234951067,9144.0
280.0,AXM1776,1.1021603502363608,103.96561806101857,9144.0
280.0,AXM1793,5.758271522742359,115.95053383066181,9144.0
280.0,AXM1794,1.2051653800257691,104.04571460448534,9144.0
280.0,AXM5110,3.0296265491139884,101.71477694320073,9144.0
280.0,AXM5111,5.79027109755924,115.8086757905689,9144.0
280.0,AXM5114,3.0785146661426013,102.03820052104835,9144.0
280.0,AXM5115,5.710822531054806,115.68256035261835,9144.0
280.0,AXM5117,5.675910816743143,115.6330843257483,9144.0
280.0,AXM5202,3.042939144932205,102.05741389948443,9144.0
280.0,AXM5203,1.6007929665362703,109.80135847119863,9144.0
280.0,AXM5204,3.0688052353345956,101.80521464395184,9144.0
280.0,AXM5205,1.5363367380033852,110.08102626805976,9144.0
280.0,AXM5207,1.5065581325390147,109.84139537774163,9144.0
280.0,AXM5208,2.9613555810250882,101.99721733496965,9144.0
280.0,AXM5232,2.7492502551659572,102.10628089717156,9144.0
280.0,AXM5233,1.5297969936769276,110.109707454387,9144.0
280.0,AXM5234,3.139109194595926,102.0210187523536,9144.0
280.0,AXM5413,1.4641581861785529,109.85401705077675,9144.0
280.0,AXM5414,1.5866140285208938,103.76402021411101,9144.0
280.0,AXM1773,1.466839133442051,110.03157234951067,9144.0,"(AXM1773),(AXM5205)"
280.0,AXM1776,1.1021603502363608,103.96561806101857,9144.0,"(AXM5114),(AXM5202)"
280.0,AXM1793,5.758271522742359,115.95053383066181,9144.0,"(AXM5114),(AXM5234)"
280.0,AXM1794,1.2051653800257691,104.04571460448534,9144.0,"(AXM5115),(AXM5117)"
280.0,AXM5110,3.0296265491139884,101.71477694320073,9144.0,"(AXM5117),(AXM5115)"
280.0,AXM5111,5.79027109755924,115.8086757905689,9144.0,"(AXM5202),(AXM5114)"
280.0,AXM5114,3.0785146661426013,102.03820052104835,9144.0,"(AXM5205),(AXM1773)"
280.0,AXM5115,5.710822531054806,115.68256035261835,9144.0,"(AXM5205),(AXM5233)"
280.0,AXM5117,5.675910816743143,115.6330843257483,9144.0,"(AXM5207),(AXM5413)"
280.0,AXM5202,3.042939144932205,102.05741389948443,9144.0,"(AXM5233),(AXM5205)"
280.0,AXM5203,1.6007929665362703,109.80135847119863,9144.0,"(AXM5234),(AXM5114)"
280.0,AXM5204,3.0688052353345956,101.80521464395184,9144.0,"(AXM5413),(AXM5207)"
290.0,AXM1773,1.4662190102728312,110.00578747008369,9144.0
290.0,AXM1776,1.094478398094003,103.9816118760363,9144.0
290.0,AXM1793,5.748495182896654,115.93380877200202,9144.0
290.0,AXM1794,1.207607349874257,104.02816115743951,9144.0
290.0,AXM5110,3.0475914301644558,101.72534324785966,9144.0
290.0,AXM5111,5.781579647444888,115.7897906714091,9144.0
290.0,AXM5114,3.085084088678477,102.06271543625549,9144.0
290.0,AXM5115,5.702001447012218,115.66157625844299,9144.0
290.0,AXM5117,5.669802525890266,115.60921493588978,9144.0
290.0,AXM5202,3.051133801440215,102.07766633336281,9144.0
290.0,AXM5203,1.6078889486638392,109.77780652944992,9144.0
290.0,AXM5204,3.0820992606517015,101.82608038847339,9144.0
290.0,AXM5205,1.5415572213529265,110.06250870657387,9144.0
290.0,AXM5207,1.51054016726707,109.8124471487507,9144.0
290.0,AXM5208,2.9685024213176034,102.02090867814574,9144.0
290.0,AXM5232,2.758466516713509,102.12550169466301,9144.0
290.0,AXM5233,1.540680180399344,110.09271883925257,9144.0
290.0,AXM5234,3.1535168731504513,102.04050183295355,9144.0
290.0,AXM5413,1.4633633011571936,109.82871751767311,9144.0
290.0,AXM5414,1.5990827040836881,103.77065186040245,9144.0
290.0,AXM1773,1.4662190102728312,110.00578747008369,9144.0,"(AXM5114),(AXM5202)"
290.0,AXM1776,1.094478398094003,103.9816118760363,9144.0,"(AXM5114),(AXM5234)"
290.0,AXM1793,5.748495182896654,115.93380877200202,9144.0,"(AXM5115),(AXM5117)"
290.0,AXM1794,1.207607349874257,104.02816115743951,9144.0,"(AXM5117),(AXM5115)"
290.0,AXM5110,3.0475914301644558,101.72534324785966,9144.0,"(AXM5202),(AXM5114)"
290.0,AXM5111,5.781579647444888,115.7897906714091,9144.0,"(AXM5205),(AXM5233)"
290.0,AXM5114,3.085084088678477,102.06271543625549,9144.0,"(AXM5207),(AXM5413)"
290.0,AXM5115,5.702001447012218,115.66157625844299,9144.0,"(AXM5233),(AXM5205)"
290.0,AXM5117,5.669802525890266,115.60921493588978,9144.0,"(AXM5234),(AXM5114)"
290.0,AXM5202,3.051133801440215,102.07766633336281,9144.0,"(AXM5413),(AXM5207)"
300.0,AXM1773,1.4655805732540612,109.97925640865394,9144.0
300.0,AXM1776,1.0898839672600888,104.0006064876993,9144.0
300.0,AXM1793,5.736154848004824,115.91811388855689,9144.0
300.0,AXM1794,1.2142809168206428,104.00981616881975,9144.0
300.0,AXM5110,3.066268855253606,101.73625707233496,9144.0
300.0,AXM5111,5.7726378501144815,115.77036427227041,9144.0
300.0,AXM5114,3.0917177317244313,102.08747324879427,9144.0
300.0,AXM5115,5.692953187282804,115.64005505080944,9144.0
300.0,AXM5117,5.663361280597293,115.58406131555718,9144.0
300.0,AXM5202,3.0594078829796048,102.09788651225426,9144.0
300.0,AXM5203,1.6153654480463118,109.75299014525373,9144.0
300.0,AXM5204,3.091758714657736,101.84886320356686,9144.0
300.0,AXM5205,1.5469411118802348,110.04340960735419,9144.0
300.0,AXM5207,1.5114720993062087,109.78324099838295,9144.0
300.0,AXM5208,2.975489642957789,102.04464786524643,9144.0
300.0,AXM5232,2.7681070661361353,102.14560871575904,9144.0
300.0,AXM5233,1.5478993546289441,110.07387764197429,9144.0
300.0,AXM5234,3.168600877830166,102.06090138877423,9144.0
300.0,AXM5413,1.4628239972636639,109.80311853939016,9144.0
300.0,AXM5414,1.6107639426634839,103.78147254302297,9144.0
300.0,AXM1773,1.4655805732540612,109.97925640865394,9144.0,"(AXM5114),(AXM5202)"
300.0,AXM1776,1.0898839672600888,104.0006064876993,9144.0,"(AXM5114),(AXM5234)"
300.0,AXM1793,5.736154848004824,115.91811388855689,9144.0,"(AXM5115),(AXM5117)"
300.0,AXM1794,1.2142809168206428,104.00981616881975,9144.0,"(AXM5117),(AXM5115)"
300.0,AXM5110,3.066268855253606,101.73625707233496,9144.0,"(AXM5202),(AXM5114)"
300.0,AXM5111,5.7726378501144815,115.77036427227041,9144.0,"(AXM5205),(AXM5233)"
300.0,AXM5114,3.0917177317244313,102.08747324879427,9144.0,"(AXM5207),(AXM5413)"
300.0,AXM5115,5.692953187282804,115.64005505080944,9144.0,"(AXM5233),(AXM5205)"
300.0,AXM5117,5.663361280597293,115.58406131555718,9144.0,"(AXM5234),(AXM5114)"
300.0,AXM5202,3.0594078829796048,102.09788651225426,9144.0,"(AXM5413),(AXM5207)"
310.0,AXM1773,1.4649417081038612,109.95272536510392,9144.0
310.0,AXM1776,1.0893516141339683,104.02017164299072,9144.0
310.0,AXM1793,5.723813924885511,115.90241981149275,9144.0
310.0,AXM1794,1.2247790138470105,103.99290247088655,9144.0
310.0,AXM5110,3.084989299412808,101.74709691791763,9144.0
310.0,AXM5111,5.763572057127905,115.750996326861,9144.0
310.0,AXM5114,3.098349853786729,102.11223162496502,9144.0
310.0,AXM5115,5.683902018122324,115.61853541741756,9144.0
310.0,AXM5117,5.6566679237634405,115.55897454428198,9144.0
310.0,AXM5202,3.068246444727749,102.11948946224567,9144.0
310.0,AXM5203,1.622841081351812,109.72817340841681,9144.0
310.0,AXM5204,3.097691082307764,101.87334651794046,9144.0
310.0,AXM5205,1.5521981147976847,110.02427512040664,9144.0
310.0,AXM5207,1.5124225149289048,109.75343732441259,9144.0
310.0,AXM5208,2.982529024200212,102.06856967572793,9144.0
310.0,AXM5232,2.7778188514484743,102.16568151101927,9144.0
310.0,AXM5233,1.5535125504666083,110.05373769224607,9144.0
310.0,AXM5234,3.183334395393586,102.08155657546381,9144.0
310.0,AXM5413,1.46226304709466,109.7765238468966,9144.0
310.0,AXM5414,1.6200964566957694,103.79567001443391,9144.0
310.0,AXM1773,1.4649417081038612,109.95272536510392,9144.0,"(AXM5114),(AXM5202)"
310.0,AXM1776,1.0893516141339683,104.02017164299072,9144.0,"(AXM5114),(AXM5234)"
310.0,AXM1793,5.723813924885511,115.90241981149275,9144.0,"(AXM5115),(AXM5117)"
310.0,AXM1794,1.2247790138470105,103.99290247088655,9144.0,"(AXM5117),(AXM5115)"
310.0,AXM5110,3.084989299412808,101.74709691791763,9144.0,"(AXM5202),(AXM5114)"
310.0,AXM5111,5.763572057127905,115.750996326861,9144.0,"(AXM5205),(AXM5233)"
310.0,AXM5114,3.098349853786729,102.11223162496502,9144.0,"(AXM5207),(AXM5413)"
310.0,AXM5115,5.683902018122324,115.61853541741756,9144.0,"(AXM5233),(AXM5205)"
310.0,AXM5117,5.6566679237634405,115.55897454428198,9144.0,"(AXM5234),(AXM5114)"
310.0,AXM5202,3.068246444727749,102.11948946224567,9144.0,"(AXM5413),(AXM5207)"
320.0,AXM1773,1.4643021135816314,109.92619434671104,9144.0
320.0,AXM1776,1.0929117796689283,104.03941743003925,9144.0
320.0,AXM1793,5.711868035425162,115.8864203157507,9144.0
320.0,AXM1794,1.2385229502242034,103.97850269297072,9144.0
320.0,AXM5110,3.1039362818628096,101.75806842356647,9144.0
320.0,AXM5111,5.754170660379402,115.73091428540326,9144.0
320.0,AXM5114,3.105014388287409,102.1369814264304,9144.0
320.0,AXM5115,5.677076606706832,115.5962022519449,9144.0
320.0,AXM5117,5.6497773989825735,115.53316547054273,9144.0
320.0,AXM5202,3.076260024290234,102.14141290463155,9144.0
320.0,AXM5203,1.629790189375561,109.70320391085598,9144.0
320.0,AXM5204,3.1075231238615193,101.89653674402126,9144.0
320.0,AXM5205,1.557490007850986,110.00501152770327,9144.0
320.0,AXM5207,1.5174613033757152,109.7240475331353,9144.0
320.0,AXM5208,2.9897031940928214,102.09245145625474,9144.0
320.0,AXM5232,2.7882883623935495,102.1873218635305,9144.0
320.0,AXM5233,1.5604075706100637,110.03400003799248,9144.0
320.0,AXM5234,3.198430730442823,102.10272237532874,9144.0
320.0,AXM5413,1.4615256961522987,109.74993347206201,9144.0
320.0,AXM5414,1.6257540925052527,103.81169189551494,9144.0
320.0,AXM1773,1.4643021135816314,109.92619434671104,9144.0,"(AXM5114),(AXM5202)"
320.0,AXM1776,1.0929117796689283,104.03941743003925,9144.0,"(AXM5115),(AXM5117)"
320.0,AXM1793,5.711868035425162,115.8864203157507,9144.0,"(AXM5117),(AXM5115)"
320.0,AXM1794,1.2385229502242034,103.97850269297072,9144.0,"(AXM5202),(AXM5114)"
320.0,AXM5110,3.1039362818628096,101.75806842356647,9144.0,"(AXM5205),(AXM5233)"
320.0,AXM5111,5.754170660379402,115.73091428540326,9144.0,"(AXM5207),(AXM5413)"
320.0,AXM5114,3.105014388287409,102.1369814264304,9144.0,"(AXM5233),(AXM5205)"
320.0,AXM5115,5.677076606706832,115.5962022519449,9144.0,"(AXM5413),(AXM5207)"
330.0,AXM1773,1.463627472743289,109.89966420490681,9144.0
330.0,AXM1776,1.1004078044243566,104.0574969906197,9144.0
330.0,AXM1793,5.699125251545983,115.86935523436617,9144.0
330.0,AXM1794,1.2549280441650688,103.9672294340445,9144.0
330.0,AXM5110,3.122865500423255,101.76907083666276,9144.0
330.0,AXM5111,5.745036700972113,115.71070827977928,9144.0
330.0,AXM5114,3.1117263542310263,102.1619131409991,9144.0
330.0,AXM5115,5.670210625618527,115.57374669267867,9144.0
330.0,AXM5117,5.642936847708942,115.50734328141317,9144.0
330.0,AXM5202,3.0814273509143586,102.16568185084931,9144.0
330.0,AXM5203,1.6368884654866958,109.67769493869669,9144.0
330.0,AXM5204,3.120093073961696,101.9203553099341,9144.0
330.0,AXM5205,1.5630262455455965,109.98581673175502,9144.0
330.0,AXM5207,1.5264232548679437,109.69548330154362,9144.0
330.0,AXM5208,2.9969667033278475,102.1166358323711,9144.0
330.0,AXM5232,2.7987554085459525,102.20896360406759,9144.0
330.0,AXM5233,1.567519533312798,110.01364039022056,9144.0
330.0,AXM5234,3.213597272789638,102.12383808029632,9144.0
330.0,AXM5413,1.4607705681757979,109.7227268114016,9144.0
330.0,AXM5414,1.62740680091987,103.82860349285059,9144.0
330.0,AXM1773,1.463627472743289,109.89966420490681,9144.0,"(AXM5114),(AXM5202)"
330.0,AXM1776,1.1004078044243566,104.0574969906197,9144.0,"(AXM5115),(AXM5117)"
330.0,AXM1793,5.699125251545983,115.86935523436617,9144.0,"(AXM5117),(AXM5115)"
330.0,AXM1794,1.2549280441650688,103.9672294340445,9144.0,"(AXM5202),(AXM5114)"
330.0,AXM5110,3.122865500423255,101.76907083666276,9144.0,"(AXM5205),(AXM5233)"
330.0,AXM5111,5.745036700972113,115.71070827977928,9144.0,"(AXM5207),(AXM5413)"
330.0,AXM5114,3.1117263542310263,102.1619131409991,9144.0,"(AXM5233),(AXM5205)"
330.0,AXM5115,5.670210625618527,115.57374669267867,9144.0,"(AXM5413),(AXM5207)"
340.0,AXM1773,1.462920909664566,109.87190496563903,9144.0
340.0,AXM1793,5.686327628039191,115.85233202898341,9144.0
340.0,AXM1794,1.2732964053869011,103.95956230611698,9144.0
340.0,AXM5110,3.142357771309715,101.78040103374559,9144.0
340.0,AXM5111,5.73568655858852,115.69002712135907,9144.0
340.0,AXM5114,3.1184061664846308,102.1868536733148,9144.0
340.0,AXM5115,5.661880503841731,115.55179744042799,9144.0
340.0,AXM5117,5.6359812624380226,115.48110304184934,9144.0
340.0,AXM5202,3.0875357719186556,102.19063927095458,9144.0
340.0,AXM5203,1.644214324767973,109.65225035123348,9144.0
340.0,AXM5204,3.131631126238938,101.9446922781474,9144.0
340.0,AXM5205,1.5688380735586054,109.96566430183489,9144.0
340.0,AXM5207,1.5353668978651338,109.66697557254291,9144.0
340.0,AXM5208,3.0041273482129567,102.14085110707414,9144.0
340.0,AXM5232,2.809163329043546,102.23063410210754,9144.0
340.0,AXM5233,1.5749377719085826,109.99339033868846,9144.0
340.0,AXM5234,3.2288720374985784,102.14510654056593,9144.0
340.0,AXM5413,1.4600128274166218,109.69552023260547,9144.0
340.0,AXM5414,1.624958167984698,103.84541820204316,9144.0
340.0,AXM1773,1.462920909664566,109.87190496563903,9144.0,"(AXM5114),(AXM5202)"
340.0,AXM1793,5.686327628039191,115.85233202898341,9144.0,"(AXM5115),(AXM5117)"
340.0,AXM1794,1.2732964053869011,103.95956230611698,9144.0,"(AXM5117),(AXM5115)"
340.0,AXM5110,3.142357771309715,101.78040103374559,9144.0,"(AXM5202),(AXM5114)"
340.0,AXM5111,5.73568655858852,115.69002712135907,9144.0,"(AXM5205),(AXM5233)"
340.0,AXM5114,3.1184061664846308,102.1868536733148,9144.0,"(AXM5207),(AXM5413)"
340.0,AXM5115,5.661880503841731,115.55179744042799,9144.0,"(AXM5233),(AXM5205)"
340.0,AXM5117,5.6359812624380226,115.48110304184934,9144.0,"(AXM5413),(AXM5207)"
350.0,AXM1773,1.4622197653460052,109.84414559755905,9144.0
350.0,AXM1793,5.673688339963166,115.83552120233102,9144.0
350.0,AXM1794,1.2928466241122167,103.9558275282372,9144.0
350.0,AXM5110,3.1608894043548035,101.79324690996826,9144.0
350.0,AXM5111,5.726484925891438,115.66927912506276,9144.0
350.0,AXM5114,3.125149081787137,102.21203607435588,9144.0
350.0,AXM5115,5.653026191391761,115.52847372708553,9144.0
350.0,AXM5117,5.629079746036998,115.45484870259833,9144.0
350.0,AXM5202,3.093747196938527,102.21602184867481,9144.0
350.0,AXM5203,1.6515906595674401,109.62662693478039,9144.0
350.0,AXM5204,3.1430889553812045,101.96886243878157,9144.0
350.0,AXM5205,1.5743684383155303,109.94543270761147,9144.0
350.0,AXM5207,1.5443097894193532,109.63846748802248,9144.0
350.0,AXM5208,3.0114290132367163,102.1655484828514,9144.0
350.0,AXM5232,2.8200914424557677,102.25339094163382,9144.0
350.0,AXM5233,1.582558205151389,109.97258738035653,9144.0
350.0,AXM5234,3.244539366828676,102.1660869024866,9144.0
350.0,AXM5413,1.4592475211466809,109.66806841632108,9144.0
350.0,AXM5414,1.6185510394572507,103.86115507507245,9144.0
350.0,AXM1773,1.4622197653460052,109.84414559755905,9144.0,"(AXM5114),(AXM5202)"
350.0,AXM1793,5.673688339963166,115.83552120233102,9144.0,"(AXM5115),(AXM5117)"
350.0,AXM1794,1.2928466241122167,103.9558275282372,9144.0,"(AXM5117),(AXM5115)"
350.0,AXM5110,3.1608894043548035,101.79324690996826,9144.0,"(AXM5202),(AXM5114)"
350.0,AXM5111,5.726484925891438,115.66927912506276,9144.0,"(AXM5205),(AXM5233)"
350.0,AXM5114,3.125149081787137,102.21203607435588,9144.0,"(AXM5207),(AXM5413)"
350.0,AXM5115,5.653026191391761,115.52847372708553,9144.0,"(AXM5233),(AXM5205)"
350.0,AXM5117,5.629079746036998,115.45484870259833,9144.0,"(AXM5413),(AXM5207)"
360.0,AXM1773,1.4615102024823607,109.8160817566229,9144.0
360.0,AXM1793,5.661095921273696,115.81867525977442,9144.0
360.0,AXM1794,1.3127470130783676,103.95618404327145,9144.0
360.0,AXM5110,3.1782855831331207,101.81029129217099,9144.0
360.0,AXM5111,5.717150490762776,115.64823497866531,9144.0
360.0,AXM5114,3.1319521508157484,102.23720240647457,9144.0
360.0,AXM5115,5.645093363056322,115.50481784140698,9144.0
360.0,AXM5117,5.622081323242978,115.42823745977056,9144.0
360.0,AXM5202,3.0998681964809043,102.24142659499019,9144.0
360.0,AXM5203,1.6589068737743158,109.6009861785162,9144.0
360.0,AXM5204,3.154771626294149,101.99292467090653,9144.0
360.0,AXM5205,1.580037294311724,109.92469262946794,9144.0
360.0,AXM5207,1.5542814062804997,109.61030285816798,9144.0
360.0,AXM5208,3.0187139686598625,102.19025097168524,9144.0
360.0,AXM5232,2.8310722036789056,102.27612257746286,9144.0
360.0,AXM5233,1.5903409890757885,109.95184458206154,9144.0
360.0,AXM5234,3.260168610371218,102.18701831832044,9144.0
360.0,AXM5413,1.4585475212486976,109.64061486456154,9144.0
360.0,AXM5414,1.6078562197425472,103.87660331059455,9144.0
360.0,AXM1773,1.4615102024823607,109.8160817566229,9144.0,"(AXM5114),(AXM5202)"
360.0,AXM1793,5.661095921273696,115.81867525977442,9144.0,"(AXM5115),(AXM5117)"
360.0,AXM1794,1.3127470130783676,103.95618404327145,9144.0,"(AXM5117),(AXM5115)"
360.0,AXM5110,3.1782855831331207,101.81029129217099,9144.0,"(AXM5202),(AXM5114)"
360.0,AXM5111,5.717150490762776,115.64823497866531,9144.0,"(AXM5205),(AXM5233)"
360.0,AXM5114,3.1319521508157484,102.23720240647457,9144.0,"(AXM5233),(AXM5205)"
370.0,AXM1773,1.4608328856860502,109.78801712686197,9144.0
370.0,AXM1793,5.64752040321507,115.80051590025036,9144.0
370.0,AXM1794,1.3321509884052742,103.96061674884405,9144.0
370.0,AXM5110,3.1938726431998448,101.83130171362464,9144.0
370.0,AXM5111,5.707903114112334,115.62715238717918,9144.0
370.0,AXM5114,3.138622923359069,102.26188635100085,9144.0
370.0,AXM5115,5.636718344975429,115.47985067767016,9144.0
370.0,AXM5117,5.614777424420247,115.40170956426137,9144.0
370.0,AXM5202,3.105988232235432,102.2668317212858,9144.0
370.0,AXM5203,1.666357524167149,109.57487072478965,9144.0
370.0,AXM5204,3.1666689398775687,102.01743136757906,9144.0
370.0,AXM5205,1.5859489147404602,109.9040204304667,9144.0
370.0,AXM5207,1.5644306665477508,109.58163443525139,9144.0
370.0,AXM5208,3.0260153852208815,102.21501399681449,9144.0
370.0,AXM5232,2.8422152433162466,102.29919448599139,9144.0
370.0,AXM5233,1.5987555320253535,109.92941700097703,9144.0
370.0,AXM5234,3.273477410830475,102.20950174632547,9144.0
370.0,AXM5413,1.457834383359931,109.612672906329,9144.0
370.0,AXM5414,1.5931747280782522,103.8906334023262,9144.0
370.0,AXM1773,1.4608328856860502,109.78801712686197,9144.0,"(AXM5114),(AXM5202)"
370.0,AXM1793,5.64752040321507,115.80051590025036,9144.0,"(AXM5115),(AXM5117)"
370.0,AXM1794,1.3321509884052742,103.96061674884405,9144.0,"(AXM5117),(AXM5115)"
370.0,AXM5110,3.1938726431998448,101.83130171362464,9144.0,"(AXM5202),(AXM5114)"
370.0,AXM5111,5.707903114112334,115.62715238717918,9144.0,"(AXM5205),(AXM5233)"
370.0,AXM5114,3.138622923359069,102.26188635100085,9144.0,"(AXM5233),(AXM5205)"
380.0,AXM1773,1.4601417702243058,109.75940716165442,9144.0
380.0,AXM1793,5.633943860220254,115.78235773945767,9144.0
380.0,AXM1794,1.3502330841812318,103.96893713159814,9144.0
380.0,AXM5110,3.208231484442205,101.8532749330608,9144.0
380.0,AXM5111,5.698060574148892,115.60471631755209,9144.0
380.0,AXM5114,3.14521170122578,102.28659253048959,9144.0
380.0,AXM5115,5.627742133994131,115.45509573315998,9144.0
380.0,AXM5117,5.6073081122238095,115.37459146851981,9144.0
380.0,AXM5202,3.112149410910647,102.29222702012227,9144.0
380.0,AXM5203,1.6738141838027145,109.5487568885888,9144.0
380.0,AXM5204,3.1784300377817467,102.04200420690685,9144.0
380.0,AXM5205,1.592004156555567,109.88284440681076,9144.0
380.0,AXM5207,1.5743339431560435,109.55287991249313,9144.0
380.0,AXM5208,3.033374384426606,102.23976009134678,9144.0
380.0,AXM5232,2.8534153496625145,102.32223890176402,9144.0
380.0,AXM5233,1.6072836328780409,109.9066841077501,9144.0
380.0,AXM5234,3.2851259561287334,102.23344597035332,9144.0
380.0,AXM5413,1.4571557279196907,109.58473009718656,9144.0
380.0,AXM5414,1.575972049626279,103.90142197994835,9144.0
380.0,AXM1773,1.4601417702243058,109.75940716165442,9144.0,"(AXM5114),(AXM5202)"
380.0,AXM1793,5.633943860220254,115.78235773945767,9144.0,"(AXM5115),(AXM5117)"
380.0,AXM1794,1.3502330841812318,103.96893713159814,9144.0,"(AXM5117),(AXM5115)"
380.0,AXM5110,3.208231484442205,101.8532749330608,9144.0,"(AXM5202),(AXM5114)"
380.0,AXM5111,5.698060574148892,115.60471631755209,9144.0,"(AXM5205),(AXM5233)"
380.0,AXM5114,3.14521170122578,102.28659253048959,9144.0,"(AXM5233),(AXM5205)"
390.0,AXM1773,1.459460209102932,109.73079697576814,9144.0
390.0,AXM1793,5.620330722409067,115.7642276890157,9144.0
390.0,AXM1794,1.366224068667704,103.98079127922213,9144.0
390.0,AXM5110,3.2225888603037456,101.87524942235959,9144.0
390.0,AXM5111,5.6882137877943855,115.58228251417864,9144.0
390.0,AXM5114,3.1518634398972787,102.31154138503184,9144.0
390.0,AXM5115,5.618530808475275,115.4296992596242,9144.0
390.0,AXM5117,5.599781234076047,115.34748979714747,9144.0
390.0,AXM5202,3.1183389558559127,102.31774373477741,9144.0
390.0,AXM5203,1.6813710849498362,109.52228879219115,9144.0
390.0,AXM5204,3.1902963113062723,102.06679926446924,9144.0
390.0,AXM5205,1.5978116564862828,109.86159899098242,9144.0
390.0,AXM5207,1.5843902625138282,109.52367880852869,9144.0
390.0,AXM5208,3.040803354311835,102.26474614035547,9144.0
390.0,AXM5232,2.8647776312597317,102.34562180433471,9144.0
390.0,AXM5233,1.6158156102195878,109.88395257505212,9144.0
390.0,AXM5234,3.2968547589239217,102.2575578618065,9144.0
390.0,AXM5413,1.4564734372296917,109.55666564235959,9144.0
390.0,AXM5414,1.5569515477447822,103.90852798450841,9144.0
390.0,AXM1773,1.459460209102932,109.73079697576814,9144.0,"(AXM5114),(AXM5202)"
390.0,AXM1793,5.620330722409067,115.7642276890157,9144.0,"(AXM5115),(AXM5117)"
390.0,AXM1794,1.366224068667704,103.98079127922213,9144.0,"(AXM5117),(AXM5115)"
390.0,AXM5110,3.2225888603037456,101.87524942235959,9144.0,"(AXM5202),(AXM5114)"
390.0,AXM5111,5.6882137877943855,115.58228251417864,9144.0,"(AXM5205),(AXM5233)"
390.0,AXM5114,3.1518634398972787,102.31154138503184,9144.0,"(AXM5233),(AXM5205)"
400.0,AXM1773,1.458765094090619,109.7016449494293,9144.0
400.0,AXM1793,5.605633340023852,115.74465609258856,9144.0
400.0,AXM1794,1.379443668242106,103.99567493080592,9144.0
400.0,AXM5110,3.2376085410402693,101.89677553770831,9144.0
400.0,AXM5111,5.678294860350751,115.55988121565734,9144.0
400.0,AXM5114,3.158546692110679,102.33648195108744,9144.0
400.0,AXM5115,5.609340737909731,115.40429541298772,9144.0
400.0,AXM5117,5.5921049584605536,115.31986107835189,9144.0
400.0,AXM5202,3.124466897833305,102.34327550668141,9144.0
400.0,AXM5203,1.689001311681011,109.49584165542282,9144.0
400.0,AXM5204,3.202127234802798,102.09161154724154,9144.0
400.0,AXM5205,1.6037560418411623,109.83985109469533,9144.0
400.0,AXM5207,1.5944083703134901,109.49446442138475,9144.0
400.0,AXM5208,3.0482877461664835,102.2897157708751,9144.0
400.0,AXM5232,2.8759455556339737,102.36909861798607,9144.0
400.0,AXM5233,1.6248346403458132,109.85992134467052,9144.0
400.0,AXM5234,3.308564016526117,102.28167956686336,9144.0
400.0,AXM5413,1.4557314703747752,109.52860271205832,9144.0
400.0,AXM5414,1.536890910868415,103.91166094217213,9144.0
400.0,AXM1773,1.458765094090619,109.7016449494293,9144.0,"(AXM5114),(AXM5202)"
400.0,AXM1793,5.605633340023852,115.74465609258856,9144.0,"(AXM5202),(AXM5114)"
400.0,AXM1794,1.379443668242106,103.99567493080592,9144.0,"(AXM5205),(AXM5233)"
400.0,AXM5110,3.2376085410402693,101.89677553770831,9144.0,"(AXM5233),(AXM5205)"
410.0,AXM1773,1.4580088571524952,109.67249445540911,9144.0
410.0,AXM1793,5.590655883951912,115.7247423918174,9144.0
410.0,AXM1794,1.3893295069669709,104.0129549263629,9144.0
410.0,AXM5110,3.2494377414307936,101.92083703161317,9144.0
410.0,AXM5111,5.6677594353245535,115.53609498485773,9144.0
410.0,AXM5114,3.1653091206400306,102.36172462824132,9144.0
410.0,AXM5115,5.600085430702775,115.37871832817935,9144.0
410.0,AXM5117,5.584784666110216,115.29213533961867,9144.0
410.0,AXM5202,3.1306807666467127,102.36916989809868,9144.0
410.0,AXM5203,1.6968502994141326,109.46863320069536,9144.0
410.0,AXM5204,3.2140627398886075,102.11664555236962,9144.0
410.0,AXM5205,1.6099348086759786,109.8181686094233,9144.0
410.0,AXM5207,1.6045781544457656,109.46480570265905,9144.0
410.0,AXM5208,3.055860190766025,102.31498405846027,9144.0
410.0,AXM5232,2.887139017426129,102.39263257180659,9144.0
410.0,AXM5233,1.6337761639672406,109.83586103808558,9144.0
410.0,AXM5234,3.320272318455022,102.30580202282346,9144.0
410.0,AXM5413,1.4549744233010813,109.4999944822774,9144.0
410.0,AXM5414,1.5166103552768386,103.91069283248711,9144.0
410.0,AXM1773,1.4580088571524952,109.67249445540911,9144.0,"(AXM5114),(AXM5202)"
410.0,AXM1793,5.590655883951912,115.7247423918174,9144.0,"(AXM5202),(AXM5114)"
410.0,AXM1794,1.3893295069669709,104.0129549263629,9144.0,"(AXM5205),(AXM5233)"
410.0,AXM5110,3.2494377414307936,101.92083703161317,9144.0,"(AXM5233),(AXM5205)"
420.0,AXM1773,1.45723643519482,109.64274598717752,9144.0
420.0,AXM1793,5.5755632504002355,115.70467831199859,9144.0
420.0,AXM1794,1.3954610306652029,104.03189614356599,9144.0
420.0,AXM5110,3.2574802257050033,101.94648417359163,9144.0
420.0,AXM5111,5.656899699377396,115.51245694883738,9144.0
420.0,AXM5114,3.170131777464663,102.38741003349847,9144.0
420.0,AXM5115,5.590954664754974,115.35309648969209,9144.0
420.0,AXM5117,5.577384338701457,115.26411769728664,9144.0
420.0,AXM5202,3.136902491465429,102.39506255134623,9144.0
420.0,AXM5203,1.7046584316932167,109.44141287290304,9144.0
420.0,AXM5204,3.2259960190000574,102.14168091535208,9144.0
420.0,AXM5205,1.6164136184923699,109.79543161536708,9144.0
420.0,AXM5207,1.6147464976085386,109.43514634156975,9144.0
420.0,AXM5208,3.063263428629823,102.34030275550603,9144.0
420.0,AXM5232,2.898483290381687,102.41609425141044,9144.0
420.0,AXM5233,1.6428474521912884,109.81144921725803,9144.0
420.0,AXM5234,3.3319514594503237,102.3299389443299,9144.0
420.0,AXM5413,1.4541922629009605,109.47138693844259,9144.0
420.0,AXM5414,1.4955947623994355,103.90559582212934,9144.0
420.0,AXM1773,1.45723643519482,109.64274598717752,9144.0,"(AXM5114),(AXM5202)"
420.0,AXM1793,5.5755632504002355,115.70467831199859,9144.0,"(AXM5202),(AXM5114)"
420.0,AXM1794,1.3954610306652029,104.03189614356599,9144.0,"(AXM5205),(AXM5233)"
420.0,AXM5110,3.2574802257050033,101.94648417359163,9144.0,"(AXM5233),(AXM5205)"
430.0,AXM1773,1.456520383484022,109.61299611727138,9144.0
430.0,AXM1793,5.560517845754679,115.68457896957267,9144.0
430.0,AXM1794,1.397660603273211,104.05195229859447,9144.0
430.0,AXM5110,3.264565988385331,101.97266878283848,9144.0
430.0,AXM5111,5.6457509078693775,115.48819726820152,9144.0
430.0,AXM5114,3.174987167496106,102.41327942729944,9144.0
430.0,AXM5115,5.581738949139502,115.32724346117456,9144.0
430.0,AXM5117,5.570274791960175,115.23602448471783,9144.0
430.0,AXM5202,3.1431953928543663,102.42125623768322,9144.0
430.0,AXM5203,1.7125490551802527,109.41390123302092,9144.0
430.0,AXM5204,3.2382782414259923,102.16654670888109,9144.0
430.0,AXM5205,1.6227991161712176,109.77266814646673,9144.0
430.0,AXM5207,1.6249923743441983,109.40551354662519,9144.0
430.0,AXM5208,3.0708218720513374,102.36615686958166,9144.0
430.0,AXM5232,2.909826195920749,102.43955682947546,9144.0
430.0,AXM5233,1.6556445578391348,109.78876885249106,9144.0
430.0,AXM5234,3.339996609835896,102.35597484331996,9144.0
430.0,AXM5413,1.4533979123635372,109.44235771176163,9144.0
430.0,AXM5414,1.4745811047990305,103.90470547874094,9144.0
430.0,AXM1773,1.456520383484022,109.61299611727138,9144.0,"(AXM5114),(AXM5202)"
430.0,AXM1793,5.560517845754679,115.68457896957267,9144.0,"(AXM5202),(AXM5114)"
430.0,AXM1794,1.397660603273211,104.05195229859447,9144.0,"(AXM5205),(AXM5233)"
430.0,AXM5110,3.264565988385331,101.97266878283848,9144.0,"(AXM5233),(AXM5205)"
440.0,AXM1773,1.455795072906232,109.5828894658874,9144.0
440.0,AXM1793,5.545094015272867,115.66397685256436,9144.0
440.0,AXM1794,1.39575488337978,104.07203850703762,9144.0
440.0,AXM5110,3.267616164081905,101.99962570623204,9144.0
440.0,AXM5111,5.634946126844585,115.46378137247707,9144.0
440.0,AXM5114,3.1805141118530127,102.43901342958311,9144.0
440.0,AXM5115,5.572368216407447,115.30144716119686,9144.0
440.0,AXM5117,5.563132960682559,115.20781507737706,9144.0
440.0,AXM5202,3.149510005742779,102.44744484131864,9144.0
440.0,AXM5203,1.720426876678851,109.38638580796754,9144.0
440.0,AXM5204,3.2506673042978025,102.19163237777451,9144.0
440.0,AXM5205,1.6296128741584655,109.7483763010565,9144.0
440.0,AXM5207,1.6353517783337224,109.3755491380435,9144.0
440.0,AXM5208,3.078483209226663,102.39198077840132,9144.0
440.0,AXM5232,2.9211681245169387,102.46302011758159,9144.0
440.0,AXM5233,1.671400320366583,109.76772413408327,9144.0
440.0,AXM5234,3.344036346745305,102.38292746565756,9144.0
440.0,AXM5413,1.4527006986908106,109.41332599702558,9144.0
440.0,AXM5414,1.4528599006169673,103.90787865480296,9144.0
440.0,AXM1773,1.455795072906232,109.5828894658874,9144.0,"(AXM5114),(AXM5202)"
440.0,AXM1793,5.545094015272867,115.66397685256436,9144.0,"(AXM5202),(AXM5114)"
440.0,AXM1794,1.39575488337978,104.07203850703762,9144.0,"(AXM5205),(AXM5233)"
440.0,AXM5110,3.267616164081905,101.99962570623204,9144.0,"(AXM5233),(AXM5205)"
450.0,AXM1773,1.4550385448721386,109.55278359336523,9144.0
450.0,AXM1793,5.529687991745184,115.64336182823423,9144.0
450.0,AXM1794,1.3898228184533037,104.0913226335823,9144.0
450.0,AXM5110,3.268895692952113,102.02660152051573,9144.0
450.0,AXM5111,5.624038403187341,115.43914021564136,9144.0
450.0,AXM5114,3.1860914863626535,102.46499076222105,9144.0
450.0,AXM5115,5.56284853421014,115.2752479626038,9144.0
450.0,AXM5117,5.555843714841588,115.17964410873535,9144.0
450.0,AXM5202,3.155866894694962,102.4738136798582,9144.0
450.0,AXM5203,1.728403382064324,109.35852221983946,9144.0
450.0,AXM5204,3.2628419659841787,102.21682343986997,9144.0
450.0,AXM5205,1.6364394760975427,109.72408798239935,9144.0
450.0,AXM5207,1.645652271741489,109.34556425654002,9144.0
450.0,AXM5208,3.0860377449848317,102.41744945172061,9144.0
450.0,AXM5232,2.9326712536844375,102.48682024565154,9144.0
450.0,AXM5233,1.687415623545534,109.7463318662968,9144.0
450.0,AXM5234,3.343969398198958,102.41012055063446,9144.0
450.0,AXM5413,1.4519870230087073,109.38363577778355,9144.0
450.0,AXM5414,1.4321095862440691,103.91504313661767,9144.0
450.0,AXM1773,1.4550385448721386,109.55278359336523,9144.0,"(AXM5114),(AXM5202)"
450.0,AXM1793,5.529687991745184,115.64336182823423,9144.0,"(AXM5202),(AXM5114)"
450.0,AXM1794,1.3898228184533037,104.0913226335823,9144.0,"(AXM5205),(AXM5233)"
450.0,AXM5110,3.268895692952113,102.02660152051573,9144.0,"(AXM5233),(AXM5205)"
460.0,AXM1773,1.4542709552602708,109.52226336234204,9144.0
460.0,AXM1793,5.51398131511779,115.6223473456962,9144.0
460.0,AXM1794,1.3801101536895526,104.10900578079782,9144.0
460.0,AXM5110,3.271214498282405,102.05350776590541,9144.0
460.0,AXM5111,5.612820770085608,115.41464041689686,9144.0
460.0,AXM5114,3.1913367111290674,102.49103753924642,9144.0
460.0,AXM5115,5.5534310775278275,115.24901191470542,9144.0
460.0,AXM5117,5.5485365499598425,115.15141576014771,9144.0
460.0,AXM5202,3.1622186329476927,102.50018392469276,9144.0
460.0,AXM5203,1.736376949772849,109.33065767286156,9144.0
460.0,AXM5204,3.2750952001944214,102.242179730062,9144.0
460.0,AXM5205,1.6436537429723685,109.69841852868255,9144.0
460.0,AXM5207,1.65602728268334,109.31535867200111,9144.0
460.0,AXM5208,3.0936059443881017,102.44291423790702,9144.0
460.0,AXM5232,2.9441349785737017,102.51063967295778,9144.0
460.0,AXM5233,1.7024162001240808,109.72421543232035,9144.0
460.0,AXM5234,3.3450537814433137,102.43729204488072,9144.0
460.0,AXM5413,1.4512558474778137,109.35394599422766,9144.0
460.0,AXM5414,1.413056330703056,103.92594813796093,9144.0
460.0,AXM1773,1.4542709552602708,109.52226336234204,9144.0,"(AXM5114),(AXM5202)"
460.0,AXM1793,5.51398131511779,115.6223473456962,9144.0,"(AXM5202),(AXM5114)"
460.0,AXM1794,1.3801101536895526,104.10900578079782,9144.0,"(AXM5205),(AXM5233)"
460.0,AXM5110,3.271214498282405,102.05350776590541,9144.0,"(AXM5233),(AXM5205)"
470.0,AXM1773,1.4534859919513512,109.4917435841159,9144.0
470.0,AXM1793,5.498261501038524,115.60134333587821,9144.0
470.0,AXM1794,1.3670192516272726,104.12435539121374,9144.0
470.0,AXM5110,3.2734308509007732,102.07923820888004,9144.0
470.0,AXM5111,5.601394691883157,115.38969328745767,9144.0
470.0,AXM5114,3.1966535347500096,102.5174486629519,9144.0
470.0,AXM5115,5.5439081770988325,115.2224892805557,9144.0
470.0,AXM5117,5.5410835309164,115.12322628615927,9144.0
470.0,AXM5202,3.1686412844286442,102.52685342713022,9144.0
470.0,AXM5203,1.7444158914037988,109.30256174527925,9144.0
470.0,AXM5204,3.287036710142277,102.26768509779002,9144.0
470.0,AXM5205,1.6508343835782449,109.67273954792309,9144.0
470.0,AXM5207,1.6664228453973025,109.28516000140296,9144.0
470.0,AXM5208,3.1012961750087435,102.46879447039852,9144.0
470.0,AXM5232,2.955704265931093,102.53468365527087,9144.0
470.0,AXM5233,1.7175549250320183,109.70189431592829,9144.0
470.0,AXM5234,3.346144017963445,102.46464795996833,9144.0
470.0,AXM5413,1.4505137617613024,109.32383982231764,9144.0
470.0,AXM5414,1.396366913480118,103.94021198940617,9144.0
470.0,AXM1773,1.4534859919513512,109.4917435841159,9144.0,"(AXM5114),(AXM5202)"
470.0,AXM1793,5.498261501038524,115.60134333587821,9144.0,"(AXM5202),(AXM5114)"
470.0,AXM1794,1.3670192516272726,104.12435539121374,9144.0,"(AXM5203),(AXM5207)"
470.0,AXM5110,3.2734308509007732,102.07923820888004,9144.0,"(AXM5205),(AXM5233)"
470.0,AXM5111,5.601394691883157,115.38969328745767,9144.0,"(AXM5207),(AXM5203)"
470.0,AXM5114,3.1966535347500096,102.5174486629519,9144.0,"(AXM5233),(AXM5205)"
480.0,AXM1773,1.4526988606896343,109.46116480004429,9144.0
480.0,AXM1793,5.48224251854201,115.57994247390967,9144.0
480.0,AXM1794,1.3510924236420099,104.1367355981097,9144.0
480.0,AXM5110,3.275579283762491,102.1049744860496,9144.0
480.0,AXM5111,5.5899641952799115,115.36474868921236,9144.0
480.0,AXM5114,3.2021839944661443,102.5438158842318,9144.0
480.0,AXM5115,5.534328080080247,115.19598787634432,9144.0
480.0,AXM5117,5.533504792911148,115.09457235570774,9144.0
480.0,AXM5202,3.1750128614443986,102.55353537975168,9144.0
480.0,AXM5203,1.7524842231130187,109.27447413064185,9144.0
480.0,AXM5204,3.298666406072461,102.2925272622724,9144.0
480.0,AXM5205,1.6581142226685233,109.64670378577546,9144.0
480.0,AXM5207,1.6769119399782866,109.25468653951359,9144.0
480.0,AXM5208,3.1089656811973416,102.49468105808653,9144.0
480.0,AXM5232,2.967212395359264,102.55875729767965,9144.0
480.0,AXM5233,1.7331861789404093,109.6799154296312,9144.0
480.0,AXM5234,3.347227019587539,102.49200419365577,9144.0
480.0,AXM5413,1.449650085257065,109.2937369067708,9144.0
480.0,AXM5414,1.3826253901985464,103.9573354976574,9144.0
480.0,AXM1773,1.4526988606896343,109.46116480004429,9144.0,"(AXM5114),(AXM5202)"
480.0,AXM1793,5.48224251854201,115.57994247390967,9144.0,"(AXM5202),(AXM5114)"
480.0,AXM1794,1.3510924236420099,104.1367355981097,9144.0,"(AXM5203),(AXM5207)"
480.0,AXM5110,3.275579283762491,102.1049744860496,9144.0,"(AXM5205),(AXM5233)"
480.0,AXM5111,5.5899641952799115,115.36474868921236,9144.0,"(AXM5207),(AXM5203)"
480.0,AXM5114,3.2021839944661443,102.5438158842318,9144.0,"(AXM5233),(AXM5205)"
490.0,AXM1773,1.4519206329089254,109.43058579846806,9144.0
490.0,AXM1793,5.466171367677781,115.55858169557887,9144.0
490.0,AXM1794,1.3329894638374624,104.1456335671488,9144.0
490.0,AXM5110,3.2776849128532555,102.13021069444612,9144.0
490.0,AXM5111,5.578301284630166,115.33930363223692,9144.0
490.0,AXM5114,3.2078011808542155,102.5706054281092,9144.0
490.0,AXM5115,5.524580329784179,115.16902976185112,9144.0
490.0,AXM5117,5.526146246155784,115.06586090921971,9144.0
490.0,AXM5202,3.181426073717577,102.58039662311205,9144.0
490.0,AXM5203,1.7606179380647433,109.24615583880436,9144.0
490.0,AXM5204,3.3105611074297285,102.3172435115695,9144.0
490.0,AXM5205,1.665404196103457,109.62067076569369,9144.0
490.0,AXM5207,1.6874201435878429,109.22421950328014,9144.0
490.0,AXM5208,3.116703829041163,102.5208044185217,9144.0
490.0,AXM5232,2.9788791621484445,102.58316600477099,9144.0
490.0,AXM5233,1.7489952365612325,109.65768549756856,9144.0
490.0,AXM5234,3.3483182349679708,102.51960566934764,9144.0
490.0,AXM5413,1.4487823377481452,109.26351543244196,9144.0
490.0,AXM5414,1.3723126532608723,103.97671941491332,9144.0
490.0,AXM1773,1.4519206329089254,109.43058579846806,9144.0,"(AXM5114),(AXM5202)"
490.0,AXM1793,5.466171367677781,115.55858169557887,9144.0,"(AXM5202),(AXM5114)"
490.0,AXM1794,1.3329894638374624,104.1456335671488,9144.0,"(AXM5203),(AXM5207)"
490.0,AXM5110,3.2776849128532555,102.13021069444612,9144.0,"(AXM5205),(AXM5233)"
490.0,AXM5111,5.578301284630166,115.33930363223692,9144.0,"(AXM5207),(AXM5203)"
490.0,AXM5114,3.2078011808542155,102.5706054281092,9144.0,"(AXM5233),(AXM5205)"
500.0,AXM1773,1.45113127181955,109.39959472412959,9144.0
500.0,AXM1793,5.449950216328042,115.53702448781533,9144.0
500.0,AXM1794,1.3134603160285299,104.15068073775525,9144.0
500.0,AXM5110,3.279761853512397,102.15544934030336,9144.0
500.0,AXM5111,5.566545259956331,115.31390237914805,9144.0
500.0,AXM5114,3.2132821332411705,102.59742340850428,9144.0
500.0,AXM5115,5.514821901855,115.14207599043432,9144.0
500.0,AXM5117,5.518666281830057,115.03668666417384,9144.0
500.0,AXM5202,3.187870268856481,102.60725059545157,9144.0
500.0,AXM5203,1.7686926904392724,109.2178205388995,9144.0
500.0,AXM5204,3.3221878971029377,102.34140554055585,9144.0
500.0,AXM5205,1.6727268344055541,109.59451901402336,9144.0
500.0,AXM5207,1.6980594076918747,109.1933695599515,9144.0
500.0,AXM5208,3.124451986589569,102.54692499561673,9144.0
500.0,AXM5232,2.9907971004457394,102.60745299572315,9144.0
500.0,AXM5233,1.764685043343789,109.63537097287323,9144.0
500.0,AXM5234,3.349334406942409,102.54721004814537,9144.0
500.0,AXM5413,1.4480177144402446,109.23329118160369,9144.0
500.0,AXM5414,1.3657896027464398,103.99768540705921,9144.0
500.0,AXM1773,1.45113127181955,109.39959472412959,9144.0,"(AXM5114),(AXM5202)"
500.0,AXM1793,5.449950216328042,115.53702448781533,9144.0,"(AXM5202),(AXM5114)"
500.0,AXM1794,1.3134603160285299,104.15068073775525,9144.0,"(AXM5203),(AXM5207)"
500.0,AXM5110,3.279761853512397,102.15544934030336,9144.0,"(AXM5207),(AXM5203)"
510.0,AXM1773,1.4503612301479043,109.36860317397633,9144.0
510.0,AXM1793,5.432140705561689,115.51677247618086,9144.0
510.0,AXM1794,1.2933140061296315,104.15166808503947,9144.0
510.0,AXM5110,3.2818532624319614,102.18087606706344,9144.0
510.0,AXM5111,5.554530962208162,115.28794970689016,9144.0
510.0,AXM5114,3.21881057227596,102.62448219839119,9144.0
510.0,AXM5115,5.504937639641168,115.11478179874256,9144.0
510.0,AXM5117,5.511512733080892,115.00743026088986,9144.0
510.0,AXM5202,3.1943562306381397,102.63428342276985,9144.0
510.0,AXM5203,1.7767830585935682,109.18942737785369,9144.0
510.0,AXM5204,3.3332445524631855,102.36583489227118,9144.0
510.0,AXM5205,1.6800362333525805,109.56836345805867,9144.0
510.0,AXM5207,1.7086541284730057,109.16250410767549,9144.0
510.0,AXM5208,3.132303579919426,102.5733991054369,9144.0
510.0,AXM5232,3.002849259686109,102.63201692298443,9144.0
510.0,AXM5233,1.7803744487270907,109.61305597658463,9144.0
510.0,AXM5234,3.3503603376374715,102.57511998530039,9144.0
510.0,AXM5413,1.44724644537594,109.20283025046928,9144.0
510.0,AXM5414,1.3629533780339145,104.02057164799406,9144.0
510.0,AXM1773,1.4503612301479043,109.36860317397633,9144.0,"(AXM5114),(AXM5202)"
510.0,AXM1793,5.432140705561689,115.51677247618086,9144.0,"(AXM5202),(AXM5114)"
510.0,AXM1794,1.2933140061296315,104.15166808503947,9144.0,"(AXM5203),(AXM5207)"
510.0,AXM5110,3.2818532624319614,102.18087606706344,9144.0,"(AXM5207),(AXM5203)"
520.0,AXM1773,1.4495818044269266,109.33725998371756,9144.0
520.0,AXM1793,5.413964190097125,115.49610569841795,9144.0
520.0,AXM1794,1.2733851269733678,104.14855477121202,9144.0
520.0,AXM5110,3.283958432881596,102.20630170800672,9144.0
520.0,AXM5111,5.542872121984464,115.26183441231159,9144.0
520.0,AXM5114,3.224457235376065,102.65151663706146,9144.0
520.0,AXM5115,5.495322667069091,115.08739113668838,9144.0
520.0,AXM5117,5.504385018652689,114.97829086784749,9144.0
520.0,AXM5202,3.2008402688679913,102.6613168838823,9144.0
520.0,AXM5203,1.7849307704735984,109.16105050933845,9144.0
520.0,AXM5204,3.340491601248913,102.39178510951325,9144.0
520.0,AXM5205,1.6874111976382402,109.54197115696168,9144.0
520.0,AXM5207,1.7193228902417663,109.13142036441413,9144.0
520.0,AXM5208,3.1400602118211736,102.59990147379446,9144.0
520.0,AXM5232,3.0146283556534916,102.65671358371765,9144.0
520.0,AXM5233,1.7961578068032735,109.5908072065924,9144.0
520.0,AXM5234,3.35145491569984,102.60302733680659,9144.0
520.0,AXM5413,1.4464150492461474,109.1723709133055,9144.0
520.0,AXM5414,1.3640003304912587,104.0454101561525,9144.0
520.0,AXM1773,1.4495818044269266,109.33725998371756,9144.0,"(AXM5114),(AXM5202)"
520.0,AXM1793,5.413964190097125,115.49610569841795,9144.0,"(AXM5202),(AXM5114)"
520.0,AXM1794,1.2733851269733678,104.14855477121202,9144.0,"(AXM5203),(AXM5207)"
520.0,AXM5110,3.283958432881596,102.20630170800672,9144.0,"(AXM5207),(AXM5203)"
530.0,AXM1773,1.4488178468431983,109.30591642295357,9144.0
530.0,AXM1793,5.395745527950512,115.47547701974507,9144.0
530.0,AXM1794,1.2544992639790564,104.14146982945441,9144.0
530.0,AXM5110,3.286114267878036,102.23235093935071,9144.0
530.0,AXM5111,5.531161536146232,115.23560984810189,9144.0
530.0,AXM5114,3.2301397437955535,102.678731208922,9144.0
530.0,AXM5115,5.4856456174119845,115.05983078860608,9144.0
530.0,AXM5117,5.497058650286666,114.94920160244828,9144.0
530.0,AXM5202,3.207422643845389,102.68876565538636,9144.0
530.0,AXM5203,1.7931271867403213,109.13250109140597,9144.0
530.0,AXM5204,3.3453235676619717,102.4184815004728,9144.0
530.0,AXM5205,1.6948063159307338,109.51558440026663,9144.0
530.0,AXM5207,1.7288635648139672,109.09997155589792,9144.0
530.0,AXM5208,3.1479358387110397,102.6268146590993,9144.0
530.0,AXM5232,3.0264591211867478,102.6815218033125,9144.0
530.0,AXM5233,1.8121534040926786,109.56825820778049,9144.0
530.0,AXM5234,3.3525599507963544,102.63123912326608,9144.0
530.0,AXM5413,1.445565317755242,109.14126405055858,9144.0
530.0,AXM5414,1.3691365337694086,104.07004430096683,9144.0
530.0,AXM1773,1.4488178468431983,109.30591642295357,9144.0,"(AXM5114),(AXM5202)"
530.0,AXM1793,5.395745527950512,115.47547701974507,9144.0,"(AXM5202),(AXM5114)"
530.0,AXM1794,1.2544992639790564,104.14146982945441,9144.0,"(AXM5203),(AXM5207)"
530.0,AXM5110,3.286114267878036,102.23235093935071,9144.0,"(AXM5207),(AXM5203)"
540.0,AXM1773,1.4480418690801966,109.27410621288482,9144.0
540.0,AXM1793,5.377323154847515,115.45462015214623,9144.0
540.0,AXM1794,1.2351302712712515,104.1358391089537,9144.0
540.0,AXM5110,3.288265528755461,102.25840060626722,9144.0
540.0,AXM5111,5.519555121869371,115.20933909505777,9144.0
540.0,AXM5114,3.2357376050295885,102.7059635242774,9144.0
540.0,AXM5115,5.476138980517515,115.03221108925626,9144.0
540.0,AXM5117,5.489671407316357,114.9198818537188,9144.0
540.0,AXM5202,3.214003686616257,102.71621492419254,9144.0
540.0,AXM5203,1.8013118565004784,109.10394817243241,9144.0
540.0,AXM5204,3.3501543495295403,102.44517823820338,9144.0
540.0,AXM5205,1.702332858530756,109.48872654503307,9144.0
540.0,AXM5207,1.7385366661943589,109.06808321550645,9144.0
540.0,AXM5208,3.155903799800274,102.6537007760502,9144.0
540.0,AXM5232,3.038406329705837,102.70627427343611,9144.0
540.0,AXM5233,1.8280543855491458,109.54564212254688,9144.0
540.0,AXM5234,3.3536924933003838,102.65944984777705,9144.0
540.0,AXM5413,1.4447617237412054,109.11015597196187,9144.0
540.0,AXM5414,1.378212250264053,104.09351396750102,9144.0
540.0,AXM1773,1.4480418690801966,109.27410621288482,9144.0,"(AXM5114),(AXM5202)"
540.0,AXM1793,5.377323154847515,115.45462015214623,9144.0,"(AXM5202),(AXM5114)"
540.0,AXM1794,1.2351302712712515,104.1358391089537,9144.0,"(AXM5203),(AXM5207)"
540.0,AXM5110,3.288265528755461,102.25840060626722,9144.0,"(AXM5207),(AXM5203)"
550.0,AXM1773,1.447261287073444,109.24229612648934,9144.0
550.0,AXM1793,5.360500816983168,115.43244191483518,9144.0
550.0,AXM1794,1.2145016739148016,104.13409779815086,9144.0
550.0,AXM5110,3.290457468349848,102.28444692790227,9144.0
550.0,AXM5111,5.50787300079716,115.1829036707621,9144.0
550.0,AXM5114,3.241333789243141,102.73319633591261,9144.0
550.0,AXM5115,5.466610606531439,115.0045355690469,9144.0
550.0,AXM5117,5.482458107618657,114.89051878271138,9144.0
550.0,AXM5202,3.2206543653785977,102.74395969583273,9144.0
550.0,AXM5203,1.809626908747943,109.07493738159597,9144.0
550.0,AXM5204,3.354645637910983,102.47193450862217,9144.0
550.0,AXM5205,1.7098410277106062,109.46186343828661,9144.0
550.0,AXM5207,1.7470931510436551,109.0358768513893,9144.0
550.0,AXM5208,3.163922503936762,102.68076247126626,9144.0
550.0,AXM5232,3.050511907995305,102.73135811001875,9144.0
550.0,AXM5233,1.8440953465940138,109.52282582787767,9144.0
550.0,AXM5234,3.3548430099072455,102.68814533056053,9144.0
550.0,AXM5413,1.4439589959670742,109.07910659051272,9144.0
550.0,AXM5414,1.3911695574696263,104.11566743435672,9144.0
550.0,AXM1773,1.447261287073444,109.24229612648934,9144.0,"(AXM5114),(AXM5202)"
550.0,AXM1793,5.360500816983168,115.43244191483518,9144.0,"(AXM5202),(AXM5114)"
550.0,AXM1794,1.2145016739148016,104.13409779815086,9144.0,"(AXM5203),(AXM5207)"
550.0,AXM5110,3.290457468349848,102.28444692790227,9144.0,"(AXM5207),(AXM5203)"
560.0,AXM1773,1.4463315424417853,109.21049006594082,9144.0
560.0,AXM1793,5.346861564070401,115.4076688664054,9144.0
560.0,AXM1794,1.193800711628039,104.136451674548,9144.0
560.0,AXM5110,3.292668227612705,102.31074155093292,9144.0
560.0,AXM5111,5.496018989472635,115.15654611551851,9144.0
560.0,AXM5114,3.2469308623543407,102.76042911507247,9144.0
560.0,AXM5115,5.4569721790188845,114.97689897817799,9144.0
560.0,AXM5117,5.47517121112478,114.86086783890296,9144.0
560.0,AXM5202,3.2273191501339134,102.7717012533942,9144.0
560.0,AXM5203,1.8179208874593402,109.04592041992439,9144.0
560.0,AXM5204,3.359206979576775,102.49911528379371,9144.0
560.0,AXM5205,1.7175283904899177,109.43435694900079,9144.0
560.0,AXM5207,1.7557221620783616,109.00339408897648,9144.0
560.0,AXM5208,3.1719613128387327,102.70781839294497,9144.0
560.0,AXM5232,3.0625558198500986,102.75647197986234,9144.0
560.0,AXM5233,1.8603345989514568,109.50015017558644,9144.0
560.0,AXM5234,3.3559290960917667,102.71684336469572,9144.0
560.0,AXM5413,1.443147046748787,109.04805746007872,9144.0
560.0,AXM5414,1.4003944051401909,104.13955078320976,9144.0
560.0,AXM1773,1.4463315424417853,109.21049006594082,9144.0,"(AXM5114),(AXM5202)"
560.0,AXM1793,5.346861564070401,115.4076688664054,9144.0,"(AXM5202),(AXM5114)"
560.0,AXM1794,1.193800711628039,104.136451674548,9144.0,"(AXM5203),(AXM5207)"
560.0,AXM5110,3.292668227612705,102.31074155093292,9144.0,"(AXM5207),(AXM5203)"
570.0,AXM1773,1.4453878740629873,109.17827784098178,9144.0
570.0,AXM1793,5.333543438447304,115.38237599732841,9144.0
570.0,AXM1794,1.173963257545414,104.14282039576693,9144.0
570.0,AXM5110,3.29476904683446,102.33704527128354,9144.0
570.0,AXM5111,5.484162769113986,115.13019008727302,9144.0
570.0,AXM5114,3.2525998821548803,102.78802073938377,9144.0
570.0,AXM5115,5.447272222192519,114.94909305976866,9144.0
570.0,AXM5117,5.467936834583424,114.83120427796774,9144.0
570.0,AXM5202,3.2340816084115236,102.799854538229,9144.0
570.0,AXM5203,1.826262981306929,109.01673215715822,9144.0
570.0,AXM5204,3.363501034259132,102.52633983431168,9144.0
570.0,AXM5205,1.7251957735804986,109.40684476806521,9144.0
570.0,AXM5207,1.7646667148905355,108.97099671993435,9144.0
570.0,AXM5208,3.1799643092463445,102.73475824517857,9144.0
570.0,AXM5232,3.074624969833045,102.7816416999531,9144.0
570.0,AXM5233,1.8769621932425877,109.47693112540213,9144.0
570.0,AXM5234,3.357022784674899,102.74578280584211,9144.0
570.0,AXM5413,1.4423206894768807,109.01648177086979,9144.0
570.0,AXM5414,1.4057035285401054,104.16466196232314,9144.0
570.0,AXM1773,1.4453878740629873,109.17827784098178,9144.0,"(AXM5114),(AXM5202)"
570.0,AXM1793,5.333543438447304,115.38237599732841,9144.0,"(AXM5202),(AXM5114)"
570.0,AXM1794,1.173963257545414,104.14282039576693,9144.0,"(AXM5203),(AXM5207)"
570.0,AXM5110,3.29476904683446,102.33704527128354,9144.0,"(AXM5207),(AXM5203)"
580.0,AXM1773,1.4447352108299476,109.14605841087085,9144.0
580.0,AXM1793,5.320223209817826,115.35708479360348,9144.0
580.0,AXM1794,1.155759742935928,104.15295656983702,9144.0
580.0,AXM5110,3.296882625427102,102.36353485270072,9144.0
580.0,AXM5111,5.472438221368542,115.10377519754276,9144.0
580.0,AXM5114,3.258289495723955,102.81560826658428,9144.0
580.0,AXM5115,5.437573557581185,114.92128713495585,9144.0
580.0,AXM5117,5.46069992688827,114.80154169851019,9144.0
580.0,AXM5202,3.2408541297582043,102.8280055844943,9144.0
580.0,AXM5203,1.834617812121783,108.98754740536273,9144.0
580.0,AXM5204,3.3678415488856253,102.55386685679613,9144.0
580.0,AXM5205,1.7328376208951337,109.37932536608048,9144.0
580.0,AXM5207,1.7736559482272312,108.93843420607696,9144.0
580.0,AXM5208,3.1879572793691646,102.76170129215288,9144.0
580.0,AXM5232,3.086751842924809,102.80678386595743,9144.0
580.0,AXM5233,1.8936828732612687,109.45377886832881,9144.0
580.0,AXM5234,3.358136264319649,102.7747215226587,9144.0
580.0,AXM5413,1.4414850543584736,108.98490633757893,9144.0
580.0,AXM5414,1.4069382844678304,104.19029885441351,9144.0
580.0,AXM1773,1.4447352108299476,109.14605841087085,9144.0,"(AXM5114),(AXM5202)"
580.0,AXM1793,5.320223209817826,115.35708479360348,9144.0,"(AXM5202),(AXM5114)"
580.0,AXM1794,1.155759742935928,104.15295656983702,9144.0,"(AXM5203),(AXM5207)"
580.0,AXM5110,3.296882625427102,102.36353485270072,9144.0,"(AXM5207),(AXM5203)"
590.0,AXM1773,1.4440774618598626,109.1136654601275,9144.0
590.0,AXM1793,5.308279680297003,115.33110978583223,9144.0
590.0,AXM1794,1.139897141426462,104.166466502291,9144.0
590.0,AXM5110,3.299086240924467,102.39001713046454,9144.0
590.0,AXM5111,5.460442581188864,115.07675592224625,9144.0
590.0,AXM5114,3.2640265757329336,102.84343428982322,9144.0
590.0,AXM5115,5.4277542432081844,114.8931424921005,9144.0
590.0,AXM5117,5.453493371722495,114.77187201926175,9144.0
590.0,AXM5202,3.247723944661047,102.85656630014262,9144.0
590.0,AXM5203,1.842988164098978,108.9583053977329,9144.0
590.0,AXM5204,3.3721410612347515,102.5814004572546,9144.0
590.0,AXM5205,1.7405048252986717,109.35162483412888,9144.0
590.0,AXM5207,1.7826409130323908,108.90587035448617,9144.0
590.0,AXM5208,3.195931787919191,102.78858650409974,9144.0
590.0,AXM5232,3.098956854286708,102.83209156914545,9144.0
590.0,AXM5233,1.9104738541500104,109.4305280976901,9144.0
590.0,AXM5234,3.3592435422296436,102.80353976285211,9144.0
590.0,AXM5413,1.4406823750290696,108.95333005991922,9144.0
590.0,AXM5414,1.4040670215910314,104.21580424707172,9144.0
590.0,AXM1773,1.4440774618598626,109.1136654601275,9144.0,"(AXM5114),(AXM5202)"
590.0,AXM1793,5.308279680297003,115.33110978583223,9144.0,"(AXM5202),(AXM5114)"
590.0,AXM1794,1.139897141426462,104.166466502291,9144.0,"(AXM5203),(AXM5207)"
590.0,AXM5110,3.299086240924467,102.39001713046454,9144.0,"(AXM5207),(AXM5203)"
600.0,AXM1773,1.4430919472905985,109.08128084339187,9144.0
600.0,AXM1793,5.296182119223153,115.30480613394616,9144.0
600.0,AXM1794,1.1266849747397871,104.18308785016401,9144.0
600.0,AXM5110,3.3013032968465312,102.41668481306465,9144.0
600.0,AXM5111,5.448655582351543,115.0496446746964,9144.0
600.0,AXM5114,3.269736888546524,102.87126599464924,9144.0
600.0,AXM5115,5.418102570762102,114.8649398485178,9144.0
600.0,AXM5117,5.446158597936646,114.74168551297339,9144.0
600.0,AXM5202,3.2545781600696166,102.88513096966379,9144.0
600.0,AXM5203,1.8513786025557748,108.9290690150887,9144.0
600.0,AXM5204,3.3764769625075512,102.60917537870966,9144.0
600.0,AXM5205,1.7483283915292072,109.32396798270956,9144.0
600.0,AXM5207,1.7912155971822112,108.87319581145123,9144.0
600.0,AXM5208,3.203841946398293,102.81549098628555,9144.0
600.0,AXM5232,3.1111266093223615,102.85741658649138,9144.0
600.0,AXM5233,1.927250095194517,109.40726644947975,9144.0
600.0,AXM5234,3.360326768052213,102.83235895227854,9144.0
600.0,AXM5413,1.4398682133698086,108.92140457005371,9144.0
600.0,AXM5414,1.3971561703803135,104.24058723534593,9144.0
600.0,AXM1773,1.4430919472905985,109.08128084339187,9144.0,"(AXM5114),(AXM5202)"
600.0,AXM1793,5.296182119223153,115.30480613394616,9144.0,"(AXM5202),(AXM5114)"
600.0,AXM1794,1.1266849747397871,104.18308785016401,9144.0,"(AXM5203),(AXM5207)"
600.0,AXM5110,3.3013032968465312,102.41668481306465,9144.0,"(AXM5207),(AXM5203)"
610.0,AXM1773,1.4420893947610411,109.04837778314496,9144.0
610.0,AXM1793,5.2834445842081115,115.2788095209738,9144.0
610.0,AXM1794,1.1169189305805247,104.20194211202076,9144.0
610.0,AXM5110,3.303502938066289,102.44335400161204,9144.0
610.0,AXM5111,5.436746956114088,115.02226014962606,9144.0
610.0,AXM5114,3.275494189651775,102.89933558622933,9144.0
610.0,AXM5115,5.408352028054759,114.8364556553098,9144.0
610.0,AXM5117,5.4386329491451315,114.71154683083336,9144.0
610.0,AXM5202,3.2613999527765873,102.91370361843849,9144.0
610.0,AXM5203,1.8597682953459393,108.89983227954086,9144.0
610.0,AXM5204,3.380844905014368,102.63694538682624,9144.0
610.0,AXM5205,1.7562140086846585,109.2960781009365,9144.0
610.0,AXM5207,1.7998311818678603,108.84035546559365,9144.0
610.0,AXM5208,3.211888036030383,102.84286225780897,9144.0
610.0,AXM5232,3.1233215521556397,102.88279729669436,9144.0
610.0,AXM5233,1.944202161817393,109.38375982672288,9144.0
610.0,AXM5234,3.3614152516645013,102.86135902860859,9144.0
610.0,AXM5413,1.4389711964963365,108.8894813147108,9144.0
610.0,AXM5414,1.3863890196923816,104.26395343529218,9144.0
610.0,AXM1773,1.4420893947610411,109.04837778314496,9144.0,"(AXM5114),(AXM5202)"
610.0,AXM1793,5.2834445842081115,115.2788095209738,9144.0,"(AXM5202),(AXM5114)"
610.0,AXM1794,1.1169189305805247,104.20194211202076,9144.0,"(AXM5203),(AXM5207)"
610.0,AXM5110,3.303502938066289,102.44335400161204,9144.0,"(AXM5207),(AXM5203)"
620.0,AXM1773,1.4413689815955901,109.0154673423604,9144.0
620.0,AXM1793,5.2705722097919825,115.2525436409827,9144.0
620.0,AXM1794,1.1109643229351909,104.22232402932408,9144.0
620.0,AXM5110,3.305720855798579,102.47026971024921,9144.0
620.0,AXM5111,5.425020680869195,114.99479686961011,9144.0
620.0,AXM5114,3.2812249788320003,102.92741078119231,9144.0
620.0,AXM5115,5.401034462738383,114.8072456026165,9144.0
620.0,AXM5117,5.431047593219973,114.68118044686656,9144.0
620.0,AXM5202,3.2681599846210547,102.94204420716873,9144.0
620.0,AXM5203,1.8680924962158023,108.87057667190918,9144.0
620.0,AXM5204,3.385287083300662,102.66519556698339,9144.0
620.0,AXM5205,1.7639694912047093,109.26815160177411,9144.0
620.0,AXM5207,1.8084934264159946,108.80752725207074,9144.0
620.0,AXM5208,3.219960883666057,102.8702258411158,9144.0
620.0,AXM5232,3.1354922709094404,102.90818996138164,9144.0
620.0,AXM5233,1.9610109485677172,109.36015018275413,9144.0
620.0,AXM5234,3.36255236654678,102.89035726615587,9144.0
620.0,AXM5413,1.4380611407988293,108.85715240995027,9144.0
620.0,AXM5414,1.3762700578225346,104.28760762326297,9144.0
620.0,AXM1773,1.4413689815955901,109.0154673423604,9144.0,"(AXM5114),(AXM5202)"
620.0,AXM1793,5.2705722097919825,115.2525436409827,9144.0,"(AXM5202),(AXM5114)"
630.0,AXM1773,1.4406424235349393,108.98232742072591,9144.0
630.0,AXM1793,5.257979151729282,115.22614209441089,9144.0
630.0,AXM1794,1.1090438931125062,104.2434712093006,9144.0
630.0,AXM5110,3.3079068140681938,102.49718810138064,9144.0
630.0,AXM5111,5.413315646444784,114.96739012483097,9144.0
630.0,AXM5114,3.287122725605404,102.95631214569532,9144.0
630.0,AXM5115,5.393671516967237,114.7778629197972,9144.0
630.0,AXM5117,5.424225131126424,114.65063233481321,9144.0
630.0,AXM5202,3.2748988491572333,102.97039004355089,9144.0
630.0,AXM5203,1.8764482910898415,108.8412069720334,9144.0
630.0,AXM5204,3.389829954120319,102.69342980627754,9144.0
630.0,AXM5205,1.7717872313665624,109.23999285225561,9144.0
630.0,AXM5207,1.8171683110828558,108.77464347550296,9144.0
630.0,AXM5208,3.22804968092237,102.89764806917317,9144.0
630.0,AXM5232,3.1478192157737532,102.93391185165895,9144.0
630.0,AXM5233,1.9779934256390996,109.33629533961837,9144.0
630.0,AXM5234,3.363694934430039,102.91953600217381,9144.0
630.0,AXM5413,1.4372951057311152,108.82481978053004,9144.0
630.0,AXM5414,1.366150715971135,104.31126154858545,9144.0
630.0,AXM1773,1.4406424235349393,108.98232742072591,9144.0,"(AXM5114),(AXM5202)"
630.0,AXM1793,5.257979151729282,115.22614209441089,9144.0,"(AXM5202),(AXM5114)"
640.0,AXM1773,1.4397107925725383,108.949192646793,9144.0
640.0,AXM1793,5.245202988244256,115.1993625695526,9144.0
640.0,AXM1794,1.111229477760238,104.26459263782503,9144.0
640.0,AXM5110,3.3101156102411453,102.52441360924385,9144.0
640.0,AXM5111,5.4014991952140825,114.94003219702464,9144.0
640.0,AXM5114,3.293149870126536,102.98518688915318,9144.0
640.0,AXM5115,5.386304680247851,114.74848157740685,9144.0
640.0,AXM5117,5.417361735459622,114.61991296893709,9144.0
640.0,AXM5202,3.2816318373263176,102.99873747169995,9144.0
640.0,AXM5203,1.8849050655084436,108.81186607791724,9144.0
640.0,AXM5204,3.3944769428827155,102.72231934992051,9144.0
640.0,AXM5205,1.7797578955651592,109.21187692693873,9144.0
640.0,AXM5207,1.8256675856917544,108.74171367163582,9144.0
640.0,AXM5208,3.236144783518026,102.92506864939809,9144.0
640.0,AXM5232,3.160227621638917,102.95959473159462,9144.0
640.0,AXM5233,1.9946625649454335,109.31221999669775,9144.0
640.0,AXM5234,3.364842635165448,102.94871457041252,9144.0
640.0,AXM5413,1.4365208619325958,108.79219852065974,9144.0
640.0,AXM5414,1.357039926025546,104.33532208523215,9144.0
640.0,AXM1773,1.4397107925725383,108.949192646793,9144.0,"(AXM5114),(AXM5202)"
640.0,AXM1793,5.245202988244256,115.1993625695526,9144.0,"(AXM5114),(AXM5208)"
640.0,AXM1794,1.111229477760238,104.26459263782503,9144.0,"(AXM5202),(AXM5114)"
640.0,AXM5110,3.3101156102411453,102.52441360924385,9144.0,"(AXM5208),(AXM5114)"
650.0,AXM1773,1.438771691379644,108.9158290300789,9144.0
650.0,AXM1793,5.23234283204045,115.1726241680887,9144.0
650.0,AXM1794,1.1174393217042844,104.2848982623718,9144.0
650.0,AXM5110,3.3124099247184864,102.55163208320143,9144.0
650.0,AXM5111,5.3896095196830265,114.91251104589277,9144.0
650.0,AXM5114,3.2992731114681946,103.0145298723498,9144.0
650.0,AXM5115,5.379300342412297,114.71901126828878,9144.0
650.0,AXM5117,5.410983508638045,114.58908860210838,9144.0
650.0,AXM5202,3.2884496479392733,103.0270647457131,9144.0
650.0,AXM5203,1.8933774360971198,108.78246806776654,9144.0
650.0,AXM5204,3.398990825500925,102.7512301992137,9144.0
650.0,AXM5205,1.7877266215154672,109.18376032990348,9144.0
650.0,AXM5207,1.8341653141968215,108.70878331230969,9144.0
650.0,AXM5208,3.244272962507205,102.95260582240157,9144.0
650.0,AXM5232,3.1727926286176173,102.98560494575709,9144.0
650.0,AXM5233,2.011467536313034,109.28794718447705,9144.0
650.0,AXM5234,3.3659958792124316,102.9780732509877,9144.0
650.0,AXM5413,1.4355239098135866,108.75958332543748,9144.0
650.0,AXM5414,1.3479066107002675,104.35944082688401,9144.0
650.0,AXM1773,1.438771691379644,108.9158290300789,9144.0,"(AXM5114),(AXM5202)"
650.0,AXM1793,5.23234283204045,115.1726241680887,9144.0,"(AXM5114),(AXM5208)"
650.0,AXM1794,1.1174393217042844,104.2848982623718,9144.0,"(AXM5114),(AXM5234)"
650.0,AXM5110,3.3124099247184864,102.55163208320143,9144.0,"(AXM5202),(AXM5114)"
650.0,AXM5111,5.3896095196830265,114.91251104589277,9144.0,"(AXM5208),(AXM5114)"
650.0,AXM5114,3.2992731114681946,103.0145298723498,9144.0,"(AXM5234),(AXM5114)"
660.0,AXM1773,1.4379794899139193,108.8824616113072,9144.0
660.0,AXM1793,5.219351028178816,115.14561778870586,9144.0
660.0,AXM1794,1.1274411361274075,104.30362853918253,9144.0
660.0,AXM5110,3.3147539443253486,102.57946105053924,9144.0
660.0,AXM5111,5.377820737230317,114.8849466748596,9144.0
660.0,AXM5114,3.305278753852926,103.04389740849122,9144.0
660.0,AXM5115,5.372264707287345,114.68942641840987,9144.0
660.0,AXM5117,5.404555182490274,114.55803531569032,9144.0
660.0,AXM5202,3.2953338339141087,103.05568502872522,9144.0
660.0,AXM5203,1.901749702444563,108.75304121867477,9144.0
660.0,AXM5204,3.4034569902529674,102.77984408823606,9144.0
660.0,AXM5205,1.7954181407805654,109.15556644655983,9144.0
660.0,AXM5207,1.8429186320498316,108.67591987589859,9144.0
660.0,AXM5208,3.2523509333549336,102.98015803357437,9144.0
660.0,AXM5232,3.183124078507232,103.01258352059021,9144.0
660.0,AXM5233,2.0285132173296194,109.26384275797702,9144.0
660.0,AXM5234,3.367076307266348,103.00743474358235,9144.0
660.0,AXM5413,1.434515215403039,108.72662308665949,9144.0
660.0,AXM5414,1.3388293708097057,104.38358065080809,9144.0
660.0,AXM1773,1.4379794899139193,108.8824616113072,9144.0,"(AXM5114),(AXM5202)"
660.0,AXM1793,5.219351028178816,115.14561778870586,9144.0,"(AXM5114),(AXM5208)"
660.0,AXM1794,1.1274411361274075,104.30362853918253,9144.0,"(AXM5114),(AXM5234)"
660.0,AXM5110,3.3147539443253486,102.57946105053924,9144.0,"(AXM5202),(AXM5114)"
660.0,AXM5111,5.377820737230317,114.8849466748596,9144.0,"(AXM5208),(AXM5114)"
660.0,AXM5114,3.305278753852926,103.04389740849122,9144.0,"(AXM5208),(AXM5232)"
660.0,AXM5115,5.372264707287345,114.68942641840987,9144.0,"(AXM5232),(AXM5208)"
660.0,AXM5117,5.404555182490274,114.55803531569032,9144.0,"(AXM5234),(AXM5114)"
670.0,AXM1773,1.4371862913706945,108.84909422783038,9144.0
670.0,AXM1793,5.206390630435294,115.11859675523384,9144.0
670.0,AXM1794,1.1408607876917152,104.32008284013025,9144.0
670.0,AXM5110,3.3169756486036124,102.60730014601161,9144.0
670.0,AXM5111,5.365889230710101,114.85705493603375,9144.0
670.0,AXM5114,3.3113186136018875,103.07344031807988,9144.0
670.0,AXM5115,5.364812782050005,114.65994493722513,9144.0
670.0,AXM5117,5.398031786724537,114.5270023730909,9144.0
670.0,AXM5202,3.302059655145024,103.08434325972223,9144.0
670.0,AXM5203,1.9102018527837936,108.72333054550033,9144.0
670.0,AXM5204,3.407765145460993,102.80848240722543,9144.0
670.0,AXM5205,1.803234048727647,109.12691025781312,9144.0
670.0,AXM5207,1.8517142820584949,108.64289144108406,9144.0
670.0,AXM5208,3.2605125945494797,103.00800031839272,9144.0
670.0,AXM5232,3.189632402490122,103.04104265296284,9144.0
670.0,AXM5233,2.045696284345884,109.23954275182047,9144.0
670.0,AXM5234,3.3681531852527167,103.0367363490182,9144.0
670.0,AXM5413,1.4337025978822013,108.69365743924129,9144.0
670.0,AXM5414,1.3337002915604204,104.40885609141077,9144.0
670.0,AXM1773,1.4371862913706945,108.84909422783038,9144.0,"(AXM5114),(AXM5202)"
670.0,AXM1793,5.206390630435294,115.11859675523384,9144.0,"(AXM5114),(AXM5208)"
670.0,AXM1794,1.1408607876917152,104.32008284013025,9144.0,"(AXM5114),(AXM5234)"
670.0,AXM5110,3.3169756486036124,102.60730014601161,9144.0,"(AXM5202),(AXM5114)"
670.0,AXM5111,5.365889230710101,114.85705493603375,9144.0,"(AXM5208),(AXM5114)"
670.0,AXM5114,3.3113186136018875,103.07344031807988,9144.0,"(AXM5208),(AXM5232)"
670.0,AXM5115,5.364812782050005,114.65994493722513,9144.0,"(AXM5232),(AXM5208)"
670.0,AXM5117,5.398031786724537,114.5270023730909,9144.0,"(AXM5234),(AXM5114)"
680.0,AXM1773,1.4363612107994532,108.81572763002126,9144.0
680.0,AXM1793,5.193350851602989,115.09141591411029,9144.0
680.0,AXM1794,1.1571962935748212,104.33364565734676,9144.0
680.0,AXM5110,3.319195805700217,102.63513942787012,9144.0
680.0,AXM5111,5.35410128166819,114.82910222462324,9144.0
680.0,AXM5114,3.3173958917074007,103.10297570875764,9144.0
680.0,AXM5115,5.3572990689650934,114.63023445609952,9144.0
680.0,AXM5117,5.391530053512349,114.49608501783169,9144.0
680.0,AXM5202,3.308849420199375,103.11329397182911,9144.0
680.0,AXM5203,1.918709705815821,108.69363564551551,9144.0
680.0,AXM5204,3.412116839187033,102.83741859575296,9144.0
680.0,AXM5205,1.8113987574678876,109.09835146036653,9144.0
680.0,AXM5207,1.860180616823682,108.60977681314125,9144.0
680.0,AXM5208,3.2688188193650256,103.03579990870844,9144.0
680.0,AXM5232,3.1921075704608635,103.07025394378434,9144.0
680.0,AXM5233,2.0622823397975827,109.21483062406226,9144.0
680.0,AXM5234,3.3692936957361437,103.06603557266195,9144.0
680.0,AXM5413,1.432886035498267,108.66057708101451,9144.0
680.0,AXM5414,1.3326246024836126,104.4347494709101,9144.0
680.0,AXM1773,1.4363612107994532,108.81572763002126,9144.0,"(AXM5114),(AXM5202)"
680.0,AXM1793,5.193350851602989,115.09141591411029,9144.0,"(AXM5114),(AXM5208)"
680.0,AXM1794,1.1571962935748212,104.33364565734676,9144.0,"(AXM5114),(AXM5234)"
680.0,AXM5110,3.319195805700217,102.63513942787012,9144.0,"(AXM5202),(AXM5114)"
680.0,AXM5111,5.35410128166819,114.82910222462324,9144.0,"(AXM5202),(AXM5234)"
680.0,AXM5114,3.3173958917074007,103.10297570875764,9144.0,"(AXM5208),(AXM5114)"
680.0,AXM5115,5.3572990689650934,114.63023445609952,9144.0,"(AXM5208),(AXM5232)"
680.0,AXM5117,5.391530053512349,114.49608501783169,9144.0,"(AXM5232),(AXM5208)"
680.0,AXM5202,3.308849420199375,103.11329397182911,9144.0,"(AXM5234),(AXM5114)"
680.0,AXM5203,1.918709705815821,108.69363564551551,9144.0,"(AXM5234),(AXM5202)"
690.0,AXM1773,1.4355281443457601,108.78207576329491,9144.0
690.0,AXM1793,5.180302787952598,115.0642396437658,9144.0
690.0,AXM1794,1.1758365989137125,104.34380962591594,9144.0
690.0,AXM5110,3.3215152590196446,102.66297065081176,9144.0
690.0,AXM5111,5.342172944667258,114.80082276810161,9144.0
690.0,AXM5114,3.3235075870238253,103.13268605937878,9144.0
690.0,AXM5115,5.350154470472628,114.60043260870303,9144.0
690.0,AXM5117,5.385078217123123,114.46515744701671,9144.0
690.0,AXM5202,3.315914336156397,103.14217875622695,9144.0
690.0,AXM5203,1.9273138442694235,108.66360167967011,9144.0
690.0,AXM5204,3.4164645033097343,102.86635552315794,9144.0
690.0,AXM5205,1.819627622326798,109.06956301913517,9144.0
690.0,AXM5207,1.8686034663311117,108.57682656203723,9144.0
690.0,AXM5208,3.2771065999381195,103.06354235690857,9144.0
690.0,AXM5232,3.1910399327707797,103.09955069862455,9144.0
690.0,AXM5233,2.0755741954778157,109.18766813136313,9144.0
690.0,AXM5234,3.370444516634145,103.09563428318704,9144.0
690.0,AXM5413,1.431997306488478,108.62749859692785,9144.0
690.0,AXM5414,1.3324142513488832,104.46066434017119,9144.0
690.0,AXM1773,1.4355281443457601,108.78207576329491,9144.0,"(AXM5114),(AXM5202)"
690.0,AXM1793,5.180302787952598,115.0642396437658,9144.0,"(AXM5114),(AXM5208)"
690.0,AXM1794,1.1758365989137125,104.34380962591594,9144.0,"(AXM5114),(AXM5234)"
690.0,AXM5110,3.3215152590196446,102.66297065081176,9144.0,"(AXM5202),(AXM5114)"
690.0,AXM5111,5.342172944667258,114.80082276810161,9144.0,"(AXM5202),(AXM5234)"
690.0,AXM5114,3.3235075870238253,103.13268605937878,9144.0,"(AXM5208),(AXM5114)"
690.0,AXM5115,5.350154470472628,114.60043260870303,9144.0,"(AXM5234),(AXM5114)"
690.0,AXM5117,5.385078217123123,114.46515744701671,9144.0,"(AXM5234),(AXM5202)"
700.0,AXM1773,1.4346575455475845,108.74842486004788,9144.0
700.0,AXM1793,5.167149741997883,115.03685035504381,9144.0
700.0,AXM1794,1.1960844342569938,104.35019450373564,9144.0
700.0,AXM5110,3.323838460131947,102.69086284020857,9144.0
700.0,AXM5111,5.33311622755778,114.77148865366777,9144.0
700.0,AXM5114,3.3296352664354116,103.16239329100699,9144.0
700.0,AXM5115,5.342978806765429,114.57051669365963,9144.0
700.0,AXM5117,5.378624270155344,114.43423064867294,9144.0
700.0,AXM5202,3.3231042744008534,103.1715848269446,9144.0
700.0,AXM5203,1.9358931798341388,108.63356045962571,9144.0
700.0,AXM5204,3.420408887884509,102.8953504988215,9144.0
700.0,AXM5205,1.827624177596825,109.0407089921606,9144.0
700.0,AXM5207,1.8770510862636423,108.5438825006763,9144.0
700.0,AXM5208,3.285306420540476,103.09131124398212,9144.0
700.0,AXM5232,3.1899704513109355,103.12884735552385,9144.0
700.0,AXM5233,2.084929575034918,109.1592216755625,9144.0
700.0,AXM5234,3.3715662337408467,103.12523414896965,9144.0
700.0,AXM5413,1.4311095171826231,108.59447749489694,9144.0
700.0,AXM5414,1.3322033761539076,104.48657920295263,9144.0
700.0,AXM1773,1.4346575455475845,108.74842486004788,9144.0,"(AXM5114),(AXM5202)"
700.0,AXM1793,5.167149741997883,115.03685035504381,9144.0,"(AXM5114),(AXM5208)"
700.0,AXM1794,1.1960844342569938,104.35019450373564,9144.0,"(AXM5114),(AXM5234)"
700.0,AXM5110,3.323838460131947,102.69086284020857,9144.0,"(AXM5202),(AXM5114)"
700.0,AXM5111,5.33311622755778,114.77148865366777,9144.0,"(AXM5202),(AXM5234)"
700.0,AXM5114,3.3296352664354116,103.16239329100699,9144.0,"(AXM5208),(AXM5114)"
700.0,AXM5115,5.342978806765429,114.57051669365963,9144.0,"(AXM5234),(AXM5114)"
700.0,AXM5117,5.378624270155344,114.43423064867294,9144.0,"(AXM5234),(AXM5202)"
710.0,AXM1773,1.433778700443743,108.71448960753304,9144.0
710.0,AXM1793,5.153992170147607,115.00946382600942,9144.0
710.0,AXM1794,1.217182398007155,104.35256139857476,9144.0
710.0,AXM5110,3.3260929296034694,102.71876075195343,9144.0
710.0,AXM5111,5.326900112500374,114.74123677893422,9144.0
710.0,AXM5114,3.3357734790382274,103.1921590782066,9144.0
710.0,AXM5115,5.335382447928767,114.54070610702215,9144.0
710.0,AXM5117,5.372166689517887,114.40330494353651,9144.0
710.0,AXM5202,3.330140767929402,103.20102832711748,9144.0
710.0,AXM5203,1.944502450273111,108.6035276615964,9144.0
710.0,AXM5204,3.420293378165066,102.92491310932901,9144.0
710.0,AXM5205,1.835587510542992,109.01196918901908,9144.0
710.0,AXM5207,1.8880960353475813,108.51159667863979,9144.0
710.0,AXM5208,3.2935902421359864,103.11936923886151,9144.0
710.0,AXM5232,3.1899235375688604,103.15816354836515,9144.0
710.0,AXM5233,2.0932685061710177,109.13046026353896,9144.0
710.0,AXM5234,3.372684347166415,103.15477430156223,9144.0
710.0,AXM5413,1.4302209918359317,108.56145642546464,9144.0
710.0,AXM5414,1.3330061647062792,104.5124824889367,9144.0
710.0,AXM1773,1.433778700443743,108.71448960753304,9144.0,"(AXM5114),(AXM5202)"
710.0,AXM1793,5.153992170147607,115.00946382600942,9144.0,"(AXM5114),(AXM5234)"
710.0,AXM1794,1.217182398007155,104.35256139857476,9144.0,"(AXM5202),(AXM5114)"
710.0,AXM5110,3.3260929296034694,102.71876075195343,9144.0,"(AXM5202),(AXM5234)"
710.0,AXM5111,5.326900112500374,114.74123677893422,9144.0,"(AXM5234),(AXM5114)"
710.0,AXM5114,3.3357734790382274,103.1921590782066,9144.0,"(AXM5234),(AXM5202)"
720.0,AXM1773,1.4329267906928074,108.68055368034635,9144.0
720.0,AXM1793,5.1407555613571505,114.98191831320668,9144.0
720.0,AXM1794,1.2380741535876012,104.35079239393545,9144.0
720.0,AXM5110,3.3283510042218603,102.74671959306403,9144.0
720.0,AXM5111,5.320634338004878,114.71075426480954,9144.0
720.0,AXM5114,3.3419092821857572,103.22192554983165,9144.0
720.0,AXM5115,5.327753638261322,114.5107820410824,9144.0
720.0,AXM5117,5.3657571429524085,114.37236948425084,9144.0
720.0,AXM5202,3.3372169843673762,103.23064543371149,9144.0
720.0,AXM5203,1.9531901423895663,108.57321289377698,9144.0
720.0,AXM5204,3.4194898473819566,102.95458465052462,9144.0
720.0,AXM5205,1.8436059604376602,108.98324460146395,9144.0
720.0,AXM5207,1.899158576008622,108.47925675251008,9144.0
720.0,AXM5208,3.301846275351261,103.14743568314879,9144.0
720.0,AXM5232,3.1898746280100165,103.18765960744403,9144.0
720.0,AXM5233,2.09759159617032,109.10082683196447,9144.0
720.0,AXM5234,3.373770582126619,103.18431568069157,9144.0
720.0,AXM5413,1.4293273028716988,108.52843550832044,9144.0
720.0,AXM5414,1.3338045390279227,104.53826100558219,9144.0
720.0,AXM1773,1.4329267906928074,108.68055368034635,9144.0,"(AXM5114),(AXM5202)"
720.0,AXM1793,5.1407555613571505,114.98191831320668,9144.0,"(AXM5114),(AXM5234)"
720.0,AXM1794,1.2380741535876012,104.35079239393545,9144.0,"(AXM5202),(AXM5114)"
720.0,AXM5110,3.3283510042218603,102.74671959306403,9144.0,"(AXM5202),(AXM5234)"
720.0,AXM5111,5.320634338004878,114.71075426480954,9144.0,"(AXM5234),(AXM5114)"
720.0,AXM5114,3.3419092821857572,103.22192554983165,9144.0,"(AXM5234),(AXM5202)"
730.0,AXM1773,1.4320698934467058,108.64644758222944,9144.0
730.0,AXM1793,5.1274729411492626,114.9543957105653,9144.0
730.0,AXM1794,1.258220618592607,104.34498467675765,9144.0
730.0,AXM5110,3.330619676981952,102.77467763770206,9144.0
730.0,AXM5111,5.315420627191946,114.68007284342515,9144.0
730.0,AXM5114,3.3480916725936116,103.25192435239806,9144.0
730.0,AXM5115,5.320432316118972,114.48078095371405,9144.0
730.0,AXM5117,5.359344011004913,114.34143509961642,9144.0
730.0,AXM5202,3.3443611473907837,103.26024638380692,9144.0
730.0,AXM5203,1.9618087114755203,108.54287822281997,9144.0
730.0,AXM5204,3.418684867876384,102.98425612740593,9144.0
730.0,AXM5205,1.8516870618867292,108.95429029511675,9144.0
730.0,AXM5207,1.9102201132222472,108.44691627513598,9144.0
730.0,AXM5208,3.310135002957228,103.1756178707332,9144.0
730.0,AXM5232,3.1895111370319027,103.21715345001493,9144.0
730.0,AXM5233,2.1011244049576976,109.07084927319983,9144.0
730.0,AXM5234,3.3749622703098012,103.21385301590595,9144.0
730.0,AXM5413,1.428437549221762,108.49558690602574,9144.0
730.0,AXM5414,1.3343261475482826,104.56404661642487,9144.0
730.0,AXM1773,1.4320698934467058,108.64644758222944,9144.0,"(AXM5114),(AXM5202)"
730.0,AXM1793,5.1274729411492626,114.9543957105653,9144.0,"(AXM5114),(AXM5234)"
730.0,AXM1794,1.258220618592607,104.34498467675765,9144.0,"(AXM5202),(AXM5114)"
730.0,AXM5110,3.330619676981952,102.77467763770206,9144.0,"(AXM5202),(AXM5234)"
730.0,AXM5111,5.315420627191946,114.68007284342515,9144.0,"(AXM5208),(AXM5234)"
730.0,AXM5114,3.3480916725936116,103.25192435239806,9144.0,"(AXM5234),(AXM5114)"
730.0,AXM5115,5.320432316118972,114.48078095371405,9144.0,"(AXM5234),(AXM5202)"
730.0,AXM5117,5.359344011004913,114.34143509961642,9144.0,"(AXM5234),(AXM5208)"
740.0,AXM1773,1.4312112072179988,108.61234154190936,9144.0
740.0,AXM1793,5.114111206916548,114.92671458764386,9144.0
740.0,AXM1794,1.279241688337142,104.34317870694468,9144.0
740.0,AXM5110,3.332887028731114,102.80263585427467,9144.0
740.0,AXM5111,5.310155454417658,114.64910183245834,9144.0
740.0,AXM5114,3.3542720674332247,103.28192375705049,9144.0
740.0,AXM5115,5.313107637271326,114.45078104971833,9144.0
740.0,AXM5117,5.35290797645195,114.31050583945849,9144.0
740.0,AXM5202,3.351392240501087,103.28938602252303,9144.0
740.0,AXM5203,1.9702658405585096,108.51310675259532,9144.0
740.0,AXM5204,3.416261272981223,103.01383902195128,9144.0
740.0,AXM5205,1.8598135774391207,108.92534858247117,9144.0
740.0,AXM5207,1.923778456382462,108.41554140256838,9144.0
740.0,AXM5208,3.318446550907715,103.20379355073763,9144.0
740.0,AXM5232,3.189142373103458,103.24694618028275,9144.0
740.0,AXM5233,2.1051746167192236,109.04093723688632,9144.0
740.0,AXM5234,3.3761391334127886,103.24339098336675,9144.0
740.0,AXM5413,1.4276140524430045,108.46273658662689,9144.0
740.0,AXM5414,1.3348459664612697,104.58976975953037,9144.0
740.0,AXM1773,1.4312112072179988,108.61234154190936,9144.0,"(AXM5114),(AXM5202)"
740.0,AXM1793,5.114111206916548,114.92671458764386,9144.0,"(AXM5114),(AXM5234)"
740.0,AXM1794,1.279241688337142,104.34317870694468,9144.0,"(AXM5202),(AXM5114)"
740.0,AXM5110,3.332887028731114,102.80263585427467,9144.0,"(AXM5202),(AXM5234)"
740.0,AXM5111,5.310155454417658,114.64910183245834,9144.0,"(AXM5208),(AXM5234)"
740.0,AXM5114,3.3542720674332247,103.28192375705049,9144.0,"(AXM5234),(AXM5114)"
740.0,AXM5115,5.313107637271326,114.45078104971833,9144.0,"(AXM5234),(AXM5202)"
740.0,AXM5117,5.35290797645195,114.31050583945849,9144.0,"(AXM5234),(AXM5208)"
750.0,AXM1773,1.4303269137370966,108.57823616947698,9144.0
750.0,AXM1793,5.100800834928236,114.89900910801718,9144.0
750.0,AXM1794,1.3018049517512713,104.34534634203695,9144.0
750.0,AXM5110,3.3351359029417496,102.83059563218241,9144.0
750.0,AXM5111,5.304884992967603,114.61813199347488,9144.0
750.0,AXM5114,3.360396127867933,103.31193494029296,9144.0
750.0,AXM5115,5.305842473413945,114.42076690585024,9144.0
750.0,AXM5117,5.346444726080653,114.27946283078518,9144.0
750.0,AXM5202,3.358104046135294,103.31860131388058,9144.0
750.0,AXM5203,1.9788553918340432,108.4833731092271,9144.0
750.0,AXM5204,3.4138216259553076,103.04360027693252,9144.0
750.0,AXM5205,1.8679392478790502,108.89640649871913,9144.0
750.0,AXM5207,1.937290883263134,108.38426998989819,9144.0
750.0,AXM5208,3.326875399542184,103.2323715250509,9144.0
750.0,AXM5232,3.188801094872236,103.27673922920792,9144.0
750.0,AXM5233,2.109263706411982,109.01073149915148,9144.0
750.0,AXM5234,3.377256286566226,103.27293131142554,9144.0
750.0,AXM5413,1.426795625790457,108.43011654440325,9144.0
750.0,AXM5414,1.3355497309466948,104.61548853234336,9144.0
750.0,AXM1773,1.4303269137370966,108.57823616947698,9144.0,"(AXM5114),(AXM5202)"
750.0,AXM1793,5.100800834928236,114.89900910801718,9144.0,"(AXM5114),(AXM5234)"
750.0,AXM1794,1.3018049517512713,104.34534634203695,9144.0,"(AXM5202),(AXM5114)"
750.0,AXM5110,3.3351359029417496,102.83059563218241,9144.0,"(AXM5202),(AXM5234)"
750.0,AXM5111,5.304884992967603,114.61813199347488,9144.0,"(AXM5208),(AXM5234)"
750.0,AXM5114,3.360396127867933,103.31193494029296,9144.0,"(AXM5234),(AXM5114)"
750.0,AXM5115,5.305842473413945,114.42076690585024,9144.0,"(AXM5234),(AXM5202)"
750.0,AXM5117,5.346444726080653,114.27946283078518,9144.0,"(AXM5234),(AXM5208)"
760.0,AXM1773,1.429435244056029,108.54390441924276,9144.0
760.0,AXM1793,5.087412054028802,114.8711451781868,9144.0
760.0,AXM1794,1.3252280058783135,104.35170940424446,9144.0
760.0,AXM5110,3.337388334467031,102.85861629942207,9144.0
760.0,AXM5111,5.299710727679044,114.58714605734953,9144.0
760.0,AXM5114,3.3665182326189136,103.34194671238522,9144.0
760.0,AXM5115,5.298505102893613,114.39046693394371,9144.0
760.0,AXM5117,5.339968338483169,114.24842291235647,9144.0
760.0,AXM5202,3.3648409357225297,103.347933190111,9144.0
760.0,AXM5203,1.987655270355915,108.45290787582952,9144.0
760.0,AXM5204,3.4114855880676584,103.07336980084578,9144.0
760.0,AXM5205,1.8760284763053223,108.86745406393415,9144.0
760.0,AXM5207,1.950255475773119,108.3527670041703,9144.0
760.0,AXM5208,3.3353344877901154,103.26094077833129,9144.0
760.0,AXM5232,3.188454794056054,103.30683012435816,9144.0
760.0,AXM5233,2.113018002922424,108.98048219359504,9144.0
760.0,AXM5234,3.37836124308728,103.3024721334363,9144.0
760.0,AXM5413,1.4259412564069025,108.39749743646958,9144.0
760.0,AXM5414,1.336251247322837,104.6411448077212,9144.0
760.0,AXM1773,1.429435244056029,108.54390441924276,9144.0,"(AXM5114),(AXM5202)"
760.0,AXM1793,5.087412054028802,114.8711451781868,9144.0,"(AXM5114),(AXM5234)"
760.0,AXM1794,1.3252280058783135,104.35170940424446,9144.0,"(AXM5202),(AXM5114)"
760.0,AXM5110,3.337388334467031,102.85861629942207,9144.0,"(AXM5202),(AXM5234)"
760.0,AXM5111,5.299710727679044,114.58714605734953,9144.0,"(AXM5208),(AXM5234)"
760.0,AXM5114,3.3665182326189136,103.34194671238522,9144.0,"(AXM5234),(AXM5114)"
760.0,AXM5115,5.298505102893613,114.39046693394371,9144.0,"(AXM5234),(AXM5202)"
760.0,AXM5117,5.339968338483169,114.24842291235647,9144.0,"(AXM5234),(AXM5208)"
770.0,AXM1773,1.4285434982864484,108.50957268431544,9144.0
770.0,AXM1793,5.074017766129525,114.84328449522707,9144.0
770.0,AXM1794,1.3472429262063372,104.36193229146478,9144.0
770.0,AXM5110,3.3397308987941865,102.88662961710548,9144.0
770.0,AXM5111,5.29456017879185,114.55633537520644,9144.0
770.0,AXM5114,3.372501458066385,103.37198676161768,9144.0
770.0,AXM5115,5.291177129634258,114.36016502757496,9144.0
770.0,AXM5117,5.333512388411718,114.21749881862762,9144.0
770.0,AXM5202,3.3678071333206034,103.37788445481827,9144.0
770.0,AXM5203,1.9963965514553719,108.4224255955384,9144.0
770.0,AXM5204,3.4091574881625752,103.10302011654221,9144.0
770.0,AXM5205,1.8842125885789858,108.83815864649063,9144.0
770.0,AXM5207,1.9632407410551642,108.3212109391904,9144.0
770.0,AXM5208,3.3438431392025465,103.28968214564213,9144.0
770.0,AXM5232,3.188108926268474,103.336921014386,9144.0
770.0,AXM5233,2.116800511033918,108.94999829066924,9144.0
770.0,AXM5234,3.3794188596532497,103.33201472642133,9144.0
770.0,AXM5413,1.425071156350822,108.36430388138623,9144.0
770.0,AXM5414,1.336823734827057,104.66680429419245,9144.0
770.0,AXM1773,1.4285434982864484,108.50957268431544,9144.0,"(AXM5114),(AXM5202)"
770.0,AXM1793,5.074017766129525,114.84328449522707,9144.0,"(AXM5114),(AXM5234)"
770.0,AXM1794,1.3472429262063372,104.36193229146478,9144.0,"(AXM5202),(AXM5114)"
770.0,AXM5110,3.3397308987941865,102.88662961710548,9144.0,"(AXM5202),(AXM5234)"
770.0,AXM5111,5.29456017879185,114.55633537520644,9144.0,"(AXM5208),(AXM5234)"
770.0,AXM5114,3.372501458066385,103.37198676161768,9144.0,"(AXM5234),(AXM5114)"
770.0,AXM5115,5.291177129634258,114.36016502757496,9144.0,"(AXM5234),(AXM5202)"
770.0,AXM5117,5.333512388411718,114.21749881862762,9144.0,"(AXM5234),(AXM5208)"
780.0,AXM1773,1.4276510395694653,108.47524098125714,9144.0
780.0,AXM1793,5.060597951968526,114.81543677391925,9144.0
780.0,AXM1794,1.3672191901776463,104.37572227001255,9144.0
780.0,AXM5110,3.342072143757557,102.91464311228549,9144.0
780.0,AXM5111,5.289338690818646,114.52553699832198,9144.0
780.0,AXM5114,3.3784948073096883,103.40208523328057,9144.0
780.0,AXM5115,5.283777299232686,114.32957825472668,9144.0
780.0,AXM5117,5.327038570336017,114.18657881906614,9144.0
780.0,AXM5202,3.370765800853442,103.40777676024639,9144.0
780.0,AXM5203,2.005392625196095,108.39105119026443,9144.0
780.0,AXM5204,3.4067711489338492,103.1326657118507,9144.0
780.0,AXM5205,1.8923872536055713,108.80886045079136,9144.0
780.0,AXM5207,1.9763316748654791,108.28969836753355,9144.0
780.0,AXM5208,3.3522112783065077,103.31846512401266,9144.0
780.0,AXM5232,3.1877587075148273,103.36724942829886,9144.0
780.0,AXM5233,2.116480140643421,108.91928197441284,9144.0
780.0,AXM5234,3.379313345493908,103.3615761183255,9144.0
780.0,AXM5413,1.424197644236531,108.33111042855931,9144.0
780.0,AXM5414,1.33739567718089,104.69246379880595,9144.0
780.0,AXM1773,1.4276510395694653,108.47524098125714,9144.0,"(AXM5114),(AXM5202)"
780.0,AXM1793,5.060597951968526,114.81543677391925,9144.0,"(AXM5114),(AXM5234)"
780.0,AXM1794,1.3672191901776463,104.37572227001255,9144.0,"(AXM5202),(AXM5114)"
780.0,AXM5110,3.342072143757557,102.91464311228549,9144.0,"(AXM5202),(AXM5234)"
780.0,AXM5111,5.289338690818646,114.52553699832198,9144.0,"(AXM5208),(AXM5234)"
780.0,AXM5114,3.3784948073096883,103.40208523328057,9144.0,"(AXM5234),(AXM5114)"
780.0,AXM5115,5.283777299232686,114.32957825472668,9144.0,"(AXM5234),(AXM5202)"
780.0,AXM5117,5.327038570336017,114.18657881906614,9144.0,"(AXM5234),(AXM5208)"
790.0,AXM1773,1.4267571562683754,108.44090932862838,9144.0
790.0,AXM1793,5.047173532271554,114.78759186686828,9144.0
790.0,AXM1794,1.38458466376383,104.3926844243888,9144.0
790.0,AXM5110,3.34428234548939,102.94266735039942,9144.0
790.0,AXM5111,5.2840644106829915,114.49444967709677,9144.0
790.0,AXM5114,3.3818584177655904,103.43259124193882,9144.0
790.0,AXM5115,5.276372794168272,114.29899298815951,9144.0
790.0,AXM5117,5.320574052577407,114.15571714843153,9144.0
790.0,AXM5202,3.3696170489003823,103.43779355001736,9144.0
790.0,AXM5203,2.0142769338997417,108.3596447435926,9144.0
790.0,AXM5204,3.4043690716135258,103.1624895686754,9144.0
790.0,AXM5205,1.9006245953312815,108.77933423876222,9144.0
790.0,AXM5207,1.989290908562764,108.25849998658748,9144.0
790.0,AXM5208,3.3605943351260015,103.34730601863275,9144.0
790.0,AXM5232,3.187432034826946,103.39757809615453,9144.0
790.0,AXM5233,2.1120579776401858,108.88846838633361,9144.0
790.0,AXM5234,3.3792062927194064,103.39119734334385,9144.0
790.0,AXM5413,1.4232567664877063,108.29791883160728,9144.0
790.0,AXM5414,1.3379903042251318,104.71812279368949,9144.0
790.0,AXM1773,1.4267571562683754,108.44090932862838,9144.0,"(AXM5114),(AXM5202)"
790.0,AXM1793,5.047173532271554,114.78759186686828,9144.0,"(AXM5114),(AXM5234)"
790.0,AXM1794,1.38458466376383,104.3926844243888,9144.0,"(AXM5202),(AXM5114)"
790.0,AXM5110,3.34428234548939,102.94266735039942,9144.0,"(AXM5202),(AXM5234)"
790.0,AXM5111,5.2840644106829915,114.49444967709677,9144.0,"(AXM5208),(AXM5234)"
790.0,AXM5114,3.3818584177655904,103.43259124193882,9144.0,"(AXM5234),(AXM5114)"
790.0,AXM5115,5.276372794168272,114.29899298815951,9144.0,"(AXM5234),(AXM5202)"
790.0,AXM5117,5.320574052577407,114.15571714843153,9144.0,"(AXM5234),(AXM5208)"
800.0,AXM1773,1.4259014633114961,108.40657671506719,9144.0
800.0,AXM1793,5.033837650387858,114.75970468887412,9144.0
800.0,AXM1794,1.3988880352083117,104.41237808687413,9144.0
800.0,AXM5110,3.34651993998634,102.97105519443329,9144.0
800.0,AXM5111,5.278925789556477,114.46333970795754,9144.0
800.0,AXM5114,3.385233501131931,103.46321487578226,9144.0
800.0,AXM5115,5.268869141201331,114.26801014665037,9144.0
800.0,AXM5117,5.314169409451787,114.12484320959358,9144.0
800.0,AXM5202,3.3672423425000657,103.46755864216833,9144.0
800.0,AXM5203,2.023175996431894,108.32818238380345,9144.0
800.0,AXM5204,3.401966221999129,103.19231328869074,9144.0
800.0,AXM5205,1.9089246413258507,108.74982546921461,9144.0
800.0,AXM5207,2.0022500519910817,108.22730132220418,9144.0
800.0,AXM5208,3.364962493412548,103.3770243038547,9144.0
800.0,AXM5232,3.1871019166410144,103.42808447132644,9144.0
800.0,AXM5233,2.105628097990324,108.85801100489762,9144.0
800.0,AXM5234,3.3750539660475263,103.42052513194685,9144.0
800.0,AXM5413,1.4223058572073888,108.2644414768841,9144.0
800.0,AXM5414,1.3385858537534427,104.74384433316894,9144.0
800.0,AXM1773,1.4259014633114961,108.40657671506719,9144.0,"(AXM5114),(AXM5202)"
800.0,AXM1793,5.033837650387858,114.75970468887412,9144.0,"(AXM5114),(AXM5234)"
800.0,AXM1794,1.3988880352083117,104.41237808687413,9144.0,"(AXM5202),(AXM5114)"
800.0,AXM5110,3.34651993998634,102.97105519443329,9144.0,"(AXM5202),(AXM5234)"
800.0,AXM5111,5.278925789556477,114.46333970795754,9144.0,"(AXM5208),(AXM5234)"
800.0,AXM5114,3.385233501131931,103.46321487578226,9144.0,"(AXM5234),(AXM5114)"
800.0,AXM5115,5.268869141201331,114.26801014665037,9144.0,"(AXM5234),(AXM5202)"
800.0,AXM5117,5.314169409451787,114.12484320959358,9144.0,"(AXM5234),(AXM5208)"
810.0,AXM1773,1.4250431204075586,108.37218762520122,9144.0
810.0,AXM1793,5.020447123486409,114.73171344276994,9144.0
810.0,AXM1794,1.4096763054414974,104.4341977338504,9144.0
810.0,AXM5110,3.348846778274725,102.99943590576302,9144.0
810.0,AXM5111,5.273745137473413,114.43199931424004,9144.0
810.0,AXM5114,3.3867461975443303,103.49398734231623,9144.0
810.0,AXM5115,5.261277069168823,114.2370494141522,9144.0
810.0,AXM5117,5.307655269873708,114.09345447074351,9144.0
810.0,AXM5202,3.3612505003292905,103.49680898377811,9144.0
810.0,AXM5203,2.0321952138104047,108.29675412520902,9144.0
810.0,AXM5204,3.399523793311528,103.22261084984906,9144.0
810.0,AXM5205,1.9173196570504134,108.71997626679405,9144.0
810.0,AXM5207,2.015142726613379,108.19625990466221,9144.0
810.0,AXM5208,3.3681303204071247,103.40683512880364,9144.0
810.0,AXM5232,3.1867462395190116,103.45859054777448,9144.0
810.0,AXM5233,2.099124761611276,108.82721010201068,9144.0
810.0,AXM5234,3.3708837774738223,103.4499710093445,9144.0
810.0,AXM5413,1.4214795562445584,108.23096082473361,9144.0
810.0,AXM5414,1.3392122695502848,104.76956514562086,9144.0
810.0,AXM1773,1.4250431204075586,108.37218762520122,9144.0,"(AXM5114),(AXM5202)"
810.0,AXM1793,5.020447123486409,114.73171344276994,9144.0,"(AXM5114),(AXM5234)"
810.0,AXM1794,1.4096763054414974,104.4341977338504,9144.0,"(AXM5202),(AXM5114)"
810.0,AXM5110,3.348846778274725,102.99943590576302,9144.0,"(AXM5202),(AXM5234)"
810.0,AXM5111,5.273745137473413,114.43199931424004,9144.0,"(AXM5208),(AXM5234)"
810.0,AXM5114,3.3867461975443303,103.49398734231623,9144.0,"(AXM5234),(AXM5114)"
810.0,AXM5115,5.261277069168823,114.2370494141522,9144.0,"(AXM5234),(AXM5202)"
810.0,AXM5117,5.307655269873708,114.09345447074351,9144.0,"(AXM5234),(AXM5208)"
820.0,AXM1773,1.424100682309735,108.33780075265246,9144.0
820.0,AXM1793,5.006994913902027,114.70375259262151,9144.0
820.0,AXM1794,1.4166420989485937,104.45752166683528,9144.0
820.0,AXM5110,3.3512805164179014,103.0291358539489,9144.0
820.0,AXM5111,5.268457310872223,114.4006772444166,9144.0
820.0,AXM5114,3.388260307173318,103.52481883322814,9144.0
820.0,AXM5115,5.253654414315929,114.20597628981447,9144.0
820.0,AXM5117,5.301128518486412,114.06206870643723,9144.0
820.0,AXM5202,3.355257129821798,103.5260588316508,9144.0
820.0,AXM5203,2.0412612867128686,108.26515943267216,9144.0
820.0,AXM5204,3.3970310396002708,103.25290421927104,9144.0
820.0,AXM5205,1.9257133726219424,108.69012655162098,9144.0
820.0,AXM5207,2.028082084205862,108.16523769427437,9144.0
820.0,AXM5208,3.3674776880430013,103.43680722518658,9144.0
820.0,AXM5232,3.1863883135442066,103.48915575731482,9144.0
820.0,AXM5233,2.0926163639994213,108.79641039766533,9144.0
820.0,AXM5234,3.366712265582844,103.47941657245468,9144.0
820.0,AXM5413,1.420650240605501,108.19742316387298,9144.0
820.0,AXM5414,1.3398381980916718,104.79528597651192,9144.0
820.0,AXM1773,1.424100682309735,108.33780075265246,9144.0,"(AXM5114),(AXM5202)"
820.0,AXM1793,5.006994913902027,114.70375259262151,9144.0,"(AXM5114),(AXM5234)"
820.0,AXM1794,1.4166420989485937,104.45752166683528,9144.0,"(AXM5202),(AXM5114)"
820.0,AXM5110,3.3512805164179014,103.0291358539489,9144.0,"(AXM5202),(AXM5234)"
820.0,AXM5111,5.268457310872223,114.4006772444166,9144.0,"(AXM5208),(AXM5234)"
820.0,AXM5114,3.388260307173318,103.52481883322814,9144.0,"(AXM5234),(AXM5114)"
820.0,AXM5115,5.253654414315929,114.20597628981447,9144.0,"(AXM5234),(AXM5202)"
820.0,AXM5117,5.301128518486412,114.06206870643723,9144.0,"(AXM5234),(AXM5208)"
830.0,AXM1773,1.4231555778855904,108.30335744387415,9144.0
830.0,AXM1793,4.993512862569678,114.67574129367505,9144.0
830.0,AXM1794,1.4195869488466895,104.48168531402406,9144.0
830.0,AXM5110,3.3537043091547925,103.0588366918162,9144.0
830.0,AXM5111,5.263127010124436,114.36912549064542,9144.0
830.0,AXM5114,3.3898882633229057,103.55564455402163,9144.0
830.0,AXM5115,5.245918662132546,114.17493174983547,9144.0
830.0,AXM5117,5.294587321636838,114.03062671809306,9144.0
830.0,AXM5202,3.3468895661506037,103.55471763011873,9144.0
830.0,AXM5203,2.0503262466472707,108.23356424182442,9144.0
830.0,AXM5204,3.3946699923350696,103.28320810135371,9144.0
830.0,AXM5205,1.9340100049424656,108.66024953049164,9144.0
830.0,AXM5207,2.0409106113960087,108.13447849973663,9144.0
830.0,AXM5208,3.3668233397547027,103.46677926388794,9144.0
830.0,AXM5232,3.185803084574707,103.51971743144723,9144.0
830.0,AXM5233,2.0859744993136404,108.76563936731387,9144.0
830.0,AXM5234,3.3589958812318854,103.50813488052925,9144.0
830.0,AXM5413,1.4197238124358484,108.16388806010431,9144.0
830.0,AXM5414,1.3404603378029822,104.82100690591075,9144.0
830.0,AXM1773,1.4231555778855904,108.30335744387415,9144.0,"(AXM5114),(AXM5202)"
830.0,AXM1793,4.993512862569678,114.67574129367505,9144.0,"(AXM5114),(AXM5234)"
830.0,AXM1794,1.4195869488466895,104.48168531402406,9144.0,"(AXM5202),(AXM5114)"
830.0,AXM5110,3.3537043091547925,103.0588366918162,9144.0,"(AXM5202),(AXM5234)"
830.0,AXM5111,5.263127010124436,114.36912549064542,9144.0,"(AXM5208),(AXM5234)"
830.0,AXM5114,3.3898882633229057,103.55564455402163,9144.0,"(AXM5234),(AXM5114)"
830.0,AXM5115,5.245918662132546,114.17493174983547,9144.0,"(AXM5234),(AXM5202)"
830.0,AXM5117,5.294587321636838,114.03062671809306,9144.0,"(AXM5234),(AXM5208)"
840.0,AXM1773,1.4223021969838119,108.26891175173424,9144.0
840.0,AXM1793,4.979946113617119,114.64777180881009,9144.0
840.0,AXM1794,1.4184269515317913,104.50600017160174,9144.0
840.0,AXM5110,3.356196019727289,103.0885319653352,9144.0
840.0,AXM5111,5.2578522816517115,114.3375645871997,9144.0
840.0,AXM5114,3.3915240578962393,103.58664684037186,9144.0
840.0,AXM5115,5.238208518763516,114.14400160114461,9144.0
840.0,AXM5117,5.2879851166331555,113.99919792863224,9144.0
840.0,AXM5202,3.338470494895861,103.58354734446111,9144.0
840.0,AXM5203,2.059362336383022,108.20196059269017,9144.0
840.0,AXM5204,3.3922827245683185,103.31362869331569,9144.0
840.0,AXM5205,1.942446551914654,108.62986402336317,9144.0
840.0,AXM5207,2.05371050654501,108.10370711858582,9144.0
840.0,AXM5208,3.3620765484869084,103.49637882830102,9144.0
840.0,AXM5232,3.185215157376076,103.55033817223259,9144.0
840.0,AXM5233,2.079268827520567,108.73458377183539,9144.0
840.0,AXM5234,3.351247372942583,103.53696793433043,9144.0
840.0,AXM5413,1.418799048922024,108.13046715959521,9144.0
840.0,AXM5414,1.341092564234216,104.84716423483054,9144.0
840.0,AXM1773,1.4223021969838119,108.26891175173424,9144.0,"(AXM5114),(AXM5202)"
840.0,AXM1793,4.979946113617119,114.64777180881009,9144.0,"(AXM5114),(AXM5234)"
840.0,AXM1794,1.4184269515317913,104.50600017160174,9144.0,"(AXM5202),(AXM5114)"
840.0,AXM5110,3.356196019727289,103.0885319653352,9144.0,"(AXM5202),(AXM5234)"
840.0,AXM5111,5.2578522816517115,114.3375645871997,9144.0,"(AXM5208),(AXM5234)"
840.0,AXM5114,3.3915240578962393,103.58664684037186,9144.0,"(AXM5234),(AXM5114)"
840.0,AXM5115,5.238208518763516,114.14400160114461,9144.0,"(AXM5234),(AXM5202)"
840.0,AXM5117,5.2879851166331555,113.99919792863224,9144.0,"(AXM5234),(AXM5208)"
850.0,AXM1773,1.4214477562939385,108.23446609863308,9144.0
850.0,AXM1793,4.966350272172948,114.61975157425998,9144.0
850.0,AXM1794,1.4131951572301285,104.52977342785879,9144.0
850.0,AXM5110,3.3587750374907688,103.11929150602805,9144.0
850.0,AXM5111,5.252526169433415,114.30571711342319,9144.0
850.0,AXM5114,3.39308682405063,103.617652957088,9144.0
850.0,AXM5115,5.2306308457046775,114.11303883205221,9144.0
850.0,AXM5117,5.281368430452086,113.9677129725168,9144.0
850.0,AXM5202,3.3305677816955916,103.61252311878376,9144.0
850.0,AXM5203,2.0684607213481545,108.17013557957654,9144.0
850.0,AXM5204,3.3898930909403897,103.34404902369147,9144.0
850.0,AXM5205,1.9509303264384539,108.5994915308042,9144.0
850.0,AXM5207,2.066575408943457,108.0727767878357,9144.0
850.0,AXM5208,3.3546068523916754,103.52534731010626,9144.0
850.0,AXM5232,3.183409909857096,103.58091110482123,9144.0
850.0,AXM5233,2.0728704675952088,108.70346344886076,9144.0
850.0,AXM5234,3.343496711407231,103.5658001792794,9144.0
850.0,AXM5413,1.4179364135840649,108.09704460921472,9144.0
850.0,AXM5414,1.3417080780241426,104.87332196915371,9144.0
850.0,AXM1773,1.4214477562939385,108.23446609863308,9144.0,"(AXM5114),(AXM5202)"
850.0,AXM1793,4.966350272172948,114.61975157425998,9144.0,"(AXM5114),(AXM5234)"
850.0,AXM1794,1.4131951572301285,104.52977342785879,9144.0,"(AXM5202),(AXM5114)"
850.0,AXM5110,3.3587750374907688,103.11929150602805,9144.0,"(AXM5202),(AXM5234)"
850.0,AXM5111,5.252526169433415,114.30571711342319,9144.0,"(AXM5208),(AXM5234)"
850.0,AXM5114,3.39308682405063,103.617652957088,9144.0,"(AXM5234),(AXM5114)"
850.0,AXM5115,5.2306308457046775,114.11303883205221,9144.0,"(AXM5234),(AXM5202)"
850.0,AXM5117,5.281368430452086,113.9677129725168,9144.0,"(AXM5234),(AXM5208)"
860.0,AXM1773,1.420578241968103,108.20002083594032,9144.0
860.0,AXM1793,4.952956724404992,114.59163392005773,9144.0
860.0,AXM1794,1.4039988267416468,104.55251625059583,9144.0
860.0,AXM5110,3.3612019097987407,103.15006354365858,9144.0
860.0,AXM5111,5.247182309193628,114.27387291090827,9144.0
860.0,AXM5114,3.394654034355966,103.64877663608972,9144.0
860.0,AXM5115,5.22302277230491,114.08196362729883,9144.0
860.0,AXM5117,5.274823478574881,113.93621323079978,9144.0
860.0,AXM5202,3.3226479417712835,103.64155565760547,9144.0
860.0,AXM5203,2.0775568398617428,108.13830973486822,9144.0
860.0,AXM5204,3.3867148018889512,103.37439673976886,9144.0
860.0,AXM5205,1.9593341721308286,108.56940027164856,9144.0
860.0,AXM5207,2.079463523749118,108.04185588290581,9144.0
860.0,AXM5208,3.346590306870877,103.55416851046728,9144.0
860.0,AXM5232,3.1775565738754605,103.6104877464412,9144.0
860.0,AXM5233,2.0663998561343493,108.67200200414923,9144.0
860.0,AXM5234,3.335504926145011,103.5945660626487,9144.0
860.0,AXM5413,1.417078328029683,108.06385085605153,9144.0
860.0,AXM5414,1.3423275488391326,104.89966605512757,9144.0
860.0,AXM1773,1.420578241968103,108.20002083594032,9144.0,"(AXM5114),(AXM5202)"
860.0,AXM1793,4.952956724404992,114.59163392005773,9144.0,"(AXM5114),(AXM5234)"
860.0,AXM1794,1.4039988267416468,104.55251625059583,9144.0,"(AXM5202),(AXM5114)"
860.0,AXM5110,3.3612019097987407,103.15006354365858,9144.0,"(AXM5202),(AXM5234)"
860.0,AXM5111,5.247182309193628,114.27387291090827,9144.0,"(AXM5208),(AXM5234)"
860.0,AXM5114,3.394654034355966,103.64877663608972,9144.0,"(AXM5234),(AXM5114)"
860.0,AXM5115,5.22302277230491,114.08196362729883,9144.0,"(AXM5234),(AXM5202)"
860.0,AXM5117,5.274823478574881,113.93621323079978,9144.0,"(AXM5234),(AXM5208)"
870.0,AXM1773,1.4197063206556113,108.16551916218498,9144.0
870.0,AXM1793,4.93930810833456,114.56298850633492,9144.0
870.0,AXM1794,1.3910885203309282,104.57352368315263,9144.0
870.0,AXM5110,3.3636820999987047,103.18153817904404,9144.0
870.0,AXM5111,5.241864205515018,114.24220181999517,9144.0
870.0,AXM5114,3.396203450340802,103.6799012590846,9144.0
870.0,AXM5115,5.215397789120914,114.05089297975216,9144.0
870.0,AXM5117,5.268264233663229,113.90465731496666,9144.0
870.0,AXM5202,3.3146455803377908,103.67056524785508,9144.0
870.0,AXM5203,2.086637172569654,108.10647919333796,9144.0
870.0,AXM5204,3.383535173412631,103.40474421543091,9144.0
870.0,AXM5205,1.9677241613439813,108.53930499050358,9144.0
870.0,AXM5207,2.092262890405614,108.01114554754218,9144.0
870.0,AXM5208,3.338460841169324,103.58339005351624,9144.0
870.0,AXM5232,3.171512222517413,103.63996496068904,9144.0
870.0,AXM5233,2.059574235387725,108.64061589865898,9144.0
870.0,AXM5234,3.327478969909371,103.62344593189705,9144.0
870.0,AXM5413,1.4161044134079281,108.0306603153176,9144.0
870.0,AXM5414,1.3429069838999117,104.9260110588336,9144.0
870.0,AXM1773,1.4197063206556113,108.16551916218498,9144.0,"(AXM5114),(AXM5202)"
870.0,AXM1793,4.93930810833456,114.56298850633492,9144.0,"(AXM5114),(AXM5234)"
870.0,AXM1794,1.3910885203309282,104.57352368315263,9144.0,"(AXM5202),(AXM5114)"
870.0,AXM5110,3.3636820999987047,103.18153817904404,9144.0,"(AXM5202),(AXM5234)"
870.0,AXM5111,5.241864205515018,114.24220181999517,9144.0,"(AXM5208),(AXM5234)"
870.0,AXM5114,3.396203450340802,103.6799012590846,9144.0,"(AXM5234),(AXM5114)"
870.0,AXM5115,5.215397789120914,114.05089297975216,9144.0,"(AXM5234),(AXM5202)"
870.0,AXM5117,5.268264233663229,113.90465731496666,9144.0,"(AXM5234),(AXM5208)"
880.0,AXM1773,1.4187570160631544,108.13101954630636,9144.0
880.0,AXM1793,4.9254615784227695,114.53443954106604,9144.0
880.0,AXM1794,1.3785023082214203,104.59480045545612,9144.0
880.0,AXM5110,3.366253379408922,103.21300556174941,9144.0
880.0,AXM5111,5.236522381552446,114.21053502557561,9144.0
880.0,AXM5114,3.397929355329701,103.71101661742972,9144.0
880.0,AXM5115,5.207784200830564,114.01988003403456,9144.0
880.0,AXM5117,5.261623595510241,113.87311890884048,9144.0
880.0,AXM5202,3.306657791274201,103.69951690505825,9144.0
880.0,AXM5203,2.0956695237620426,108.07481394004674,9144.0
880.0,AXM5204,3.377514682925021,103.43465626224729,9144.0
880.0,AXM5205,1.9762229512533143,108.50881503320157,9144.0
880.0,AXM5207,2.1050613129833358,107.98043456681468,9144.0
880.0,AXM5208,3.330427788575568,103.61263809932144,9144.0
880.0,AXM5232,3.165466101150536,103.66944163863428,9144.0
880.0,AXM5233,2.0527222719061657,108.60911698877793,9144.0
880.0,AXM5234,3.3195144514639914,103.65234262906148,9144.0
880.0,AXM5413,1.4151326296208808,107.99758441044085,9144.0
880.0,AXM5414,1.343510380997158,104.95346555697353,9144.0
880.0,AXM1773,1.4187570160631544,108.13101954630636,9144.0,"(AXM5114),(AXM5202)"
880.0,AXM1793,4.9254615784227695,114.53443954106604,9144.0,"(AXM5202),(AXM5114)"
880.0,AXM1794,1.3785023082214203,104.59480045545612,9144.0,"(AXM5202),(AXM5234)"
880.0,AXM5110,3.366253379408922,103.21300556174941,9144.0,"(AXM5208),(AXM5234)"
880.0,AXM5111,5.236522381552446,114.21053502557561,9144.0,"(AXM5234),(AXM5202)"
880.0,AXM5114,3.397929355329701,103.71101661742972,9144.0,"(AXM5234),(AXM5208)"
890.0,AXM1773,1.4178052048344034,108.09646356064879,9144.0
890.0,AXM1793,4.911612507496561,114.50589241131709,9144.0
890.0,AXM1794,1.3659481060135072,104.61602252127143,9144.0
890.0,AXM5110,3.368827443585878,103.24453144839342,9144.0
890.0,AXM5111,5.231274741646082,114.17944579375656,9144.0
890.0,AXM5114,3.3996260082116074,103.74183893120588,9144.0
890.0,AXM5115,5.20059061584985,113.98876650985476,9144.0
890.0,AXM5117,5.255028581079945,113.84180952420914,9144.0
890.0,AXM5202,3.298612005611211,103.72845221028759,9144.0
890.0,AXM5203,2.1047011273900695,108.04314829019519,9144.0
890.0,AXM5204,3.371457877472143,103.46474176644332,9144.0
890.0,AXM5205,1.984750835887003,108.47833305353483,9144.0
890.0,AXM5207,2.1178110123080565,107.94970304711931,9144.0
890.0,AXM5208,3.322299302936766,103.64222796785594,9144.0
890.0,AXM5232,3.1592595633261835,103.69888467900472,9144.0
890.0,AXM5233,2.0464737889585707,108.57749279648846,9144.0
890.0,AXM5234,3.311531971752525,103.68129589789551,9144.0
890.0,AXM5413,1.4143576652522551,107.96450331680636,9144.0
890.0,AXM5414,1.3441303874190276,104.98091969181141,9144.0
890.0,AXM1773,1.4178052048344034,108.09646356064879,9144.0,"(AXM5202),(AXM5234)"
890.0,AXM1793,4.911612507496561,114.50589241131709,9144.0,"(AXM5208),(AXM5234)"
890.0,AXM1794,1.3659481060135072,104.61602252127143,9144.0,"(AXM5234),(AXM5202)"
890.0,AXM5110,3.368827443585878,103.24453144839342,9144.0,"(AXM5234),(AXM5208)"
900.0,AXM1773,1.4169692712271749,108.06190458831172,9144.0
900.0,AXM1793,4.897924315903119,114.47726780805345,9144.0
900.0,AXM1794,1.3533936858302988,104.63724434769577,9144.0
900.0,AXM5110,3.3713788143999004,103.27605926877644,9144.0
900.0,AXM5111,5.2260591985357525,114.14835137501936,9144.0
900.0,AXM5114,3.401026784037976,103.77267620542696,9144.0
900.0,AXM5115,5.193407784955219,113.95771082333111,9144.0
900.0,AXM5117,5.248516218216801,113.81048302472284,9144.0
900.0,AXM5202,3.290660863211723,103.75704218093887,9144.0
900.0,AXM5203,2.1137319153443364,108.01148222357712,9144.0
900.0,AXM5204,3.363393232710183,103.49435039756618,9144.0
900.0,AXM5205,1.9932776271673482,108.44785061009271,9144.0
900.0,AXM5207,2.1304499046372274,107.91923576685811,9144.0
900.0,AXM5208,3.314119412646827,103.6718033746645,9144.0
900.0,AXM5232,3.153051095625321,103.72832713533627,9144.0
900.0,AXM5233,2.040178901079799,108.54564196837762,9144.0
900.0,AXM5234,3.303513414860628,103.71023892850079,9144.0
900.0,AXM5413,1.413584678864931,107.93153700337655,9144.0
900.0,AXM5414,1.3447609655117678,105.00886228739769,9144.0
900.0,AXM1773,1.4169692712271749,108.06190458831172,9144.0,"(AXM5202),(AXM5234)"
900.0,AXM1793,4.897924315903119,114.47726780805345,9144.0,"(AXM5208),(AXM5234)"
900.0,AXM1794,1.3533936858302988,104.63724434769577,9144.0,"(AXM5234),(AXM5202)"
900.0,AXM5110,3.3713788143999004,103.27605926877644,9144.0,"(AXM5234),(AXM5208)"
910.0,AXM1773,1.4161324434175937,108.02734565011063,9144.0
910.0,AXM1793,4.88441000361721,114.44901537130873,9144.0
910.0,AXM1794,1.344536441867407,104.66025671269338,9144.0
910.0,AXM5110,3.373928191510639,103.30758733366714,9144.0
910.0,AXM5111,5.220938016323338,114.11783849637241,9144.0
910.0,AXM5114,3.4024199207162464,103.80357286664673,9144.0
910.0,AXM5115,5.188186889616973,113.92626284021314,9144.0
910.0,AXM5117,5.2419895602995075,113.77910022968665,9144.0
910.0,AXM5202,3.282729665587688,103.78563748192438,9144.0
910.0,AXM5203,2.122761631256019,107.97981566624058,9144.0
910.0,AXM5204,3.3552808477515756,103.5241292453233,9144.0
910.0,AXM5205,2.0017796764230544,108.41736109027396,9144.0
910.0,AXM5207,2.1428631832798093,107.88867549527949,9144.0
910.0,AXM5208,3.305906702616439,103.70149193644232,9144.0
910.0,AXM5232,3.14687860898219,103.75777700431053,9144.0
910.0,AXM5233,2.0335234517832417,108.51386475026942,9144.0
910.0,AXM5234,3.295493193193965,103.73918126273439,9144.0
910.0,AXM5413,1.4127604164441319,107.89857194461177,9144.0
910.0,AXM5414,1.3453886554705385,105.0368049552345,9144.0
910.0,AXM1773,1.4161324434175937,108.02734565011063,9144.0,"(AXM5202),(AXM5234)"
910.0,AXM1793,4.88441000361721,114.44901537130873,9144.0,"(AXM5208),(AXM5234)"
910.0,AXM1794,1.344536441867407,104.66025671269338,9144.0,"(AXM5234),(AXM5202)"
910.0,AXM5110,3.373928191510639,103.30758733366714,9144.0,"(AXM5234),(AXM5208)"
920.0,AXM1773,1.4152088050345837,107.99278893820654,9144.0
920.0,AXM1793,4.870775437362665,114.42082176750397,9144.0
920.0,AXM1794,1.3396222966666567,104.68442070362664,9144.0
920.0,AXM5110,3.376450618990327,103.33911765552679,9144.0
920.0,AXM5111,5.2158113977793406,114.08732678760241,9144.0
920.0,AXM5114,3.404126157856187,103.8344538188125,9144.0
920.0,AXM5115,5.18300224558015,113.89504641050246,9144.0
920.0,AXM5117,5.235446152774681,113.74772128065703,9144.0
920.0,AXM5202,3.2748132433904886,103.81417461040301,9144.0
920.0,AXM5203,2.131623497726263,107.94810147969953,9144.0
920.0,AXM5204,3.347166232122391,103.55390723626435,9144.0
920.0,AXM5205,2.0102492419220988,108.38698354019297,9144.0
920.0,AXM5207,2.155297202987925,107.85806141431729,9144.0
920.0,AXM5208,3.2977425271711724,103.7311936820718,9144.0
920.0,AXM5232,3.1407290629005216,103.78710990093985,9144.0
920.0,AXM5233,2.026831266531274,108.48191841237117,9144.0
920.0,AXM5234,3.2874562714397166,103.76811871520931,9144.0
920.0,AXM5413,1.4119368994954349,107.86566434490605,9144.0
920.0,AXM5414,1.3460886314029334,105.06474591279499,9144.0
920.0,AXM1773,1.4152088050345837,107.99278893820654,9144.0,"(AXM5202),(AXM5234)"
920.0,AXM1793,4.870775437362665,114.42082176750397,9144.0,"(AXM5208),(AXM5234)"
920.0,AXM1794,1.3396222966666567,104.68442070362664,9144.0,"(AXM5234),(AXM5202)"
920.0,AXM5110,3.376450618990327,103.33911765552679,9144.0,"(AXM5234),(AXM5208)"
930.0,AXM1773,1.4142828081007226,107.95817588660864,9144.0
930.0,AXM1793,4.857472927942884,114.39332017335377,9144.0
930.0,AXM1794,1.3379290824849523,104.70902133591332,9144.0
930.0,AXM5110,3.3789710805895803,103.37064821700632,9144.0
930.0,AXM5111,5.21065259466647,114.05664117504502,9144.0
930.0,AXM5114,3.405810440598059,103.86515884217398,9144.0
930.0,AXM5115,5.177814140507147,113.8638308168169,9144.0
930.0,AXM5117,5.228864644148264,113.71617203319462,9144.0
930.0,AXM5202,3.266879884678751,103.84270679396806,9144.0
930.0,AXM5203,2.140469226665177,107.91644230913548,9144.0
930.0,AXM5204,3.3389183609026096,103.58364821839012,9144.0
930.0,AXM5205,2.0187574806269875,108.3566166538351,9144.0
930.0,AXM5207,2.1651663125865754,107.8265253805926,9144.0
930.0,AXM5208,3.2895926493065373,103.76083792266493,9144.0
930.0,AXM5232,3.13459623283768,103.81644613545983,9144.0
930.0,AXM5233,2.020151441442424,108.44996961609692,9144.0
930.0,AXM5234,3.279338190530486,103.79734169043631,9144.0
930.0,AXM5413,1.4111076868206516,107.83275690005193,9144.0
930.0,AXM5414,1.3467963979459208,105.0930513747254,9144.0
930.0,AXM1773,1.4142828081007226,107.95817588660864,9144.0,"(AXM5202),(AXM5234)"
930.0,AXM1793,4.857472927942884,114.39332017335377,9144.0,"(AXM5208),(AXM5234)"
930.0,AXM1794,1.3379290824849523,104.70902133591332,9144.0,"(AXM5234),(AXM5202)"
930.0,AXM5110,3.3789710805895803,103.37064821700632,9144.0,"(AXM5234),(AXM5208)"
940.0,AXM1773,1.413508397599055,107.92355912105782,9144.0
940.0,AXM1793,4.844211902995207,114.36579894775724,9144.0
940.0,AXM1794,1.3383256927026166,104.73367701392401,9144.0
940.0,AXM5110,3.381499803645335,103.40217819688591,9144.0
940.0,AXM5111,5.205466981122552,114.0259603725393,9144.0
940.0,AXM5114,3.407275574086854,103.89587518910227,9144.0
940.0,AXM5115,5.1724968166866985,113.8326374154882,9144.0
940.0,AXM5117,5.222225919479229,113.68463521039696,9144.0
940.0,AXM5202,3.258945343002007,103.87123842225418,9144.0
940.0,AXM5203,2.149314291757208,107.8847827697887,9144.0
940.0,AXM5204,3.33062170159269,103.61355873444057,9144.0
940.0,AXM5205,2.027201854576135,108.32647466578206,9144.0
940.0,AXM5207,2.1750858698897946,107.79482462898642,9144.0
940.0,AXM5208,3.2813502899473894,103.79045625355297,9144.0
940.0,AXM5232,3.128449761646754,103.84584016207425,9144.0
940.0,AXM5233,2.0134114202673623,108.41773942598674,9144.0
940.0,AXM5234,3.2713448239951903,103.82659890388238,9144.0
940.0,AXM5413,1.4103756663838878,107.79984715868099,9144.0
940.0,AXM5414,1.3473902870941583,105.12135946326624,9144.0
940.0,AXM1773,1.413508397599055,107.92355912105782,9144.0,"(AXM5202),(AXM5234)"
940.0,AXM1793,4.844211902995207,114.36579894775724,9144.0,"(AXM5208),(AXM5234)"
940.0,AXM1794,1.3383256927026166,104.73367701392401,9144.0,"(AXM5234),(AXM5202)"
940.0,AXM5110,3.381499803645335,103.40217819688591,9144.0,"(AXM5234),(AXM5208)"
950.0,AXM1773,1.4127356687354213,107.88905518552431,9144.0
950.0,AXM1793,4.830974838472419,114.33833253100968,9144.0
950.0,AXM1794,1.338721951818912,104.75833270156741,9144.0
950.0,AXM5110,3.384017308800583,103.43359183595781,9144.0
950.0,AXM5111,5.200278528669231,113.99528030696177,9144.0
950.0,AXM5114,3.408858217944153,103.92634894587118,9144.0
950.0,AXM5115,5.1672059784194255,113.8016182928552,9144.0
950.0,AXM5117,5.2155848761581725,113.65309921373324,9144.0
950.0,AXM5202,3.2510609564457433,103.89978377268692,9144.0
950.0,AXM5203,2.158158689720245,107.85312286001115,9144.0
950.0,AXM5204,3.3223248530823937,103.64346894608629,9144.0
950.0,AXM5205,2.0356450057897435,108.29633217722287,9144.0
950.0,AXM5207,2.1840227424274072,107.76283234147249,9144.0
950.0,AXM5208,3.2731382962037414,103.81996017745035,9144.0
950.0,AXM5232,3.1220160331330087,103.875172289526,9144.0
950.0,AXM5233,2.0064616349079594,108.3855540076256,9144.0
950.0,AXM5234,3.2633498213704657,103.85585543576443,9144.0
950.0,AXM5413,1.4096405089712016,107.76682261051687,9144.0
950.0,AXM5414,1.347986763501365,105.14984924403171,9144.0
950.0,AXM1773,1.4127356687354213,107.88905518552431,9144.0,"(AXM5202),(AXM5234)"
950.0,AXM1793,4.830974838472419,114.33833253100968,9144.0,"(AXM5208),(AXM5234)"
950.0,AXM1794,1.338721951818912,104.75833270156741,9144.0,"(AXM5234),(AXM5202)"
950.0,AXM5110,3.384017308800583,103.43359183595781,9144.0,"(AXM5234),(AXM5208)"
960.0,AXM1773,1.4119131874306516,107.85455241301555,9144.0
960.0,AXM1793,4.817730039449203,114.31087040558221,9144.0
960.0,AXM1794,1.339117335791627,104.78298840724473,9144.0
960.0,AXM5110,3.38566486720295,103.46506334913016,9144.0
960.0,AXM5111,5.195124391513554,113.96459466109839,9144.0
960.0,AXM5114,3.4104455692215794,103.95694098542513,9144.0
960.0,AXM5115,5.161968469198805,113.7705903035808,9144.0
960.0,AXM5117,5.208882838789189,113.62157656712,9144.0
960.0,AXM5202,3.243175392607286,103.92832857398791,9144.0
960.0,AXM5203,2.1670024172214633,107.82146257814104,9144.0
960.0,AXM5204,3.3140421644106803,103.67332176958632,9144.0
960.0,AXM5205,2.044024456437688,108.26617173862857,9144.0
960.0,AXM5207,2.1929432194935985,107.73089479813102,9144.0
960.0,AXM5208,3.2649330342650718,103.8494657389986,9144.0
960.0,AXM5232,3.1155936754995213,103.90444578686198,9144.0
960.0,AXM5233,1.9994863870422523,108.35325668618326,9144.0
960.0,AXM5234,3.2551846680982455,103.88506454752448,9144.0
960.0,AXM5413,1.4089046506796261,107.73379808840627,9144.0
960.0,AXM5414,1.3487312932230986,105.17833554695294,9144.0
960.0,AXM1773,1.4119131874306516,107.85455241301555,9144.0,"(AXM5202),(AXM5208)"
960.0,AXM1793,4.817730039449203,114.31087040558221,9144.0,"(AXM5202),(AXM5234)"
960.0,AXM1794,1.339117335791627,104.78298840724473,9144.0,"(AXM5208),(AXM5202)"
960.0,AXM5110,3.38566486720295,103.46506334913016,9144.0,"(AXM5208),(AXM5234)"
960.0,AXM5111,5.195124391513554,113.96459466109839,9144.0,"(AXM5234),(AXM5202)"
960.0,AXM5114,3.4104455692215794,103.95694098542513,9144.0,"(AXM5234),(AXM5208)"
970.0,AXM1773,1.4110941205995444,107.82021912531155,9144.0
970.0,AXM1793,4.804406309772854,114.28324957029038,9144.0
970.0,AXM1794,1.339837615987433,104.80763676431917,9144.0
970.0,AXM5110,3.387311015240947,103.4965349898683,9144.0
970.0,AXM5111,5.189948010434982,113.93379350585259,9144.0
970.0,AXM5114,3.4120179824628516,103.98753384920823,9144.0
970.0,AXM5115,5.156708521631146,113.7394473383135,9144.0
970.0,AXM5117,5.202342718314102,113.59001997532314,9144.0
970.0,AXM5202,3.2352497482077673,103.95686201360994,9144.0
970.0,AXM5203,2.1758454708702666,107.78980192250079,9144.0
970.0,AXM5204,3.3058278729987065,103.70319330127576,9144.0
970.0,AXM5205,2.052418398437219,108.23595440448057,9144.0
970.0,AXM5207,2.201857976740875,107.69895546471437,9144.0
970.0,AXM5208,3.2568058703085767,103.87868552501067,9144.0
970.0,AXM5232,3.109284679910781,103.93374382255453,9144.0
970.0,AXM5233,1.9925405848548745,108.32095314815457,9144.0
970.0,AXM5234,3.247129885141105,103.91387216762325,9144.0
970.0,AXM5413,1.4080997947141225,107.70077518821097,9144.0
970.0,AXM5414,1.349474756252785,105.20682188645426,9144.0
970.0,AXM1773,1.4110941205995444,107.82021912531155,9144.0,"(AXM5202),(AXM5208)"
970.0,AXM1793,4.804406309772854,114.28324957029038,9144.0,"(AXM5202),(AXM5234)"
970.0,AXM1794,1.339837615987433,104.80763676431917,9144.0,"(AXM5208),(AXM5202)"
970.0,AXM5110,3.387311015240947,103.4965349898683,9144.0,"(AXM5208),(AXM5234)"
970.0,AXM5111,5.189948010434982,113.93379350585259,9144.0,"(AXM5234),(AXM5202)"
970.0,AXM5114,3.4120179824628516,103.98753384920823,9144.0,"(AXM5234),(AXM5208)"
980.0,AXM1773,1.4102743382663079,107.78588586679187,9144.0
980.0,AXM1793,4.791118994251021,114.25561161324956,9144.0
980.0,AXM1794,1.3405644783067552,104.83253792322627,9144.0
980.0,AXM5110,3.388954435903863,103.52800682708788,9144.0
980.0,AXM5111,5.184795079232732,113.90298863792559,9144.0
980.0,AXM5114,3.413460702229184,104.01813317206873,9144.0
980.0,AXM5115,5.151485188176638,113.70829841713103,9144.0
980.0,AXM5117,5.195823207438671,113.55857842043714,9144.0
980.0,AXM5202,3.2272945190462043,103.98538696912776,9144.0
980.0,AXM5203,2.184687847209864,107.75814089139476,9144.0
980.0,AXM5204,3.2976432690179784,103.73295057299607,9144.0
980.0,AXM5205,2.060854917543042,108.2057487854834,9144.0
980.0,AXM5207,2.2108187105027333,107.66702882638843,9144.0
980.0,AXM5208,3.248674684497992,103.9079039528079,9144.0
980.0,AXM5232,3.1029743133683674,103.96304138702264,9144.0
980.0,AXM5233,1.9855213619828331,108.28831390189835,9144.0
980.0,AXM5234,3.239079047705408,103.94268066479852,9144.0
980.0,AXM5413,1.4073012709201826,107.66803965789701,9144.0
980.0,AXM5414,1.3501357601153385,105.2353102675045,9144.0
980.0,AXM1773,1.4102743382663079,107.78588586679187,9144.0,"(AXM5202),(AXM5208)"
980.0,AXM1793,4.791118994251021,114.25561161324956,9144.0,"(AXM5202),(AXM5234)"
980.0,AXM1794,1.3405644783067552,104.83253792322627,9144.0,"(AXM5208),(AXM5202)"
980.0,AXM5110,3.388954435903863,103.52800682708788,9144.0,"(AXM5208),(AXM5234)"
980.0,AXM5111,5.184795079232732,113.90298863792559,9144.0,"(AXM5234),(AXM5202)"
980.0,AXM5114,3.413460702229184,104.01813317206873,9144.0,"(AXM5234),(AXM5208)"
990.0,AXM1773,1.4094528571571183,107.7515526610161,9144.0
990.0,AXM1793,4.77782995093284,114.22797502928802,9144.0
990.0,AXM1794,1.3411359807428787,104.85744314012571,9144.0
990.0,AXM5110,3.390417395943654,103.5594876479281,9144.0
990.0,AXM5111,5.179620059382533,113.87206839765224,9144.0
990.0,AXM5114,3.4149057641993665,104.04890979908065,9144.0
990.0,AXM5115,5.146239562789664,113.67703465445459,9144.0
990.0,AXM5117,5.189227213513891,113.52715328237608,9144.0
990.0,AXM5202,3.219314928476046,104.0139669625744,9144.0
990.0,AXM5203,2.1935295427071217,107.7264794831064,9144.0
990.0,AXM5204,3.289379880680571,103.76268574404158,9144.0
990.0,AXM5205,2.0693065239162096,108.17548647374693,9144.0
990.0,AXM5207,2.2197591024342715,107.63515585934535,9144.0
990.0,AXM5208,3.2406502685557337,103.93715174636533,9144.0
990.0,AXM5232,3.0967008643759737,103.9923467283086,9144.0
990.0,AXM5233,1.978314203553537,108.25571583004051,9144.0
990.0,AXM5234,3.2311552907327914,103.9710280281728,9144.0
990.0,AXM5413,1.406500472546495,107.63530419441682,9144.0
990.0,AXM5414,1.3507971613855376,105.2638591431714,9144.0
990.0,AXM1773,1.4094528571571183,107.7515526610161,9144.0,"(AXM5202),(AXM5208)"
990.0,AXM1793,4.77782995093284,114.22797502928802,9144.0,"(AXM5202),(AXM5234)"
990.0,AXM1794,1.3411359807428787,104.85744314012571,9144.0,"(AXM5208),(AXM5202)"
990.0,AXM5110,3.390417395943654,103.5594876479281,9144.0,"(AXM5208),(AXM5234)"
990.0,AXM5111,5.179620059382533,113.87206839765224,9144.0,"(AXM5234),(AXM5202)"
990.0,AXM5114,3.4149057641993665,104.04890979908065,9144.0,"(AXM5234),(AXM5208)"
1000.0,AXM1773,1.4086271951575466,107.7172195677605,9144.0
1000.0,AXM1793,4.764465427754962,114.20037565880907,9144.0
1000.0,AXM1794,1.3417226352715077,104.88303975196773,9144.0
1000.0,AXM5110,3.3918863741411753,103.59114379101807,9144.0
1000.0,AXM5111,5.174432612704648,113.84115051051644,9144.0
1000.0,AXM5114,3.4165352140435568,104.07967723418061,9144.0
1000.0,AXM5115,5.140997581804199,113.64577053303411,9144.0
1000.0,AXM5117,5.18267705050049,113.4959574049584,9144.0
1000.0,AXM5202,3.2114035408930754,104.04256574887069,9144.0
1000.0,AXM5203,2.202370553740235,107.69481769589481,9144.0
1000.0,AXM5204,3.2811307774502034,103.79236344220142,9144.0
1000.0,AXM5205,2.077757440813253,108.14522380760306,9144.0
1000.0,AXM5207,2.228535640103004,107.60323712650239,9144.0
1000.0,AXM5208,3.232638679444391,103.96634130660549,9144.0
1000.0,AXM5232,3.0904385617032286,104.02159336268356,9144.0
1000.0,AXM5233,1.971056840034019,108.22289504051152,9144.0
1000.0,AXM5234,3.2233881612217896,103.99941862774881,9144.0
1000.0,AXM5413,1.4057904915429384,107.6025666440351,9144.0
1000.0,AXM5414,1.351406323977831,105.2924091890578,9144.0
1000.0,AXM1773,1.4086271951575466,107.7172195677605,9144.0,"(AXM5202),(AXM5208)"
1000.0,AXM1793,4.764465427754962,114.20037565880907,9144.0,"(AXM5202),(AXM5234)"
1000.0,AXM1794,1.3417226352715077,104.88303975196773,9144.0,"(AXM5208),(AXM5202)"
1000.0,AXM5110,3.3918863741411753,103.59114379101807,9144.0,"(AXM5208),(AXM5234)"
1000.0,AXM5111,5.174432612704648,113.84115051051644,9144.0,"(AXM5234),(AXM5202)"
1000.0,AXM5114,3.4165352140435568,104.07967723418061,9144.0,"(AXM5234),(AXM5208)"
1010.0,AXM1773,1.4077969363926457,107.68271704264767,9144.0
1010.0,AXM1793,4.751125008208763,114.17283093094812,9144.0
1010.0,AXM1794,1.3423210518332138,104.90863609764273,9144.0
1010.0,AXM5110,3.393541006092367,103.62279079526147,9144.0
1010.0,AXM5111,5.169232799404598,113.81017535122609,9144.0
1010.0,AXM5114,3.418149517912826,104.11026810371096,9144.0
1010.0,AXM5115,5.135743050751967,113.61444941864858,9144.0
1010.0,AXM5117,5.176122658131061,113.46476274665173,9144.0
1010.0,AXM5202,3.2034928619945697,104.07110246477797,9144.0
1010.0,AXM5203,2.211210876583596,107.66315552799051,9144.0
1010.0,AXM5204,3.2728685076925403,103.82203722044873,9144.0
1010.0,AXM5205,2.0862075802149493,108.1149607618118,9144.0
1010.0,AXM5207,2.237279809548663,107.57142839516632,9144.0
1010.0,AXM5208,3.224417202078934,103.99547202391308,9144.0
1010.0,AXM5232,3.0841643938392287,104.05083727382569,9144.0
1010.0,AXM5233,1.9637976217231938,108.19007480449874,9144.0
1010.0,AXM5234,3.2156827595457984,104.02757701520468,9144.0
1010.0,AXM5413,1.4050816983143133,107.56994433947924,9144.0
1010.0,AXM5414,1.3520223355236645,105.32132115124055,9144.0
1010.0,AXM1773,1.4077969363926457,107.68271704264767,9144.0,"(AXM5202),(AXM5208)"
1010.0,AXM1793,4.751125008208763,114.17283093094812,9144.0,"(AXM5202),(AXM5234)"
1010.0,AXM1794,1.3423210518332138,104.90863609764273,9144.0,"(AXM5208),(AXM5202)"
1010.0,AXM5110,3.393541006092367,103.62279079526147,9144.0,"(AXM5208),(AXM5234)"
1010.0,AXM5111,5.169232799404598,113.81017535122609,9144.0,"(AXM5234),(AXM5202)"
1010.0,AXM5114,3.418149517912826,104.11026810371096,9144.0,"(AXM5234),(AXM5208)"
1020.0,AXM1773,1.4069661529731254,107.64821454246274,9144.0
1020.0,AXM1793,4.737892301555907,114.14523446601903,9144.0
1020.0,AXM1794,1.342930412663815,104.93473175175778,9144.0
1020.0,AXM5110,3.3951656016851306,103.65391153775553,9144.0
1020.0,AXM5111,5.163950761321008,113.77921447929573,9144.0
1020.0,AXM5114,3.4196876209717897,104.14086296233103,9144.0
1020.0,AXM5115,5.130452008194081,113.58313476086556,9144.0
1020.0,AXM5117,5.169611864651491,113.43355920557221,9144.0
1020.0,AXM5202,3.1956119818952207,104.09964723081694,9144.0
1020.0,AXM5203,2.2200505073890118,107.63149297759021,9144.0
1020.0,AXM5204,3.2646046402764366,103.85171030791832,9144.0
1020.0,AXM5205,2.0946563537091505,108.08469717126411,9144.0
1020.0,AXM5207,2.247410611033902,107.540034184711,9144.0
1020.0,AXM5208,3.2162413551146574,104.02443019835384,9144.0
1020.0,AXM5232,3.07788898248182,104.0800807449772,9144.0
1020.0,AXM5233,1.956511938883886,108.15726058283724,9144.0
1020.0,AXM5234,3.2078495068249877,104.0556997772461,9144.0
1020.0,AXM5413,1.4042045564027132,107.53732614202703,9144.0
1020.0,AXM5414,1.3527191078248986,105.35023128712203,9144.0
1020.0,AXM1773,1.4069661529731254,107.64821454246274,9144.0,"(AXM5202),(AXM5208)"
1020.0,AXM1793,4.737892301555907,114.14523446601903,9144.0,"(AXM5202),(AXM5234)"
1020.0,AXM1794,1.342930412663815,104.93473175175778,9144.0,"(AXM5208),(AXM5202)"
1020.0,AXM5110,3.3951656016851306,103.65391153775553,9144.0,"(AXM5208),(AXM5234)"
1020.0,AXM5111,5.163950761321008,113.77921447929573,9144.0,"(AXM5234),(AXM5202)"
1020.0,AXM5114,3.4196876209717897,104.14086296233103,9144.0,"(AXM5234),(AXM5208)"
1030.0,AXM1773,1.4061348443712263,107.61371206722691,9144.0
1030.0,AXM1793,4.724657909697155,114.11763934232128,9144.0
1030.0,AXM1794,1.3436209412339741,104.96082539047421,9144.0
1030.0,AXM5110,3.3966567066397086,103.68503903342547,9144.0
1030.0,AXM5111,5.158666106276203,113.74825431552642,9144.0
1030.0,AXM5114,3.4212093941851554,104.17122159090833,9144.0
1030.0,AXM5115,5.125177756499469,113.5519363097924,9144.0
1030.0,AXM5117,5.16307442708613,113.40224222852306,9144.0
1030.0,AXM5202,3.1877405701486854,104.12813232431263,9144.0
1030.0,AXM5203,2.22888944216211,107.59983004285024,9144.0
1030.0,AXM5204,3.2563773090281716,103.88139333657921,9144.0
1030.0,AXM5205,2.103084632316081,108.0544276957519,9144.0
1030.0,AXM5207,2.2574523559852464,107.50891336042436,9144.0
1030.0,AXM5208,3.2082497175356166,104.05343968469785,9144.0
1030.0,AXM5232,3.071644528668968,104.10933069014571,9144.0
1030.0,AXM5233,1.9532854046139692,108.12380181289907,9144.0
1030.0,AXM5234,3.199966844569416,104.08399552208904,9144.0
1030.0,AXM5413,1.4033218158207765,107.50453525003616,9144.0
1030.0,AXM5414,1.3534237845883574,105.3795017763543,9144.0
1030.0,AXM1773,1.4061348443712263,107.61371206722691,9144.0,"(AXM5202),(AXM5208)"
1030.0,AXM1793,4.724657909697155,114.11763934232128,9144.0,"(AXM5202),(AXM5234)"
1030.0,AXM1794,1.3436209412339741,104.96082539047421,9144.0,"(AXM5208),(AXM5202)"
1030.0,AXM5110,3.3966567066397086,103.68503903342547,9144.0,"(AXM5208),(AXM5234)"
1030.0,AXM5111,5.158666106276203,113.74825431552642,9144.0,"(AXM5234),(AXM5202)"
1030.0,AXM5114,3.4212093941851554,104.17122159090833,9144.0,"(AXM5234),(AXM5208)"
1040.0,AXM1773,1.4053030099554205,107.57920961696392,9144.0
1040.0,AXM1793,4.711342278732911,114.09008412337731,9144.0
1040.0,AXM1794,1.3443188635375238,104.98722959441349,9144.0
1040.0,AXM5110,3.398128569728316,103.715813849411,9144.0
1040.0,AXM5111,5.153480417597452,113.71727753834155,9144.0
1040.0,AXM5114,3.4227293278849213,104.20158036012421,9144.0
1040.0,AXM5115,5.1199345998166415,113.52073283171035,9144.0
1040.0,AXM5117,5.156464073738398,113.37094101244074,9144.0
1040.0,AXM5202,3.1797400905004225,104.15658110413075,9144.0
1040.0,AXM5203,2.237727676732273,107.56816672187816,9144.0
1040.0,AXM5204,3.2481486193103204,103.91107574522061,9144.0
1040.0,AXM5205,2.111637478309509,108.0237083416977,9144.0
1040.0,AXM5207,2.2674934072694715,107.47779209649715,9144.0
1040.0,AXM5208,3.2002393569821184,104.08250544629634,9144.0
1040.0,AXM5232,3.0653864270330695,104.13863846007501,9144.0
1040.0,AXM5233,1.9541608309333964,108.09014200795453,9144.0
1040.0,AXM5234,3.1920813146975,104.11229024796678,9144.0
1040.0,AXM5413,1.402577825848573,107.47174092493512,9144.0
1040.0,AXM5414,1.3541159425807339,105.40877257281613,9144.0
1040.0,AXM1773,1.4053030099554205,107.57920961696392,9144.0,"(AXM5202),(AXM5208)"
1040.0,AXM1793,4.711342278732911,114.09008412337731,9144.0,"(AXM5202),(AXM5234)"
1040.0,AXM1794,1.3443188635375238,104.98722959441349,9144.0,"(AXM5208),(AXM5202)"
1040.0,AXM5110,3.398128569728316,103.715813849411,9144.0,"(AXM5208),(AXM5234)"
1040.0,AXM5111,5.153480417597452,113.71727753834155,9144.0,"(AXM5234),(AXM5202)"
1040.0,AXM5114,3.4227293278849213,104.20158036012421,9144.0,"(AXM5234),(AXM5208)"
1050.0,AXM1773,1.404470648969555,107.54470719170052,9144.0
1050.0,AXM1793,4.697999224485862,114.06247694581134,9144.0
1050.0,AXM1794,1.3449353165910314,105.01363583378989,9144.0
1050.0,AXM5110,3.3996898747394293,103.74658429163644,9144.0
1050.0,AXM5111,5.148282439476861,113.68624351667967,9144.0
1050.0,AXM5114,3.4242456256361065,104.23193935987176,9144.0
1050.0,AXM5115,5.114698494473961,113.48958786869743,9144.0
1050.0,AXM5117,5.149838804986554,113.33958364769079,9144.0
1050.0,AXM5202,3.17174966510135,104.18497029850953,9144.0
1050.0,AXM5203,2.2465652067137243,107.53650301272188,9144.0
1050.0,AXM5204,3.239924212712504,103.94075910323407,9144.0
1050.0,AXM5205,2.120189708703816,107.99298864661034,9144.0
1050.0,AXM5207,2.277533758475392,107.44667038992809,9144.0
1050.0,AXM5208,3.19215624180219,104.11155076725564,9144.0
1050.0,AXM5232,3.059142640644614,104.16794912096788,9144.0
1050.0,AXM5233,1.957252661126036,108.05689985603671,9144.0
1050.0,AXM5234,3.184173147094964,104.14057841797947,9144.0
1050.0,AXM5413,1.4018370469630637,107.43911937671588,9144.0
1050.0,AXM5414,1.3548172018506006,105.43846185453836,9144.0
1050.0,AXM1773,1.404470648969555,107.54470719170052,9144.0,"(AXM5202),(AXM5208)"
1050.0,AXM1793,4.697999224485862,114.06247694581134,9144.0,"(AXM5202),(AXM5234)"
1050.0,AXM1794,1.3449353165910314,105.01363583378989,9144.0,"(AXM5208),(AXM5202)"
1050.0,AXM5110,3.3996898747394293,103.74658429163644,9144.0,"(AXM5208),(AXM5234)"
1050.0,AXM5111,5.148282439476861,113.68624351667967,9144.0,"(AXM5234),(AXM5202)"
1050.0,AXM5114,3.4242456256361065,104.23193935987176,9144.0,"(AXM5234),(AXM5208)"
1060.0,AXM1773,1.4036377605060162,107.51020479146716,9144.0
1060.0,AXM1793,4.684636659856445,114.03487979840746,9144.0
1060.0,AXM1794,1.345553839565067,105.04016600354478,9144.0
1060.0,AXM5110,3.401249131012938,103.77735488787123,9144.0
1060.0,AXM5111,5.143030030434284,113.65521899142503,9144.0
1060.0,AXM5114,3.4257151521434617,104.26230071435954,9144.0
1060.0,AXM5115,5.109400016500795,113.45845379814781,9144.0
1060.0,AXM5117,5.143315443584354,113.30820507289859,9144.0
1060.0,AXM5202,3.164235582048987,104.21348946193362,9144.0
1060.0,AXM5203,2.255402027454262,107.5048389133554,9144.0
1060.0,AXM5204,3.2316356453333057,103.97066890773776,9144.0
1060.0,AXM5205,2.1287413205923347,107.96226860901702,9144.0
1060.0,AXM5207,2.2875734023391607,107.4155482374411,9144.0
1060.0,AXM5208,3.184086392980155,104.14053784343491,9144.0
1060.0,AXM5232,3.0528976382147563,104.19725935149246,9144.0
1060.0,AXM5233,1.960343438005888,108.02365754472353,9144.0
1060.0,AXM5234,3.1761642217299593,104.16921102709459,9144.0
1060.0,AXM5413,1.4010544383022885,107.40649881669728,9144.0
1060.0,AXM5414,1.3555678749993767,105.46814993648722,9144.0
1060.0,AXM1773,1.4036377605060162,107.51020479146716,9144.0,"(AXM5202),(AXM5208)"
1060.0,AXM1793,4.684636659856445,114.03487979840746,9144.0,"(AXM5202),(AXM5234)"
1060.0,AXM1794,1.345553839565067,105.04016600354478,9144.0,"(AXM5208),(AXM5202)"
1060.0,AXM5110,3.401249131012938,103.77735488787123,9144.0,"(AXM5208),(AXM5234)"
1060.0,AXM5111,5.143030030434284,113.65521899142503,9144.0,"(AXM5234),(AXM5202)"
1060.0,AXM5114,3.4257151521434617,104.26230071435954,9144.0,"(AXM5234),(AXM5208)"
1070.0,AXM1773,1.402804343470605,107.47570241629884,9144.0
1070.0,AXM1793,4.671246758371684,114.00723069885409,9144.0
1070.0,AXM1794,1.3461174928444104,105.06669740256632,9144.0
1070.0,AXM5110,3.4029107488147035,103.80812016046958,9144.0
1070.0,AXM5111,5.137775093143048,113.62419515374071,9144.0
1070.0,AXM5114,3.4271812562046993,104.2926622814138,9144.0
1070.0,AXM5115,5.104089092696983,113.4272626464769,9144.0
1070.0,AXM5117,5.13680123106463,113.27688451152045,9144.0
1070.0,AXM5202,3.1567011193330363,104.24206495164832,9144.0
1070.0,AXM5203,2.264238133966297,107.47317442165955,9144.0
1070.0,AXM5204,3.2233398687636043,104.00057646294694,9144.0
1070.0,AXM5205,2.137292311033268,107.93154822743544,9144.0
1070.0,AXM5207,2.297612330382288,107.38442563536852,9144.0
1070.0,AXM5208,3.1760272601985577,104.16952768344048,9144.0
1070.0,AXM5232,3.0465864113005736,104.22655518130989,9144.0
1070.0,AXM5233,1.96730685893212,107.9910066917208,9144.0
1070.0,AXM5234,3.168374198981637,104.19790393523722,9144.0
1070.0,AXM5413,1.400269823456765,107.37382066311729,9144.0
1070.0,AXM5414,1.3563192798578978,105.49789765659455,9144.0
1070.0,AXM1773,1.402804343470605,107.47570241629884,9144.0,"(AXM5202),(AXM5208)"
1070.0,AXM1793,4.671246758371684,114.00723069885409,9144.0,"(AXM5202),(AXM5234)"
1070.0,AXM1794,1.3461174928444104,105.06669740256632,9144.0,"(AXM5208),(AXM5202)"
1070.0,AXM5110,3.4029107488147035,103.80812016046958,9144.0,"(AXM5208),(AXM5234)"
1070.0,AXM5111,5.137775093143048,113.62419515374071,9144.0,"(AXM5234),(AXM5202)"
1070.0,AXM5114,3.4271812562046993,104.2926622814138,9144.0,"(AXM5234),(AXM5208)"
1080.0,AXM1773,1.4019703965356611,107.44120006623629,9144.0
1080.0,AXM1793,4.657885679659803,113.9795680928443,9144.0
1080.0,AXM1794,1.3466882769849475,105.09359946511779,9144.0
1080.0,AXM5110,3.40455110889873,103.83853141164106,9144.0
1080.0,AXM5111,5.132551641338536,113.59316621059276,9144.0
1080.0,AXM5114,3.428705512016901,104.32302102270937,9144.0
1080.0,AXM5115,5.098823783936648,113.39606395650684,9144.0
1080.0,AXM5117,5.130188117448555,113.24558517526398,9144.0
1080.0,AXM5202,3.1487713104497383,104.27053272149853,9144.0
1080.0,AXM5203,2.273073520831856,107.44150953539547,9144.0
1080.0,AXM5204,3.215042668654496,104.03048337841246,9144.0
1080.0,AXM5205,2.145842677045305,107.90082750037273,9144.0
1080.0,AXM5207,2.3076505323110044,107.35330257945719,9144.0
1080.0,AXM5208,3.167980963478226,104.1984591195445,9144.0
1080.0,AXM5232,3.040273994080457,104.25585058234454,9144.0
1080.0,AXM5233,1.9742454219829346,107.95846741764177,9144.0
1080.0,AXM5234,3.160534645049775,104.22676861823818,9144.0
1080.0,AXM5413,1.3994840903020678,107.34114254737476,9144.0
1080.0,AXM5414,1.3569980167547337,105.5276471327566,9144.0
1080.0,AXM1773,1.4019703965356611,107.44120006623629,9144.0,"(AXM5202),(AXM5208)"
1080.0,AXM1793,4.657885679659803,113.9795680928443,9144.0,"(AXM5202),(AXM5234)"
1080.0,AXM1794,1.3466882769849475,105.09359946511779,9144.0,"(AXM5208),(AXM5202)"
1080.0,AXM5110,3.40455110889873,103.83853141164106,9144.0,"(AXM5208),(AXM5234)"
1080.0,AXM5111,5.132551641338536,113.59316621059276,9144.0,"(AXM5234),(AXM5202)"
1080.0,AXM5114,3.428705512016901,104.32302102270937,9144.0,"(AXM5234),(AXM5208)"
1090.0,AXM1773,1.4011359180760656,107.40669774132746,9144.0
1090.0,AXM1793,4.644523003642441,113.95190678837692,9144.0
1090.0,AXM1794,1.3473407502590222,105.1204996765481,9144.0
1090.0,AXM5110,3.4060872385399166,103.86894817360626,9144.0
1090.0,AXM5111,5.127325703221884,113.5621379435436,9144.0
1090.0,AXM5114,3.430217427805161,104.35320217423667,9144.0
1090.0,AXM5115,5.093556341309059,113.36486588539209,9144.0
1090.0,AXM5117,5.123572354952183,113.21428672755381,9144.0
1090.0,AXM5202,3.140853089256656,104.29894135676163,9144.0
1090.0,AXM5203,2.2819081820679807,107.40984425216708,9144.0
1090.0,AXM5204,3.2067731241716055,104.06027556215341,9144.0
1090.0,AXM5205,2.1543924156024774,107.87010642632386,9144.0
1090.0,AXM5207,2.3176879949414477,107.32217906452156,9144.0
1090.0,AXM5208,3.160262392838942,104.22747976455118,9144.0
1090.0,AXM5232,3.0339961232642905,104.28515325652918,9144.0
1090.0,AXM5233,1.980399333786505,107.92577036089752,9144.0
1090.0,AXM5234,3.15277628487497,104.25565508179241,9144.0
1090.0,AXM5413,1.3986790289678028,107.30846491358542,9144.0
1090.0,AXM5414,1.3576786921127186,105.55751573560798,9144.0
1090.0,AXM1773,1.4011359180760656,107.40669774132746,9144.0,"(AXM5202),(AXM5208)"
1090.0,AXM1793,4.644523003642441,113.95190678837692,9144.0,"(AXM5202),(AXM5234)"
1090.0,AXM1794,1.3473407502590222,105.1204996765481,9144.0,"(AXM5208),(AXM5202)"
1090.0,AXM5110,3.4060872385399166,103.86894817360626,9144.0,"(AXM5208),(AXM5234)"
1090.0,AXM5111,5.127325703221884,113.5621379435436,9144.0,"(AXM5234),(AXM5202)"
1090.0,AXM5114,3.430217427805161,104.35320217423667,9144.0,"(AXM5234),(AXM5208)"
1100.0,AXM1773,1.4003009060795233,107.37219544162983,9144.0
1100.0,AXM1793,4.631189261300608,113.92423195559691,9144.0
1100.0,AXM1794,1.3480044663380737,105.14789154383628,9144.0
1100.0,AXM5110,3.4076212155989603,103.89936509307027,9144.0
1100.0,AXM5111,5.122059073139718,113.5311168686193,9144.0
1100.0,AXM5114,3.4318480278066037,104.38337717560704,9144.0
1100.0,AXM5115,5.0882828962290745,113.33366909217523,9144.0
1100.0,AXM5117,5.116985587186667,113.18298243837373,9144.0
1100.0,AXM5202,3.1332397718623874,104.3274332611915,9144.0
1100.0,AXM5203,2.2907421109294726,107.37817856936603,9144.0
1100.0,AXM5204,3.198529214659639,104.0900746320104,9144.0
1100.0,AXM5205,2.1629415236280813,107.83938500377008,9144.0
1100.0,AXM5207,2.327724700067711,107.29105508375542,9144.0
1100.0,AXM5208,3.152571492025448,104.256384311028,9144.0
1100.0,AXM5232,3.0276921518748847,104.3145718754009,9144.0
1100.0,AXM5233,1.98656297092109,107.89301676690684,9144.0
1100.0,AXM5234,3.14506233697365,104.28436795441215,9144.0
1100.0,AXM5413,1.3978659373172313,107.2754997874613,9144.0
1100.0,AXM5414,1.3584318165092877,105.58738260783245,9144.0
1100.0,AXM1773,1.4003009060795233,107.37219544162983,9144.0,"(AXM5202),(AXM5208)"
1100.0,AXM1793,4.631189261300608,113.92423195559691,9144.0,"(AXM5202),(AXM5234)"
1100.0,AXM1794,1.3480044663380737,105.14789154383628,9144.0,"(AXM5208),(AXM5202)"
1100.0,AXM5110,3.4076212155989603,103.89936509307027,9144.0,"(AXM5208),(AXM5234)"
1100.0,AXM5111,5.122059073139718,113.5311168686193,9144.0,"(AXM5234),(AXM5202)"
1100.0,AXM5114,3.4318480278066037,104.38337717560704,9144.0,"(AXM5234),(AXM5208)"
1110.0,AXM1773,1.3994653580167626,107.33769316721346,9144.0
1110.0,AXM1793,4.617853982446451,113.89655838901932,9144.0
1110.0,AXM1794,1.3486984004762754,105.17528266964423,9144.0
1110.0,AXM5110,3.4090778322859654,103.92978587487774,9144.0
1110.0,AXM5111,5.116799793645283,113.5001543831956,9144.0
1110.0,AXM5114,3.433472619367162,104.41355255354956,9144.0
1110.0,AXM5115,5.082992975511367,113.30247536686772,9144.0
1110.0,AXM5117,5.110396153120378,113.15167903700183,9144.0
1110.0,AXM5202,3.1256374327112537,104.35586588179159,9144.0
1110.0,AXM5203,2.299575299607736,107.34651248408764,9144.0
1110.0,AXM5204,3.190329451783463,104.11970216166087,9144.0
1110.0,AXM5205,2.1714899979874493,107.80866323117684,9144.0
1110.0,AXM5207,2.3377606195492335,107.25993062714596,9144.0
1110.0,AXM5208,3.1446632088732995,104.28522974217006,9144.0
1110.0,AXM5232,3.0213611855455405,104.34398450876176,9144.0
1110.0,AXM5233,1.9927252299718412,107.86026279092434,9144.0
1110.0,AXM5234,3.137186249788941,104.31303642603292,9144.0
1110.0,AXM5413,1.3970882187704547,107.24253381824983,9144.0
1110.0,AXM5414,1.3591826959129223,105.6171899820776,9144.0
1110.0,AXM1773,1.3994653580167626,107.33769316721346,9144.0,"(AXM5202),(AXM5208)"
1110.0,AXM1793,4.617853982446451,113.89655838901932,9144.0,"(AXM5202),(AXM5234)"
1110.0,AXM1794,1.3486984004762754,105.17528266964423,9144.0,"(AXM5208),(AXM5202)"
1110.0,AXM5110,3.4090778322859654,103.92978587487774,9144.0,"(AXM5208),(AXM5234)"
1110.0,AXM5111,5.116799793645283,113.5001543831956,9144.0,"(AXM5234),(AXM5202)"
1110.0,AXM5114,3.433472619367162,104.41355255354956,9144.0,"(AXM5234),(AXM5208)"
1120.0,AXM1773,1.3986292706464498,107.30319091816587,9144.0
1120.0,AXM1793,4.604489750682118,113.86889940438995,9144.0
1120.0,AXM1794,1.3494040435345176,105.20316258669254,9144.0
1120.0,AXM5110,3.4105295424909823,103.96014760888765,9144.0
1120.0,AXM5111,5.111588561194497,113.46918396184026,9144.0
1120.0,AXM5114,3.43485762467076,104.44373996369674,9144.0
1120.0,AXM5115,5.077709083806417,113.27134033271803,9144.0
1120.0,AXM5117,5.103833391745336,113.12037030853581,9144.0
1120.0,AXM5202,3.1177057585862307,104.38420791128868,9144.0
1120.0,AXM5203,2.3084077387469373,107.31484599299588,9144.0
1120.0,AXM5204,3.1820337013119318,104.14930263640608,9144.0
1120.0,AXM5205,2.1800378354792795,107.7779411069914,9144.0
1120.0,AXM5207,2.3477957008906944,107.22880567681837,9144.0
1120.0,AXM5208,3.136783525161081,104.31395912860256,9144.0
1120.0,AXM5232,3.015243274500242,104.37344215493546,9144.0
1120.0,AXM5233,2.0004553654530515,107.8278432766988,9144.0
1120.0,AXM5234,3.129355376073274,104.34153112282449,9144.0
1120.0,AXM5413,1.3963068637837028,107.2094531307106,9144.0
1120.0,AXM5414,1.3598552213930382,105.64699923645605,9144.0
1120.0,AXM1773,1.3986292706464498,107.30319091816587,9144.0,"(AXM5202),(AXM5208)"
1120.0,AXM1793,4.604489750682118,113.86889940438995,9144.0,"(AXM5202),(AXM5234)"
1120.0,AXM1794,1.3494040435345176,105.20316258669254,9144.0,"(AXM5208),(AXM5202)"
1120.0,AXM5110,3.4105295424909823,103.96014760888765,9144.0,"(AXM5208),(AXM5234)"
1120.0,AXM5111,5.111588561194497,113.46918396184026,9144.0,"(AXM5234),(AXM5202)"
1120.0,AXM5114,3.43485762467076,104.44373996369674,9144.0,"(AXM5234),(AXM5208)"
1130.0,AXM1773,1.3977926397078706,107.26868869459949,9144.0
1130.0,AXM1793,4.591124012993546,113.84124167102456,9144.0
1130.0,AXM1794,1.3500707182254952,105.23104347095942,9144.0
1130.0,AXM5110,3.4121709272277525,103.9904996973409,9144.0
1130.0,AXM5111,5.106374920773464,113.43821420095568,9144.0
1130.0,AXM5114,3.4362238544152324,104.47357071587652,9144.0
1130.0,AXM5115,5.072480334843404,113.24019616951347,9144.0
1130.0,AXM5117,5.0972681057893645,113.08906243379383,9144.0
1130.0,AXM5202,3.1097866953108175,104.41249100470463,9144.0
1130.0,AXM5203,2.317239416614184,107.2831790920918,9144.0
1130.0,AXM5204,3.1737354133986866,104.17890215967898,9144.0
1130.0,AXM5205,2.1885850328251495,107.74721862963996,9144.0
1130.0,AXM5207,2.357829798754756,107.19768018492472,9144.0
1130.0,AXM5208,3.1289066859031793,104.34268908120218,9144.0
1130.0,AXM5232,3.0091338980401843,104.40284065460312,9144.0
1130.0,AXM5233,2.008224626691331,107.79525662892718,9144.0
1130.0,AXM5234,3.121662906696726,104.37006339803435,9144.0
1130.0,AXM5413,1.3954918277226198,107.17637326781295,9144.0
1130.0,AXM5414,1.3605270208942661,105.67680851551269,9144.0
1130.0,AXM1773,1.3977926397078706,107.26868869459949,9144.0,"(AXM5202),(AXM5208)"
1130.0,AXM1793,4.591124012993546,113.84124167102456,9144.0,"(AXM5202),(AXM5234)"
1130.0,AXM1794,1.3500707182254952,105.23104347095942,9144.0,"(AXM5208),(AXM5202)"
1130.0,AXM5110,3.4121709272277525,103.9904996973409,9144.0,"(AXM5208),(AXM5234)"
1130.0,AXM5111,5.106374920773464,113.43821420095568,9144.0,"(AXM5234),(AXM5202)"
1130.0,AXM5114,3.4362238544152324,104.47357071587652,9144.0,"(AXM5234),(AXM5208)"
1140.0,AXM1773,1.3969554594071125,107.23418649666426,9144.0
1140.0,AXM1793,4.5777575288353285,113.8135848180936,9144.0
1140.0,AXM1794,1.3507455871349032,105.2592891118142,9144.0
1140.0,AXM5110,3.413800684888945,104.02067417590374,9144.0
1140.0,AXM5111,5.101121665607063,113.40725144213921,9144.0
1140.0,AXM5114,3.437771212586594,104.50339263775125,9144.0
1140.0,AXM5115,5.067247962258234,113.20905287200539,9144.0
1140.0,AXM5117,5.090658027993125,113.05776438228119,9144.0
1140.0,AXM5202,3.1020865224001253,104.44083444571149,9144.0
1140.0,AXM5203,2.3260703175471584,107.2515117762802,9144.0
1140.0,AXM5204,3.1656947740319596,104.20857269621814,9144.0
1140.0,AXM5205,2.1971315866567065,107.716495797524,9144.0
1140.0,AXM5207,2.3669747214345134,107.16628127330961,9144.0
1140.0,AXM5208,3.1210752084909164,104.37124543317826,9144.0
1140.0,AXM5232,3.0027740017937203,104.43218565949476,9144.0
1140.0,AXM5233,2.0159932299125862,107.76266966885805,9144.0
1140.0,AXM5234,3.1139836771457308,104.39853703309237,9144.0
1140.0,AXM5413,1.3946733737928723,107.14317883176832,9144.0
1140.0,AXM5414,1.3612682034083083,105.70661615835354,9144.0
1140.0,AXM1773,1.3969554594071125,107.23418649666426,9144.0,"(AXM5202),(AXM5208)"
1140.0,AXM1793,4.5777575288353285,113.8135848180936,9144.0,"(AXM5202),(AXM5234)"
1140.0,AXM1794,1.3507455871349032,105.2592891118142,9144.0,"(AXM5208),(AXM5202)"
1140.0,AXM5110,3.413800684888945,104.02067417590374,9144.0,"(AXM5208),(AXM5234)"
1140.0,AXM5111,5.101121665607063,113.40725144213921,9144.0,"(AXM5234),(AXM5202)"
1140.0,AXM5114,3.437771212586594,104.50339263775125,9144.0,"(AXM5234),(AXM5208)"
1150.0,AXM1773,1.3961177214882872,107.19968432457031,9144.0
1150.0,AXM1793,4.564389525948708,113.78592921979822,9144.0
1150.0,AXM1794,1.3514377529602521,105.28753434191216,9144.0
1150.0,AXM5110,3.4151911472696064,104.05086071415413,9144.0
1150.0,AXM5111,5.095876437115585,113.37634719323414,9144.0
1150.0,AXM5114,3.4393224576502988,104.53333379613866,9144.0
1150.0,AXM5115,5.061975868058112,113.17791658075777,9144.0
1150.0,AXM5117,5.084045472983692,113.02646717976918,9144.0
1150.0,AXM5202,3.0943990304968856,104.46911896131232,9144.0
1150.0,AXM5203,2.33490041867396,107.21984403845408,9144.0
1150.0,AXM5204,3.157620908168631,104.23835619998718,9144.0
1150.0,AXM5205,2.2056774934998624,107.68577260901603,9144.0
1150.0,AXM5207,2.376134842519908,107.13482655878771,9144.0
1150.0,AXM5208,3.113202758784398,104.39979026993487,9144.0
1150.0,AXM5232,2.9963986763884662,104.46158800966636,9144.0
1150.0,AXM5233,2.023761172204661,107.73008239522166,9144.0
1150.0,AXM5234,3.1059733530194293,104.42691881518725,9144.0
1150.0,AXM5413,1.3938541671468794,107.10998442585414,9144.0
1150.0,AXM5414,1.3620175595863286,105.73678036450438,9144.0
1150.0,AXM1773,1.3961177214882872,107.19968432457031,9144.0,"(AXM5202),(AXM5208)"
1150.0,AXM1793,4.564389525948708,113.78592921979822,9144.0,"(AXM5202),(AXM5234)"
1150.0,AXM1794,1.3514377529602521,105.28753434191216,9144.0,"(AXM5208),(AXM5202)"
1150.0,AXM5110,3.4151911472696064,104.05086071415413,9144.0,"(AXM5208),(AXM5234)"
1150.0,AXM5111,5.095876437115585,113.37634719323414,9144.0,"(AXM5234),(AXM5202)"
1150.0,AXM5114,3.4393224576502988,104.53333379613866,9144.0,"(AXM5234),(AXM5208)"
1160.0,AXM1773,1.3952794133649102,107.16518217863364,9144.0
1160.0,AXM1793,4.551000875965114,113.75828418992958,9144.0
1160.0,AXM1794,1.3521412372555313,105.31626346171635,9144.0
1160.0,AXM5110,3.4165686553633874,104.08080968679035,9144.0
1160.0,AXM5111,5.09062914294721,113.34544355004284,9144.0
1160.0,AXM5114,3.4409441819801256,104.5632712572736,9144.0
1160.0,AXM5115,5.056711636807916,113.14683870238035,9144.0
1160.0,AXM5117,5.077459963139216,112.99516455004735,9144.0
1160.0,AXM5202,3.0864653079786737,104.4973349896704,9144.0
1160.0,AXM5203,2.3437296815746413,107.18817586716712,9144.0
1160.0,AXM5204,3.1495791092838625,104.26814817412257,9144.0
1160.0,AXM5205,2.214222749755053,107.65504906245395,9144.0
1160.0,AXM5207,2.385293688424666,107.1033712632537,9144.0
1160.0,AXM5208,3.1053761182368516,104.42816123866781,9144.0
1160.0,AXM5232,2.990081789325515,104.4910028352423,9144.0
1160.0,AXM5233,2.031528450627471,107.69749480674193,9144.0
1160.0,AXM5234,3.0979606731386875,104.45529971525194,9144.0
1160.0,AXM5413,1.393052088400881,107.07678961271709,9144.0
1160.0,AXM5414,1.362746979288801,105.76694506874531,9144.0
1160.0,AXM1773,1.3952794133649102,107.16518217863364,9144.0,"(AXM5202),(AXM5208)"
1160.0,AXM1793,4.551000875965114,113.75828418992958,9144.0,"(AXM5202),(AXM5234)"
1160.0,AXM1794,1.3521412372555313,105.31626346171635,9144.0,"(AXM5208),(AXM5202)"
1160.0,AXM5110,3.4165686553633874,104.08080968679035,9144.0,"(AXM5208),(AXM5234)"
1160.0,AXM5111,5.09062914294721,113.34544355004284,9144.0,"(AXM5234),(AXM5202)"
1160.0,AXM5114,3.4409441819801256,104.5632712572736,9144.0,"(AXM5234),(AXM5208)"
1170.0,AXM1773,1.3944405137200724,107.13068005938355,9144.0
1170.0,AXM1793,4.537636533826368,113.73069361890654,9144.0
1170.0,AXM1794,1.3528547180736195,105.34499234330649,9144.0
1170.0,AXM5110,3.4181375134689893,104.11074926087915,9144.0
1170.0,AXM5111,5.0853770430525955,113.31454098192191,9144.0
1170.0,AXM5114,3.4425665265050585,104.59326837567505,9144.0
1170.0,AXM5115,5.051444780042088,113.11576152498232,9144.0
1170.0,AXM5117,5.070859970711488,112.9638056781581,9144.0
1170.0,AXM5202,3.07836716875224,104.52612572651057,9144.0
1170.0,AXM5203,2.352558023016362,107.15650723846439,9144.0
1170.0,AXM5204,3.1415659684393122,104.29782548316217,9144.0
1170.0,AXM5205,2.2227673516722626,107.62432515613425,9144.0
1170.0,AXM5207,2.394580410571926,107.0719533363776,9144.0
1170.0,AXM5208,3.0975936882664294,104.45654419351683,9144.0
1170.0,AXM5232,2.983737548061488,104.5205331613757,9144.0
1170.0,AXM5233,2.039295062209889,107.66490690213575,9144.0
1170.0,AXM5234,3.090219389910103,104.48375585268401,9144.0
1170.0,AXM5413,1.3922590088361413,107.04399658281221,9144.0
1170.0,AXM5414,1.3634857220565944,105.79752389046486,9144.0
1170.0,AXM1773,1.3944405137200724,107.13068005938355,9144.0,"(AXM5202),(AXM5208)"
1170.0,AXM1793,4.537636533826368,113.73069361890654,9144.0,"(AXM5202),(AXM5234)"
1170.0,AXM1794,1.3528547180736195,105.34499234330649,9144.0,"(AXM5208),(AXM5202)"
1170.0,AXM5110,3.4181375134689893,104.11074926087915,9144.0,"(AXM5208),(AXM5234)"
1170.0,AXM5111,5.0853770430525955,113.31454098192191,9144.0,"(AXM5234),(AXM5202)"
1170.0,AXM5114,3.4425665265050585,104.59326837567505,9144.0,"(AXM5234),(AXM5208)"
1180.0,AXM1773,1.3936009790948427,107.09617796789016,9144.0
1180.0,AXM1793,4.524254254246396,113.70311230891872,9144.0
1180.0,AXM1794,1.3535706626223225,105.37384178080413,9144.0
1180.0,AXM5110,3.4196885563234325,104.14039102811421,9144.0
1180.0,AXM5111,5.080222135253906,113.28362217041042,9144.0
1180.0,AXM5114,3.444045555558713,104.62327297519425,9144.0
1180.0,AXM5115,5.046174433652193,113.08468519636428,9144.0
1180.0,AXM5117,5.064239791912318,112.93245141637777,9144.0
1180.0,AXM5202,3.0705858074892833,104.55500373173594,9144.0
1180.0,AXM5203,2.3613850885740932,107.1248380526882,9144.0
1180.0,AXM5204,3.133427515307997,104.32746833893383,9144.0
1180.0,AXM5205,2.2313112953189536,107.59360088830299,9144.0
1180.0,AXM5207,2.403800483202872,107.04075610328997,9144.0
1180.0,AXM5208,3.0898733431525076,104.48469506958176,9144.0
1180.0,AXM5232,2.979155258463417,104.55038842991556,9144.0
1180.0,AXM5233,2.047061003946152,107.63231868011216,9144.0
1180.0,AXM5234,3.082476763006738,104.51221141614253,9144.0
1180.0,AXM5413,1.3914643195850505,107.01120360295049,9144.0
1180.0,AXM5414,1.364191847313999,105.8281034921824,9144.0
1180.0,AXM1773,1.3936009790948427,107.09617796789016,9144.0,"(AXM5202),(AXM5208)"
1180.0,AXM1793,4.524254254246396,113.70311230891872,9144.0,"(AXM5202),(AXM5234)"
1180.0,AXM1794,1.3535706626223225,105.37384178080413,9144.0,"(AXM5208),(AXM5202)"
1180.0,AXM5110,3.4196885563234325,104.14039102811421,9144.0,"(AXM5208),(AXM5234)"
1180.0,AXM5111,5.080222135253906,113.28362217041042,9144.0,"(AXM5234),(AXM5202)"
1180.0,AXM5114,3.444045555558713,104.62327297519425,9144.0,"(AXM5234),(AXM5208)"
1190.0,AXM1773,1.3927606741802723,107.06167590746618,9144.0
1190.0,AXM1793,4.511003954519325,113.67546745943142,9144.0
1190.0,AXM1794,1.3542970431075758,105.40311174972267,9144.0
1190.0,AXM5110,3.4211293195552956,104.17003842463146,9144.0
1190.0,AXM5111,5.0750730071746455,113.25276227413082,9144.0
1190.0,AXM5114,3.4455197945492007,104.65321823285974,9144.0
1190.0,AXM5115,5.040911305998536,113.05366742885542,9144.0
1190.0,AXM5117,5.057629279470673,112.90115505935412,9144.0
1190.0,AXM5202,3.0627556920302816,104.58405332868819,9144.0
1190.0,AXM5203,2.37017277165375,107.09315769696134,9144.0
1190.0,AXM5204,3.125224634265978,104.35733772646981,9144.0
1190.0,AXM5205,2.2398545765381868,107.56287625714423,9144.0
1190.0,AXM5207,2.41314460218879,107.00959565087705,9144.0
1190.0,AXM5208,3.0820550071054473,104.51281860241711,9144.0
1190.0,AXM5232,2.9752312551619413,104.58027756587035,9144.0
1190.0,AXM5233,2.054826272791696,107.59973013937127,9144.0
1190.0,AXM5234,3.0746810495714176,104.5406522316114,9144.0
1190.0,AXM5413,1.3906731273053718,106.97858339413791,9144.0
1190.0,AXM5414,1.3648863280898798,105.8582096948946,9144.0
1190.0,AXM1773,1.3927606741802723,107.06167590746618,9144.0,"(AXM5202),(AXM5208)"
1190.0,AXM1793,4.511003954519325,113.67546745943142,9144.0,"(AXM5202),(AXM5234)"
1190.0,AXM1794,1.3542970431075758,105.40311174972267,9144.0,"(AXM5208),(AXM5202)"
1190.0,AXM5110,3.4211293195552956,104.17003842463146,9144.0,"(AXM5208),(AXM5234)"
1190.0,AXM5111,5.0750730071746455,113.25276227413082,9144.0,"(AXM5234),(AXM5202)"
1190.0,AXM5114,3.4455197945492007,104.65321823285974,9144.0,"(AXM5234),(AXM5208)"
1200.0,AXM1773,1.3919256511443547,107.02717373095138,9144.0
1200.0,AXM1793,4.49774459068769,113.6478274871987,9144.0
1200.0,AXM5110,3.42257091699368,104.19974565590533,9144.0
1200.0,AXM5111,5.069722580999922,113.22193716688868,9144.0
1200.0,AXM5114,3.4471196148073218,104.68315707097011,9144.0
1200.0,AXM5115,5.03567286506457,113.02264570012319,9144.0
1200.0,AXM5117,5.051099052278478,112.86984203544989,9144.0
1200.0,AXM5202,3.0547619340126664,104.61305797774092,9144.0
1200.0,AXM5203,2.379051749879738,107.06114492883837,9144.0
1200.0,AXM5204,3.1170390758969013,104.38721164728588,9144.0
1200.0,AXM5205,2.248397190892877,107.53215126076451,9144.0
1200.0,AXM5207,2.4223877217034597,106.97876723066398,9144.0
1200.0,AXM5208,3.0741549886750406,104.54123052458908,9144.0
1200.0,AXM5232,2.9713139831242827,104.61010752825217,9144.0
1200.0,AXM5233,2.062590865658294,107.56714127860319,9144.0
1200.0,AXM5234,3.0668844113917015,104.56909258524001,9144.0
1200.0,AXM5413,1.3898632394874484,106.94596365560083,9144.0
1200.0,AXM5414,1.3655238987719742,105.88831716527541,9144.0
1200.0,AXM1773,1.3919256511443547,107.02717373095138,9144.0,"(AXM1773),(AXM5413)"
1200.0,AXM1793,4.49774459068769,113.6478274871987,9144.0,"(AXM5202),(AXM5208)"
1200.0,AXM5110,3.42257091699368,104.19974565590533,9144.0,"(AXM5202),(AXM5234)"
1200.0,AXM5111,5.069722580999922,113.22193716688868,9144.0,"(AXM5208),(AXM5202)"
1200.0,AXM5114,3.4471196148073218,104.68315707097011,9144.0,"(AXM5208),(AXM5234)"
1200.0,AXM5115,5.03567286506457,113.02264570012319,9144.0,"(AXM5234),(AXM5202)"
1200.0,AXM5117,5.051099052278478,112.86984203544989,9144.0,"(AXM5234),(AXM5208)"
1200.0,AXM5202,3.0547619340126664,104.61305797774092,9144.0,"(AXM5413),(AXM1773)"
1210.0,AXM1773,1.391095342923936,106.99289759537999,9144.0
1210.0,AXM1793,4.484318792973573,113.62026898012812,9144.0
1210.0,AXM5110,3.424093773761723,104.22944886523234,9144.0
1210.0,AXM5111,5.064357522660531,113.19105516925552,9144.0
1210.0,AXM5114,3.4487082674223504,104.71291739311624,9144.0
1210.0,AXM5115,5.030422129713884,112.99156677939519,9144.0
1210.0,AXM5117,5.044566301123522,112.83852985748184,9144.0
1210.0,AXM5202,3.046781856972335,104.64200448088988,9144.0
1210.0,AXM5203,2.387929907937955,107.02913172637857,9144.0
1210.0,AXM5204,3.1088827425120833,104.41697121847925,9144.0
1210.0,AXM5205,2.2569391335899196,107.50142589717174,9144.0
1210.0,AXM5207,2.4317703882094373,106.94798085662809,9144.0
1210.0,AXM5208,3.066375724051581,104.56967563542479,9144.0
1210.0,AXM5232,2.967395510622297,104.63993722671849,9144.0
1210.0,AXM5233,2.070354779408348,107.5345520964866,9144.0
1210.0,AXM5234,3.0590866989357566,104.5975324363851,9144.0
1210.0,AXM5413,1.3890513956235822,106.9132863233201,9144.0
1210.0,AXM5414,1.3661507029092876,105.91794856879464,9144.0
1210.0,AXM1773,1.391095342923936,106.99289759537999,9144.0,"(AXM1773),(AXM5413)"
1210.0,AXM1793,4.484318792973573,113.62026898012812,9144.0,"(AXM5202),(AXM5208)"
1210.0,AXM5110,3.424093773761723,104.22944886523234,9144.0,"(AXM5202),(AXM5234)"
1210.0,AXM5111,5.064357522660531,113.19105516925552,9144.0,"(AXM5208),(AXM5202)"
1210.0,AXM5114,3.4487082674223504,104.71291739311624,9144.0,"(AXM5208),(AXM5234)"
1210.0,AXM5115,5.030422129713884,112.99156677939519,9144.0,"(AXM5234),(AXM5202)"
1210.0,AXM5117,5.044566301123522,112.83852985748184,9144.0,"(AXM5234),(AXM5208)"
1210.0,AXM5202,3.046781856972335,104.64200448088988,9144.0,"(AXM5413),(AXM1773)"
1220.0,AXM1773,1.390275535940406,106.95862121879246,9144.0
1220.0,AXM1793,4.470882886475619,113.59271593637101,9144.0
1220.0,AXM5110,3.4256180752985395,104.25921184457808,9144.0
1220.0,AXM5111,5.05923093334617,113.1601326175602,9144.0
1220.0,AXM5114,3.450231168054771,104.74268121254022,9144.0
1220.0,AXM5115,5.02513079144508,112.960495051574,9144.0
1220.0,AXM5117,5.037942360666798,112.80723731175858,9144.0
1220.0,AXM5202,3.038792062077632,104.67094808108676,9144.0
1220.0,AXM5203,2.3968072185625675,106.99711808127611,9144.0
1220.0,AXM5204,3.100720029539576,104.44672880533852,9144.0
1220.0,AXM5205,2.265480399374212,107.47070016424578,9144.0
1220.0,AXM5207,2.441185876202068,106.91708310007536,9144.0
1220.0,AXM5208,3.05850054967557,104.59846599488111,9144.0
1220.0,AXM5232,2.963459258922887,104.66976447185124,9144.0
1220.0,AXM5233,2.0781180108481494,107.50196259168727,9144.0
1220.0,AXM5234,3.0512847584638445,104.62597091794413,9144.0
1220.0,AXM5413,1.3882389888533218,106.88060901626926,9144.0
1220.0,AXM5414,1.3668731942794172,105.94757780130043,9144.0
1220.0,AXM1773,1.390275535940406,106.95862121879246,9144.0,"(AXM1773),(AXM5413)"
1220.0,AXM1793,4.470882886475619,113.59271593637101,9144.0,"(AXM5202),(AXM5208)"
1220.0,AXM5110,3.4256180752985395,104.25921184457808,9144.0,"(AXM5202),(AXM5232)"
1220.0,AXM5111,5.05923093334617,113.1601326175602,9144.0,"(AXM5202),(AXM5234)"
1220.0,AXM5114,3.450231168054771,104.74268121254022,9144.0,"(AXM5208),(AXM5202)"
1220.0,AXM5115,5.02513079144508,112.960495051574,9144.0,"(AXM5208),(AXM5234)"
1220.0,AXM5117,5.037942360666798,112.80723731175858,9144.0,"(AXM5232),(AXM5202)"
1220.0,AXM5202,3.038792062077632,104.67094808108676,9144.0,"(AXM5234),(AXM5202)"
1220.0,AXM5203,2.3968072185625675,106.99711808127611,9144.0,"(AXM5234),(AXM5208)"
1220.0,AXM5204,3.100720029539576,104.44672880533852,9144.0,"(AXM5413),(AXM1773)"
1230.0,AXM1773,1.3894551376088182,106.92434486826978,9144.0
1230.0,AXM1793,4.457595139133782,113.56509119845008,9144.0
1230.0,AXM5110,3.427145423408288,104.28897471468157,9144.0
1230.0,AXM5111,5.054100761896676,113.12921090959802,9144.0
1230.0,AXM5114,3.451749868518007,104.7723854967703,9144.0
1230.0,AXM5115,5.01984682521569,112.92948185838773,9144.0
1230.0,AXM5117,5.031315964372427,112.77594560884724,9144.0
1230.0,AXM5202,3.030863410276109,104.6996610916943,9144.0
1230.0,AXM5203,2.405683633279429,106.96510397933801,9144.0
1230.0,AXM5204,3.0925398756453446,104.47654246364023,9144.0
1230.0,AXM5205,2.2740209823759856,107.43997405969597,9144.0
1230.0,AXM5207,2.450599065669325,106.88618442507658,9144.0
1230.0,AXM5208,3.050577370731665,104.62724293039494,9144.0
1230.0,AXM5232,2.9595141307859825,104.69965039434906,9144.0
1230.0,AXM5233,2.0858805567198497,107.46937276285601,9144.0
1230.0,AXM5234,3.0433935141770943,104.65438447018454,9144.0
1230.0,AXM5413,1.3874259118401515,106.84793173713285,9144.0
1230.0,AXM5414,1.3675877301503723,105.97690816440064,9144.0
1230.0,AXM1773,1.3894551376088182,106.92434486826978,9144.0,"(AXM1773),(AXM5413)"
1230.0,AXM1793,4.457595139133782,113.56509119845008,9144.0,"(AXM5202),(AXM5208)"
1230.0,AXM5110,3.427145423408288,104.28897471468157,9144.0,"(AXM5202),(AXM5232)"
1230.0,AXM5111,5.054100761896676,113.12921090959802,9144.0,"(AXM5202),(AXM5234)"
1230.0,AXM5114,3.451749868518007,104.7723854967703,9144.0,"(AXM5208),(AXM5202)"
1230.0,AXM5115,5.01984682521569,112.92948185838773,9144.0,"(AXM5208),(AXM5234)"
1230.0,AXM5117,5.031315964372427,112.77594560884724,9144.0,"(AXM5232),(AXM5202)"
1230.0,AXM5202,3.030863410276109,104.6996610916943,9144.0,"(AXM5234),(AXM5202)"
1230.0,AXM5203,2.405683633279429,106.96510397933801,9144.0,"(AXM5234),(AXM5208)"
1230.0,AXM5204,3.0925398756453446,104.47654246364023,9144.0,"(AXM5413),(AXM1773)"
1240.0,AXM1773,1.3886340914302162,106.89006854517864,9144.0
1240.0,AXM1793,4.444276407702106,113.5374162571486,9144.0
1240.0,AXM5110,3.428668056954908,104.31867807747601,9144.0
1240.0,AXM5111,5.048867076873785,113.09830693882839,9144.0
1240.0,AXM5114,3.453267219533571,104.80208989767357,9144.0
1240.0,AXM5115,5.014573363626806,112.89846711408589,9144.0
1240.0,AXM5117,5.024719612861203,112.74464782648602,9144.0
1240.0,AXM5202,3.022921826760067,104.72837030783535,9144.0
1240.0,AXM5203,2.4145590337964,106.93308938698821,9144.0
1240.0,AXM5204,3.0842832265806996,104.50633473466382,9144.0
1240.0,AXM5205,2.282560875882559,107.40924758099766,9144.0
1240.0,AXM5207,2.460209143032421,106.85534630767052,9144.0
1240.0,AXM5208,3.0426689164988914,104.65596184013917,9144.0
1240.0,AXM5232,2.9555670108610146,104.7295359467793,9144.0
1240.0,AXM5233,2.0936424136918315,107.43678260862647,9144.0
1240.0,AXM5234,3.0355305383092337,104.68268128523606,9144.0
1240.0,AXM5413,1.38660524141136,106.81525465926289,9144.0
1240.0,AXM5414,1.3682485028781672,106.0062397967539,9144.0
1240.0,AXM1773,1.3886340914302162,106.89006854517864,9144.0,"(AXM1773),(AXM5413)"
1240.0,AXM1793,4.444276407702106,113.5374162571486,9144.0,"(AXM5202),(AXM5208)"
1240.0,AXM5110,3.428668056954908,104.31867807747601,9144.0,"(AXM5202),(AXM5232)"
1240.0,AXM5111,5.048867076873785,113.09830693882839,9144.0,"(AXM5202),(AXM5234)"
1240.0,AXM5114,3.453267219533571,104.80208989767357,9144.0,"(AXM5208),(AXM5202)"
1240.0,AXM5115,5.014573363626806,112.89846711408589,9144.0,"(AXM5208),(AXM5234)"
1240.0,AXM5117,5.024719612861203,112.74464782648602,9144.0,"(AXM5232),(AXM5202)"
1240.0,AXM5202,3.022921826760067,104.72837030783535,9144.0,"(AXM5234),(AXM5202)"
1240.0,AXM5203,2.4145590337964,106.93308938698821,9144.0,"(AXM5234),(AXM5208)"
1240.0,AXM5204,3.0842832265806996,104.50633473466382,9144.0,"(AXM5413),(AXM1773)"
1250.0,AXM1773,1.3878121660723004,106.85579225508664,9144.0
1250.0,AXM1793,4.430896750597461,113.50977139809066,9144.0
1250.0,AXM5110,3.430110255367046,104.3483855135215,9144.0
1250.0,AXM5111,5.0436300379120516,113.06740379010532,9144.0
1250.0,AXM5114,3.454778391290542,104.83179466201393,9144.0
1250.0,AXM5115,5.009287628876724,112.86739517946394,9144.0
1250.0,AXM5117,5.0181209854412225,112.71335084429678,9144.0
1250.0,AXM5202,3.0149941423063082,104.75702122762603,9144.0
1250.0,AXM5203,2.4234325539279777,106.90107406301247,9144.0
1250.0,AXM5204,3.0760405630651846,104.53606951919086,9144.0
1250.0,AXM5205,2.291100071981131,107.37852072529292,9144.0
1250.0,AXM5207,2.469800886429595,106.82456293678737,9144.0
1250.0,AXM5208,3.034752076564279,104.6846782221926,9144.0
1250.0,AXM5232,2.951691404692668,104.75943077793218,9144.0
1250.0,AXM5233,2.101403578347051,107.40419212761236,9144.0
1250.0,AXM5234,3.0278651236496765,104.71103220737437,9144.0
1250.0,AXM5413,1.385814813791015,106.78257684633371,9144.0
1250.0,AXM5414,1.3689101888250903,106.03563131286722,9144.0
1250.0,AXM1773,1.3878121660723004,106.85579225508664,9144.0,"(AXM1773),(AXM5413)"
1250.0,AXM1793,4.430896750597461,113.50977139809066,9144.0,"(AXM5202),(AXM5208)"
1250.0,AXM5110,3.430110255367046,104.3483855135215,9144.0,"(AXM5202),(AXM5232)"
1250.0,AXM5111,5.0436300379120516,113.06740379010532,9144.0,"(AXM5202),(AXM5234)"
1250.0,AXM5114,3.454778391290542,104.83179466201393,9144.0,"(AXM5208),(AXM5202)"
1250.0,AXM5115,5.009287628876724,112.86739517946394,9144.0,"(AXM5208),(AXM5234)"
1250.0,AXM5117,5.0181209854412225,112.71335084429678,9144.0,"(AXM5232),(AXM5202)"
1250.0,AXM5202,3.0149941423063082,104.75702122762603,9144.0,"(AXM5234),(AXM5202)"
1250.0,AXM5203,2.4234325539279777,106.90107406301247,9144.0,"(AXM5234),(AXM5208)"
1250.0,AXM5204,3.0760405630651846,104.53606951919086,9144.0,"(AXM5413),(AXM1773)"
1260.0,AXM1773,1.3869384596999228,106.82151725921972,9144.0
1260.0,AXM1793,4.417511404490102,113.4821298093093,9144.0
1260.0,AXM5110,3.4315508664562206,104.37809307164079,9144.0
1260.0,AXM5111,5.038318699997318,113.03651367586339,9144.0
1260.0,AXM5114,3.456257200026714,104.86150110731879,9144.0
1260.0,AXM5115,5.004076952653689,112.83631071996147,9144.0
1260.0,AXM5117,5.011533294194325,112.68205185635047,9144.0
1260.0,AXM5202,3.0070697270506734,104.78567284586565,9144.0
1260.0,AXM5203,2.4322929397563158,106.86905488511394,9144.0
1260.0,AXM5204,3.067848346362478,104.56581805379153,9144.0
1260.0,AXM5205,2.2996385609665673,107.34779348922582,9144.0
1260.0,AXM5207,2.479533570420163,106.7938236926016,9144.0
1260.0,AXM5208,3.026825968177779,104.713391829911,9144.0
1260.0,AXM5232,2.947806393940052,104.78938417994702,9144.0
1260.0,AXM5233,2.109164047168795,107.37160131840403,9144.0
1260.0,AXM5234,3.020211887490643,104.73932408162524,9144.0
1260.0,AXM5413,1.38502792789549,106.7500720300179,9144.0
1260.0,AXM5414,1.3695713811458132,106.06502284820279,9144.0
1260.0,AXM1773,1.3869384596999228,106.82151725921972,9144.0,"(AXM1773),(AXM5413)"
1260.0,AXM1793,4.417511404490102,113.4821298093093,9144.0,"(AXM5202),(AXM5208)"
1260.0,AXM5110,3.4315508664562206,104.37809307164079,9144.0,"(AXM5202),(AXM5232)"
1260.0,AXM5111,5.038318699997318,113.03651367586339,9144.0,"(AXM5202),(AXM5234)"
1260.0,AXM5114,3.456257200026714,104.86150110731879,9144.0,"(AXM5208),(AXM5202)"
1260.0,AXM5115,5.004076952653689,112.83631071996147,9144.0,"(AXM5208),(AXM5234)"
1260.0,AXM5117,5.011533294194325,112.68205185635047,9144.0,"(AXM5232),(AXM5202)"
1260.0,AXM5202,3.0070697270506734,104.78567284586565,9144.0,"(AXM5234),(AXM5202)"
1260.0,AXM5203,2.4322929397563158,106.86905488511394,9144.0,"(AXM5234),(AXM5208)"
1260.0,AXM5204,3.067848346362478,104.56581805379153,9144.0,"(AXM5413),(AXM1773)"
1270.0,AXM1773,1.3860610321665416,106.78712922536835,9144.0
1270.0,AXM1793,4.404162056130762,113.45447121091274,9144.0
1270.0,AXM5110,3.4330247048993603,104.40779903980585,9144.0
1270.0,AXM5111,5.032994163440743,113.0055664553802,9144.0
1270.0,AXM5114,3.457740781935461,104.89132690793548,9144.0
1270.0,AXM5115,4.9988735826141,112.80528479308526,9144.0
1270.0,AXM5117,5.004943280189118,112.65075367660765,9144.0
1270.0,AXM5202,2.999143439543522,104.81432373684858,9144.0
1270.0,AXM5203,2.4411066551657226,106.83720115140804,9144.0
1270.0,AXM5204,3.0596387720668283,104.59562268086009,9144.0
1270.0,AXM5205,2.308176330282853,107.31706586864813,9144.0
1270.0,AXM5207,2.4892651924664255,106.76308388503801,9144.0
1270.0,AXM5208,3.0189141687075436,104.74204725583056,9144.0
1270.0,AXM5232,2.943860975224223,104.81932955792863,9144.0
1270.0,AXM5233,2.116923816523085,107.33901017956433,9144.0
1270.0,AXM5234,3.0122690242503216,104.76753558449104,9144.0
1270.0,AXM5413,1.3842392229073237,106.71756726863116,9144.0
1270.0,AXM5414,1.370231693504372,106.09441441143238,9144.0
1270.0,AXM1773,1.3860610321665416,106.78712922536835,9144.0,"(AXM1773),(AXM5413)"
1270.0,AXM1793,4.404162056130762,113.45447121091274,9144.0,"(AXM5202),(AXM5208)"
1270.0,AXM5110,3.4330247048993603,104.40779903980585,9144.0,"(AXM5202),(AXM5232)"
1270.0,AXM5111,5.032994163440743,113.0055664553802,9144.0,"(AXM5202),(AXM5234)"
1270.0,AXM5114,3.457740781935461,104.89132690793548,9144.0,"(AXM5208),(AXM5202)"
1270.0,AXM5115,4.9988735826141,112.80528479308526,9144.0,"(AXM5208),(AXM5234)"
1270.0,AXM5117,5.004943280189118,112.65075367660765,9144.0,"(AXM5232),(AXM5202)"
1270.0,AXM5202,2.999143439543522,104.81432373684858,9144.0,"(AXM5234),(AXM5202)"
1270.0,AXM5203,2.4411066551657226,106.83720115140804,9144.0,"(AXM5234),(AXM5208)"
1270.0,AXM5204,3.0596387720668283,104.59562268086009,9144.0,"(AXM5413),(AXM1773)"
1280.0,AXM1773,1.385242224828862,106.75273975682974,9144.0
1280.0,AXM1793,4.390810083367861,113.42681438248414,9144.0
1280.0,AXM5110,3.4344940363269356,104.43744544340562,9144.0
1280.0,AXM5111,5.027798741471558,112.97459737466446,9144.0
1280.0,AXM5114,3.4592229560852874,104.92115282542802,9144.0
1280.0,AXM5115,4.993573276044619,112.77427565563139,9144.0
1280.0,AXM5117,4.998385901356783,112.61944890410287,9144.0
1280.0,AXM5202,2.991254560541937,104.8429847724853,9144.0
1280.0,AXM5203,2.4499195992585543,106.80534699465194,9144.0
1280.0,AXM5204,3.051420367840847,104.62542463921143,9144.0
1280.0,AXM5205,2.3167133624267042,107.28633785803628,9144.0
1280.0,AXM5207,2.4991418003179073,106.73239021094864,9144.0
1280.0,AXM5208,3.0110529559777564,104.77071643230636,9144.0
1280.0,AXM5232,2.9399141199566294,104.84927464009495,9144.0
1280.0,AXM5233,2.1246828826366926,107.30641870962334,9144.0
1280.0,AXM5234,3.0043359791057234,104.79568728173668,9144.0
1280.0,AXM5413,1.383526073028368,106.68506077056671,9144.0
1280.0,AXM5414,1.370933155094971,106.1238050294442,9144.0
1280.0,AXM1773,1.385242224828862,106.75273975682974,9144.0,"(AXM1773),(AXM5413)"
1280.0,AXM1793,4.390810083367861,113.42681438248414,9144.0,"(AXM5202),(AXM5208)"
1280.0,AXM5110,3.4344940363269356,104.43744544340562,9144.0,"(AXM5202),(AXM5232)"
1280.0,AXM5111,5.027798741471558,112.97459737466446,9144.0,"(AXM5202),(AXM5234)"
1280.0,AXM5114,3.4592229560852874,104.92115282542802,9144.0,"(AXM5208),(AXM5202)"
1280.0,AXM5115,4.993573276044619,112.77427565563139,9144.0,"(AXM5208),(AXM5234)"
1280.0,AXM5117,4.998385901356783,112.61944890410287,9144.0,"(AXM5232),(AXM5202)"
1280.0,AXM5202,2.991254560541937,104.8429847724853,9144.0,"(AXM5234),(AXM5202)"
1280.0,AXM5203,2.4499195992585543,106.80534699465194,9144.0,"(AXM5234),(AXM5208)"
1280.0,AXM5204,3.051420367840847,104.62542463921143,9144.0,"(AXM5413),(AXM1773)"
1290.0,AXM1773,1.384421253917391,106.71829383443533,9144.0
1290.0,AXM1793,4.377422034239647,113.3991755978135,9144.0
1290.0,AXM5110,3.436035014357788,104.46708824402204,9144.0
1290.0,AXM5111,5.022600176220567,112.943629072591,9144.0
1290.0,AXM5114,3.4607758909204973,104.95097517808567,9144.0
1290.0,AXM5115,4.988271246861325,112.74326706550559,9144.0
1290.0,AXM5117,4.991826317352835,112.58814491037015,9144.0
1290.0,AXM5202,2.983363815246653,104.87164508697909,9144.0
1290.0,AXM5203,2.458731768123447,106.77349241304108,9144.0
1290.0,AXM5204,3.04321601795793,104.65516913767534,9144.0
1290.0,AXM5205,2.3252496301283934,107.25560944915115,9144.0
1290.0,AXM5207,2.508999780442272,106.70175121346884,9144.0
1290.0,AXM5208,3.0032060536796945,104.79932739070846,9144.0
1290.0,AXM5232,2.935971311237728,104.87922015097784,9144.0
1290.0,AXM5233,2.1324412415692917,107.27382690707182,9144.0
1290.0,AXM5234,2.9966376439602063,104.8239040460853,9144.0
1290.0,AXM5413,1.3828123367510232,106.65255429515724,9144.0
1290.0,AXM5414,1.3716409035434323,106.1534943645527,9144.0
1290.0,AXM1773,1.384421253917391,106.71829383443533,9144.0,"(AXM1773),(AXM5413)"
1290.0,AXM1793,4.377422034239647,113.3991755978135,9144.0,"(AXM5202),(AXM5208)"
1290.0,AXM5110,3.436035014357788,104.46708824402204,9144.0,"(AXM5202),(AXM5232)"
1290.0,AXM5111,5.022600176220567,112.943629072591,9144.0,"(AXM5202),(AXM5234)"
1290.0,AXM5114,3.4607758909204973,104.95097517808567,9144.0,"(AXM5208),(AXM5202)"
1290.0,AXM5115,4.988271246861325,112.74326706550559,9144.0,"(AXM5208),(AXM5234)"
1290.0,AXM5117,4.991826317352835,112.58814491037015,9144.0,"(AXM5232),(AXM5202)"
1290.0,AXM5202,2.983363815246653,104.87164508697909,9144.0,"(AXM5234),(AXM5202)"
1290.0,AXM5203,2.458731768123447,106.77349241304108,9144.0,"(AXM5234),(AXM5208)"
1290.0,AXM5204,3.04321601795793,104.65516913767534,9144.0,"(AXM5413),(AXM1773)"
1300.0,AXM1773,1.3837003300755193,106.68384568208666,9144.0
1300.0,AXM1793,4.364031448053756,113.37153854310522,9144.0
1300.0,AXM5110,3.437571312636456,104.49667145236023,9144.0
1300.0,AXM5111,5.017342346790499,112.91267110420986,9144.0
1300.0,AXM5114,3.4623276731397707,104.98079763981758,9144.0
1300.0,AXM5115,4.982967335883737,112.7122590500559,9144.0
1300.0,AXM5117,4.985160339934461,112.55686388893527,9144.0
1300.0,AXM5202,2.9754014850557864,104.90028533554417,9144.0
1300.0,AXM5203,2.4675431577046285,106.74163740473139,9144.0
1300.0,AXM5204,3.03498406145428,104.68490575928969,9144.0
1300.0,AXM5205,2.333785082263928,107.22488062712002,9144.0
1300.0,AXM5207,2.5188567444075756,106.67111165700955,9144.0
1300.0,AXM5208,2.995278602881009,104.82791586728722,9144.0
1300.0,AXM5232,2.932034876328676,104.90910648521474,9144.0
1300.0,AXM5233,2.140198889177668,107.2412347703526,9144.0
1300.0,AXM5234,2.9889221357083655,104.8521781439452,9144.0
1300.0,AXM5413,1.3820977698932448,106.62004784778955,9144.0
1300.0,AXM5414,1.3723049301788643,106.18318471853216,9144.0
1300.0,AXM1773,1.3837003300755193,106.68384568208666,9144.0,"(AXM1773),(AXM5413)"
1300.0,AXM1793,4.364031448053756,113.37153854310522,9144.0,"(AXM5202),(AXM5208)"
1300.0,AXM5110,3.437571312636456,104.49667145236023,9144.0,"(AXM5202),(AXM5232)"
1300.0,AXM5111,5.017342346790499,112.91267110420986,9144.0,"(AXM5202),(AXM5234)"
1300.0,AXM5114,3.4623276731397707,104.98079763981758,9144.0,"(AXM5208),(AXM5202)"
1300.0,AXM5115,4.982967335883737,112.7122590500559,9144.0,"(AXM5208),(AXM5234)"
1300.0,AXM5117,4.985160339934461,112.55686388893527,9144.0,"(AXM5232),(AXM5202)"
1300.0,AXM5202,2.9754014850557864,104.90028533554417,9144.0,"(AXM5232),(AXM5234)"
1300.0,AXM5203,2.4675431577046285,106.74163740473139,9144.0,"(AXM5234),(AXM5202)"
1300.0,AXM5204,3.03498406145428,104.68490575928969,9144.0,"(AXM5234),(AXM5208)"
1300.0,AXM5205,2.333785082263928,107.22488062712002,9144.0,"(AXM5234),(AXM5232)"
1300.0,AXM5207,2.5188567444075756,106.67111165700955,9144.0,"(AXM5413),(AXM1773)"
1310.0,AXM1773,1.3829809732533116,106.64951057003641,9144.0
1310.0,AXM1793,4.350601520374144,113.34392118907392,9144.0
1310.0,AXM5110,3.439072637300825,104.52625650925589,9144.0
1310.0,AXM5111,5.012101231537379,112.8818298113304,9144.0
1310.0,AXM5114,3.4638781119138033,105.01062022051676,9144.0
1310.0,AXM5115,4.977660891837613,112.68125172153948,9144.0
1310.0,AXM5117,4.978504298536426,112.52564074848384,9144.0
1310.0,AXM5202,2.9674373946588535,104.92892488673151,9144.0
1310.0,AXM5203,2.476353763773576,106.7097819678315,9144.0
1310.0,AXM5204,3.0267191632726713,104.71475523723825,9144.0
1310.0,AXM5205,2.342319577578987,107.19415135200343,9144.0
1310.0,AXM5207,2.5287086822670863,106.64047024871394,9144.0
1310.0,AXM5208,2.987349699070659,104.85650373307746,9144.0
1310.0,AXM5232,2.928156744704598,104.93900035736611,9144.0
1310.0,AXM5233,2.147955821068928,107.20864229784956,9144.0
1310.0,AXM5234,2.9810955553601044,104.88042141300384,9144.0
1310.0,AXM5413,1.3813543637612906,106.58754205772456,9144.0
1310.0,AXM5414,1.3729738359413504,106.21311329602877,9144.0
1310.0,AXM1773,1.3829809732533116,106.64951057003641,9144.0,"(AXM1773),(AXM5413)"
1310.0,AXM1793,4.350601520374144,113.34392118907392,9144.0,"(AXM5202),(AXM5208)"
1310.0,AXM5110,3.439072637300825,104.52625650925589,9144.0,"(AXM5202),(AXM5232)"
1310.0,AXM5111,5.012101231537379,112.8818298113304,9144.0,"(AXM5202),(AXM5234)"
1310.0,AXM5114,3.4638781119138033,105.01062022051676,9144.0,"(AXM5208),(AXM5202)"
1310.0,AXM5115,4.977660891837613,112.68125172153948,9144.0,"(AXM5208),(AXM5234)"
1310.0,AXM5117,4.978504298536426,112.52564074848384,9144.0,"(AXM5232),(AXM5202)"
1310.0,AXM5202,2.9674373946588535,104.92892488673151,9144.0,"(AXM5232),(AXM5234)"
1310.0,AXM5203,2.476353763773576,106.7097819678315,9144.0,"(AXM5234),(AXM5202)"
1310.0,AXM5204,3.0267191632726713,104.71475523723825,9144.0,"(AXM5234),(AXM5208)"
1310.0,AXM5205,2.342319577578987,107.19415135200343,9144.0,"(AXM5234),(AXM5232)"
1310.0,AXM5207,2.5287086822670863,106.64047024871394,9144.0,"(AXM5413),(AXM1773)"
1320.0,AXM1773,1.3821907896894772,106.61517702730312,9144.0
1320.0,AXM1793,4.3371691807476624,113.31630550664565,9144.0
1320.0,AXM5110,3.4405694109186413,104.5557819217136,9144.0
1320.0,AXM5111,5.006824486989954,112.85099489007085,9144.0
1320.0,AXM5114,3.4654243628011745,105.04044306816807,9144.0
1320.0,AXM5115,4.972398951072297,112.65023700024163,9144.0
1320.0,AXM5117,4.971886244871361,112.49440978686579,9144.0
1320.0,AXM5202,2.959545579445612,104.9575842873982,9144.0
1320.0,AXM5203,2.485163581892739,106.67792610039271,9144.0
1320.0,AXM5204,3.018497458186892,104.74461644818514,9144.0
1320.0,AXM5205,2.3508494949570515,107.16342061621106,9144.0
1320.0,AXM5207,2.538723664246006,106.60988160908359,9144.0
1320.0,AXM5208,2.9794656673896367,104.88510383501487,9144.0
1320.0,AXM5232,2.9242619393342935,104.96901170967342,9144.0
1320.0,AXM5233,2.1557120325381276,107.17604948787272,9144.0
1320.0,AXM5234,2.973251848924649,104.90872197594928,9144.0
1320.0,AXM5413,1.3806088281346252,106.55497860003632,9144.0
1320.0,AXM5414,1.3736422323576958,106.2430418932815,9144.0
1320.0,AXM1773,1.3821907896894772,106.61517702730312,9144.0,"(AXM1773),(AXM5413)"
1320.0,AXM1793,4.3371691807476624,113.31630550664565,9144.0,"(AXM5202),(AXM5208)"
1320.0,AXM5110,3.4405694109186413,104.5557819217136,9144.0,"(AXM5202),(AXM5232)"
1320.0,AXM5111,5.006824486989954,112.85099489007085,9144.0,"(AXM5202),(AXM5234)"
1320.0,AXM5114,3.4654243628011745,105.04044306816807,9144.0,"(AXM5208),(AXM5202)"
1320.0,AXM5115,4.972398951072297,112.65023700024163,9144.0,"(AXM5208),(AXM5234)"
1320.0,AXM5117,4.971886244871361,112.49440978686579,9144.0,"(AXM5232),(AXM5202)"
1320.0,AXM5202,2.959545579445612,104.9575842873982,9144.0,"(AXM5232),(AXM5234)"
1320.0,AXM5203,2.485163581892739,106.67792610039271,9144.0,"(AXM5234),(AXM5202)"
1320.0,AXM5204,3.018497458186892,104.74461644818514,9144.0,"(AXM5234),(AXM5208)"
1320.0,AXM5205,2.3508494949570515,107.16342061621106,9144.0,"(AXM5234),(AXM5232)"
1320.0,AXM5207,2.538723664246006,106.60988160908359,9144.0,"(AXM5413),(AXM1773)"
1330.0,AXM1773,1.3814011287295187,106.58090007098193,9144.0
1330.0,AXM1793,4.3237890431818755,113.2886648371202,9144.0
1330.0,AXM5110,3.442059998088056,104.58530769446249,9144.0
1330.0,AXM5111,5.001554919759668,112.82021869609981,9144.0
1330.0,AXM5114,3.4669276010478223,105.07026817029399,9144.0
1330.0,AXM5115,4.967125011629058,112.6191650417532,9144.0
1330.0,AXM5117,4.965266033832782,112.46317959965634,9144.0
1330.0,AXM5202,2.9516835983044083,104.98612775476134,9144.0
1330.0,AXM5203,2.493972607368348,106.64606980039595,9144.0
1330.0,AXM5204,3.010211884219333,104.77470365550691,9144.0
1330.0,AXM5205,2.3593681352509397,107.13268655926872,9144.0
1330.0,AXM5207,2.5486825713072614,106.57945762967248,9144.0
1330.0,AXM5208,2.971564408918963,104.9137609381195,9144.0
1330.0,AXM5232,2.9203160349370134,104.99901626331379,9144.0
1330.0,AXM5233,2.1634675184832575,107.14345633863805,9144.0
1330.0,AXM5234,2.965460471586225,104.93703682946362,9144.0
1330.0,AXM5413,1.3799115790394092,106.52241408158035,9144.0
1330.0,AXM5414,1.3743097695361555,106.27297051808564,9144.0
1330.0,AXM1773,1.3814011287295187,106.58090007098193,9144.0,"(AXM1773),(AXM5413)"
1330.0,AXM1793,4.3237890431818755,113.2886648371202,9144.0,"(AXM5202),(AXM5208)"
1330.0,AXM5110,3.442059998088056,104.58530769446249,9144.0,"(AXM5202),(AXM5232)"
1330.0,AXM5111,5.001554919759668,112.82021869609981,9144.0,"(AXM5202),(AXM5234)"
1330.0,AXM5114,3.4669276010478223,105.07026817029399,9144.0,"(AXM5208),(AXM5202)"
1330.0,AXM5115,4.967125011629058,112.6191650417532,9144.0,"(AXM5208),(AXM5234)"
1330.0,AXM5117,4.965266033832782,112.46317959965634,9144.0,"(AXM5232),(AXM5202)"
1330.0,AXM5202,2.9516835983044083,104.98612775476134,9144.0,"(AXM5232),(AXM5234)"
1330.0,AXM5203,2.493972607368348,106.64606980039595,9144.0,"(AXM5234),(AXM5202)"
1330.0,AXM5204,3.010211884219333,104.77470365550691,9144.0,"(AXM5234),(AXM5208)"
1330.0,AXM5205,2.3593681352509397,107.13268655926872,9144.0,"(AXM5234),(AXM5232)"
1330.0,AXM5207,2.5486825713072614,106.57945762967248,9144.0,"(AXM5413),(AXM1773)"
1340.0,AXM1773,1.3806307250331005,106.54662268728713,9144.0
1340.0,AXM1793,4.310380912215578,113.26097256635079,9144.0
1340.0,AXM5110,3.443546288810765,104.61477376670632,9144.0
1340.0,AXM5111,4.996338755605014,112.78943358150653,9144.0
1340.0,AXM5114,3.4684326062295345,105.10015294390583,9144.0
1340.0,AXM5115,4.961866129647715,112.58809075974365,9144.0
1340.0,AXM5117,4.958616211047843,112.43195606636662,9144.0
1340.0,AXM5202,2.943804981679232,105.01466642057659,9144.0
1340.0,AXM5203,2.5027808351878718,106.61421306573446,9144.0
1340.0,AXM5204,3.001914211834144,104.80478729047279,9144.0
1340.0,AXM5205,2.368133204891912,107.10105969936393,9144.0
1340.0,AXM5207,2.5583990077709386,106.54895496190164,9144.0
1340.0,AXM5208,2.9636127229797142,104.94240384605689,9144.0
1340.0,AXM5232,2.9163764789989695,105.028961679934,9144.0
1340.0,AXM5233,2.1712222732862716,107.11086284823918,9144.0
1340.0,AXM5234,2.9576681648218086,104.96535122730349,9144.0
1340.0,AXM5413,1.3792125578300969,106.48979192399278,9144.0
1340.0,AXM5414,1.3750647762888204,106.30289707231688,9144.0
1340.0,AXM1773,1.3806307250331005,106.54662268728713,9144.0,"(AXM1773),(AXM5413)"
1340.0,AXM1793,4.310380912215578,113.26097256635079,9144.0,"(AXM5202),(AXM5208)"
1340.0,AXM5110,3.443546288810765,104.61477376670632,9144.0,"(AXM5202),(AXM5232)"
1340.0,AXM5111,4.996338755605014,112.78943358150653,9144.0,"(AXM5202),(AXM5234)"
1340.0,AXM5114,3.4684326062295345,105.10015294390583,9144.0,"(AXM5208),(AXM5202)"
1340.0,AXM5115,4.961866129647715,112.58809075974365,9144.0,"(AXM5208),(AXM5234)"
1340.0,AXM5117,4.958616211047843,112.43195606636662,9144.0,"(AXM5232),(AXM5202)"
1340.0,AXM5202,2.943804981679232,105.01466642057659,9144.0,"(AXM5232),(AXM5234)"
1340.0,AXM5203,2.5027808351878718,106.61421306573446,9144.0,"(AXM5234),(AXM5202)"
1340.0,AXM5204,3.001914211834144,104.80478729047279,9144.0,"(AXM5234),(AXM5208)"
1340.0,AXM5205,2.368133204891912,107.10105969936393,9144.0,"(AXM5234),(AXM5232)"
1340.0,AXM5207,2.5583990077709386,106.54895496190164,9144.0,"(AXM5413),(AXM1773)"
1350.0,AXM1773,1.3798597454889496,106.51234532766054,9144.0
1350.0,AXM1793,4.297014684110363,113.23326041754862,9144.0
1350.0,AXM5110,3.445029771392972,104.64424002689131,9144.0
1350.0,AXM5111,4.99111991619851,112.75864916879954,9144.0
1350.0,AXM5114,3.469935857104591,105.13003785367087,9144.0
1350.0,AXM5115,4.956615092959788,112.55707491865066,9144.0
1350.0,AXM5117,4.952055682162476,112.40071381719048,9144.0
1350.0,AXM5202,2.935972402378903,105.04303131962503,9144.0
1350.0,AXM5203,2.5115882599353188,106.58235589419043,9144.0
1350.0,AXM5204,2.993661930806367,104.83470040190741,9144.0
1350.0,AXM5205,2.3768968852956593,107.06943225339096,9144.0
1350.0,AXM5207,2.568061472993262,106.51861802353326,9144.0
1350.0,AXM5208,2.955659927885674,104.97104623968178,9144.0
1350.0,AXM5232,2.9124422033641166,105.0589076878628,9144.0
1350.0,AXM5233,2.1789762906413315,107.07826901460655,9144.0
1350.0,AXM5234,2.9498746095091746,104.99366508186269,9144.0
1350.0,AXM5413,1.3785129351173933,106.45716978889531,9144.0
1350.0,AXM5414,1.3758219819116755,106.332942501225,9144.0
1350.0,AXM1773,1.3798597454889496,106.51234532766054,9144.0,"(AXM1773),(AXM5413)"
1350.0,AXM1793,4.297014684110363,113.23326041754862,9144.0,"(AXM5202),(AXM5208)"
1350.0,AXM5110,3.445029771392972,104.64424002689131,9144.0,"(AXM5202),(AXM5232)"
1350.0,AXM5111,4.99111991619851,112.75864916879954,9144.0,"(AXM5202),(AXM5234)"
1350.0,AXM5114,3.469935857104591,105.13003785367087,9144.0,"(AXM5208),(AXM5202)"
1350.0,AXM5115,4.956615092959788,112.55707491865066,9144.0,"(AXM5208),(AXM5234)"
1350.0,AXM5117,4.952055682162476,112.40071381719048,9144.0,"(AXM5232),(AXM5202)"
1350.0,AXM5202,2.935972402378903,105.04303131962503,9144.0,"(AXM5232),(AXM5234)"
1350.0,AXM5203,2.5115882599353188,106.58235589419043,9144.0,"(AXM5234),(AXM5202)"
1350.0,AXM5204,2.993661930806367,104.83470040190741,9144.0,"(AXM5234),(AXM5208)"
1350.0,AXM5205,2.3768968852956593,107.06943225339096,9144.0,"(AXM5234),(AXM5232)"
1350.0,AXM5207,2.568061472993262,106.51861802353326,9144.0,"(AXM5413),(AXM1773)"
1360.0,AXM1773,1.3790881499673695,106.47806799301836,9144.0
1360.0,AXM1793,4.283672206743163,113.20560290270372,9144.0
1360.0,AXM5110,3.4465556121180003,104.67370416343307,9144.0
1360.0,AXM5111,4.985879959183833,112.72786861666127,9144.0
1360.0,AXM5114,3.471536338938605,105.15991774604592,9144.0
1360.0,AXM5115,4.951360943097365,112.52605985528032,9144.0
1360.0,AXM5117,4.94547562207637,112.36947601719912,9144.0
1360.0,AXM5202,2.928180057270304,105.07140712957043,9144.0
1360.0,AXM5203,2.520394875673627,106.55049828340242,9144.0
1360.0,AXM5204,2.9857171543874492,104.86469665992502,9144.0
1360.0,AXM5205,2.385640344046755,107.03779900075621,9144.0
1360.0,AXM5207,2.5777210350838784,106.48827992896335,9144.0
1360.0,AXM5208,2.9477879977477475,104.9997108197041,9144.0
1360.0,AXM5232,2.9085068866173454,105.08885345406864,9144.0
1360.0,AXM5233,2.186729563297339,107.04567483544612,9144.0
1360.0,AXM5234,2.94204439806634,105.02196859514778,9144.0
1360.0,AXM5413,1.3778123655518093,106.42454768372608,9144.0
1360.0,AXM5414,1.3764892755969063,106.36299007112434,9144.0
1360.0,AXM1773,1.3790881499673695,106.47806799301836,9144.0,"(AXM1773),(AXM5413)"
1360.0,AXM1793,4.283672206743163,113.20560290270372,9144.0,"(AXM5202),(AXM5208)"
1360.0,AXM5110,3.4465556121180003,104.67370416343307,9144.0,"(AXM5202),(AXM5232)"
1360.0,AXM5111,4.985879959183833,112.72786861666127,9144.0,"(AXM5202),(AXM5234)"
1360.0,AXM5114,3.471536338938605,105.15991774604592,9144.0,"(AXM5208),(AXM5202)"
1360.0,AXM5115,4.951360943097365,112.52605985528032,9144.0,"(AXM5208),(AXM5234)"
1360.0,AXM5117,4.94547562207637,112.36947601719912,9144.0,"(AXM5232),(AXM5202)"
1360.0,AXM5202,2.928180057270304,105.07140712957043,9144.0,"(AXM5232),(AXM5234)"
1360.0,AXM5203,2.520394875673627,106.55049828340242,9144.0,"(AXM5234),(AXM5202)"
1360.0,AXM5204,2.9857171543874492,104.86469665992502,9144.0,"(AXM5234),(AXM5208)"
1360.0,AXM5205,2.385640344046755,107.03779900075621,9144.0,"(AXM5234),(AXM5232)"
1360.0,AXM5207,2.5777210350838784,106.48827992896335,9144.0,"(AXM5413),(AXM1773)"
1370.0,AXM1773,1.378315819123488,106.4437906860664,9144.0
1370.0,AXM1793,4.270258784840408,113.17798040146305,9144.0
1370.0,AXM5110,3.448085172364504,104.70328804877133,9144.0
1370.0,AXM5111,4.980647309486902,112.69714680267984,9144.0
1370.0,AXM5114,3.473138358017855,105.18985728820701,9144.0
1370.0,AXM5115,4.946069186587796,112.49505148214699,9144.0
1370.0,AXM5117,4.938898404668819,112.33823792415257,9144.0
1370.0,AXM5202,2.9204018608950193,105.09972447163494,9144.0
1370.0,AXM5203,2.52920067577644,106.51864023081889,9144.0
1370.0,AXM5204,2.9777860828333194,104.89463547744832,9144.0
1370.0,AXM5205,2.3943523404484215,107.0062763887522,9144.0
1370.0,AXM5207,2.587258747895664,106.45790300098234,9144.0
1370.0,AXM5208,2.939914978862869,105.02837489736648,9144.0
1370.0,AXM5232,2.9045701103164547,105.11879892346978,9144.0
1370.0,AXM5233,2.194482082653672,107.01308030814327,9144.0
1370.0,AXM5234,2.9341972090424275,105.05032940019501,9144.0
1370.0,AXM5413,1.3769807687010998,106.3919286688531,9144.0
1370.0,AXM5414,1.3771557854703091,106.39303766683135,9144.0
1370.0,AXM1773,1.378315819123488,106.4437906860664,9144.0,"(AXM1773),(AXM5413)"
1370.0,AXM1793,4.270258784840408,113.17798040146305,9144.0,"(AXM5202),(AXM5208)"
1370.0,AXM5110,3.448085172364504,104.70328804877133,9144.0,"(AXM5202),(AXM5232)"
1370.0,AXM5111,4.980647309486902,112.69714680267984,9144.0,"(AXM5202),(AXM5234)"
1370.0,AXM5114,3.473138358017855,105.18985728820701,9144.0,"(AXM5208),(AXM5202)"
1370.0,AXM5115,4.946069186587796,112.49505148214699,9144.0,"(AXM5208),(AXM5234)"
1370.0,AXM5117,4.938898404668819,112.33823792415257,9144.0,"(AXM5232),(AXM5202)"
1370.0,AXM5202,2.9204018608950193,105.09972447163494,9144.0,"(AXM5232),(AXM5234)"
1370.0,AXM5203,2.52920067577644,106.51864023081889,9144.0,"(AXM5234),(AXM5202)"
1370.0,AXM5204,2.9777860828333194,104.89463547744832,9144.0,"(AXM5234),(AXM5208)"
1370.0,AXM5205,2.3943523404484215,107.0062763887522,9144.0,"(AXM5234),(AXM5232)"
1370.0,AXM5207,2.587258747895664,106.45790300098234,9144.0,"(AXM5413),(AXM1773)"
1370.0,AXM5208,2.939914978862869,105.02837489736648,9144.0,"(AXM5413),(AXM5414)"
1370.0,AXM5232,2.9045701103164547,105.11879892346978,9144.0,"(AXM5414),(AXM5413)"
1380.0,AXM1773,1.3775307606628295,106.4095136797198,9144.0
1380.0,AXM1793,4.256869330879913,113.15041247514031,9144.0
1380.0,AXM5110,3.4496448950830123,104.73287040203198,9144.0
1380.0,AXM5111,4.975458899980906,112.66641767172659,9144.0
1380.0,AXM5114,3.47459420517995,105.21980436773204,9144.0
1380.0,AXM5115,4.940785505001416,112.46410155249289,9144.0
1380.0,AXM5117,4.9323120230593185,112.30700208654281,9144.0
1380.0,AXM5202,2.9125444003383145,105.12801966736227,9144.0
1380.0,AXM5203,2.538005652678743,106.48678173362923,9144.0
1380.0,AXM5204,2.9719502487816167,104.92505333388752,9144.0
1380.0,AXM5205,2.403063562880201,106.97475336171348,9144.0
1380.0,AXM5207,2.59512355476151,106.42710957255103,9144.0
1380.0,AXM5208,2.9320023641792003,105.05702783831526,9144.0
1380.0,AXM5232,2.900547991889502,105.14873291387427,9144.0
1380.0,AXM5233,2.2022338380871016,106.98048542960261,9144.0
1380.0,AXM5234,2.926347660600314,105.0786893517096,9144.0
1380.0,AXM5413,1.376147066279647,106.3592520648979,9144.0
1380.0,AXM5414,1.3778796075216229,106.42308394492483,9144.0
1380.0,AXM1773,1.3775307606628295,106.4095136797198,9144.0,"(AXM1773),(AXM5413)"
1380.0,AXM1793,4.256869330879913,113.15041247514031,9144.0,"(AXM1773),(AXM5414)"
1380.0,AXM5110,3.4496448950830123,104.73287040203198,9144.0,"(AXM5202),(AXM5208)"
1380.0,AXM5111,4.975458899980906,112.66641767172659,9144.0,"(AXM5202),(AXM5232)"
1380.0,AXM5114,3.47459420517995,105.21980436773204,9144.0,"(AXM5202),(AXM5234)"
1380.0,AXM5115,4.940785505001416,112.46410155249289,9144.0,"(AXM5208),(AXM5202)"
1380.0,AXM5117,4.9323120230593185,112.30700208654281,9144.0,"(AXM5208),(AXM5234)"
1380.0,AXM5202,2.9125444003383145,105.12801966736227,9144.0,"(AXM5232),(AXM5202)"
1380.0,AXM5203,2.538005652678743,106.48678173362923,9144.0,"(AXM5232),(AXM5234)"
1380.0,AXM5204,2.9719502487816167,104.92505333388752,9144.0,"(AXM5234),(AXM5202)"
1380.0,AXM5205,2.403063562880201,106.97475336171348,9144.0,"(AXM5234),(AXM5208)"
1380.0,AXM5207,2.59512355476151,106.42710957255103,9144.0,"(AXM5234),(AXM5232)"
1380.0,AXM5208,2.9320023641792003,105.05702783831526,9144.0,"(AXM5413),(AXM1773)"
1380.0,AXM5232,2.900547991889502,105.14873291387427,9144.0,"(AXM5413),(AXM5414)"
1380.0,AXM5233,2.2022338380871016,106.98048542960261,9144.0,"(AXM5414),(AXM1773)"
1380.0,AXM5234,2.926347660600314,105.0786893517096,9144.0,"(AXM5414),(AXM5413)"
1390.0,AXM1773,1.3767616819615864,106.37523632196141,9144.0
1390.0,AXM1793,4.243496525192698,113.12283690269003,9144.0
1390.0,AXM5110,3.4511937913149033,104.76227346130122,9144.0
1390.0,AXM5111,4.9702780160345865,112.63574727474561,9144.0
1390.0,AXM5114,3.4760514687005712,105.2498110495515,9144.0
1390.0,AXM5115,4.9354996335615615,112.43315224625586,9144.0
1390.0,AXM5117,4.9256497194262145,112.27578278729321,9144.0
1390.0,AXM5202,2.9046852855239087,105.1563142052744,9144.0
1390.0,AXM5203,2.5468097974907504,106.45492278865699,9144.0
1390.0,AXM5204,2.9661574463322706,104.955239277336,9144.0
1390.0,AXM5205,2.4117739991768907,106.94322991557736,9144.0
1390.0,AXM5207,2.602973025771676,106.396372197793,9144.0
1390.0,AXM5208,2.9240886796662973,105.08568028061052,9144.0
1390.0,AXM5232,2.896524416763031,105.17866660157559,9144.0
1390.0,AXM5233,2.2099848157419157,106.94789019596016,9144.0
1390.0,AXM5234,2.9184554980148745,105.10703724362028,9144.0
1390.0,AXM5413,1.375311645714176,106.32657551629178,9144.0
1390.0,AXM5414,1.3786011945124501,106.45307084798615,9144.0
1390.0,AXM1773,1.3767616819615864,106.37523632196141,9144.0,"(AXM1773),(AXM5413)"
1390.0,AXM1793,4.243496525192698,113.12283690269003,9144.0,"(AXM1773),(AXM5414)"
1390.0,AXM5110,3.4511937913149033,104.76227346130122,9144.0,"(AXM5202),(AXM5208)"
1390.0,AXM5111,4.9702780160345865,112.63574727474561,9144.0,"(AXM5202),(AXM5232)"
1390.0,AXM5114,3.4760514687005712,105.2498110495515,9144.0,"(AXM5202),(AXM5234)"
1390.0,AXM5115,4.9354996335615615,112.43315224625586,9144.0,"(AXM5203),(AXM5207)"
1390.0,AXM5117,4.9256497194262145,112.27578278729321,9144.0,"(AXM5207),(AXM5203)"
1390.0,AXM5202,2.9046852855239087,105.1563142052744,9144.0,"(AXM5208),(AXM5202)"
1390.0,AXM5203,2.5468097974907504,106.45492278865699,9144.0,"(AXM5208),(AXM5234)"
1390.0,AXM5204,2.9661574463322706,104.955239277336,9144.0,"(AXM5232),(AXM5202)"
1390.0,AXM5205,2.4117739991768907,106.94322991557736,9144.0,"(AXM5232),(AXM5234)"
1390.0,AXM5207,2.602973025771676,106.396372197793,9144.0,"(AXM5234),(AXM5202)"
1390.0,AXM5208,2.9240886796662973,105.08568028061052,9144.0,"(AXM5234),(AXM5208)"
1390.0,AXM5232,2.896524416763031,105.17866660157559,9144.0,"(AXM5234),(AXM5232)"
1390.0,AXM5233,2.2099848157419157,106.94789019596016,9144.0,"(AXM5413),(AXM1773)"
1390.0,AXM5234,2.9184554980148745,105.10703724362028,9144.0,"(AXM5413),(AXM5414)"
1390.0,AXM5413,1.375311645714176,106.32657551629178,9144.0,"(AXM5414),(AXM1773)"
1390.0,AXM5414,1.3786011945124501,106.45307084798615,9144.0,"(AXM5414),(AXM5413)"
1400.0,AXM1773,1.3759890258640022,106.34095905580833,9144.0
1400.0,AXM1793,4.230147820784708,113.09531587711052,9144.0
1400.0,AXM5110,3.45267454907003,104.79168008942104,9144.0
1400.0,AXM5111,4.965044420567627,112.60508613960859,9144.0
1400.0,AXM5114,3.4775658626655814,105.27981494007564,9144.0
1400.0,AXM5115,4.9302350946555755,112.40219952252777,9144.0
1400.0,AXM5117,4.918981921329852,112.24456498268135,9144.0
1400.0,AXM5202,2.896879260287523,105.18462327815492,9144.0
1400.0,AXM5203,2.5556130993663984,106.42306339218523,9144.0
1400.0,AXM5204,2.9605696950360887,104.9854638008058,9144.0
1400.0,AXM5205,2.4204836329686104,106.91170604511885,9144.0
1400.0,AXM5207,2.6108214382851576,106.36563436048066,9144.0
1400.0,AXM5208,2.916143835538081,105.11432387340137,9144.0
1400.0,AXM5232,2.889836849306419,105.20811839226049,9144.0
1400.0,AXM5233,2.217734996114837,106.91529460200866,9144.0
1400.0,AXM5234,2.9105451428659994,105.13544204102007,9144.0
1400.0,AXM5413,1.3746399844074655,106.29389519853542,9144.0
1400.0,AXM5414,1.379206802162757,106.48306032662727,9144.0
1400.0,AXM1773,1.3759890258640022,106.34095905580833,9144.0,"(AXM1773),(AXM5413)"
1400.0,AXM1793,4.230147820784708,113.09531587711052,9144.0,"(AXM1773),(AXM5414)"
1400.0,AXM5110,3.45267454907003,104.79168008942104,9144.0,"(AXM5202),(AXM5208)"
1400.0,AXM5111,4.965044420567627,112.60508613960859,9144.0,"(AXM5202),(AXM5232)"
1400.0,AXM5114,3.4775658626655814,105.27981494007564,9144.0,"(AXM5202),(AXM5234)"
1400.0,AXM5115,4.9302350946555755,112.40219952252777,9144.0,"(AXM5203),(AXM5207)"
1400.0,AXM5117,4.918981921329852,112.24456498268135,9144.0,"(AXM5207),(AXM5203)"
1400.0,AXM5202,2.896879260287523,105.18462327815492,9144.0,"(AXM5208),(AXM5202)"
1400.0,AXM5203,2.5556130993663984,106.42306339218523,9144.0,"(AXM5208),(AXM5234)"
1400.0,AXM5204,2.9605696950360887,104.9854638008058,9144.0,"(AXM5232),(AXM5202)"
1400.0,AXM5205,2.4204836329686104,106.91170604511885,9144.0,"(AXM5232),(AXM5234)"
1400.0,AXM5207,2.6108214382851576,106.36563436048066,9144.0,"(AXM5234),(AXM5202)"
1400.0,AXM5208,2.916143835538081,105.11432387340137,9144.0,"(AXM5234),(AXM5208)"
1400.0,AXM5232,2.889836849306419,105.20811839226049,9144.0,"(AXM5234),(AXM5232)"
1400.0,AXM5233,2.217734996114837,106.91529460200866,9144.0,"(AXM5413),(AXM1773)"
1400.0,AXM5234,2.9105451428659994,105.13544204102007,9144.0,"(AXM5414),(AXM1773)"
1410.0,AXM1773,1.3752091230900036,106.30668196507031,9144.0
1410.0,AXM1793,4.216806958091293,113.06779150187272,9144.0
1410.0,AXM5110,3.454160008522464,104.82120649723873,9144.0
1410.0,AXM5111,4.95980911549655,112.57442554179283,9144.0
1410.0,AXM5114,3.479087900141861,105.30999713510596,9144.0
1410.0,AXM5115,4.92496838024327,112.37124741694775,9144.0
1410.0,AXM5117,4.912540230768473,112.21329968994851,9144.0
1410.0,AXM5202,2.88908755166949,105.21287388749673,9144.0
1410.0,AXM5203,2.5644155443946652,106.3912035396499,9144.0
1410.0,AXM5204,2.9550129287210103,105.01551369050983,9144.0
1410.0,AXM5205,2.4291924401049063,106.88018174296161,9144.0
1410.0,AXM5207,2.6186662840381305,106.33489541857884,9144.0
1410.0,AXM5208,2.9082530807238642,105.1429822519173,9144.0
1410.0,AXM5232,2.8792002537502306,105.23644495217019,9144.0
1410.0,AXM5233,2.2254843484364017,106.8826986398607,9144.0
1410.0,AXM5234,2.902792599784598,105.16389023215766,9144.0
1410.0,AXM5413,1.3739668010661663,106.26121492132583,9144.0
1410.0,AXM5414,1.3798104439185295,106.51299037819253,9144.0
1410.0,AXM1773,1.3752091230900036,106.30668196507031,9144.0,"(AXM1773),(AXM5413)"
1410.0,AXM1793,4.216806958091293,113.06779150187272,9144.0,"(AXM5202),(AXM5208)"
1410.0,AXM5110,3.454160008522464,104.82120649723873,9144.0,"(AXM5202),(AXM5232)"
1410.0,AXM5111,4.95980911549655,112.57442554179283,9144.0,"(AXM5202),(AXM5234)"
1410.0,AXM5114,3.479087900141861,105.30999713510596,9144.0,"(AXM5203),(AXM5207)"
1410.0,AXM5115,4.92496838024327,112.37124741694775,9144.0,"(AXM5207),(AXM5203)"
1410.0,AXM5117,4.912540230768473,112.21329968994851,9144.0,"(AXM5208),(AXM5202)"
1410.0,AXM5202,2.88908755166949,105.21287388749673,9144.0,"(AXM5208),(AXM5234)"
1410.0,AXM5203,2.5644155443946652,106.3912035396499,9144.0,"(AXM5232),(AXM5202)"
1410.0,AXM5204,2.9550129287210103,105.01551369050983,9144.0,"(AXM5232),(AXM5234)"
1410.0,AXM5205,2.4291924401049063,106.88018174296161,9144.0,"(AXM5234),(AXM5202)"
1410.0,AXM5207,2.6186662840381305,106.33489541857884,9144.0,"(AXM5234),(AXM5208)"
1410.0,AXM5208,2.9082530807238642,105.1429822519173,9144.0,"(AXM5234),(AXM5232)"
1410.0,AXM5232,2.8792002537502306,105.23644495217019,9144.0,"(AXM5413),(AXM1773)"
1420.0,AXM1773,1.3744256745426502,106.27234837985962,9144.0
1420.0,AXM1793,4.203464434759274,113.04026840778782,9144.0
1420.0,AXM5110,3.455639730515449,104.85073324023358,9144.0
1420.0,AXM5111,4.954571883103992,112.54376551869048,9144.0
1420.0,AXM5114,3.480606638336968,105.34017954559735,9144.0
1420.0,AXM5115,4.919651790991393,112.34030414988689,9144.0
1420.0,AXM5117,4.906093723373159,112.18203569950735,9144.0
1420.0,AXM5202,2.8813085669551373,105.24112781869282,9144.0
1420.0,AXM5203,2.573217113458067,106.3593432250475,9144.0
1420.0,AXM5204,2.9493444803951236,105.04554250458371,9144.0
1420.0,AXM5205,2.4379003794198177,106.84865699702375,9144.0
1420.0,AXM5207,2.626327478765669,106.30410990550592,9144.0
1420.0,AXM5208,2.9003510409262034,105.17163731232812,9144.0
1420.0,AXM5232,2.8668519711575278,105.26413120204595,9144.0
1420.0,AXM5233,2.2332328139015534,106.85010229495825,9144.0
1420.0,AXM5234,2.8950380452135236,105.19233767868151,9144.0
1420.0,AXM5413,1.373189210032581,106.22853697364918,9144.0
1420.0,AXM5414,1.3805466180477957,106.5429174707545,9144.0
1420.0,AXM1773,1.3744256745426502,106.27234837985962,9144.0,"(AXM1773),(AXM5413)"
1420.0,AXM1793,4.203464434759274,113.04026840778782,9144.0,"(AXM5202),(AXM5208)"
1420.0,AXM5110,3.455639730515449,104.85073324023358,9144.0,"(AXM5202),(AXM5232)"
1420.0,AXM5111,4.954571883103992,112.54376551869048,9144.0,"(AXM5202),(AXM5234)"
1420.0,AXM5114,3.480606638336968,105.34017954559735,9144.0,"(AXM5203),(AXM5207)"
1420.0,AXM5115,4.919651790991393,112.34030414988689,9144.0,"(AXM5207),(AXM5203)"
1420.0,AXM5117,4.906093723373159,112.18203569950735,9144.0,"(AXM5208),(AXM5202)"
1420.0,AXM5202,2.8813085669551373,105.24112781869282,9144.0,"(AXM5208),(AXM5234)"
1420.0,AXM5203,2.573217113458067,106.3593432250475,9144.0,"(AXM5232),(AXM5202)"
1420.0,AXM5204,2.9493444803951236,105.04554250458371,9144.0,"(AXM5232),(AXM5234)"
1420.0,AXM5205,2.4379003794198177,106.84865699702375,9144.0,"(AXM5234),(AXM5202)"
1420.0,AXM5207,2.626327478765669,106.30410990550592,9144.0,"(AXM5234),(AXM5208)"
1420.0,AXM5208,2.9003510409262034,105.17163731232812,9144.0,"(AXM5234),(AXM5232)"
1420.0,AXM5232,2.8668519711575278,105.26413120204595,9144.0,"(AXM5413),(AXM1773)"
1430.0,AXM1773,1.3728554502582018,106.23804181127794,9144.0
1430.0,AXM1793,4.190191340858372,113.01271205135345,9144.0
1430.0,AXM5110,3.4572026476625015,104.88025572942394,9144.0
1430.0,AXM5111,4.949331208733898,112.51310633112922,9144.0
1430.0,AXM5114,3.4821370358702572,105.37036141401455,9144.0
1430.0,AXM5115,4.914362911318193,112.30953535643036,9144.0
1430.0,AXM5117,4.899472164616459,112.15080889488263,9144.0
1430.0,AXM5202,2.873543845854586,105.26932323127085,9144.0
1430.0,AXM5203,2.5820177774904702,106.32748243962344,9144.0
1430.0,AXM5204,2.9436749828253586,105.07557096710902,9144.0
1430.0,AXM5205,2.4466073593148274,106.81713178127464,9144.0
1430.0,AXM5207,2.6339569466046546,106.27343656988242,9144.0
1430.0,AXM5208,2.8924505626065726,105.20029260448399,9144.0
1430.0,AXM5232,2.850873800645533,105.28988834180366,9144.0
1430.0,AXM5233,2.240980222846877,106.81750552636332,9144.0
1430.0,AXM5234,2.8871198520161934,105.22073969846532,9144.0
1430.0,AXM5413,1.3724116268538433,106.19591668814314,9144.0
1430.0,AXM5414,1.381280562678881,106.57278510554515,9144.0
1430.0,AXM1773,1.3728554502582018,106.23804181127794,9144.0,"(AXM1773),(AXM5413)"
1430.0,AXM1793,4.190191340858372,113.01271205135345,9144.0,"(AXM5202),(AXM5208)"
1430.0,AXM5110,3.4572026476625015,104.88025572942394,9144.0,"(AXM5202),(AXM5232)"
1430.0,AXM5111,4.949331208733898,112.51310633112922,9144.0,"(AXM5202),(AXM5234)"
1430.0,AXM5114,3.4821370358702572,105.37036141401455,9144.0,"(AXM5203),(AXM5207)"
1430.0,AXM5115,4.914362911318193,112.30953535643036,9144.0,"(AXM5207),(AXM5203)"
1430.0,AXM5117,4.899472164616459,112.15080889488263,9144.0,"(AXM5208),(AXM5202)"
1430.0,AXM5202,2.873543845854586,105.26932323127085,9144.0,"(AXM5208),(AXM5234)"
1430.0,AXM5203,2.5820177774904702,106.32748243962344,9144.0,"(AXM5232),(AXM5202)"
1430.0,AXM5204,2.9436749828253586,105.07557096710902,9144.0,"(AXM5232),(AXM5234)"
1430.0,AXM5205,2.4466073593148274,106.81713178127464,9144.0,"(AXM5234),(AXM5202)"
1430.0,AXM5207,2.6339569466046546,106.27343656988242,9144.0,"(AXM5234),(AXM5208)"
1430.0,AXM5208,2.8924505626065726,105.20029260448399,9144.0,"(AXM5234),(AXM5232)"
1430.0,AXM5232,2.850873800645533,105.28988834180366,9144.0,"(AXM5413),(AXM1773)"
1440.0,AXM1773,1.3675060689936402,106.20400437700471,9144.0
1440.0,AXM1793,4.176942229109112,112.98521032587873,9144.0
1440.0,AXM5110,3.458767215077961,104.90983811021445,9144.0
1440.0,AXM5111,4.944105832826618,112.48244475492861,9144.0
1440.0,AXM5114,3.4836661715297645,105.40054339565233,9144.0
1440.0,AXM5115,4.909132954799806,112.27875665968038,9144.0
1440.0,AXM5117,4.892846234383108,112.11958333368577,9144.0
1440.0,AXM5202,2.865763445667424,105.29751411851709,9144.0
1440.0,AXM5203,2.590817484465133,106.29562116827266,9144.0
1440.0,AXM5204,2.938004058436227,105.10559900681478,9144.0
1440.0,AXM5205,2.4553129509713356,106.78560597640879,9144.0
1440.0,AXM5207,2.641851282792557,106.24283028057962,9144.0
1440.0,AXM5208,2.8845546429788618,105.22888699165475,9144.0
1440.0,AXM5232,2.833253567997497,105.31483873497733,9144.0
1440.0,AXM5233,2.252660108115444,106.78610408164813,9144.0
1440.0,AXM5234,2.8791836987879167,105.24919864366525,9144.0
1440.0,AXM5413,1.3717007387005422,106.16329488983872,9144.0
1440.0,AXM5414,1.3819587834265825,106.6026540669347,9144.0
1440.0,AXM1773,1.3675060689936402,106.20400437700471,9144.0,"(AXM1773),(AXM5413)"
1440.0,AXM1793,4.176942229109112,112.98521032587873,9144.0,"(AXM5202),(AXM5208)"
1440.0,AXM5110,3.458767215077961,104.90983811021445,9144.0,"(AXM5202),(AXM5232)"
1440.0,AXM5111,4.944105832826618,112.48244475492861,9144.0,"(AXM5202),(AXM5234)"
1440.0,AXM5114,3.4836661715297645,105.40054339565233,9144.0,"(AXM5203),(AXM5207)"
1440.0,AXM5115,4.909132954799806,112.27875665968038,9144.0,"(AXM5207),(AXM5203)"
1440.0,AXM5117,4.892846234383108,112.11958333368577,9144.0,"(AXM5208),(AXM5202)"
1440.0,AXM5202,2.865763445667424,105.29751411851709,9144.0,"(AXM5208),(AXM5234)"
1440.0,AXM5203,2.590817484465133,106.29562116827266,9144.0,"(AXM5232),(AXM5202)"
1440.0,AXM5204,2.938004058436227,105.10559900681478,9144.0,"(AXM5232),(AXM5234)"
1440.0,AXM5205,2.4553129509713356,106.78560597640879,9144.0,"(AXM5234),(AXM5202)"
1440.0,AXM5207,2.641851282792557,106.24283028057962,9144.0,"(AXM5234),(AXM5208)"
1440.0,AXM5208,2.8845546429788618,105.22888699165475,9144.0,"(AXM5234),(AXM5232)"
1440.0,AXM5232,2.833253567997497,105.31483873497733,9144.0,"(AXM5413),(AXM1773)"
1450.0,AXM1773,1.362155844187984,106.16996715111566,9144.0
1450.0,AXM1793,4.1636088774925755,112.95775002603835,9144.0
1450.0,AXM5110,3.460304024119557,104.93942199933004,9144.0
1450.0,AXM5111,4.938888466611738,112.45184187096326,9144.0
1450.0,AXM5114,3.485193556878648,105.43072551523662,9144.0
1450.0,AXM5115,4.903911222098188,112.24803653219084,9144.0
1450.0,AXM5117,4.886189029759218,112.08836478420892,9144.0
1450.0,AXM5202,2.8579973556260816,105.3256464570229,9144.0
1450.0,AXM5203,2.5996161061523773,106.26375937481141,9144.0
1450.0,AXM5204,2.9319736991301535,105.13555658606622,9144.0
1450.0,AXM5205,2.4640385520538945,106.75408550779079,9144.0
1450.0,AXM5207,2.649730088153045,106.2122801133245,9144.0
1450.0,AXM5208,2.8766669719645477,105.25748346296535,9144.0
1450.0,AXM5232,2.815632399103457,105.33978808675649,9144.0
1450.0,AXM5233,2.267032746681952,106.75724948410486,9144.0
1450.0,AXM5234,2.87141633992179,105.2777040443045,9144.0
1450.0,AXM5413,1.3709873596965565,106.13061550655854,9144.0
1450.0,AXM5414,1.382636256513575,106.63252305382377,9144.0
1450.0,AXM1773,1.362155844187984,106.16996715111566,9144.0,"(AXM1773),(AXM5413)"
1450.0,AXM1793,4.1636088774925755,112.95775002603835,9144.0,"(AXM5202),(AXM5208)"
1450.0,AXM5110,3.460304024119557,104.93942199933004,9144.0,"(AXM5202),(AXM5232)"
1450.0,AXM5111,4.938888466611738,112.45184187096326,9144.0,"(AXM5202),(AXM5234)"
1450.0,AXM5114,3.485193556878648,105.43072551523662,9144.0,"(AXM5203),(AXM5207)"
1450.0,AXM5115,4.903911222098188,112.24803653219084,9144.0,"(AXM5207),(AXM5203)"
1450.0,AXM5117,4.886189029759218,112.08836478420892,9144.0,"(AXM5208),(AXM5202)"
1450.0,AXM5202,2.8579973556260816,105.3256464570229,9144.0,"(AXM5208),(AXM5234)"
1450.0,AXM5203,2.5996161061523773,106.26375937481141,9144.0,"(AXM5232),(AXM5202)"
1450.0,AXM5204,2.9319736991301535,105.13555658606622,9144.0,"(AXM5232),(AXM5234)"
1450.0,AXM5205,2.4640385520538945,106.75408550779079,9144.0,"(AXM5234),(AXM5202)"
1450.0,AXM5207,2.649730088153045,106.2122801133245,9144.0,"(AXM5234),(AXM5208)"
1450.0,AXM5208,2.8766669719645477,105.25748346296535,9144.0,"(AXM5234),(AXM5232)"
1450.0,AXM5232,2.815632399103457,105.33978808675649,9144.0,"(AXM5413),(AXM1773)"
1460.0,AXM1773,1.3527907398097307,106.13680979069987,9144.0
1460.0,AXM1793,4.150273866843285,112.93029100055993,9144.0
1460.0,AXM5110,3.4618424692569034,104.96906573669087,9144.0
1460.0,AXM5111,4.933667993917431,112.42123976154839,9144.0
1460.0,AXM5114,3.486742124329337,105.46090660112239,9144.0
1460.0,AXM5115,4.898687736770867,112.21731694501538,9144.0
1460.0,AXM5117,4.879542401941575,112.0572040023887,9144.0
1460.0,AXM5202,2.850330922994143,105.35380599694221,9144.0
1460.0,AXM5203,2.608412659853479,106.23189678669259,9144.0
1460.0,AXM5204,2.925942388771454,105.16551381200904,9144.0
1460.0,AXM5205,2.472840157799234,106.72228726945443,9144.0
1460.0,AXM5207,2.6576077204416912,106.18172944823083,9144.0
1460.0,AXM5208,2.868790545445286,105.28602083802268,9144.0
1460.0,AXM5232,2.7991473924312755,105.36550375069906,9144.0
1460.0,AXM5233,2.281403050812896,106.72839343464264,9144.0
1460.0,AXM5234,2.8636621954554973,105.30615081938343,9144.0
1460.0,AXM5413,1.370176718162335,106.0979384036628,9144.0
1460.0,AXM5414,1.3832667751640544,106.66239307731968,9144.0
1460.0,AXM1773,1.3527907398097307,106.13680979069987,9144.0,"(AXM1773),(AXM5413)"
1460.0,AXM1793,4.150273866843285,112.93029100055993,9144.0,"(AXM5202),(AXM5208)"
1460.0,AXM5110,3.4618424692569034,104.96906573669087,9144.0,"(AXM5202),(AXM5232)"
1460.0,AXM5111,4.933667993917431,112.42123976154839,9144.0,"(AXM5202),(AXM5234)"
1460.0,AXM5114,3.486742124329337,105.46090660112239,9144.0,"(AXM5203),(AXM5207)"
1460.0,AXM5115,4.898687736770867,112.21731694501538,9144.0,"(AXM5207),(AXM5203)"
1460.0,AXM5117,4.879542401941575,112.0572040023887,9144.0,"(AXM5208),(AXM5202)"
1460.0,AXM5202,2.850330922994143,105.35380599694221,9144.0,"(AXM5208),(AXM5234)"
1460.0,AXM5203,2.608412659853479,106.23189678669259,9144.0,"(AXM5232),(AXM5202)"
1460.0,AXM5204,2.925942388771454,105.16551381200904,9144.0,"(AXM5234),(AXM5202)"
1460.0,AXM5205,2.472840157799234,106.72228726945443,9144.0,"(AXM5234),(AXM5208)"
1460.0,AXM5207,2.6576077204416912,106.18172944823083,9144.0,"(AXM5413),(AXM1773)"
1470.0,AXM1773,1.34258094597077,106.10384387275279,9144.0
1470.0,AXM1793,4.136890232990782,112.90285623029806,9144.0
1470.0,AXM5110,3.4632802517595858,104.99871459038627,9144.0
1470.0,AXM5111,4.928420688196737,112.39064251770354,9144.0
1470.0,AXM5114,3.48829198987068,105.49114713789885,9144.0
1470.0,AXM5115,4.893462135442985,112.18659796035554,9144.0
1470.0,AXM5117,4.872894128523149,112.02604388264047,9144.0
1470.0,AXM5202,2.842678622790094,105.38190690616067,9144.0
1470.0,AXM5203,2.6171770710651745,106.20002510133234,9144.0
1470.0,AXM5204,2.9199100336382156,105.19547066599809,9144.0
1470.0,AXM5205,2.481640981411411,106.69048860292169,9144.0
1470.0,AXM5207,2.6650177806142303,106.15106158320472,9144.0
1470.0,AXM5208,2.8609973505421182,105.31458091774674,9144.0
1470.0,AXM5232,2.7827572025799086,105.39106900308727,9144.0
1470.0,AXM5233,2.293850206470771,106.69865553370315,9144.0
1470.0,AXM5234,2.85578501329836,105.33456349031304,9144.0
1470.0,AXM5413,1.3693635472856949,106.06520375944415,9144.0
1470.0,AXM5414,1.3838965632844507,106.69226312416622,9144.0
1470.0,AXM1773,1.34258094597077,106.10384387275279,9144.0,"(AXM1773),(AXM5413)"
1470.0,AXM1793,4.136890232990782,112.90285623029806,9144.0,"(AXM5202),(AXM5208)"
1470.0,AXM5110,3.4632802517595858,104.99871459038627,9144.0,"(AXM5202),(AXM5232)"
1470.0,AXM5111,4.928420688196737,112.39064251770354,9144.0,"(AXM5202),(AXM5234)"
1470.0,AXM5114,3.48829198987068,105.49114713789885,9144.0,"(AXM5203),(AXM5207)"
1470.0,AXM5115,4.893462135442985,112.18659796035554,9144.0,"(AXM5207),(AXM5203)"
1470.0,AXM5117,4.872894128523149,112.02604388264047,9144.0,"(AXM5208),(AXM5202)"
1470.0,AXM5202,2.842678622790094,105.38190690616067,9144.0,"(AXM5208),(AXM5234)"
1470.0,AXM5203,2.6171770710651745,106.20002510133234,9144.0,"(AXM5232),(AXM5202)"
1470.0,AXM5204,2.9199100336382156,105.19547066599809,9144.0,"(AXM5234),(AXM5202)"
1470.0,AXM5205,2.481640981411411,106.69048860292169,9144.0,"(AXM5234),(AXM5208)"
1470.0,AXM5207,2.6650177806142303,106.15106158320472,9144.0,"(AXM5413),(AXM1773)"
1480.0,AXM1773,1.3323702312264498,106.07087837735057,9144.0
1480.0,AXM1793,4.123479019571092,112.87536951542155,9144.0
1480.0,AXM5110,3.464719457964259,105.02842325309855,9144.0
1480.0,AXM5111,4.923171700418709,112.3600458060944,9144.0
1480.0,AXM5114,3.489866004381903,105.52138647335778,9144.0
1480.0,AXM5115,4.886939483685884,112.15613013858098,9144.0
1480.0,AXM5117,4.866244121323372,111.99488444365907,9144.0
1480.0,AXM5202,2.834912379096193,105.40997627261451,9144.0
1480.0,AXM5203,2.626258054934976,106.16699783772982,9144.0
1480.0,AXM5204,2.9138762024604326,105.2254270612037,9144.0
1480.0,AXM5205,2.4904410185074037,106.65868950626111,9144.0
1480.0,AXM5207,2.6724403977198032,106.12033647284662,9144.0
1480.0,AXM5208,2.853233108606691,105.34302467308437,9144.0
1480.0,AXM5232,2.763621912759563,105.41464468442891,9144.0
1480.0,AXM5233,2.3062742378489056,106.66897053121136,9144.0
1480.0,AXM5234,2.8479216946800165,105.36291765950124,9144.0
1480.0,AXM5413,1.3686865521628053,106.0324660233088,9144.0
1480.0,AXM5414,1.384547901833192,106.72213271679544,9144.0
1480.0,AXM1773,1.3323702312264498,106.07087837735057,9144.0,"(AXM1773),(AXM5413)"
1480.0,AXM1793,4.123479019571092,112.87536951542155,9144.0,"(AXM5202),(AXM5208)"
1480.0,AXM5110,3.464719457964259,105.02842325309855,9144.0,"(AXM5202),(AXM5232)"
1480.0,AXM5111,4.923171700418709,112.3600458060944,9144.0,"(AXM5202),(AXM5234)"
1480.0,AXM5114,3.489866004381903,105.52138647335778,9144.0,"(AXM5203),(AXM5207)"
1480.0,AXM5115,4.886939483685884,112.15613013858098,9144.0,"(AXM5207),(AXM5203)"
1480.0,AXM5117,4.866244121323372,111.99488444365907,9144.0,"(AXM5208),(AXM5202)"
1480.0,AXM5202,2.834912379096193,105.40997627261451,9144.0,"(AXM5208),(AXM5234)"
1480.0,AXM5203,2.626258054934976,106.16699783772982,9144.0,"(AXM5232),(AXM5202)"
1480.0,AXM5204,2.9138762024604326,105.2254270612037,9144.0,"(AXM5234),(AXM5202)"
1480.0,AXM5205,2.4904410185074037,106.65868950626111,9144.0,"(AXM5234),(AXM5208)"
1480.0,AXM5207,2.6724403977198032,106.12033647284662,9144.0,"(AXM5413),(AXM1773)"
1490.0,AXM1773,1.32348094491061,106.037532180768,9144.0
1490.0,AXM1793,4.110184880343409,112.8478261512038,9144.0
1490.0,AXM5110,3.4662851249536115,105.05812554540796,9144.0
1490.0,AXM5111,4.91792083119944,112.32944966110882,9144.0
1490.0,AXM5114,3.4914383793154458,105.5516259450533,9144.0
1490.0,AXM5115,4.880440106140426,112.12577817202808,9144.0
1490.0,AXM5117,4.859592153354248,111.96372573401192,9144.0
1490.0,AXM5202,2.8271446122813666,105.4380450283927,9144.0
1490.0,AXM5203,2.635337608105116,106.13396993946934,9144.0
1490.0,AXM5204,2.908129726704553,105.25543989731227,9144.0
1490.0,AXM5205,2.499240264457542,106.62688997747344,9144.0
1490.0,AXM5207,2.6797497818926126,106.08958398568085,9144.0
1490.0,AXM5208,2.8453863176399614,105.37144551630539,9144.0
1490.0,AXM5232,2.7444113166022457,105.43831129338811,9144.0
1490.0,AXM5233,2.3186973946734946,106.63928490219132,9144.0
1490.0,AXM5234,2.840153049856874,105.39129778739897,9144.0
1490.0,AXM5413,1.3680063363360335,105.99961325672359,9144.0
1490.0,AXM5414,1.385201107825915,106.752121271568,9144.0
1490.0,AXM1773,1.32348094491061,106.037532180768,9144.0,"(AXM1773),(AXM5413)"
1490.0,AXM1793,4.110184880343409,112.8478261512038,9144.0,"(AXM5202),(AXM5208)"
1490.0,AXM5110,3.4662851249536115,105.05812554540796,9144.0,"(AXM5202),(AXM5232)"
1490.0,AXM5111,4.91792083119944,112.32944966110882,9144.0,"(AXM5202),(AXM5234)"
1490.0,AXM5114,3.4914383793154458,105.5516259450533,9144.0,"(AXM5203),(AXM5207)"
1490.0,AXM5115,4.880440106140426,112.12577817202808,9144.0,"(AXM5207),(AXM5203)"
1490.0,AXM5117,4.859592153354248,111.96372573401192,9144.0,"(AXM5208),(AXM5202)"
1490.0,AXM5202,2.8271446122813666,105.4380450283927,9144.0,"(AXM5208),(AXM5234)"
1490.0,AXM5203,2.635337608105116,106.13396993946934,9144.0,"(AXM5232),(AXM5202)"
1490.0,AXM5204,2.908129726704553,105.25543989731227,9144.0,"(AXM5234),(AXM5202)"
1490.0,AXM5205,2.499240264457542,106.62688997747344,9144.0,"(AXM5234),(AXM5208)"
1490.0,AXM5207,2.6797497818926126,106.08958398568085,9144.0,"(AXM5413),(AXM1773)"
1500.0,AXM1773,1.3145762461746822,106.00413181345387,9144.0
1500.0,AXM1793,4.096914871686543,112.820337333659,9144.0
1500.0,AXM5110,3.4678493119980667,105.08782796510516,9144.0
1500.0,AXM5111,4.912666885705814,112.29885428941473,9144.0
1500.0,AXM5114,3.4929043371851822,105.58187082956374,9144.0
1500.0,AXM5115,4.8739393336921735,112.09542680022882,9144.0
1500.0,AXM5117,4.852936467537216,111.93256813155544,9144.0
1500.0,AXM5202,2.819401322080994,105.46612037573203,9144.0
1500.0,AXM5203,2.6444696967272217,106.10095631654391,9144.0
1500.0,AXM5204,2.9024378320613384,105.28516150406209,9144.0
1500.0,AXM5205,2.5080387143261476,106.59509001447522,9144.0
1500.0,AXM5207,2.6870582496621274,106.0588310963852,9144.0
1500.0,AXM5208,2.8375535458687433,105.39980790524362,9144.0
1500.0,AXM5232,2.728044980679998,105.46403118624197,9144.0
1500.0,AXM5233,2.3313889434684154,106.60971294480733,9144.0
1500.0,AXM5234,2.83238227153274,105.41967713906932,9144.0
1500.0,AXM5413,1.3671910705521568,105.96676357698001,9144.0
1500.0,AXM5414,1.3859812123526538,106.78210680171519,9144.0
1500.0,AXM1773,1.3145762461746822,106.00413181345387,9144.0,"(AXM1773),(AXM5413)"
1500.0,AXM1793,4.096914871686543,112.820337333659,9144.0,"(AXM5202),(AXM5208)"
1500.0,AXM5110,3.4678493119980667,105.08782796510516,9144.0,"(AXM5202),(AXM5232)"
1500.0,AXM5111,4.912666885705814,112.29885428941473,9144.0,"(AXM5202),(AXM5234)"
1500.0,AXM5114,3.4929043371851822,105.58187082956374,9144.0,"(AXM5203),(AXM5207)"
1500.0,AXM5115,4.8739393336921735,112.09542680022882,9144.0,"(AXM5207),(AXM5203)"
1500.0,AXM5117,4.852936467537216,111.93256813155544,9144.0,"(AXM5208),(AXM5202)"
1500.0,AXM5202,2.819401322080994,105.46612037573203,9144.0,"(AXM5208),(AXM5234)"
1500.0,AXM5203,2.6444696967272217,106.10095631654391,9144.0,"(AXM5232),(AXM5202)"
1500.0,AXM5204,2.9024378320613384,105.28516150406209,9144.0,"(AXM5234),(AXM5202)"
1500.0,AXM5205,2.5080387143261476,106.59509001447522,9144.0,"(AXM5234),(AXM5208)"
1500.0,AXM5207,2.6870582496621274,106.0588310963852,9144.0,"(AXM5413),(AXM1773)"
1510.0,AXM1773,1.3051003564688486,105.97088919285683,9144.0
1510.0,AXM1793,4.083581211626403,112.7928799494277,9144.0
1510.0,AXM5110,3.4692833856009275,105.11753702029905,9144.0
1510.0,AXM5111,4.9075245789016035,112.26824005228553,9144.0
1510.0,AXM5114,3.4943632682065253,105.61199714157611,9144.0
1510.0,AXM5115,4.867437166685282,112.06507602283719,9144.0
1510.0,AXM5117,4.846296295981075,111.90140750162203,9144.0
1510.0,AXM5202,2.811656543308827,105.49419512484513,9144.0
1510.0,AXM5203,2.653570610246933,106.06805148756453,9144.0
1510.0,AXM5204,2.896743272599762,105.3148824494258,9144.0
1510.0,AXM5205,2.516836362791479,106.56328961507666,9144.0
1510.0,AXM5207,2.6943656994368665,106.02807778031584,9144.0
1510.0,AXM5208,2.8297875365720446,105.42818850196534,9144.0
1510.0,AXM5232,2.7117097229345557,105.48970038086787,9144.0
1510.0,AXM5233,2.344079750579594,106.58014040119112,9144.0
1510.0,AXM5234,2.8245454027963937,105.44803807504428,9144.0
1510.0,AXM5413,1.3663749821228928,105.93391392883846,9144.0
1510.0,AXM5414,1.3867608334255308,106.81209235431787,9144.0
1510.0,AXM1773,1.3051003564688486,105.97088919285683,9144.0,"(AXM1773),(AXM5413)"
1510.0,AXM1793,4.083581211626403,112.7928799494277,9144.0,"(AXM5202),(AXM5208)"
1510.0,AXM5110,3.4692833856009275,105.11753702029905,9144.0,"(AXM5202),(AXM5234)"
1510.0,AXM5111,4.9075245789016035,112.26824005228553,9144.0,"(AXM5203),(AXM5207)"
1510.0,AXM5114,3.4943632682065253,105.61199714157611,9144.0,"(AXM5207),(AXM5203)"
1510.0,AXM5115,4.867437166685282,112.06507602283719,9144.0,"(AXM5208),(AXM5202)"
1510.0,AXM5117,4.846296295981075,111.90140750162203,9144.0,"(AXM5208),(AXM5234)"
1510.0,AXM5202,2.811656543308827,105.49419512484513,9144.0,"(AXM5234),(AXM5202)"
1510.0,AXM5203,2.653570610246933,106.06805148756453,9144.0,"(AXM5234),(AXM5208)"
1510.0,AXM5204,2.896743272599762,105.3148824494258,9144.0,"(AXM5413),(AXM1773)"
1520.0,AXM1773,1.2956545811078597,105.9377555000987,9144.0
1520.0,AXM1793,4.0702203904472825,112.7653704086772,9144.0
1520.0,AXM5110,3.470713055369582,105.14718650076249,9144.0
1520.0,AXM5111,4.9023987996393625,112.23774297336253,9144.0
1520.0,AXM5114,3.495820398987311,105.64212358783485,9144.0
1520.0,AXM5115,4.8609336053056165,112.03472583954104,9144.0
1520.0,AXM5117,4.83966631200832,111.87030475550274,9144.0
1520.0,AXM5202,2.80394740881461,105.52227952087368,9144.0
1520.0,AXM5203,2.6626705676529814,106.03514615095698,9144.0
1520.0,AXM5204,2.890970451063815,105.34458810285453,9144.0
1520.0,AXM5205,2.525633204035093,106.53148877695101,9144.0
1520.0,AXM5207,2.7016716183717824,105.99732391493404,9144.0
1520.0,AXM5208,2.822035891089538,105.45651070378239,9144.0
1520.0,AXM5232,2.6953734976086587,105.51536861275208,9144.0
1520.0,AXM5233,2.3567697015683846,106.550567220732,9144.0
1520.0,AXM5234,2.8166907124054164,105.47645602688864,9144.0
1520.0,AXM5413,1.3656111972254887,105.90106303270304,9144.0
1520.0,AXM5414,1.3875398438487296,106.84207793267277,9144.0
1520.0,AXM1773,1.2956545811078597,105.9377555000987,9144.0,"(AXM1773),(AXM5413)"
1520.0,AXM1793,4.0702203904472825,112.7653704086772,9144.0,"(AXM5202),(AXM5208)"
1520.0,AXM5110,3.470713055369582,105.14718650076249,9144.0,"(AXM5202),(AXM5234)"
1520.0,AXM5111,4.9023987996393625,112.23774297336253,9144.0,"(AXM5203),(AXM5207)"
1520.0,AXM5114,3.495820398987311,105.64212358783485,9144.0,"(AXM5207),(AXM5203)"
1520.0,AXM5115,4.8609336053056165,112.03472583954104,9144.0,"(AXM5208),(AXM5202)"
1520.0,AXM5117,4.83966631200832,111.87030475550274,9144.0,"(AXM5208),(AXM5234)"
1520.0,AXM5202,2.80394740881461,105.52227952087368,9144.0,"(AXM5234),(AXM5202)"
1520.0,AXM5203,2.6626705676529814,106.03514615095698,9144.0,"(AXM5234),(AXM5208)"
1520.0,AXM5204,2.890970451063815,105.34458810285453,9144.0,"(AXM5413),(AXM1773)"
1530.0,AXM1773,1.286420704978891,105.90456222034474,9144.0
1530.0,AXM1793,4.0568488980992905,112.73786653551231,9144.0
1530.0,AXM5110,3.472239105003626,105.17683120706705,9144.0
1530.0,AXM5111,4.895957603480858,112.20749852163054,9144.0
1530.0,AXM5114,3.4973016098401177,105.67224890296619,9144.0
1530.0,AXM5115,4.854428649554326,112.00437625006785,9144.0
1530.0,AXM5117,4.833031609230109,111.83920332757673,9144.0
1530.0,AXM5202,2.796236919854662,105.55036335932868,9144.0
1530.0,AXM5203,2.671769543772893,106.00224029896424,9144.0
1530.0,AXM5204,2.8851511593505053,105.3745260033433,9144.0
1530.0,AXM5205,2.5344292315844705,106.49968749759101,9144.0
1530.0,AXM5207,2.709086854137501,105.96659609478749,9144.0
1530.0,AXM5208,2.814216208051892,105.48481396053286,9144.0
1530.0,AXM5232,2.6793861150013307,105.54125570258594,9144.0
1530.0,AXM5233,2.369456840692401,106.52099256155623,9144.0
1530.0,AXM5234,2.808942522545387,105.50490308246425,9144.0
1530.0,AXM5413,1.3648452085316523,105.86815469836571,9144.0
1530.0,AXM5414,1.3882257515941936,106.87206579519663,9144.0
1530.0,AXM1773,1.286420704978891,105.90456222034474,9144.0,"(AXM1773),(AXM5413)"
1530.0,AXM1793,4.0568488980992905,112.73786653551231,9144.0,"(AXM5202),(AXM5208)"
1530.0,AXM5110,3.472239105003626,105.17683120706705,9144.0,"(AXM5202),(AXM5234)"
1530.0,AXM5111,4.895957603480858,112.20749852163054,9144.0,"(AXM5203),(AXM5207)"
1530.0,AXM5114,3.4973016098401177,105.67224890296619,9144.0,"(AXM5207),(AXM5203)"
1530.0,AXM5115,4.854428649554326,112.00437625006785,9144.0,"(AXM5208),(AXM5202)"
1530.0,AXM5117,4.833031609230109,111.83920332757673,9144.0,"(AXM5208),(AXM5234)"
1530.0,AXM5202,2.796236919854662,105.55036335932868,9144.0,"(AXM5234),(AXM5202)"
1530.0,AXM5203,2.671769543772893,106.00224029896424,9144.0,"(AXM5234),(AXM5208)"
1530.0,AXM5204,2.8851511593505053,105.3745260033433,9144.0,"(AXM5413),(AXM1773)"
1540.0,AXM1773,1.2771860707526834,105.87136927130356,9144.0
1540.0,AXM1793,4.043538496928827,112.71033334959482,9144.0
1540.0,AXM5110,3.473766779368815,105.20653572013708,9144.0
1540.0,AXM5111,4.889502722614246,112.1771969176538,9144.0
1540.0,AXM5114,3.498772651691504,105.7021960071988,9144.0
1540.0,AXM5115,4.847922299215215,111.97402725419184,9144.0
1540.0,AXM5117,4.824822776490449,111.80848292273721,9144.0
1540.0,AXM5202,2.7884961239942467,105.57843865445707,9144.0
1540.0,AXM5203,2.6808674978279323,105.96933391950861,9144.0
1540.0,AXM5204,2.879628710817414,105.40452007648021,9144.0
1540.0,AXM5205,2.5432244380813342,106.46788577424483,9144.0
1540.0,AXM5207,2.716542158933063,105.9356977223915,9144.0
1540.0,AXM5208,2.8063951483830802,105.51311664634022,9144.0
1540.0,AXM5232,2.6634911673931163,105.5669906490539,9144.0
1540.0,AXM5233,2.3819697421102095,106.49134336746718,9144.0
1540.0,AXM5234,2.8011924173239153,105.53334942649303,9144.0
1540.0,AXM5413,1.3641171421354763,105.83524551266598,9144.0
1540.0,AXM5414,1.3889110527229782,106.90205368029184,9144.0
1540.0,AXM1773,1.2771860707526834,105.87136927130356,9144.0,"(AXM5202),(AXM5208)"
1540.0,AXM1793,4.043538496928827,112.71033334959482,9144.0,"(AXM5202),(AXM5234)"
1540.0,AXM5110,3.473766779368815,105.20653572013708,9144.0,"(AXM5203),(AXM5207)"
1540.0,AXM5111,4.889502722614246,112.1771969176538,9144.0,"(AXM5207),(AXM5203)"
1540.0,AXM5114,3.498772651691504,105.7021960071988,9144.0,"(AXM5208),(AXM5202)"
1540.0,AXM5115,4.847922299215215,111.97402725419184,9144.0,"(AXM5208),(AXM5234)"
1540.0,AXM5117,4.824822776490449,111.80848292273721,9144.0,"(AXM5234),(AXM5202)"
1540.0,AXM5202,2.7884961239942467,105.57843865445707,9144.0,"(AXM5234),(AXM5208)"
1550.0,AXM1773,1.267854179772855,105.83820366729331,9144.0
1550.0,AXM1793,4.031267080823073,112.68231970032788,9144.0
1550.0,AXM5110,3.475277781828314,105.23624113664289,9144.0
1550.0,AXM5111,4.883046452508241,112.14689590370963,9144.0
1550.0,AXM5114,3.500237272392533,105.73214347414854,9144.0
1550.0,AXM5115,4.841414553813946,111.94367885174276,9144.0
1550.0,AXM5117,4.816596565295033,111.77770706069388,9144.0
1550.0,AXM5202,2.780722488043897,105.6066293488664,9144.0
1550.0,AXM5203,2.6899643479815674,105.9364269891435,9144.0
1550.0,AXM5204,2.874115988987514,105.43445561272583,9144.0
1550.0,AXM5205,2.552018814925905,106.43608360381758,9144.0
1550.0,AXM5207,2.7239962105876905,105.90479885598091,9144.0
1550.0,AXM5208,2.798618470354525,105.54143140021257,9144.0
1550.0,AXM5232,2.647647939440735,105.59275720644096,9144.0
1550.0,AXM5233,2.394571932438058,106.4614801615583,9144.0
1550.0,AXM5234,2.793312654194882,105.56175985157545,9144.0
1550.0,AXM5413,1.3633895815133716,105.802393824171,9144.0
1550.0,AXM5414,1.3896612199551803,106.93204002144155,9144.0
1550.0,AXM1773,1.267854179772855,105.83820366729331,9144.0,"(AXM5202),(AXM5208)"
1550.0,AXM1793,4.031267080823073,112.68231970032788,9144.0,"(AXM5202),(AXM5234)"
1550.0,AXM5110,3.475277781828314,105.23624113664289,9144.0,"(AXM5203),(AXM5207)"
1550.0,AXM5111,4.883046452508241,112.14689590370963,9144.0,"(AXM5207),(AXM5203)"
1550.0,AXM5114,3.500237272392533,105.73214347414854,9144.0,"(AXM5208),(AXM5202)"
1550.0,AXM5115,4.841414553813946,111.94367885174276,9144.0,"(AXM5208),(AXM5234)"
1550.0,AXM5117,4.816596565295033,111.77770706069388,9144.0,"(AXM5234),(AXM5202)"
1550.0,AXM5202,2.780722488043897,105.6066293488664,9144.0,"(AXM5234),(AXM5208)"
1560.0,AXM1773,1.2585215472914981,105.80503839115156,9144.0
1560.0,AXM1793,4.0189468995118665,112.65419871890997,9144.0
1560.0,AXM5110,3.476793665109575,105.26606590797873,9144.0
1560.0,AXM5111,4.876588793830124,112.11659547938844,9144.0
1560.0,AXM5114,3.5018738447797877,105.76208205559352,9144.0
1560.0,AXM5115,4.834905412566375,111.9133310426172,9144.0
1560.0,AXM5117,4.808812127685201,111.74681604005414,9144.0
1560.0,AXM5202,2.772947285540627,105.63481942468263,9144.0
1560.0,AXM5203,2.6990598246225774,105.90351943242236,9144.0
1560.0,AXM5204,2.8686020489230817,105.46439077954429,9144.0
1560.0,AXM5205,2.560812351701243,106.404280982712,9144.0
1560.0,AXM5207,2.731394409321846,105.87388634844788,9144.0
1560.0,AXM5208,2.7908565022246257,105.5696878128807,9144.0
1560.0,AXM5232,2.6318039272398157,105.61852295206785,9144.0
1560.0,AXM5233,2.40717319169551,106.4316162866879,9144.0
1560.0,AXM5234,2.7854159876575664,105.59022750142347,9144.0
1560.0,AXM5413,1.3626400745611047,105.76954263955632,9144.0
1560.0,AXM5414,1.3904092979230496,106.96196694323504,9144.0
1560.0,AXM1773,1.2585215472914981,105.80503839115156,9144.0,"(AXM5202),(AXM5208)"
1560.0,AXM1793,4.0189468995118665,112.65419871890997,9144.0,"(AXM5202),(AXM5234)"
1560.0,AXM5110,3.476793665109575,105.26606590797873,9144.0,"(AXM5203),(AXM5207)"
1560.0,AXM5111,4.876588793830124,112.11659547938844,9144.0,"(AXM5207),(AXM5203)"
1560.0,AXM5114,3.5018738447797877,105.76208205559352,9144.0,"(AXM5208),(AXM5202)"
1560.0,AXM5115,4.834905412566375,111.9133310426172,9144.0,"(AXM5208),(AXM5234)"
1560.0,AXM5117,4.808812127685201,111.74681604005414,9144.0,"(AXM5234),(AXM5202)"
1560.0,AXM5202,2.772947285540627,105.63481942468263,9144.0,"(AXM5234),(AXM5208)"
1570.0,AXM1773,1.2491730853571863,105.77187769403297,9144.0
1570.0,AXM1793,4.006623425035304,112.62607961190248,9144.0
1570.0,AXM5110,3.4783080658108925,105.29589080281477,9144.0
1570.0,AXM5111,4.870129747140399,112.08629564430318,9144.0
1570.0,AXM5114,3.5035000856019067,105.79196156781917,9144.0
1570.0,AXM5115,4.828394874312126,111.88298382679297,9144.0
1570.0,AXM5117,4.8010403708617355,111.71598243318076,9144.0
1570.0,AXM5202,2.7651791457254,105.66301126722821,9144.0
1570.0,AXM5203,2.7081036410636363,105.87059736370311,9144.0
1570.0,AXM5204,2.8632879030776293,105.49436201060966,9144.0
1570.0,AXM5205,2.569605035176666,106.37247790655267,9144.0
1570.0,AXM5207,2.738805132351849,105.84291674286041,9144.0
1570.0,AXM5208,2.7830693370001107,105.59793708850043,9144.0
1570.0,AXM5232,2.616102564639041,105.6443757333975,9144.0
1570.0,AXM5233,2.420477613132995,106.4020592225712,9144.0
1570.0,AXM5234,2.7775179163252024,105.61869456998501,9144.0
1570.0,AXM5413,1.361895067260226,105.73692173626156,9144.0
1570.0,AXM5414,1.391157756845501,106.99189386498922,9144.0
1570.0,AXM1773,1.2491730853571863,105.77187769403297,9144.0,"(AXM5202),(AXM5208)"
1570.0,AXM1793,4.006623425035304,112.62607961190248,9144.0,"(AXM5202),(AXM5234)"
1570.0,AXM5110,3.4783080658108925,105.29589080281477,9144.0,"(AXM5203),(AXM5207)"
1570.0,AXM5111,4.870129747140399,112.08629564430318,9144.0,"(AXM5207),(AXM5203)"
1570.0,AXM5114,3.5035000856019067,105.79196156781917,9144.0,"(AXM5208),(AXM5202)"
1570.0,AXM5115,4.828394874312126,111.88298382679297,9144.0,"(AXM5208),(AXM5234)"
1570.0,AXM5117,4.8010403708617355,111.71598243318076,9144.0,"(AXM5234),(AXM5202)"
1570.0,AXM5202,2.7651791457254,105.66301126722821,9144.0,"(AXM5234),(AXM5208)"
1580.0,AXM1773,1.2398239386481502,105.73871730760783,9144.0
1580.0,AXM1793,3.996357263110729,112.59714234990294,9144.0
1580.0,AXM5110,3.4798556571168313,105.32571403651363,9144.0
1580.0,AXM5111,4.863669312877323,112.05599639809279,9144.0
1580.0,AXM5114,3.504982960870637,105.82184861339283,9144.0
1580.0,AXM5115,4.821882937427732,111.85263720434793,9144.0
1580.0,AXM5117,4.79326692845069,111.68514960527641,9144.0
1580.0,AXM5202,2.757394179933372,105.69126053794147,9144.0
1580.0,AXM5203,2.717116117514009,105.83778419698152,9144.0
1580.0,AXM5204,2.8579108483662568,105.52468198441358,9144.0
1580.0,AXM5205,2.5783968474194445,106.34067436966346,9144.0
1580.0,AXM5207,2.746214375192114,105.81194659045993,9144.0
1580.0,AXM5208,2.775281297365695,105.62618593609882,9144.0
1580.0,AXM5232,2.6006783938001194,105.66977012500773,9144.0
1580.0,AXM5233,2.433756943935627,106.37255401630279,9144.0
1580.0,AXM5234,2.7696850171284892,105.6471794936918,9144.0
1580.0,AXM5413,1.3611151832198092,105.70430165916177,9144.0
1580.0,AXM5414,1.391905615857134,107.02182081123861,9144.0
1580.0,AXM1773,1.2398239386481502,105.73871730760783,9144.0,"(AXM5202),(AXM5208)"
1580.0,AXM1793,3.996357263110729,112.59714234990294,9144.0,"(AXM5202),(AXM5234)"
1580.0,AXM5110,3.4798556571168313,105.32571403651363,9144.0,"(AXM5203),(AXM5207)"
1580.0,AXM5111,4.863669312877323,112.05599639809279,9144.0,"(AXM5207),(AXM5203)"
1580.0,AXM5114,3.504982960870637,105.82184861339283,9144.0,"(AXM5208),(AXM5202)"
1580.0,AXM5115,4.821882937427732,111.85263720434793,9144.0,"(AXM5208),(AXM5234)"
1580.0,AXM5117,4.79326692845069,111.68514960527641,9144.0,"(AXM5234),(AXM5202)"
1580.0,AXM5202,2.757394179933372,105.69126053794147,9144.0,"(AXM5234),(AXM5208)"
1590.0,AXM1773,1.2305179821554435,105.70554488508533,9144.0
1590.0,AXM1793,3.986089065812369,112.5682061754326,9144.0
1590.0,AXM5110,3.4814020533801644,105.35553738138906,9144.0
1590.0,AXM5111,4.857207491338316,112.02569774042612,9144.0
1590.0,AXM5114,3.5064674265570885,105.85179529890475,9144.0
1590.0,AXM5115,4.815369599710836,111.82229117548522,9144.0
1590.0,AXM5117,4.78549154589045,111.65431762058756,9144.0
1590.0,AXM5202,2.7496078689595382,105.71950925242183,9144.0
1590.0,AXM5203,2.7261239271724826,105.80496950070585,9144.0
1590.0,AXM5204,2.8525324318589513,105.55500157412891,9144.0
1590.0,AXM5205,2.587187761730031,106.30887036394232,9144.0
1590.0,AXM5207,2.7536465001732227,105.78098174097093,9144.0
1590.0,AXM5208,2.767492050101984,105.65443426405034,9144.0
1590.0,AXM5232,2.585139076526686,105.69509376379575,9144.0
1590.0,AXM5233,2.449516944357854,106.34429788766067,9144.0
1590.0,AXM5234,2.7618513770244264,105.67566402503323,9144.0
1590.0,AXM5413,1.360338720147386,105.67185469323466,9144.0
1590.0,AXM5414,1.3926131344338073,107.0517487479311,9144.0
1590.0,AXM1773,1.2305179821554435,105.70554488508533,9144.0,"(AXM5202),(AXM5208)"
1590.0,AXM1793,3.986089065812369,112.5682061754326,9144.0,"(AXM5202),(AXM5234)"
1590.0,AXM5110,3.4814020533801644,105.35553738138906,9144.0,"(AXM5203),(AXM5207)"
1590.0,AXM5111,4.857207491338316,112.02569774042612,9144.0,"(AXM5207),(AXM5203)"
1590.0,AXM5114,3.5064674265570885,105.85179529890475,9144.0,"(AXM5208),(AXM5202)"
1590.0,AXM5115,4.815369599710836,111.82229117548522,9144.0,"(AXM5208),(AXM5234)"
1590.0,AXM5117,4.78549154589045,111.65431762058756,9144.0,"(AXM5234),(AXM5202)"
1590.0,AXM5202,2.7496078689595382,105.71950925242183,9144.0,"(AXM5234),(AXM5208)"
1600.0,AXM1773,1.221211345594549,105.67237276874015,9144.0
1600.0,AXM1793,3.9748201698038046,112.53964705997568,9144.0
1600.0,AXM5110,3.4829469507763267,105.38536085316585,9144.0
1600.0,AXM5111,4.850744282657394,111.9953996710069,9144.0
1600.0,AXM5114,3.5079479041820476,105.8817422300067,9144.0
1600.0,AXM5115,4.8088548582222925,111.79194574056746,9144.0
1600.0,AXM5117,4.777710873981883,111.62348732984645,9144.0
1600.0,AXM5202,2.741835623815298,105.74776166529051,9144.0
1600.0,AXM5203,2.7351521053214967,105.77216016861016,9144.0
1600.0,AXM5204,2.8471552781820724,105.58532124673918,9144.0
1600.0,AXM5205,2.595977731995717,106.27706587591452,9144.0
1600.0,AXM5207,2.7611047584538393,105.749903261067,9144.0
1600.0,AXM5208,2.7596997048178253,105.68268155012453,9144.0
1600.0,AXM5232,2.56959906334953,105.72041666550729,9144.0
1600.0,AXM5233,2.4651916005339114,106.31619280859229,9144.0
1600.0,AXM5234,2.7540169859876182,105.70414816174441,9144.0
1600.0,AXM5413,1.3595972689810691,105.6394069178718,9144.0
1600.0,AXM5414,1.3933214489393304,107.0817361540169,9144.0
1600.0,AXM1773,1.221211345594549,105.67237276874015,9144.0,"(AXM5202),(AXM5207)"
1600.0,AXM1793,3.9748201698038046,112.53964705997568,9144.0,"(AXM5202),(AXM5208)"
1600.0,AXM5110,3.4829469507763267,105.38536085316585,9144.0,"(AXM5202),(AXM5234)"
1600.0,AXM5111,4.850744282657394,111.9953996710069,9144.0,"(AXM5203),(AXM5207)"
1600.0,AXM5114,3.5079479041820476,105.8817422300067,9144.0,"(AXM5207),(AXM5202)"
1600.0,AXM5115,4.8088548582222925,111.79194574056746,9144.0,"(AXM5207),(AXM5203)"
1600.0,AXM5117,4.777710873981883,111.62348732984645,9144.0,"(AXM5208),(AXM5202)"
1600.0,AXM5202,2.741835623815298,105.74776166529051,9144.0,"(AXM5208),(AXM5234)"
1600.0,AXM5203,2.7351521053214967,105.77216016861016,9144.0,"(AXM5234),(AXM5202)"
1600.0,AXM5204,2.8471552781820724,105.58532124673918,9144.0,"(AXM5234),(AXM5208)"
1610.0,AXM1773,1.2118798382230493,105.63920775799019,9144.0
1610.0,AXM1793,3.963527775553874,112.51103410336253,9144.0
1610.0,AXM5110,3.4844538167001304,105.41518632567303,9144.0
1610.0,AXM5111,4.8442796867775355,111.96510218957962,9144.0
1610.0,AXM5114,3.509535407473812,105.9116837086253,9144.0
1610.0,AXM5115,4.802338709065141,111.76160090016475,9144.0
1610.0,AXM5117,4.769831320319989,111.59268269216938,9144.0
1610.0,AXM5202,2.7340625722817333,105.77601367250405,9144.0
1610.0,AXM5203,2.7441783620249263,105.73935005930065,9144.0
1610.0,AXM5204,2.84176680110905,105.6156986304834,9144.0
1610.0,AXM5205,2.604766653082248,106.24526087576865,9144.0
1610.0,AXM5207,2.768561623734856,105.71882425078824,9144.0
1610.0,AXM5208,2.7519063925644343,105.71092838387108,9144.0
1610.0,AXM5232,2.5539802538676737,105.74569063678854,9144.0
1610.0,AXM5233,2.4808654705570055,106.28808695820975,9144.0
1610.0,AXM5234,2.746181827413644,105.73263189974547,9144.0
1610.0,AXM5413,1.3588564323632235,105.60701694066115,9144.0
1610.0,AXM5414,1.394055227208833,107.11172295680198,9144.0
1610.0,AXM1773,1.2118798382230493,105.63920775799019,9144.0,"(AXM5202),(AXM5203)"
1610.0,AXM1793,3.963527775553874,112.51103410336253,9144.0,"(AXM5202),(AXM5207)"
1610.0,AXM5110,3.4844538167001304,105.41518632567303,9144.0,"(AXM5202),(AXM5208)"
1610.0,AXM5111,4.8442796867775355,111.96510218957962,9144.0,"(AXM5202),(AXM5234)"
1610.0,AXM5114,3.509535407473812,105.9116837086253,9144.0,"(AXM5203),(AXM5202)"
1610.0,AXM5115,4.802338709065141,111.76160090016475,9144.0,"(AXM5203),(AXM5207)"
1610.0,AXM5117,4.769831320319989,111.59268269216938,9144.0,"(AXM5203),(AXM5234)"
1610.0,AXM5202,2.7340625722817333,105.77601367250405,9144.0,"(AXM5207),(AXM5202)"
1610.0,AXM5203,2.7441783620249263,105.73935005930065,9144.0,"(AXM5207),(AXM5203)"
1610.0,AXM5204,2.84176680110905,105.6156986304834,9144.0,"(AXM5207),(AXM5208)"
1610.0,AXM5205,2.604766653082248,106.24526087576865,9144.0,"(AXM5207),(AXM5234)"
1610.0,AXM5207,2.768561623734856,105.71882425078824,9144.0,"(AXM5208),(AXM5202)"
1610.0,AXM5208,2.7519063925644343,105.71092838387108,9144.0,"(AXM5208),(AXM5207)"
1610.0,AXM5232,2.5539802538676737,105.74569063678854,9144.0,"(AXM5208),(AXM5234)"
1610.0,AXM5233,2.4808654705570055,106.28808695820975,9144.0,"(AXM5234),(AXM5202)"
1610.0,AXM5234,2.746181827413644,105.73263189974547,9144.0,"(AXM5234),(AXM5203)"
1610.0,AXM5413,1.3588564323632235,105.60701694066115,9144.0,"(AXM5234),(AXM5207)"
1610.0,AXM5414,1.394055227208833,107.11172295680198,9144.0,"(AXM5234),(AXM5208)"
1620.0,AXM1773,1.202995346947196,105.6076343173949,9144.0
1620.0,AXM1793,3.952563964997324,112.48229340841068,9144.0
1620.0,AXM5110,3.485956557217041,105.44495229826629,9144.0
1620.0,AXM5111,4.8378137034164395,111.93480529593707,9144.0
1620.0,AXM5114,3.5111337577937856,105.94186297493876,9144.0
1620.0,AXM5115,4.795821147065384,111.73125665512399,9144.0
1620.0,AXM5117,4.761918110503149,111.56176645711305,9144.0
1620.0,AXM5202,2.726288602129165,105.80426524358933,9144.0
1620.0,AXM5203,2.75096200040874,105.70600260171432,9144.0
1620.0,AXM5204,2.83637694087328,105.64607562652573,9144.0
1620.0,AXM5205,2.61355398440763,106.2134552131576,9144.0
1620.0,AXM5207,2.776048603867187,105.68775230179916,9144.0
1620.0,AXM5208,2.7441064456218824,105.73917319747453,9144.0
1620.0,AXM5232,2.538266746754497,105.77111600789767,9144.0
1620.0,AXM5233,2.49653722780478,106.25997959333652,9144.0
1620.0,AXM5234,2.7383458706400807,105.76111523107829,9144.0
1620.0,AXM5413,1.3580466163238434,105.57462862645365,9144.0
1620.0,AXM5414,1.394789859531102,107.14176918698391,9144.0
1620.0,AXM1773,1.202995346947196,105.6076343173949,9144.0,"(AXM5202),(AXM5203)"
1620.0,AXM1793,3.952563964997324,112.48229340841068,9144.0,"(AXM5202),(AXM5207)"
1620.0,AXM5110,3.485956557217041,105.44495229826629,9144.0,"(AXM5202),(AXM5208)"
1620.0,AXM5111,4.8378137034164395,111.93480529593707,9144.0,"(AXM5202),(AXM5234)"
1620.0,AXM5114,3.5111337577937856,105.94186297493876,9144.0,"(AXM5203),(AXM5202)"
1620.0,AXM5115,4.795821147065384,111.73125665512399,9144.0,"(AXM5203),(AXM5207)"
1620.0,AXM5117,4.761918110503149,111.56176645711305,9144.0,"(AXM5203),(AXM5208)"
1620.0,AXM5202,2.726288602129165,105.80426524358933,9144.0,"(AXM5203),(AXM5234)"
1620.0,AXM5203,2.75096200040874,105.70600260171432,9144.0,"(AXM5207),(AXM5202)"
1620.0,AXM5204,2.83637694087328,105.64607562652573,9144.0,"(AXM5207),(AXM5203)"
1620.0,AXM5205,2.61355398440763,106.2134552131576,9144.0,"(AXM5207),(AXM5208)"
1620.0,AXM5207,2.776048603867187,105.68775230179916,9144.0,"(AXM5207),(AXM5234)"
1620.0,AXM5208,2.7441064456218824,105.73917319747453,9144.0,"(AXM5208),(AXM5202)"
1620.0,AXM5232,2.538266746754497,105.77111600789767,9144.0,"(AXM5208),(AXM5203)"
1620.0,AXM5233,2.49653722780478,106.25997959333652,9144.0,"(AXM5208),(AXM5207)"
1620.0,AXM5234,2.7383458706400807,105.76111523107829,9144.0,"(AXM5208),(AXM5234)"
1620.0,AXM5413,1.3580466163238434,105.57462862645365,9144.0,"(AXM5234),(AXM5202)"
1620.0,AXM5414,1.394789859531102,107.14176918698391,9144.0,"(AXM5234),(AXM5203)"
1630.0,AXM1773,1.1949737664645823,105.57583068413815,9144.0
1630.0,AXM1793,3.9416196900851728,112.45360886951329,9144.0
1630.0,AXM5110,3.48745808331592,105.4747183799015,9144.0
1630.0,AXM5111,4.831346332023606,111.90450898992945,9144.0
1630.0,AXM5114,3.512686732647982,105.97204466934056,9144.0
1630.0,AXM5115,4.789302165293237,111.70091300667272,9144.0
1630.0,AXM5117,4.754073167499521,111.53083306085752,9144.0
1630.0,AXM5202,2.7185125499941543,105.83251605807857,9144.0
1630.0,AXM5203,2.7577331007809,105.67271040056971,9144.0
1630.0,AXM5204,2.8281917739292703,105.67581969942535,9144.0
1630.0,AXM5205,2.622323166808657,106.18164430885014,9144.0
1630.0,AXM5207,2.7835480392626137,105.6566233480386,9144.0
1630.0,AXM5208,2.736411347674364,105.76744664067346,9144.0
1630.0,AXM5232,2.522429577215041,105.79646407485275,9144.0
1630.0,AXM5233,2.512127613013433,106.2318265912734,9144.0
1630.0,AXM5234,2.7305090452155643,105.78959813680817,9144.0
1630.0,AXM5413,1.3572375774755632,105.54229814706677,9144.0
1630.0,AXM5414,1.3955065869099228,107.17181585901527,9144.0
1630.0,AXM1773,1.1949737664645823,105.57583068413815,9144.0,"(AXM5202),(AXM5208)"
1630.0,AXM1793,3.9416196900851728,112.45360886951329,9144.0,"(AXM5202),(AXM5234)"
1630.0,AXM5110,3.48745808331592,105.4747183799015,9144.0,"(AXM5203),(AXM5207)"
1630.0,AXM5111,4.831346332023606,111.90450898992945,9144.0,"(AXM5203),(AXM5208)"
1630.0,AXM5114,3.512686732647982,105.97204466934056,9144.0,"(AXM5203),(AXM5234)"
1630.0,AXM5115,4.789302165293237,111.70091300667272,9144.0,"(AXM5204),(AXM5207)"
1630.0,AXM5117,4.754073167499521,111.53083306085752,9144.0,"(AXM5207),(AXM5203)"
1630.0,AXM5202,2.7185125499941543,105.83251605807857,9144.0,"(AXM5207),(AXM5204)"
1630.0,AXM5203,2.7577331007809,105.67271040056971,9144.0,"(AXM5207),(AXM5208)"
1630.0,AXM5204,2.8281917739292703,105.67581969942535,9144.0,"(AXM5207),(AXM5234)"
1630.0,AXM5205,2.622323166808657,106.18164430885014,9144.0,"(AXM5208),(AXM5202)"
1630.0,AXM5207,2.7835480392626137,105.6566233480386,9144.0,"(AXM5208),(AXM5203)"
1630.0,AXM5208,2.736411347674364,105.76744664067346,9144.0,"(AXM5208),(AXM5207)"
1630.0,AXM5232,2.522429577215041,105.79646407485275,9144.0,"(AXM5208),(AXM5234)"
1630.0,AXM5233,2.512127613013433,106.2318265912734,9144.0,"(AXM5234),(AXM5202)"
1630.0,AXM5234,2.7305090452155643,105.78959813680817,9144.0,"(AXM5234),(AXM5203)"
1630.0,AXM5413,1.3572375774755632,105.54229814706677,9144.0,"(AXM5234),(AXM5207)"
1630.0,AXM5414,1.3955065869099228,107.17181585901527,9144.0,"(AXM5234),(AXM5208)"
1640.0,AXM1773,1.1910242208817237,105.54478994630821,9144.0
1640.0,AXM1793,3.9306256475605643,112.42494383727436,9144.0
1640.0,AXM5110,3.488957996915103,105.50448459063503,9144.0
1640.0,AXM5111,4.82487757172578,111.87421327147632,9144.0
1640.0,AXM5114,3.5142503456324206,106.0024634978939,9144.0
1640.0,AXM5115,4.7827817543109585,111.67056995658237,9144.0
1640.0,AXM5117,4.74624055372787,111.49995712491736,9144.0
1640.0,AXM5202,2.7107364729195544,105.86076668389363,9144.0
1640.0,AXM5203,2.764502512295677,105.6394176654829,9144.0
1640.0,AXM5204,2.8200371270082893,105.70544966230337,9144.0
1640.0,AXM5205,2.631349514196864,106.14889620724975,9144.0
1640.0,AXM5207,2.791042799046508,105.62549306730912,9144.0
1640.0,AXM5208,2.728730029178936,105.7956614569751,9144.0
1640.0,AXM5232,2.5065917838502756,105.82181144358931,9144.0
1640.0,AXM5233,2.5276035476438525,106.20387536358758,9144.0
1640.0,AXM5234,2.7226710541132295,105.81808053549621,9144.0
1640.0,AXM5413,1.3564451303831149,105.50996726710804,9144.0
1640.0,AXM5414,1.3962242803854361,107.20192191384002,9144.0
1640.0,AXM1773,1.1910242208817237,105.54478994630821,9144.0,"(AXM5202),(AXM5208)"
1640.0,AXM1793,3.9306256475605643,112.42494383727436,9144.0,"(AXM5202),(AXM5234)"
1640.0,AXM5110,3.488957996915103,105.50448459063503,9144.0,"(AXM5203),(AXM5204)"
1640.0,AXM5111,4.82487757172578,111.87421327147632,9144.0,"(AXM5203),(AXM5207)"
1640.0,AXM5114,3.5142503456324206,106.0024634978939,9144.0,"(AXM5204),(AXM5203)"
1640.0,AXM5115,4.7827817543109585,111.67056995658237,9144.0,"(AXM5204),(AXM5207)"
1640.0,AXM5117,4.74624055372787,111.49995712491736,9144.0,"(AXM5207),(AXM5203)"
1640.0,AXM5202,2.7107364729195544,105.86076668389363,9144.0,"(AXM5207),(AXM5204)"
1640.0,AXM5203,2.764502512295677,105.6394176654829,9144.0,"(AXM5208),(AXM5202)"
1640.0,AXM5204,2.8200371270082893,105.70544966230337,9144.0,"(AXM5208),(AXM5234)"
1640.0,AXM5205,2.631349514196864,106.14889620724975,9144.0,"(AXM5234),(AXM5202)"
1640.0,AXM5207,2.791042799046508,105.62549306730912,9144.0,"(AXM5234),(AXM5208)"
1650.0,AXM1773,1.189819936542614,105.5139920303058,9144.0
1650.0,AXM1793,3.919588093847409,112.39616938040695,9144.0
1650.0,AXM5110,3.490410900631804,105.5342531876749,9144.0
1650.0,AXM5111,4.818407421256546,111.84391814058175,9144.0
1650.0,AXM5114,3.5158272613589796,106.03288168856724,9144.0
1650.0,AXM5115,4.776259900919576,111.64022750744014,9144.0
1650.0,AXM5117,4.738280026720397,111.46911450159048,9144.0
1650.0,AXM5202,2.702942587623825,105.88907442356451,9144.0
1650.0,AXM5203,2.770646312202046,105.60600336800223,9144.0
1650.0,AXM5204,2.8118817190136656,105.73507920775766,9144.0
1650.0,AXM5205,2.6403744726975695,106.11614748457679,9144.0
1650.0,AXM5207,2.798457135401789,105.59434329158609,9144.0
1650.0,AXM5208,2.7208900239436047,105.82383230891968,9144.0
1650.0,AXM5232,2.4907530311717347,105.84715790598413,9144.0
1650.0,AXM5233,2.542991502639885,106.17587517679097,9144.0
1650.0,AXM5234,2.714820423766951,105.84655925983576,9144.0
1650.0,AXM5413,1.3556491863979576,105.4775208364363,9144.0
1650.0,AXM5414,1.3969414883161815,107.23202798943025,9144.0
1650.0,AXM1773,1.189819936542614,105.5139920303058,9144.0,"(AXM5202),(AXM5208)"
1650.0,AXM1793,3.919588093847409,112.39616938040695,9144.0,"(AXM5202),(AXM5234)"
1650.0,AXM5110,3.490410900631804,105.5342531876749,9144.0,"(AXM5203),(AXM5207)"
1650.0,AXM5111,4.818407421256546,111.84391814058175,9144.0,"(AXM5207),(AXM5203)"
1650.0,AXM5114,3.5158272613589796,106.03288168856724,9144.0,"(AXM5208),(AXM5202)"
1650.0,AXM5115,4.776259900919576,111.64022750744014,9144.0,"(AXM5208),(AXM5234)"
1650.0,AXM5117,4.738280026720397,111.46911450159048,9144.0,"(AXM5234),(AXM5202)"
1650.0,AXM5202,2.702942587623825,105.88907442356451,9144.0,"(AXM5234),(AXM5208)"
1660.0,AXM1773,1.1886197676513144,105.48331186547006,9144.0
1660.0,AXM1793,3.9085490474603217,112.36739587814816,9144.0
1660.0,AXM5110,3.4918623371004296,105.56402190256249,9144.0
1660.0,AXM5111,4.811935878863846,111.8136235973543,9144.0
1660.0,AXM5114,3.5174091287600353,106.06341824576572,9144.0
1660.0,AXM5115,4.769736585903806,111.60988566313826,9144.0
1660.0,AXM5117,4.730643915972953,111.43818974020162,9144.0
1660.0,AXM5202,2.6951343022393175,105.91737800387753,9144.0
1660.0,AXM5203,2.7767889328515976,105.57258867964973,9144.0
1660.0,AXM5204,2.8037255520138937,105.76470833692485,9144.0
1660.0,AXM5205,2.648357427199297,106.08312850713773,9144.0
1660.0,AXM5207,2.805880664942872,105.56313577502762,9144.0
1660.0,AXM5208,2.7130490455541376,105.85200270645473,9144.0
1660.0,AXM5232,2.4776678333318656,105.87403211719744,9144.0
1660.0,AXM5233,2.5583216310142367,106.14797565287584,9144.0
1660.0,AXM5234,2.7069055921688014,105.87526795807374,9144.0
1660.0,AXM5413,1.3548632367031772,105.44507417252801,9144.0
1660.0,AXM5414,1.3976581012705196,107.26213408838176,9144.0
1660.0,AXM1773,1.1886197676513144,105.48331186547006,9144.0,"(AXM5202),(AXM5208)"
1660.0,AXM1793,3.9085490474603217,112.36739587814816,9144.0,"(AXM5202),(AXM5234)"
1660.0,AXM5110,3.4918623371004296,105.56402190256249,9144.0,"(AXM5203),(AXM5207)"
1660.0,AXM5111,4.811935878863846,111.8136235973543,9144.0,"(AXM5207),(AXM5203)"
1660.0,AXM5114,3.5174091287600353,106.06341824576572,9144.0,"(AXM5208),(AXM5202)"
1660.0,AXM5115,4.769736585903806,111.60988566313826,9144.0,"(AXM5208),(AXM5234)"
1660.0,AXM5117,4.730643915972953,111.43818974020162,9144.0,"(AXM5234),(AXM5202)"
1660.0,AXM5202,2.6951343022393175,105.91737800387753,9144.0,"(AXM5234),(AXM5208)"
1670.0,AXM1773,1.187418327333941,105.45263176376002,9144.0
1670.0,AXM1793,3.8974672211429153,112.33863928132905,9144.0
1670.0,AXM5110,3.493354928911823,105.59378862206594,9144.0
1670.0,AXM5111,4.805462942186067,111.78332964203382,9144.0
1670.0,AXM5114,3.5189896968430054,106.09395492228971,9144.0
1670.0,AXM5115,4.76321177952419,111.5795444298517,9144.0
1670.0,AXM5117,4.722992038525685,111.40726924441931,9144.0
1670.0,AXM5202,2.6873411570798043,105.94562337184611,9144.0
1670.0,AXM5203,2.7829301042038628,105.5391735503739,9144.0
1670.0,AXM5204,2.7955686280724095,105.79433705094047,9144.0
1670.0,AXM5205,2.656299338116493,106.05027501159401,9144.0
1670.0,AXM5207,2.8134435611479285,105.53196161817252,9144.0
1670.0,AXM5208,2.705273557241939,105.88019111031892,9144.0
1670.0,AXM5232,2.4646861659655404,105.90069115881364,9144.0
1670.0,AXM5233,2.57306328712858,106.11975981456474,9144.0
1670.0,AXM5234,2.6989900546838985,105.90397627401576,9144.0
1670.0,AXM5413,1.3540794306896395,105.4127431133911,9144.0
1670.0,AXM5414,1.3983688427738605,107.29224033571516,9144.0
1670.0,AXM1773,1.187418327333941,105.45263176376002,9144.0,"(AXM5202),(AXM5208)"
1670.0,AXM1793,3.8974672211429153,112.33863928132905,9144.0,"(AXM5202),(AXM5234)"
1670.0,AXM5110,3.493354928911823,105.59378862206594,9144.0,"(AXM5203),(AXM5207)"
1670.0,AXM5111,4.805462942186067,111.78332964203382,9144.0,"(AXM5207),(AXM5203)"
1670.0,AXM5114,3.5189896968430054,106.09395492228971,9144.0,"(AXM5208),(AXM5202)"
1670.0,AXM5115,4.76321177952419,111.5795444298517,9144.0,"(AXM5208),(AXM5234)"
1670.0,AXM5117,4.722992038525685,111.40726924441931,9144.0,"(AXM5234),(AXM5202)"
1670.0,AXM5202,2.6873411570798043,105.94562337184611,9144.0,"(AXM5234),(AXM5208)"
1680.0,AXM1773,1.1868872883000339,105.42193273715839,9144.0
1680.0,AXM1793,3.8864477955342114,112.31004893155244,9144.0
1680.0,AXM5110,3.4948463649859267,105.62355544702629,9144.0
1680.0,AXM5111,4.798988608082065,111.7530362750282,9144.0
1680.0,AXM5114,3.520568491506556,106.12449174265723,9144.0
1680.0,AXM5115,4.756685431006926,111.54920381831775,9144.0
1680.0,AXM5117,4.715058647785253,111.37642061566449,9144.0
1680.0,AXM5202,2.6795470608984724,105.97386829674112,9144.0
1680.0,AXM5203,2.789151489592089,105.50577312132704,9144.0
1680.0,AXM5204,2.7874109492472603,105.82396535093893,9144.0
1680.0,AXM5205,2.664240312296481,106.01742107756367,9144.0
1680.0,AXM5207,2.821018634172241,105.50073045951578,9144.0
1680.0,AXM5208,2.697497386691921,105.90837914505809,9144.0
1680.0,AXM5232,2.4518872217704613,105.92743831232049,9144.0
1680.0,AXM5233,2.5846078515385544,106.09002650856156,9144.0
1680.0,AXM5234,2.691073811003689,105.93268420809412,9144.0
1680.0,AXM5413,1.3533076516840805,105.38041177504988,9144.0
1680.0,AXM5414,1.399081929230053,107.32246520566656,9144.0
1680.0,AXM1773,1.1868872883000339,105.42193273715839,9144.0,"(AXM5202),(AXM5208)"
1680.0,AXM1793,3.8864477955342114,112.31004893155244,9144.0,"(AXM5202),(AXM5234)"
1680.0,AXM5110,3.4948463649859267,105.62355544702629,9144.0,"(AXM5203),(AXM5207)"
1680.0,AXM5111,4.798988608082065,111.7530362750282,9144.0,"(AXM5207),(AXM5203)"
1680.0,AXM5114,3.520568491506556,106.12449174265723,9144.0,"(AXM5208),(AXM5202)"
1680.0,AXM5115,4.756685431006926,111.54920381831775,9144.0,"(AXM5208),(AXM5234)"
1680.0,AXM5117,4.715058647785253,111.37642061566449,9144.0,"(AXM5234),(AXM5202)"
1680.0,AXM5202,2.6795470608984724,105.97386829674112,9144.0,"(AXM5234),(AXM5208)"
1690.0,AXM1773,1.1863640975219718,105.39176581517164,9144.0
1690.0,AXM1793,3.875425509988276,112.2814600624207,9144.0
1690.0,AXM5110,3.4963364617929504,105.65332238659852,9144.0
1690.0,AXM5111,4.792512872391553,111.7227434969651,9144.0
1690.0,AXM5114,3.522182556935001,106.15502676500788,9144.0
1690.0,AXM5115,4.750157437056416,111.5188638506645,9144.0
1690.0,AXM5117,4.707137935200138,111.34562940179343,9144.0
1690.0,AXM5202,2.671736239343168,106.00210841095819,9144.0
1690.0,AXM5203,2.7953612629417894,105.4724282017801,9144.0
1690.0,AXM5204,2.7792525175907463,105.8535932380534,9144.0
1690.0,AXM5205,2.6721803342868373,105.98456670072119,9144.0
1690.0,AXM5207,2.8284534448675926,105.46946533163654,9144.0
1690.0,AXM5208,2.689720533155677,105.93656681095565,9144.0
1690.0,AXM5232,2.439139156125389,105.95407705706091,9144.0
1690.0,AXM5233,2.5961934815980126,106.06018411517631,9144.0
1690.0,AXM5234,2.683156860359157,105.9613917606139,9144.0
1690.0,AXM5413,1.3525490687175006,105.34866066966106,9144.0
1690.0,AXM5414,1.3997945215469387,107.3526900964623,9144.0
1690.0,AXM1773,1.1863640975219718,105.39176581517164,9144.0,"(AXM5202),(AXM5205)"
1690.0,AXM1793,3.875425509988276,112.2814600624207,9144.0,"(AXM5202),(AXM5208)"
1690.0,AXM5110,3.4963364617929504,105.65332238659852,9144.0,"(AXM5202),(AXM5234)"
1690.0,AXM5111,4.792512872391553,111.7227434969651,9144.0,"(AXM5203),(AXM5207)"
1690.0,AXM5114,3.522182556935001,106.15502676500788,9144.0,"(AXM5205),(AXM5202)"
1690.0,AXM5115,4.750157437056416,111.5188638506645,9144.0,"(AXM5207),(AXM5203)"
1690.0,AXM5117,4.707137935200138,111.34562940179343,9144.0,"(AXM5208),(AXM5202)"
1690.0,AXM5202,2.671736239343168,106.00210841095819,9144.0,"(AXM5208),(AXM5234)"
1690.0,AXM5203,2.7953612629417894,105.4724282017801,9144.0,"(AXM5234),(AXM5202)"
1690.0,AXM5204,2.7792525175907463,105.8535932380534,9144.0,"(AXM5234),(AXM5208)"
1700.0,AXM1773,1.1855082303567999,105.36160651075586,9144.0
1700.0,AXM1793,3.8644350687129347,112.25285925114872,9144.0
1700.0,AXM5110,3.4978229700663372,105.68308955345724,9144.0
1700.0,AXM5111,4.78603572958612,111.69245130876737,9144.0
1700.0,AXM5114,3.523788593108612,106.18544368628116,9144.0
1700.0,AXM5115,4.743627484933496,111.488524594439,9144.0
1700.0,AXM5117,4.699213270907636,111.31483956198079,9144.0
1700.0,AXM5202,2.6639420238442337,106.03035294387854,9144.0
1700.0,AXM5203,2.8015695187715677,105.43908282237614,9144.0
1700.0,AXM5204,2.7710933351490317,105.88322071341571,9144.0
1700.0,AXM5205,2.6801193825774603,105.9517118752762,9144.0
1700.0,AXM5207,2.835900216259408,105.43814319791117,9144.0
1700.0,AXM5208,2.68194299530337,105.96475410813426,9144.0
1700.0,AXM5232,2.4280224282700886,105.98143784205224,9144.0
1700.0,AXM5233,2.6066082390317353,106.0299120786967,9144.0
1700.0,AXM5234,2.675239201367461,105.99009893171056,9144.0
1700.0,AXM5413,1.3517996438473827,105.3169093564744,9144.0
1700.0,AXM5414,1.4005064959045306,107.38291501100969,9144.0
1700.0,AXM1773,1.1855082303567999,105.36160651075586,9144.0,"(AXM5202),(AXM5205)"
1700.0,AXM1793,3.8644350687129347,112.25285925114872,9144.0,"(AXM5202),(AXM5208)"
1700.0,AXM5110,3.4978229700663372,105.68308955345724,9144.0,"(AXM5202),(AXM5234)"
1700.0,AXM5111,4.78603572958612,111.69245130876737,9144.0,"(AXM5203),(AXM5207)"
1700.0,AXM5114,3.523788593108612,106.18544368628116,9144.0,"(AXM5205),(AXM5202)"
1700.0,AXM5115,4.743627484933496,111.488524594439,9144.0,"(AXM5205),(AXM5208)"
1700.0,AXM5117,4.699213270907636,111.31483956198079,9144.0,"(AXM5205),(AXM5234)"
1700.0,AXM5202,2.6639420238442337,106.03035294387854,9144.0,"(AXM5207),(AXM5203)"
1700.0,AXM5203,2.8015695187715677,105.43908282237614,9144.0,"(AXM5208),(AXM5202)"
1700.0,AXM5204,2.7710933351490317,105.88322071341571,9144.0,"(AXM5208),(AXM5205)"
1700.0,AXM5205,2.6801193825774603,105.9517118752762,9144.0,"(AXM5208),(AXM5234)"
1700.0,AXM5207,2.835900216259408,105.43814319791117,9144.0,"(AXM5234),(AXM5202)"
1700.0,AXM5208,2.68194299530337,105.96475410813426,9144.0,"(AXM5234),(AXM5205)"
1700.0,AXM5232,2.4280224282700886,105.98143784205224,9144.0,"(AXM5234),(AXM5208)"
1710.0,AXM1773,1.1846608697162475,105.3318037403069,9144.0
1710.0,AXM1793,3.8534638938463703,112.22431477639438,9144.0
1710.0,AXM5110,3.499382711554979,105.71285300842108,9144.0
1710.0,AXM5111,4.779557172240439,111.6621597117673,9144.0
1710.0,AXM5114,3.5253123860792828,106.21586490445063,9144.0
1710.0,AXM5115,4.73594709791335,111.45845817244766,9144.0
1710.0,AXM5117,4.69139271113089,111.28402328108967,9144.0
1710.0,AXM5202,2.656131055617969,106.05865488191218,9144.0
1710.0,AXM5203,2.807752453601338,105.40573255107024,9144.0
1710.0,AXM5204,2.762933403961718,105.91284777815618,9144.0
1710.0,AXM5205,2.688057423984059,105.91885659261457,9144.0
1710.0,AXM5207,2.843368168580427,105.40682591738286,9144.0
1710.0,AXM5208,2.6741647710077423,105.99294103649598,9144.0
1710.0,AXM5232,2.416950013842438,106.00868721243185,9144.0
1710.0,AXM5233,2.6170976089601234,105.99941995876254,9144.0
1710.0,AXM5234,2.667320831801974,106.01880572128627,9144.0
1710.0,AXM5413,1.351064765167395,105.2858008191263,9144.0
1710.0,AXM5414,1.401242432676217,107.41313936074789,9144.0
1710.0,AXM1773,1.1846608697162475,105.3318037403069,9144.0,"(AXM5202),(AXM5205)"
1710.0,AXM1793,3.8534638938463703,112.22431477639438,9144.0,"(AXM5202),(AXM5208)"
1710.0,AXM5110,3.499382711554979,105.71285300842108,9144.0,"(AXM5202),(AXM5233)"
1710.0,AXM5111,4.779557172240439,111.6621597117673,9144.0,"(AXM5202),(AXM5234)"
1710.0,AXM5114,3.5253123860792828,106.21586490445063,9144.0,"(AXM5203),(AXM5207)"
1710.0,AXM5115,4.73594709791335,111.45845817244766,9144.0,"(AXM5205),(AXM5202)"
1710.0,AXM5117,4.69139271113089,111.28402328108967,9144.0,"(AXM5205),(AXM5208)"
1710.0,AXM5202,2.656131055617969,106.05865488191218,9144.0,"(AXM5205),(AXM5234)"
1710.0,AXM5203,2.807752453601338,105.40573255107024,9144.0,"(AXM5207),(AXM5203)"
1710.0,AXM5204,2.762933403961718,105.91284777815618,9144.0,"(AXM5208),(AXM5202)"
1710.0,AXM5205,2.688057423984059,105.91885659261457,9144.0,"(AXM5208),(AXM5205)"
1710.0,AXM5207,2.843368168580427,105.40682591738286,9144.0,"(AXM5208),(AXM5234)"
1710.0,AXM5208,2.6741647710077423,105.99294103649598,9144.0,"(AXM5233),(AXM5202)"
1710.0,AXM5232,2.416950013842438,106.00868721243185,9144.0,"(AXM5233),(AXM5234)"
1710.0,AXM5233,2.6170976089601234,105.99941995876254,9144.0,"(AXM5234),(AXM5202)"
1710.0,AXM5234,2.667320831801974,106.01880572128627,9144.0,"(AXM5234),(AXM5205)"
1710.0,AXM5413,1.351064765167395,105.2858008191263,9144.0,"(AXM5234),(AXM5208)"
1710.0,AXM5414,1.401242432676217,107.41313936074789,9144.0,"(AXM5234),(AXM5233)"
1720.0,AXM1773,1.1839780157027846,105.3019967524227,9144.0
1720.0,AXM1793,3.8425349060212857,112.19575441569995,9144.0
1720.0,AXM5110,3.500931483261548,105.74243754731236,9144.0
1720.0,AXM5111,4.773077190190742,111.63186870788833,9144.0
1720.0,AXM5114,3.526831804915356,106.24622704906766,9144.0
1720.0,AXM5115,4.72823595575164,111.42827832335848,9144.0
1720.0,AXM5117,4.683584310114312,111.25326457326308,9144.0
1720.0,AXM5202,2.648319130884638,106.08695637662741,9144.0
1720.0,AXM5203,2.8139339289762995,105.37238183191356,9144.0
1720.0,AXM5204,2.75477272606138,105.94247443340356,9144.0
1720.0,AXM5205,2.6959943979829104,105.88600083750806,9144.0
1720.0,AXM5207,2.8508481403426393,105.37545168069772,9144.0
1720.0,AXM5208,2.666385857006027,106.02112759562871,9144.0
1720.0,AXM5232,2.4058761388730594,106.03593576645426,9144.0
1720.0,AXM5233,2.627585833195784,105.96892718825855,9144.0
1720.0,AXM5234,2.6594017482310908,106.04751212890994,9144.0
1720.0,AXM5413,1.3503157204522829,105.25469262942741,9144.0
1720.0,AXM5414,1.4019764958490577,107.44330445067884,9144.0
1720.0,AXM1773,1.1839780157027846,105.3019967524227,9144.0,"(AXM5202),(AXM5208)"
1720.0,AXM1793,3.8425349060212857,112.19575441569995,9144.0,"(AXM5202),(AXM5233)"
1720.0,AXM5110,3.500931483261548,105.74243754731236,9144.0,"(AXM5202),(AXM5234)"
1720.0,AXM5111,4.773077190190742,111.63186870788833,9144.0,"(AXM5203),(AXM5207)"
1720.0,AXM5114,3.526831804915356,106.24622704906766,9144.0,"(AXM5204),(AXM5205)"
1720.0,AXM5115,4.72823595575164,111.42827832335848,9144.0,"(AXM5205),(AXM5204)"
1720.0,AXM5117,4.683584310114312,111.25326457326308,9144.0,"(AXM5205),(AXM5208)"
1720.0,AXM5202,2.648319130884638,106.08695637662741,9144.0,"(AXM5207),(AXM5203)"
1720.0,AXM5203,2.8139339289762995,105.37238183191356,9144.0,"(AXM5208),(AXM5202)"
1720.0,AXM5204,2.75477272606138,105.94247443340356,9144.0,"(AXM5208),(AXM5205)"
1720.0,AXM5205,2.6959943979829104,105.88600083750806,9144.0,"(AXM5208),(AXM5233)"
1720.0,AXM5207,2.8508481403426393,105.37545168069772,9144.0,"(AXM5208),(AXM5234)"
1720.0,AXM5208,2.666385857006027,106.02112759562871,9144.0,"(AXM5233),(AXM5202)"
1720.0,AXM5232,2.4058761388730594,106.03593576645426,9144.0,"(AXM5233),(AXM5208)"
1720.0,AXM5233,2.627585833195784,105.96892718825855,9144.0,"(AXM5233),(AXM5234)"
1720.0,AXM5234,2.6594017482310908,106.04751212890994,9144.0,"(AXM5234),(AXM5202)"
1720.0,AXM5413,1.3503157204522829,105.25469262942741,9144.0,"(AXM5234),(AXM5208)"
1720.0,AXM5414,1.4019764958490577,107.44330445067884,9144.0,"(AXM5234),(AXM5233)"
1730.0,AXM1773,1.1832975430656882,105.27236863756531,9144.0
1730.0,AXM1793,3.831646735009707,112.16730559751583,9144.0
1730.0,AXM5110,3.5023911901620504,105.77202667747301,9144.0
1730.0,AXM5111,4.766595769109232,111.60157829995295,9144.0
1730.0,AXM5114,3.5283474526107494,106.27658943239842,9144.0
1730.0,AXM5115,4.720522965031797,111.39809928562946,9144.0
1730.0,AXM5117,4.674533541266788,111.2228509527239,9144.0
1730.0,AXM5202,2.640512141308075,106.11525905790343,9144.0
1730.0,AXM5203,2.820086266826697,105.33902553609364,9144.0
1730.0,AXM5204,2.7466113034730535,105.97210068028485,9144.0
1730.0,AXM5205,2.7039301503369955,105.85314457205365,9144.0
1730.0,AXM5207,2.8560015367688476,105.34361118465218,9144.0
1730.0,AXM5208,2.6586062483393205,106.04931378465098,9144.0
1730.0,AXM5232,2.395616080398533,106.06350141250236,9144.0
1730.0,AXM5233,2.6380704634766015,105.93843292262233,9144.0
1730.0,AXM5234,2.6514819454165894,106.07621815365071,9144.0
1730.0,AXM5413,1.3495802513192807,105.22417297175511,9144.0
1730.0,AXM5414,1.4027101184602562,107.47346956078924,9144.0
1730.0,AXM1773,1.1832975430656882,105.27236863756531,9144.0,"(AXM5202),(AXM5208)"
1730.0,AXM1793,3.831646735009707,112.16730559751583,9144.0,"(AXM5202),(AXM5234)"
1730.0,AXM5110,3.5023911901620504,105.77202667747301,9144.0,"(AXM5203),(AXM5207)"
1730.0,AXM5111,4.766595769109232,111.60157829995295,9144.0,"(AXM5204),(AXM5205)"
1730.0,AXM5114,3.5283474526107494,106.27658943239842,9144.0,"(AXM5205),(AXM5204)"
1730.0,AXM5115,4.720522965031797,111.39809928562946,9144.0,"(AXM5207),(AXM5203)"
1730.0,AXM5117,4.674533541266788,111.2228509527239,9144.0,"(AXM5208),(AXM5202)"
1730.0,AXM5202,2.640512141308075,106.11525905790343,9144.0,"(AXM5208),(AXM5233)"
1730.0,AXM5203,2.820086266826697,105.33902553609364,9144.0,"(AXM5208),(AXM5234)"
1730.0,AXM5204,2.7466113034730535,105.97210068028485,9144.0,"(AXM5233),(AXM5208)"
1730.0,AXM5205,2.7039301503369955,105.85314457205365,9144.0,"(AXM5234),(AXM5202)"
1730.0,AXM5207,2.8560015367688476,105.34361118465218,9144.0,"(AXM5234),(AXM5208)"
1740.0,AXM1773,1.1825008681235223,105.24274342929847,9144.0
1740.0,AXM1793,3.8207359339246754,112.13886585193266,9144.0
1740.0,AXM5110,3.5038437335477797,105.80149632119483,9144.0
1740.0,AXM5111,4.760112887881395,111.57128849224902,9144.0
1740.0,AXM5114,3.529887849673533,106.30695061576826,9144.0
1740.0,AXM5115,4.714776138393462,111.36748224035455,9144.0
1740.0,AXM5117,4.6654974592208545,111.19249438376221,9144.0
1740.0,AXM5202,2.6326883060666733,106.14361907458989,9144.0
1740.0,AXM5203,2.826247676371179,105.30561290393865,9144.0
1740.0,AXM5204,2.738449138213678,106.00172651992516,9144.0
1740.0,AXM5205,2.711863240327216,105.82028744707081,9144.0
1740.0,AXM5207,2.8571837173711105,105.31137701194783,9144.0
1740.0,AXM5208,2.6508259373502145,106.07749960193435,9144.0
1740.0,AXM5232,2.385334178900685,106.09112260105317,9144.0
1740.0,AXM5233,2.6485731384525444,105.90788333229584,9144.0
1740.0,AXM5234,2.6435614152315523,106.10492379377853,9144.0
1740.0,AXM5413,1.3488675117910394,105.19365278345148,9144.0
1740.0,AXM5414,1.4034432810434296,107.50363469154512,9144.0
1740.0,AXM1773,1.1825008681235223,105.24274342929847,9144.0,"(AXM5202),(AXM5208)"
1740.0,AXM1793,3.8207359339246754,112.13886585193266,9144.0,"(AXM5202),(AXM5234)"
1740.0,AXM5110,3.5038437335477797,105.80149632119483,9144.0,"(AXM5203),(AXM5207)"
1740.0,AXM5111,4.760112887881395,111.57128849224902,9144.0,"(AXM5207),(AXM5203)"
1740.0,AXM5114,3.529887849673533,106.30695061576826,9144.0,"(AXM5208),(AXM5202)"
1740.0,AXM5115,4.714776138393462,111.36748224035455,9144.0,"(AXM5208),(AXM5234)"
1740.0,AXM5117,4.6654974592208545,111.19249438376221,9144.0,"(AXM5234),(AXM5202)"
1740.0,AXM5202,2.6326883060666733,106.14361907458989,9144.0,"(AXM5234),(AXM5208)"
1750.0,AXM1773,1.1817058443766573,105.21323768670867,9144.0
1750.0,AXM1793,3.8098451342003865,112.11048227819317,9144.0
1750.0,AXM5110,3.5052941504658035,105.83096611573279,9144.0
1750.0,AXM5111,4.7536285131957445,111.54099929169796,9144.0
1750.0,AXM5114,3.531364352530774,106.33725565338312,9144.0
1750.0,AXM5115,4.71308749801865,111.33625522915162,9144.0
1750.0,AXM5117,4.655649138189802,111.16239363488462,9144.0
1750.0,AXM5202,2.624861451190397,106.17197807843236,9144.0
1750.0,AXM5203,2.8324073460653416,105.27219977268696,9144.0
1750.0,AXM5204,2.730286232291479,106.0313519534475,9144.0
1750.0,AXM5205,2.7176054897134705,105.78697635409132,9144.0
1750.0,AXM5207,2.8583624964496757,105.27920071659614,9144.0
1750.0,AXM5208,2.6430449116969164,106.10568504455374,9144.0
1750.0,AXM5232,2.3774041608687746,106.11950970052752,9144.0
1750.0,AXM5233,2.659075006276923,105.87733320434944,9144.0
1750.0,AXM5234,2.6356401444986126,106.13362904616588,9144.0
1750.0,AXM5413,1.348169425792742,105.16378469974886,9144.0
1750.0,AXM5414,1.404175941682476,107.53379984395661,9144.0
1750.0,AXM1773,1.1817058443766573,105.21323768670867,9144.0,"(AXM5202),(AXM5208)"
1750.0,AXM1793,3.8098451342003865,112.11048227819317,9144.0,"(AXM5202),(AXM5234)"
1750.0,AXM5110,3.5052941504658035,105.83096611573279,9144.0,"(AXM5203),(AXM5207)"
1750.0,AXM5111,4.7536285131957445,111.54099929169796,9144.0,"(AXM5207),(AXM5203)"
1750.0,AXM5114,3.531364352530774,106.33725565338312,9144.0,"(AXM5208),(AXM5202)"
1750.0,AXM5115,4.71308749801865,111.33625522915162,9144.0,"(AXM5208),(AXM5234)"
1750.0,AXM5117,4.655649138189802,111.16239363488462,9144.0,"(AXM5234),(AXM5202)"
1750.0,AXM5202,2.624861451190397,106.17197807843236,9144.0,"(AXM5234),(AXM5208)"
1760.0,AXM1773,1.1810455700905473,105.18372862681233,9144.0
1760.0,AXM1793,3.798952403870002,112.08209980740348,9144.0
1760.0,AXM5110,3.5068437227963205,105.86043089277167,9144.0
1760.0,AXM5111,4.747142586302371,111.51071071071335,9144.0
1760.0,AXM5114,3.5329681496725143,106.36755424871757,9144.0
1760.0,AXM5115,4.713056359114558,111.30480605281988,9144.0
1760.0,AXM5117,4.645835580294723,111.13240513527961,9144.0
1760.0,AXM5202,2.6170242615745565,106.20033404439417,9144.0
1760.0,AXM5203,2.8387045448559833,105.23881216868247,9144.0
1760.0,AXM5204,2.722122587705291,106.06097698197263,9144.0
1760.0,AXM5205,2.723365132576782,105.75355257544132,9144.0
1760.0,AXM5207,2.8595381520973557,105.24702427371284,9144.0
1760.0,AXM5208,2.635263149785496,106.13387010702284,9144.0
1760.0,AXM5232,2.3694572414831963,106.14795403253041,9144.0
1760.0,AXM5233,2.6695760521136576,105.8467825326813,9144.0
1760.0,AXM5234,2.627718109954463,106.16233390489441,9144.0
1760.0,AXM5413,1.3474973185083479,105.13391602808136,9144.0
1760.0,AXM5414,1.4049079419562258,107.56396502185885,9144.0
1760.0,AXM1773,1.1810455700905473,105.18372862681233,9144.0,"(AXM5202),(AXM5208)"
1760.0,AXM1793,3.798952403870002,112.08209980740348,9144.0,"(AXM5202),(AXM5234)"
1760.0,AXM5110,3.5068437227963205,105.86043089277167,9144.0,"(AXM5203),(AXM5207)"
1760.0,AXM5111,4.747142586302371,111.51071071071335,9144.0,"(AXM5207),(AXM5203)"
1760.0,AXM5114,3.5329681496725143,106.36755424871757,9144.0,"(AXM5208),(AXM5202)"
1760.0,AXM5115,4.713056359114558,111.30480605281988,9144.0,"(AXM5208),(AXM5234)"
1760.0,AXM5117,4.645835580294723,111.13240513527961,9144.0,"(AXM5234),(AXM5202)"
1760.0,AXM5202,2.6170242615745565,106.20033404439417,9144.0,"(AXM5234),(AXM5208)"
1770.0,AXM1773,1.1803907758794414,105.15457892887198,9144.0
1770.0,AXM1793,3.7880317707802216,112.05372846683302,9144.0
1770.0,AXM5110,3.508385798513,105.88977603737555,9144.0
1770.0,AXM5111,4.740654979736107,111.4804227765431,9144.0
1770.0,AXM5114,3.534560480540031,106.39767507706905,9144.0
1770.0,AXM5115,4.713023378412742,111.27335687987093,9144.0
1770.0,AXM5117,4.636019719598952,111.10241781136952,9144.0
1770.0,AXM5202,2.609186136224947,106.2286895741383,9144.0
1770.0,AXM5203,2.84502117439179,105.20531240328914,9144.0
1770.0,AXM5204,2.7139582064438037,106.09060160661886,9144.0
1770.0,AXM5205,2.7301333660192717,105.72031859705898,9144.0
1770.0,AXM5207,2.8598556208675605,105.21482786665777,9144.0
1770.0,AXM5208,2.627480607403929,106.16205477759415,9144.0
1770.0,AXM5232,2.3615085774167945,106.17639771319769,9144.0
1770.0,AXM5233,2.6800762550680526,105.81623130910467,9144.0
1770.0,AXM5234,2.619795263188353,106.19103835708734,9144.0
1770.0,AXM5413,1.3468367390142806,105.10458465113555,9144.0
1770.0,AXM5414,1.405636092461473,107.59413030239573,9144.0
1770.0,AXM1773,1.1803907758794414,105.15457892887198,9144.0,"(AXM5202),(AXM5208)"
1770.0,AXM1793,3.7880317707802216,112.05372846683302,9144.0,"(AXM5202),(AXM5234)"
1770.0,AXM5110,3.508385798513,105.88977603737555,9144.0,"(AXM5203),(AXM5207)"
1770.0,AXM5111,4.740654979736107,111.4804227765431,9144.0,"(AXM5207),(AXM5203)"
1770.0,AXM5114,3.534560480540031,106.39767507706905,9144.0,"(AXM5208),(AXM5202)"
1770.0,AXM5115,4.713023378412742,111.27335687987093,9144.0,"(AXM5208),(AXM5234)"
1770.0,AXM5117,4.636019719598952,111.10241781136952,9144.0,"(AXM5234),(AXM5202)"
1770.0,AXM5202,2.609186136224947,106.2286895741383,9144.0,"(AXM5234),(AXM5208)"
1780.0,AXM1773,1.1797008642016293,105.1254300485193,9144.0
1780.0,AXM1793,3.7771525104340435,112.0254687066268,9144.0
1780.0,AXM5110,3.5099262615026805,105.91912131538425,9144.0
1780.0,AXM5111,4.734165227296816,111.4501355895546,9144.0
1780.0,AXM5114,3.536108359588872,106.42779828158376,9144.0
1780.0,AXM5115,4.7129878975947745,111.24190771126732,9144.0
1780.0,AXM5117,4.626485711804311,111.07233949884582,9144.0
1780.0,AXM5202,2.601320253276537,106.2570372233642,9144.0
1780.0,AXM5203,2.851220448578646,105.1717904878504,9144.0
1780.0,AXM5204,2.7057930904847316,106.12022582850177,9144.0
1780.0,AXM5205,2.7369225333845524,105.68697265888349,9144.0
1780.0,AXM5207,2.8601710364700743,105.18268946840116,9144.0
1780.0,AXM5208,2.619697154699727,106.19023902081352,9144.0
1780.0,AXM5232,2.353321907928966,106.20477352453773,9144.0
1780.0,AXM5233,2.6905755819354873,105.78567952119577,9144.0
1780.0,AXM5234,2.611871455870635,106.21974236222039,9144.0
1780.0,AXM5413,1.346118796208499,105.07525463159092,9144.0
1780.0,AXM5414,1.406363749859802,107.6242956042416,9144.0
1780.0,AXM1773,1.1797008642016293,105.1254300485193,9144.0,"(AXM5202),(AXM5208)"
1780.0,AXM1793,3.7771525104340435,112.0254687066268,9144.0,"(AXM5202),(AXM5234)"
1780.0,AXM5110,3.5099262615026805,105.91912131538425,9144.0,"(AXM5203),(AXM5207)"
1780.0,AXM5111,4.734165227296816,111.4501355895546,9144.0,"(AXM5207),(AXM5203)"
1780.0,AXM5114,3.536108359588872,106.42779828158376,9144.0,"(AXM5208),(AXM5202)"
1780.0,AXM5115,4.7129878975947745,111.24190771126732,9144.0,"(AXM5208),(AXM5234)"
1780.0,AXM5117,4.626485711804311,111.07233949884582,9144.0,"(AXM5234),(AXM5202)"
1780.0,AXM5202,2.601320253276537,106.2570372233642,9144.0,"(AXM5234),(AXM5208)"
1790.0,AXM1773,1.178988248312335,105.09676343670434,9144.0
1790.0,AXM1793,3.7662705596589117,111.9972103406429,9144.0
1790.0,AXM5110,3.5114536988744876,105.9484673248236,9144.0
1790.0,AXM5111,4.726421169955895,111.42014696511592,9144.0
1790.0,AXM5114,3.537655042411558,106.4579215980383,9144.0
1790.0,AXM5115,4.713658874105049,111.21046569935854,9144.0
1790.0,AXM5117,4.616950077742597,111.04226210989263,9144.0
1790.0,AXM5202,2.593502915364942,106.28539815024881,9144.0
1790.0,AXM5203,2.8574287380967958,105.13821232902629,9144.0
1790.0,AXM5204,2.697627241793888,106.14984964873399,9144.0
1790.0,AXM5205,2.7433940087594553,105.65356328762216,9144.0
1790.0,AXM5207,2.861069422711567,105.15056208315416,9144.0
1790.0,AXM5208,2.61190922553157,106.2184218498138,9144.0
1790.0,AXM5232,2.3451179711570087,106.2332064091829,9144.0
1790.0,AXM5233,2.7010739678412965,105.75512714562895,9144.0
1790.0,AXM5234,2.603913059792928,106.24843659515345,9144.0
1790.0,AXM5413,1.3454150178705435,105.04652559840113,9144.0
1790.0,AXM5414,1.4070907953137626,107.65446093025153,9144.0
1790.0,AXM1773,1.178988248312335,105.09676343670434,9144.0,"(AXM5202),(AXM5208)"
1790.0,AXM1793,3.7662705596589117,111.9972103406429,9144.0,"(AXM5202),(AXM5234)"
1790.0,AXM5110,3.5114536988744876,105.9484673248236,9144.0,"(AXM5203),(AXM5207)"
1790.0,AXM5111,4.726421169955895,111.42014696511592,9144.0,"(AXM5207),(AXM5203)"
1790.0,AXM5114,3.537655042411558,106.4579215980383,9144.0,"(AXM5208),(AXM5202)"
1790.0,AXM5115,4.713658874105049,111.21046569935854,9144.0,"(AXM5208),(AXM5234)"
1790.0,AXM5117,4.616950077742597,111.04226210989263,9144.0,"(AXM5234),(AXM5202)"
1790.0,AXM5202,2.593502915364942,106.28539815024881,9144.0,"(AXM5234),(AXM5208)"
1800.0,AXM1773,1.1782842106891473,105.06845971640475,9144.0
1800.0,AXM1793,3.7554227328278453,111.96893915261266,9144.0
1800.0,AXM5110,3.512976923088851,105.97775350164254,9144.0
1800.0,AXM5111,4.718690189603181,111.39021625567462,9144.0
1800.0,AXM5114,3.539200342943853,106.48804503594421,9144.0
1800.0,AXM5115,4.714328813201417,111.17896495181822,9144.0
1800.0,AXM5117,4.607412252190333,111.01218582424474,9144.0
1800.0,AXM5202,2.5856837278618023,106.31375839115825,9144.0
1800.0,AXM5203,2.8636349073766274,105.1046335955431,9144.0
1800.0,AXM5204,2.689460662324152,106.1794730684249,9144.0
1800.0,AXM5205,2.749864365715372,105.62015351823844,9144.0
1800.0,AXM5207,2.8619680464965254,105.11837662149017,9144.0
1800.0,AXM5208,2.604126990872402,106.24660608069355,9144.0
1800.0,AXM5232,2.3369132502809764,106.26163890074507,9144.0
1800.0,AXM5233,2.711571211547409,105.72457411213347,9144.0
1800.0,AXM5234,2.59603078787997,106.27715169663598,9144.0
1800.0,AXM5413,1.3446947120478998,105.0177969835501,9144.0
1800.0,AXM5414,1.4078398579992875,107.68462572692616,9144.0
1800.0,AXM1773,1.1782842106891473,105.06845971640475,9144.0,"(AXM5202),(AXM5208)"
1800.0,AXM1793,3.7554227328278453,111.96893915261266,9144.0,"(AXM5202),(AXM5234)"
1800.0,AXM5110,3.512976923088851,105.97775350164254,9144.0,"(AXM5203),(AXM5207)"
1800.0,AXM5111,4.718690189603181,111.39021625567462,9144.0,"(AXM5207),(AXM5203)"
1800.0,AXM5114,3.539200342943853,106.48804503594421,9144.0,"(AXM5208),(AXM5202)"
1800.0,AXM5115,4.714328813201417,111.17896495181822,9144.0,"(AXM5208),(AXM5234)"
1800.0,AXM5117,4.607412252190333,111.01218582424474,9144.0,"(AXM5234),(AXM5202)"
1800.0,AXM5202,2.5856837278618023,106.31375839115825,9144.0,"(AXM5234),(AXM5208)"
1810.0,AXM1773,1.1776290717840687,105.04015482820196,9144.0
1810.0,AXM1793,3.744572801135468,111.9406691266836,9144.0
1810.0,AXM5110,3.514498945447321,106.0070397889527,9144.0
1810.0,AXM5111,4.710956816612271,111.36028650173367,9144.0
1810.0,AXM5114,3.5407421649651236,106.51816870292204,9144.0
1810.0,AXM5115,4.714949548159954,111.14746316127652,9144.0
1810.0,AXM5117,4.598017139541145,110.98206475974511,9144.0
1810.0,AXM5202,2.5778496046149657,106.34211432667755,9144.0
1810.0,AXM5203,2.8687585587130666,105.07087212384681,9144.0
1810.0,AXM5204,2.681293354014317,106.2090960886803,9144.0
1810.0,AXM5205,2.756333465056489,105.58674332336139,9144.0
1810.0,AXM5207,2.8625927363994554,105.08618464418996,9144.0
1810.0,AXM5208,2.5963120191119877,106.27490555587268,9144.0
1810.0,AXM5232,2.328707049248216,106.29007079853626,9144.0
1810.0,AXM5233,2.722163735153605,105.69405378675312,9144.0
1810.0,AXM5234,2.5880688517921278,106.30615347759985,9144.0
1810.0,AXM5413,1.3439875267565151,104.98961292829559,9144.0
1810.0,AXM5414,1.4085898321662311,107.7148498264535,9144.0
1810.0,AXM1773,1.1776290717840687,105.04015482820196,9144.0,"(AXM5202),(AXM5208)"
1810.0,AXM1793,3.744572801135468,111.9406691266836,9144.0,"(AXM5202),(AXM5234)"
1810.0,AXM5110,3.514498945447321,106.0070397889527,9144.0,"(AXM5203),(AXM5207)"
1810.0,AXM5111,4.710956816612271,111.36028650173367,9144.0,"(AXM5207),(AXM5203)"
1810.0,AXM5114,3.5407421649651236,106.51816870292204,9144.0,"(AXM5208),(AXM5202)"
1810.0,AXM5115,4.714949548159954,111.14746316127652,9144.0,"(AXM5208),(AXM5234)"
1810.0,AXM5117,4.598017139541145,110.98206475974511,9144.0,"(AXM5234),(AXM5202)"
1810.0,AXM5202,2.5778496046149657,106.34211432667755,9144.0,"(AXM5234),(AXM5208)"
1820.0,AXM1773,1.1769805275948098,105.0121535601418,9144.0
1820.0,AXM1793,3.7336643444850286,111.9124220799901,9144.0
1820.0,AXM5110,3.5160192818236027,106.0363262119037,9144.0
1820.0,AXM5111,4.703335498993219,111.33032815113516,9144.0
1820.0,AXM5114,3.5422990759583617,106.54829164149861,9144.0
1820.0,AXM5115,4.7155683492189056,111.11596130436568,9144.0
1820.0,AXM5117,4.588654763668364,110.95205670032337,9144.0
1820.0,AXM5202,2.570014699073394,106.37046987130826,9144.0
1820.0,AXM5203,2.8738973224019917,105.0369980657584,9144.0
1820.0,AXM5204,2.673125318787797,106.23871871060206,9144.0
1820.0,AXM5205,2.7628004492866562,105.5533325362945,9144.0
1820.0,AXM5207,2.86321830656767,105.05387668978791,9144.0
1820.0,AXM5208,2.588495988675547,106.3032045632848,9144.0
1820.0,AXM5232,2.3205118154759603,106.31850569960575,9144.0
1820.0,AXM5233,2.7327742740465526,105.66347814927818,9144.0
1820.0,AXM5234,2.580105676992715,106.33515473586178,9144.0
1820.0,AXM5413,1.3433821733276978,104.96142650765293,9144.0
1820.0,AXM5414,1.409338085411641,107.74507397836852,9144.0
1820.0,AXM1773,1.1769805275948098,105.0121535601418,9144.0,"(AXM5202),(AXM5208)"
1820.0,AXM1793,3.7336643444850286,111.9124220799901,9144.0,"(AXM5202),(AXM5234)"
1820.0,AXM5110,3.5160192818236027,106.0363262119037,9144.0,"(AXM5203),(AXM5207)"
1820.0,AXM5111,4.703335498993219,111.33032815113516,9144.0,"(AXM5207),(AXM5203)"
1820.0,AXM5114,3.5422990759583617,106.54829164149861,9144.0,"(AXM5208),(AXM5202)"
1820.0,AXM5115,4.7155683492189056,111.11596130436568,9144.0,"(AXM5208),(AXM5234)"
1820.0,AXM5117,4.588654763668364,110.95205670032337,9144.0,"(AXM5234),(AXM5202)"
1820.0,AXM5202,2.570014699073394,106.37046987130826,9144.0,"(AXM5234),(AXM5208)"
1830.0,AXM1773,1.1762911976437127,104.98415327378153,9144.0
1830.0,AXM1793,3.7227111698504474,111.8840654637196,9144.0
1830.0,AXM5110,3.5175066465847515,106.06561438100694,9144.0
1830.0,AXM5111,4.695741789575114,111.30048502540686,9144.0
1830.0,AXM5114,3.5438473677549265,106.57829592488268,9144.0
1830.0,AXM5115,4.716183847812584,111.08445935439973,9144.0
1830.0,AXM5117,4.579198040969809,110.92207882704449,9144.0
1830.0,AXM5202,2.562178854749197,106.39882498221029,9144.0
1830.0,AXM5203,2.8791648564758328,105.00314368642088,9144.0
1830.0,AXM5204,2.664956558551167,106.26834093528772,9144.0
1830.0,AXM5205,2.769263714882881,105.51992084589338,9144.0
1830.0,AXM5207,2.8639948665559567,105.02157199824434,9144.0
1830.0,AXM5208,2.5806989478810825,106.3315086455109,9144.0
1830.0,AXM5232,2.3123322973394282,106.34688274964321,9144.0
1830.0,AXM5233,2.7433835563986118,105.63290180401613,9144.0
1830.0,AXM5234,2.572054628714728,106.36413149001186,9144.0
1830.0,AXM5413,1.3427893867002045,104.93384935024072,9144.0
1830.0,AXM5414,1.410049065627609,107.77529903982251,9144.0
1830.0,AXM1773,1.1762911976437127,104.98415327378153,9144.0,"(AXM5202),(AXM5208)"
1830.0,AXM1793,3.7227111698504474,111.8840654637196,9144.0,"(AXM5202),(AXM5234)"
1830.0,AXM5110,3.5175066465847515,106.06561438100694,9144.0,"(AXM5203),(AXM5207)"
1830.0,AXM5111,4.695741789575114,111.30048502540686,9144.0,"(AXM5207),(AXM5203)"
1830.0,AXM5114,3.5438473677549265,106.57829592488268,9144.0,"(AXM5208),(AXM5202)"
1830.0,AXM5115,4.716183847812584,111.08445935439973,9144.0,"(AXM5208),(AXM5234)"
1830.0,AXM5117,4.579198040969809,110.92207882704449,9144.0,"(AXM5234),(AXM5202)"
1830.0,AXM5202,2.562178854749197,106.39882498221029,9144.0,"(AXM5234),(AXM5208)"
1840.0,AXM1773,1.1756119621599137,104.95657987979034,9144.0
1840.0,AXM1793,3.7117874876734316,111.85569777639756,9144.0
1840.0,AXM5110,3.5190015271369877,106.09508237789744,9144.0
1840.0,AXM5111,4.688146397154181,111.27064265555364,9144.0
1840.0,AXM5114,3.545334994585276,106.60830333726796,9144.0
1840.0,AXM5115,4.719227164321879,111.0530995381067,9144.0
1840.0,AXM5117,4.569721716006115,110.89204604889984,9144.0
1840.0,AXM5202,2.5543471558602038,106.42718106747934,9144.0
1840.0,AXM5203,2.8844306155233963,104.96928887362293,9144.0
1840.0,AXM5204,2.656787075192523,106.29796276383006,9144.0
1840.0,AXM5205,2.775714467807811,105.48656443990176,9144.0
1840.0,AXM5207,2.8647700807460694,104.98926725242745,9144.0
1840.0,AXM5208,2.572900964323506,106.35981229412346,9144.0
1840.0,AXM5232,2.3040544697133765,106.37523106630837,9144.0
1840.0,AXM5233,2.7538751406107225,105.60228451140884,9144.0
1840.0,AXM5234,2.5639706568543974,106.39322220593952,9144.0
1840.0,AXM5413,1.3420501516398256,104.90627574018481,9144.0
1840.0,AXM5414,1.410760943232758,107.80558336218384,9144.0
1840.0,AXM1773,1.1756119621599137,104.95657987979034,9144.0,"(AXM5202),(AXM5208)"
1840.0,AXM1793,3.7117874876734316,111.85569777639756,9144.0,"(AXM5202),(AXM5234)"
1840.0,AXM5110,3.5190015271369877,106.09508237789744,9144.0,"(AXM5203),(AXM5207)"
1840.0,AXM5111,4.688146397154181,111.27064265555364,9144.0,"(AXM5207),(AXM5203)"
1840.0,AXM5114,3.545334994585276,106.60830333726796,9144.0,"(AXM5208),(AXM5202)"
1840.0,AXM5115,4.719227164321879,111.0530995381067,9144.0,"(AXM5208),(AXM5234)"
1840.0,AXM5117,4.569721716006115,110.89204604889984,9144.0,"(AXM5234),(AXM5202)"
1840.0,AXM5202,2.5543471558602038,106.42718106747934,9144.0,"(AXM5234),(AXM5208)"
1850.0,AXM1773,1.1749246362554655,104.92900669315428,9144.0
1850.0,AXM1793,3.700841419092939,111.8272755563424,9144.0
1850.0,AXM5110,3.520534137535503,106.12454847772548,9144.0
1850.0,AXM5111,4.680548386660783,111.24080128090945,9144.0
1850.0,AXM5114,3.5468201071130214,106.63831092287316,9144.0
1850.0,AXM5115,4.722263358351145,111.0217978365316,9144.0
1850.0,AXM5117,4.560137756176839,110.8620480644757,9144.0
1850.0,AXM5202,2.5465147877561445,106.45553679488127,9144.0
1850.0,AXM5203,2.8896245338998865,104.93542278182179,9144.0
1850.0,AXM5204,2.6486168705796103,106.32758419731648,9144.0
1850.0,AXM5205,2.7822020134924297,105.4532150037541,9144.0
1850.0,AXM5207,2.865532806003729,104.95696218706276,9144.0
1850.0,AXM5208,2.565090320177616,106.38811227140559,9144.0
1850.0,AXM5232,2.2957591592691604,106.40363639098243,9144.0
1850.0,AXM5233,2.7644030648408693,105.57155709447503,9144.0
1850.0,AXM5234,2.555930196597983,106.42232481977247,9144.0
1850.0,AXM5413,1.3413202139380653,104.8790697788399,9144.0
1850.0,AXM5414,1.411472207966612,107.83586770821508,9144.0
1850.0,AXM1773,1.1749246362554655,104.92900669315428,9144.0,"(AXM5202),(AXM5208)"
1850.0,AXM1793,3.700841419092939,111.8272755563424,9144.0,"(AXM5202),(AXM5234)"
1850.0,AXM5110,3.520534137535503,106.12454847772548,9144.0,"(AXM5203),(AXM5207)"
1850.0,AXM5111,4.680548386660783,111.24080128090945,9144.0,"(AXM5207),(AXM5203)"
1850.0,AXM5114,3.5468201071130214,106.63831092287316,9144.0,"(AXM5208),(AXM5202)"
1850.0,AXM5115,4.722263358351145,111.0217978365316,9144.0,"(AXM5208),(AXM5234)"
1850.0,AXM5117,4.560137756176839,110.8620480644757,9144.0,"(AXM5234),(AXM5202)"
1850.0,AXM5202,2.5465147877561445,106.45553679488127,9144.0,"(AXM5234),(AXM5208)"
1860.0,AXM1773,1.1743185450659483,104.90143160646389,9144.0
1860.0,AXM1793,3.689894113570935,111.79885416541472,9144.0
1860.0,AXM5110,3.522074914797025,106.15419399519989,9144.0
1860.0,AXM5111,4.672940998256762,111.21096263569363,9144.0
1860.0,AXM5114,3.5483779592544997,106.66831485652172,9144.0
1860.0,AXM5115,4.7252980945205065,110.99049585561657,9144.0
1860.0,AXM5117,4.550534189040054,110.83199523140333,9144.0
1860.0,AXM5202,2.5386817448919348,106.48389216338366,9144.0
1860.0,AXM5203,2.894816731334571,104.90155627040703,9144.0
1860.0,AXM5204,2.6404459465577044,106.35720523682853,9144.0
1860.0,AXM5205,2.788677094769624,105.41992089571137,9144.0
1860.0,AXM5207,2.866339166927833,104.9246581613226,9144.0
1860.0,AXM5208,2.557279033343726,106.41641189836568,9144.0
1860.0,AXM5232,2.287462865563168,106.43204126344017,9144.0
1860.0,AXM5233,2.774946456279001,105.54083472018333,9144.0
1860.0,AXM5234,2.547904876191522,106.45136983460938,9144.0
1860.0,AXM5413,1.3406759618802355,104.85186165953928,9144.0
1860.0,AXM5414,1.4121739596006035,107.86615228545453,9144.0
1860.0,AXM1773,1.1743185450659483,104.90143160646389,9144.0,"(AXM5202),(AXM5208)"
1860.0,AXM1793,3.689894113570935,111.79885416541472,9144.0,"(AXM5202),(AXM5234)"
1860.0,AXM5110,3.522074914797025,106.15419399519989,9144.0,"(AXM5203),(AXM5207)"
1860.0,AXM5111,4.672940998256762,111.21096263569363,9144.0,"(AXM5207),(AXM5203)"
1860.0,AXM5114,3.5483779592544997,106.66831485652172,9144.0,"(AXM5208),(AXM5202)"
1860.0,AXM5115,4.7252980945205065,110.99049585561657,9144.0,"(AXM5208),(AXM5234)"
1860.0,AXM5117,4.550534189040054,110.83199523140333,9144.0,"(AXM5234),(AXM5202)"
1860.0,AXM5202,2.5386817448919348,106.48389216338366,9144.0,"(AXM5234),(AXM5208)"
1870.0,AXM1773,1.1737239517791977,104.87440861105186,9144.0
1870.0,AXM1793,3.6789440166286247,111.7704342040692,9144.0
1870.0,AXM5110,3.523614307729037,106.18383963389756,9144.0
1870.0,AXM5111,4.665360872703785,111.1812394638187,9144.0
1870.0,AXM5114,3.549937675623209,106.698378341871,9144.0
1870.0,AXM5115,4.728331367095225,110.95919359484697,9144.0
1870.0,AXM5117,4.540921962818891,110.80194558511535,9144.0
1870.0,AXM5202,2.5308480185395448,106.51224717107252,9144.0
1870.0,AXM5203,2.9001640657172683,104.86771380944595,9144.0
1870.0,AXM5204,2.6322743049471793,106.38682588344118,9144.0
1870.0,AXM5205,2.795115970949317,105.38661956772131,9144.0
1870.0,AXM5207,2.867140079072507,104.89229603935425,9144.0
1870.0,AXM5208,2.549467104762296,106.44471117576427,9144.0
1870.0,AXM5232,2.2795360668163682,106.46055146733961,9144.0
1870.0,AXM5233,2.7855075256884407,105.51005703434804,9144.0
1870.0,AXM5234,2.5398788865233746,106.4804144833895,9144.0
1870.0,AXM5413,1.3400398997524234,104.82502282674744,9144.0
1870.0,AXM5414,1.4128778365370251,107.89655524403838,9144.0
1870.0,AXM1773,1.1737239517791977,104.87440861105186,9144.0,"(AXM5202),(AXM5208)"
1870.0,AXM1793,3.6789440166286247,111.7704342040692,9144.0,"(AXM5202),(AXM5234)"
1870.0,AXM5110,3.523614307729037,106.18383963389756,9144.0,"(AXM5203),(AXM5207)"
1870.0,AXM5111,4.665360872703785,111.1812394638187,9144.0,"(AXM5207),(AXM5203)"
1870.0,AXM5114,3.549937675623209,106.698378341871,9144.0,"(AXM5208),(AXM5202)"
1870.0,AXM5115,4.728331367095225,110.95919359484697,9144.0,"(AXM5208),(AXM5234)"
1870.0,AXM5117,4.540921962818891,110.80194558511535,9144.0,"(AXM5234),(AXM5202)"
1870.0,AXM5202,2.5308480185395448,106.51224717107252,9144.0,"(AXM5234),(AXM5208)"
1880.0,AXM1773,1.1729962239755929,104.84738888158034,9144.0
1880.0,AXM1793,3.6680165626717174,111.74200584090666,9144.0
1880.0,AXM5110,3.5251443844822994,106.21348580547267,9144.0
1880.0,AXM5111,4.657784507641605,111.15151564728662,9144.0
1880.0,AXM5114,3.551495899651826,106.72844195563859,9144.0
1880.0,AXM5115,4.7313631694297325,110.92789105362057,9144.0
1880.0,AXM5117,4.531315008282671,110.7718946421627,9144.0
1880.0,AXM5202,2.5230135942032748,106.54060181443631,9144.0
1880.0,AXM5203,2.905510011693936,104.83387096845591,9144.0
1880.0,AXM5204,2.6241019475407157,106.416446138222,9144.0
1880.0,AXM5205,2.8015641358705694,105.3532619271133,9144.0
1880.0,AXM5207,2.867943421614306,104.8599339550487,9144.0
1880.0,AXM5208,2.5416545352469613,106.47301010432699,9144.0
1880.0,AXM5232,2.271592503683628,106.48911885783374,9144.0
1880.0,AXM5233,2.7960663362803087,105.47927829518302,9144.0
1880.0,AXM5234,2.5318522290030234,106.50945876704596,9144.0
1880.0,AXM5413,1.3393257645784529,104.79818596675854,9144.0
1880.0,AXM5414,1.413667295022274,107.92695610980392,9144.0
1880.0,AXM1773,1.1729962239755929,104.84738888158034,9144.0,"(AXM5202),(AXM5208)"
1880.0,AXM1793,3.6680165626717174,111.74200584090666,9144.0,"(AXM5202),(AXM5234)"
1880.0,AXM5110,3.5251443844822994,106.21348580547267,9144.0,"(AXM5203),(AXM5207)"
1880.0,AXM5111,4.657784507641605,111.15151564728662,9144.0,"(AXM5207),(AXM5203)"
1880.0,AXM5114,3.551495899651826,106.72844195563859,9144.0,"(AXM5208),(AXM5202)"
1880.0,AXM5115,4.7313631694297325,110.92789105362057,9144.0,"(AXM5208),(AXM5234)"
1880.0,AXM5117,4.531315008282671,110.7718946421627,9144.0,"(AXM5234),(AXM5202)"
1880.0,AXM5202,2.5230135942032748,106.54060181443631,9144.0,"(AXM5234),(AXM5208)"
1890.0,AXM1773,1.172251388426844,104.81975606001409,9144.0
1890.0,AXM1793,3.657023115396501,111.71341299467568,9144.0
1890.0,AXM5110,3.526696019825785,106.24313090173645,9144.0
1890.0,AXM5111,4.650220858801731,111.12185002237803,9144.0
1890.0,AXM5114,3.5530150742492537,106.75850762513174,9144.0
1890.0,AXM5115,4.73439349368199,110.89658823121998,9144.0
1890.0,AXM5117,4.521706300913998,110.74184466211285,9144.0
1890.0,AXM5202,2.5151784451979147,106.56895608658715,9144.0
1890.0,AXM5203,2.9108532898262776,104.80002754472956,9144.0
1890.0,AXM5204,2.61592887610008,106.44606600223037,9144.0
1890.0,AXM5205,2.8080776095130826,105.31991682196708,9144.0
1890.0,AXM5207,2.868746379464323,104.82745607783598,9144.0
1890.0,AXM5208,2.533841325457973,106.50130868473721,9144.0
1890.0,AXM5232,2.263647601110175,106.51768571840059,9144.0
1890.0,AXM5233,2.806275718418432,105.44838134165089,9144.0
1890.0,AXM5234,2.5238249049712462,106.53850268649315,9144.0
1890.0,AXM5413,1.338619316331052,104.77165806911066,9144.0
1890.0,AXM5414,1.4144576757921363,107.95741611530929,9144.0
1890.0,AXM1773,1.172251388426844,104.81975606001409,9144.0,"(AXM5202),(AXM5208)"
1890.0,AXM1793,3.657023115396501,111.71341299467568,9144.0,"(AXM5202),(AXM5234)"
1890.0,AXM5110,3.526696019825785,106.24313090173645,9144.0,"(AXM5203),(AXM5207)"
1890.0,AXM5111,4.650220858801731,111.12185002237803,9144.0,"(AXM5207),(AXM5203)"
1890.0,AXM5114,3.5530150742492537,106.75850762513174,9144.0,"(AXM5208),(AXM5202)"
1890.0,AXM5115,4.73439349368199,110.89658823121998,9144.0,"(AXM5208),(AXM5234)"
1890.0,AXM5117,4.521706300913998,110.74184466211285,9144.0,"(AXM5234),(AXM5202)"
1890.0,AXM5202,2.5151784451979147,106.56895608658715,9144.0,"(AXM5234),(AXM5208)"
1900.0,AXM1773,1.1716926782857076,104.79211885234888,9144.0
1900.0,AXM1793,3.6460047470046724,111.68483013263102,9144.0
1900.0,AXM5110,3.528270578886622,106.27325246382868,9144.0
1900.0,AXM5111,4.642649831348858,111.09218661074807,9144.0
1900.0,AXM5114,3.5545330880281467,106.78857340295386,9144.0
1900.0,AXM5115,4.737422330394537,110.86528512677208,9144.0
1900.0,AXM5117,4.5120909802707905,110.71179720909531,9144.0
1900.0,AXM5202,2.5073425110671557,106.59730997128293,9144.0
1900.0,AXM5203,2.9169515817145264,104.76631213625413,9144.0
1900.0,AXM5204,2.6077550923523796,106.47568547651633,9144.0
1900.0,AXM5205,2.8146007894367386,105.28651551571012,9144.0
1900.0,AXM5207,2.8693464708211405,104.7949737909354,9144.0
1900.0,AXM5208,2.5260274758676733,106.52960691762648,9144.0
1900.0,AXM5232,2.255804387619428,106.54628055493936,9144.0
1900.0,AXM5233,2.8165376769210773,105.41731912071886,9144.0
1900.0,AXM5234,2.515796915688794,106.5675462426235,9144.0
1900.0,AXM5413,1.3379673184447178,104.74512878363817,9144.0
1900.0,AXM5414,1.415179706002323,107.98787782816599,9144.0
1900.0,AXM1773,1.1716926782857076,104.79211885234888,9144.0,"(AXM5202),(AXM5208)"
1900.0,AXM1793,3.6460047470046724,111.68483013263102,9144.0,"(AXM5202),(AXM5234)"
1900.0,AXM5110,3.528270578886622,106.27325246382868,9144.0,"(AXM5203),(AXM5207)"
1900.0,AXM5111,4.642649831348858,111.09218661074807,9144.0,"(AXM5207),(AXM5203)"
1900.0,AXM5114,3.5545330880281467,106.78857340295386,9144.0,"(AXM5208),(AXM5202)"
1900.0,AXM5115,4.737422330394537,110.86528512677208,9144.0,"(AXM5208),(AXM5234)"
1900.0,AXM5117,4.5120909802707905,110.71179720909531,9144.0,"(AXM5234),(AXM5202)"
1900.0,AXM5202,2.5073425110671557,106.59730997128293,9144.0,"(AXM5234),(AXM5208)"
1910.0,AXM1773,1.171135774989509,104.76460394943363,9144.0
1910.0,AXM1793,3.6349416882293166,111.65613822558288,9144.0
1910.0,AXM5110,3.5297902133474532,106.30337690681118,9144.0
1910.0,AXM5111,4.635077048384103,111.06252396830519,9144.0
1910.0,AXM5114,3.5560498266382514,106.81863929483083,9144.0
1910.0,AXM5115,4.74044966785417,110.83398173918611,9144.0
1910.0,AXM5117,4.502572025433026,110.68171929180573,9144.0
1910.0,AXM5202,2.499505551693097,106.62566340251847,9144.0
1910.0,AXM5203,2.923056895188429,104.73254023134163,9144.0
1910.0,AXM5204,2.5995805979856965,106.50530456211946,9144.0
1910.0,AXM5205,2.8211225078575177,105.25311373623413,9144.0
1910.0,AXM5207,2.8699456206949576,104.76243365448235,9144.0
1910.0,AXM5208,2.518212986714773,106.55790480356185,9144.0
1910.0,AXM5232,2.2479443634342173,106.57493252694492,9144.0
1910.0,AXM5233,2.827792647443419,105.38660330139962,9144.0
1910.0,AXM5234,2.507768262322441,106.59658943630365,9144.0
1910.0,AXM5413,1.3373088129139235,104.71835226027163,9144.0
1910.0,AXM5414,1.4159039337065393,108.01845767599048,9144.0
1910.0,AXM1773,1.171135774989509,104.76460394943363,9144.0,"(AXM5202),(AXM5208)"
1910.0,AXM1793,3.6349416882293166,111.65613822558288,9144.0,"(AXM5202),(AXM5234)"
1910.0,AXM5110,3.5297902133474532,106.30337690681118,9144.0,"(AXM5203),(AXM5207)"
1910.0,AXM5111,4.635077048384103,111.06252396830519,9144.0,"(AXM5207),(AXM5203)"
1910.0,AXM5114,3.5560498266382514,106.81863929483083,9144.0,"(AXM5208),(AXM5202)"
1910.0,AXM5115,4.74044966785417,110.83398173918611,9144.0,"(AXM5208),(AXM5234)"
1910.0,AXM5117,4.502572025433026,110.68171929180573,9144.0,"(AXM5234),(AXM5202)"
1910.0,AXM5202,2.499505551693097,106.62566340251847,9144.0,"(AXM5234),(AXM5208)"
1920.0,AXM1773,1.1704108442964294,104.737092969484,9144.0
1920.0,AXM1793,3.6238692844114078,111.62745028975898,9144.0
1920.0,AXM5110,3.53130265516565,106.33338261953416,9144.0
1920.0,AXM5111,4.627498520859661,111.0328631204826,9144.0
1920.0,AXM5114,3.5575648125004578,106.84870532483389,9144.0
1920.0,AXM5115,4.743475491061809,110.80267806705405,9144.0
1920.0,AXM5117,4.493014811221866,110.65153108865817,9144.0
1920.0,AXM5202,2.4916489644381348,106.65401122147523,9144.0
1920.0,AXM5203,2.9298125010998675,104.69889249671377,9144.0
1920.0,AXM5204,2.5914053946439504,106.5349232600674,9144.0
1920.0,AXM5205,2.8276021861849676,105.21970356959322,9144.0
1920.0,AXM5207,2.8703474123432624,104.72989046371099,9144.0
1920.0,AXM5208,2.5103978579424906,106.58620234302873,9144.0
1920.0,AXM5232,2.239947217581924,106.60354631438915,9144.0
1920.0,AXM5233,2.839065747218972,105.35583243314085,9144.0
1920.0,AXM5234,2.499738945927598,106.62563226836961,9144.0
1920.0,AXM5413,1.3366389217937638,104.69157602678939,9144.0
1920.0,AXM5414,1.4167051653866827,108.04903561250227,9144.0
1920.0,AXM1773,1.1704108442964294,104.737092969484,9144.0,"(AXM5202),(AXM5208)"
1920.0,AXM1793,3.6238692844114078,111.62745028975898,9144.0,"(AXM5202),(AXM5234)"
1920.0,AXM5110,3.53130265516565,106.33338261953416,9144.0,"(AXM5203),(AXM5207)"
1920.0,AXM5111,4.627498520859661,111.0328631204826,9144.0,"(AXM5207),(AXM5203)"
1920.0,AXM5114,3.5575648125004578,106.84870532483389,9144.0,"(AXM5208),(AXM5202)"
1920.0,AXM5115,4.743475491061809,110.80267806705405,9144.0,"(AXM5208),(AXM5234)"
1920.0,AXM5117,4.493014811221866,110.65153108865817,9144.0,"(AXM5234),(AXM5202)"
1920.0,AXM5202,2.4916489644381348,106.65401122147523,9144.0,"(AXM5234),(AXM5208)"
1930.0,AXM1773,1.1696965045189536,104.71001135789575,9144.0
1930.0,AXM1793,3.612709619641639,111.59854362282533,9144.0
1930.0,AXM5110,3.532813702507758,106.36338845162555,9144.0
1930.0,AXM5111,4.619925564863735,111.00320115740699,9144.0
1930.0,AXM5114,3.559809816469347,106.87872556937107,9144.0
1930.0,AXM5115,4.746499779962631,110.77137410847926,9144.0
1930.0,AXM5117,4.483128669811651,110.6214500620712,9144.0
1930.0,AXM5202,2.4837916190671283,106.68235866101527,9144.0
1930.0,AXM5203,2.9365546863221184,104.66529965695516,9144.0
1930.0,AXM5204,2.5832294839208254,106.56454157137416,9144.0
1930.0,AXM5205,2.834080389758125,105.1862929294761,9144.0
1930.0,AXM5207,2.8707484660337017,104.69728948080076,9144.0
1930.0,AXM5208,2.5025820891127477,106.61449953640708,9144.0
1930.0,AXM5232,2.231933346403382,106.63221721049203,9144.0
1930.0,AXM5233,2.8494802158915724,105.3247594353844,9144.0
1930.0,AXM5234,2.4917089674263546,106.65467473962067,9144.0
1930.0,AXM5413,1.3360720985109282,104.66479741809917,9144.0
1930.0,AXM5414,1.4175088790293742,108.07973151667908,9144.0
1930.0,AXM1773,1.1696965045189536,104.71001135789575,9144.0,"(AXM5202),(AXM5208)"
1930.0,AXM1793,3.612709619641639,111.59854362282533,9144.0,"(AXM5202),(AXM5234)"
1930.0,AXM5110,3.532813702507758,106.36338845162555,9144.0,"(AXM5203),(AXM5207)"
1930.0,AXM5111,4.619925564863735,111.00320115740699,9144.0,"(AXM5207),(AXM5203)"
1930.0,AXM5114,3.559809816469347,106.87872556937107,9144.0,"(AXM5208),(AXM5202)"
1930.0,AXM5115,4.746499779962631,110.77137410847926,9144.0,"(AXM5208),(AXM5234)"
1930.0,AXM5117,4.483128669811651,110.6214500620712,9144.0,"(AXM5234),(AXM5202)"
1930.0,AXM5202,2.4837916190671283,106.68235866101527,9144.0,"(AXM5234),(AXM5208)"
1940.0,AXM1773,1.1691320395349063,104.68292621193609,9144.0
1940.0,AXM1793,3.6015602898868724,111.56963330684475,9144.0
1940.0,AXM5110,3.534319887904968,106.39339457780257,9144.0
1940.0,AXM5111,4.612336458573538,110.97348252424733,9144.0
1940.0,AXM5114,3.5620754577025306,106.90904214296914,9144.0
1940.0,AXM5115,4.749522506127215,110.7400698607553,9144.0
1940.0,AXM5117,4.473239897167313,110.5913703122796,9144.0
1940.0,AXM5202,2.475933356777855,106.71070567753029,9144.0
1940.0,AXM5203,2.9429275169424285,104.63163441273538,9144.0
1940.0,AXM5204,2.5750528673525315,106.59415949703815,9144.0
1940.0,AXM5205,2.8405553525793983,105.15288147247975,9144.0
1940.0,AXM5207,2.87126574788445,104.66469012430099,9144.0
1940.0,AXM5208,2.4947656792835904,106.64279638393748,9144.0
1940.0,AXM5232,2.2239187307270685,106.66088774214705,9144.0
1940.0,AXM5233,2.859893231443458,105.29368566782375,9144.0
1940.0,AXM5234,2.4836783275793506,106.68371685081158,9144.0
1940.0,AXM5413,1.3355156621679585,104.63857623722535,9144.0
1940.0,AXM5414,1.418323450873281,108.11042714525945,9144.0
1940.0,AXM1773,1.1691320395349063,104.68292621193609,9144.0,"(AXM5202),(AXM5208)"
1940.0,AXM1793,3.6015602898868724,111.56963330684475,9144.0,"(AXM5202),(AXM5234)"
1940.0,AXM5110,3.534319887904968,106.39339457780257,9144.0,"(AXM5203),(AXM5207)"
1940.0,AXM5111,4.612336458573538,110.97348252424733,9144.0,"(AXM5207),(AXM5203)"
1940.0,AXM5114,3.5620754577025306,106.90904214296914,9144.0,"(AXM5208),(AXM5202)"
1940.0,AXM5115,4.749522506127215,110.7400698607553,9144.0,"(AXM5208),(AXM5234)"
1940.0,AXM5117,4.473239897167313,110.5913703122796,9144.0,"(AXM5234),(AXM5202)"
1940.0,AXM5202,2.475933356777855,106.71070567753029,9144.0,"(AXM5234),(AXM5208)"
1950.0,AXM1773,1.168571895856718,104.65608744511448,9144.0
1950.0,AXM1793,3.5903662443991236,111.54061448574598,9144.0
1950.0,AXM5110,3.5359127677743314,106.42339626114226,9144.0
1950.0,AXM5111,4.604745622717867,110.94376465305712,9144.0
1950.0,AXM5114,3.568408818184496,106.93877416177538,9144.0
1950.0,AXM5115,4.752543625714456,110.7087653196845,9144.0
1950.0,AXM5117,4.463681100679145,110.56118382364967,9144.0
1950.0,AXM5202,2.468098726034972,106.73905907934487,9144.0
1950.0,AXM5203,2.9492986381556983,104.59796865145532,9144.0
1950.0,AXM5204,2.5668755464091046,106.62377703803972,9144.0
1950.0,AXM5205,2.847028893248816,105.11946955170919,9144.0
1950.0,AXM5207,2.871781654428176,104.63209073122873,9144.0
1950.0,AXM5208,2.486948626827778,106.67109288567084,9144.0
1950.0,AXM5232,2.215902913727093,106.6895577819644,9144.0
1950.0,AXM5233,2.8705386725969353,105.26269066567893,9144.0
1950.0,AXM5234,2.4756470269491375,106.71275860264238,9144.0
1950.0,AXM5413,1.3363131309492877,104.61236127470166,9144.0
1950.0,AXM5414,1.4191375322606383,108.14112279766076,9144.0
1950.0,AXM1773,1.168571895856718,104.65608744511448,9144.0,"(AXM5202),(AXM5208)"
1950.0,AXM1793,3.5903662443991236,111.54061448574598,9144.0,"(AXM5202),(AXM5234)"
1950.0,AXM5110,3.5359127677743314,106.42339626114226,9144.0,"(AXM5203),(AXM5207)"
1950.0,AXM5111,4.604745622717867,110.94376465305712,9144.0,"(AXM5207),(AXM5203)"
1950.0,AXM5114,3.568408818184496,106.93877416177538,9144.0,"(AXM5208),(AXM5202)"
1950.0,AXM5115,4.752543625714456,110.7087653196845,9144.0,"(AXM5208),(AXM5234)"
1950.0,AXM5117,4.463681100679145,110.56118382364967,9144.0,"(AXM5234),(AXM5202)"
1950.0,AXM5202,2.468098726034972,106.73905907934487,9144.0,"(AXM5234),(AXM5208)"
1960.0,AXM1773,1.1679203710104398,104.6292507482102,9144.0
1960.0,AXM1793,3.5791381495448493,111.51160923009972,9144.0
1960.0,AXM5110,3.5375008211672285,106.45333861034969,9144.0
1960.0,AXM5111,4.597150282141265,110.91404825735519,9144.0
1960.0,AXM5114,3.5760168603372113,106.96832727981116,9144.0
1960.0,AXM5115,4.755563061483365,110.67746047783584,9144.0
1960.0,AXM5117,4.454155104091377,110.53111014012177,9144.0
1960.0,AXM5202,2.460215642996605,106.76758514343355,9144.0
1960.0,AXM5203,2.9557741130845345,104.56432266310782,9144.0
1960.0,AXM5204,2.5586975224838633,106.65339419533828,9144.0
1960.0,AXM5205,2.853459407277142,105.08604911599835,9144.0
1960.0,AXM5207,2.8722839328595846,104.59949111045927,9144.0
1960.0,AXM5208,2.4791309291524195,106.69938904139075,9144.0
1960.0,AXM5232,2.2087289098355103,106.71845015540299,9144.0
1960.0,AXM5233,2.8811828849048773,105.23169495117685,9144.0
1960.0,AXM5234,2.4676150658515557,106.74179999574493,9144.0
1960.0,AXM5413,1.3371109262288774,104.58608415618433,9144.0
1960.0,AXM5414,1.4199510643508166,108.17181847543453,9144.0
1960.0,AXM1773,1.1679203710104398,104.6292507482102,9144.0,"(AXM5202),(AXM5208)"
1960.0,AXM1793,3.5791381495448493,111.51160923009972,9144.0,"(AXM5202),(AXM5234)"
1960.0,AXM5110,3.5375008211672285,106.45333861034969,9144.0,"(AXM5208),(AXM5202)"
1960.0,AXM5111,4.597150282141265,110.91404825735519,9144.0,"(AXM5208),(AXM5234)"
1960.0,AXM5114,3.5760168603372113,106.96832727981116,9144.0,"(AXM5234),(AXM5202)"
1960.0,AXM5115,4.755563061483365,110.67746047783584,9144.0,"(AXM5234),(AXM5208)"
1970.0,AXM1773,1.1672814357911487,104.60297098748886,9144.0
1970.0,AXM1793,3.5678875144418747,111.48255003859397,9144.0
1970.0,AXM5110,3.5389854157334626,106.48328633576101,9144.0
1970.0,AXM5111,4.589626784622307,110.88431378704261,9144.0
1970.0,AXM5114,3.583623932259858,106.9978808940531,9144.0
1970.0,AXM5115,4.7585806389854595,110.64615531836378,9144.0
1970.0,AXM5117,4.444483429923984,110.50108366653419,9144.0
1970.0,AXM5202,2.4523319059026085,106.79611085806326,9144.0
1970.0,AXM5203,2.9622479407911504,104.53067616042294,9144.0
1970.0,AXM5204,2.5505187968805005,106.68301096986868,9144.0
1970.0,AXM5205,2.860025503254789,105.05265492796919,9144.0
1970.0,AXM5207,2.8726776922076036,104.56688998334249,9144.0
1970.0,AXM5208,2.471312582241549,106.72768485048664,9144.0
1970.0,AXM5232,2.201525241585336,106.74745782289237,9144.0
1970.0,AXM5233,2.8910302728694335,105.20043601941273,9144.0
1970.0,AXM5234,2.459582444289785,106.77084103066454,9144.0
1970.0,AXM5413,1.337194161676707,104.55979505394404,9144.0
1970.0,AXM5414,1.4207637153501524,108.2025141873567,9144.0
1970.0,AXM1773,1.1672814357911487,104.60297098748886,9144.0,"(AXM5202),(AXM5208)"
1970.0,AXM1793,3.5678875144418747,111.48255003859397,9144.0,"(AXM5202),(AXM5234)"
1970.0,AXM5110,3.5389854157334626,106.48328633576101,9144.0,"(AXM5208),(AXM5202)"
1970.0,AXM5111,4.589626784622307,110.88431378704261,9144.0,"(AXM5208),(AXM5234)"
1970.0,AXM5114,3.583623932259858,106.9978808940531,9144.0,"(AXM5234),(AXM5202)"
1970.0,AXM5115,4.7585806389854595,110.64615531836378,9144.0,"(AXM5234),(AXM5208)"
1980.0,AXM1773,1.166731309263544,104.57668922201871,9144.0
1980.0,AXM1793,3.55668371164164,111.45347304239921,9144.0
1980.0,AXM5110,3.540474295719495,106.51335311863788,9144.0
1980.0,AXM5111,4.582058098263397,110.85440808794553,9144.0
1980.0,AXM5114,3.591230030681688,107.02743500580985,9144.0
1980.0,AXM5115,4.76159557526367,110.61484976547383,9144.0
1980.0,AXM5117,4.434809263919535,110.47105839416321,9144.0
1980.0,AXM5202,2.4444475088010167,106.82463622209987,9144.0
1980.0,AXM5203,2.968714912845269,104.49702813911355,9144.0
1980.0,AXM5204,2.542339370797115,106.7126273625368,9144.0
1980.0,AXM5205,2.8665891555421035,105.0192600670048,9144.0
1980.0,AXM5207,2.8730625169973716,104.5342887382808,9144.0
1980.0,AXM5208,2.4634935798556583,106.75598031173212,9144.0
1980.0,AXM5232,2.196461540407595,106.77691507066713,9144.0
1980.0,AXM5233,2.9008765265856873,105.16917645769263,9144.0
1980.0,AXM5234,2.4515491618626006,106.79988170783461,9144.0
1980.0,AXM5413,1.3372743973081689,104.53375473249987,9144.0
1980.0,AXM5414,1.421544573563441,108.23321073538503,9144.0
1980.0,AXM1773,1.166731309263544,104.57668922201871,9144.0,"(AXM5202),(AXM5208)"
1980.0,AXM1793,3.55668371164164,111.45347304239921,9144.0,"(AXM5202),(AXM5234)"
1980.0,AXM5110,3.540474295719495,106.51335311863788,9144.0,"(AXM5208),(AXM5202)"
1980.0,AXM5111,4.582058098263397,110.85440808794553,9144.0,"(AXM5208),(AXM5234)"
1980.0,AXM5114,3.591230030681688,107.02743500580985,9144.0,"(AXM5234),(AXM5202)"
1980.0,AXM5115,4.76159557526367,110.61484976547383,9144.0,"(AXM5234),(AXM5208)"
1990.0,AXM1773,1.1661931888373014,104.55109325976134,9144.0
1990.0,AXM1793,3.545499961135897,111.42445165351079,9144.0
1990.0,AXM5110,3.5420764462762446,106.54341410825954,9144.0
1990.0,AXM5111,4.574486367363341,110.82450348095057,9144.0
1990.0,AXM5114,3.598835152194654,107.05698961642497,9144.0
1990.0,AXM5115,4.761646273584397,110.58339840446035,9144.0
1990.0,AXM5117,4.425242737507283,110.44099883458291,9144.0
1990.0,AXM5202,2.4365624421785355,106.85316123342251,9144.0
1990.0,AXM5203,2.9751695743368796,104.46343529232286,9144.0
1990.0,AXM5204,2.534159245306207,106.742243374214,9144.0
1990.0,AXM5205,2.8729916850535906,104.98583367560575,9144.0
1990.0,AXM5207,2.87384318249154,104.50169456514824,9144.0
1990.0,AXM5208,2.455673911992387,106.78427542285839,9144.0
1990.0,AXM5232,2.1914070172712234,106.8063133520924,9144.0
1990.0,AXM5233,2.910720962893557,105.13791604947498,9144.0
1990.0,AXM5234,2.4435152176328487,106.82892202754005,9144.0
1990.0,AXM5413,1.3378206911120067,104.50772001559305,9144.0
1990.0,AXM5414,1.4223245769894244,108.26390731553204,9144.0
1990.0,AXM1773,1.1661931888373014,104.55109325976134,9144.0,"(AXM5202),(AXM5208)"
1990.0,AXM1793,3.545499961135897,111.42445165351079,9144.0,"(AXM5202),(AXM5234)"
1990.0,AXM5110,3.5420764462762446,106.54341410825954,9144.0,"(AXM5208),(AXM5202)"
1990.0,AXM5111,4.574486367363341,110.82450348095057,9144.0,"(AXM5208),(AXM5234)"
1990.0,AXM5114,3.598835152194654,107.05698961642497,9144.0,"(AXM5234),(AXM5202)"
1990.0,AXM5115,4.761646273584397,110.58339840446035,9144.0,"(AXM5234),(AXM5208)"
2000.0,AXM1773,1.1656489848238212,104.52549743112758,9144.0
2000.0,AXM1793,3.5343150235237077,111.39543107433556,9144.0
2000.0,AXM5110,3.543680152722076,106.57353462729897,9144.0
2000.0,AXM5111,4.566801899001919,110.79462814957917,9144.0
2000.0,AXM5114,3.6064392932290383,107.08654472728314,9144.0
2000.0,AXM5115,4.761696279726702,110.55142039961497,9144.0
2000.0,AXM5117,4.415709249666914,110.41105216366931,9144.0
2000.0,AXM5202,2.428676689858308,106.88168588806394,9144.0
2000.0,AXM5203,2.9816288925220604,104.42984314600108,9144.0
2000.0,AXM5204,2.5259784213292917,106.77185900573006,9144.0
2000.0,AXM5205,2.8793922715052496,104.95240672354345,9144.0
2000.0,AXM5207,2.8746152349409746,104.46915794796439,9144.0
2000.0,AXM5208,2.4478535615002355,106.81257017961616,9144.0
2000.0,AXM5232,2.186345686289899,106.83571036124461,9144.0
2000.0,AXM5233,2.9190114771165008,105.10620672763827,9144.0
2000.0,AXM5234,2.4354806099319735,106.85796198986303,9144.0
2000.0,AXM5413,1.3381942610619157,104.481557742466,9144.0
2000.0,AXM5414,1.4231930467664686,108.29460153026017,9144.0
2000.0,AXM1773,1.1656489848238212,104.52549743112758,9144.0,"(AXM5202),(AXM5208)"
2000.0,AXM1793,3.5343150235237077,111.39543107433556,9144.0,"(AXM5202),(AXM5234)"
2000.0,AXM5110,3.543680152722076,106.57353462729897,9144.0,"(AXM5208),(AXM5202)"
2000.0,AXM5111,4.566801899001919,110.79462814957917,9144.0,"(AXM5208),(AXM5234)"
2000.0,AXM5114,3.6064392932290383,107.08654472728314,9144.0,"(AXM5234),(AXM5202)"
2000.0,AXM5115,4.761696279726702,110.55142039961497,9144.0,"(AXM5234),(AXM5208)"
2010.0,AXM1773,1.1651166482620707,104.50052990706978,9144.0
2010.0,AXM1793,3.523128244276645,111.36641155712464,9144.0
2010.0,AXM5110,3.5451545251649876,106.60366182742784,9144.0
2010.0,AXM5111,4.559071616626441,110.76458214630581,9144.0
2010.0,AXM5114,3.614042450022946,107.11610033981802,9144.0
2010.0,AXM5115,4.761744704335323,110.51944239006733,9144.0
2010.0,AXM5117,4.406110746648301,110.38112677868587,9144.0
2010.0,AXM5202,2.4207902208204586,106.91021017794402,9144.0
2010.0,AXM5203,2.9880759362578,104.39630621774641,9144.0
2010.0,AXM5204,2.5177968996041753,106.80147425786416,9144.0
2010.0,AXM5205,2.885954619326557,104.9190110384681,9144.0
2010.0,AXM5207,2.875005744586857,104.43661448674175,9144.0
2010.0,AXM5208,2.4400324948881074,106.84086457322954,9144.0
2010.0,AXM5232,2.1812836343918307,106.86510714704596,9144.0
2010.0,AXM5233,2.9273002944895463,105.07449672680394,9144.0
2010.0,AXM5234,2.4274453360563384,106.88700159459879,9144.0
2010.0,AXM5413,1.3385611985188708,104.45583192399174,9144.0
2010.0,AXM5414,1.4240573401082257,108.32517784553146,9144.0
2010.0,AXM1773,1.1651166482620707,104.50052990706978,9144.0,"(AXM5202),(AXM5208)"
2010.0,AXM1793,3.523128244276645,111.36641155712464,9144.0,"(AXM5202),(AXM5234)"
2010.0,AXM5110,3.5451545251649876,106.60366182742784,9144.0,"(AXM5208),(AXM5202)"
2010.0,AXM5111,4.559071616626441,110.76458214630581,9144.0,"(AXM5208),(AXM5234)"
2010.0,AXM5114,3.614042450022946,107.11610033981802,9144.0,"(AXM5234),(AXM5202)"
2010.0,AXM5115,4.761744704335323,110.51944239006733,9144.0,"(AXM5234),(AXM5208)"
2020.0,AXM1773,1.1645951406358481,104.47556215900231,9144.0
2020.0,AXM1793,3.5119866410270246,111.33737494655921,9144.0
2020.0,AXM5110,3.546627293450521,106.6337891543074,9144.0
2020.0,AXM5111,4.55133752690768,110.73453745219486,9144.0
2020.0,AXM5114,3.621644618583623,107.14565645552221,9144.0
2020.0,AXM5115,4.761791529947722,110.48746437594475,9144.0
2020.0,AXM5117,4.3965283541039,110.35125822632635,9144.0
2020.0,AXM5202,2.4129029583656623,106.93873408232537,9144.0
2020.0,AXM5203,2.9944926901034825,104.36276326870426,9144.0
2020.0,AXM5204,2.509614680642049,106.83108913133286,9144.0
2020.0,AXM5205,2.892515412101941,104.88561485408266,9144.0
2020.0,AXM5207,2.875393425061691,104.40407098054851,9144.0
2020.0,AXM5208,2.432210625570903,106.86915858021412,9144.0
2020.0,AXM5232,2.176220706581684,106.89450368295935,9144.0
2020.0,AXM5233,2.936162183742454,105.04294223998023,9144.0
2020.0,AXM5234,2.4194093917684465,106.91604084111714,9144.0
2020.0,AXM5413,1.3430180616043668,104.43049262019798,9144.0
2020.0,AXM5414,1.4247690002024984,108.35575810590913,9144.0
2020.0,AXM1773,1.1645951406358481,104.47556215900231,9144.0,"(AXM5202),(AXM5208)"
2020.0,AXM1793,3.5119866410270246,111.33737494655921,9144.0,"(AXM5202),(AXM5234)"
2020.0,AXM5110,3.546627293450521,106.6337891543074,9144.0,"(AXM5208),(AXM5202)"
2020.0,AXM5111,4.55133752690768,110.73453745219486,9144.0,"(AXM5208),(AXM5234)"
2020.0,AXM5114,3.621644618583623,107.14565645552221,9144.0,"(AXM5234),(AXM5202)"
2020.0,AXM5115,4.761791529947722,110.48746437594475,9144.0,"(AXM5234),(AXM5208)"
2030.0,AXM1773,1.168179960049374,104.45116698388527,9144.0
2030.0,AXM1793,3.5007801840127595,111.30817486956659,9144.0
2030.0,AXM5110,3.5481869283891116,106.6639121432153,9144.0
2030.0,AXM5111,4.543659511844639,110.70447860842988,9144.0
2030.0,AXM5114,3.629245794637648,107.17521307596009,9144.0
2030.0,AXM5115,4.761836732156779,110.45548635736847,9144.0
2030.0,AXM5117,4.386847587470805,110.32142198796912,9144.0
2030.0,AXM5202,2.405014471506765,106.96725748230217,9144.0
2030.0,AXM5203,3.0008867076490344,104.32933141551251,9144.0
2030.0,AXM5204,2.5014317646700968,106.86070362677434,9144.0
2030.0,AXM5205,2.8989735270652135,104.85219842054502,9144.0
2030.0,AXM5207,2.875952478842233,104.37152995753017,9144.0
2030.0,AXM5208,2.424387336542612,106.89745203014346,9144.0
2030.0,AXM5232,2.1752458101911776,106.92431766679995,9144.0
2030.0,AXM5233,2.945022462402846,105.0113870490243,9144.0
2030.0,AXM5234,2.4113727704164107,106.94507972811822,9144.0
2030.0,AXM5413,1.3514290365290036,104.40631096931963,9144.0
2030.0,AXM5414,1.4254743248041541,108.3861020059158,9144.0
2030.0,AXM1773,1.168179960049374,104.45116698388527,9144.0,"(AXM5202),(AXM5208)"
2030.0,AXM1793,3.5007801840127595,111.30817486956659,9144.0,"(AXM5202),(AXM5234)"
2030.0,AXM5110,3.5481869283891116,106.6639121432153,9144.0,"(AXM5208),(AXM5202)"
2030.0,AXM5111,4.543659511844639,110.70447860842988,9144.0,"(AXM5208),(AXM5234)"
2030.0,AXM5114,3.629245794637648,107.17521307596009,9144.0,"(AXM5234),(AXM5202)"
2030.0,AXM5115,4.761836732156779,110.45548635736847,9144.0,"(AXM5234),(AXM5208)"
2040.0,AXM1773,1.1755362225982955,104.42924457273756,9144.0
2040.0,AXM1793,3.4895055257602317,111.27900150740302,9144.0
2040.0,AXM5110,3.5497484458999775,106.6940945999498,9144.0
2040.0,AXM5111,4.535965532085258,110.67436334966936,9144.0
2040.0,AXM5114,3.6368459735656984,107.20477020278454,9144.0
2040.0,AXM5115,4.761880274433327,110.42350833444851,9144.0
2040.0,AXM5117,4.3771834707780215,110.29164245412495,9144.0
2040.0,AXM5202,2.397120955121243,106.99577932360718,9144.0
2040.0,AXM5203,3.0072781471947296,104.29589887229467,9144.0
2040.0,AXM5204,2.493248151552947,106.89031774472649,9144.0
2040.0,AXM5205,2.905419414140003,104.8188373246691,9144.0
2040.0,AXM5207,2.8765088612564718,104.33898887273568,9144.0
2040.0,AXM5208,2.4165342744067155,106.92573705212001,9144.0
2040.0,AXM5232,2.1745456062138095,106.95407973441237,9144.0
2040.0,AXM5233,2.953651856460009,104.97976752379242,9144.0
2040.0,AXM5234,2.403335461220019,106.97411825315692,9144.0
2040.0,AXM5413,1.3635991422499574,104.38378659775869,9144.0
2040.0,AXM5414,1.4262646997229755,108.41644381883704,9144.0
2040.0,AXM1773,1.1755362225982955,104.42924457273756,9144.0,"(AXM5202),(AXM5208)"
2040.0,AXM1793,3.4895055257602317,111.27900150740302,9144.0,"(AXM5202),(AXM5234)"
2040.0,AXM5110,3.5497484458999775,106.6940945999498,9144.0,"(AXM5208),(AXM5202)"
2040.0,AXM5111,4.535965532085258,110.67436334966936,9144.0,"(AXM5208),(AXM5234)"
2040.0,AXM5114,3.6368459735656984,107.20477020278454,9144.0,"(AXM5234),(AXM5202)"
2040.0,AXM5115,4.761880274433327,110.42350833444851,9144.0,"(AXM5234),(AXM5208)"
2050.0,AXM1773,1.1865707590781027,104.40921844543189,9144.0
2050.0,AXM1793,3.478208028468862,111.24977445276897,9144.0
2050.0,AXM5110,3.55130860875149,106.72427717800326,9144.0
2050.0,AXM5111,4.52827013092925,110.64424877698231,9144.0
2050.0,AXM5114,3.6444451503154074,107.23432783775948,9144.0
2050.0,AXM5115,4.7619220961006565,110.39153030727165,9144.0
2050.0,AXM5117,4.367517574312403,110.2618638854159,9144.0
2050.0,AXM5202,2.3890995127581762,107.02476029460712,9144.0
2050.0,AXM5203,3.0137556884556713,104.26248275156006,9144.0
2050.0,AXM5204,2.4850638406822254,106.91993148559634,9144.0
2050.0,AXM5205,2.911847473750162,104.78547259014049,9144.0
2050.0,AXM5207,2.876909589741966,104.30644548172876,9144.0
2050.0,AXM5208,2.408776921046192,106.95367448289232,9144.0
2050.0,AXM5232,2.1738447102894454,106.98384177189179,9144.0
2050.0,AXM5233,2.9622948598935794,104.94809174312718,9144.0
2050.0,AXM5234,2.395297445431773,107.00315641157782,9144.0
2050.0,AXM5413,1.37494558769559,104.36083593491264,9144.0
2050.0,AXM5414,1.4270467458366327,108.4464892682275,9144.0
2050.0,AXM1773,1.1865707590781027,104.40921844543189,9144.0,"(AXM5202),(AXM5208)"
2050.0,AXM1793,3.478208028468862,111.24977445276897,9144.0,"(AXM5202),(AXM5234)"
2050.0,AXM5110,3.55130860875149,106.72427717800326,9144.0,"(AXM5208),(AXM5202)"
2050.0,AXM5111,4.52827013092925,110.64424877698231,9144.0,"(AXM5208),(AXM5234)"
2050.0,AXM5114,3.6444451503154074,107.23432783775948,9144.0,"(AXM5234),(AXM5202)"
2050.0,AXM5115,4.7619220961006565,110.39153030727165,9144.0,"(AXM5234),(AXM5208)"
2060.0,AXM1773,1.2010095840164232,104.39149012902921,9144.0
2060.0,AXM1793,3.4669633471219057,111.22052731046698,9144.0
2060.0,AXM5110,3.552866235679899,106.7544599384735,9144.0
2060.0,AXM5111,4.52057323908622,110.61413490776553,9144.0
2060.0,AXM5114,3.6520433192822805,107.26388598279041,9144.0
2060.0,AXM5115,4.761962076545696,110.35955227586463,9144.0
2060.0,AXM5117,4.357789989848989,110.23210591352917,9144.0
2060.0,AXM5202,2.381077113391388,107.0537408312327,9144.0
2060.0,AXM5203,3.020187490824186,104.22928940309819,9144.0
2060.0,AXM5204,2.4768788308161893,106.94954484961559,9144.0
2060.0,AXM5205,2.9182752647229906,104.75210761312077,9144.0
2060.0,AXM5207,2.8773084221108864,104.27390205598519,9144.0
2060.0,AXM5208,2.401018797694091,106.98161154060104,9144.0
2060.0,AXM5232,2.1731430630501536,107.01360377781019,9144.0
2060.0,AXM5233,2.971121575487122,104.91646654657688,9144.0
2060.0,AXM5234,2.3872586856001647,107.03219419353647,9144.0
2060.0,AXM5413,1.3861248619316238,104.33822251233622,9144.0
2060.0,AXM5414,1.4287213766010254,108.47649820336889,9144.0
2060.0,AXM1773,1.2010095840164232,104.39149012902921,9144.0,"(AXM5202),(AXM5208)"
2060.0,AXM1793,3.4669633471219057,111.22052731046698,9144.0,"(AXM5202),(AXM5234)"
2060.0,AXM5110,3.552866235679899,106.7544599384735,9144.0,"(AXM5208),(AXM5202)"
2060.0,AXM5111,4.52057323908622,110.61413490776553,9144.0,"(AXM5208),(AXM5234)"
2060.0,AXM5114,3.6520433192822805,107.26388598279041,9144.0,"(AXM5234),(AXM5202)"
2060.0,AXM5115,4.761962076545696,110.35955227586463,9144.0,"(AXM5234),(AXM5208)"
2070.0,AXM1773,1.216998202389127,104.37514634210883,9144.0
2070.0,AXM1793,3.455759093012222,111.1913906730282,9144.0
2070.0,AXM5110,3.554369627373529,106.78464550877052,9144.0
2070.0,AXM5111,4.5128746851466275,110.58402178570282,9144.0
2070.0,AXM5114,3.6596404741425568,107.29344463996752,9144.0
2070.0,AXM5115,4.761999859658969,110.32757424001068,9144.0
2070.0,AXM5117,4.348042429342762,110.20229310026743,9144.0
2070.0,AXM5202,2.373053701479195,107.08272091859826,9144.0
2070.0,AXM5203,3.026554601482066,104.1960833552434,9144.0
2070.0,AXM5204,2.468693119837644,106.9791578367735,9144.0
2070.0,AXM5205,2.9246948815860505,104.71874086751029,9144.0
2070.0,AXM5207,2.8780166369396842,104.24136388596001,9144.0
2070.0,AXM5208,2.3932593462821115,107.0095480704428,9144.0
2070.0,AXM5232,2.1724404509683297,107.04336574708665,9144.0
2070.0,AXM5233,2.9799777025928162,104.88472978580191,9144.0
2070.0,AXM5234,2.3792190798088195,107.06123157130429,9144.0
2070.0,AXM5413,1.3963747462504843,104.31517258387406,9144.0
2070.0,AXM5414,1.4303555394179321,108.50579248538263,9144.0
2070.0,AXM1773,1.216998202389127,104.37514634210883,9144.0,"(AXM5202),(AXM5208)"
2070.0,AXM1793,3.455759093012222,111.1913906730282,9144.0,"(AXM5202),(AXM5234)"
2070.0,AXM5110,3.554369627373529,106.78464550877052,9144.0,"(AXM5204),(AXM5208)"
2070.0,AXM5111,4.5128746851466275,110.58402178570282,9144.0,"(AXM5208),(AXM5202)"
2070.0,AXM5114,3.6596404741425568,107.29344463996752,9144.0,"(AXM5208),(AXM5204)"
2070.0,AXM5115,4.761999859658969,110.32757424001068,9144.0,"(AXM5208),(AXM5234)"
2070.0,AXM5117,4.348042429342762,110.20229310026743,9144.0,"(AXM5234),(AXM5202)"
2070.0,AXM5202,2.373053701479195,107.08272091859826,9144.0,"(AXM5234),(AXM5208)"
2080.0,AXM1773,1.229715967939232,104.35716993839989,9144.0
2080.0,AXM1793,3.4444709316110758,111.16228690421148,9144.0
2080.0,AXM5110,3.5558717191635583,106.81483119319675,9144.0
2080.0,AXM5111,4.5051734282172795,110.55390967828977,9144.0
2080.0,AXM5114,3.667236607611055,107.323003811628,9144.0
2080.0,AXM5115,4.760217266030634,110.29564633309928,9144.0
2080.0,AXM5117,4.338180409745378,110.17251856104443,9144.0
2080.0,AXM5202,2.364981854718315,107.11187223033842,9144.0
2080.0,AXM5203,3.032909181026146,104.16293273842864,9144.0
2080.0,AXM5204,2.460506704370503,107.00877044671054,9144.0
2080.0,AXM5205,2.931192605965752,104.68538909032209,9144.0
2080.0,AXM5207,2.878724326239038,104.2087679029876,9144.0
2080.0,AXM5208,2.3855527628194717,107.03749909932701,9144.0
2080.0,AXM5232,2.172038936531614,107.07313330110838,9144.0
2080.0,AXM5233,2.9886459964083505,104.85294081735269,9144.0
2080.0,AXM5234,2.371177606747911,107.09026826208296,9144.0
2080.0,AXM5413,1.406496292146206,104.29241026567547,9144.0
2080.0,AXM5414,1.4330755895899288,108.53500593863912,9144.0
2080.0,AXM1773,1.229715967939232,104.35716993839989,9144.0,"(AXM5202),(AXM5208)"
2080.0,AXM1793,3.4444709316110758,111.16228690421148,9144.0,"(AXM5202),(AXM5234)"
2080.0,AXM5110,3.5558717191635583,106.81483119319675,9144.0,"(AXM5204),(AXM5208)"
2080.0,AXM5111,4.5051734282172795,110.55390967828977,9144.0,"(AXM5208),(AXM5202)"
2080.0,AXM5114,3.667236607611055,107.323003811628,9144.0,"(AXM5208),(AXM5204)"
2080.0,AXM5115,4.760217266030634,110.29564633309928,9144.0,"(AXM5208),(AXM5234)"
2080.0,AXM5117,4.338180409745378,110.17251856104443,9144.0,"(AXM5234),(AXM5202)"
2080.0,AXM5202,2.364981854718315,107.11187223033842,9144.0,"(AXM5234),(AXM5208)"
2090.0,AXM1773,1.2422823889116417,104.33940667504817,9144.0
2090.0,AXM1793,3.4332029504542394,111.13323863788958,9144.0
2090.0,AXM5110,3.561454580773726,106.84453241414631,9144.0
2090.0,AXM5111,4.497424805881479,110.52381012034678,9144.0
2090.0,AXM5114,3.674831711076599,107.35256350044993,9144.0
2090.0,AXM5115,4.758426259921958,110.26360220088661,9144.0
2090.0,AXM5117,4.328279801834941,110.14263364680934,9144.0
2090.0,AXM5202,2.3568994219598047,107.14102043426983,9144.0
2090.0,AXM5203,3.039252986356938,104.12977985765718,9144.0
2090.0,AXM5204,2.452319579134166,107.03838267853945,9144.0
2090.0,AXM5205,2.937678132767548,104.6520926899101,9144.0
2090.0,AXM5207,2.879225105170036,104.17616806070163,9144.0
2090.0,AXM5208,2.377861336340219,107.06539169424188,9144.0
2090.0,AXM5232,2.171637627756091,107.10284119002777,9144.0
2090.0,AXM5233,2.997327934576985,104.82109571318422,9144.0
2090.0,AXM5234,2.363126725479559,107.11930217257711,9144.0
2090.0,AXM5413,1.4201689916916098,104.27158767517763,9144.0
2090.0,AXM5414,1.435795076685691,108.56421947907211,9144.0
2090.0,AXM1773,1.2422823889116417,104.33940667504817,9144.0,"(AXM5202),(AXM5208)"
2090.0,AXM1793,3.4332029504542394,111.13323863788958,9144.0,"(AXM5202),(AXM5234)"
2090.0,AXM5110,3.561454580773726,106.84453241414631,9144.0,"(AXM5204),(AXM5208)"
2090.0,AXM5111,4.497424805881479,110.52381012034678,9144.0,"(AXM5208),(AXM5202)"
2090.0,AXM5114,3.674831711076599,107.35256350044993,9144.0,"(AXM5208),(AXM5204)"
2090.0,AXM5115,4.758426259921958,110.26360220088661,9144.0,"(AXM5208),(AXM5234)"
2090.0,AXM5117,4.328279801834941,110.14263364680934,9144.0,"(AXM5234),(AXM5202)"
2090.0,AXM5202,2.3568994219598047,107.14102043426983,9144.0,"(AXM5234),(AXM5208)"
2100.0,AXM1773,1.2528194740778753,104.32036873272195,9144.0
2100.0,AXM1793,3.421933791690066,111.10419117222519,9144.0
2100.0,AXM5110,3.568162759561326,106.87406009717687,9144.0
2100.0,AXM5111,4.489629571819453,110.49354061364477,9144.0
2100.0,AXM5114,3.682425774026472,107.3821237096005,9144.0
2100.0,AXM5115,4.756632691331632,110.23155829647506,9144.0
2100.0,AXM5117,4.318294577192721,110.11277745319842,9144.0
2100.0,AXM5202,2.3488955445859236,107.16988200190472,9144.0
2100.0,AXM5203,3.045584314142724,104.09668245683042,9144.0
2100.0,AXM5204,2.4441317357654406,107.0679945305186,9144.0
2100.0,AXM5205,2.9441615759508992,104.61879568908059,9144.0
2100.0,AXM5207,2.8797241098089392,104.14356817685866,9144.0
2100.0,AXM5208,2.3701241643612447,107.09327145647144,9144.0
2100.0,AXM5232,2.1712357206833595,107.13254906294596,9144.0
2100.0,AXM5233,3.0061977285491284,104.78930230449289,9144.0
2100.0,AXM5234,2.355281914557964,107.14758822822216,9144.0
2100.0,AXM5413,1.435967364034868,104.2529887686181,9144.0
2100.0,AXM5414,1.4384550861883696,108.59343853268311,9144.0
2100.0,AXM1773,1.2528194740778753,104.32036873272195,9144.0,"(AXM5202),(AXM5208)"
2100.0,AXM1793,3.421933791690066,111.10419117222519,9144.0,"(AXM5202),(AXM5234)"
2100.0,AXM5110,3.568162759561326,106.87406009717687,9144.0,"(AXM5204),(AXM5208)"
2100.0,AXM5111,4.489629571819453,110.49354061364477,9144.0,"(AXM5208),(AXM5202)"
2100.0,AXM5114,3.682425774026472,107.3821237096005,9144.0,"(AXM5208),(AXM5204)"
2100.0,AXM5115,4.756632691331632,110.23155829647506,9144.0,"(AXM5208),(AXM5234)"
2100.0,AXM5117,4.318294577192721,110.11277745319842,9144.0,"(AXM5234),(AXM5202)"
2100.0,AXM5202,2.3488955445859236,107.16988200190472,9144.0,"(AXM5234),(AXM5208)"
2110.0,AXM1773,1.2661969385515193,104.30329122785358,9144.0
2110.0,AXM1793,3.4106624624279513,111.0751448928339,9144.0
2110.0,AXM5110,3.5748699748508317,106.90358821568006,9144.0
2110.0,AXM5111,4.481939381939811,110.46324440284849,9144.0
2110.0,AXM5114,3.6900187830814732,107.4116844429845,9144.0
2110.0,AXM5115,4.7550819358051,110.19950170822727,9144.0
2110.0,AXM5117,4.308289068626564,110.08286667014237,9144.0
2110.0,AXM5202,2.3408902481054477,107.19874301016968,9144.0
2110.0,AXM5203,3.051962144244371,104.06359381458911,9144.0
2110.0,AXM5204,2.4359431604165116,107.09760599938616,9144.0
2110.0,AXM5205,2.9505583159425353,104.58548168706946,9144.0
2110.0,AXM5207,2.8795175125917774,104.11096512659827,9144.0
2110.0,AXM5208,2.3623700671720185,107.12120885007513,9144.0
2110.0,AXM5232,2.170833214614124,107.16225691983108,9144.0
2110.0,AXM5233,3.0150816571216335,104.7574529173769,9144.0
2110.0,AXM5234,2.3480604799956457,107.17603994862223,9144.0
2110.0,AXM5413,1.4516420646564883,104.23453490170867,9144.0
2110.0,AXM5414,1.4411362246801298,108.62289596447016,9144.0
2110.0,AXM1773,1.2661969385515193,104.30329122785358,9144.0,"(AXM5202),(AXM5208)"
2110.0,AXM1793,3.4106624624279513,111.0751448928339,9144.0,"(AXM5202),(AXM5234)"
2110.0,AXM5110,3.5748699748508317,106.90358821568006,9144.0,"(AXM5204),(AXM5208)"
2110.0,AXM5111,4.481939381939811,110.46324440284849,9144.0,"(AXM5208),(AXM5202)"
2110.0,AXM5114,3.6900187830814732,107.4116844429845,9144.0,"(AXM5208),(AXM5204)"
2110.0,AXM5115,4.7550819358051,110.19950170822727,9144.0,"(AXM5208),(AXM5234)"
2110.0,AXM5117,4.308289068626564,110.08286667014237,9144.0,"(AXM5234),(AXM5202)"
2110.0,AXM5202,2.3408902481054477,107.19874301016968,9144.0,"(AXM5234),(AXM5208)"
2120.0,AXM1773,1.2783600250687617,104.28556623336894,9144.0
2120.0,AXM1793,3.3994594775660008,111.04607242941375,9144.0
2120.0,AXM5110,3.5815762239537623,106.93311677061554,9144.0
2120.0,AXM5111,4.474246630664533,110.43294916489106,9144.0
2120.0,AXM5114,3.6976107202452257,107.44124570569521,9144.0
2120.0,AXM5115,4.75353465719561,110.16756175770179,9144.0
2120.0,AXM5117,4.29837402671941,110.05292599597222,9144.0
2120.0,AXM5202,2.332883120419545,107.2276033450007,9144.0
2120.0,AXM5203,3.0583166217076125,104.03061674349655,9144.0
2120.0,AXM5204,2.4277538279817774,107.12721707875974,9144.0
2120.0,AXM5205,2.956942671214632,104.5522230694931,9144.0
2120.0,AXM5207,2.8793087893914935,104.07830436508885,9144.0
2120.0,AXM5208,2.3546175662949733,107.14914653175163,9144.0
2120.0,AXM5232,2.1704301087568303,107.19196476064997,9144.0
2120.0,AXM5233,3.0239609039221533,104.72560196072625,9144.0
2120.0,AXM5234,2.3408679668457677,107.20437511088316,9144.0
2120.0,AXM5413,1.4673689586020722,104.21612539497619,9144.0
2120.0,AXM5414,1.4437917255494344,108.65235575432996,9144.0
2120.0,AXM1773,1.2783600250687617,104.28556623336894,9144.0,"(AXM5202),(AXM5208)"
2120.0,AXM1793,3.3994594775660008,111.04607242941375,9144.0,"(AXM5202),(AXM5234)"
2120.0,AXM5110,3.5815762239537623,106.93311677061554,9144.0,"(AXM5204),(AXM5208)"
2120.0,AXM5111,4.474246630664533,110.43294916489106,9144.0,"(AXM5208),(AXM5202)"
2120.0,AXM5114,3.6976107202452257,107.44124570569521,9144.0,"(AXM5208),(AXM5204)"
2120.0,AXM5115,4.75353465719561,110.16756175770179,9144.0,"(AXM5208),(AXM5234)"
2120.0,AXM5117,4.29837402671941,110.05292599597222,9144.0,"(AXM5234),(AXM5202)"
2120.0,AXM5202,2.332883120419545,107.2276033450007,9144.0,"(AXM5234),(AXM5208)"
2130.0,AXM1773,1.290374123888181,104.26805793188672,9144.0
2130.0,AXM1793,3.388192084654964,111.01683646875405,9144.0
2130.0,AXM5110,3.5882815040984233,106.96264576296139,9144.0
2130.0,AXM5111,4.466476282645711,110.40267417895949,9144.0
2130.0,AXM5114,3.705201559363507,107.47080750492644,9144.0
2130.0,AXM5115,4.753525504102214,110.13558409434384,9144.0
2130.0,AXM5117,4.2884021470596885,110.02281966477271,9144.0
2130.0,AXM5202,2.324923155946712,107.2562911292991,9144.0
2130.0,AXM5203,3.0646426350484823,103.99763398989577,9144.0
2130.0,AXM5204,2.419563683842947,107.15682775407637,9144.0
2130.0,AXM5205,2.9633903821715855,104.51897651547912,9144.0
2130.0,AXM5207,2.87641813652139,104.0457715103451,9144.0
2130.0,AXM5208,2.3468323226549743,107.1771998056795,9144.0
2130.0,AXM5232,2.1700264022108393,107.22167258536791,9144.0
2130.0,AXM5233,3.0325971880145395,104.69368382820004,9144.0
2130.0,AXM5234,2.3336748697556287,107.23270997947218,9144.0
2130.0,AXM5413,1.48288856917458,104.19795796404742,9144.0
2130.0,AXM5414,1.446441289355696,108.6817561151022,9144.0
2130.0,AXM1773,1.290374123888181,104.26805793188672,9144.0,"(AXM5202),(AXM5208)"
2130.0,AXM1793,3.388192084654964,111.01683646875405,9144.0,"(AXM5202),(AXM5234)"
2130.0,AXM5110,3.5882815040984233,106.96264576296139,9144.0,"(AXM5204),(AXM5208)"
2130.0,AXM5111,4.466476282645711,110.40267417895949,9144.0,"(AXM5208),(AXM5202)"
2130.0,AXM5114,3.705201559363507,107.47080750492644,9144.0,"(AXM5208),(AXM5204)"
2130.0,AXM5115,4.753525504102214,110.13558409434384,9144.0,"(AXM5208),(AXM5234)"
2130.0,AXM5117,4.2884021470596885,110.02281966477271,9144.0,"(AXM5234),(AXM5202)"
2130.0,AXM5202,2.324923155946712,107.2562911292991,9144.0,"(AXM5234),(AXM5208)"
2140.0,AXM1773,1.3023874304528786,104.25054900343694,9144.0
2140.0,AXM1793,3.3769232327475818,110.98760141225006,9144.0
2140.0,AXM5110,3.594985812417661,106.99217519371695,9144.0
2140.0,AXM5111,4.458704430694308,110.37239990191647,9144.0
2140.0,AXM5114,3.7127912577203186,107.50036985213734,9144.0
2140.0,AXM5115,4.753514576324293,110.10378162193867,9144.0
2140.0,AXM5117,4.278422467112985,109.99271632558144,9144.0
2140.0,AXM5202,2.3169625768328603,107.28497858122016,9144.0
2140.0,AXM5203,3.0709562401600627,103.96470684168155,9144.0
2140.0,AXM5204,2.4113725397210075,107.18643797372444,9144.0
2140.0,AXM5205,2.9698364281289087,104.48572944389672,9144.0
2140.0,AXM5207,2.8735260683218615,104.01323886417394,9144.0
2140.0,AXM5208,2.339046498675654,107.20525276230626,9144.0
2140.0,AXM5232,2.169622093945245,107.25138039394838,9144.0
2140.0,AXM5233,3.0412170555763924,104.66182053310196,9144.0
2140.0,AXM5234,2.3264811900409352,107.26104455514893,9144.0
2140.0,AXM5413,1.4984821524065268,104.17985390038362,9144.0
2140.0,AXM5414,1.4491455957314323,108.71115152296856,9144.0
2140.0,AXM1773,1.3023874304528786,104.25054900343694,9144.0,"(AXM5202),(AXM5208)"
2140.0,AXM1793,3.3769232327475818,110.98760141225006,9144.0,"(AXM5202),(AXM5234)"
2140.0,AXM5110,3.594985812417661,106.99217519371695,9144.0,"(AXM5204),(AXM5208)"
2140.0,AXM5111,4.458704430694308,110.37239990191647,9144.0,"(AXM5208),(AXM5202)"
2140.0,AXM5114,3.7127912577203186,107.50036985213734,9144.0,"(AXM5208),(AXM5204)"
2140.0,AXM5115,4.753514576324293,110.10378162193867,9144.0,"(AXM5208),(AXM5234)"
2140.0,AXM5117,4.278422467112985,109.99271632558144,9144.0,"(AXM5234),(AXM5202)"
2140.0,AXM5202,2.3169625768328603,107.28497858122016,9144.0,"(AXM5234),(AXM5208)"
2150.0,AXM1773,1.3142934070720658,104.23296679390641,9144.0
2150.0,AXM1793,3.365621723059421,110.95837934832923,9144.0
2150.0,AXM5110,3.6016891459340963,107.02170506390611,9144.0
2150.0,AXM5111,4.450930866718246,110.34212638709694,9144.0
2150.0,AXM5114,3.7203797300542036,107.52993276974614,9144.0
2150.0,AXM5115,4.74940274981769,110.07224812416801,9144.0
2150.0,AXM5117,4.268353223477578,109.96264338804515,9144.0
2150.0,AXM5202,2.3090013810762757,107.31366570073831,9144.0
2150.0,AXM5203,3.077261613273809,103.93177791693662,9144.0
2150.0,AXM5204,2.4031412972244532,107.21603687313765,9144.0
2150.0,AXM5205,2.976277504983869,104.45248121256097,9144.0
2150.0,AXM5207,2.870921194731762,103.98068197702287,9144.0
2150.0,AXM5208,2.331260095046736,107.23330540232067,9144.0
2150.0,AXM5232,2.169217182771846,107.28108818635258,9144.0
2150.0,AXM5233,3.0500129438819608,104.63000525497061,9144.0
2150.0,AXM5234,2.319286928976711,107.2893788386629,9144.0
2150.0,AXM5413,1.5139085143247466,104.16194340649439,9144.0
2150.0,AXM5414,1.4518493358701312,108.74054701807968,9144.0
2150.0,AXM1773,1.3142934070720658,104.23296679390641,9144.0,"(AXM5202),(AXM5208)"
2150.0,AXM1793,3.365621723059421,110.95837934832923,9144.0,"(AXM5202),(AXM5234)"
2150.0,AXM5110,3.6016891459340963,107.02170506390611,9144.0,"(AXM5204),(AXM5208)"
2150.0,AXM5111,4.450930866718246,110.34212638709694,9144.0,"(AXM5208),(AXM5202)"
2150.0,AXM5114,3.7203797300542036,107.52993276974614,9144.0,"(AXM5208),(AXM5204)"
2150.0,AXM5115,4.74940274981769,110.07224812416801,9144.0,"(AXM5208),(AXM5234)"
2150.0,AXM5117,4.268353223477578,109.96264338804515,9144.0,"(AXM5234),(AXM5202)"
2150.0,AXM5202,2.3090013810762757,107.31366570073831,9144.0,"(AXM5234),(AXM5208)"
2160.0,AXM1773,1.3292785882368203,104.21792385993137,9144.0
2160.0,AXM1793,3.354382300925772,110.92932235073815,9144.0
2160.0,AXM5110,3.608391501542151,107.05123537458148,9144.0
2160.0,AXM5111,4.44315359604599,110.31185414966023,9144.0
2160.0,AXM5114,3.7279667086329535,107.55949632717845,9144.0
2160.0,AXM5115,4.741236197475565,110.04133884958068,9144.0
2160.0,AXM5117,4.258240655580061,109.93246219267262,9144.0
2160.0,AXM5202,2.301039565465209,107.34235248749152,9144.0
2160.0,AXM5203,3.083543928578008,103.89896085051238,9144.0
2160.0,AXM5204,2.3949092358253057,107.24563536624136,9144.0
2160.0,AXM5205,2.9827278814841924,104.4191766126925,9144.0
2160.0,AXM5207,2.868310407661144,103.9480677626419,9144.0
2160.0,AXM5208,2.323473112275968,107.26135772636106,9144.0
2160.0,AXM5232,2.168811667310089,107.310795962539,9144.0
2160.0,AXM5233,3.0587614500245834,104.59835572583975,9144.0
2160.0,AXM5234,2.3120920877914894,107.31771283075196,9144.0
2160.0,AXM5413,1.5292563134444703,104.14396537034504,9144.0
2160.0,AXM5414,1.454542638709659,108.76994350699526,9144.0
2160.0,AXM1773,1.3292785882368203,104.21792385993137,9144.0,"(AXM5202),(AXM5234)"
2160.0,AXM1793,3.354382300925772,110.92932235073815,9144.0,"(AXM5204),(AXM5208)"
2160.0,AXM5110,3.608391501542151,107.05123537458148,9144.0,"(AXM5208),(AXM5204)"
2160.0,AXM5111,4.44315359604599,110.31185414966023,9144.0,"(AXM5208),(AXM5234)"
2160.0,AXM5114,3.7279667086329535,107.55949632717845,9144.0,"(AXM5234),(AXM5202)"
2160.0,AXM5115,4.741236197475565,110.04133884958068,9144.0,"(AXM5234),(AXM5208)"
2170.0,AXM1773,1.3466407162642158,104.20628518539566,9144.0
2170.0,AXM1793,3.343212262009544,110.90023885038909,9144.0
2170.0,AXM5110,3.6150928759859484,107.08076612682929,9144.0
2170.0,AXM5111,4.435394260913715,110.2815776005886,9144.0
2170.0,AXM5114,3.735730703644075,107.58901395612482,9144.0
2170.0,AXM5115,4.730916393141332,110.01108531537784,9144.0
2170.0,AXM5117,4.248273756507431,109.90223270247633,9144.0
2170.0,AXM5202,2.2930771249316457,107.37103894060151,9144.0
2170.0,AXM5203,3.0898420161180287,103.86614662163156,9144.0
2170.0,AXM5204,2.3866760991069387,107.27523338215494,9144.0
2170.0,AXM5205,2.9891606804529514,104.38586840895609,9144.0
2170.0,AXM5207,2.8656963300354947,103.91545388701952,9144.0
2170.0,AXM5208,2.3156855506436007,107.28940973500265,9144.0
2170.0,AXM5232,2.1684055459407725,107.34050372246278,9144.0
2170.0,AXM5233,3.067515054118875,104.5667073515977,9144.0
2170.0,AXM5234,2.304896667660348,107.34604653214056,9144.0
2170.0,AXM5413,1.544395481629572,104.12623109238767,9144.0
2170.0,AXM5414,1.457222181305937,108.79934128912815,9144.0
2170.0,AXM1773,1.3466407162642158,104.20628518539566,9144.0,"(AXM5202),(AXM5234)"
2170.0,AXM1793,3.343212262009544,110.90023885038909,9144.0,"(AXM5204),(AXM5208)"
2170.0,AXM5110,3.6150928759859484,107.08076612682929,9144.0,"(AXM5208),(AXM5204)"
2170.0,AXM5111,4.435394260913715,110.2815776005886,9144.0,"(AXM5208),(AXM5234)"
2170.0,AXM5114,3.735730703644075,107.58901395612482,9144.0,"(AXM5234),(AXM5202)"
2170.0,AXM5115,4.730916393141332,110.01108531537784,9144.0,"(AXM5234),(AXM5208)"
2180.0,AXM1773,1.3658303622092909,104.19834106956529,9144.0
2180.0,AXM1793,3.3320619270226115,110.8712110557078,9144.0
2180.0,AXM5110,3.62179326583183,107.11029732177569,9144.0
2180.0,AXM5111,4.42763143636606,110.25130226928351,9144.0
2180.0,AXM5114,3.7434029105558393,107.6181878599251,9144.0
2180.0,AXM5115,4.720595228267179,109.98083269899566,9144.0
2180.0,AXM5117,4.238286858534155,109.87194877141384,9144.0
2180.0,AXM5202,2.285114051345286,107.39972505833813,9144.0
2180.0,AXM5203,3.0961277427315004,103.83338812101661,9144.0
2180.0,AXM5204,2.3793156059121126,107.30506062394242,9144.0
2180.0,AXM5205,2.995592063610816,104.35255973562457,9144.0
2180.0,AXM5207,2.8630615232536027,103.88284175873437,9144.0
2180.0,AXM5208,2.307897410140317,107.31746142874023,9144.0
2180.0,AXM5232,2.167998816743616,107.37021146607478,9144.0
2180.0,AXM5233,3.0762365631432624,104.53516944750314,9144.0
2180.0,AXM5234,2.2977006696964786,107.37437994353759,9144.0
2180.0,AXM5413,1.5561885433140052,104.10611411595418,9144.0
2180.0,AXM5414,1.45988610318908,108.82874052659261,9144.0
2180.0,AXM1773,1.3658303622092909,104.19834106956529,9144.0,"(AXM5202),(AXM5234)"
2180.0,AXM1793,3.3320619270226115,110.8712110557078,9144.0,"(AXM5204),(AXM5208)"
2180.0,AXM5110,3.62179326583183,107.11029732177569,9144.0,"(AXM5208),(AXM5204)"
2180.0,AXM5111,4.42763143636606,110.25130226928351,9144.0,"(AXM5208),(AXM5234)"
2180.0,AXM5114,3.7434029105558393,107.6181878599251,9144.0,"(AXM5234),(AXM5202)"
2180.0,AXM5115,4.720595228267179,109.98083269899566,9144.0,"(AXM5234),(AXM5208)"
2190.0,AXM1773,1.3855175970761422,104.19461181275557,9144.0
2190.0,AXM1793,3.3208566385084133,110.84220483134901,9144.0
2190.0,AXM5110,3.6284926674337457,107.1398289605946,9144.0
2190.0,AXM5111,4.419902684045388,110.22101848581232,9144.0
2190.0,AXM5114,3.7510736172629975,107.64736241571299,9144.0
2190.0,AXM5115,4.710272701968163,109.95058099985721,9144.0
2190.0,AXM5117,4.228344847760592,109.84165038260248,9144.0
2190.0,AXM5202,2.277150330974056,107.42841083741297,9144.0
2190.0,AXM5203,3.1024505942185057,103.8006365909782,9144.0
2190.0,AXM5204,2.371968592874798,107.33483026330195,9144.0
2190.0,AXM5205,3.002019849227322,104.31925017020173,9144.0
2190.0,AXM5207,2.8604189794727497,103.85017249124668,9144.0
2190.0,AXM5208,2.3001086903803225,107.34551280796397,9144.0
2190.0,AXM5232,2.167591477410983,107.39991919332037,9144.0
2190.0,AXM5233,3.084957918125146,104.50363124232557,9144.0
2190.0,AXM5234,2.29050409494089,107.40271306563376,9144.0
2190.0,AXM5413,1.5644878770233406,104.08578427528946,9144.0
2190.0,AXM5414,1.462544059254578,108.85808029556797,9144.0
2190.0,AXM1773,1.3855175970761422,104.19461181275557,9144.0,"(AXM5202),(AXM5234)"
2190.0,AXM1793,3.3208566385084133,110.84220483134901,9144.0,"(AXM5204),(AXM5208)"
2190.0,AXM5110,3.6284926674337457,107.1398289605946,9144.0,"(AXM5208),(AXM5204)"
2190.0,AXM5111,4.419902684045388,110.22101848581232,9144.0,"(AXM5208),(AXM5234)"
2190.0,AXM5114,3.7510736172629975,107.64736241571299,9144.0,"(AXM5234),(AXM5202)"
2190.0,AXM5115,4.710272701968163,109.95058099985721,9144.0,"(AXM5234),(AXM5208)"
2200.0,AXM1773,1.4055514446487711,104.19497440438982,9144.0
2200.0,AXM1793,3.309671210026107,110.81325429503649,9144.0
2200.0,AXM5110,3.6351910768890443,107.16936104451771,9144.0
2200.0,AXM5111,4.412170760576505,110.19073583226263,9144.0
2200.0,AXM5114,3.7587249912151255,107.6765423252662,9144.0
2200.0,AXM5115,4.699948812653379,109.92033021762805,9144.0
2200.0,AXM5117,4.218346675224564,109.81118686606897,9144.0
2200.0,AXM5202,2.2691859380641266,107.4570962711932,9144.0
2200.0,AXM5203,3.108761013533115,103.76794081080267,9144.0
2200.0,AXM5204,2.3646209273132803,107.36459958344653,9144.0
2200.0,AXM5205,3.0085299716851894,104.28595644441326,9144.0
2200.0,AXM5207,2.8580737157638008,103.81748054811318,9144.0
2200.0,AXM5208,2.292319390475806,107.37356387292448,9144.0
2200.0,AXM5232,2.167183525125185,107.42962690413776,9144.0
2200.0,AXM5233,3.0936626083095113,104.4721480315459,9144.0
2200.0,AXM5234,2.2833069443496976,107.43104589909836,9144.0
2200.0,AXM5413,1.5724641190609674,104.06624425608972,9144.0
2200.0,AXM5414,1.4651926421269945,108.88742094738564,9144.0
2200.0,AXM1773,1.4055514446487711,104.19497440438982,9144.0,"(AXM5202),(AXM5234)"
2200.0,AXM1793,3.309671210026107,110.81325429503649,9144.0,"(AXM5204),(AXM5208)"
2200.0,AXM5110,3.6351910768890443,107.16936104451771,9144.0,"(AXM5208),(AXM5204)"
2200.0,AXM5111,4.412170760576505,110.19073583226263,9144.0,"(AXM5208),(AXM5234)"
2200.0,AXM5114,3.7587249912151255,107.6765423252662,9144.0,"(AXM5234),(AXM5202)"
2200.0,AXM5115,4.699948812653379,109.92033021762805,9144.0,"(AXM5234),(AXM5208)"
2210.0,AXM1773,1.425584364730383,104.19538508619775,9144.0
2210.0,AXM1793,3.298475246374893,110.78430817149494,9144.0
2210.0,AXM5110,3.64188848998109,107.19889357484752,9144.0
2210.0,AXM5111,4.404440023082072,110.16045318911937,9144.0
2210.0,AXM5114,3.7663450727438414,107.70560766720067,9144.0
2210.0,AXM5115,4.689623557809177,109.89008035229087,9144.0
2210.0,AXM5117,4.208342181104667,109.78072582814626,9144.0
2210.0,AXM5202,2.2612208125456097,107.48578134349955,9144.0
2210.0,AXM5203,3.115031685611405,103.73523716716178,9144.0
2210.0,AXM5204,2.357272610766245,107.39436858522045,9144.0
2210.0,AXM5205,3.015048199745068,104.25260614389715,9144.0
2210.0,AXM5207,2.8557300412062046,103.78484635868558,9144.0
2210.0,AXM5208,2.284529508848602,107.40161462368035,9144.0
2210.0,AXM5232,2.166774956377878,107.45933459845537,9144.0
2210.0,AXM5233,3.1023643211326233,104.44066373651614,9144.0
2210.0,AXM5234,2.276109218778242,107.45937844457521,9144.0
2210.0,AXM5413,1.5836390341775952,104.04834142558015,9144.0
2210.0,AXM5414,1.4677742071789854,108.9167676095183,9144.0
2210.0,AXM1773,1.425584364730383,104.19538508619775,9144.0,"(AXM5202),(AXM5234)"
2210.0,AXM1793,3.298475246374893,110.78430817149494,9144.0,"(AXM5204),(AXM5208)"
2210.0,AXM5110,3.64188848998109,107.19889357484752,9144.0,"(AXM5208),(AXM5204)"
2210.0,AXM5111,4.404440023082072,110.16045318911937,9144.0,"(AXM5208),(AXM5234)"
2210.0,AXM5114,3.7663450727438414,107.70560766720067,9144.0,"(AXM5234),(AXM5202)"
2210.0,AXM5115,4.689623557809177,109.89008035229087,9144.0,"(AXM5234),(AXM5208)"
2220.0,AXM1773,1.444044941737759,104.19168148493928,9144.0
2220.0,AXM1793,3.2873204259414743,110.75547266816623,9144.0
2220.0,AXM5110,3.6485849021034,107.22842655297454,9144.0
2220.0,AXM5111,4.396706835793856,110.13017148971949,9144.0
2220.0,AXM5114,3.773963985997051,107.73467357141746,9144.0
2220.0,AXM5115,4.679296933683527,109.85983140425415,9144.0
2220.0,AXM5117,4.198428313379865,109.75023540195843,9144.0
2220.0,AXM5202,2.2532546933698487,107.51446598224285,9144.0
2220.0,AXM5203,3.12130083352772,103.70253303550957,9144.0
2220.0,AXM5204,2.349923644733744,107.42413726945868,9144.0
2220.0,AXM5205,3.0214352625322607,104.21923020853087,9144.0
2220.0,AXM5207,2.853378191057843,103.75221282568594,9144.0
2220.0,AXM5208,2.2767390429342105,107.42966506001572,9144.0
2220.0,AXM5232,2.1663657666928087,107.48904227618799,9144.0
2220.0,AXM5233,3.1110064907387427,104.40916273931222,9144.0
2220.0,AXM5234,2.2689109189609895,107.48771070267749,9144.0
2220.0,AXM5413,1.5907086234296128,104.02930100038999,9144.0
2220.0,AXM5414,1.4703567111092264,108.94617425295046,9144.0
2220.0,AXM1773,1.444044941737759,104.19168148493928,9144.0,"(AXM5202),(AXM5234)"
2220.0,AXM1793,3.2873204259414743,110.75547266816623,9144.0,"(AXM5204),(AXM5208)"
2220.0,AXM5110,3.6485849021034,107.22842655297454,9144.0,"(AXM5208),(AXM5204)"
2220.0,AXM5111,4.396706835793856,110.13017148971949,9144.0,"(AXM5208),(AXM5234)"
2220.0,AXM5114,3.773963985997051,107.73467357141746,9144.0,"(AXM5234),(AXM5202)"
2220.0,AXM5115,4.679296933683527,109.85983140425415,9144.0,"(AXM5234),(AXM5208)"
2230.0,AXM1773,1.4610609585387018,104.18410589845728,9144.0
2230.0,AXM1793,3.276181087318205,110.72663148236192,9144.0
2230.0,AXM5110,3.6552803081572183,107.25795998040054,9144.0
2230.0,AXM5111,4.38887382913184,110.0999159266334,9144.0
2230.0,AXM5114,3.7815815627618754,107.76374008262252,9144.0
2230.0,AXM5115,4.6689689348079035,109.8295833745169,9144.0
2230.0,AXM5117,4.188528646476115,109.71980197130016,9144.0
2230.0,AXM5202,2.2452760494271438,107.54314697747917,9144.0
2230.0,AXM5203,3.1274058288296143,103.66979758102467,9144.0
2230.0,AXM5204,2.342574030671989,107.45390563698562,9144.0
2230.0,AXM5205,3.0278201221686163,104.18585365392767,9144.0
2230.0,AXM5207,2.8510235433625826,103.71957956173907,9144.0
2230.0,AXM5208,2.268947988688414,107.457715181303,9144.0
2230.0,AXM5232,2.1659559501772905,107.51874993723044,9144.0
2230.0,AXM5233,3.1196460826155006,104.37766077441073,9144.0
2230.0,AXM5234,2.26171204548571,107.51604267398122,9144.0
2230.0,AXM5413,1.5991636581370194,104.01105447972394,9144.0
2230.0,AXM5414,1.4732203776854471,108.97555486945818,9144.0
2230.0,AXM1773,1.4610609585387018,104.18410589845728,9144.0,"(AXM5202),(AXM5234)"
2230.0,AXM1793,3.276181087318205,110.72663148236192,9144.0,"(AXM5204),(AXM5208)"
2230.0,AXM5110,3.6552803081572183,107.25795998040054,9144.0,"(AXM5208),(AXM5204)"
2230.0,AXM5111,4.38887382913184,110.0999159266334,9144.0,"(AXM5208),(AXM5234)"
2230.0,AXM5114,3.7815815627618754,107.76374008262252,9144.0,"(AXM5234),(AXM5202)"
2230.0,AXM5115,4.6689689348079035,109.8295833745169,9144.0,"(AXM5234),(AXM5208)"
2240.0,AXM1773,1.476542459134402,104.17572411094565,9144.0
2240.0,AXM1793,3.2650829332530216,110.69790106571439,9144.0
2240.0,AXM5110,3.661974702409781,107.28749385877072,9144.0
2240.0,AXM5111,4.381038529063021,110.06966127815195,9144.0
2240.0,AXM5114,3.7891961616292185,107.79280763309724,9144.0
2240.0,AXM5115,4.658639553236715,109.79933626493043,9144.0
2240.0,AXM5117,4.178501212119381,109.68941101270565,9144.0
2240.0,AXM5202,2.237137533061945,107.57240015610847,9144.0
2240.0,AXM5203,3.133509239552933,103.63706163946377,9144.0
2240.0,AXM5204,2.3352237699871705,107.48367368861351,9144.0
2240.0,AXM5205,3.0342752115761242,104.1524904495228,9144.0
2240.0,AXM5207,2.848568994718132,103.6869537477105,9144.0
2240.0,AXM5208,2.2611563396990206,107.48576498625546,9144.0
2240.0,AXM5232,2.1655454987459897,107.5484575814467,9144.0
2240.0,AXM5233,3.128397967731906,104.34618965177117,9144.0
2240.0,AXM5234,2.2545125987597427,107.54437435901663,9144.0
2240.0,AXM5413,1.607534252002236,103.992989527491,9144.0
2240.0,AXM5414,1.4760806074924295,109.00493585871686,9144.0
2240.0,AXM1773,1.476542459134402,104.17572411094565,9144.0,"(AXM5202),(AXM5232)"
2240.0,AXM1793,3.2650829332530216,110.69790106571439,9144.0,"(AXM5202),(AXM5234)"
2240.0,AXM5110,3.661974702409781,107.28749385877072,9144.0,"(AXM5204),(AXM5208)"
2240.0,AXM5111,4.381038529063021,110.06966127815195,9144.0,"(AXM5208),(AXM5204)"
2240.0,AXM5114,3.7891961616292185,107.79280763309724,9144.0,"(AXM5208),(AXM5234)"
2240.0,AXM5115,4.658639553236715,109.79933626493043,9144.0,"(AXM5232),(AXM5202)"
2240.0,AXM5117,4.178501212119381,109.68941101270565,9144.0,"(AXM5234),(AXM5202)"
2240.0,AXM5202,2.237137533061945,107.57240015610847,9144.0,"(AXM5234),(AXM5208)"
2250.0,AXM1773,1.493543141761191,104.17115513430404,9144.0
2250.0,AXM1793,3.253983316119824,110.66917153308151,9144.0
2250.0,AXM5110,3.6686680782924093,107.31702818991953,9144.0
2250.0,AXM5111,4.373331577526154,110.03937379891866,9144.0
2250.0,AXM5114,3.796814633871326,107.82187442040005,9144.0
2250.0,AXM5115,4.648308777259553,109.7690900786418,9144.0
2250.0,AXM5117,4.168489390799812,109.6590766407984,9144.0
2250.0,AXM5202,2.228998394449578,107.60165299931049,9144.0
2250.0,AXM5203,3.135965026561618,103.60385077756013,9144.0
2250.0,AXM5204,2.3278728640280626,107.5134414251406,9144.0
2250.0,AXM5205,3.04072831606387,104.11912666066122,9144.0
2250.0,AXM5207,2.846107212046326,103.65427073364215,9144.0
2250.0,AXM5208,2.2533640854088595,107.51381447243261,9144.0
2250.0,AXM5232,2.1651344006508926,107.57816520864922,9144.0
2250.0,AXM5233,3.1371636744742704,104.3146622193315,9144.0
2250.0,AXM5234,2.2473125789650625,107.57270575825672,9144.0
2250.0,AXM5413,1.6159031881668995,103.97492373238379,9144.0
2250.0,AXM5414,1.4786147032687216,109.034346825115,9144.0
2250.0,AXM1773,1.493543141761191,104.17115513430404,9144.0,"(AXM5202),(AXM5232)"
2250.0,AXM1793,3.253983316119824,110.66917153308151,9144.0,"(AXM5202),(AXM5234)"
2250.0,AXM5110,3.6686680782924093,107.31702818991953,9144.0,"(AXM5204),(AXM5208)"
2250.0,AXM5111,4.373331577526154,110.03937379891866,9144.0,"(AXM5208),(AXM5204)"
2250.0,AXM5114,3.796814633871326,107.82187442040005,9144.0,"(AXM5208),(AXM5234)"
2250.0,AXM5115,4.648308777259553,109.7690900786418,9144.0,"(AXM5232),(AXM5202)"
2250.0,AXM5117,4.168489390799812,109.6590766407984,9144.0,"(AXM5234),(AXM5202)"
2250.0,AXM5202,2.228998394449578,107.60165299931049,9144.0,"(AXM5234),(AXM5208)"
2260.0,AXM1773,1.5099745805580063,104.17095461607781,9144.0
2260.0,AXM1793,3.2429036895888164,110.64049783794155,9144.0
2260.0,AXM5110,3.675360428102719,107.34656297593826,9144.0
2260.0,AXM5111,4.365637015152904,110.00914414514898,9144.0
2260.0,AXM5114,3.804447018449583,107.85099935679261,9144.0
2260.0,AXM5115,4.637976589033767,109.73884482090882,9144.0
2260.0,AXM5117,4.1592948250015525,109.62848363255166,9144.0
2260.0,AXM5202,2.220858629466999,107.63090550650354,9144.0
2260.0,AXM5203,3.1384191886933754,103.57063971721604,9144.0
2260.0,AXM5204,2.320521314077092,107.54320884734898,9144.0
2260.0,AXM5205,3.0471430762145095,104.08575525868862,9144.0
2260.0,AXM5207,2.8438090393512754,103.6215758433978,9144.0
2260.0,AXM5208,2.245571206967715,107.5418636350854,9144.0
2260.0,AXM5232,2.1647226373191657,107.60787281855463,9144.0
2260.0,AXM5233,3.1455668662181813,104.28303568334822,9144.0
2260.0,AXM5234,2.240111985997086,107.60103687210162,9144.0
2260.0,AXM5413,1.6242273005688432,103.95683714945883,9144.0
2260.0,AXM5414,1.481150896474399,109.06381762315458,9144.0
2260.0,AXM1773,1.5099745805580063,104.17095461607781,9144.0,"(AXM5202),(AXM5232)"
2260.0,AXM1793,3.2429036895888164,110.64049783794155,9144.0,"(AXM5202),(AXM5234)"
2260.0,AXM5110,3.675360428102719,107.34656297593826,9144.0,"(AXM5204),(AXM5208)"
2260.0,AXM5111,4.365637015152904,110.00914414514898,9144.0,"(AXM5208),(AXM5204)"
2260.0,AXM5114,3.804447018449583,107.85099935679261,9144.0,"(AXM5208),(AXM5234)"
2260.0,AXM5115,4.637976589033767,109.73884482090882,9144.0,"(AXM5232),(AXM5202)"
2260.0,AXM5117,4.1592948250015525,109.62848363255166,9144.0,"(AXM5232),(AXM5234)"
2260.0,AXM5202,2.220858629466999,107.63090550650354,9144.0,"(AXM5234),(AXM5202)"
2260.0,AXM5203,3.1384191886933754,103.57063971721604,9144.0,"(AXM5234),(AXM5208)"
2260.0,AXM5204,2.320521314077092,107.54320884734898,9144.0,"(AXM5234),(AXM5232)"
2270.0,AXM1773,1.5258444840761969,104.16668947582247,9144.0
2270.0,AXM1793,3.2317871510112113,110.61183879348071,9144.0
2270.0,AXM5110,3.682051742546349,107.3760982192791,9144.0
2270.0,AXM5111,4.3578776413361915,109.97893147099303,9144.0
2270.0,AXM5114,3.8120780503285943,107.8801249074154,9144.0
2270.0,AXM5115,4.6276429597057955,109.70860050077957,9144.0
2270.0,AXM5117,4.1501147741364575,109.59794749453809,9144.0
2270.0,AXM5202,2.2127182314998723,107.66015767641134,9144.0
2270.0,AXM5203,3.136763746802603,103.53737918028177,9144.0
2270.0,AXM5204,2.3131691213394614,107.57297595600184,9144.0
2270.0,AXM5205,3.053556136048845,104.05238332994541,9144.0
2270.0,AXM5207,2.841512495173812,103.58893869808072,9144.0
2270.0,AXM5208,2.2377776647791014,107.56991246368959,9144.0
2270.0,AXM5232,2.1643101750805407,107.6375804106677,9144.0
2270.0,AXM5233,3.1539832758070023,104.25135273916123,9144.0
2270.0,AXM5234,2.2329108193791236,107.62936770085682,9144.0
2270.0,AXM5413,1.6324177465984757,103.9390575693248,9144.0
2270.0,AXM5414,1.4839497510772124,109.0932646583479,9144.0
2270.0,AXM1773,1.5258444840761969,104.16668947582247,9144.0,"(AXM5202),(AXM5232)"
2270.0,AXM1793,3.2317871510112113,110.61183879348071,9144.0,"(AXM5202),(AXM5234)"
2270.0,AXM5110,3.682051742546349,107.3760982192791,9144.0,"(AXM5204),(AXM5208)"
2270.0,AXM5111,4.3578776413361915,109.97893147099303,9144.0,"(AXM5208),(AXM5204)"
2270.0,AXM5114,3.8120780503285943,107.8801249074154,9144.0,"(AXM5208),(AXM5234)"
2270.0,AXM5115,4.6276429597057955,109.70860050077957,9144.0,"(AXM5232),(AXM5202)"
2270.0,AXM5117,4.1501147741364575,109.59794749453809,9144.0,"(AXM5232),(AXM5234)"
2270.0,AXM5202,2.2127182314998723,107.66015767641134,9144.0,"(AXM5234),(AXM5202)"
2270.0,AXM5203,3.136763746802603,103.53737918028177,9144.0,"(AXM5234),(AXM5208)"
2270.0,AXM5204,2.3131691213394614,107.57297595600184,9144.0,"(AXM5234),(AXM5232)"
2280.0,AXM1773,1.5391935923416464,104.15889197493102,9144.0
2280.0,AXM1793,3.220690734768749,110.58323557715103,9144.0
2280.0,AXM5110,3.688742009993274,107.40563392292395,9144.0
2280.0,AXM5111,4.350116964923807,109.94871944492363,9144.0
2280.0,AXM5114,3.8197060687167643,107.90925150956357,9144.0
2280.0,AXM5115,4.617307837489872,109.67835713519598,9144.0
2280.0,AXM5117,4.1433438296769,109.56678551369295,9144.0
2280.0,AXM5202,2.204577189582571,107.6894095065443,9144.0
2280.0,AXM5203,3.1318653933137273,103.50432500621926,9144.0
2280.0,AXM5204,2.305816286929758,107.60274275184017,9144.0
2280.0,AXM5205,3.060042289366689,104.01902536911997,9144.0
2280.0,AXM5207,2.839135759381221,103.55630737585112,9144.0
2280.0,AXM5208,2.2299833361257764,107.59796092458268,9144.0
2280.0,AXM5232,2.1638969344609706,107.6672879838513,9144.0
2280.0,AXM5233,3.1608710566087606,104.21930140476395,9144.0
2280.0,AXM5234,2.2257090781390323,107.65769824470172,9144.0
2280.0,AXM5413,1.6405517809877146,103.92139976678517,9144.0
2280.0,AXM5414,1.486746047613296,109.12271197399464,9144.0
2280.0,AXM1773,1.5391935923416464,104.15889197493102,9144.0,"(AXM5202),(AXM5232)"
2280.0,AXM1793,3.220690734768749,110.58323557715103,9144.0,"(AXM5202),(AXM5234)"
2280.0,AXM5110,3.688742009993274,107.40563392292395,9144.0,"(AXM5204),(AXM5208)"
2280.0,AXM5111,4.350116964923807,109.94871944492363,9144.0,"(AXM5208),(AXM5204)"
2280.0,AXM5114,3.8197060687167643,107.90925150956357,9144.0,"(AXM5208),(AXM5234)"
2280.0,AXM5115,4.617307837489872,109.67835713519598,9144.0,"(AXM5232),(AXM5202)"
2280.0,AXM5117,4.1433438296769,109.56678551369295,9144.0,"(AXM5232),(AXM5234)"
2280.0,AXM5202,2.204577189582571,107.6894095065443,9144.0,"(AXM5234),(AXM5202)"
2280.0,AXM5203,3.1318653933137273,103.50432500621926,9144.0,"(AXM5234),(AXM5208)"
2280.0,AXM5204,2.305816286929758,107.60274275184017,9144.0,"(AXM5234),(AXM5232)"
2290.0,AXM1773,1.5499614373720416,104.14789469951366,9144.0
2290.0,AXM1793,3.2096087831173747,110.55462704667141,9144.0
2290.0,AXM5110,3.695431215185535,107.43517009067787,9144.0
2290.0,AXM5111,4.342354969411576,109.91850807075092,9144.0
2290.0,AXM5114,3.8273263326102906,107.93838040940864,9144.0
2290.0,AXM5115,4.606971108820405,109.64811476236552,9144.0
2290.0,AXM5117,4.136571085236685,109.53562419267693,9144.0
2290.0,AXM5202,2.1964354840732683,107.71866099199335,9144.0
2290.0,AXM5203,3.1269652341866188,103.47127125514359,9144.0
2290.0,AXM5204,2.298462811855285,107.63250923557861,9144.0
2290.0,AXM5205,3.0665269975494778,103.98566692448428,9144.0
2290.0,AXM5207,2.8367570530043884,103.52367626472041,9144.0
2290.0,AXM5208,2.2229532491980963,107.62621079468241,9144.0
2290.0,AXM5232,2.163482500913537,107.69699553227471,9144.0
2290.0,AXM5233,3.1677572751681278,104.18724952069395,9144.0
2290.0,AXM5234,2.218506760624583,107.68602850364256,9144.0
2290.0,AXM5413,1.6486473058211448,103.90372418953321,9144.0
2290.0,AXM5414,1.4894170910832338,109.15217095841648,9144.0
2290.0,AXM1773,1.5499614373720416,104.14789469951366,9144.0,"(AXM5202),(AXM5232)"
2290.0,AXM1793,3.2096087831173747,110.55462704667141,9144.0,"(AXM5202),(AXM5234)"
2290.0,AXM5110,3.695431215185535,107.43517009067787,9144.0,"(AXM5204),(AXM5208)"
2290.0,AXM5111,4.342354969411576,109.91850807075092,9144.0,"(AXM5208),(AXM5204)"
2290.0,AXM5114,3.8273263326102906,107.93838040940864,9144.0,"(AXM5208),(AXM5234)"
2290.0,AXM5115,4.606971108820405,109.64811476236552,9144.0,"(AXM5232),(AXM5202)"
2290.0,AXM5117,4.136571085236685,109.53562419267693,9144.0,"(AXM5232),(AXM5234)"
2290.0,AXM5202,2.1964354840732683,107.71866099199335,9144.0,"(AXM5234),(AXM5202)"
2290.0,AXM5203,3.1269652341866188,103.47127125514359,9144.0,"(AXM5234),(AXM5208)"
2290.0,AXM5204,2.298462811855285,107.63250923557861,9144.0,"(AXM5234),(AXM5232)"
2300.0,AXM1773,1.5574439214630993,104.13444315065558,9144.0
2300.0,AXM1793,3.1985042916265423,110.5259642526128,9144.0
2300.0,AXM5110,3.7021193367761542,107.4647067277279,9144.0
2300.0,AXM5111,4.334591628949302,109.88829735470352,9144.0
2300.0,AXM5114,3.834945350646887,107.96750989600018,9144.0
2300.0,AXM5115,4.596632357950105,109.61787352450635,9144.0
2300.0,AXM5117,4.12922711591294,109.50459349667172,9144.0
2300.0,AXM5202,2.1882930737578925,107.74791212183375,9144.0
2300.0,AXM5203,3.1180446085217963,103.43907186056127,9144.0
2300.0,AXM5204,2.2911086969950376,107.66227540790024,9144.0
2300.0,AXM5205,3.0730083133859276,103.95230761630688,9144.0
2300.0,AXM5207,2.8343065666729483,103.49105054766189,9144.0
2300.0,AXM5208,2.215937115881287,107.65440205075873,9144.0
2300.0,AXM5232,2.161466164667319,107.72663733863511,9144.0
2300.0,AXM5233,3.171081581836738,104.15463341276127,9144.0
2300.0,AXM5234,2.211303864214108,107.71435847743867,9144.0
2300.0,AXM5413,1.6566585606486106,103.88623187978664,9144.0
2300.0,AXM5414,1.4921081982560171,109.18186774940257,9144.0
2300.0,AXM1773,1.5574439214630993,104.13444315065558,9144.0,"(AXM5202),(AXM5232)"
2300.0,AXM1793,3.1985042916265423,110.5259642526128,9144.0,"(AXM5202),(AXM5234)"
2300.0,AXM5110,3.7021193367761542,107.4647067277279,9144.0,"(AXM5204),(AXM5208)"
2300.0,AXM5111,4.334591628949302,109.88829735470352,9144.0,"(AXM5208),(AXM5204)"
2300.0,AXM5114,3.834945350646887,107.96750989600018,9144.0,"(AXM5208),(AXM5234)"
2300.0,AXM5115,4.596632357950105,109.61787352450635,9144.0,"(AXM5232),(AXM5202)"
2300.0,AXM5117,4.12922711591294,109.50459349667172,9144.0,"(AXM5232),(AXM5234)"
2300.0,AXM5202,2.1882930737578925,107.74791212183375,9144.0,"(AXM5234),(AXM5202)"
2300.0,AXM5203,3.1180446085217963,103.43907186056127,9144.0,"(AXM5234),(AXM5208)"
2300.0,AXM5204,2.2911086969950376,107.66227540790024,9144.0,"(AXM5234),(AXM5232)"
2310.0,AXM1773,1.560970240379419,104.11974701725521,9144.0
2310.0,AXM1793,3.1874227349576527,110.49729286537348,9144.0
2310.0,AXM5110,3.7088063419917234,107.49424384185518,9144.0
2310.0,AXM5111,4.326826898991297,109.8580873078478,9144.0
2310.0,AXM5114,3.8425627806366043,107.99664005963957,9144.0
2310.0,AXM5115,4.585109892763609,109.58806649401383,9144.0
2310.0,AXM5117,4.121867950200943,109.4735067768927,9144.0
2310.0,AXM5202,2.180149832300157,107.77716286140364,9144.0
2310.0,AXM5203,3.105238862319136,103.40821545403985,9144.0
2310.0,AXM5204,2.2837539430728113,107.6920412694499,9144.0
2310.0,AXM5205,3.079443049218941,103.91893906454727,9144.0
2310.0,AXM5207,2.831858558690068,103.45848256522086,9144.0
2310.0,AXM5208,2.2089204184981495,107.68259303285824,9144.0
2310.0,AXM5232,2.159461360026916,107.75610026287517,9144.0
2310.0,AXM5233,3.1744043053727986,104.12201703816714,9144.0
2310.0,AXM5234,2.204100384835888,107.74268816547996,9144.0
2310.0,AXM5413,1.6647912992253695,103.86879569530784,9144.0
2310.0,AXM5414,1.4948141875665513,109.21156322366477,9144.0
2310.0,AXM1773,1.560970240379419,104.11974701725521,9144.0,"(AXM5202),(AXM5232)"
2310.0,AXM1793,3.1874227349576527,110.49729286537348,9144.0,"(AXM5202),(AXM5234)"
2310.0,AXM5110,3.7088063419917234,107.49424384185518,9144.0,"(AXM5204),(AXM5208)"
2310.0,AXM5111,4.326826898991297,109.8580873078478,9144.0,"(AXM5208),(AXM5204)"
2310.0,AXM5114,3.8425627806366043,107.99664005963957,9144.0,"(AXM5208),(AXM5234)"
2310.0,AXM5115,4.585109892763609,109.58806649401383,9144.0,"(AXM5232),(AXM5202)"
2310.0,AXM5117,4.121867950200943,109.4735067768927,9144.0,"(AXM5232),(AXM5234)"
2310.0,AXM5202,2.180149832300157,107.77716286140364,9144.0,"(AXM5234),(AXM5202)"
2310.0,AXM5203,3.105238862319136,103.40821545403985,9144.0,"(AXM5234),(AXM5208)"
2310.0,AXM5204,2.2837539430728113,107.6920412694499,9144.0,"(AXM5234),(AXM5232)"
2320.0,AXM1773,1.5683686214080483,104.1063288389474,9144.0
2320.0,AXM1793,3.1763187111274984,110.46856722852242,9144.0
2320.0,AXM5110,3.715492172481979,107.52378144664873,9144.0
2320.0,AXM5111,4.319060688238432,109.82787795334758,9144.0
2320.0,AXM5114,3.850200633309424,108.02576511207742,9144.0
2320.0,AXM5115,4.573480889077617,109.55798914299505,9144.0
2320.0,AXM5117,4.114482376793631,109.4424266414457,9144.0
2320.0,AXM5202,2.171991644773059,107.80640927168469,9144.0
2320.0,AXM5203,3.092755529119822,103.37722718702138,9144.0
2320.0,AXM5204,2.276398550622234,107.72180682082556,9144.0
2320.0,AXM5205,3.0858975513919362,103.88545836422442,9144.0
2320.0,AXM5207,2.8293099663798906,103.425922390043,9144.0
2320.0,AXM5208,2.2019031555483575,107.71078374100959,9144.0
2320.0,AXM5232,2.1574559156368505,107.7855631046468,9144.0
2320.0,AXM5233,3.1743554041892073,104.08923137297509,9144.0
2320.0,AXM5234,2.196896316106998,107.7710175665675,9144.0
2320.0,AXM5413,1.6728668117840095,103.85148144868668,9144.0
2320.0,AXM5414,1.4975291795346766,109.24137746275885,9144.0
2320.0,AXM1773,1.5683686214080483,104.1063288389474,9144.0,"(AXM5202),(AXM5232)"
2320.0,AXM1793,3.1763187111274984,110.46856722852242,9144.0,"(AXM5202),(AXM5234)"
2320.0,AXM5110,3.715492172481979,107.52378144664873,9144.0,"(AXM5204),(AXM5208)"
2320.0,AXM5111,4.319060688238432,109.82787795334758,9144.0,"(AXM5208),(AXM5204)"
2320.0,AXM5114,3.850200633309424,108.02576511207742,9144.0,"(AXM5208),(AXM5234)"
2320.0,AXM5115,4.573480889077617,109.55798914299505,9144.0,"(AXM5232),(AXM5202)"
2320.0,AXM5117,4.114482376793631,109.4424266414457,9144.0,"(AXM5232),(AXM5234)"
2320.0,AXM5202,2.171991644773059,107.80640927168469,9144.0,"(AXM5234),(AXM5202)"
2320.0,AXM5203,3.092755529119822,103.37722718702138,9144.0,"(AXM5234),(AXM5208)"
2320.0,AXM5204,2.276398550622234,107.72180682082556,9144.0,"(AXM5234),(AXM5232)"
2330.0,AXM1773,1.572013208311691,104.09130077197692,9144.0
2330.0,AXM1793,3.1651964531781074,110.4398489773618,9144.0
2330.0,AXM5110,3.722176690379432,107.5533195737568,9144.0
2330.0,AXM5111,4.311292718234849,109.7976693627904,9144.0
2330.0,AXM5114,3.8578218772494584,108.05483324008827,9144.0
2330.0,AXM5115,4.561849510064234,109.52791320413023,9144.0
2330.0,AXM5117,4.107083981005902,109.41134985996202,9144.0
2330.0,AXM5202,2.1639229873434185,107.83568038816021,9144.0
2330.0,AXM5203,3.080292140000028,103.3462929626635,9144.0
2330.0,AXM5204,2.269042519940449,107.75157206256678,9144.0
2330.0,AXM5205,3.0922815454550947,103.85196390744392,9144.0
2330.0,AXM5207,2.8267731107061795,103.39353519163664,9144.0
2330.0,AXM5208,2.194885324649667,107.73897417502155,9144.0
2330.0,AXM5232,2.1554498099762287,107.81502586249215,9144.0
2330.0,AXM5233,3.1743049885190424,104.05644571168392,9144.0
2330.0,AXM5234,2.1896916476220034,107.7993466784773,9144.0
2330.0,AXM5413,1.6807799911201526,103.83409227703,9144.0
2330.0,AXM5414,1.5001854139060598,109.27119703395155,9144.0
2330.0,AXM1773,1.572013208311691,104.09130077197692,9144.0,"(AXM5202),(AXM5232)"
2330.0,AXM1793,3.1651964531781074,110.4398489773618,9144.0,"(AXM5202),(AXM5234)"
2330.0,AXM5110,3.722176690379432,107.5533195737568,9144.0,"(AXM5204),(AXM5208)"
2330.0,AXM5111,4.311292718234849,109.7976693627904,9144.0,"(AXM5208),(AXM5204)"
2330.0,AXM5114,3.8578218772494584,108.05483324008827,9144.0,"(AXM5208),(AXM5234)"
2330.0,AXM5115,4.561849510064234,109.52791320413023,9144.0,"(AXM5232),(AXM5202)"
2330.0,AXM5117,4.107083981005902,109.41134985996202,9144.0,"(AXM5232),(AXM5234)"
2330.0,AXM5202,2.1639229873434185,107.83568038816021,9144.0,"(AXM5234),(AXM5202)"
2330.0,AXM5203,3.080292140000028,103.3462929626635,9144.0,"(AXM5234),(AXM5208)"
2330.0,AXM5204,2.269042519940449,107.75157206256678,9144.0,"(AXM5234),(AXM5232)"
2340.0,AXM1773,1.5715633271749696,104.07591331707143,9144.0
2340.0,AXM1793,3.1540517197101186,110.41107652485901,9144.0
2340.0,AXM5110,3.728859113691124,107.58285840112616,9144.0
2340.0,AXM5111,4.303469324275926,109.76747547028205,9144.0
2340.0,AXM5114,3.865436527396066,108.08390336473745,9144.0
2340.0,AXM5115,4.550412107216968,109.49776297264631,9144.0
2340.0,AXM5117,4.099666982959532,109.38021791536119,9144.0
2340.0,AXM5202,2.155783995134777,107.86493184115866,9144.0
2340.0,AXM5203,3.06749785127922,103.31549488594653,9144.0
2340.0,AXM5204,2.2616858510254394,107.78133699513918,9144.0
2340.0,AXM5205,3.098685100870371,103.81835741141109,9144.0
2340.0,AXM5207,2.8242414515636787,103.36114765624913,9144.0
2340.0,AXM5208,2.187866922115615,107.76716433437754,9144.0
2340.0,AXM5232,2.1534430006910723,107.84448853353008,9144.0
2340.0,AXM5233,3.173155548874106,104.02368026536813,9144.0
2340.0,AXM5234,2.1824863609986522,107.82767549695271,9144.0
2340.0,AXM5413,1.6887616111288901,103.81703216657051,9144.0
2340.0,AXM5414,1.5028509165545194,109.30113517586081,9144.0
2340.0,AXM1773,1.5715633271749696,104.07591331707143,9144.0,"(AXM5202),(AXM5232)"
2340.0,AXM1793,3.1540517197101186,110.41107652485901,9144.0,"(AXM5202),(AXM5234)"
2340.0,AXM5110,3.728859113691124,107.58285840112616,9144.0,"(AXM5204),(AXM5208)"
2340.0,AXM5111,4.303469324275926,109.76747547028205,9144.0,"(AXM5208),(AXM5204)"
2340.0,AXM5114,3.865436527396066,108.08390336473745,9144.0,"(AXM5208),(AXM5234)"
2340.0,AXM5115,4.550412107216968,109.49776297264631,9144.0,"(AXM5232),(AXM5202)"
2340.0,AXM5117,4.099666982959532,109.38021791536119,9144.0,"(AXM5232),(AXM5234)"
2340.0,AXM5202,2.155783995134777,107.86493184115866,9144.0,"(AXM5234),(AXM5202)"
2340.0,AXM5203,3.06749785127922,103.31549488594653,9144.0,"(AXM5234),(AXM5208)"
2340.0,AXM5204,2.2616858510254394,107.78133699513918,9144.0,"(AXM5234),(AXM5232)"
2350.0,AXM1773,1.5671014368287122,104.06213830275355,9144.0
2350.0,AXM1793,3.14290848095453,110.38230379949417,9144.0
2350.0,AXM5110,3.7347569264176452,107.61256474192658,9144.0
2350.0,AXM5111,4.295644176205522,109.7372823449271,9144.0
2350.0,AXM5114,3.873049926385282,108.11297407984367,9144.0
2350.0,AXM5115,4.538992907251513,109.46766848309122,9144.0
2350.0,AXM5117,4.092048506193089,109.3491352081851,9144.0
2350.0,AXM5202,2.1476600643013364,107.89412584250213,9144.0
2350.0,AXM5203,3.0547022659240888,103.28469771726921,9144.0
2350.0,AXM5204,2.2543285434890623,107.81110161891291,9144.0
2350.0,AXM5205,3.105166970613789,103.7847657704781,9144.0
2350.0,AXM5207,2.821708044885772,103.32876032845692,9144.0
2350.0,AXM5208,2.1808479422124263,107.79535421805025,9144.0
2350.0,AXM5232,2.1514353686441243,107.87395110963473,9144.0
2350.0,AXM5233,3.1720065825469157,103.99097254382536,9144.0
2350.0,AXM5234,2.175280418214662,107.85600401273214,9144.0
2350.0,AXM5413,1.6966856071924266,103.8000944548459,9144.0
2350.0,AXM5414,1.5029771538666545,109.33119156109521,9144.0
2350.0,AXM1773,1.5671014368287122,104.06213830275355,9144.0,"(AXM5202),(AXM5232)"
2350.0,AXM1793,3.14290848095453,110.38230379949417,9144.0,"(AXM5202),(AXM5234)"
2350.0,AXM5110,3.7347569264176452,107.61256474192658,9144.0,"(AXM5204),(AXM5208)"
2350.0,AXM5111,4.295644176205522,109.7372823449271,9144.0,"(AXM5208),(AXM5204)"
2350.0,AXM5114,3.873049926385282,108.11297407984367,9144.0,"(AXM5208),(AXM5234)"
2350.0,AXM5115,4.538992907251513,109.46766848309122,9144.0,"(AXM5232),(AXM5202)"
2350.0,AXM5117,4.092048506193089,109.3491352081851,9144.0,"(AXM5232),(AXM5234)"
2350.0,AXM5202,2.1476600643013364,107.89412584250213,9144.0,"(AXM5234),(AXM5202)"
2350.0,AXM5203,3.0547022659240888,103.28469771726921,9144.0,"(AXM5234),(AXM5208)"
2350.0,AXM5204,2.2543285434890623,107.81110161891291,9144.0,"(AXM5234),(AXM5232)"
2360.0,AXM1773,1.5589585898764933,104.05016676607545,9144.0
2360.0,AXM1793,3.13172155570819,110.35342200376333,9144.0
2360.0,AXM5110,3.7405375109837253,107.64168704091088,9144.0
2360.0,AXM5111,4.287891944264183,109.70707061651801,9144.0
2360.0,AXM5114,3.8806617383210016,108.1420454741734,9144.0
2360.0,AXM5115,4.5274491252320574,109.43762234100159,9144.0
2360.0,AXM5117,4.084441707720149,109.31810991813265,9144.0
2360.0,AXM5202,2.1395224005011206,107.92331585827849,9144.0
2360.0,AXM5203,3.041940700815378,103.2538867611847,9144.0
2360.0,AXM5204,2.2469705964327793,107.84086593413183,9144.0
2360.0,AXM5205,3.111593356611834,103.75145253224852,9144.0
2360.0,AXM5207,2.819153248030569,103.29637475618232,9144.0
2360.0,AXM5208,2.1738283757190997,107.82354382414233,9144.0
2360.0,AXM5232,2.146215211542368,107.90301630172821,9144.0
2360.0,AXM5233,3.170758924075972,103.95826848883034,9144.0
2360.0,AXM5234,2.1680737055899244,107.88433219727443,9144.0
2360.0,AXM5413,1.7045182063295168,103.7831141784369,9144.0
2360.0,AXM5414,1.5031006156099531,109.36095042138439,9144.0
2360.0,AXM1773,1.5589585898764933,104.05016676607545,9144.0,"(AXM5202),(AXM5232)"
2360.0,AXM1793,3.13172155570819,110.35342200376333,9144.0,"(AXM5202),(AXM5234)"
2360.0,AXM5110,3.7405375109837253,107.64168704091088,9144.0,"(AXM5204),(AXM5208)"
2360.0,AXM5111,4.287891944264183,109.70707061651801,9144.0,"(AXM5208),(AXM5204)"
2360.0,AXM5114,3.8806617383210016,108.1420454741734,9144.0,"(AXM5208),(AXM5234)"
2360.0,AXM5115,4.5274491252320574,109.43762234100159,9144.0,"(AXM5232),(AXM5202)"
2360.0,AXM5117,4.084441707720149,109.31810991813265,9144.0,"(AXM5232),(AXM5234)"
2360.0,AXM5202,2.1395224005011206,107.92331585827849,9144.0,"(AXM5234),(AXM5202)"
2360.0,AXM5203,3.041940700815378,103.2538867611847,9144.0,"(AXM5234),(AXM5208)"
2360.0,AXM5204,2.2469705964327793,107.84086593413183,9144.0,"(AXM5234),(AXM5232)"
2370.0,AXM1773,1.5479968386003893,104.04126113621943,9144.0
2370.0,AXM1793,3.1205246409020884,110.32454439912868,9144.0
2370.0,AXM5110,3.7463167788926515,107.67080979452591,9144.0
2370.0,AXM5111,4.280152770732554,109.6769165752546,9144.0
2370.0,AXM5114,3.888279560943724,108.1711155492445,9144.0
2370.0,AXM5115,4.5158615070964325,109.40746904412582,9144.0
2370.0,AXM5117,4.076911216108999,109.28706621476213,9144.0
2370.0,AXM5202,2.1313474271964634,107.95249527731767,9144.0
2370.0,AXM5203,3.029177901737073,103.2230766816192,9144.0
2370.0,AXM5204,2.239612008263661,107.87062994086783,9144.0
2370.0,AXM5205,3.1180312616675305,103.71814132109459,9144.0
2370.0,AXM5207,2.8166104795265112,103.26416248145121,9144.0
2370.0,AXM5208,2.1668082067238026,107.85173314908698,9144.0
2370.0,AXM5232,2.1409521170767953,107.93231636364615,9144.0
2370.0,AXM5233,3.169666326168586,103.9255589038727,9144.0
2370.0,AXM5234,2.1626652054654927,107.91305844824498,9144.0
2370.0,AXM5413,1.7123221012459056,103.76619519966967,9144.0
2370.0,AXM5414,1.502067330651868,109.39069156744824,9144.0
2370.0,AXM1773,1.5479968386003893,104.04126113621943,9144.0,"(AXM5202),(AXM5232)"
2370.0,AXM1793,3.1205246409020884,110.32454439912868,9144.0,"(AXM5202),(AXM5234)"
2370.0,AXM5110,3.7463167788926515,107.67080979452591,9144.0,"(AXM5204),(AXM5208)"
2370.0,AXM5111,4.280152770732554,109.6769165752546,9144.0,"(AXM5208),(AXM5204)"
2370.0,AXM5114,3.888279560943724,108.1711155492445,9144.0,"(AXM5208),(AXM5234)"
2370.0,AXM5115,4.5158615070964325,109.40746904412582,9144.0,"(AXM5232),(AXM5202)"
2370.0,AXM5117,4.076911216108999,109.28706621476213,9144.0,"(AXM5232),(AXM5234)"
2370.0,AXM5202,2.1313474271964634,107.95249527731767,9144.0,"(AXM5234),(AXM5202)"
2370.0,AXM5203,3.029177901737073,103.2230766816192,9144.0,"(AXM5234),(AXM5208)"
2370.0,AXM5204,2.239612008263661,107.87062994086783,9144.0,"(AXM5234),(AXM5232)"
2380.0,AXM1773,1.5351136084264763,104.03601743014347,9144.0
2380.0,AXM1793,3.1093053210940327,110.29561269782567,9144.0
2380.0,AXM5110,3.7520935801959245,107.6999332320332,9144.0
2380.0,AXM5111,4.272411271043649,109.64676343909143,9144.0
2380.0,AXM5114,3.895911179582895,108.20024381642686,9144.0
2380.0,AXM5115,4.504328085521514,109.3772953254787,9144.0
2380.0,AXM5117,4.069392292179469,109.25607998434319,9144.0
2380.0,AXM5202,2.123171136621463,107.98167417209586,9144.0
2380.0,AXM5203,3.0164080857006046,103.19226988042169,9144.0
2380.0,AXM5204,2.232252776409901,107.9003936389504,9144.0
2380.0,AXM5205,3.1244567425149636,103.68488548110264,9144.0
2380.0,AXM5207,2.8141242378599927,103.23194585258058,9144.0
2380.0,AXM5208,2.1597874037643656,107.8799221854374,9144.0
2380.0,AXM5232,2.135688081817628,107.96161615580905,9144.0
2380.0,AXM5233,3.1685712344196317,103.89290717673468,9144.0
2380.0,AXM5234,2.1572337765924017,107.94190232363,9144.0
2380.0,AXM5413,1.7208619527021716,103.74963575355117,9144.0
2380.0,AXM5414,1.501049022543159,109.41995469772311,9144.0
2380.0,AXM1773,1.5351136084264763,104.03601743014347,9144.0,"(AXM5202),(AXM5232)"
2380.0,AXM1793,3.1093053210940327,110.29561269782567,9144.0,"(AXM5202),(AXM5234)"
2380.0,AXM5110,3.7520935801959245,107.6999332320332,9144.0,"(AXM5204),(AXM5208)"
2380.0,AXM5111,4.272411271043649,109.64676343909143,9144.0,"(AXM5208),(AXM5204)"
2380.0,AXM5114,3.895911179582895,108.20024381642686,9144.0,"(AXM5208),(AXM5234)"
2380.0,AXM5115,4.504328085521514,109.3772953254787,9144.0,"(AXM5232),(AXM5202)"
2380.0,AXM5117,4.069392292179469,109.25607998434319,9144.0,"(AXM5232),(AXM5234)"
2380.0,AXM5202,2.123171136621463,107.98167417209586,9144.0,"(AXM5234),(AXM5202)"
2380.0,AXM5203,3.0164080857006046,103.19226988042169,9144.0,"(AXM5234),(AXM5208)"
2380.0,AXM5204,2.232252776409901,107.9003936389504,9144.0,"(AXM5234),(AXM5232)"
2390.0,AXM1773,1.521330805018231,104.03478398516306,9144.0
2390.0,AXM1793,3.098099875944357,110.26667591094298,9144.0
2390.0,AXM5110,3.7582125268934514,107.72898661162377,9144.0
2390.0,AXM5111,4.26463830176588,109.61661875035459,9144.0
2390.0,AXM5114,3.9035409802472794,108.22937282648924,9144.0
2390.0,AXM5115,4.4928139500333,109.34717689374426,9144.0
2390.0,AXM5117,4.061921339292735,109.22508238146045,9144.0
2390.0,AXM5202,2.1150300555448958,108.0108627701761,9144.0
2390.0,AXM5203,3.0035792849126244,103.16148802590217,9144.0
2390.0,AXM5204,2.2248928968563755,107.93015702785144,9144.0
2390.0,AXM5205,3.129824752592924,103.65144193500824,9144.0
2390.0,AXM5207,2.8116273615298772,103.1996139743693,9144.0
2390.0,AXM5208,2.152765882969567,107.90811091267021,9144.0
2390.0,AXM5232,2.1304747460589066,107.9909249247112,9144.0
2390.0,AXM5233,3.1673405063631668,103.86026033433822,9144.0
2390.0,AXM5234,2.1518010951340427,107.97074585989485,9144.0
2390.0,AXM5413,1.7323031980183672,103.73634149872385,9144.0
2390.0,AXM5414,1.500547650536447,109.44923125007159,9144.0
2390.0,AXM1773,1.521330805018231,104.03478398516306,9144.0,"(AXM5202),(AXM5232)"
2390.0,AXM1793,3.098099875944357,110.26667591094298,9144.0,"(AXM5202),(AXM5234)"
2390.0,AXM5110,3.7582125268934514,107.72898661162377,9144.0,"(AXM5204),(AXM5208)"
2390.0,AXM5111,4.26463830176588,109.61661875035459,9144.0,"(AXM5208),(AXM5204)"
2390.0,AXM5114,3.9035409802472794,108.22937282648924,9144.0,"(AXM5208),(AXM5234)"
2390.0,AXM5115,4.4928139500333,109.34717689374426,9144.0,"(AXM5232),(AXM5202)"
2390.0,AXM5117,4.061921339292735,109.22508238146045,9144.0,"(AXM5232),(AXM5234)"
2390.0,AXM5202,2.1150300555448958,108.0108627701761,9144.0,"(AXM5234),(AXM5202)"
2390.0,AXM5203,3.0035792849126244,103.16148802590217,9144.0,"(AXM5234),(AXM5208)"
2390.0,AXM5204,2.2248928968563755,107.93015702785144,9144.0,"(AXM5234),(AXM5232)"
2400.0,AXM1773,1.5077911394893853,104.03764214844382,9144.0
2400.0,AXM1793,3.0868932998421825,110.23773986909124,9144.0
2400.0,AXM5110,3.764305582392981,107.75792334267393,9144.0
2400.0,AXM5111,4.256863166156698,109.58647492816266,9144.0
2400.0,AXM5114,3.9111671431475763,108.25850305841395,9144.0
2400.0,AXM5115,4.4812982425279335,109.31705954176716,9144.0
2400.0,AXM5117,4.054448313241289,109.19408556767246,9144.0
2400.0,AXM5202,2.1068722688689134,108.04010805069184,9144.0
2400.0,AXM5203,2.9907466135660767,103.13070815017457,9144.0
2400.0,AXM5204,2.21753236333123,107.95992010648361,9144.0
2400.0,AXM5205,3.135173178975245,103.61811049155311,9144.0
2400.0,AXM5207,2.8110714324809183,103.16719038769625,9144.0
2400.0,AXM5208,2.1457429162701027,107.93629914952584,9144.0
2400.0,AXM5232,2.1252709994283676,108.02017471236547,9144.0
2400.0,AXM5233,3.1661039408286458,103.82755600382355,9144.0
2400.0,AXM5234,2.146470634829319,107.99960838822238,9144.0
2400.0,AXM5413,1.7454931458149203,103.72725199781266,9144.0
2400.0,AXM5414,1.5000520922547076,109.47802687769295,9144.0
2400.0,AXM1773,1.5077911394893853,104.03764214844382,9144.0,"(AXM5202),(AXM5232)"
2400.0,AXM1793,3.0868932998421825,110.23773986909124,9144.0,"(AXM5202),(AXM5234)"
2400.0,AXM5110,3.764305582392981,107.75792334267393,9144.0,"(AXM5204),(AXM5208)"
2400.0,AXM5111,4.256863166156698,109.58647492816266,9144.0,"(AXM5208),(AXM5204)"
2400.0,AXM5114,3.9111671431475763,108.25850305841395,9144.0,"(AXM5208),(AXM5234)"
2400.0,AXM5115,4.4812982425279335,109.31705954176716,9144.0,"(AXM5232),(AXM5202)"
2400.0,AXM5117,4.054448313241289,109.19408556767246,9144.0,"(AXM5232),(AXM5234)"
2400.0,AXM5202,2.1068722688689134,108.04010805069184,9144.0,"(AXM5234),(AXM5202)"
2400.0,AXM5203,2.9907466135660767,103.13070815017457,9144.0,"(AXM5234),(AXM5208)"
2400.0,AXM5204,2.21753236333123,107.95992010648361,9144.0,"(AXM5234),(AXM5232)"
2410.0,AXM1773,1.4941536083293643,104.03637933144732,9144.0
2410.0,AXM1793,3.075644665559919,110.20882050414623,9144.0
2410.0,AXM5110,3.7703970467339225,107.78686061274979,9144.0
2410.0,AXM5111,4.24907505295269,109.55633477955166,9144.0
2410.0,AXM5114,3.918806796135373,108.28769152364433,9144.0
2410.0,AXM5115,4.46978042650013,109.28694347491158,9144.0
2410.0,AXM5117,4.047091126992019,109.16306119789819,9144.0
2410.0,AXM5202,2.098709524154228,108.06935179289502,9144.0
2410.0,AXM5203,2.9780334122228447,103.09987895854685,9144.0
2410.0,AXM5204,2.2101711657399394,107.98968287281222,9144.0
2410.0,AXM5205,3.136431490095929,103.58437488349932,9144.0
2410.0,AXM5207,2.810513929805308,103.13476684359725,9144.0
2410.0,AXM5208,2.141612864886104,107.9650547101371,9144.0
2410.0,AXM5232,2.120029651656789,108.04941767716954,9144.0
2410.0,AXM5233,3.1649638794309753,103.79484819227983,9144.0
2410.0,AXM5234,2.1411499003671572,108.02841165158723,9144.0
2410.0,AXM5413,1.7603796088660053,103.72193320440616,9144.0
2410.0,AXM5414,1.4992753343799812,109.5068162778541,9144.0
2410.0,AXM1773,1.4941536083293643,104.03637933144732,9144.0,"(AXM5202),(AXM5232)"
2410.0,AXM1793,3.075644665559919,110.20882050414623,9144.0,"(AXM5202),(AXM5234)"
2410.0,AXM5110,3.7703970467339225,107.78686061274979,9144.0,"(AXM5204),(AXM5208)"
2410.0,AXM5111,4.24907505295269,109.55633477955166,9144.0,"(AXM5204),(AXM5234)"
2410.0,AXM5114,3.918806796135373,108.28769152364433,9144.0,"(AXM5208),(AXM5204)"
2410.0,AXM5115,4.46978042650013,109.28694347491158,9144.0,"(AXM5208),(AXM5234)"
2410.0,AXM5117,4.047091126992019,109.16306119789819,9144.0,"(AXM5232),(AXM5202)"
2410.0,AXM5202,2.098709524154228,108.06935179289502,9144.0,"(AXM5232),(AXM5234)"
2410.0,AXM5203,2.9780334122228447,103.09987895854685,9144.0,"(AXM5234),(AXM5202)"
2410.0,AXM5204,2.2101711657399394,107.98968287281222,9144.0,"(AXM5234),(AXM5204)"
2410.0,AXM5205,3.136431490095929,103.58437488349932,9144.0,"(AXM5234),(AXM5208)"
2410.0,AXM5207,2.810513929805308,103.13476684359725,9144.0,"(AXM5234),(AXM5232)"
2420.0,AXM1773,1.482624620593158,104.03344141089653,9144.0
2420.0,AXM1793,3.0645007601303567,110.17986080651569,9144.0
2420.0,AXM5110,3.776518208589189,107.81579179204083,9144.0
2420.0,AXM5111,4.241285507281089,109.52619530732133,9144.0
2420.0,AXM5114,3.926427704102324,108.31688517792827,9144.0
2420.0,AXM5115,4.458248782435156,109.25683320565432,9144.0
2420.0,AXM5117,4.039731946946703,109.13203758504692,9144.0
2420.0,AXM5202,2.0905135351101802,108.09858606986333,9144.0
2420.0,AXM5203,2.965318185871282,103.06905095947579,9144.0
2420.0,AXM5204,2.202809286714716,108.01944532299994,9144.0
2420.0,AXM5205,3.136984812797994,103.55056326929063,9144.0
2420.0,AXM5207,2.8097630041328743,103.10234723271782,9144.0
2420.0,AXM5208,2.137472742728352,107.99386948048398,9144.0
2420.0,AXM5232,2.114787454703447,108.07866039062856,9144.0
2420.0,AXM5233,3.1638185460344412,103.7620828973078,9144.0
2420.0,AXM5234,2.1357496151760875,108.05719998411585,9144.0
2420.0,AXM5413,1.7731262901488107,103.71306080573392,9144.0
2420.0,AXM5414,1.4984946119389193,109.53566585059225,9144.0
2420.0,AXM1773,1.482624620593158,104.03344141089653,9144.0,"(AXM5202),(AXM5232)"
2420.0,AXM1793,3.0645007601303567,110.17986080651569,9144.0,"(AXM5202),(AXM5234)"
2420.0,AXM5110,3.776518208589189,107.81579179204083,9144.0,"(AXM5204),(AXM5208)"
2420.0,AXM5111,4.241285507281089,109.52619530732133,9144.0,"(AXM5204),(AXM5234)"
2420.0,AXM5114,3.926427704102324,108.31688517792827,9144.0,"(AXM5208),(AXM5204)"
2420.0,AXM5115,4.458248782435156,109.25683320565432,9144.0,"(AXM5208),(AXM5234)"
2420.0,AXM5117,4.039731946946703,109.13203758504692,9144.0,"(AXM5232),(AXM5202)"
2420.0,AXM5202,2.0905135351101802,108.09858606986333,9144.0,"(AXM5232),(AXM5234)"
2420.0,AXM5203,2.965318185871282,103.06905095947579,9144.0,"(AXM5234),(AXM5202)"
2420.0,AXM5204,2.202809286714716,108.01944532299994,9144.0,"(AXM5234),(AXM5204)"
2420.0,AXM5205,3.136984812797994,103.55056326929063,9144.0,"(AXM5234),(AXM5208)"
2420.0,AXM5207,2.8097630041328743,103.10234723271782,9144.0,"(AXM5234),(AXM5232)"
2430.0,AXM1773,1.4717858908691854,104.02906103721706,9144.0
2430.0,AXM1793,3.0532650703413173,110.15087392347746,9144.0
2430.0,AXM5110,3.782687755348026,107.84495743316603,9144.0
2430.0,AXM5111,4.233494299106982,109.4960565708303,9144.0
2430.0,AXM5114,3.9340471541308277,108.34607948128819,9144.0
2430.0,AXM5115,4.446777929163032,109.22688694704108,9144.0
2430.0,AXM5117,4.03239807638465,109.10100822973857,9144.0
2430.0,AXM5202,2.082235147336499,108.1281040404009,9144.0
2430.0,AXM5203,2.952526579280073,103.03825501506394,9144.0
2430.0,AXM5204,2.195446692223835,108.04920744907923,9144.0
2430.0,AXM5205,3.133432225441298,103.51693492002883,9144.0
2430.0,AXM5207,2.8090052170894393,103.06969660726541,9144.0
2430.0,AXM5208,2.1315973226028206,108.02238054176688,9144.0
2430.0,AXM5232,2.1094929735541403,108.10789357062488,9144.0
2430.0,AXM5233,3.162687973862203,103.72931712384111,9144.0
2430.0,AXM5234,2.130359689469353,108.08592912383888,9144.0
2430.0,AXM5413,1.782692236260325,103.70145225586448,9144.0
2430.0,AXM5414,1.4986515301235772,109.5645255676907,9144.0
2430.0,AXM1773,1.4717858908691854,104.02906103721706,9144.0,"(AXM5202),(AXM5232)"
2430.0,AXM1793,3.0532650703413173,110.15087392347746,9144.0,"(AXM5202),(AXM5234)"
2430.0,AXM5110,3.782687755348026,107.84495743316603,9144.0,"(AXM5204),(AXM5208)"
2430.0,AXM5111,4.233494299106982,109.4960565708303,9144.0,"(AXM5204),(AXM5234)"
2430.0,AXM5114,3.9340471541308277,108.34607948128819,9144.0,"(AXM5208),(AXM5204)"
2430.0,AXM5115,4.446777929163032,109.22688694704108,9144.0,"(AXM5208),(AXM5234)"
2430.0,AXM5117,4.03239807638465,109.10100822973857,9144.0,"(AXM5232),(AXM5202)"
2430.0,AXM5202,2.082235147336499,108.1281040404009,9144.0,"(AXM5232),(AXM5234)"
2430.0,AXM5203,2.952526579280073,103.03825501506394,9144.0,"(AXM5234),(AXM5202)"
2430.0,AXM5204,2.195446692223835,108.04920744907923,9144.0,"(AXM5234),(AXM5204)"
2430.0,AXM5205,3.133432225441298,103.51693492002883,9144.0,"(AXM5234),(AXM5208)"
2430.0,AXM5207,2.8090052170894393,103.06969660726541,9144.0,"(AXM5234),(AXM5232)"
2440.0,AXM1773,1.461282396598872,104.02481619154551,9144.0
2440.0,AXM1793,3.0420282660429425,110.12188777635805,9144.0
2440.0,AXM5110,3.788856075329889,107.87412354267587,9144.0
2440.0,AXM5111,4.225697149197118,109.46591968269617,9144.0
2440.0,AXM5114,3.9416590350231377,108.37527603541949,9144.0
2440.0,AXM5115,4.431573406501287,109.19866379672081,9144.0
2440.0,AXM5117,4.025062252299953,109.06997961831351,9144.0
2440.0,AXM5202,2.0739957917854244,108.15763279014375,9144.0
2440.0,AXM5203,2.939711108849905,103.00740736382858,9144.0
2440.0,AXM5204,2.1880832938017356,108.07896922959134,9144.0
2440.0,AXM5205,3.1292338074850212,103.48338144018332,9144.0
2440.0,AXM5207,2.808317985495114,103.03704443601964,9144.0
2440.0,AXM5208,2.125744827104428,108.05077341669805,9144.0
2440.0,AXM5232,2.1042189297646714,108.13700898297157,9144.0
2440.0,AXM5233,3.1615508808360477,103.69643631896709,9144.0
2440.0,AXM5234,2.124968799793825,108.11465798201905,9144.0
2440.0,AXM5413,1.788630960928749,103.68785994405539,9144.0
2440.0,AXM5414,1.4988055000522202,109.59302304297356,9144.0
2440.0,AXM1773,1.461282396598872,104.02481619154551,9144.0,"(AXM5202),(AXM5232)"
2440.0,AXM1793,3.0420282660429425,110.12188777635805,9144.0,"(AXM5202),(AXM5234)"
2440.0,AXM5110,3.788856075329889,107.87412354267587,9144.0,"(AXM5204),(AXM5208)"
2440.0,AXM5111,4.225697149197118,109.46591968269617,9144.0,"(AXM5204),(AXM5234)"
2440.0,AXM5114,3.9416590350231377,108.37527603541949,9144.0,"(AXM5208),(AXM5204)"
2440.0,AXM5115,4.431573406501287,109.19866379672081,9144.0,"(AXM5208),(AXM5234)"
2440.0,AXM5117,4.025062252299953,109.06997961831351,9144.0,"(AXM5232),(AXM5202)"
2440.0,AXM5202,2.0739957917854244,108.15763279014375,9144.0,"(AXM5232),(AXM5234)"
2440.0,AXM5203,2.939711108849905,103.00740736382858,9144.0,"(AXM5234),(AXM5202)"
2440.0,AXM5204,2.1880832938017356,108.07896922959134,9144.0,"(AXM5234),(AXM5204)"
2440.0,AXM5205,3.1292338074850212,103.48338144018332,9144.0,"(AXM5234),(AXM5208)"
2440.0,AXM5207,2.808317985495114,103.03704443601964,9144.0,"(AXM5234),(AXM5232)"
2450.0,AXM1773,1.4507788865844233,104.02057140463626,9144.0
2450.0,AXM1793,3.030773993160301,110.09290872827435,9144.0
2450.0,AXM5110,3.7950228772481984,107.9032901826699,9144.0
2450.0,AXM5111,4.217804934984164,109.43580799150246,9144.0
2450.0,AXM5114,3.949353688425162,108.4044510515448,9144.0
2450.0,AXM5115,4.412886246285862,109.17262976823677,9144.0
2450.0,AXM5117,4.017675498941451,109.03896343276872,9144.0
2450.0,AXM5202,2.0657082249945797,108.18733153054171,9144.0
2450.0,AXM5203,2.9269526725778605,102.97653636982257,9144.0
2450.0,AXM5204,2.1807184439092517,108.10873050451177,9144.0
2450.0,AXM5205,3.12099596566459,103.45058763500212,9144.0
2450.0,AXM5207,2.807631673204715,103.00450778030883,9144.0
2450.0,AXM5208,2.1208709161479757,108.0793507040622,9144.0
2450.0,AXM5232,2.0990290581363578,108.16613944047072,9144.0
2450.0,AXM5233,3.1602904222072126,103.66356006575711,9144.0
2450.0,AXM5234,2.1195946150595755,108.14338987424617,9144.0
2450.0,AXM5413,1.7906226085906023,103.67316015751253,9144.0
2450.0,AXM5414,1.4985806605256295,109.6215200439788,9144.0
2450.0,AXM1773,1.4507788865844233,104.02057140463626,9144.0,"(AXM5202),(AXM5232)"
2450.0,AXM1793,3.030773993160301,110.09290872827435,9144.0,"(AXM5202),(AXM5234)"
2450.0,AXM5110,3.7950228772481984,107.9032901826699,9144.0,"(AXM5204),(AXM5208)"
2450.0,AXM5111,4.217804934984164,109.43580799150246,9144.0,"(AXM5204),(AXM5234)"
2450.0,AXM5114,3.949353688425162,108.4044510515448,9144.0,"(AXM5208),(AXM5204)"
2450.0,AXM5115,4.412886246285862,109.17262976823677,9144.0,"(AXM5208),(AXM5234)"
2450.0,AXM5117,4.017675498941451,109.03896343276872,9144.0,"(AXM5232),(AXM5202)"
2450.0,AXM5202,2.0657082249945797,108.18733153054171,9144.0,"(AXM5232),(AXM5234)"
2450.0,AXM5203,2.9269526725778605,102.97653636982257,9144.0,"(AXM5234),(AXM5202)"
2450.0,AXM5204,2.1807184439092517,108.10873050451177,9144.0,"(AXM5234),(AXM5204)"
2450.0,AXM5205,3.12099596566459,103.45058763500212,9144.0,"(AXM5234),(AXM5208)"
2450.0,AXM5207,2.807631673204715,103.00450778030883,9144.0,"(AXM5234),(AXM5232)"
2460.0,AXM1773,1.4404277783909183,104.01596723880336,9144.0
2460.0,AXM1793,3.0195214232108154,110.0639293178249,9144.0
2460.0,AXM5110,3.8011436124070364,107.93246677431974,9144.0
2460.0,AXM5111,4.209895767467449,109.40564024742612,9144.0
2460.0,AXM5114,3.9570441258820472,108.43362745518967,9144.0
2460.0,AXM5115,4.3938202195583855,109.1468742243725,9144.0
2460.0,AXM5117,4.010286807019426,109.00794799191573,9144.0
2460.0,AXM5202,2.057419845251948,108.21702988912742,9144.0
2460.0,AXM5203,2.914213981439332,102.94571949699869,9144.0
2460.0,AXM5204,2.175333242660037,108.13891335051244,9144.0
2460.0,AXM5205,3.110073831894511,103.4187711939342,9144.0
2460.0,AXM5207,2.8069392420055723,102.97197127383602,9144.0
2460.0,AXM5208,2.1160360348328515,108.10769001376677,9144.0
2460.0,AXM5232,2.093838366619767,108.19526965508578,9144.0
2460.0,AXM5233,3.159022828844059,103.6305689688168,9144.0
2460.0,AXM5234,2.1142194766941276,108.17212148820634,9144.0
2460.0,AXM5413,1.7884869874195746,103.65869421750207,9144.0
2460.0,AXM5414,1.4983554112094808,109.64995650987423,9144.0
2460.0,AXM1773,1.4404277783909183,104.01596723880336,9144.0,"(AXM5202),(AXM5232)"
2460.0,AXM1793,3.0195214232108154,110.0639293178249,9144.0,"(AXM5202),(AXM5234)"
2460.0,AXM5110,3.8011436124070364,107.93246677431974,9144.0,"(AXM5204),(AXM5208)"
2460.0,AXM5111,4.209895767467449,109.40564024742612,9144.0,"(AXM5204),(AXM5234)"
2460.0,AXM5114,3.9570441258820472,108.43362745518967,9144.0,"(AXM5208),(AXM5204)"
2460.0,AXM5115,4.3938202195583855,109.1468742243725,9144.0,"(AXM5208),(AXM5234)"
2460.0,AXM5117,4.010286807019426,109.00794799191573,9144.0,"(AXM5232),(AXM5202)"
2460.0,AXM5202,2.057419845251948,108.21702988912742,9144.0,"(AXM5232),(AXM5234)"
2460.0,AXM5203,2.914213981439332,102.94571949699869,9144.0,"(AXM5234),(AXM5202)"
2460.0,AXM5204,2.175333242660037,108.13891335051244,9144.0,"(AXM5234),(AXM5204)"
2460.0,AXM5205,3.110073831894511,103.4187711939342,9144.0,"(AXM5234),(AXM5208)"
2460.0,AXM5207,2.8069392420055723,102.97197127383602,9144.0,"(AXM5234),(AXM5232)"
2470.0,AXM1773,1.4301818054693767,104.01166800023945,9144.0
2470.0,AXM1793,3.008264380391164,110.03495194915791,9144.0
2470.0,AXM5110,3.807263261200088,107.9616438020708,9144.0
2470.0,AXM5111,4.202079687604048,109.37544842318839,9144.0
2470.0,AXM5114,3.964608523938632,108.46283721449737,9144.0
2470.0,AXM5115,4.374753257983975,109.12112003376755,9144.0
2470.0,AXM5117,4.002960286163266,108.97691801156749,9144.0
2470.0,AXM5202,2.0491086248234143,108.24672170108639,9144.0
2470.0,AXM5203,2.9014011634989485,102.91493379968217,9144.0
2470.0,AXM5204,2.16947369368754,108.16717150309294,9144.0
2470.0,AXM5205,3.097306835129061,103.3876515811754,9144.0
2470.0,AXM5207,2.806244093705877,102.93937706762507,9144.0
2470.0,AXM5208,2.1109257908664962,108.13598080645677,9144.0
2470.0,AXM5232,2.088538505883513,108.22438008110186,9144.0
2470.0,AXM5233,3.154659968931568,103.59784401439066,9144.0
2470.0,AXM5234,2.108281394592449,108.20074179560095,9144.0
2470.0,AXM5413,1.7824204395107528,103.64539050787025,9144.0
2470.0,AXM5414,1.4983862756057877,109.678393852122,9144.0
2470.0,AXM1773,1.4301818054693767,104.01166800023945,9144.0,"(AXM5202),(AXM5232)"
2470.0,AXM1793,3.008264380391164,110.03495194915791,9144.0,"(AXM5202),(AXM5234)"
2470.0,AXM5110,3.807263261200088,107.9616438020708,9144.0,"(AXM5204),(AXM5208)"
2470.0,AXM5111,4.202079687604048,109.37544842318839,9144.0,"(AXM5204),(AXM5234)"
2470.0,AXM5114,3.964608523938632,108.46283721449737,9144.0,"(AXM5208),(AXM5204)"
2470.0,AXM5115,4.374753257983975,109.12112003376755,9144.0,"(AXM5208),(AXM5234)"
2470.0,AXM5117,4.002960286163266,108.97691801156749,9144.0,"(AXM5232),(AXM5202)"
2470.0,AXM5202,2.0491086248234143,108.24672170108639,9144.0,"(AXM5232),(AXM5234)"
2470.0,AXM5203,2.9014011634989485,102.91493379968217,9144.0,"(AXM5234),(AXM5202)"
2470.0,AXM5204,2.16947369368754,108.16717150309294,9144.0,"(AXM5234),(AXM5204)"
2470.0,AXM5205,3.097306835129061,103.3876515811754,9144.0,"(AXM5234),(AXM5208)"
2470.0,AXM5207,2.806244093705877,102.93937706762507,9144.0,"(AXM5234),(AXM5232)"
2480.0,AXM1773,1.4208082122134091,104.00773485407221,9144.0
2480.0,AXM1793,2.9969933745638744,110.00598032260974,9144.0
2480.0,AXM5110,3.8133817920260897,107.99082127283802,9144.0
2480.0,AXM5111,4.1942622378638825,109.34525725790402,9144.0
2480.0,AXM5114,3.972171068379281,108.49204772354176,9144.0
2480.0,AXM5115,4.355685355790164,109.09536719788501,9144.0
2480.0,AXM5117,3.995631849345627,108.94588876335524,9144.0
2480.0,AXM5202,2.040780728556543,108.27646981916018,9144.0
2480.0,AXM5203,2.8885865536415616,102.88414919831537,9144.0
2480.0,AXM5204,2.1638701762795582,108.19419139940804,9144.0
2480.0,AXM5205,3.084603127265223,103.35669163494808,9144.0
2480.0,AXM5207,2.805540621304673,102.90678306005138,9144.0
2480.0,AXM5208,2.108993862591756,108.16442263113713,9144.0
2480.0,AXM5232,2.0832271245612772,108.2535490267654,9144.0
2480.0,AXM5233,3.1462575430945954,103.56585992387426,9144.0
2480.0,AXM5234,2.1023423675842006,108.22936179760958,9144.0
2480.0,AXM5413,1.772900107301007,103.63429539336857,9144.0
2480.0,AXM5414,1.4984155955372194,109.70610146434328,9144.0
2480.0,AXM1773,1.4208082122134091,104.00773485407221,9144.0,"(AXM5202),(AXM5232)"
2480.0,AXM1793,2.9969933745638744,110.00598032260974,9144.0,"(AXM5202),(AXM5234)"
2480.0,AXM5110,3.8133817920260897,107.99082127283802,9144.0,"(AXM5204),(AXM5208)"
2480.0,AXM5111,4.1942622378638825,109.34525725790402,9144.0,"(AXM5204),(AXM5234)"
2480.0,AXM5114,3.972171068379281,108.49204772354176,9144.0,"(AXM5208),(AXM5204)"
2480.0,AXM5115,4.355685355790164,109.09536719788501,9144.0,"(AXM5208),(AXM5234)"
2480.0,AXM5117,3.995631849345627,108.94588876335524,9144.0,"(AXM5232),(AXM5202)"
2480.0,AXM5202,2.040780728556543,108.27646981916018,9144.0,"(AXM5232),(AXM5234)"
2480.0,AXM5203,2.8885865536415616,102.88414919831537,9144.0,"(AXM5234),(AXM5202)"
2480.0,AXM5204,2.1638701762795582,108.19419139940804,9144.0,"(AXM5234),(AXM5204)"
2480.0,AXM5205,3.084603127265223,103.35669163494808,9144.0,"(AXM5234),(AXM5208)"
2480.0,AXM5207,2.805540621304673,102.90678306005138,9144.0,"(AXM5234),(AXM5232)"
2490.0,AXM1773,1.411441043765342,104.00378643760219,9144.0
2490.0,AXM1793,2.9857189084991904,109.97701034404267,9144.0
2490.0,AXM5110,3.8194991493280446,108.01999919857552,9144.0
2490.0,AXM5111,4.186443295727736,109.3150667830227,9144.0
2490.0,AXM5114,3.979791213369767,108.52124345695397,9144.0
2490.0,AXM5115,4.33661650223136,109.06961572189287,9144.0
2490.0,AXM5117,3.9881910802646243,108.91488667196339,9144.0
2490.0,AXM5202,2.0324627462023295,108.30622056075362,9144.0
2490.0,AXM5203,2.875742112081265,102.85337741083441,9144.0
2490.0,AXM5204,2.158265653662508,108.22121098720591,9144.0
2490.0,AXM5205,3.071817479827653,103.32576590676383,9144.0
2490.0,AXM5207,2.8048569987006835,102.87517609582434,9144.0
2490.0,AXM5208,2.1070735985566706,108.19268302243165,9144.0
2490.0,AXM5232,2.0779555796453737,108.28272511019216,9144.0
2490.0,AXM5233,3.135445335160989,103.5346106224616,9144.0
2490.0,AXM5234,2.096383073333984,108.25797747163169,9144.0
2490.0,AXM5413,1.7612556719225543,103.62694797136571,9144.0
2490.0,AXM5414,1.4985423247088259,109.73380880367453,9144.0
2490.0,AXM1773,1.411441043765342,104.00378643760219,9144.0,"(AXM5202),(AXM5232)"
2490.0,AXM1793,2.9857189084991904,109.97701034404267,9144.0,"(AXM5202),(AXM5234)"
2490.0,AXM5110,3.8194991493280446,108.01999919857552,9144.0,"(AXM5204),(AXM5208)"
2490.0,AXM5111,4.186443295727736,109.3150667830227,9144.0,"(AXM5204),(AXM5234)"
2490.0,AXM5114,3.979791213369767,108.52124345695397,9144.0,"(AXM5208),(AXM5204)"
2490.0,AXM5115,4.33661650223136,109.06961572189287,9144.0,"(AXM5208),(AXM5234)"
2490.0,AXM5117,3.9881910802646243,108.91488667196339,9144.0,"(AXM5232),(AXM5202)"
2490.0,AXM5202,2.0324627462023295,108.30622056075362,9144.0,"(AXM5232),(AXM5234)"
2490.0,AXM5203,2.875742112081265,102.85337741083441,9144.0,"(AXM5234),(AXM5202)"
2490.0,AXM5204,2.158265653662508,108.22121098720591,9144.0,"(AXM5234),(AXM5204)"
2490.0,AXM5205,3.071817479827653,103.32576590676383,9144.0,"(AXM5234),(AXM5208)"
2490.0,AXM5207,2.8048569987006835,102.87517609582434,9144.0,"(AXM5234),(AXM5232)"
2500.0,AXM1773,1.402141166141346,103.99986642015182,9144.0
2500.0,AXM1793,2.9745720304816206,109.94799119385655,9144.0
2500.0,AXM5110,3.82561520582665,108.04917760632706,9144.0
2500.0,AXM5111,4.178622351854934,109.28487713077436,9144.0
2500.0,AXM5114,3.9874251209251987,108.55049731808113,9144.0
2500.0,AXM5115,4.317546676427008,109.04386561850973,9144.0
2500.0,AXM5117,3.980734876892844,108.88382862311185,9144.0
2500.0,AXM5202,2.0241915587023738,108.33580073958171,9144.0
2500.0,AXM5203,2.862940079722265,102.82271242201689,9144.0
2500.0,AXM5204,2.1525883593192283,108.24821525579947,9144.0
2500.0,AXM5205,3.059074119303492,103.29494690443275,9144.0
2500.0,AXM5207,2.8042125960439814,102.84356832309552,9144.0
2500.0,AXM5208,2.105152529336117,108.22094332408312,9144.0
2500.0,AXM5232,2.072672608509793,108.31195968929966,9144.0
2500.0,AXM5233,3.124631960755736,103.50336204838233,9144.0
2500.0,AXM5234,2.0903984252961236,108.28671026062331,9144.0
2500.0,AXM5413,1.7493051600735154,103.62418122614471,9144.0
2500.0,AXM5414,1.4986680434500759,109.76145505155375,9144.0
2500.0,AXM1773,1.402141166141346,103.99986642015182,9144.0,"(AXM5202),(AXM5232)"
2500.0,AXM1793,2.9745720304816206,109.94799119385655,9144.0,"(AXM5202),(AXM5234)"
2500.0,AXM5110,3.82561520582665,108.04917760632706,9144.0,"(AXM5203),(AXM5207)"
2500.0,AXM5111,4.178622351854934,109.28487713077436,9144.0,"(AXM5204),(AXM5208)"
2500.0,AXM5114,3.9874251209251987,108.55049731808113,9144.0,"(AXM5204),(AXM5234)"
2500.0,AXM5115,4.317546676427008,109.04386561850973,9144.0,"(AXM5207),(AXM5203)"
2500.0,AXM5117,3.980734876892844,108.88382862311185,9144.0,"(AXM5208),(AXM5204)"
2500.0,AXM5202,2.0241915587023738,108.33580073958171,9144.0,"(AXM5208),(AXM5234)"
2500.0,AXM5203,2.862940079722265,102.82271242201689,9144.0,"(AXM5232),(AXM5202)"
2500.0,AXM5204,2.1525883593192283,108.24821525579947,9144.0,"(AXM5232),(AXM5234)"
2500.0,AXM5205,3.059074119303492,103.29494690443275,9144.0,"(AXM5234),(AXM5202)"
2500.0,AXM5207,2.8042125960439814,102.84356832309552,9144.0,"(AXM5234),(AXM5204)"
2500.0,AXM5208,2.105152529336117,108.22094332408312,9144.0,"(AXM5234),(AXM5208)"
2500.0,AXM5232,2.072672608509793,108.31195968929966,9144.0,"(AXM5234),(AXM5232)"
2510.0,AXM1773,1.3928412816300118,103.99594643457304,9144.0
2510.0,AXM1793,2.963443112940289,109.91902840654028,9144.0
2510.0,AXM5110,3.831729336069637,108.07835662795678,9144.0
2510.0,AXM5111,4.170774565987301,109.25469478390376,9144.0
2510.0,AXM5114,3.9950575815605895,108.57975183049152,9144.0
2510.0,AXM5115,4.298475831275555,109.01811691998878,9144.0
2510.0,AXM5117,3.973345500383817,108.85275480824424,9144.0
2510.0,AXM5202,2.015914532268077,108.36537913235776,9144.0
2510.0,AXM5203,2.850173794574379,102.79203283773504,9144.0
2510.0,AXM5204,2.146910102629193,108.27521922130921,9144.0
2510.0,AXM5205,3.046296127657294,103.26414265187672,9144.0
2510.0,AXM5207,2.8035408412750846,102.81068538912837,9144.0
2510.0,AXM5208,2.1048006791526612,108.24926673868927,9144.0
2510.0,AXM5232,2.067411579171056,108.3411981331425,9144.0
2510.0,AXM5233,3.113817124787802,103.47211430303233,9144.0
2510.0,AXM5234,2.084228517110277,108.3154036735561,9144.0
2510.0,AXM5413,1.7386866183824814,103.62584371000392,9144.0
2510.0,AXM5414,1.502889692317579,109.7887771891288,9144.0
2510.0,AXM1773,1.3928412816300118,103.99594643457304,9144.0,"(AXM5202),(AXM5232)"
2510.0,AXM1793,2.963443112940289,109.91902840654028,9144.0,"(AXM5202),(AXM5234)"
2510.0,AXM5110,3.831729336069637,108.07835662795678,9144.0,"(AXM5203),(AXM5207)"
2510.0,AXM5111,4.170774565987301,109.25469478390376,9144.0,"(AXM5204),(AXM5208)"
2510.0,AXM5114,3.9950575815605895,108.57975183049152,9144.0,"(AXM5204),(AXM5234)"
2510.0,AXM5115,4.298475831275555,109.01811691998878,9144.0,"(AXM5207),(AXM5203)"
2510.0,AXM5117,3.973345500383817,108.85275480824424,9144.0,"(AXM5208),(AXM5204)"
2510.0,AXM5202,2.015914532268077,108.36537913235776,9144.0,"(AXM5208),(AXM5234)"
2510.0,AXM5203,2.850173794574379,102.79203283773504,9144.0,"(AXM5232),(AXM5202)"
2510.0,AXM5204,2.146910102629193,108.27521922130921,9144.0,"(AXM5232),(AXM5234)"
2510.0,AXM5205,3.046296127657294,103.26414265187672,9144.0,"(AXM5234),(AXM5202)"
2510.0,AXM5207,2.8035408412750846,102.81068538912837,9144.0,"(AXM5234),(AXM5204)"
2510.0,AXM5208,2.1048006791526612,108.24926673868927,9144.0,"(AXM5234),(AXM5208)"
2510.0,AXM5232,2.067411579171056,108.3411981331425,9144.0,"(AXM5234),(AXM5232)"
2520.0,AXM1773,1.3835413898106148,103.99202648176114,9144.0
2520.0,AXM1793,2.9521781785745462,109.89011868560327,9144.0
2520.0,AXM5110,3.837950548335118,108.10751311709642,9144.0
2520.0,AXM5111,4.162895226736141,109.22439952808452,9144.0
2520.0,AXM5114,4.002686247732516,108.6090076097421,9144.0
2520.0,AXM5115,4.279403805077504,108.99236974395743,9144.0
2520.0,AXM5117,3.965954304722541,108.82168170628194,9144.0
2520.0,AXM5202,2.00770603504104,108.39497649105344,9144.0
2520.0,AXM5203,2.8374720475944604,102.7615131817693,9144.0
2520.0,AXM5204,2.141226782379388,108.30222201980801,9144.0
2520.0,AXM5205,3.0336486182926037,103.23365728843646,9144.0
2520.0,AXM5207,2.802801304517839,102.77780393401856,9144.0
2520.0,AXM5208,2.104448013499981,108.27759013673307,9144.0
2520.0,AXM5232,2.062139177595148,108.37049504055202,9144.0
2520.0,AXM5233,3.1016362685483094,103.4413751710727,9144.0
2520.0,AXM5234,2.0780577121087394,108.34409678108072,9144.0
2520.0,AXM5413,1.7302287195493449,103.63121641447383,9144.0
2520.0,AXM5414,1.5075017067029326,109.81510077447304,9144.0
2520.0,AXM1773,1.3835413898106148,103.99202648176114,9144.0,"(AXM5202),(AXM5232)"
2520.0,AXM1793,2.9521781785745462,109.89011868560327,9144.0,"(AXM5203),(AXM5207)"
2520.0,AXM5110,3.837950548335118,108.10751311709642,9144.0,"(AXM5204),(AXM5208)"
2520.0,AXM5111,4.162895226736141,109.22439952808452,9144.0,"(AXM5204),(AXM5234)"
2520.0,AXM5114,4.002686247732516,108.6090076097421,9144.0,"(AXM5207),(AXM5203)"
2520.0,AXM5115,4.279403805077504,108.99236974395743,9144.0,"(AXM5208),(AXM5204)"
2520.0,AXM5117,3.965954304722541,108.82168170628194,9144.0,"(AXM5208),(AXM5234)"
2520.0,AXM5202,2.00770603504104,108.39497649105344,9144.0,"(AXM5232),(AXM5202)"
2520.0,AXM5203,2.8374720475944604,102.7615131817693,9144.0,"(AXM5232),(AXM5234)"
2520.0,AXM5204,2.141226782379388,108.30222201980801,9144.0,"(AXM5234),(AXM5204)"
2520.0,AXM5205,3.0336486182926037,103.23365728843646,9144.0,"(AXM5234),(AXM5208)"
2520.0,AXM5207,2.802801304517839,102.77780393401856,9144.0,"(AXM5234),(AXM5232)"
2530.0,AXM1773,1.3742359583297845,103.98811972051956,9144.0
2530.0,AXM1793,2.940889188373229,109.86115555219793,9144.0
2530.0,AXM5110,3.844132947875119,108.13649471650969,9144.0
2530.0,AXM5111,4.154991505725515,109.19411096154137,9144.0
2530.0,AXM5114,4.010310996354818,108.63826468794218,9144.0
2530.0,AXM5115,4.259882998777449,108.9669636903094,9144.0
2530.0,AXM5117,3.958680779178399,108.79058099007119,9144.0
2530.0,AXM5202,1.9995087295050609,108.4245155912943,9144.0
2530.0,AXM5203,2.8248283823199034,102.7309696921267,9144.0
2530.0,AXM5204,2.13554249318559,108.32922451404006,9144.0
2530.0,AXM5205,3.0210079967501122,103.20316941605081,9144.0
2530.0,AXM5207,2.8020500129984782,102.74446339973655,9144.0
2530.0,AXM5208,2.103839796801762,108.3059091827115,9144.0
2530.0,AXM5232,2.056863203807311,108.39979120702147,9144.0
2530.0,AXM5233,3.0894752282485616,103.41069035392013,9144.0
2530.0,AXM5234,2.0717912323937298,108.37276900464207,9144.0
2530.0,AXM5413,1.7222322089886108,103.63737556567452,9144.0
2530.0,AXM5414,1.512112692360167,109.84142459599592,9144.0
2530.0,AXM1773,1.3742359583297845,103.98811972051956,9144.0,"(AXM5202),(AXM5232)"
2530.0,AXM1793,2.940889188373229,109.86115555219793,9144.0,"(AXM5203),(AXM5207)"
2530.0,AXM5110,3.844132947875119,108.13649471650969,9144.0,"(AXM5204),(AXM5208)"
2530.0,AXM5111,4.154991505725515,109.19411096154137,9144.0,"(AXM5204),(AXM5234)"
2530.0,AXM5114,4.010310996354818,108.63826468794218,9144.0,"(AXM5207),(AXM5203)"
2530.0,AXM5115,4.259882998777449,108.9669636903094,9144.0,"(AXM5208),(AXM5204)"
2530.0,AXM5117,3.958680779178399,108.79058099007119,9144.0,"(AXM5208),(AXM5234)"
2530.0,AXM5202,1.9995087295050609,108.4245155912943,9144.0,"(AXM5232),(AXM5202)"
2530.0,AXM5203,2.8248283823199034,102.7309696921267,9144.0,"(AXM5232),(AXM5234)"
2530.0,AXM5204,2.13554249318559,108.32922451404006,9144.0,"(AXM5234),(AXM5204)"
2530.0,AXM5205,3.0210079967501122,103.20316941605081,9144.0,"(AXM5234),(AXM5208)"
2530.0,AXM5207,2.8020500129984782,102.74446339973655,9144.0,"(AXM5234),(AXM5232)"
2540.0,AXM1773,1.367674752783631,103.98103749518494,9144.0
2540.0,AXM1793,2.9296586443066297,109.83216993745785,9144.0
2540.0,AXM5110,3.8503116555889068,108.16547731695655,9144.0
2540.0,AXM5111,4.14708618878692,109.16382311698716,9144.0
2540.0,AXM5114,4.017932836772247,108.66752280075029,9144.0
2540.0,AXM5115,4.2442022187184865,108.93981854291354,9144.0
2540.0,AXM5117,3.9514057175147106,108.75948090789481,9144.0
2540.0,AXM5202,1.9912004921424782,108.45402349572028,9144.0
2540.0,AXM5203,2.812315179341838,102.7007462178989,9144.0
2540.0,AXM5204,2.1298508915249963,108.35622536586598,9144.0
2540.0,AXM5205,3.008564848088733,103.17316168879036,9144.0
2540.0,AXM5207,2.800950416055437,102.71113258935408,9144.0
2540.0,AXM5208,2.1032307768355794,108.33422820034691,9144.0
2540.0,AXM5232,2.051586420388147,108.42908713070838,9144.0
2540.0,AXM5233,3.077452183393354,103.37995139399236,9144.0
2540.0,AXM5234,2.065511079822014,108.40149944119564,9144.0
2540.0,AXM5413,1.7144094426918726,103.64340082070326,9144.0
2540.0,AXM5414,1.517007376630937,109.86769716863748,9144.0
2540.0,AXM1773,1.367674752783631,103.98103749518494,9144.0,"(AXM5202),(AXM5232)"
2540.0,AXM1793,2.9296586443066297,109.83216993745785,9144.0,"(AXM5203),(AXM5207)"
2540.0,AXM5110,3.8503116555889068,108.16547731695655,9144.0,"(AXM5204),(AXM5208)"
2540.0,AXM5111,4.14708618878692,109.16382311698716,9144.0,"(AXM5204),(AXM5234)"
2540.0,AXM5114,4.017932836772247,108.66752280075029,9144.0,"(AXM5207),(AXM5203)"
2540.0,AXM5115,4.2442022187184865,108.93981854291354,9144.0,"(AXM5208),(AXM5204)"
2540.0,AXM5117,3.9514057175147106,108.75948090789481,9144.0,"(AXM5208),(AXM5234)"
2540.0,AXM5202,1.9912004921424782,108.45402349572028,9144.0,"(AXM5232),(AXM5202)"
2540.0,AXM5203,2.812315179341838,102.7007462178989,9144.0,"(AXM5232),(AXM5234)"
2540.0,AXM5204,2.1298508915249963,108.35622536586598,9144.0,"(AXM5234),(AXM5204)"
2540.0,AXM5205,3.008564848088733,103.17316168879036,9144.0,"(AXM5234),(AXM5208)"
2540.0,AXM5207,2.800950416055437,102.71113258935408,9144.0,"(AXM5234),(AXM5232)"
2550.0,AXM1773,1.3645733535434144,103.9718164521272,9144.0
2550.0,AXM1793,2.9184044277543015,109.8031307968918,9144.0
2550.0,AXM5110,3.8566663881518863,108.19442187527545,9144.0
2550.0,AXM5111,4.139177447065328,109.13353647406235,9144.0
2550.0,AXM5114,4.025654855757348,108.69675478066239,9144.0
2550.0,AXM5115,4.232087063666063,108.91064231110597,9144.0
2550.0,AXM5117,3.944128351051692,108.72838164012641,9144.0
2550.0,AXM5202,1.982887654127447,108.48352995430798,9144.0
2550.0,AXM5203,2.8012186721104317,102.66997335808472,9144.0
2550.0,AXM5204,2.124145990331466,108.3832858188826,9144.0
2550.0,AXM5205,2.9961783969178253,103.1431307895686,9144.0
2550.0,AXM5207,2.7998949919877045,102.67918611049382,9144.0
2550.0,AXM5208,2.1025911844221907,108.36254653147358,9144.0
2550.0,AXM5232,2.046278885683756,108.45837739460616,9144.0
2550.0,AXM5233,3.0654697078205184,103.34932044079996,9144.0
2550.0,AXM5234,2.0592751649978376,108.43023941184103,9144.0
2550.0,AXM5413,1.7049205398515477,103.64612738998999,9144.0
2550.0,AXM5414,1.5218330718471356,109.89360469327197,9144.0
2550.0,AXM1773,1.3645733535434144,103.9718164521272,9144.0,"(AXM5202),(AXM5232)"
2550.0,AXM1793,2.9184044277543015,109.8031307968918,9144.0,"(AXM5203),(AXM5207)"
2550.0,AXM5110,3.8566663881518863,108.19442187527545,9144.0,"(AXM5204),(AXM5208)"
2550.0,AXM5111,4.139177447065328,109.13353647406235,9144.0,"(AXM5204),(AXM5234)"
2550.0,AXM5114,4.025654855757348,108.69675478066239,9144.0,"(AXM5207),(AXM5203)"
2550.0,AXM5115,4.232087063666063,108.91064231110597,9144.0,"(AXM5208),(AXM5204)"
2550.0,AXM5117,3.944128351051692,108.72838164012641,9144.0,"(AXM5208),(AXM5234)"
2550.0,AXM5202,1.982887654127447,108.48352995430798,9144.0,"(AXM5232),(AXM5202)"
2550.0,AXM5203,2.8012186721104317,102.66997335808472,9144.0,"(AXM5232),(AXM5234)"
2550.0,AXM5204,2.124145990331466,108.3832858188826,9144.0,"(AXM5234),(AXM5204)"
2550.0,AXM5205,2.9961783969178253,103.1431307895686,9144.0,"(AXM5234),(AXM5208)"
2550.0,AXM5207,2.7998949919877045,102.67918611049382,9144.0,"(AXM5234),(AXM5232)"
2560.0,AXM1773,1.3655278184859667,103.96213449341958,9144.0
2560.0,AXM1793,2.9071106164192178,109.77410736354224,9144.0
2560.0,AXM5110,3.863019192608202,108.22336707529547,9144.0
2560.0,AXM5111,4.13129106566129,109.10324427193343,9144.0
2560.0,AXM5114,4.0333739918806195,108.7259878031772,9144.0
2560.0,AXM5115,4.222626560730677,108.88049567258068,9144.0
2560.0,AXM5117,3.9366927277513035,108.69732028622019,9144.0
2560.0,AXM5202,1.9748052093138195,108.51310028511786,9144.0
2560.0,AXM5203,2.7932559154424736,102.63889970929151,9144.0
2560.0,AXM5204,2.118437709506701,108.41034545834462,9144.0
2560.0,AXM5205,2.9840120134830586,103.11363697418618,9144.0
2560.0,AXM5207,2.7947493957557312,102.64764019359846,9144.0
2560.0,AXM5208,2.101949470303865,108.39092545247871,9144.0
2560.0,AXM5232,2.0409918266399663,108.48754999018861,9144.0
2560.0,AXM5233,3.053509728645181,103.3186810134363,9144.0
2560.0,AXM5234,2.0530510819463554,108.45892054286188,9144.0
2560.0,AXM5413,1.6957713826024021,103.6494289895731,9144.0
2560.0,AXM5414,1.5265720255298143,109.91952829311091,9144.0
2560.0,AXM1773,1.3655278184859667,103.96213449341958,9144.0,"(AXM5202),(AXM5232)"
2560.0,AXM1793,2.9071106164192178,109.77410736354224,9144.0,"(AXM5203),(AXM5207)"
2560.0,AXM5110,3.863019192608202,108.22336707529547,9144.0,"(AXM5204),(AXM5208)"
2560.0,AXM5111,4.13129106566129,109.10324427193343,9144.0,"(AXM5204),(AXM5234)"
2560.0,AXM5114,4.0333739918806195,108.7259878031772,9144.0,"(AXM5207),(AXM5203)"
2560.0,AXM5115,4.222626560730677,108.88049567258068,9144.0,"(AXM5208),(AXM5204)"
2560.0,AXM5117,3.9366927277513035,108.69732028622019,9144.0,"(AXM5208),(AXM5234)"
2560.0,AXM5202,1.9748052093138195,108.51310028511786,9144.0,"(AXM5232),(AXM5202)"
2560.0,AXM5203,2.7932559154424736,102.63889970929151,9144.0,"(AXM5232),(AXM5234)"
2560.0,AXM5204,2.118437709506701,108.41034545834462,9144.0,"(AXM5234),(AXM5204)"
2560.0,AXM5205,2.9840120134830586,103.11363697418618,9144.0,"(AXM5234),(AXM5208)"
2560.0,AXM5207,2.7947493957557312,102.64764019359846,9144.0,"(AXM5234),(AXM5232)"
2570.0,AXM1773,1.3703700297152548,103.9536969700874,9144.0
2570.0,AXM1793,2.8958146563513374,109.74508505857305,9144.0
2570.0,AXM5110,3.8692081204595263,108.25234813003786,9144.0
2570.0,AXM5111,4.1233866012966836,109.07289643449123,9144.0
2570.0,AXM5114,4.040886111583878,108.75527524548703,9144.0
2570.0,AXM5115,4.21307713046676,108.85007118008899,9144.0
2570.0,AXM5117,3.9292548502827453,108.66625975178663,9144.0
2570.0,AXM5202,1.966722039734745,108.54267027403573,9144.0
2570.0,AXM5203,2.785349898307717,102.60805189891856,9144.0
2570.0,AXM5204,2.1127084004942343,108.4374005473159,9144.0
2570.0,AXM5205,2.9718414440805594,103.0841452164747,9144.0
2570.0,AXM5207,2.7856463881431064,102.61730754150946,9144.0
2570.0,AXM5208,2.1013038801248767,108.41930427371946,9144.0
2570.0,AXM5232,2.035719900300427,108.51672523220839,9144.0
2570.0,AXM5233,3.0414439942912215,103.28777478097868,9144.0
2570.0,AXM5234,2.046709848921671,108.48757585394002,9144.0
2570.0,AXM5413,1.6866911152145456,103.65270569609619,9144.0
2570.0,AXM5414,1.531242934618685,109.94508499131243,9144.0
2570.0,AXM1773,1.3703700297152548,103.9536969700874,9144.0,"(AXM5202),(AXM5232)"
2570.0,AXM1793,2.8958146563513374,109.74508505857305,9144.0,"(AXM5203),(AXM5207)"
2570.0,AXM5110,3.8692081204595263,108.25234813003786,9144.0,"(AXM5204),(AXM5208)"
2570.0,AXM5111,4.1233866012966836,109.07289643449123,9144.0,"(AXM5204),(AXM5234)"
2570.0,AXM5114,4.040886111583878,108.75527524548703,9144.0,"(AXM5207),(AXM5203)"
2570.0,AXM5115,4.21307713046676,108.85007118008899,9144.0,"(AXM5208),(AXM5204)"
2570.0,AXM5117,3.9292548502827453,108.66625975178663,9144.0,"(AXM5232),(AXM5202)"
2570.0,AXM5202,1.966722039734745,108.54267027403573,9144.0,"(AXM5232),(AXM5234)"
2570.0,AXM5203,2.785349898307717,102.60805189891856,9144.0,"(AXM5234),(AXM5204)"
2570.0,AXM5204,2.1127084004942343,108.4374005473159,9144.0,"(AXM5234),(AXM5232)"
2580.0,AXM1773,1.3782470880542386,103.94799005442583,9144.0
2580.0,AXM1793,2.8845741569915884,109.71604146096287,9144.0
2580.0,AXM5110,3.8753954894650704,108.28132973099403,9144.0
2580.0,AXM5111,4.115550784585453,109.04253100641922,9144.0
2580.0,AXM5114,4.048380812552661,108.78450604497007,9144.0
2580.0,AXM5115,4.203525852778575,108.81964764384183,9144.0
2580.0,AXM5117,3.921918780185175,108.63517517341583,9144.0
2580.0,AXM5202,1.9586373185115298,108.57223969527398,9144.0
2580.0,AXM5203,2.777442677067371,102.57720460472684,9144.0
2580.0,AXM5204,2.106950749276516,108.46457442990618,9144.0
2580.0,AXM5205,2.959552181173155,103.05470318087663,9144.0
2580.0,AXM5207,2.779215940498977,102.5862967100584,9144.0
2580.0,AXM5208,2.1005000686341253,108.4476790341826,9144.0
2580.0,AXM5232,2.030489714418746,108.5456648687645,9144.0
2580.0,AXM5233,3.029279565124136,103.25690771748036,9144.0
2580.0,AXM5234,2.0403548080110774,108.51628934507468,9144.0
2580.0,AXM5413,1.6776108421554496,103.65598237163944,9144.0
2580.0,AXM5414,1.535955956911038,109.97063400750136,9144.0
2580.0,AXM1773,1.3782470880542386,103.94799005442583,9144.0,"(AXM5202),(AXM5232)"
2580.0,AXM1793,2.8845741569915884,109.71604146096287,9144.0,"(AXM5203),(AXM5207)"
2580.0,AXM5110,3.8753954894650704,108.28132973099403,9144.0,"(AXM5204),(AXM5208)"
2580.0,AXM5111,4.115550784585453,109.04253100641922,9144.0,"(AXM5204),(AXM5234)"
2580.0,AXM5114,4.048380812552661,108.78450604497007,9144.0,"(AXM5207),(AXM5203)"
2580.0,AXM5115,4.203525852778575,108.81964764384183,9144.0,"(AXM5208),(AXM5204)"
2580.0,AXM5117,3.921918780185175,108.63517517341583,9144.0,"(AXM5232),(AXM5202)"
2580.0,AXM5202,1.9586373185115298,108.57223969527398,9144.0,"(AXM5232),(AXM5234)"
2580.0,AXM5203,2.777442677067371,102.57720460472684,9144.0,"(AXM5234),(AXM5204)"
2580.0,AXM5204,2.106950749276516,108.46457442990618,9144.0,"(AXM5234),(AXM5232)"
2590.0,AXM1773,1.3877715413128566,103.94601897315697,9144.0
2590.0,AXM1793,2.8709294780695274,109.68818066737688,9144.0
2590.0,AXM5110,3.881634152833989,108.3103004968641,9144.0
2590.0,AXM5111,4.1076825323478126,109.01205314664017,9144.0
2590.0,AXM5114,4.056090947777318,108.81368075689717,9144.0
2590.0,AXM5115,4.193297292895283,108.78944667111341,9144.0
2590.0,AXM5117,3.914567126851979,108.60403470185109,9144.0
2590.0,AXM5202,1.9506419535457282,108.60183329031362,9144.0
2590.0,AXM5203,2.769869256412126,102.54627366690163,9144.0
2590.0,AXM5204,2.1011898490604493,108.49174752257939,9144.0
2590.0,AXM5205,2.9473358103528606,103.02548368534501,9144.0
2590.0,AXM5207,2.7728178100919845,102.5554583299084,9144.0
2590.0,AXM5208,2.0996953920683983,108.47599309707402,9144.0
2590.0,AXM5232,2.0252978480102857,108.57461132030357,9144.0
2590.0,AXM5233,3.017050834293075,103.22588153432052,9144.0
2590.0,AXM5234,2.0339960477069328,108.54500189836583,9144.0
2590.0,AXM5413,1.6685305633423768,103.65925901605586,9144.0
2590.0,AXM5414,1.5405873283243552,109.99575324839867,9144.0
2590.0,AXM1773,1.3877715413128566,103.94601897315697,9144.0,"(AXM5202),(AXM5232)"
2590.0,AXM1793,2.8709294780695274,109.68818066737688,9144.0,"(AXM5203),(AXM5207)"
2590.0,AXM5110,3.881634152833989,108.3103004968641,9144.0,"(AXM5204),(AXM5208)"
2590.0,AXM5111,4.1076825323478126,109.01205314664017,9144.0,"(AXM5207),(AXM5203)"
2590.0,AXM5114,4.056090947777318,108.81368075689717,9144.0,"(AXM5208),(AXM5204)"
2590.0,AXM5115,4.193297292895283,108.78944667111341,9144.0,"(AXM5232),(AXM5202)"
2590.0,AXM5117,3.914567126851979,108.60403470185109,9144.0,"(AXM5232),(AXM5234)"
2590.0,AXM5202,1.9506419535457282,108.60183329031362,9144.0,"(AXM5234),(AXM5232)"
2600.0,AXM1773,1.3972657678506282,103.94813094072707,9144.0
2600.0,AXM1793,2.8537231071732316,109.66237280936963,9144.0
2600.0,AXM5110,3.8879218836936125,108.33950544991102,9144.0
2600.0,AXM5111,4.099729803242898,108.98159763707412,9144.0
2600.0,AXM5114,4.063813658204303,108.84291392990468,9144.0
2600.0,AXM5115,4.183142112458571,108.75946784962822,9144.0
2600.0,AXM5117,3.907825925606398,108.57275601062155,9144.0
2600.0,AXM5202,1.9426144746114076,108.63154022332967,9144.0
2600.0,AXM5203,2.762391827376137,102.51574013454577,9144.0
2600.0,AXM5204,2.095413923012043,108.51897971168414,9144.0
2600.0,AXM5205,2.935228604320672,102.99621898580732,9144.0
2600.0,AXM5207,2.764641508304873,102.5250442494011,9144.0
2600.0,AXM5208,2.099300921031361,108.50431584960025,9144.0
2600.0,AXM5232,2.020126383916795,108.60343958394623,9144.0
2600.0,AXM5233,3.0050157305407925,103.19477986471536,9144.0
2600.0,AXM5234,2.027649384970822,108.57365566674288,9144.0
2600.0,AXM5413,1.6594502778160016,103.66253562676717,9144.0
2600.0,AXM5414,1.5451432937115974,110.02088633914938,9144.0
2600.0,AXM1773,1.3972657678506282,103.94813094072707,9144.0,"(AXM5202),(AXM5232)"
2600.0,AXM1793,2.8537231071732316,109.66237280936963,9144.0,"(AXM5203),(AXM5207)"
2600.0,AXM5110,3.8879218836936125,108.33950544991102,9144.0,"(AXM5204),(AXM5208)"
2600.0,AXM5111,4.099729803242898,108.98159763707412,9144.0,"(AXM5207),(AXM5203)"
2600.0,AXM5114,4.063813658204303,108.84291392990468,9144.0,"(AXM5208),(AXM5204)"
2600.0,AXM5115,4.183142112458571,108.75946784962822,9144.0,"(AXM5232),(AXM5202)"
2600.0,AXM5117,3.907825925606398,108.57275601062155,9144.0,"(AXM5232),(AXM5234)"
2600.0,AXM5202,1.9426144746114076,108.63154022332967,9144.0,"(AXM5234),(AXM5232)"
2610.0,AXM1773,1.4050574701123126,103.95395398592679,9144.0
2610.0,AXM1793,2.833290533622994,109.63912099872637,9144.0
2610.0,AXM5110,3.8942080134262906,108.36871096716197,9144.0
2610.0,AXM5111,4.091775489616506,108.95114284619176,9144.0
2610.0,AXM5114,4.071421437441517,108.87217765183489,9144.0
2610.0,AXM5115,4.1729841839958475,108.72949035238757,9144.0
2610.0,AXM5117,3.901070485809833,108.54142109756273,9144.0
2610.0,AXM5202,1.9345388856442662,108.66123395745078,9144.0
2610.0,AXM5203,2.7549270733561277,102.48520368544483,9144.0
2610.0,AXM5204,2.0897707105483043,108.54623965075965,9144.0
2610.0,AXM5205,2.923208700048602,102.96717144851677,9144.0
2610.0,AXM5207,2.756553133537857,102.49497078722243,9144.0
2610.0,AXM5208,2.0989054328774897,108.53263858075745,9144.0
2610.0,AXM5232,2.0149487374621775,108.63226664471071,9144.0
2610.0,AXM5233,2.9930000397084067,103.16373244016732,9144.0
2610.0,AXM5234,2.021093189279754,108.60226204469845,9144.0
2610.0,AXM5413,1.6504475117072643,103.6660197380903,9144.0
2610.0,AXM5414,1.5497208645222351,110.0462064098065,9144.0
2610.0,AXM1773,1.4050574701123126,103.95395398592679,9144.0,"(AXM5202),(AXM5232)"
2610.0,AXM1793,2.833290533622994,109.63912099872637,9144.0,"(AXM5203),(AXM5207)"
2610.0,AXM5110,3.8942080134262906,108.36871096716197,9144.0,"(AXM5204),(AXM5208)"
2610.0,AXM5111,4.091775489616506,108.95114284619176,9144.0,"(AXM5207),(AXM5203)"
2610.0,AXM5114,4.071421437441517,108.87217765183489,9144.0,"(AXM5208),(AXM5204)"
2610.0,AXM5115,4.1729841839958475,108.72949035238757,9144.0,"(AXM5232),(AXM5202)"
2610.0,AXM5117,3.901070485809833,108.54142109756273,9144.0,"(AXM5232),(AXM5234)"
2610.0,AXM5202,1.9345388856442662,108.66123395745078,9144.0,"(AXM5234),(AXM5232)"
2620.0,AXM1793,2.8099597769585727,109.61878666079444,9144.0
2620.0,AXM5110,3.9020522430602655,108.39753559568389,9144.0
2620.0,AXM5111,4.083817953058005,108.92068920385438,9144.0
2620.0,AXM5114,4.079026699322051,108.90144230816425,9144.0
2620.0,AXM5115,4.16286871798025,108.69949880964273,9144.0
2620.0,AXM5117,3.894630665451086,108.51001973261414,9144.0
2620.0,AXM5202,1.9264465132366015,108.69098402720641,9144.0
2620.0,AXM5203,2.747516785820218,102.45489539085385,9144.0
2620.0,AXM5204,2.084114346177915,108.57355904416737,9144.0
2620.0,AXM5205,2.911206023126339,102.93811708010313,9144.0
2620.0,AXM5207,2.7497849537945456,102.46457240491158,9144.0
2620.0,AXM5208,2.098640991009904,108.56096283584654,9144.0
2620.0,AXM5232,2.0097040928684686,108.6610814838226,9144.0
2620.0,AXM5233,2.98097197176855,103.13269016167781,9144.0
2620.0,AXM5234,2.014549539635445,108.63080968709811,9144.0
2620.0,AXM5413,1.643249170877335,103.67309576260321,9144.0
2620.0,AXM5414,1.5554610772169188,110.07128837000157,9144.0
2620.0,AXM1793,2.8099597769585727,109.61878666079444,9144.0,"(AXM5111),(AXM5114)"
2620.0,AXM5110,3.9020522430602655,108.39753559568389,9144.0,"(AXM5114),(AXM5111)"
2620.0,AXM5111,4.083817953058005,108.92068920385438,9144.0,"(AXM5203),(AXM5207)"
2620.0,AXM5114,4.079026699322051,108.90144230816425,9144.0,"(AXM5204),(AXM5208)"
2620.0,AXM5115,4.16286871798025,108.69949880964273,9144.0,"(AXM5207),(AXM5203)"
2620.0,AXM5117,3.894630665451086,108.51001973261414,9144.0,"(AXM5208),(AXM5204)"
2620.0,AXM5202,1.9264465132366015,108.69098402720641,9144.0,"(AXM5232),(AXM5234)"
2620.0,AXM5203,2.747516785820218,102.45489539085385,9144.0,"(AXM5234),(AXM5232)"
2630.0,AXM1793,2.7862435739994926,109.59890472069591,9144.0
2630.0,AXM5110,3.9098949148191484,108.4263609194849,9144.0
2630.0,AXM5111,4.075820918716038,108.89024626549238,9144.0
2630.0,AXM5114,4.086609991202619,108.93071297074376,9144.0
2630.0,AXM5115,4.1527703554292525,108.66956361318219,9144.0
2630.0,AXM5117,3.888189133751004,108.47861896044269,9144.0
2630.0,AXM5202,1.9183561213624636,108.720734495227,9144.0
2630.0,AXM5203,2.740109799866335,102.4245864751502,9144.0
2630.0,AXM5204,2.078308105378933,108.60084683488782,9144.0
2630.0,AXM5205,2.8992908652877865,102.90928045692498,9144.0
2630.0,AXM5207,2.7431541473273033,102.43480777987224,9144.0
2630.0,AXM5208,2.098376122707355,108.58922640201418,9144.0
2630.0,AXM5232,2.0044664908142766,108.68983654170209,9144.0
2630.0,AXM5233,2.9688287437110232,103.10169321391203,9144.0
2630.0,AXM5234,2.0080687268862354,108.65937156439807,9144.0
2630.0,AXM5413,1.639168713375444,103.68272730064784,9144.0
2630.0,AXM5414,1.5590845451407367,110.09720358607711,9144.0
2630.0,AXM1793,2.7862435739994926,109.59890472069591,9144.0,"(AXM5111),(AXM5114)"
2630.0,AXM5110,3.9098949148191484,108.4263609194849,9144.0,"(AXM5114),(AXM5111)"
2630.0,AXM5111,4.075820918716038,108.89024626549238,9144.0,"(AXM5203),(AXM5207)"
2630.0,AXM5114,4.086609991202619,108.93071297074376,9144.0,"(AXM5204),(AXM5208)"
2630.0,AXM5115,4.1527703554292525,108.66956361318219,9144.0,"(AXM5207),(AXM5203)"
2630.0,AXM5117,3.888189133751004,108.47861896044269,9144.0,"(AXM5208),(AXM5204)"
2630.0,AXM5202,1.9183561213624636,108.720734495227,9144.0,"(AXM5232),(AXM5234)"
2630.0,AXM5203,2.740109799866335,102.4245864751502,9144.0,"(AXM5234),(AXM5232)"
2640.0,AXM1793,2.762526915241793,109.57902372439978,9144.0
2640.0,AXM5110,3.920606167292313,108.4542436585252,9144.0
2640.0,AXM5111,4.067806960902977,108.85974752194473,9144.0
2640.0,AXM5114,4.094175911773876,108.95992698715999,9144.0
2640.0,AXM5115,4.1426668241304725,108.63963055282422,9144.0
2640.0,AXM5117,3.88172733485963,108.44722261238256,9144.0
2640.0,AXM5202,1.910264476462301,108.75048448165909,9144.0
2640.0,AXM5203,2.732729551416382,102.39439209485371,9144.0
2640.0,AXM5204,2.0724884244964827,108.62819396706867,9144.0
2640.0,AXM5205,2.88729739154768,102.88047670625164,9144.0
2640.0,AXM5207,2.7355077160287395,102.40528849516842,9144.0
2640.0,AXM5208,2.098064099799718,108.6174894806533,9144.0
2640.0,AXM5232,1.9993083396623257,108.71860588490492,9144.0
2640.0,AXM5233,2.9567787213696723,103.07096826094042,9144.0
2640.0,AXM5234,2.0015870362176003,108.68793312913066,9144.0
2640.0,AXM5413,1.6390894036701449,103.69318789287449,9144.0
2640.0,AXM5414,1.563700002365856,110.12238972106432,9144.0
2640.0,AXM1793,2.762526915241793,109.57902372439978,9144.0,"(AXM5110),(AXM5117)"
2640.0,AXM5110,3.920606167292313,108.4542436585252,9144.0,"(AXM5111),(AXM5114)"
2640.0,AXM5111,4.067806960902977,108.85974752194473,9144.0,"(AXM5114),(AXM5111)"
2640.0,AXM5114,4.094175911773876,108.95992698715999,9144.0,"(AXM5117),(AXM5110)"
2640.0,AXM5115,4.1426668241304725,108.63963055282422,9144.0,"(AXM5203),(AXM5207)"
2640.0,AXM5117,3.88172733485963,108.44722261238256,9144.0,"(AXM5204),(AXM5208)"
2640.0,AXM5202,1.910264476462301,108.75048448165909,9144.0,"(AXM5207),(AXM5203)"
2640.0,AXM5203,2.732729551416382,102.39439209485371,9144.0,"(AXM5208),(AXM5204)"
2640.0,AXM5204,2.0724884244964827,108.62819396706867,9144.0,"(AXM5232),(AXM5234)"
2640.0,AXM5205,2.88729739154768,102.88047670625164,9144.0,"(AXM5234),(AXM5232)"
2650.0,AXM1793,2.7383870385441167,109.55966041027442,9144.0
2650.0,AXM5110,3.9314014727044615,108.48234980572941,9144.0
2650.0,AXM5111,4.059878720134605,108.82922657059291,9144.0
2650.0,AXM5114,4.101824258024141,108.98911970174139,9144.0
2650.0,AXM5115,4.132485758600773,108.60972429750262,9144.0
2650.0,AXM5117,3.8750981678889445,108.41586158330169,9144.0
2650.0,AXM5202,1.9021587390359094,108.78023048717905,9144.0
2650.0,AXM5203,2.7253815972054833,102.3641900060384,9144.0
2650.0,AXM5204,2.0657411719063803,108.65532674019103,9144.0
2650.0,AXM5205,2.8753921584757056,102.85189108973998,9144.0
2650.0,AXM5207,2.7278431398126797,102.37571301203205,9144.0
2650.0,AXM5208,2.097751080122696,108.64575254259957,9144.0
2650.0,AXM5232,1.9941387739406158,108.74743403121093,9144.0
2650.0,AXM5233,2.9446977580644793,103.0402558269205,9144.0
2650.0,AXM5234,1.9953363689620403,108.71654609493768,9144.0
2650.0,AXM5413,1.6430233520777064,103.70288026266503,9144.0
2650.0,AXM5414,1.568087554347858,110.14633495819912,9144.0
2650.0,AXM1793,2.7383870385441167,109.55966041027442,9144.0,"(AXM5110),(AXM5117)"
2650.0,AXM5110,3.9314014727044615,108.48234980572941,9144.0,"(AXM5117),(AXM5110)"
2650.0,AXM5111,4.059878720134605,108.82922657059291,9144.0,"(AXM5203),(AXM5207)"
2650.0,AXM5114,4.101824258024141,108.98911970174139,9144.0,"(AXM5204),(AXM5208)"
2650.0,AXM5115,4.132485758600773,108.60972429750262,9144.0,"(AXM5207),(AXM5203)"
2650.0,AXM5117,3.8750981678889445,108.41586158330169,9144.0,"(AXM5208),(AXM5204)"
2650.0,AXM5202,1.9021587390359094,108.78023048717905,9144.0,"(AXM5232),(AXM5234)"
2650.0,AXM5203,2.7253815972054833,102.3641900060384,9144.0,"(AXM5234),(AXM5232)"
2660.0,AXM1793,2.714338541897303,109.54037162723402,9144.0
2660.0,AXM5110,3.939805785079951,108.51126511915632,9144.0
2660.0,AXM5111,4.051948922643341,108.79870632521859,9144.0
2660.0,AXM5114,4.1094852918433045,109.01837084640029,9144.0
2660.0,AXM5115,4.122319980650307,108.57987505358416,9144.0
2660.0,AXM5117,3.8684301838900907,108.38450906926614,9144.0
2660.0,AXM5202,1.8940522476420447,108.80997614753379,9144.0
2660.0,AXM5203,2.718213903255872,102.33473382485617,9144.0
2660.0,AXM5204,2.0589784778623423,108.6825183049778,9144.0
2660.0,AXM5205,2.8634799157643913,102.82330869881145,9144.0
2660.0,AXM5207,2.720965871453301,102.34594433758339,9144.0
2660.0,AXM5208,2.0959701572179923,108.6739610702181,9144.0
2660.0,AXM5232,1.9889051941364575,108.7762505193597,9144.0
2660.0,AXM5233,2.93270656314217,103.0098177570651,9144.0
2660.0,AXM5234,1.9890850253970973,108.7451588042212,9144.0
2660.0,AXM5413,1.6503698583531576,103.71032442571214,9144.0
2660.0,AXM5414,1.5723839661420052,110.17029677768643,9144.0
2660.0,AXM1793,2.714338541897303,109.54037162723402,9144.0,"(AXM5203),(AXM5207)"
2660.0,AXM5110,3.939805785079951,108.51126511915632,9144.0,"(AXM5204),(AXM5208)"
2660.0,AXM5111,4.051948922643341,108.79870632521859,9144.0,"(AXM5207),(AXM5203)"
2660.0,AXM5114,4.1094852918433045,109.01837084640029,9144.0,"(AXM5208),(AXM5204)"
2660.0,AXM5115,4.122319980650307,108.57987505358416,9144.0,"(AXM5232),(AXM5234)"
2660.0,AXM5117,3.8684301838900907,108.38450906926614,9144.0,"(AXM5234),(AXM5232)"
2670.0,AXM1793,2.690549559813326,109.5207633507453,9144.0
2670.0,AXM5110,3.948225190259829,108.54023829513375,9144.0
2670.0,AXM5111,4.044016306077203,108.76818711513985,9144.0
2670.0,AXM5114,4.1170423605413005,109.04764944002473,9144.0
2670.0,AXM5115,4.112229060512349,108.55000066686755,9144.0
2670.0,AXM5117,3.861875987151485,108.3531327037343,9144.0
2670.0,AXM5202,1.8859491541758973,108.8397225958961,9144.0
2670.0,AXM5203,2.7113567081698164,102.3052038190906,9144.0
2670.0,AXM5204,2.0509773036933616,108.70937096925672,9144.0
2670.0,AXM5205,2.851747294408458,102.79516304672401,9144.0
2670.0,AXM5207,2.7140991281442894,102.3162340976706,9144.0
2670.0,AXM5208,2.0941884566507323,108.70216951657349,9144.0
2670.0,AXM5232,1.9836493895169465,108.80518467940404,9144.0
2670.0,AXM5233,2.920719053839773,102.97937855728802,9144.0
2670.0,AXM5234,1.982832474597065,108.77377114113096,9144.0
2670.0,AXM5413,1.6600071365292846,103.7143836682016,9144.0
2670.0,AXM5414,1.5763623193116767,110.19248767428623,9144.0
2670.0,AXM1793,2.690549559813326,109.5207633507453,9144.0,"(AXM5203),(AXM5207)"
2670.0,AXM5110,3.948225190259829,108.54023829513375,9144.0,"(AXM5204),(AXM5208)"
2670.0,AXM5111,4.044016306077203,108.76818711513985,9144.0,"(AXM5207),(AXM5203)"
2670.0,AXM5114,4.1170423605413005,109.04764944002473,9144.0,"(AXM5208),(AXM5204)"
2670.0,AXM5115,4.112229060512349,108.55000066686755,9144.0,"(AXM5232),(AXM5234)"
2670.0,AXM5117,3.861875987151485,108.3531327037343,9144.0,"(AXM5234),(AXM5232)"
2680.0,AXM1793,2.666760165306871,109.5011559566144,9144.0
2680.0,AXM5110,3.9567499240159107,108.5691808061684,9144.0
2680.0,AXM5111,4.0360663512465,108.73767273851301,9144.0
2680.0,AXM5114,4.124597119907552,109.07692891084318,9144.0
2680.0,AXM5115,4.102079770067967,108.51996117961511,9144.0
2680.0,AXM5117,3.8553152609418766,108.321757951381,9144.0
2680.0,AXM5202,1.8779073031262463,108.86924114894548,9144.0
2680.0,AXM5203,2.7089236593178705,102.27660588855231,9144.0
2680.0,AXM5204,2.0429927997193658,108.73616492992481,9144.0
2680.0,AXM5205,2.8401133386298194,102.76697665124622,9144.0
2680.0,AXM5207,2.707063365908497,102.28656369065533,9144.0
2680.0,AXM5208,2.0883357607657946,108.72982072978849,9144.0
2680.0,AXM5232,1.9784486570083437,108.8341287100705,9144.0
2680.0,AXM5233,2.9089163214866587,102.94942634633905,9144.0
2680.0,AXM5234,1.9762069628615775,108.80229920707953,9144.0
2680.0,AXM5413,1.6704636077337953,103.71443812202449,9144.0
2680.0,AXM5414,1.580344105799047,110.21428241366796,9144.0
2680.0,AXM1793,2.666760165306871,109.5011559566144,9144.0,"(AXM5203),(AXM5207)"
2680.0,AXM5110,3.9567499240159107,108.5691808061684,9144.0,"(AXM5204),(AXM5208)"
2680.0,AXM5111,4.0360663512465,108.73767273851301,9144.0,"(AXM5207),(AXM5203)"
2680.0,AXM5114,4.124597119907552,109.07692891084318,9144.0,"(AXM5208),(AXM5204)"
2680.0,AXM5115,4.102079770067967,108.51996117961511,9144.0,"(AXM5232),(AXM5234)"
2680.0,AXM5117,3.8553152609418766,108.321757951381,9144.0,"(AXM5234),(AXM5232)"
2690.0,AXM1793,2.6457246693375676,109.47861391592221,9144.0
2690.0,AXM5110,3.96525633812989,108.59806699254264,9144.0
2690.0,AXM5111,4.028129720446613,108.70721571250408,9144.0
2690.0,AXM5114,4.132228935347178,109.10618856856875,9144.0
2690.0,AXM5115,4.091939611333709,108.48991897360357,9144.0
2690.0,AXM5117,3.8486829492756667,108.29039856623014,9144.0
2690.0,AXM5202,1.869853306392056,108.89875625111527,9144.0
2690.0,AXM5203,2.710671208409429,102.24880955532402,9144.0
2690.0,AXM5204,2.0351832809466908,108.76301034984382,9144.0
2690.0,AXM5205,2.8287262695710935,102.73939530090877,9144.0
2690.0,AXM5207,2.704122023738599,102.25638976068946,9144.0
2690.0,AXM5208,2.0821053149566096,108.75745127057033,9144.0
2690.0,AXM5232,1.9732576916440618,108.8630135474426,9144.0
2690.0,AXM5233,2.8974187806029126,102.91935566390795,9144.0
2690.0,AXM5234,1.9695666995163308,108.83088526794805,9144.0
2690.0,AXM5413,1.6801426051669905,103.71047943117514,9144.0
2690.0,AXM5414,1.584231388337904,110.23556273613212,9144.0
2690.0,AXM1793,2.6457246693375676,109.47861391592221,9144.0,"(AXM5203),(AXM5207)"
2690.0,AXM5110,3.96525633812989,108.59806699254264,9144.0,"(AXM5204),(AXM5208)"
2690.0,AXM5111,4.028129720446613,108.70721571250408,9144.0,"(AXM5207),(AXM5203)"
2690.0,AXM5114,4.132228935347178,109.10618856856875,9144.0,"(AXM5208),(AXM5204)"
2690.0,AXM5115,4.091939611333709,108.48991897360357,9144.0,"(AXM5232),(AXM5234)"
2690.0,AXM5117,3.8486829492756667,108.29039856623014,9144.0,"(AXM5234),(AXM5232)"
2700.0,AXM1793,2.624648449146936,109.4560297478801,9144.0
2700.0,AXM5110,3.9738191533280656,108.62693672931566,9144.0
2700.0,AXM5111,4.020191265388522,108.67675946115007,9144.0
2700.0,AXM5114,4.139873337163146,109.13550664176984,9144.0
2700.0,AXM5115,4.08172348394549,108.45965646534606,9144.0
2700.0,AXM5117,3.842032772510233,108.25898375836319,9144.0
2700.0,AXM5202,1.861829669819652,108.92815701618244,9144.0
2700.0,AXM5203,2.71642573089744,102.22256520227376,9144.0
2700.0,AXM5204,2.027305124126795,108.79008905671174,9144.0
2700.0,AXM5205,2.817229574920688,102.71185984900234,9144.0
2700.0,AXM5207,2.705282517556679,102.22603542372647,9144.0
2700.0,AXM5208,2.075713391370261,108.78504474246122,9144.0
2700.0,AXM5232,1.9680298528713052,108.89189163534431,9144.0
2700.0,AXM5233,2.88622526394742,102.89010528845304,9144.0
2700.0,AXM5234,1.961516481219148,108.8591061428998,9144.0
2700.0,AXM5413,1.687566179571066,103.7031120456529,9144.0
2700.0,AXM5414,1.5882993957775962,110.25680926715665,9144.0
2700.0,AXM1793,2.624648449146936,109.4560297478801,9144.0,"(AXM5203),(AXM5207)"
2700.0,AXM5110,3.9738191533280656,108.62693672931566,9144.0,"(AXM5204),(AXM5208)"
2700.0,AXM5111,4.020191265388522,108.67675946115007,9144.0,"(AXM5207),(AXM5203)"
2700.0,AXM5114,4.139873337163146,109.13550664176984,9144.0,"(AXM5208),(AXM5204)"
2700.0,AXM5115,4.08172348394549,108.45965646534606,9144.0,"(AXM5232),(AXM5234)"
2700.0,AXM5117,3.842032772510233,108.25898375836319,9144.0,"(AXM5234),(AXM5232)"
2710.0,AXM1793,2.6067552236726073,109.43084390384004,9144.0
2710.0,AXM5110,3.9823638333094884,108.65575004691401,9144.0
2710.0,AXM5111,4.012228565509622,108.64630986792812,9144.0
2710.0,AXM5114,4.147545849706098,109.16481761685662,9144.0
2710.0,AXM5115,4.071505893022073,108.42939483832947,9144.0
2710.0,AXM5117,3.835463945534271,108.22755200425883,9144.0
2710.0,AXM5202,1.853828864909367,108.95756387599283,9144.0
2710.0,AXM5203,2.725910985891877,102.1984279023893,9144.0
2710.0,AXM5204,2.0193627554794493,108.81714884340717,9144.0
2710.0,AXM5205,2.807047529560335,102.68406490839944,9144.0
2710.0,AXM5207,2.7105199636103356,102.19635562230033,9144.0
2710.0,AXM5208,2.069307058694932,108.8126970008862,9144.0
2710.0,AXM5232,1.9627905354741124,108.92082842602963,9144.0
2710.0,AXM5233,2.8745916181674773,102.86102789600142,9144.0
2710.0,AXM5234,1.9534162722999895,108.88749934556786,9144.0
2710.0,AXM5414,1.5913390435581558,110.2781610170165,9144.0
2710.0,AXM1793,2.6067552236726073,109.43084390384004,9144.0,"(AXM5110),(AXM5111)"
2710.0,AXM5110,3.9823638333094884,108.65575004691401,9144.0,"(AXM5111),(AXM5110)"
2710.0,AXM5111,4.012228565509622,108.64630986792812,9144.0,"(AXM5203),(AXM5207)"
2710.0,AXM5114,4.147545849706098,109.16481761685662,9144.0,"(AXM5204),(AXM5208)"
2710.0,AXM5115,4.071505893022073,108.42939483832947,9144.0,"(AXM5207),(AXM5203)"
2710.0,AXM5117,3.835463945534271,108.22755200425883,9144.0,"(AXM5208),(AXM5204)"
2710.0,AXM5202,1.853828864909367,108.95756387599283,9144.0,"(AXM5232),(AXM5234)"
2710.0,AXM5203,2.725910985891877,102.1984279023893,9144.0,"(AXM5234),(AXM5232)"
2720.0,AXM1793,2.590096497554312,109.4046840452651,9144.0
2720.0,AXM5110,3.9909071474404563,108.68456407091429,9144.0
2720.0,AXM5111,4.004279033581689,108.61591770521832,9144.0
2720.0,AXM5114,4.155231224609036,109.19418689863778,9144.0
2720.0,AXM5115,4.0612862576146656,108.39913428890671,9144.0
2720.0,AXM5117,3.8288892172391904,108.19612173116577,9144.0
2720.0,AXM5202,1.8458118141874338,108.9870274342055,9144.0
2720.0,AXM5203,2.739087955631604,102.17609478638039,9144.0
2720.0,AXM5204,2.011130694579237,108.84519302301376,9144.0
2720.0,AXM5205,2.7969674597244727,102.6565517335233,9144.0
2720.0,AXM5207,2.719745846928932,102.16766611538482,9144.0
2720.0,AXM5208,2.0628659472416766,108.84034105622823,9144.0
2720.0,AXM5232,1.957493886699062,108.94975467379416,9144.0
2720.0,AXM5233,2.8640846969746305,102.83189820452793,9144.0
2720.0,AXM5234,1.9447109339369026,108.9157125404419,9144.0
2720.0,AXM5414,1.5932115698163163,110.29990982674157,9144.0
2720.0,AXM1793,2.590096497554312,109.4046840452651,9144.0,"(AXM5110),(AXM5111)"
2720.0,AXM5110,3.9909071474404563,108.68456407091429,9144.0,"(AXM5111),(AXM5110)"
2720.0,AXM5111,4.004279033581689,108.61591770521832,9144.0,"(AXM5203),(AXM5207)"
2720.0,AXM5114,4.155231224609036,109.19418689863778,9144.0,"(AXM5204),(AXM5208)"
2720.0,AXM5115,4.0612862576146656,108.39913428890671,9144.0,"(AXM5207),(AXM5203)"
2720.0,AXM5117,3.8288892172391904,108.19612173116577,9144.0,"(AXM5208),(AXM5204)"
2720.0,AXM5202,1.8458118141874338,108.9870274342055,9144.0,"(AXM5232),(AXM5234)"
2720.0,AXM5203,2.739087955631604,102.17609478638039,9144.0,"(AXM5234),(AXM5232)"
2730.0,AXM1793,2.5767092698745686,109.37670515800895,9144.0
2730.0,AXM5110,3.999447737465554,108.71337920638494,9144.0
2730.0,AXM5111,3.9963522369402535,108.58551986984133,9144.0
2730.0,AXM5114,4.1629316226617155,109.22361387823523,9144.0
2730.0,AXM5115,4.051041464933937,108.3688826737588,9144.0
2730.0,AXM5117,3.8222829176529127,108.16469835078885,9144.0
2730.0,AXM5202,1.8377775805540086,109.01648617386154,9144.0
2730.0,AXM5203,2.7556253349470223,102.15612735843577,9144.0
2730.0,AXM5204,2.002894702613612,108.87323590571576,9144.0
2730.0,AXM5205,2.790062939684749,102.62807315562746,9144.0
2730.0,AXM5207,2.73264061792068,102.14095918817726,9144.0
2730.0,AXM5208,2.056410366889697,108.86804383770315,9144.0
2730.0,AXM5232,1.9521964406117331,108.9786806840986,9144.0
2730.0,AXM5233,2.857547223323166,102.801687081279,9144.0
2730.0,AXM5234,1.9359872560667708,108.94398247990775,9144.0
2730.0,AXM5414,1.5949354962557816,110.319947365403,9144.0
2730.0,AXM1793,2.5767092698745686,109.37670515800895,9144.0,"(AXM5110),(AXM5111)"
2730.0,AXM5110,3.999447737465554,108.71337920638494,9144.0,"(AXM5111),(AXM5110)"
2730.0,AXM5111,3.9963522369402535,108.58551986984133,9144.0,"(AXM5203),(AXM5207)"
2730.0,AXM5114,4.1629316226617155,109.22361387823523,9144.0,"(AXM5204),(AXM5208)"
2730.0,AXM5115,4.051041464933937,108.3688826737588,9144.0,"(AXM5207),(AXM5203)"
2730.0,AXM5117,3.8222829176529127,108.16469835078885,9144.0,"(AXM5208),(AXM5204)"
2730.0,AXM5202,1.8377775805540086,109.01648617386154,9144.0,"(AXM5232),(AXM5234)"
2730.0,AXM5203,2.7556253349470223,102.15612735843577,9144.0,"(AXM5234),(AXM5232)"
2740.0,AXM1793,2.5632957872671907,109.34867399007587,9144.0
2740.0,AXM5110,4.007932284878514,108.74221127293025,9144.0
2740.0,AXM5111,3.98842388179177,108.5551227364685,9144.0
2740.0,AXM5115,4.040757985169245,108.33852159336976,9144.0
2740.0,AXM5117,3.8156846135975897,108.13333297008533,9144.0
2740.0,AXM5202,1.829711562304071,109.04605850761874,9144.0
2740.0,AXM5203,2.774742677612638,102.13946676548854,9144.0
2740.0,AXM5204,1.9945536998638824,108.90124755338714,9144.0
2740.0,AXM5205,2.783228297190278,102.59988701119686,9144.0
2740.0,AXM5207,2.748864940507606,102.11678498593544,9144.0
2740.0,AXM5208,2.0500159963447193,108.89576071904133,9144.0
2740.0,AXM5232,1.9469907008005072,109.00762326894824,9144.0
2740.0,AXM5233,2.8513661438384585,102.77206492262282,9144.0
2740.0,AXM5234,1.9271233748117058,108.97220857618645,9144.0
2740.0,AXM5414,1.596625553831633,110.33998780784013,9144.0
2740.0,AXM1793,2.5632957872671907,109.34867399007587,9144.0,"(AXM5203),(AXM5207)"
2740.0,AXM5110,4.007932284878514,108.74221127293025,9144.0,"(AXM5204),(AXM5208)"
2740.0,AXM5111,3.98842388179177,108.5551227364685,9144.0,"(AXM5207),(AXM5203)"
2740.0,AXM5115,4.040757985169245,108.33852159336976,9144.0,"(AXM5208),(AXM5204)"
2740.0,AXM5117,3.8156846135975897,108.13333297008533,9144.0,"(AXM5232),(AXM5234)"
2740.0,AXM5202,1.829711562304071,109.04605850761874,9144.0,"(AXM5234),(AXM5232)"
2750.0,AXM1793,2.5521106013093062,109.31967994415639,9144.0
2750.0,AXM5110,4.016414224759939,108.77104440982922,9144.0
2750.0,AXM5111,3.980491845099738,108.5247268613516,9144.0
2750.0,AXM5115,4.03047303733678,108.30816139724222,9144.0
2750.0,AXM5117,3.809099936883853,108.10196495318928,9144.0
2750.0,AXM5202,1.8216883652781029,109.07564236764041,9144.0
2750.0,AXM5203,2.7902460285513597,102.1205224255866,9144.0
2750.0,AXM5204,1.9858372080726001,108.93051400189003,9144.0
2750.0,AXM5205,2.776392005549944,102.57170143094133,9144.0
2750.0,AXM5207,2.767314288724809,102.09664968754078,9144.0
2750.0,AXM5208,2.043620899233401,108.92347732197135,9144.0
2750.0,AXM5232,1.9417842395758171,109.0365656345964,9144.0
2750.0,AXM5233,2.8492553889688255,102.74187712503101,9144.0
2750.0,AXM5234,1.9182946095768298,109.00032021814452,9144.0
2750.0,AXM5414,1.5981890333331632,110.35943437010226,9144.0
2750.0,AXM1793,2.5521106013093062,109.31967994415639,9144.0,"(AXM5203),(AXM5207)"
2750.0,AXM5110,4.016414224759939,108.77104440982922,9144.0,"(AXM5204),(AXM5208)"
2750.0,AXM5111,3.980491845099738,108.5247268613516,9144.0,"(AXM5207),(AXM5203)"
2750.0,AXM5115,4.03047303733678,108.30816139724222,9144.0,"(AXM5208),(AXM5204)"
2750.0,AXM5117,3.809099936883853,108.10196495318928,9144.0,"(AXM5232),(AXM5234)"
2750.0,AXM5202,1.8216883652781029,109.07564236764041,9144.0,"(AXM5234),(AXM5232)"
2760.0,AXM1793,2.5409034477798764,109.29063168711062,9144.0
2760.0,AXM5110,4.024954737374722,108.79986046813363,9144.0
2760.0,AXM5111,3.9725721435629673,108.49432804647742,9144.0
2760.0,AXM5115,4.020185971888249,108.27780230571034,9144.0
2760.0,AXM5117,3.802511552750317,108.07059795815827,9144.0
2760.0,AXM5202,1.8136335944947506,109.10533971156265,9144.0
2760.0,AXM5203,2.8022424254094607,102.0993975718586,9144.0
2760.0,AXM5204,1.9772598834392179,108.95982143669973,9144.0
2760.0,AXM5205,2.7694659711638727,102.54353798525688,9144.0
2760.0,AXM5207,2.788474195238416,102.07962332990346,9144.0
2760.0,AXM5208,2.037179717281847,108.95118312674326,9144.0
2760.0,AXM5232,1.936574025342983,109.0655072349778,9144.0
2760.0,AXM5233,2.851285532649007,102.71240036906364,9144.0
2760.0,AXM5234,1.909789844766693,109.0285315436835,9144.0
2760.0,AXM5414,1.5997144581382303,110.37841130936773,9144.0
2760.0,AXM1793,2.5409034477798764,109.29063168711062,9144.0,"(AXM5203),(AXM5207)"
2760.0,AXM5110,4.024954737374722,108.79986046813363,9144.0,"(AXM5204),(AXM5208)"
2760.0,AXM5111,3.9725721435629673,108.49432804647742,9144.0,"(AXM5207),(AXM5203)"
2760.0,AXM5115,4.020185971888249,108.27780230571034,9144.0,"(AXM5208),(AXM5204)"
2760.0,AXM5117,3.802511552750317,108.07059795815827,9144.0,"(AXM5232),(AXM5234)"
2760.0,AXM5202,1.8136335944947506,109.10533971156265,9144.0,"(AXM5234),(AXM5232)"
2770.0,AXM1793,2.52969517154885,109.2615841156984,9144.0
2770.0,AXM5110,4.033459977408376,108.82856295559833,9144.0
2770.0,AXM5111,3.964665652391451,108.4639866827189,9144.0
2770.0,AXM5115,4.009911425789163,108.24743933616183,9144.0
2770.0,AXM5117,3.7959368165966496,108.03922832597321,9144.0
2770.0,AXM5202,1.805570484917987,109.13503465821044,9144.0
2770.0,AXM5203,2.8105090339089944,102.07654971373545,9144.0
2770.0,AXM5204,1.9685817018196639,108.98946782685874,9144.0
2770.0,AXM5205,2.7625816367334557,102.515550648066,9144.0
2770.0,AXM5207,2.8119582120234927,102.06598878696795,9144.0
2770.0,AXM5208,2.0307515358934634,108.97882964171787,9144.0
2770.0,AXM5232,1.9313273169913707,109.0944421447336,9144.0
2770.0,AXM5233,2.8533143448376688,102.68292346919223,9144.0
2770.0,AXM5234,1.9012326292751365,109.0569141902494,9144.0
2770.0,AXM5414,1.600170037215459,110.39744405500063,9144.0
2770.0,AXM1793,2.52969517154885,109.2615841156984,9144.0,"(AXM5203),(AXM5207)"
2770.0,AXM5110,4.033459977408376,108.82856295559833,9144.0,"(AXM5204),(AXM5208)"
2770.0,AXM5111,3.964665652391451,108.4639866827189,9144.0,"(AXM5207),(AXM5203)"
2770.0,AXM5115,4.009911425789163,108.24743933616183,9144.0,"(AXM5208),(AXM5204)"
2770.0,AXM5117,3.7959368165966496,108.03922832597321,9144.0,"(AXM5232),(AXM5234)"
2770.0,AXM5202,1.805570484917987,109.13503465821044,9144.0,"(AXM5234),(AXM5232)"
2780.0,AXM1793,2.518344839736571,109.23259211863463,9144.0
2780.0,AXM5110,4.04196181017807,108.8572667581654,9144.0
2780.0,AXM5111,3.956754195497854,108.43364690966499,9144.0
2780.0,AXM5115,3.999672889376496,108.21718750110891,9144.0
2780.0,AXM5117,3.7893586166303055,108.00785966190877,9144.0
2780.0,AXM5202,1.797381466983916,109.16469496223648,9144.0
2780.0,AXM5203,2.814787217426774,102.05269405544894,9144.0
2780.0,AXM5204,1.9598511205554248,109.01909865509998,9144.0
2780.0,AXM5205,2.7542175673246554,102.48797050649377,9144.0
2780.0,AXM5207,2.8372284178162364,102.05605849472603,9144.0
2780.0,AXM5208,2.0243338031173943,109.00647847746504,9144.0
2780.0,AXM5232,1.9260781185390692,109.12337651307311,9144.0
2780.0,AXM5233,2.8531847194367357,102.65337694844276,9144.0
2780.0,AXM5234,1.8932473065118998,109.08546306207487,9144.0
2780.0,AXM5414,1.5965327505967861,110.41599364679584,9144.0
2780.0,AXM1793,2.518344839736571,109.23259211863463,9144.0,"(AXM5203),(AXM5207)"
2780.0,AXM5110,4.04196181017807,108.8572667581654,9144.0,"(AXM5204),(AXM5208)"
2780.0,AXM5111,3.956754195497854,108.43364690966499,9144.0,"(AXM5207),(AXM5203)"
2780.0,AXM5115,3.999672889376496,108.21718750110891,9144.0,"(AXM5208),(AXM5204)"
2780.0,AXM5117,3.7893586166303055,108.00785966190877,9144.0,"(AXM5232),(AXM5234)"
2780.0,AXM5202,1.797381466983916,109.16469496223648,9144.0,"(AXM5234),(AXM5232)"
2790.0,AXM1793,2.5070148199284015,109.20365548053319,9144.0
2790.0,AXM5110,4.050462027109974,108.8859713429053,9144.0
2790.0,AXM5111,3.948841542065978,108.40330773965972,9144.0
2790.0,AXM5115,3.9894329180586654,108.18693653164713,9144.0
2790.0,AXM5117,3.7826739100414732,107.97651386268575,9144.0
2790.0,AXM5202,1.7891417924535422,109.19452432505749,9144.0
2790.0,AXM5203,2.814975465423596,102.02845763248119,9144.0
2790.0,AXM5204,1.951086345709919,109.04884185598544,9144.0
2790.0,AXM5205,2.742230824338396,102.46256646170582,9144.0
2790.0,AXM5207,2.8637059771831272,102.05006007359947,9144.0
2790.0,AXM5208,2.01790166404788,109.03418605563066,9144.0
2790.0,AXM5232,1.9208473515958129,109.15231413419902,9144.0
2790.0,AXM5233,2.8530607095966745,102.62540053022163,9144.0
2790.0,AXM5234,1.8851649838131037,109.11435586404244,9144.0
2790.0,AXM5414,1.5890452950418548,110.43298002449667,9144.0
2790.0,AXM1793,2.5070148199284015,109.20365548053319,9144.0,"(AXM5203),(AXM5207)"
2790.0,AXM5110,4.050462027109974,108.8859713429053,9144.0,"(AXM5204),(AXM5208)"
2790.0,AXM5111,3.948841542065978,108.40330773965972,9144.0,"(AXM5207),(AXM5203)"
2790.0,AXM5115,3.9894329180586654,108.18693653164713,9144.0,"(AXM5208),(AXM5204)"
2790.0,AXM5117,3.7826739100414732,107.97651386268575,9144.0,"(AXM5232),(AXM5234)"
2790.0,AXM5202,1.7891417924535422,109.19452432505749,9144.0,"(AXM5234),(AXM5232)"
2800.0,AXM1793,2.4957702527896872,109.17468571369363,9144.0
2800.0,AXM5110,4.058892539704429,108.91444770163194,9144.0
2800.0,AXM5111,3.940986503354954,108.37319665375927,9144.0
2800.0,AXM5115,3.9791909314621434,108.15668662438591,9144.0
2800.0,AXM5117,3.7759860360512545,107.94516898374232,9144.0
2800.0,AXM5202,1.7810484616989148,109.22439363366706,9144.0
2800.0,AXM5203,2.811068358046038,102.00453832037408,9144.0
2800.0,AXM5204,1.9423582152934862,109.07859568922647,9144.0
2800.0,AXM5205,2.726799098960716,102.43946576976865,9144.0
2800.0,AXM5207,2.8907843992360274,102.04813110517205,9144.0
2800.0,AXM5208,2.011474905547481,109.06189477452777,9144.0
2800.0,AXM5232,1.9155084568401892,109.18183844063657,9144.0
2800.0,AXM5233,2.853317851335817,102.59742501490682,9144.0
2800.0,AXM5234,1.877378746187548,109.14332981863978,9144.0
2800.0,AXM5414,1.5786368665010126,110.44649485478114,9144.0
2800.0,AXM1793,2.4957702527896872,109.17468571369363,9144.0,"(AXM5203),(AXM5207)"
2800.0,AXM5110,4.058892539704429,108.91444770163194,9144.0,"(AXM5204),(AXM5208)"
2800.0,AXM5111,3.940986503354954,108.37319665375927,9144.0,"(AXM5207),(AXM5203)"
2800.0,AXM5115,3.9791909314621434,108.15668662438591,9144.0,"(AXM5208),(AXM5204)"
2800.0,AXM5117,3.7759860360512545,107.94516898374232,9144.0,"(AXM5232),(AXM5234)"
2800.0,AXM5202,1.7810484616989148,109.22439363366706,9144.0,"(AXM5234),(AXM5232)"
2810.0,AXM1793,2.4845458869079655,109.14577138277974,9144.0
2810.0,AXM5110,4.067290124220721,108.94293413366267,9144.0
2810.0,AXM5111,3.9330949423724415,108.34309544971377,9144.0
2810.0,AXM5115,3.968933104898005,108.12644248697755,9144.0
2810.0,AXM5117,3.7694443994955233,107.91379336120589,9144.0
2810.0,AXM5202,1.7728764079173225,109.25454554443456,9144.0
2810.0,AXM5203,2.803178384933592,101.98162485422844,9144.0
2810.0,AXM5204,1.933629173761091,109.10834910149087,9144.0
2810.0,AXM5205,2.7081304147794665,102.41889888193708,9144.0
2810.0,AXM5207,2.916087980698303,102.05043879080368,9144.0
2810.0,AXM5208,2.00504746420064,109.08960322584693,9144.0
2810.0,AXM5232,1.9101199594968767,109.21135363158325,9144.0
2810.0,AXM5233,2.8535693626101875,102.56993850205326,9144.0
2810.0,AXM5234,1.8695763745078808,109.17236084991275,9144.0
2810.0,AXM5414,1.5664439722772319,110.45566707907852,9144.0
2810.0,AXM1793,2.4845458869079655,109.14577138277974,9144.0,"(AXM5204),(AXM5208)"
2810.0,AXM5110,4.067290124220721,108.94293413366267,9144.0,"(AXM5208),(AXM5204)"
2810.0,AXM5111,3.9330949423724415,108.34309544971377,9144.0,"(AXM5232),(AXM5234)"
2810.0,AXM5115,3.968933104898005,108.12644248697755,9144.0,"(AXM5234),(AXM5232)"
2820.0,AXM1793,2.4732574236638487,109.11688230932083,9144.0
2820.0,AXM5110,4.07566949000332,108.97136385446935,9144.0
2820.0,AXM5111,3.9252318560190025,108.31310876359868,9144.0
2820.0,AXM5115,3.9587861202411543,108.0965310049141,9144.0
2820.0,AXM5117,3.762900636738478,107.88241841985108,9144.0
2820.0,AXM5202,1.7646586351685039,109.28468488139497,9144.0
2820.0,AXM5203,2.7915327065262634,101.9603769858168,9144.0
2820.0,AXM5204,1.924872505576028,109.1380942323412,9144.0
2820.0,AXM5205,2.68663377084967,102.40131633721225,9144.0
2820.0,AXM5207,2.9398624471681485,102.05672280354499,9144.0
2820.0,AXM5208,1.998615429629972,109.1173105012648,9144.0
2820.0,AXM5232,1.9047712058533497,109.24063389237892,9144.0
2820.0,AXM5233,2.8537085135448828,102.54245118541849,9144.0
2820.0,AXM5234,1.8620584691233035,109.20146679914238,9144.0
2820.0,AXM5414,1.5522557435935485,110.46125499142644,9144.0
2820.0,AXM1793,2.4732574236638487,109.11688230932083,9144.0,"(AXM5204),(AXM5208)"
2820.0,AXM5110,4.07566949000332,108.97136385446935,9144.0,"(AXM5208),(AXM5204)"
2820.0,AXM5111,3.9252318560190025,108.31310876359868,9144.0,"(AXM5232),(AXM5234)"
2820.0,AXM5115,3.9587861202411543,108.0965310049141,9144.0,"(AXM5234),(AXM5232)"
2830.0,AXM1793,2.461967917373531,109.08799388951836,9144.0
2830.0,AXM5110,4.084046988405544,108.99979442489968,9144.0
2830.0,AXM5111,3.9173669699608693,108.28312283382772,9144.0
2830.0,AXM5115,3.948651713126373,108.06661560437146,9144.0
2830.0,AXM5117,3.756323082569627,107.85105081244804,9144.0
2830.0,AXM5202,1.7563622158770267,109.31510580138892,9144.0
2830.0,AXM5203,2.776466613881887,101.94140647813568,9144.0
2830.0,AXM5204,1.9160983643362681,109.16789529936933,9144.0
2830.0,AXM5205,2.662780122004997,102.38710325207911,9144.0
2830.0,AXM5207,2.9623224692985333,102.06689885929721,9144.0
2830.0,AXM5208,1.9922531366508205,109.1450337865571,9144.0
2830.0,AXM5232,1.8995081701660352,109.26992960986136,9144.0
2830.0,AXM5233,2.853844973276828,102.51527095200599,9144.0
2830.0,AXM5234,1.8543770307060492,109.23120279227258,9144.0
2830.0,AXM5414,1.538838454924621,110.46218646359496,9144.0
2830.0,AXM1793,2.461967917373531,109.08799388951836,9144.0,"(AXM5204),(AXM5208)"
2830.0,AXM5110,4.084046988405544,108.99979442489968,9144.0,"(AXM5208),(AXM5204)"
2830.0,AXM5111,3.9173669699608693,108.28312283382772,9144.0,"(AXM5232),(AXM5234)"
2830.0,AXM5115,3.948651713126373,108.06661560437146,9144.0,"(AXM5234),(AXM5232)"
2840.0,AXM1793,2.4507590546793065,109.05907426876489,9144.0
2840.0,AXM5110,4.092406623096331,109.02823057638703,9144.0
2840.0,AXM5111,3.909528769430223,108.25313016543832,9144.0
2840.0,AXM5115,3.9385162052522054,108.03670094333955,9144.0
2840.0,AXM5117,3.749732263039345,107.81962680033021,9144.0
2840.0,AXM5202,1.7481015222762561,109.34553631691426,9144.0
2840.0,AXM5203,2.7584138753017586,101.92525948584576,9144.0
2840.0,AXM5204,1.9073997338054849,109.19771836828788,9144.0
2840.0,AXM5205,2.6370920610399673,102.37657088760346,9144.0
2840.0,AXM5207,2.9830747531027395,102.08080098280686,9144.0
2840.0,AXM5208,1.985867584200483,109.17281373686833,9144.0
2840.0,AXM5232,1.894315560745521,109.29881280770728,9144.0
2840.0,AXM5233,2.8520530631425274,102.48814969573377,9144.0
2840.0,AXM5234,1.8467844021426907,109.26096148198792,9144.0
2840.0,AXM5414,1.5263256877145026,110.45900063400427,9144.0
2840.0,AXM1793,2.4507590546793065,109.05907426876489,9144.0,"(AXM5204),(AXM5208)"
2840.0,AXM5110,4.092406623096331,109.02823057638703,9144.0,"(AXM5208),(AXM5204)"
2840.0,AXM5111,3.909528769430223,108.25313016543832,9144.0,"(AXM5232),(AXM5234)"
2840.0,AXM5115,3.9385162052522054,108.03670094333955,9144.0,"(AXM5234),(AXM5232)"
2850.0,AXM1793,2.4395491791199415,109.03015528293163,9144.0
2850.0,AXM5110,4.100764432380984,109.05666756428107,9144.0
2850.0,AXM5111,3.901704218264718,108.22319510847318,9144.0
2850.0,AXM5115,3.928379597957357,108.00678702049328,9144.0
2850.0,AXM5117,3.74313998963579,107.7882033312369,9144.0
2850.0,AXM5202,1.739763614966036,109.37624778200575,9144.0
2850.0,AXM5203,2.7378942476951478,101.91240082958643,9144.0
2850.0,AXM5204,1.8986673625899495,109.22765369486889,9144.0
2850.0,AXM5205,2.611167399110364,102.37037282141537,9144.0
2850.0,AXM5207,3.0015345675706397,102.09810051415575,9144.0
2850.0,AXM5208,1.97926171357385,109.2005419501967,9144.0
2850.0,AXM5232,1.889150430239587,109.32770085158364,9144.0
2850.0,AXM5233,2.846223108420135,102.46204578770137,9144.0
2850.0,AXM5234,1.8393519999511003,109.2900890325517,9144.0
2850.0,AXM5414,1.515439579966535,110.45205527234033,9144.0
2850.0,AXM1793,2.4395491791199415,109.03015528293163,9144.0,"(AXM5204),(AXM5208)"
2850.0,AXM5110,4.100764432380984,109.05666756428107,9144.0,"(AXM5208),(AXM5204)"
2850.0,AXM5111,3.901704218264718,108.22319510847318,9144.0,"(AXM5232),(AXM5234)"
2850.0,AXM5115,3.928379597957357,108.00678702049328,9144.0,"(AXM5234),(AXM5232)"
2860.0,AXM1793,2.428297178370925,109.00125293238244,9144.0
2860.0,AXM5110,4.109193154534326,109.08508380666046,9144.0
2860.0,AXM5111,3.8938783222288738,108.19326068328422,9144.0
2860.0,AXM5115,3.918241892402455,107.97687383456778,9144.0
2860.0,AXM5117,3.736545755433458,107.75678051171498,9144.0
2860.0,AXM5202,1.731420019492287,109.40695756530887,9144.0
2860.0,AXM5203,2.7154985122433617,101.90320061698861,9144.0
2860.0,AXM5204,1.8898719510332047,109.25757038783102,9144.0
2860.0,AXM5205,2.5863206198261706,102.3639619029985,9144.0
2860.0,AXM5207,3.0227806465261735,102.11239540272229,9144.0
2860.0,AXM5208,1.9728475685615348,109.2282529454054,9144.0
2860.0,AXM5232,1.8840647022452848,109.35611469048187,9144.0
2860.0,AXM5233,2.836519455688327,102.43739036207971,9144.0
2860.0,AXM5234,1.8319439149750494,109.31922266293076,9144.0
2860.0,AXM5414,1.5082254998893496,110.4426708766126,9144.0
2860.0,AXM1793,2.428297178370925,109.00125293238244,9144.0,"(AXM5232),(AXM5234)"
2860.0,AXM5110,4.109193154534326,109.08508380666046,9144.0,"(AXM5234),(AXM5232)"
2870.0,AXM1793,2.417022872121163,108.97229645558552,9144.0
2870.0,AXM5110,4.117705587490674,109.11378715811587,9144.0
2870.0,AXM5111,3.886050715504487,108.16332698552662,9144.0
2870.0,AXM5115,3.9081030895350994,107.94696138437037,9144.0
2870.0,AXM5117,3.729930754263191,107.7253623127127,9144.0
2870.0,AXM5202,1.723182627317082,109.43727289986097,9144.0
2870.0,AXM5203,2.6918714652019706,101.89792359502366,9144.0
2870.0,AXM5204,1.8811584761139237,109.28720489208634,9144.0
2870.0,AXM5205,2.563183193127683,102.35375966673631,9144.0
2870.0,AXM5207,3.0456670279988627,102.12285473334464,9144.0
2870.0,AXM5208,1.9663918219717393,109.25614049262965,9144.0
2870.0,AXM5232,1.8787170765167946,109.38448026607736,9144.0
2870.0,AXM5233,2.8263360676878158,102.41292987235215,9144.0
2870.0,AXM5234,1.8247263534754812,109.3476040593017,9144.0
2870.0,AXM5414,1.505328598844617,110.43231729377625,9144.0
2870.0,AXM1793,2.417022872121163,108.97229645558552,9144.0,"(AXM5232),(AXM5234)"
2870.0,AXM5110,4.117705587490674,109.11378715811587,9144.0,"(AXM5234),(AXM5232)"
2880.0,AXM1793,2.4058680200256077,108.94329390767606,9144.0
2880.0,AXM5110,4.126216512681032,109.14249126627233,9144.0
2880.0,AXM5111,3.8782135697391817,108.13339607317697,9144.0
2880.0,AXM5115,3.897963190045132,107.9170496687958,9144.0
2880.0,AXM5117,3.723302487616436,107.69388775152204,9144.0
2880.0,AXM5202,1.7149157702253621,109.4675800742198,9144.0
2880.0,AXM5203,2.6678194834455495,101.89674949462888,9144.0
2880.0,AXM5204,1.8724262632526905,109.31683372644251,9144.0
2880.0,AXM5205,2.5423518692063487,102.34009658072193,9144.0
2880.0,AXM5207,3.0699481051008815,102.12944480773928,9144.0
2880.0,AXM5208,1.9599307076144825,109.28402668745852,9144.0
2880.0,AXM5232,1.873645732022997,109.41246685564256,9144.0
2880.0,AXM5233,2.81615111718341,102.3884702490381,9144.0
2880.0,AXM5234,1.8172978985134507,109.37593081627809,9144.0
2880.0,AXM5414,1.5066040681007848,110.422008633681,9144.0
2880.0,AXM1793,2.4058680200256077,108.94329390767606,9144.0,"(AXM5204),(AXM5234)"
2880.0,AXM5110,4.126216512681032,109.14249126627233,9144.0,"(AXM5232),(AXM5234)"
2880.0,AXM5111,3.8782135697391817,108.13339607317697,9144.0,"(AXM5234),(AXM5204)"
2880.0,AXM5115,3.897963190045132,107.9170496687958,9144.0,"(AXM5234),(AXM5232)"
2890.0,AXM1793,2.39471220849541,108.91429196615285,9144.0
2890.0,AXM5110,4.1346555693895,109.17121700190805,9144.0
2890.0,AXM5111,3.870359880521827,108.10340886972685,9144.0
2890.0,AXM5115,3.8878221943064393,107.88713868684611,9144.0
2890.0,AXM5117,3.7166728506175586,107.6624137169521,9144.0
2890.0,AXM5202,1.7070517243828078,109.49640697348319,9144.0
2890.0,AXM5203,2.6443064787661155,101.89970286532693,9144.0
2890.0,AXM5204,1.863527413882206,109.34702462833613,9144.0
2890.0,AXM5205,2.5240476268754506,102.32319197811911,9144.0
2890.0,AXM5207,3.094976438659463,102.1319897289266,9144.0
2890.0,AXM5208,1.953542909447107,109.31192968133624,9144.0
2890.0,AXM5232,1.8686494895791437,109.44003507073185,9144.0
2890.0,AXM5233,2.806515794317085,102.36378861130595,9144.0
2890.0,AXM5234,1.8098992365506064,109.40414121694143,9144.0
2890.0,AXM5414,1.511756316374931,110.41299016484679,9144.0
2890.0,AXM1793,2.39471220849541,108.91429196615285,9144.0,"(AXM5204),(AXM5234)"
2890.0,AXM5110,4.1346555693895,109.17121700190805,9144.0,"(AXM5232),(AXM5234)"
2890.0,AXM5111,3.870359880521827,108.10340886972685,9144.0,"(AXM5234),(AXM5204)"
2890.0,AXM5115,3.8878221943064393,107.88713868684611,9144.0,"(AXM5234),(AXM5232)"
2900.0,AXM1793,2.383527703427298,108.88530133356072,9144.0
2900.0,AXM5110,4.143193871275878,109.20028614368238,9144.0
2900.0,AXM5111,3.8625116292033086,108.07342051371602,9144.0
2900.0,AXM5115,3.877680102299816,107.85722843765703,9144.0
2900.0,AXM5117,3.7100416309627264,107.63094025361069,9144.0
2900.0,AXM5202,1.6993657158575142,109.52528177943093,9144.0
2900.0,AXM5203,2.6220437204258555,101.90662677307614,9144.0
2900.0,AXM5204,1.8546435895852864,109.37721980756552,9144.0
2900.0,AXM5205,2.508768443673537,102.30350579606194,9144.0
2900.0,AXM5207,3.12008466439308,102.1304214458991,9144.0
2900.0,AXM5208,1.9470578435371906,109.3402431797597,9144.0
2900.0,AXM5232,1.8636641250989157,109.46760517897427,9144.0
2900.0,AXM5233,2.7934345767638322,102.34154301892093,9144.0
2900.0,AXM5234,1.800686324604872,109.4318116217896,9144.0
2900.0,AXM5414,1.5129941620265646,110.40275035907118,9144.0
2900.0,AXM1793,2.383527703427298,108.88530133356072,9144.0,"(AXM5204),(AXM5234)"
2900.0,AXM5110,4.143193871275878,109.20028614368238,9144.0,"(AXM5232),(AXM5234)"
2900.0,AXM5111,3.8625116292033086,108.07342051371602,9144.0,"(AXM5234),(AXM5204)"
2900.0,AXM5115,3.877680102299816,107.85722843765703,9144.0,"(AXM5234),(AXM5232)"
2910.0,AXM1793,2.3723211028764446,108.85625652937502,9144.0
2910.0,AXM5110,4.148533009956397,109.23011324850597,9144.0
2910.0,AXM5111,3.854647239364832,108.04337580241294,9144.0
2910.0,AXM5115,3.8675369135084954,107.82731892053356,9144.0
2910.0,AXM5117,3.7034058856504686,107.59946798428213,9144.0
2910.0,AXM5202,1.6918170977784057,109.55363684787125,9144.0
2910.0,AXM5203,2.6025336555906193,101.91698047399956,9144.0
2910.0,AXM5204,1.8459409798991813,109.40679556074052,9144.0
2910.0,AXM5205,2.494325913291267,102.28319690215638,9144.0
2910.0,AXM5207,3.144603287747174,102.12478158328587,9144.0
2910.0,AXM5208,1.940266019068426,109.3684844663682,9144.0
2910.0,AXM5232,1.8587541281333673,109.4947547792083,9144.0
2910.0,AXM5233,2.777183893446685,102.32198807405062,9144.0
2910.0,AXM5234,1.791510768136472,109.45936767685538,9144.0
2910.0,AXM5414,1.5101594602738284,110.39283342625797,9144.0
2910.0,AXM1793,2.3723211028764446,108.85625652937502,9144.0,"(AXM5204),(AXM5234)"
2910.0,AXM5110,4.148533009956397,109.23011324850597,9144.0,"(AXM5232),(AXM5234)"
2910.0,AXM5111,3.854647239364832,108.04337580241294,9144.0,"(AXM5234),(AXM5204)"
2910.0,AXM5115,3.8675369135084954,107.82731892053356,9144.0,"(AXM5234),(AXM5232)"
2920.0,AXM1793,2.3611131119427786,108.82721249743119,9144.0
2920.0,AXM5110,4.153922905920576,109.2602327227985,9144.0
2920.0,AXM5111,3.8467815221757853,108.01333171778039,9144.0
2920.0,AXM5115,3.8573926267730685,107.79741013499957,9144.0
2920.0,AXM5117,3.6972692437780834,107.56789439760223,9144.0
2920.0,AXM5202,1.688303542595599,109.5827690009113,9144.0
2920.0,AXM5203,2.5849257254475875,101.93095807614984,9144.0
2920.0,AXM5204,1.8373031698974682,109.43639018027838,9144.0
2920.0,AXM5205,2.4803610395684714,102.26356076710057,9144.0
2920.0,AXM5207,3.1678785355322345,102.11522034691775,9144.0
2920.0,AXM5208,1.9333459777443915,109.39724963146345,9144.0
2920.0,AXM5232,1.8538190283783476,109.5218997470524,9144.0
2920.0,AXM5233,2.75799800433532,102.3053108897916,9144.0
2920.0,AXM5234,1.7858902278736026,109.48786299259272,9144.0
2920.0,AXM5414,1.503697224656029,110.38479621416712,9144.0
2920.0,AXM1793,2.3611131119427786,108.82721249743119,9144.0,"(AXM5204),(AXM5234)"
2920.0,AXM5110,4.153922905920576,109.2602327227985,9144.0,"(AXM5232),(AXM5234)"
2920.0,AXM5111,3.8467815221757853,108.01333171778039,9144.0,"(AXM5234),(AXM5204)"
2920.0,AXM5115,3.8573926267730685,107.79741013499957,9144.0,"(AXM5234),(AXM5232)"
2930.0,AXM1793,2.349904188117392,108.7981690598374,9144.0
2930.0,AXM5110,4.159310544613311,109.29035280890483,9144.0
2930.0,AXM5111,3.8389141588333113,107.98328834321944,9144.0
2930.0,AXM5115,3.847247240083937,107.7675020808686,9144.0
2930.0,AXM5117,3.6911536457318075,107.53643538913714,9144.0
2930.0,AXM5202,1.689048048909563,109.61059129821155,9144.0
2930.0,AXM5203,2.566549192210671,101.94146786734481,9144.0
2930.0,AXM5204,1.828863309473542,109.46530335550598,9144.0
2930.0,AXM5205,2.4647163526183524,102.24523761176954,9144.0
2930.0,AXM5207,3.1892897883618727,102.10199253278765,9144.0
2930.0,AXM5208,1.926780267520464,109.42609771912237,9144.0
2930.0,AXM5232,1.8489711779820328,109.5485616433336,9144.0
2930.0,AXM5233,2.737152222532134,102.29261792130674,9144.0
2930.0,AXM5234,1.780292321201271,109.51624003080964,9144.0
2930.0,AXM5414,1.4972333649096539,110.37676033285693,9144.0
2930.0,AXM1793,2.349904188117392,108.7981690598374,9144.0,"(AXM5204),(AXM5234)"
2930.0,AXM5110,4.159310544613311,109.29035280890483,9144.0,"(AXM5232),(AXM5234)"
2930.0,AXM5111,3.8389141588333113,107.98328834321944,9144.0,"(AXM5234),(AXM5204)"
2930.0,AXM5115,3.847247240083937,107.7675020808686,9144.0,"(AXM5234),(AXM5232)"
2940.0,AXM1793,2.3387181148501885,108.76911703107501,9144.0
2940.0,AXM5110,4.162763289386434,109.32075714011233,9144.0
2940.0,AXM5111,3.832484151177959,107.95290358714863,9144.0
2940.0,AXM5115,3.83710075027361,107.7375947583489,9144.0
2940.0,AXM5117,3.6850369125170377,107.50497681876712,9144.0
2940.0,AXM5202,1.6897787527421124,109.63792444519687,9144.0
2940.0,AXM5203,2.5474907409271803,101.94765960504152,9144.0
2940.0,AXM5204,1.8203510262293876,109.4941951333445,9144.0
2940.0,AXM5205,2.4495703716892256,102.22749938741326,9144.0
2940.0,AXM5207,3.2082661290662418,102.08545074422126,9144.0
2940.0,AXM5208,1.92012042658754,109.45535215249043,9144.0
2940.0,AXM5232,1.8441225302954594,109.57522332174241,9144.0
2940.0,AXM5233,2.7157458858278076,102.281300714408,9144.0
2940.0,AXM5234,1.7761537397849407,109.54486650548701,9144.0
2940.0,AXM5414,1.4907694135512015,110.36872454893293,9144.0
2940.0,AXM1793,2.3387181148501885,108.76911703107501,9144.0,"(AXM5204),(AXM5234)"
2940.0,AXM5110,4.162763289386434,109.32075714011233,9144.0,"(AXM5232),(AXM5234)"
2940.0,AXM5111,3.832484151177959,107.95290358714863,9144.0,"(AXM5234),(AXM5204)"
2940.0,AXM5115,3.83710075027361,107.7375947583489,9144.0,"(AXM5234),(AXM5232)"
2950.0,AXM1793,2.3275522296307622,108.74012037475043,9144.0
2950.0,AXM5110,4.1661465803213105,109.35057152872045,9144.0
2950.0,AXM5111,3.826040873257506,107.92246173020783,9144.0
2950.0,AXM5115,3.826953152540162,107.70768816820612,9144.0
2950.0,AXM5117,3.678919044855451,107.47351868606943,9144.0
2950.0,AXM5202,1.6889323421277782,109.66525423904194,9144.0
2950.0,AXM5203,2.5286823237143747,101.94947618963693,9144.0
2950.0,AXM5204,1.811989540645467,109.52257242378766,9144.0
2950.0,AXM5205,2.4342162727226966,102.20994153093834,9144.0
2950.0,AXM5207,3.2243015658280862,102.06603599679549,9144.0
2950.0,AXM5208,1.913237926505162,109.48455482874215,9144.0
2950.0,AXM5232,1.8393257958559264,109.60189432674566,9144.0
2950.0,AXM5233,2.696558926565991,102.26652347475594,9144.0
2950.0,AXM5234,1.7720922926574627,109.57295477078945,9144.0
2950.0,AXM5414,1.4879325946742668,110.35880832262248,9144.0
2950.0,AXM1793,2.3275522296307622,108.74012037475043,9144.0,"(AXM5204),(AXM5234)"
2950.0,AXM5110,4.1661465803213105,109.35057152872045,9144.0,"(AXM5232),(AXM5234)"
2950.0,AXM5111,3.826040873257506,107.92246173020783,9144.0,"(AXM5234),(AXM5204)"
2950.0,AXM5115,3.826953152540162,107.70768816820612,9144.0,"(AXM5234),(AXM5232)"
2960.0,AXM1793,2.3163378718245173,108.71114269145697,9144.0
2960.0,AXM5110,4.169590408661149,109.38037907914466,9144.0
2960.0,AXM5111,3.81959650571909,107.8920203337322,9144.0
2960.0,AXM5115,3.8168044396676284,107.67778231202931,9144.0
2960.0,AXM5117,3.672800043354018,107.44206099064343,9144.0
2960.0,AXM5202,1.6881138391470185,109.69165917172357,9144.0
2960.0,AXM5203,2.5104090916162196,101.94713973404832,9144.0
2960.0,AXM5204,1.803631717631878,109.55095066358857,9144.0
2960.0,AXM5205,2.4192016670549634,102.19277267752571,9144.0
2960.0,AXM5207,3.236968524126374,102.04426596064958,9144.0
2960.0,AXM5208,1.9062860437777085,109.51404592491818,9144.0
2960.0,AXM5232,1.834615583987257,109.62807921565593,9144.0
2960.0,AXM5233,2.680553805301971,102.2490285969086,9144.0
2960.0,AXM5234,1.770076316084372,109.60126363855777,9144.0
2960.0,AXM5414,1.4890071710920574,110.3479646556502,9144.0
2960.0,AXM1793,2.3163378718245173,108.71114269145697,9144.0,"(AXM5204),(AXM5234)"
2960.0,AXM5110,4.169590408661149,109.38037907914466,9144.0,"(AXM5232),(AXM5234)"
2960.0,AXM5111,3.81959650571909,107.8920203337322,9144.0,"(AXM5234),(AXM5204)"
2960.0,AXM5115,3.8168044396676284,107.67778231202931,9144.0,"(AXM5234),(AXM5232)"
2970.0,AXM1793,2.30512261711135,108.68216558472895,9144.0
2970.0,AXM5110,4.17301907709773,109.41006839129413,9144.0
2970.0,AXM5111,3.81315105013933,107.86157939707388,9144.0
2970.0,AXM5115,3.806654600656871,107.6478771926982,9144.0
2970.0,AXM5117,3.6666799084866533,107.41060373211423,9144.0
2970.0,AXM5202,1.687766436489687,109.7180745073483,9144.0
2970.0,AXM5203,2.4931060974192194,101.94081188127632,9144.0
2970.0,AXM5204,1.7953239242478065,109.57915646899963,9144.0
2970.0,AXM5205,2.404152063039994,102.17563473851996,9144.0
2970.0,AXM5207,3.245929247733584,102.02072115341143,9144.0
2970.0,AXM5208,1.8995223800472367,109.54358068913517,9144.0
2970.0,AXM5232,1.8295995889488355,109.65420712070119,9144.0
2970.0,AXM5233,2.6679382393962507,102.22917431344746,9144.0
2970.0,AXM5234,1.7680726085063372,109.62939089188282,9144.0
2970.0,AXM5414,1.49399305361965,110.33835807373926,9144.0
2970.0,AXM1793,2.30512261711135,108.68216558472895,9144.0,"(AXM5204),(AXM5232)"
2970.0,AXM5110,4.17301907709773,109.41006839129413,9144.0,"(AXM5204),(AXM5234)"
2970.0,AXM5111,3.81315105013933,107.86157939707388,9144.0,"(AXM5232),(AXM5204)"
2970.0,AXM5115,3.806654600656871,107.6478771926982,9144.0,"(AXM5232),(AXM5234)"
2970.0,AXM5117,3.6666799084866533,107.41060373211423,9144.0,"(AXM5234),(AXM5204)"
2970.0,AXM5202,1.687766436489687,109.7180745073483,9144.0,"(AXM5234),(AXM5232)"
2980.0,AXM1793,2.2936828626726222,108.65327674522297,9144.0
2980.0,AXM5110,4.176445722921405,109.43975806780465,9144.0
2980.0,AXM5111,3.8067045080825705,107.83113891958722,9144.0
2980.0,AXM5115,3.7965036180797793,107.6179728152861,9144.0
2980.0,AXM5117,3.6605586405717347,107.37914691013708,9144.0
2980.0,AXM5202,1.6874248584802467,109.74399221105026,9144.0
2980.0,AXM5203,2.477632103961222,101.93080677468303,9144.0
2980.0,AXM5204,1.7870163859904156,109.60736222173657,9144.0
2980.0,AXM5205,2.389230419052132,102.15864327508098,9144.0
2980.0,AXM5207,3.2509448047664535,101.99602945224247,9144.0
2980.0,AXM5208,1.8927837436957125,109.57299942024068,9144.0
2980.0,AXM5232,1.8210808510857979,109.67901718277433,9144.0
2980.0,AXM5233,2.658967593448759,102.20742491025845,9144.0
2980.0,AXM5234,1.7666610746088363,109.65755408624942,9144.0
2980.0,AXM5414,1.5021858171488323,110.3312873105121,9144.0
2980.0,AXM1793,2.2936828626726222,108.65327674522297,9144.0,"(AXM5204),(AXM5232)"
2980.0,AXM5110,4.176445722921405,109.43975806780465,9144.0,"(AXM5204),(AXM5234)"
2980.0,AXM5111,3.8067045080825705,107.83113891958722,9144.0,"(AXM5232),(AXM5204)"
2980.0,AXM5115,3.7965036180797793,107.6179728152861,9144.0,"(AXM5232),(AXM5234)"
2980.0,AXM5117,3.6605586405717347,107.37914691013708,9144.0,"(AXM5234),(AXM5204)"
2980.0,AXM5202,1.6874248584802467,109.74399221105026,9144.0,"(AXM5234),(AXM5232)"
2990.0,AXM1793,2.282285577550124,108.62449774019758,9144.0
2990.0,AXM5110,4.179380413247168,109.46950079283864,9144.0
2990.0,AXM5111,3.800256881099955,107.80069890062897,9144.0
2990.0,AXM5115,3.7863514622164396,107.58806918906039,9144.0
2990.0,AXM5117,3.6544362397442733,107.34769052440285,9144.0
2990.0,AXM5202,1.6869308738598503,109.76990744919857,9144.0
2990.0,AXM5203,2.464755099162904,101.91762103023534,9144.0
2990.0,AXM5204,1.7788949957541476,109.63493346016766,9144.0
2990.0,AXM5205,2.377627015155475,102.13923005325682,9144.0
2990.0,AXM5207,3.251881458649678,101.97084933893493,9144.0
2990.0,AXM5208,1.8859388279126763,109.60239346217152,9144.0
2990.0,AXM5232,1.812683099871414,109.70347344878864,9144.0
2990.0,AXM5233,2.6488482341449853,102.186186903901,9144.0
2990.0,AXM5234,1.765273277460563,109.68523058502336,9144.0
2990.0,AXM5414,1.5124161778069425,110.3277615355835,9144.0
2990.0,AXM1793,2.282285577550124,108.62449774019758,9144.0,"(AXM5204),(AXM5232)"
2990.0,AXM5110,4.179380413247168,109.46950079283864,9144.0,"(AXM5204),(AXM5234)"
2990.0,AXM5111,3.800256881099955,107.80069890062897,9144.0,"(AXM5232),(AXM5204)"
2990.0,AXM5115,3.7863514622164396,107.58806918906039,9144.0,"(AXM5232),(AXM5234)"
2990.0,AXM5117,3.6544362397442733,107.34769052440285,9144.0,"(AXM5234),(AXM5204)"
2990.0,AXM5202,1.6869308738598503,109.76990744919857,9144.0,"(AXM5234),(AXM5232)"
3000.0,AXM1793,2.268993756002038,108.59654477941962,9144.0
3000.0,AXM5110,4.182284245838199,109.4989461645098,9144.0
3000.0,AXM5111,3.793808170728405,107.77025933955854,9144.0
3000.0,AXM5115,3.776198074950451,107.5581663329777,9144.0
3000.0,AXM5117,3.6483127059210303,107.31623457464487,9144.0
3000.0,AXM5202,1.6864337949479355,109.79594733488564,9144.0
3000.0,AXM5203,2.4553569240245574,101.90215949164437,9144.0
3000.0,AXM5204,1.7707917801823447,109.66250992992923,9144.0
3000.0,AXM5205,2.36855708793716,102.11907935444212,9144.0
3000.0,AXM5207,3.2487142341149537,101.9458523262814,9144.0
3000.0,AXM5208,1.8791462778966832,109.63155557206285,9144.0
3000.0,AXM5232,1.80428489921987,109.72792944713245,9144.0
3000.0,AXM5233,2.6391167211045614,102.16576521455032,9144.0
3000.0,AXM5234,1.7638250684264993,109.7129039639374,9144.0
3000.0,AXM5414,1.523224042710007,110.3282839888327,9144.0
3000.0,AXM1793,2.268993756002038,108.59654477941962,9144.0,"(AXM5204),(AXM5232)"
3000.0,AXM5110,4.182284245838199,109.4989461645098,9144.0,"(AXM5204),(AXM5234)"
3000.0,AXM5111,3.793808170728405,107.77025933955854,9144.0,"(AXM5232),(AXM5204)"
3000.0,AXM5115,3.776198074950451,107.5581663329777,9144.0,"(AXM5232),(AXM5234)"
3000.0,AXM5117,3.6483127059210303,107.31623457464487,9144.0,"(AXM5234),(AXM5204)"
3000.0,AXM5202,1.6864337949479355,109.79594733488564,9144.0,"(AXM5234),(AXM5232)"
3010.0,AXM1793,2.2557264856344337,108.56864554063065,9144.0
3010.0,AXM5110,4.185185776923835,109.52839187335104,9144.0
3010.0,AXM5111,3.7873583784894977,107.73982023573818,9144.0
3010.0,AXM5115,3.7660433037180354,107.5282642982203,9144.0
3010.0,AXM5117,3.642188038756202,107.28477906064764,9144.0
3010.0,AXM5202,1.6860516452908587,109.82198915734399,9144.0
3010.0,AXM5203,2.4496839432874133,101.88497511246534,9144.0
3010.0,AXM5204,1.7629272891240968,109.68927154868793,9144.0
3010.0,AXM5205,2.3594866136043975,102.0989290340106,9144.0
3010.0,AXM5207,3.241527583150309,101.92170503609604,9144.0
3010.0,AXM5208,1.8723359036825116,109.66071340655117,9144.0
3010.0,AXM5232,1.7958857755171422,109.75238501549728,9144.0
3010.0,AXM5233,2.6273649676619155,102.14643790814026,9144.0
3010.0,AXM5234,1.7623922027293537,109.74027173704913,9144.0
3010.0,AXM5414,1.533066896675689,110.3327801431527,9144.0
3010.0,AXM1793,2.2557264856344337,108.56864554063065,9144.0,"(AXM5204),(AXM5232)"
3010.0,AXM5110,4.185185776923835,109.52839187335104,9144.0,"(AXM5204),(AXM5234)"
3010.0,AXM5111,3.7873583784894977,107.73982023573818,9144.0,"(AXM5232),(AXM5204)"
3010.0,AXM5115,3.7660433037180354,107.5282642982203,9144.0,"(AXM5232),(AXM5234)"
3010.0,AXM5117,3.642188038756202,107.28477906064764,9144.0,"(AXM5234),(AXM5204)"
3010.0,AXM5202,1.6860516452908587,109.82198915734399,9144.0,"(AXM5234),(AXM5232)"
3020.0,AXM1793,2.2424579208463373,108.54074717212602,9144.0
3020.0,AXM5110,4.187552554538097,109.5578857262911,9144.0
3020.0,AXM5111,3.7809075058882184,107.7093815885333,9144.0
3020.0,AXM5115,3.7558859236841333,107.49836350183557,9144.0
3020.0,AXM5117,3.6360622375842486,107.25332398225805,9144.0
3020.0,AXM5202,1.685676057555455,109.84753114735977,9144.0
3020.0,AXM5203,2.448028355907394,101.86695296745191,9144.0
3020.0,AXM5204,1.7543377720039461,109.71580901031349,9144.0
3020.0,AXM5205,2.348571247652027,102.07971718029964,9144.0
3020.0,AXM5207,3.2305131331426162,101.8990514086626,9144.0
3020.0,AXM5208,1.8655784486232785,109.68963875830309,9144.0
3020.0,AXM5232,1.7860011349122746,109.77627813421957,9144.0
3020.0,AXM5233,2.616325579648395,102.12828460763407,9144.0
3020.0,AXM5234,1.7603603532338739,109.76760150292766,9144.0
3020.0,AXM5414,1.540539952374043,110.34060832544864,9144.0
3020.0,AXM1793,2.2424579208463373,108.54074717212602,9144.0,"(AXM5204),(AXM5232)"
3020.0,AXM5110,4.187552554538097,109.5578857262911,9144.0,"(AXM5204),(AXM5234)"
3020.0,AXM5111,3.7809075058882184,107.7093815885333,9144.0,"(AXM5232),(AXM5204)"
3020.0,AXM5115,3.7558859236841333,107.49836350183557,9144.0,"(AXM5232),(AXM5234)"
3020.0,AXM5117,3.6360622375842486,107.25332398225805,9144.0,"(AXM5234),(AXM5204)"
3020.0,AXM5202,1.685676057555455,109.84753114735977,9144.0,"(AXM5234),(AXM5232)"
3030.0,AXM1793,2.2298720309479054,108.512534009219,9144.0
3030.0,AXM5110,4.189940994532351,109.58767795547725,9144.0
3030.0,AXM5111,3.774455554411579,107.67894339731276,9144.0
3030.0,AXM5115,3.7477337265261106,107.4678526427492,9144.0
3030.0,AXM5117,3.629935301344854,107.22186933940014,9144.0
3030.0,AXM5202,1.6851839270751112,109.87307114952115,9144.0
3030.0,AXM5203,2.4505061322499313,101.84937039210924,9144.0
3030.0,AXM5204,1.7459361071441133,109.74176422616969,9144.0
3030.0,AXM5205,2.3378492156005426,102.06084694271568,9144.0
3030.0,AXM5207,3.215964577257607,101.87849551975192,9144.0
3030.0,AXM5208,1.8588380224881593,109.71856797657875,9144.0
3030.0,AXM5232,1.7760206586843759,109.80040134917496,9144.0
3030.0,AXM5233,2.6089835548172293,102.10834363628896,9144.0
3030.0,AXM5234,1.7553410525175883,109.79360156331327,9144.0
3030.0,AXM5414,1.5445766437463195,110.35065128876577,9144.0
3030.0,AXM1793,2.2298720309479054,108.512534009219,9144.0,"(AXM5204),(AXM5232)"
3030.0,AXM5110,4.189940994532351,109.58767795547725,9144.0,"(AXM5204),(AXM5234)"
3030.0,AXM5111,3.774455554411579,107.67894339731276,9144.0,"(AXM5232),(AXM5204)"
3030.0,AXM5115,3.7477337265261106,107.4678526427492,9144.0,"(AXM5232),(AXM5234)"
3030.0,AXM5117,3.629935301344854,107.22186933940014,9144.0,"(AXM5234),(AXM5204)"
3030.0,AXM5202,1.6851839270751112,109.87307114952115,9144.0,"(AXM5234),(AXM5232)"
3040.0,AXM1793,2.2172851382701326,108.48432153500198,9144.0
3040.0,AXM5110,4.1926783091166,109.61744010055293,9144.0
3040.0,AXM5111,3.7680025255270797,107.64850566144919,9144.0
3040.0,AXM5115,3.7391151654472408,107.43560124747741,9144.0
3040.0,AXM5117,3.6238072284824177,107.19041513209481,9144.0
3040.0,AXM5202,1.6846885967570848,109.89873635159739,9144.0
3040.0,AXM5203,2.45695346687851,101.83282784211073,9144.0
3040.0,AXM5204,1.7355261454729642,109.76698032770022,9144.0
3040.0,AXM5205,2.3291856249083014,102.04094589592093,9144.0
3040.0,AXM5207,3.19826984330209,101.86058546480622,9144.0
3040.0,AXM5208,1.8521510383729678,109.7472641513768,9144.0
3040.0,AXM5232,1.7665907431180212,109.82474514386755,9144.0
3040.0,AXM5233,2.598061152319578,102.0905059704054,9144.0
3040.0,AXM5234,1.7503800878218885,109.81929661374286,9144.0
3040.0,AXM1793,2.2172851382701326,108.48432153500198,9144.0,"(AXM5204),(AXM5232)"
3040.0,AXM5110,4.1926783091166,109.61744010055293,9144.0,"(AXM5204),(AXM5234)"
3040.0,AXM5111,3.7680025255270797,107.64850566144919,9144.0,"(AXM5232),(AXM5204)"
3040.0,AXM5115,3.7391151654472408,107.43560124747741,9144.0,"(AXM5232),(AXM5234)"
3040.0,AXM5117,3.6238072284824177,107.19041513209481,9144.0,"(AXM5234),(AXM5204)"
3040.0,AXM5202,1.6846885967570848,109.89873635159739,9144.0,"(AXM5234),(AXM5232)"
3050.0,AXM1793,2.206443988454657,108.45539244722738,9144.0
3050.0,AXM5110,4.195418955025914,109.64726198332743,9144.0
3050.0,AXM5111,3.761548420680994,107.61806838031933,9144.0
3050.0,AXM5115,3.7300722189629485,107.40176719740678,9144.0
3050.0,AXM5117,3.617678016808303,107.15896136048687,9144.0
3050.0,AXM5202,1.6842319115880164,109.92440226501196,9144.0
3050.0,AXM5203,2.4670254345412332,101.81821029983443,9144.0
3050.0,AXM5204,1.7254217333956838,109.79145492961982,9144.0
3050.0,AXM5205,2.324504540482249,102.01995131880665,9144.0
3050.0,AXM5207,3.177900749880584,101.84579874091813,9144.0
3050.0,AXM5208,1.845493588062142,109.77596709185363,9144.0
3050.0,AXM5232,1.7568470981897404,109.84989711462225,9144.0
3050.0,AXM5233,2.5865877238123622,102.07317716063362,9144.0
3050.0,AXM5234,1.7454173172287861,109.8449912471987,9144.0
3050.0,AXM1793,2.206443988454657,108.45539244722738,9144.0,"(AXM5204),(AXM5232)"
3050.0,AXM5110,4.195418955025914,109.64726198332743,9144.0,"(AXM5204),(AXM5234)"
3050.0,AXM5111,3.761548420680994,107.61806838031933,9144.0,"(AXM5232),(AXM5204)"
3050.0,AXM5115,3.7300722189629485,107.40176719740678,9144.0,"(AXM5232),(AXM5234)"
3050.0,AXM5117,3.617678016808303,107.15896136048687,9144.0,"(AXM5234),(AXM5204)"
3050.0,AXM5202,1.6842319115880164,109.92440226501196,9144.0,"(AXM5234),(AXM5232)"
3060.0,AXM1793,2.1956018167247824,108.42646395339902,9144.0
3060.0,AXM5110,4.199323262512534,109.67695338653736,9144.0
3060.0,AXM5111,3.755093241296444,107.5876315533045,9144.0
3060.0,AXM5115,3.721027943070744,107.36793385194935,9144.0
3060.0,AXM5117,3.611547663306803,107.12750802488314,9144.0
3060.0,AXM5202,1.6837787714451216,109.94981752054491,9144.0
3060.0,AXM5203,2.4801029579386733,101.80641523871961,9144.0
3060.0,AXM5204,1.7153165951820033,109.81592910182141,9144.0
3060.0,AXM5205,2.3239848863703703,101.99884189079731,9144.0
3060.0,AXM5207,3.155400425658239,101.83452951668322,9144.0
3060.0,AXM5208,1.8388624206782427,109.8045530984411,9144.0
3060.0,AXM5232,1.747070216868577,109.87503604128358,9144.0
3060.0,AXM5233,2.5768907301930586,102.05577794288249,9144.0
3060.0,AXM5234,1.7397076851623863,109.87053008087867,9144.0
3060.0,AXM1793,2.1956018167247824,108.42646395339902,9144.0,"(AXM5204),(AXM5232)"
3060.0,AXM5110,4.199323262512534,109.67695338653736,9144.0,"(AXM5204),(AXM5234)"
3060.0,AXM5111,3.755093241296444,107.5876315533045,9144.0,"(AXM5232),(AXM5204)"
3060.0,AXM5115,3.721027943070744,107.36793385194935,9144.0,"(AXM5232),(AXM5234)"
3060.0,AXM5117,3.611547663306803,107.12750802488314,9144.0,"(AXM5234),(AXM5204)"
3060.0,AXM5202,1.6837787714451216,109.94981752054491,9144.0,"(AXM5234),(AXM5232)"
3070.0,AXM1793,2.184215796807646,108.39774568935856,9144.0
3070.0,AXM5110,4.203217799880441,109.70658602425934,9144.0
3070.0,AXM5111,3.7486369887712456,107.55719517979105,9144.0
3070.0,AXM5115,3.7119823393815654,107.33410120992218,9144.0
3070.0,AXM5117,3.6054161638528335,107.09605512580784,9144.0
3070.0,AXM5202,1.6833744631578522,109.97523359523836,9144.0
3070.0,AXM5203,2.4955532262009585,101.79797077423807,9144.0
3070.0,AXM5204,1.704925068559621,109.84028281632658,9144.0
3070.0,AXM5205,2.3275708046506334,101.97850339906879,9144.0
3070.0,AXM5207,3.131368827187242,101.82707812903702,9144.0
3070.0,AXM5208,1.8321491178408649,109.83311980039201,9144.0
3070.0,AXM5232,1.7374270682819601,109.89982931685589,9144.0
3070.0,AXM5233,2.5672259544091043,102.03843748706163,9144.0
3070.0,AXM5234,1.73394162123179,109.89631081763262,9144.0
3070.0,AXM1793,2.184215796807646,108.39774568935856,9144.0,"(AXM5204),(AXM5232)"
3070.0,AXM5110,4.203217799880441,109.70658602425934,9144.0,"(AXM5204),(AXM5234)"
3070.0,AXM5111,3.7486369887712456,107.55719517979105,9144.0,"(AXM5232),(AXM5204)"
3070.0,AXM5115,3.7119823393815654,107.33410120992218,9144.0,"(AXM5232),(AXM5234)"
3070.0,AXM5117,3.6054161638528335,107.09605512580784,9144.0,"(AXM5234),(AXM5204)"
3070.0,AXM5202,1.6833744631578522,109.97523359523836,9144.0,"(AXM5234),(AXM5232)"
3080.0,AXM1793,2.172677373209119,108.36864600087814,9144.0
3080.0,AXM5110,4.21113967937659,109.73540033188883,9144.0
3080.0,AXM5111,3.7421796644754726,107.52675925917083,9144.0
3080.0,AXM5115,3.7029354093289353,107.30026927018945,9144.0
3080.0,AXM5117,3.5992835127846874,107.06460266408645,9144.0
3080.0,AXM5202,1.6829739381113609,110.00033529366851,9144.0
3080.0,AXM5203,2.5125368249027877,101.79333577299373,9144.0
3080.0,AXM5204,1.694508379197734,109.86469301856435,9144.0
3080.0,AXM5205,2.3351089444803224,101.95927787362298,9144.0
3080.0,AXM5207,3.106446741454469,101.82364308624075,9144.0
3080.0,AXM5208,1.8254899574987722,109.8614525866897,9144.0
3080.0,AXM5232,1.7277760332938135,109.92461939449639,9144.0
3080.0,AXM5233,2.5577227547344235,102.02100790843639,9144.0
3080.0,AXM5234,1.7286490847466471,109.92219293494362,9144.0
3080.0,AXM1793,2.172677373209119,108.36864600087814,9144.0,"(AXM5204),(AXM5232)"
3080.0,AXM5110,4.21113967937659,109.73540033188883,9144.0,"(AXM5204),(AXM5234)"
3080.0,AXM5111,3.7421796644754726,107.52675925917083,9144.0,"(AXM5232),(AXM5204)"
3080.0,AXM5115,3.7029354093289353,107.30026927018945,9144.0,"(AXM5232),(AXM5234)"
3080.0,AXM5117,3.5992835127846874,107.06460266408645,9144.0,"(AXM5234),(AXM5204)"
3080.0,AXM5202,1.6829739381113609,110.00033529366851,9144.0,"(AXM5234),(AXM5232)"
3090.0,AXM1793,2.1613487695057607,108.3394640888414,9144.0
3090.0,AXM5110,4.2197160782948755,109.76396356489974,9144.0
3090.0,AXM5111,3.7357212697487054,107.49632379084187,9144.0
3090.0,AXM5115,3.6938871541369966,107.26643803167102,9144.0
3090.0,AXM5117,3.593149702225164,107.03315064097895,9144.0
3090.0,AXM5202,1.682455271783492,110.0254348203734,9144.0
3090.0,AXM5203,2.5301310336420415,101.79276215671882,9144.0
3090.0,AXM5204,1.6857127692616793,109.88973347009943,9144.0
3090.0,AXM5205,2.3460261318906137,101.94262157121435,9144.0
3090.0,AXM5207,3.0812986997120824,101.82431578891847,9144.0
3090.0,AXM5208,1.818903314112366,109.88980223257266,9144.0
3090.0,AXM5232,1.7184176865436789,109.94865582830855,9144.0
3090.0,AXM5233,2.5478951267759045,102.00375967144647,9144.0
3090.0,AXM5234,1.7233554766934096,109.94807476085423,9144.0
3090.0,AXM1793,2.1613487695057607,108.3394640888414,9144.0,"(AXM5204),(AXM5232)"
3090.0,AXM5110,4.2197160782948755,109.76396356489974,9144.0,"(AXM5204),(AXM5234)"
3090.0,AXM5111,3.7357212697487054,107.49632379084187,9144.0,"(AXM5232),(AXM5204)"
3090.0,AXM5115,3.6938871541369966,107.26643803167102,9144.0,"(AXM5232),(AXM5234)"
3090.0,AXM5117,3.593149702225164,107.03315064097895,9144.0,"(AXM5234),(AXM5204)"
3090.0,AXM5202,1.682455271783492,110.0254348203734,9144.0,"(AXM5234),(AXM5232)"
3100.0,AXM1793,2.1499981123086926,108.31022815269479,9144.0
3100.0,AXM5110,4.228290626567674,109.7925276722606,9144.0
3100.0,AXM5111,3.7292618058969054,107.46588877420899,9144.0
3100.0,AXM5115,3.6848375747803948,107.23260749335329,9144.0
3100.0,AXM5117,3.587014720933832,107.001699058405,9144.0
3100.0,AXM5202,1.6819386862671208,110.05034514706382,9144.0
3100.0,AXM5203,2.548357795811657,101.79625305498702,9144.0
3100.0,AXM5204,1.677032252477786,109.91290136989468,9144.0
3100.0,AXM5205,2.3599369889634616,101.9288465892185,9144.0
3100.0,AXM5207,3.0581398364456267,101.82903436366716,9144.0
3100.0,AXM5208,1.8123976365353474,109.91779969426278,9144.0
3100.0,AXM5232,1.7089147301291279,109.97263528747894,9144.0
3100.0,AXM5233,2.5380340506968784,101.98645363212304,9144.0
3100.0,AXM5234,1.7176429572645457,109.9738672047507,9144.0
3100.0,AXM1793,2.1499981123086926,108.31022815269479,9144.0,"(AXM5204),(AXM5232)"
3100.0,AXM5110,4.228290626567674,109.7925276722606,9144.0,"(AXM5204),(AXM5234)"
3100.0,AXM5111,3.7292618058969054,107.46588877420899,9144.0,"(AXM5232),(AXM5204)"
3100.0,AXM5115,3.6848375747803948,107.23260749335329,9144.0,"(AXM5232),(AXM5234)"
3100.0,AXM5117,3.587014720933832,107.001699058405,9144.0,"(AXM5234),(AXM5204)"
3100.0,AXM5202,1.6819386862671208,110.05034514706382,9144.0,"(AXM5234),(AXM5232)"
3110.0,AXM1793,2.138739494622569,108.2809568146066,9144.0
3110.0,AXM5110,4.2370461728059485,109.82103684194958,9144.0
3110.0,AXM5111,3.722801274188848,107.43545420868458,9144.0
3110.0,AXM5115,3.675786671933219,107.19877765430297,9144.0
3110.0,AXM5117,3.580878552201173,106.97024791935712,9144.0
3110.0,AXM5202,1.681592389755329,110.07525842106698,9144.0
3110.0,AXM5203,2.5650899594531533,101.7953083561282,9144.0
3110.0,AXM5204,1.6689397668820751,109.93449848035037,9144.0
3110.0,AXM5205,2.376412985062193,101.91827900218642,9144.0
3110.0,AXM5207,3.0361465182540455,101.83769686878735,9144.0
3110.0,AXM5208,1.8058720702149282,109.94579242168817,9144.0
3110.0,AXM5232,1.699595183098141,109.99614805715488,9144.0
3110.0,AXM5233,2.528177386027057,101.96914520669085,9144.0
3110.0,AXM5234,1.7122449488986957,109.99966389827517,9144.0
3110.0,AXM1793,2.138739494622569,108.2809568146066,9144.0,"(AXM5202),(AXM5232)"
3110.0,AXM5110,4.2370461728059485,109.82103684194958,9144.0,"(AXM5204),(AXM5232)"
3110.0,AXM5111,3.722801274188848,107.43545420868458,9144.0,"(AXM5204),(AXM5234)"
3110.0,AXM5115,3.675786671933219,107.19877765430297,9144.0,"(AXM5232),(AXM5202)"
3110.0,AXM5117,3.580878552201173,106.97024791935712,9144.0,"(AXM5232),(AXM5204)"
3110.0,AXM5202,1.681592389755329,110.07525842106698,9144.0,"(AXM5232),(AXM5234)"
3110.0,AXM5203,2.5650899594531533,101.7953083561282,9144.0,"(AXM5234),(AXM5204)"
3110.0,AXM5204,1.6689397668820751,109.93449848035037,9144.0,"(AXM5234),(AXM5232)"
3120.0,AXM1793,2.1275432300976136,108.25185001701968,9144.0
3120.0,AXM5110,4.245887430912002,109.84983194386896,9144.0
3120.0,AXM5111,3.7163396758520397,107.40502009368947,9144.0
3120.0,AXM5115,3.6667344459030087,107.16494851368485,9144.0
3120.0,AXM5117,3.5747411695211535,106.93879722874964,9144.0
3120.0,AXM5202,1.6811739282460503,110.09985426988324,9144.0
3120.0,AXM5203,2.5792368253693416,101.79043811468385,9144.0
3120.0,AXM5204,1.6594586335433088,109.95552243445592,9144.0
3120.0,AXM5205,2.395247342083169,101.91105360658001,9144.0
3120.0,AXM5207,3.0157518186103407,101.84965456588826,9144.0
3120.0,AXM5208,1.799455646745943,109.9733134080247,9144.0
3120.0,AXM5232,1.6902980028559562,110.01966957470182,9144.0
3120.0,AXM5233,2.5172050395469605,101.95260339751974,9144.0
3120.0,AXM5234,1.7068176477990706,110.02526383168566,9144.0
3120.0,AXM1793,2.1275432300976136,108.25185001701968,9144.0,"(AXM5202),(AXM5232)"
3120.0,AXM5110,4.245887430912002,109.84983194386896,9144.0,"(AXM5202),(AXM5234)"
3120.0,AXM5111,3.7163396758520397,107.40502009368947,9144.0,"(AXM5204),(AXM5232)"
3120.0,AXM5115,3.6667344459030087,107.16494851368485,9144.0,"(AXM5204),(AXM5234)"
3120.0,AXM5117,3.5747411695211535,106.93879722874964,9144.0,"(AXM5232),(AXM5202)"
3120.0,AXM5202,1.6811739282460503,110.09985426988324,9144.0,"(AXM5232),(AXM5204)"
3120.0,AXM5203,2.5792368253693416,101.79043811468385,9144.0,"(AXM5232),(AXM5234)"
3120.0,AXM5204,1.6594586335433088,109.95552243445592,9144.0,"(AXM5234),(AXM5202)"
3120.0,AXM5205,2.395247342083169,101.91105360658001,9144.0,"(AXM5234),(AXM5204)"
3120.0,AXM5207,3.0157518186103407,101.84965456588826,9144.0,"(AXM5234),(AXM5232)"
3130.0,AXM1793,2.1184217836139267,108.22202705773897,9144.0
3130.0,AXM5110,4.254257176511573,109.8787687026039,9144.0
3130.0,AXM5111,3.7098770120680133,107.37458642865398,9144.0
3130.0,AXM5115,3.6576808965439285,107.13112007078522,9144.0
3130.0,AXM5117,3.5686025260632714,106.90734699548385,9144.0
3130.0,AXM5202,1.6807625580725762,110.12400541423871,9144.0
3130.0,AXM5203,2.5912636651727445,101.78200096590825,9144.0
3130.0,AXM5204,1.6500458290349,109.97499884556125,9144.0
3130.0,AXM5205,2.4147709221689317,101.90794015623476,9144.0
3130.0,AXM5207,2.995016677010421,101.85706723915014,9144.0
3130.0,AXM5208,1.7930868167088938,110.00084536216438,9144.0
3130.0,AXM5232,1.681022693091674,110.04313201644355,9144.0
3130.0,AXM5233,2.5063434417682333,101.93622942180616,9144.0
3130.0,AXM5234,1.7014156567036363,110.05074178654036,9144.0
3130.0,AXM1793,2.1184217836139267,108.22202705773897,9144.0,"(AXM5202),(AXM5232)"
3130.0,AXM5110,4.254257176511573,109.8787687026039,9144.0,"(AXM5202),(AXM5234)"
3130.0,AXM5111,3.7098770120680133,107.37458642865398,9144.0,"(AXM5204),(AXM5232)"
3130.0,AXM5115,3.6576808965439285,107.13112007078522,9144.0,"(AXM5232),(AXM5202)"
3130.0,AXM5117,3.5686025260632714,106.90734699548385,9144.0,"(AXM5232),(AXM5204)"
3130.0,AXM5202,1.6807625580725762,110.12400541423871,9144.0,"(AXM5232),(AXM5234)"
3130.0,AXM5203,2.5912636651727445,101.78200096590825,9144.0,"(AXM5234),(AXM5202)"
3130.0,AXM5204,1.6500458290349,109.97499884556125,9144.0,"(AXM5234),(AXM5232)"
3140.0,AXM1793,2.1092824159712245,108.19214844801951,9144.0
3140.0,AXM5110,4.262608503464254,109.90764910902158,9144.0
3140.0,AXM5111,3.7034132839668885,107.34415321301904,9144.0
3140.0,AXM5115,3.6486260231401895,107.09729232504328,9144.0
3140.0,AXM5117,3.562462520640272,106.87589723912326,9144.0
3140.0,AXM5202,1.6803734415414795,110.14815692289365,9144.0
3140.0,AXM5203,2.6004925578676845,101.77056498690696,9144.0
3140.0,AXM5204,1.6415004982621786,109.99422504218705,9144.0
3140.0,AXM5205,2.433254271673863,101.9009186749502,9144.0
3140.0,AXM5207,2.9741378303307853,101.86159022936303,9144.0
3140.0,AXM5208,1.7868546014990874,110.02778368199965,9144.0
3140.0,AXM5232,1.6719749954947225,110.06668313482083,9144.0
3140.0,AXM5233,2.4951896282108423,101.92005360483051,9144.0
3140.0,AXM5234,1.6959500933652027,110.07620609549201,9144.0
3140.0,AXM1793,2.1092824159712245,108.19214844801951,9144.0,"(AXM5202),(AXM5232)"
3140.0,AXM5110,4.262608503464254,109.90764910902158,9144.0,"(AXM5202),(AXM5234)"
3140.0,AXM5111,3.7034132839668885,107.34415321301904,9144.0,"(AXM5204),(AXM5232)"
3140.0,AXM5115,3.6486260231401895,107.09729232504328,9144.0,"(AXM5232),(AXM5202)"
3140.0,AXM5117,3.562462520640272,106.87589723912326,9144.0,"(AXM5232),(AXM5204)"
3140.0,AXM5202,1.6803734415414795,110.14815692289365,9144.0,"(AXM5232),(AXM5234)"
3140.0,AXM5203,2.6004925578676845,101.77056498690696,9144.0,"(AXM5234),(AXM5202)"
3140.0,AXM5204,1.6415004982621786,109.99422504218705,9144.0,"(AXM5234),(AXM5232)"
3150.0,AXM1793,2.1001416685971197,108.16227043612137,9144.0
3150.0,AXM5110,4.271068780712118,109.93649792888307,9144.0
3150.0,AXM5111,3.696948492621039,107.31372044623758,9144.0
3150.0,AXM5115,3.639569824245778,107.06346527609438,9144.0
3150.0,AXM5117,3.5563207917231754,106.8444480302943,9144.0
3150.0,AXM5202,1.6800004078847548,110.17128320589364,9144.0
3150.0,AXM5203,2.6115072259331797,101.7625372194385,9144.0
3150.0,AXM5204,1.6330891747972285,110.01314884520667,9144.0
3150.0,AXM5205,2.4514241903110956,101.89401605426347,9144.0
3150.0,AXM5207,2.9532589650019054,101.86611304792582,9144.0
3150.0,AXM5208,1.7805807247225354,110.0547122281828,9144.0
3150.0,AXM5232,1.6627905099654061,110.09058497011716,9144.0
3150.0,AXM5233,2.485545848017323,101.90293293136092,9144.0
3150.0,AXM5234,1.690549509637622,110.10136510621832,9144.0
3150.0,AXM1793,2.1001416685971197,108.16227043612137,9144.0,"(AXM5202),(AXM5232)"
3150.0,AXM5110,4.271068780712118,109.93649792888307,9144.0,"(AXM5202),(AXM5234)"
3150.0,AXM5111,3.696948492621039,107.31372044623758,9144.0,"(AXM5204),(AXM5232)"
3150.0,AXM5115,3.639569824245778,107.06346527609438,9144.0,"(AXM5205),(AXM5233)"
3150.0,AXM5117,3.5563207917231754,106.8444480302943,9144.0,"(AXM5232),(AXM5202)"
3150.0,AXM5202,1.6800004078847548,110.17128320589364,9144.0,"(AXM5232),(AXM5204)"
3150.0,AXM5203,2.6115072259331797,101.7625372194385,9144.0,"(AXM5232),(AXM5234)"
3150.0,AXM5204,1.6330891747972285,110.01314884520667,9144.0,"(AXM5233),(AXM5205)"
3150.0,AXM5205,2.4514241903110956,101.89401605426347,9144.0,"(AXM5234),(AXM5202)"
3150.0,AXM5207,2.9532589650019054,101.86611304792582,9144.0,"(AXM5234),(AXM5232)"
3160.0,AXM1793,2.0939661488393577,108.13164094899957,9144.0
3160.0,AXM5110,4.2795103953881934,109.96529043459327,9144.0
3160.0,AXM5111,3.6904826390376817,107.28328812777612,9144.0
3160.0,AXM5115,3.630512297457907,107.02963892383102,9144.0
3160.0,AXM5117,3.554254639381593,106.81246945604188,9144.0
3160.0,AXM5202,1.6795601299882124,110.19440830020285,9144.0
3160.0,AXM5203,2.62200315118965,101.75488730830325,9144.0
3160.0,AXM5204,1.6260254075353326,110.03261620680486,9144.0
3160.0,AXM5205,2.4677403731798564,101.88344750687031,9144.0
3160.0,AXM5207,2.9319016190357288,101.86655223367836,9144.0
3160.0,AXM5208,1.7744594000790146,110.08098306332238,9144.0
3160.0,AXM5232,1.653317709789014,110.11437380388635,9144.0
3160.0,AXM5233,2.4797359904195515,101.8842992356712,9144.0
3160.0,AXM5234,1.6852170698393254,110.12653859172062,9144.0
3160.0,AXM1793,2.0939661488393577,108.13164094899957,9144.0,"(AXM5202),(AXM5232)"
3160.0,AXM5110,4.2795103953881934,109.96529043459327,9144.0,"(AXM5202),(AXM5234)"
3160.0,AXM5111,3.6904826390376817,107.28328812777612,9144.0,"(AXM5204),(AXM5232)"
3160.0,AXM5115,3.630512297457907,107.02963892383102,9144.0,"(AXM5205),(AXM5233)"
3160.0,AXM5117,3.554254639381593,106.81246945604188,9144.0,"(AXM5232),(AXM5202)"
3160.0,AXM5202,1.6795601299882124,110.19440830020285,9144.0,"(AXM5232),(AXM5204)"
3160.0,AXM5203,2.62200315118965,101.75488730830325,9144.0,"(AXM5232),(AXM5234)"
3160.0,AXM5204,1.6260254075353326,110.03261620680486,9144.0,"(AXM5233),(AXM5205)"
3160.0,AXM5205,2.4677403731798564,101.88344750687031,9144.0,"(AXM5234),(AXM5202)"
3160.0,AXM5207,2.9319016190357288,101.86655223367836,9144.0,"(AXM5234),(AXM5232)"
3170.0,AXM1793,2.083836192735573,108.10214639733093,9144.0
3170.0,AXM5110,4.287972705387098,109.99407714904974,9144.0
3170.0,AXM5111,3.684015724150147,107.2528562571166,9144.0
3170.0,AXM5115,3.621453439085976,106.99581326849209,9144.0
3170.0,AXM5117,3.5543105362568945,106.78048218465415,9144.0
3170.0,AXM5202,1.6791536983912458,110.21573429236898,9144.0
3170.0,AXM5203,2.633147397040651,101.74821926937696,9144.0
3170.0,AXM5204,1.618961210099633,110.05208334419656,9144.0
3170.0,AXM5205,2.4837889601323755,101.8722395132217,9144.0
3170.0,AXM5207,2.910871415002153,101.86686329635803,9144.0
3170.0,AXM5208,1.7683578506056208,110.1072584162743,9144.0
3170.0,AXM5232,1.64442564713366,110.13676168735454,9144.0
3170.0,AXM5233,2.4779718309727436,101.86492672361722,9144.0
3170.0,AXM5234,1.6800141693333037,110.1510979168397,9144.0
3170.0,AXM1793,2.083836192735573,108.10214639733093,9144.0,"(AXM5202),(AXM5234)"
3170.0,AXM5110,4.287972705387098,109.99407714904974,9144.0,"(AXM5205),(AXM5233)"
3170.0,AXM5111,3.684015724150147,107.2528562571166,9144.0,"(AXM5232),(AXM5234)"
3170.0,AXM5115,3.621453439085976,106.99581326849209,9144.0,"(AXM5233),(AXM5205)"
3170.0,AXM5117,3.5543105362568945,106.78048218465415,9144.0,"(AXM5234),(AXM5202)"
3170.0,AXM5202,1.6791536983912458,110.21573429236898,9144.0,"(AXM5234),(AXM5232)"
3180.0,AXM1793,2.07281284973441,108.07310012512613,9144.0
3180.0,AXM5110,4.296433557997085,110.02286461335054,9144.0
3180.0,AXM5111,3.677547748807518,107.2224248337587,9144.0
3180.0,AXM5115,3.6123932436479516,106.96198831079857,9144.0
3180.0,AXM5117,3.552610386766108,106.74854031171473,9144.0
3180.0,AXM5202,1.6788259246384776,110.2368392715306,9144.0
3180.0,AXM5203,2.643696917509464,101.74089184303772,9144.0
3180.0,AXM5204,1.6140578163887709,110.07220417310239,9144.0
3180.0,AXM5205,2.499906330618196,101.86113071077673,9144.0
3180.0,AXM5207,2.8898412108825773,101.86717434742398,9144.0
3180.0,AXM5208,1.7623534811700308,110.13311231570198,9144.0
3180.0,AXM5232,1.63619731245263,110.15747709630124,9144.0
3180.0,AXM5233,2.4803422141944074,101.84595841607948,9144.0
3180.0,AXM5234,1.6748272244625637,110.17566055453406,9144.0
3180.0,AXM1793,2.07281284973441,108.07310012512613,9144.0,"(AXM5202),(AXM5234)"
3180.0,AXM5110,4.296433557997085,110.02286461335054,9144.0,"(AXM5205),(AXM5233)"
3180.0,AXM5111,3.677547748807518,107.2224248337587,9144.0,"(AXM5232),(AXM5234)"
3180.0,AXM5115,3.6123932436479516,106.96198831079857,9144.0,"(AXM5233),(AXM5205)"
3180.0,AXM5117,3.552610386766108,106.74854031171473,9144.0,"(AXM5234),(AXM5202)"
3180.0,AXM5202,1.6788259246384776,110.2368392715306,9144.0,"(AXM5234),(AXM5232)"
3190.0,AXM1793,2.061788796936187,108.04405432439025,9144.0
3190.0,AXM5110,4.304891695122272,110.05165319971204,9144.0
3190.0,AXM5111,3.671078713762247,107.19199385722239,9144.0
3190.0,AXM5115,3.6033317030648506,106.9281640521706,9144.0
3190.0,AXM5117,3.550915236614756,106.71671489401027,9144.0
3190.0,AXM5202,1.6784964768050175,110.25794422104745,9144.0
3190.0,AXM5203,2.6535975684703876,101.73401493705455,9144.0
3190.0,AXM5204,1.6132518072390016,110.09276588376696,9144.0
3190.0,AXM5205,2.5159348699052546,101.85036933770301,9144.0
3190.0,AXM5207,2.8688110066776003,101.86748538695902,9144.0
3190.0,AXM5208,1.7563400394056488,110.15896402113647,9144.0
3190.0,AXM5232,1.6283771989036946,110.17757578071102,9144.0
3190.0,AXM5233,2.486707112355425,101.82793506632866,9144.0
3190.0,AXM5234,1.6699681520757717,110.19866772629544,9144.0
3190.0,AXM1793,2.061788796936187,108.04405432439025,9144.0,"(AXM5202),(AXM5234)"
3190.0,AXM5110,4.304891695122272,110.05165319971204,9144.0,"(AXM5205),(AXM5233)"
3190.0,AXM5111,3.671078713762247,107.19199385722239,9144.0,"(AXM5232),(AXM5234)"
3190.0,AXM5115,3.6033317030648506,106.9281640521706,9144.0,"(AXM5233),(AXM5205)"
3190.0,AXM5117,3.550915236614756,106.71671489401027,9144.0,"(AXM5234),(AXM5202)"
3190.0,AXM5202,1.6784964768050175,110.25794422104745,9144.0,"(AXM5234),(AXM5232)"
3200.0,AXM1793,2.050763499907239,108.01500919720512,9144.0
3200.0,AXM5110,4.313430780011742,110.08041806725282,9144.0
3200.0,AXM5111,3.6646086196552266,107.16156332705123,9144.0
3200.0,AXM5115,3.5942688052872267,106.89434049509747,9144.0
3200.0,AXM5117,3.549218879329451,106.68488959933042,9144.0
3200.0,AXM5202,1.6780518269424731,110.27904705112743,9144.0
3200.0,AXM5203,2.6637285493458025,101.7274828055774,9144.0
3200.0,AXM5204,1.6104733841300924,110.11281924728547,9144.0
3200.0,AXM5205,2.5304973497708323,101.84059189792747,9144.0
3200.0,AXM5207,2.8481211882199604,101.86369951963141,9144.0
3200.0,AXM5208,1.7504103674057125,110.18445276269024,9144.0
3200.0,AXM5232,1.6210843531735302,110.19631769494836,9144.0
3200.0,AXM5233,2.496562894555685,101.81227641259373,9144.0
3200.0,AXM5234,1.6649944236545764,110.22165030523287,9144.0
3200.0,AXM1793,2.050763499907239,108.01500919720512,9144.0,"(AXM5202),(AXM5234)"
3200.0,AXM5110,4.313430780011742,110.08041806725282,9144.0,"(AXM5205),(AXM5233)"
3200.0,AXM5111,3.6646086196552266,107.16156332705123,9144.0,"(AXM5232),(AXM5234)"
3200.0,AXM5115,3.5942688052872267,106.89434049509747,9144.0,"(AXM5233),(AXM5205)"
3200.0,AXM5117,3.549218879329451,106.68488959933042,9144.0,"(AXM5234),(AXM5202)"
3200.0,AXM5202,1.6780518269424731,110.27904705112743,9144.0,"(AXM5234),(AXM5232)"
3210.0,AXM1793,2.0378344264174495,107.98676128898849,9144.0
3210.0,AXM5110,4.321968485681652,110.10918367014463,9144.0
3210.0,AXM5111,3.6581374669976214,107.13113324281619,9144.0
3210.0,AXM5115,3.585204531745892,106.86051764382441,9144.0
3210.0,AXM5117,3.54752128529547,106.65306442932128,9144.0
3210.0,AXM5202,1.6776073652232355,110.30008386970671,9144.0
3210.0,AXM5203,2.672826871152023,101.72122575157653,9144.0
3210.0,AXM5204,1.6077402120059996,110.13254203842328,9144.0
3210.0,AXM5205,2.545070132455192,101.8308297406076,9144.0
3210.0,AXM5207,2.8265308846872177,101.8624832336235,9144.0
3210.0,AXM5208,1.7444501155146912,110.20993428329908,9144.0
3210.0,AXM5232,1.613681400834813,110.21501628841521,9144.0
3210.0,AXM5233,2.5096268172782374,101.79917956412845,9144.0
3210.0,AXM5234,1.6604593111007557,110.24293676462125,9144.0
3210.0,AXM1793,2.0378344264174495,107.98676128898849,9144.0,"(AXM5202),(AXM5234)"
3210.0,AXM5110,4.321968485681652,110.10918367014463,9144.0,"(AXM5205),(AXM5233)"
3210.0,AXM5111,3.6581374669976214,107.13113324281619,9144.0,"(AXM5232),(AXM5234)"
3210.0,AXM5115,3.585204531745892,106.86051764382441,9144.0,"(AXM5233),(AXM5205)"
3210.0,AXM5117,3.54752128529547,106.65306442932128,9144.0,"(AXM5234),(AXM5202)"
3210.0,AXM5202,1.6776073652232355,110.30008386970671,9144.0,"(AXM5234),(AXM5232)"
3220.0,AXM1793,2.0249532210871988,107.95862094385052,9144.0
3220.0,AXM5110,4.3305043658256315,110.13795014209673,9144.0
3220.0,AXM5111,3.651665256148541,107.1007036041205,9144.0
3220.0,AXM5115,3.5761388520262183,106.82669550578719,9144.0
3220.0,AXM5117,3.5458224031868766,106.62123938679751,9144.0
3220.0,AXM5202,1.677309694864554,110.32112327638235,9144.0
3220.0,AXM5203,2.6818054527549027,101.71505088504028,9144.0
3220.0,AXM5204,1.6055323018003214,110.15233054647149,9144.0
3220.0,AXM5205,2.558553744412883,101.82179685629924,9144.0
3220.0,AXM5207,2.803964286121445,101.86121199668666,9144.0
3220.0,AXM5208,1.7385317647747918,110.23523365231432,9144.0
3220.0,AXM5232,1.606524252022388,110.23309215575497,9144.0
3220.0,AXM5233,2.525255238019112,101.78928982312054,9144.0
3220.0,AXM5234,1.6560740509739873,110.26351561751034,9144.0
3220.0,AXM1793,2.0249532210871988,107.95862094385052,9144.0,"(AXM5202),(AXM5234)"
3220.0,AXM5110,4.3305043658256315,110.13795014209673,9144.0,"(AXM5204),(AXM5232)"
3220.0,AXM5111,3.651665256148541,107.1007036041205,9144.0,"(AXM5205),(AXM5233)"
3220.0,AXM5115,3.5761388520262183,106.82669550578719,9144.0,"(AXM5232),(AXM5204)"
3220.0,AXM5117,3.5458224031868766,106.62123938679751,9144.0,"(AXM5232),(AXM5234)"
3220.0,AXM5202,1.677309694864554,110.32112327638235,9144.0,"(AXM5233),(AXM5205)"
3220.0,AXM5203,2.6818054527549027,101.71505088504028,9144.0,"(AXM5234),(AXM5202)"
3220.0,AXM5204,1.6055323018003214,110.15233054647149,9144.0,"(AXM5234),(AXM5232)"
3230.0,AXM1793,2.0093693654343925,107.93188448839454,9144.0
3230.0,AXM5110,4.3390017117191935,110.16672840916243,9144.0
3230.0,AXM5111,3.645191987287282,107.07027441060556,9144.0
3230.0,AXM5115,3.5670717105721366,106.79287409519347,9144.0
3230.0,AXM5117,3.5441221233034836,106.58941447771439,9144.0
3230.0,AXM5202,1.6755555397036808,110.34235606389382,9144.0
3230.0,AXM5203,2.6907840343577822,101.70887597310323,9144.0
3230.0,AXM5204,1.603316395668015,110.17218537881222,9144.0
3230.0,AXM5205,2.571988461363563,101.81269116901602,9144.0
3230.0,AXM5207,2.7815404532330845,101.86404999473446,9144.0
3230.0,AXM5208,1.7326327258193974,110.26053745642946,9144.0
3230.0,AXM5232,1.5995171408137745,110.25122669661793,9144.0
3230.0,AXM5233,2.542678164787971,101.7830945179564,9144.0
3230.0,AXM5234,1.6512391583652815,110.2839933614662,9144.0
3230.0,AXM1793,2.0093693654343925,107.93188448839454,9144.0,"(AXM5202),(AXM5234)"
3230.0,AXM5110,4.3390017117191935,110.16672840916243,9144.0,"(AXM5204),(AXM5232)"
3230.0,AXM5111,3.645191987287282,107.07027441060556,9144.0,"(AXM5205),(AXM5233)"
3230.0,AXM5115,3.5670717105721366,106.79287409519347,9144.0,"(AXM5232),(AXM5204)"
3230.0,AXM5117,3.5441221233034836,106.58941447771439,9144.0,"(AXM5232),(AXM5234)"
3230.0,AXM5202,1.6755555397036808,110.34235606389382,9144.0,"(AXM5233),(AXM5205)"
3230.0,AXM5203,2.6907840343577822,101.70887597310323,9144.0,"(AXM5234),(AXM5202)"
3230.0,AXM5204,1.603316395668015,110.17218537881222,9144.0,"(AXM5234),(AXM5232)"
3240.0,AXM1793,1.9937846986181311,107.90514876049231,9144.0
3240.0,AXM5110,4.347514008553392,110.19556473628103,9144.0
3240.0,AXM5111,3.6387176603783917,107.0398456619585,9144.0
3240.0,AXM5115,3.5580029815963528,106.75905344516713,9144.0
3240.0,AXM5117,3.5424200520644096,106.55758972329474,9144.0
3240.0,AXM5202,1.6737793893044721,110.3638508204546,9144.0
3240.0,AXM5204,1.600858240480761,110.19201163034593,9144.0
3240.0,AXM5205,2.5842210684382465,101.80455589275844,9144.0
3240.0,AXM5207,2.7589609848384233,101.87103678469626,9144.0
3240.0,AXM5208,1.7268181029146372,110.28547590839294,9144.0
3240.0,AXM5232,1.5925093351221071,110.26936090711148,9144.0
3240.0,AXM5233,2.5592939421261782,101.78151073037321,9144.0
3240.0,AXM5234,1.6434649143195175,110.30239596135476,9144.0
3240.0,AXM1793,1.9937846986181311,107.90514876049231,9144.0,"(AXM5202),(AXM5234)"
3240.0,AXM5110,4.347514008553392,110.19556473628103,9144.0,"(AXM5204),(AXM5232)"
3240.0,AXM5111,3.6387176603783917,107.0398456619585,9144.0,"(AXM5205),(AXM5233)"
3240.0,AXM5115,3.5580029815963528,106.75905344516713,9144.0,"(AXM5232),(AXM5204)"
3240.0,AXM5117,3.5424200520644096,106.55758972329474,9144.0,"(AXM5232),(AXM5234)"
3240.0,AXM5202,1.6737793893044721,110.3638508204546,9144.0,"(AXM5233),(AXM5205)"
3240.0,AXM5204,1.600858240480761,110.19201163034593,9144.0,"(AXM5234),(AXM5202)"
3240.0,AXM5205,2.5842210684382465,101.80455589275844,9144.0,"(AXM5234),(AXM5232)"
3250.0,AXM1793,1.978727743945528,107.87811220423464,9144.0
3250.0,AXM5110,4.35603702645164,110.22439820453539,9144.0
3250.0,AXM5111,3.6322422751270587,107.00941735792165,9144.0
3250.0,AXM5115,3.5529594814063152,106.72440019419639,9144.0
3250.0,AXM5117,3.5408017397295937,106.52576063864943,9144.0
3250.0,AXM5202,1.6700070639860571,110.38508611279984,9144.0
3250.0,AXM5204,1.5984321810128745,110.21157220383259,9144.0
3250.0,AXM5205,2.595887539937547,101.79671771595743,9144.0
3250.0,AXM5207,2.7379307840164135,101.88183174069329,9144.0
3250.0,AXM5208,1.720972208961689,110.31040696535008,9144.0
3250.0,AXM5232,1.589465139721781,110.28856302971131,9144.0
3250.0,AXM5233,2.5740201604679087,101.78419049786798,9144.0
3250.0,AXM5234,1.6359248729802593,110.32024267798705,9144.0
3250.0,AXM1793,1.978727743945528,107.87811220423464,9144.0,"(AXM5202),(AXM5234)"
3250.0,AXM5110,4.35603702645164,110.22439820453539,9144.0,"(AXM5204),(AXM5232)"
3250.0,AXM5111,3.6322422751270587,107.00941735792165,9144.0,"(AXM5205),(AXM5233)"
3250.0,AXM5115,3.5529594814063152,106.72440019419639,9144.0,"(AXM5232),(AXM5204)"
3250.0,AXM5117,3.5408017397295937,106.52576063864943,9144.0,"(AXM5232),(AXM5234)"
3250.0,AXM5202,1.6700070639860571,110.38508611279984,9144.0,"(AXM5233),(AXM5205)"
3250.0,AXM5204,1.5984321810128745,110.21157220383259,9144.0,"(AXM5234),(AXM5202)"
3250.0,AXM5205,2.595887539937547,101.79671771595743,9144.0,"(AXM5234),(AXM5232)"
3260.0,AXM1793,1.963641708886539,107.85102481144315,9144.0
3260.0,AXM5110,4.364575081030719,110.25328966882131,9144.0
3260.0,AXM5111,3.6257658309212477,106.97898949830507,9144.0
3260.0,AXM5115,3.5502729338084693,106.69129188792817,9144.0
3260.0,AXM5117,3.5391847508489684,106.49398992461394,9144.0
3260.0,AXM5202,1.6663149511304305,110.40586780566565,9144.0
3260.0,AXM5204,1.596159324545388,110.23115116283573,9144.0
3260.0,AXM5205,2.607200426021473,101.78911690523044,9144.0
3260.0,AXM5207,2.716948950588599,101.89272043197836,9144.0
3260.0,AXM5208,1.715188870169391,110.3350304124365,9144.0
3260.0,AXM5232,1.5905309075835985,110.30790858220843,9144.0
3260.0,AXM5233,2.587036875634258,101.79068786889779,9144.0
3260.0,AXM5234,1.6284161021773145,110.3381025178671,9144.0
3260.0,AXM1793,1.963641708886539,107.85102481144315,9144.0,"(AXM5202),(AXM5234)"
3260.0,AXM5110,4.364575081030719,110.25328966882131,9144.0,"(AXM5204),(AXM5232)"
3260.0,AXM5111,3.6257658309212477,106.97898949830507,9144.0,"(AXM5205),(AXM5233)"
3260.0,AXM5115,3.5502729338084693,106.69129188792817,9144.0,"(AXM5232),(AXM5204)"
3260.0,AXM5117,3.5391847508489684,106.49398992461394,9144.0,"(AXM5232),(AXM5234)"
3260.0,AXM5202,1.6663149511304305,110.40586780566565,9144.0,"(AXM5233),(AXM5205)"
3260.0,AXM5204,1.596159324545388,110.23115116283573,9144.0,"(AXM5234),(AXM5202)"
3260.0,AXM5205,2.607200426021473,101.78911690523044,9144.0,"(AXM5234),(AXM5232)"
3270.0,AXM1793,1.9485551819329412,107.82393793652777,9144.0
3270.0,AXM5110,4.373109608132786,110.28218251018974,9144.0
3270.0,AXM5111,3.6192883267552522,106.94856208300286,9144.0
3270.0,AXM5115,3.5476839845161328,106.65941014458531,9144.0
3270.0,AXM5117,3.5375919433946907,106.46221803902019,9144.0
3270.0,AXM5202,1.6623758997020384,110.42660403041562,9144.0
3270.0,AXM5204,1.5938256280715586,110.25052029249927,9144.0
3270.0,AXM5205,2.618564279449511,101.78159259935684,9144.0
3270.0,AXM5207,2.695741003223211,101.90160609467786,9144.0
3270.0,AXM5208,1.7094480181953975,110.35946985462931,9144.0
3270.0,AXM5232,1.594222481702053,110.3257553697386,9144.0
3270.0,AXM5233,2.6011498371604884,101.79319517873638,9144.0
3270.0,AXM5234,1.6212300277972123,110.35492388987646,9144.0
3270.0,AXM1793,1.9485551819329412,107.82393793652777,9144.0,"(AXM5202),(AXM5234)"
3270.0,AXM5110,4.373109608132786,110.28218251018974,9144.0,"(AXM5204),(AXM5232)"
3270.0,AXM5111,3.6192883267552522,106.94856208300286,9144.0,"(AXM5205),(AXM5233)"
3270.0,AXM5115,3.5476839845161328,106.65941014458531,9144.0,"(AXM5232),(AXM5204)"
3270.0,AXM5117,3.5375919433946907,106.46221803902019,9144.0,"(AXM5232),(AXM5234)"
3270.0,AXM5202,1.6623758997020384,110.42660403041562,9144.0,"(AXM5233),(AXM5205)"
3270.0,AXM5204,1.5938256280715586,110.25052029249927,9144.0,"(AXM5234),(AXM5202)"
3270.0,AXM5205,2.618564279449511,101.78159259935684,9144.0,"(AXM5234),(AXM5232)"
3280.0,AXM1793,1.933468144146627,107.79685158818161,9144.0
3280.0,AXM5110,4.381709732235585,110.31130430958073,9144.0
3280.0,AXM5111,3.6128097611265533,106.9181351120153,9144.0
3280.0,AXM5115,3.546157891954106,106.62745967198819,9144.0
3280.0,AXM5117,3.5359948079318095,106.43038804575671,9144.0
3280.0,AXM5202,1.6583627996178907,110.44772815124976,9144.0
3280.0,AXM5204,1.5914916405553465,110.2698893651291,9144.0
3280.0,AXM5205,2.6297766251295287,101.77409732534875,9144.0
3280.0,AXM5207,2.6741765879714445,101.9106407529623,9144.0
3280.0,AXM5208,1.7037532938855517,110.38392002355107,9144.0
3280.0,AXM5232,1.597678007236416,110.34246236596714,9144.0
3280.0,AXM5233,2.61517696554131,101.79156497702847,9144.0
3280.0,AXM5234,1.6145006946788496,110.37067548648517,9144.0
3280.0,AXM1793,1.933468144146627,107.79685158818161,9144.0,"(AXM5202),(AXM5208)"
3280.0,AXM5110,4.381709732235585,110.31130430958073,9144.0,"(AXM5202),(AXM5234)"
3280.0,AXM5111,3.6128097611265533,106.9181351120153,9144.0,"(AXM5204),(AXM5232)"
3280.0,AXM5115,3.546157891954106,106.62745967198819,9144.0,"(AXM5205),(AXM5233)"
3280.0,AXM5117,3.5359948079318095,106.43038804575671,9144.0,"(AXM5208),(AXM5202)"
3280.0,AXM5202,1.6583627996178907,110.44772815124976,9144.0,"(AXM5232),(AXM5204)"
3280.0,AXM5204,1.5914916405553465,110.2698893651291,9144.0,"(AXM5232),(AXM5234)"
3280.0,AXM5205,2.6297766251295287,101.77409732534875,9144.0,"(AXM5233),(AXM5205)"
3280.0,AXM5207,2.6741765879714445,101.9106407529623,9144.0,"(AXM5234),(AXM5202)"
3280.0,AXM5208,1.7037532938855517,110.38392002355107,9144.0,"(AXM5234),(AXM5232)"
3290.0,AXM1793,1.9183805410839467,107.76976579489956,9144.0
3290.0,AXM5110,4.390329627611204,110.34042056455593,9144.0
3290.0,AXM5111,3.606330131893225,106.88770858547947,9144.0
3290.0,AXM5115,3.544624636818959,106.59539312110363,9144.0
3290.0,AXM5117,3.534395790371475,106.39855820222718,9144.0
3290.0,AXM5202,1.6545011901091944,110.46888047219042,9144.0
3290.0,AXM5204,1.5926345401150297,110.28936514162943,9144.0
3290.0,AXM5205,2.6406924999946706,101.76680005890421,9144.0
3290.0,AXM5207,2.6526120827702417,101.91967503790325,9144.0
3290.0,AXM5208,1.6981435331802952,110.40800096213053,9144.0
3290.0,AXM5232,1.5984480174615725,110.35950585474988,9144.0
3290.0,AXM5233,2.6280726497212252,101.78598067401386,9144.0
3290.0,AXM5234,1.6077956718522104,110.38643740301774,9144.0
3290.0,AXM1793,1.9183805410839467,107.76976579489956,9144.0,"(AXM5202),(AXM5208)"
3290.0,AXM5110,4.390329627611204,110.34042056455593,9144.0,"(AXM5204),(AXM5232)"
3290.0,AXM5111,3.606330131893225,106.88770858547947,9144.0,"(AXM5205),(AXM5233)"
3290.0,AXM5115,3.544624636818959,106.59539312110363,9144.0,"(AXM5208),(AXM5202)"
3290.0,AXM5117,3.534395790371475,106.39855820222718,9144.0,"(AXM5232),(AXM5204)"
3290.0,AXM5202,1.6545011901091944,110.46888047219042,9144.0,"(AXM5232),(AXM5234)"
3290.0,AXM5204,1.5926345401150297,110.28936514162943,9144.0,"(AXM5233),(AXM5205)"
3290.0,AXM5205,2.6406924999946706,101.76680005890421,9144.0,"(AXM5234),(AXM5232)"
3300.0,AXM1793,1.9032918686301492,107.74268083596556,9144.0
3300.0,AXM5110,4.39896492670983,110.36959450369257,9144.0
3300.0,AXM5111,3.5998494360710227,106.85728250371271,9144.0
3300.0,AXM5115,3.543083440531608,106.56332700578807,9144.0
3300.0,AXM5117,3.532738174807106,106.36673142482753,9144.0
3300.0,AXM5202,1.6504805435893257,110.48973518237628,9144.0
3300.0,AXM5204,1.5936716593540832,110.30704470311481,9144.0
3300.0,AXM5205,2.651555883846787,101.75942464718237,9144.0
3300.0,AXM5207,2.630715614702833,101.92787000824266,9144.0
3300.0,AXM5208,1.6926131932403343,110.43210021144162,9144.0
3300.0,AXM5232,1.5992301450377666,110.37682421724048,9144.0
3300.0,AXM5233,2.638810312209103,101.77690903761385,9144.0
3300.0,AXM5234,1.601009699219261,110.40238898608357,9144.0
3300.0,AXM1793,1.9032918686301492,107.74268083596556,9144.0,"(AXM5202),(AXM5208)"
3300.0,AXM5110,4.39896492670983,110.36959450369257,9144.0,"(AXM5204),(AXM5232)"
3300.0,AXM5111,3.5998494360710227,106.85728250371271,9144.0,"(AXM5205),(AXM5233)"
3300.0,AXM5115,3.543083440531608,106.56332700578807,9144.0,"(AXM5208),(AXM5202)"
3300.0,AXM5117,3.532738174807106,106.36673142482753,9144.0,"(AXM5232),(AXM5204)"
3300.0,AXM5202,1.6504805435893257,110.48973518237628,9144.0,"(AXM5232),(AXM5234)"
3300.0,AXM5204,1.5936716593540832,110.30704470311481,9144.0,"(AXM5233),(AXM5205)"
3300.0,AXM5205,2.651555883846787,101.75942464718237,9144.0,"(AXM5234),(AXM5232)"
3310.0,AXM1793,1.8877166591540562,107.7158732534398,9144.0
3310.0,AXM5110,4.407598277817524,110.39876936127423,9144.0
3310.0,AXM5111,3.593367669534493,106.8268568672767,9144.0
3310.0,AXM5115,3.5413938210050464,106.53126845571768,9144.0
3310.0,AXM5117,3.5310731531714534,106.33478843760194,9144.0
3310.0,AXM5202,1.642535068014111,110.50935958120698,9144.0
3310.0,AXM5204,1.595688955966025,110.32447008010126,9144.0
3310.0,AXM5205,2.6618266057725846,101.7524514304872,9144.0
3310.0,AXM5207,2.6095299235982825,101.93697309151521,9144.0
3310.0,AXM5208,1.6872799010058723,110.45533097244115,9144.0
3310.0,AXM5232,1.6004282106683387,110.39411877560428,9144.0
3310.0,AXM5233,2.6460267738759775,101.76550828077663,9144.0
3310.0,AXM5234,1.5935852065015272,110.41805329178297,9144.0
3310.0,AXM1793,1.8877166591540562,107.7158732534398,9144.0,"(AXM5202),(AXM5208)"
3310.0,AXM5110,4.407598277817524,110.39876936127423,9144.0,"(AXM5204),(AXM5232)"
3310.0,AXM5111,3.593367669534493,106.8268568672767,9144.0,"(AXM5205),(AXM5233)"
3310.0,AXM5115,3.5413938210050464,106.53126845571768,9144.0,"(AXM5208),(AXM5202)"
3310.0,AXM5117,3.5310731531714534,106.33478843760194,9144.0,"(AXM5232),(AXM5204)"
3310.0,AXM5202,1.642535068014111,110.50935958120698,9144.0,"(AXM5232),(AXM5234)"
3310.0,AXM5204,1.595688955966025,110.32447008010126,9144.0,"(AXM5233),(AXM5205)"
3310.0,AXM5205,2.6618266057725846,101.7524514304872,9144.0,"(AXM5234),(AXM5232)"
3320.0,AXM1793,1.8720520363483535,107.6889142179999,9144.0
3320.0,AXM5110,4.416265509950228,110.42793445215617,9144.0
3320.0,AXM5111,3.586884826557744,106.79643167707597,9144.0
3320.0,AXM5115,3.539696177236929,106.4992686229522,9144.0
3320.0,AXM5117,3.5294065505163608,106.30284559046103,9144.0
3320.0,AXM5202,1.6311293609534527,110.52664314892434,9144.0
3320.0,AXM5204,1.5969486236692587,110.34224110900037,9144.0
3320.0,AXM5205,2.6724614540071183,101.74604848283468,9144.0
3320.0,AXM5207,2.5888973505175312,101.9453832521539,9144.0
3320.0,AXM5208,1.681483051658744,110.4784502532015,9144.0
3320.0,AXM5232,1.5974826425887647,110.41050264726765,9144.0
3320.0,AXM5233,2.6553966355503675,101.75580336401232,9144.0
3320.0,AXM5234,1.5826571337663788,110.43159598416466,9144.0
3320.0,AXM1793,1.8720520363483535,107.6889142179999,9144.0,"(AXM5202),(AXM5208)"
3320.0,AXM5110,4.416265509950228,110.42793445215617,9144.0,"(AXM5204),(AXM5232)"
3320.0,AXM5111,3.586884826557744,106.79643167707597,9144.0,"(AXM5205),(AXM5233)"
3320.0,AXM5115,3.539696177236929,106.4992686229522,9144.0,"(AXM5208),(AXM5202)"
3320.0,AXM5117,3.5294065505163608,106.30284559046103,9144.0,"(AXM5232),(AXM5204)"
3320.0,AXM5202,1.6311293609534527,110.52664314892434,9144.0,"(AXM5232),(AXM5234)"
3320.0,AXM5204,1.5969486236692587,110.34224110900037,9144.0,"(AXM5233),(AXM5205)"
3320.0,AXM5205,2.6724614540071183,101.74604848283468,9144.0,"(AXM5234),(AXM5232)"
3330.0,AXM1793,1.8569376475072326,107.66164279397016,9144.0
3330.0,AXM5110,4.424964575743353,110.45721415112165,9144.0
3330.0,AXM5111,3.5804008990707112,106.76600693451726,9144.0
3330.0,AXM5115,3.538043517439194,106.46726648349468,9144.0
3330.0,AXM5117,3.5277344348216815,106.2709030900163,9144.0
3330.0,AXM5202,1.6174828284994154,110.5399127732813,9144.0
3330.0,AXM5204,1.598188512032625,110.35973906989241,9144.0
3330.0,AXM5205,2.681366147820215,101.73951818392271,9144.0
3330.0,AXM5207,2.569540171914294,101.95327325705408,9144.0
3330.0,AXM5208,1.6761111810515748,110.49982095394506,9144.0
3330.0,AXM5232,1.590802954809633,110.42468065550327,9144.0
3330.0,AXM5233,2.6661572441683408,101.74933097259301,9144.0
3330.0,AXM5234,1.5692650934117336,110.44170769439516,9144.0
3330.0,AXM1793,1.8569376475072326,107.66164279397016,9144.0,"(AXM5202),(AXM5208)"
3330.0,AXM5110,4.424964575743353,110.45721415112165,9144.0,"(AXM5204),(AXM5232)"
3330.0,AXM5111,3.5804008990707112,106.76600693451726,9144.0,"(AXM5205),(AXM5233)"
3330.0,AXM5115,3.538043517439194,106.46726648349468,9144.0,"(AXM5208),(AXM5202)"
3330.0,AXM5117,3.5277344348216815,106.2709030900163,9144.0,"(AXM5232),(AXM5204)"
3330.0,AXM5202,1.6174828284994154,110.5399127732813,9144.0,"(AXM5232),(AXM5234)"
3330.0,AXM5204,1.598188512032625,110.35973906989241,9144.0,"(AXM5233),(AXM5205)"
3330.0,AXM5205,2.681366147820215,101.73951818392271,9144.0,"(AXM5234),(AXM5232)"
3340.0,AXM1793,1.8418794303775419,107.63447463443754,9144.0
3340.0,AXM5110,4.433563663925314,110.48652388550187,9144.0
3340.0,AXM5111,3.5739158753702185,106.73558264178583,9144.0
3340.0,AXM5115,3.5363864183026643,106.43532289979767,9144.0
3340.0,AXM5117,3.5260559311530173,106.23896098355533,9144.0
3340.0,AXM5202,1.6013095489596971,110.54994642318476,9144.0
3340.0,AXM5204,1.5996651386451965,110.37721864286634,9144.0
3340.0,AXM5205,2.6904378895614847,101.73348127810051,9144.0
3340.0,AXM5207,2.5498138927489244,101.9601867169068,9144.0
3340.0,AXM5208,1.667249493510778,110.5183177951626,9144.0
3340.0,AXM5232,1.5811140034339992,110.43572157394513,9144.0
3340.0,AXM5233,2.6761155556147456,101.74334100611406,9144.0
3340.0,AXM5234,1.5549705623470214,110.44740755184215,9144.0
3340.0,AXM1793,1.8418794303775419,107.63447463443754,9144.0,"(AXM5202),(AXM5208)"
3340.0,AXM5110,4.433563663925314,110.48652388550187,9144.0,"(AXM5204),(AXM5232)"
3340.0,AXM5111,3.5739158753702185,106.73558264178583,9144.0,"(AXM5205),(AXM5233)"
3340.0,AXM5115,3.5363864183026643,106.43532289979767,9144.0,"(AXM5208),(AXM5202)"
3340.0,AXM5117,3.5260559311530173,106.23896098355533,9144.0,"(AXM5232),(AXM5204)"
3340.0,AXM5202,1.6013095489596971,110.54994642318476,9144.0,"(AXM5232),(AXM5234)"
3340.0,AXM5204,1.5996651386451965,110.37721864286634,9144.0,"(AXM5233),(AXM5205)"
3340.0,AXM5205,2.6904378895614847,101.73348127810051,9144.0,"(AXM5234),(AXM5232)"
3350.0,AXM1793,1.8268202974571235,107.60730721171986,9144.0
3350.0,AXM5110,4.442160773066152,110.51583454525351,9144.0
3350.0,AXM5111,3.5674297376741424,106.70515880236964,9144.0
3350.0,AXM5115,3.534735598750643,106.40337904658519,9144.0
3350.0,AXM5117,3.524368570085154,106.20690290220398,9144.0
3350.0,AXM5202,1.5849080962229634,110.55532624432435,9144.0
3350.0,AXM5204,1.6011353830185644,110.3946299549211,9144.0
3350.0,AXM5205,2.700962757225975,101.73130126667945,9144.0
3350.0,AXM5207,2.530078678377606,101.9627726135662,9144.0
3350.0,AXM5208,1.6548523296604856,110.53473832198532,9144.0
3350.0,AXM5232,1.569785777857694,110.44249489574577,9144.0
3350.0,AXM5233,2.685258493427952,101.736165412123,9144.0
3350.0,AXM5234,1.5414208870722155,110.44844887255145,9144.0
3350.0,AXM1793,1.8268202974571235,107.60730721171986,9144.0,"(AXM5202),(AXM5208)"
3350.0,AXM5110,4.442160773066152,110.51583454525351,9144.0,"(AXM5204),(AXM5232)"
3350.0,AXM5111,3.5674297376741424,106.70515880236964,9144.0,"(AXM5204),(AXM5234)"
3350.0,AXM5115,3.534735598750643,106.40337904658519,9144.0,"(AXM5205),(AXM5233)"
3350.0,AXM5117,3.524368570085154,106.20690290220398,9144.0,"(AXM5208),(AXM5202)"
3350.0,AXM5202,1.5849080962229634,110.55532624432435,9144.0,"(AXM5232),(AXM5204)"
3350.0,AXM5204,1.6011353830185644,110.3946299549211,9144.0,"(AXM5232),(AXM5234)"
3350.0,AXM5205,2.700962757225975,101.73130126667945,9144.0,"(AXM5233),(AXM5205)"
3350.0,AXM5207,2.530078678377606,101.9627726135662,9144.0,"(AXM5234),(AXM5204)"
3350.0,AXM5208,1.6548523296604856,110.53473832198532,9144.0,"(AXM5234),(AXM5232)"
3360.0,AXM1793,1.8116468601205216,107.5799352254927,9144.0
3360.0,AXM5110,4.450842109033179,110.54512056400104,9144.0
3360.0,AXM5111,3.560942456845216,106.67473542219008,9144.0
3360.0,AXM5115,3.53308041431944,106.37137720937898,9144.0
3360.0,AXM5117,3.522776969989226,106.17483996018936,9144.0
3360.0,AXM5202,1.5694661430220334,110.55611260386983,9144.0
3360.0,AXM5204,1.5985048935635167,110.41190396570335,9144.0
3360.0,AXM5205,2.711692327432968,101.73318400092127,9144.0
3360.0,AXM5207,2.5104365593633227,101.96122476127667,9144.0
3360.0,AXM5208,1.6399358669395547,110.54771844811026,9144.0
3360.0,AXM5232,1.557641537532684,110.44505045017392,9144.0
3360.0,AXM5233,2.6955188672952075,101.733215750327,9144.0
3360.0,AXM5234,1.5285114921631457,110.44538061637179,9144.0
3360.0,AXM1793,1.8116468601205216,107.5799352254927,9144.0,"(AXM5202),(AXM5208)"
3360.0,AXM5110,4.450842109033179,110.54512056400104,9144.0,"(AXM5204),(AXM5232)"
3360.0,AXM5111,3.560942456845216,106.67473542219008,9144.0,"(AXM5204),(AXM5234)"
3360.0,AXM5115,3.53308041431944,106.37137720937898,9144.0,"(AXM5205),(AXM5233)"
3360.0,AXM5117,3.522776969989226,106.17483996018936,9144.0,"(AXM5208),(AXM5202)"
3360.0,AXM5202,1.5694661430220334,110.55611260386983,9144.0,"(AXM5232),(AXM5204)"
3360.0,AXM5204,1.5985048935635167,110.41190396570335,9144.0,"(AXM5232),(AXM5234)"
3360.0,AXM5205,2.711692327432968,101.73318400092127,9144.0,"(AXM5233),(AXM5205)"
3360.0,AXM5207,2.5104365593633227,101.96122476127667,9144.0,"(AXM5234),(AXM5204)"
3360.0,AXM5208,1.6399358669395547,110.54771844811026,9144.0,"(AXM5234),(AXM5232)"
3370.0,AXM1793,1.7965430705506242,107.55252493537951,9144.0
3370.0,AXM5110,4.459521539088817,110.57440749674639,9144.0
3370.0,AXM5111,3.5544539785236844,106.64431251257356,9144.0
3370.0,AXM5115,3.531423619726481,106.3393755129325,9144.0
3370.0,AXM5117,3.521180386484152,106.1427191386058,9144.0
3370.0,AXM5202,1.5562280365730174,110.55272928293499,9144.0
3370.0,AXM5204,1.5919954670250398,110.42759856289132,9144.0
3370.0,AXM5205,2.720973033849409,101.73889385137858,9144.0
3370.0,AXM5207,2.491814403061804,101.95565890109758,9144.0
3370.0,AXM5208,1.6226613804972985,110.55733680785094,9144.0
3370.0,AXM5232,1.5453268866850471,110.44351431980736,9144.0
3370.0,AXM5233,2.706059075911658,101.73436250942035,9144.0
3370.0,AXM5234,1.5181012702092664,110.43875574138403,9144.0
3370.0,AXM1793,1.7965430705506242,107.55252493537951,9144.0,"(AXM5202),(AXM5208)"
3370.0,AXM5110,4.459521539088817,110.57440749674639,9144.0,"(AXM5204),(AXM5232)"
3370.0,AXM5111,3.5544539785236844,106.64431251257356,9144.0,"(AXM5204),(AXM5234)"
3370.0,AXM5115,3.531423619726481,106.3393755129325,9144.0,"(AXM5205),(AXM5233)"
3370.0,AXM5117,3.521180386484152,106.1427191386058,9144.0,"(AXM5208),(AXM5202)"
3370.0,AXM5202,1.5562280365730174,110.55272928293499,9144.0,"(AXM5232),(AXM5204)"
3370.0,AXM5204,1.5919954670250398,110.42759856289132,9144.0,"(AXM5232),(AXM5234)"
3370.0,AXM5205,2.720973033849409,101.73889385137858,9144.0,"(AXM5233),(AXM5205)"
3370.0,AXM5207,2.491814403061804,101.95565890109758,9144.0,"(AXM5234),(AXM5204)"
3370.0,AXM5208,1.6226613804972985,110.55733680785094,9144.0,"(AXM5234),(AXM5232)"
3380.0,AXM1793,1.7816087131380833,107.52542344658907,9144.0
3380.0,AXM5110,4.468185759922092,110.60369930576044,9144.0
3380.0,AXM5111,3.5479641711780574,106.61389010138284,9144.0
3380.0,AXM5115,3.5297583419427037,106.30737431586887,9144.0
3380.0,AXM5117,3.5195005557515326,106.11060263703372,9144.0
3380.0,AXM5202,1.5460041671772276,110.54594928041207,9144.0
3380.0,AXM5204,1.58191438432316,110.44127398580774,9144.0
3380.0,AXM5205,2.72749772147133,101.74762663845694,9144.0
3380.0,AXM5207,2.474775528554882,101.94630235638974,9144.0
3380.0,AXM5208,1.6040734579431666,110.56301301521425,9144.0
3380.0,AXM5232,1.5349357529817536,110.43815726753405,9144.0
3380.0,AXM5233,2.7153054697756307,101.73940540496343,9144.0
3380.0,AXM5234,1.5104307594988946,110.42908831743857,9144.0
3380.0,AXM1793,1.7816087131380833,107.52542344658907,9144.0,"(AXM5202),(AXM5208)"
3380.0,AXM5110,4.468185759922092,110.60369930576044,9144.0,"(AXM5204),(AXM5232)"
3380.0,AXM5111,3.5479641711780574,106.61389010138284,9144.0,"(AXM5204),(AXM5234)"
3380.0,AXM5115,3.5297583419427037,106.30737431586887,9144.0,"(AXM5205),(AXM5233)"
3380.0,AXM5117,3.5195005557515326,106.11060263703372,9144.0,"(AXM5208),(AXM5202)"
3380.0,AXM5202,1.5460041671772276,110.54594928041207,9144.0,"(AXM5232),(AXM5204)"
3380.0,AXM5204,1.58191438432316,110.44127398580774,9144.0,"(AXM5232),(AXM5234)"
3380.0,AXM5205,2.72749772147133,101.74762663845694,9144.0,"(AXM5233),(AXM5205)"
3380.0,AXM5207,2.474775528554882,101.94630235638974,9144.0,"(AXM5234),(AXM5204)"
3380.0,AXM5208,1.6040734579431666,110.56301301521425,9144.0,"(AXM5234),(AXM5232)"
3390.0,AXM1793,1.7666738737254637,107.49832244247997,9144.0
3390.0,AXM5110,4.476848036998788,110.63299203955953,9144.0
3390.0,AXM5111,3.545541145793475,106.58287552493513,9144.0
3390.0,AXM5115,3.5281241533906216,106.27537156631911,9144.0
3390.0,AXM5117,3.5178186966834466,106.07848629998689,9144.0
3390.0,AXM5202,1.5385795157852435,110.53618169056311,9144.0
3390.0,AXM5204,1.5690619451636603,110.45184742592197,9144.0
3390.0,AXM5205,2.730347410892248,101.75815237368633,9144.0
3390.0,AXM5207,2.4602605476586694,101.93367244621746,9144.0
3390.0,AXM5208,1.5847084296958136,110.56465700307614,9144.0
3390.0,AXM5232,1.526105658520717,110.43060482832836,9144.0
3390.0,AXM5233,2.7219377607603485,101.74759279845885,9144.0
3390.0,AXM5234,1.506670096773712,110.41786364173296,9144.0
3390.0,AXM1793,1.7666738737254637,107.49832244247997,9144.0,"(AXM5202),(AXM5208)"
3390.0,AXM5110,4.476848036998788,110.63299203955953,9144.0,"(AXM5204),(AXM5232)"
3390.0,AXM5111,3.545541145793475,106.58287552493513,9144.0,"(AXM5204),(AXM5234)"
3390.0,AXM5115,3.5281241533906216,106.27537156631911,9144.0,"(AXM5205),(AXM5233)"
3390.0,AXM5117,3.5178186966834466,106.07848629998689,9144.0,"(AXM5208),(AXM5202)"
3390.0,AXM5202,1.5385795157852435,110.53618169056311,9144.0,"(AXM5232),(AXM5204)"
3390.0,AXM5204,1.5690619451636603,110.45184742592197,9144.0,"(AXM5232),(AXM5234)"
3390.0,AXM5205,2.730347410892248,101.75815237368633,9144.0,"(AXM5233),(AXM5205)"
3390.0,AXM5207,2.4602605476586694,101.93367244621746,9144.0,"(AXM5234),(AXM5204)"
3390.0,AXM5208,1.5847084296958136,110.56465700307614,9144.0,"(AXM5234),(AXM5232)"
3400.0,AXM1793,1.7517384634849096,107.47122197022225,9144.0
3400.0,AXM5110,4.485505028145918,110.66228669242876,9144.0
3400.0,AXM5111,3.5431482398471523,106.55168193075369,9144.0
3400.0,AXM5115,3.5264908679914715,106.24342709196382,9144.0
3400.0,AXM5117,3.5162139644806736,106.04636605721383,9144.0
3400.0,AXM5202,1.534780867113875,110.52451419710818,9144.0
3400.0,AXM5204,1.5551862136178944,110.45800104949966,9144.0
3400.0,AXM5205,2.7291207333349212,101.76898851234974,9144.0
3400.0,AXM5207,2.4490133107016194,101.91847469962482,9144.0
3400.0,AXM5208,1.5654301904169354,110.56219550754936,9144.0
3400.0,AXM5232,1.5179052232824632,110.42321319479643,9144.0
3400.0,AXM5233,2.724957007509642,101.75769151996153,9144.0
3400.0,AXM5234,1.5070956987233954,110.40646695352444,9144.0
3400.0,AXM1793,1.7517384634849096,107.47122197022225,9144.0,"(AXM5202),(AXM5208)"
3400.0,AXM5110,4.485505028145918,110.66228669242876,9144.0,"(AXM5204),(AXM5232)"
3400.0,AXM5111,3.5431482398471523,106.55168193075369,9144.0,"(AXM5204),(AXM5234)"
3400.0,AXM5115,3.5264908679914715,106.24342709196382,9144.0,"(AXM5205),(AXM5233)"
3400.0,AXM5117,3.5162139644806736,106.04636605721383,9144.0,"(AXM5208),(AXM5202)"
3400.0,AXM5202,1.534780867113875,110.52451419710818,9144.0,"(AXM5232),(AXM5204)"
3400.0,AXM5204,1.5551862136178944,110.45800104949966,9144.0,"(AXM5232),(AXM5234)"
3400.0,AXM5205,2.7291207333349212,101.76898851234974,9144.0,"(AXM5233),(AXM5205)"
3400.0,AXM5207,2.4490133107016194,101.91847469962482,9144.0,"(AXM5234),(AXM5204)"
3400.0,AXM5208,1.5654301904169354,110.56219550754936,9144.0,"(AXM5234),(AXM5232)"
3410.0,AXM1793,1.738433327950232,107.44328440658144,9144.0
3410.0,AXM5110,4.494143858931323,110.69152524383185,9144.0
3410.0,AXM5111,3.5407537310900277,106.5204885407312,9144.0
3410.0,AXM5115,3.524857888853844,106.21148265798642,9144.0
3410.0,AXM5117,3.514610161294828,106.0143040066057,9144.0
3410.0,AXM5202,1.5351899275776777,110.51275502499703,9144.0
3410.0,AXM5204,1.5401703160612326,110.46021497787687,9144.0
3410.0,AXM5205,2.7239904620383,101.77860879197891,9144.0
3410.0,AXM5207,2.4413100314443974,101.90120476173031,9144.0
3410.0,AXM5208,1.547713811163288,110.5558189549617,9144.0
3410.0,AXM5232,1.5121172072237155,110.41398180038213,9144.0
3410.0,AXM5233,2.7239084575934234,101.76818049217331,9144.0
3410.0,AXM5234,1.5034676213189961,110.3958847720766,9144.0
3410.0,AXM1793,1.738433327950232,107.44328440658144,9144.0,"(AXM5202),(AXM5204)"
3410.0,AXM5110,4.494143858931323,110.69152524383185,9144.0,"(AXM5202),(AXM5208)"
3410.0,AXM5111,3.5407537310900277,106.5204885407312,9144.0,"(AXM5204),(AXM5202)"
3410.0,AXM5115,3.524857888853844,106.21148265798642,9144.0,"(AXM5204),(AXM5232)"
3410.0,AXM5117,3.514610161294828,106.0143040066057,9144.0,"(AXM5204),(AXM5234)"
3410.0,AXM5202,1.5351899275776777,110.51275502499703,9144.0,"(AXM5205),(AXM5233)"
3410.0,AXM5204,1.5401703160612326,110.46021497787687,9144.0,"(AXM5208),(AXM5202)"
3410.0,AXM5205,2.7239904620383,101.77860879197891,9144.0,"(AXM5232),(AXM5204)"
3410.0,AXM5207,2.4413100314443974,101.90120476173031,9144.0,"(AXM5232),(AXM5234)"
3410.0,AXM5208,1.547713811163288,110.5558189549617,9144.0,"(AXM5233),(AXM5205)"
3410.0,AXM5232,1.5121172072237155,110.41398180038213,9144.0,"(AXM5234),(AXM5204)"
3410.0,AXM5233,2.7239084575934234,101.76818049217331,9144.0,"(AXM5234),(AXM5232)"
3420.0,AXM1793,1.7250015815353097,107.41508229805311,9144.0
3420.0,AXM5110,4.502781218390116,110.72076457938208,9144.0
3420.0,AXM5111,3.5386238211316745,106.48927596570216,9144.0
3420.0,AXM5115,3.5232235341910076,106.17953835073725,9144.0
3420.0,AXM5117,3.5130063581089823,105.98224201110621,9144.0
3420.0,AXM5202,1.539601040601857,110.50184749654468,9144.0
3420.0,AXM5204,1.5269639695770696,110.45806884235118,9144.0
3420.0,AXM5205,2.7156791777517566,101.78565822750029,9144.0
3420.0,AXM5207,2.4375141626512153,101.88267742025425,9144.0
3420.0,AXM5208,1.532387169456674,110.54596743327902,9144.0
3420.0,AXM5232,1.508027864944104,110.40396034619535,9144.0
3420.0,AXM5233,2.7189500413373873,101.77747985927466,9144.0
3420.0,AXM5234,1.4997675257499639,110.38540448428476,9144.0
3420.0,AXM1793,1.7250015815353097,107.41508229805311,9144.0,"(AXM5202),(AXM5204)"
3420.0,AXM5110,4.502781218390116,110.72076457938208,9144.0,"(AXM5202),(AXM5208)"
3420.0,AXM5111,3.5386238211316745,106.48927596570216,9144.0,"(AXM5204),(AXM5202)"
3420.0,AXM5115,3.5232235341910076,106.17953835073725,9144.0,"(AXM5204),(AXM5232)"
3420.0,AXM5117,3.5130063581089823,105.98224201110621,9144.0,"(AXM5204),(AXM5234)"
3420.0,AXM5202,1.539601040601857,110.50184749654468,9144.0,"(AXM5205),(AXM5233)"
3420.0,AXM5204,1.5269639695770696,110.45806884235118,9144.0,"(AXM5208),(AXM5202)"
3420.0,AXM5205,2.7156791777517566,101.78565822750029,9144.0,"(AXM5232),(AXM5204)"
3420.0,AXM5207,2.4375141626512153,101.88267742025425,9144.0,"(AXM5232),(AXM5234)"
3420.0,AXM5208,1.532387169456674,110.54596743327902,9144.0,"(AXM5233),(AXM5205)"
3420.0,AXM5232,1.508027864944104,110.40396034619535,9144.0,"(AXM5234),(AXM5204)"
3420.0,AXM5233,2.7189500413373873,101.77747985927466,9144.0,"(AXM5234),(AXM5232)"
3430.0,AXM1793,1.7115694036341464,107.386880593555,9144.0
3430.0,AXM5110,4.511416689949826,110.75000482340032,9144.0
3430.0,AXM5111,3.536484464967866,106.45794655124443,9144.0
3430.0,AXM5115,3.521587501501747,106.14759418585699,9144.0
3430.0,AXM5202,1.5400101010656597,110.49008829787878,9144.0
3430.0,AXM5204,1.5165522063461134,110.45229134563525,9144.0
3430.0,AXM5205,2.705357495766526,101.78914396716877,9144.0
3430.0,AXM5207,2.437804799348932,101.86376677132078,9144.0
3430.0,AXM5208,1.519653660545548,110.53293415901774,9144.0
3430.0,AXM5232,1.5038835633434182,110.39380437789545,9144.0
3430.0,AXM5233,2.710828584698156,101.78418896871194,9144.0
3430.0,AXM5234,1.4960673567961011,110.37492424011815,9144.0
3430.0,AXM1793,1.7115694036341464,107.386880593555,9144.0,"(AXM5202),(AXM5204)"
3430.0,AXM5110,4.511416689949826,110.75000482340032,9144.0,"(AXM5202),(AXM5208)"
3430.0,AXM5111,3.536484464967866,106.45794655124443,9144.0,"(AXM5204),(AXM5202)"
3430.0,AXM5115,3.521587501501747,106.14759418585699,9144.0,"(AXM5204),(AXM5232)"
3430.0,AXM5202,1.5400101010656597,110.49008829787878,9144.0,"(AXM5204),(AXM5234)"
3430.0,AXM5204,1.5165522063461134,110.45229134563525,9144.0,"(AXM5205),(AXM5233)"
3430.0,AXM5205,2.705357495766526,101.78914396716877,9144.0,"(AXM5208),(AXM5202)"
3430.0,AXM5207,2.437804799348932,101.86376677132078,9144.0,"(AXM5232),(AXM5204)"
3430.0,AXM5208,1.519653660545548,110.53293415901774,9144.0,"(AXM5232),(AXM5234)"
3430.0,AXM5232,1.5038835633434182,110.39380437789545,9144.0,"(AXM5233),(AXM5205)"
3430.0,AXM5233,2.710828584698156,101.78418896871194,9144.0,"(AXM5234),(AXM5204)"
3430.0,AXM5234,1.4960673567961011,110.37492424011815,9144.0,"(AXM5234),(AXM5232)"
3440.0,AXM1793,1.6981367966758067,107.35867929038788,9144.0
3440.0,AXM5110,4.520073838388476,110.77923896582847,9144.0
3440.0,AXM5111,3.5343421289236487,106.42661741356464,9144.0
3440.0,AXM5115,3.5199654609447584,106.11564936037635,9144.0
3440.0,AXM5202,1.536840298944269,110.47868238906045,9144.0
3440.0,AXM5204,1.5093097618332658,110.44367199937705,9144.0
3440.0,AXM5207,2.442172096033173,101.84515771309582,9144.0
3440.0,AXM5208,1.510159424464551,110.51738049312439,9144.0
3440.0,AXM5232,1.4997392052953864,110.3836484519054,9144.0
3440.0,AXM5233,2.7007673239492824,101.78729734560838,9144.0
3440.0,AXM5234,1.4919601471635147,110.36459684787177,9144.0
3440.0,AXM1793,1.6981367966758067,107.35867929038788,9144.0,"(AXM5202),(AXM5204)"
3440.0,AXM5110,4.520073838388476,110.77923896582847,9144.0,"(AXM5202),(AXM5208)"
3440.0,AXM5111,3.5343421289236487,106.42661741356464,9144.0,"(AXM5204),(AXM5202)"
3440.0,AXM5115,3.5199654609447584,106.11564936037635,9144.0,"(AXM5204),(AXM5208)"
3440.0,AXM5202,1.536840298944269,110.47868238906045,9144.0,"(AXM5204),(AXM5232)"
3440.0,AXM5204,1.5093097618332658,110.44367199937705,9144.0,"(AXM5204),(AXM5234)"
3440.0,AXM5207,2.442172096033173,101.84515771309582,9144.0,"(AXM5208),(AXM5202)"
3440.0,AXM5208,1.510159424464551,110.51738049312439,9144.0,"(AXM5208),(AXM5204)"
3440.0,AXM5232,1.4997392052953864,110.3836484519054,9144.0,"(AXM5232),(AXM5204)"
3440.0,AXM5233,2.7007673239492824,101.78729734560838,9144.0,"(AXM5232),(AXM5234)"
3440.0,AXM5234,1.4919601471635147,110.36459684787177,9144.0,"(AXM5234),(AXM5204)"
3450.0,AXM1793,1.6847037629513484,107.33047838591807,9144.0
3450.0,AXM5110,4.528729577748841,110.80847387758034,9144.0
3450.0,AXM5111,3.5294634257664272,106.39559775331512,9144.0
3450.0,AXM5115,3.5183391937449637,106.08364654228605,9144.0
3450.0,AXM5202,1.5336703736141994,110.4672765314211,9144.0
3450.0,AXM5204,1.5056239264290754,110.43303304500137,9144.0
3450.0,AXM5207,2.450411211474132,101.82791236084948,9144.0
3450.0,AXM5208,1.5053428701759608,110.50167825198653,9144.0
3450.0,AXM5232,1.495594783448713,110.37349257117455,9144.0
3450.0,AXM5233,2.6902816644733742,101.78633687689768,9144.0
3450.0,AXM5234,1.4845758729953957,110.35688523678594,9144.0
3450.0,AXM1793,1.6847037629513484,107.33047838591807,9144.0,"(AXM5202),(AXM5204)"
3450.0,AXM5110,4.528729577748841,110.80847387758034,9144.0,"(AXM5202),(AXM5208)"
3450.0,AXM5111,3.5294634257664272,106.39559775331512,9144.0,"(AXM5204),(AXM5202)"
3450.0,AXM5115,3.5183391937449637,106.08364654228605,9144.0,"(AXM5204),(AXM5208)"
3450.0,AXM5202,1.5336703736141994,110.4672765314211,9144.0,"(AXM5204),(AXM5232)"
3450.0,AXM5204,1.5056239264290754,110.43303304500137,9144.0,"(AXM5204),(AXM5234)"
3450.0,AXM5207,2.450411211474132,101.82791236084948,9144.0,"(AXM5208),(AXM5202)"
3450.0,AXM5208,1.5053428701759608,110.50167825198653,9144.0,"(AXM5208),(AXM5204)"
3450.0,AXM5232,1.495594783448713,110.37349257117455,9144.0,"(AXM5232),(AXM5204)"
3450.0,AXM5233,2.6902816644733742,101.78633687689768,9144.0,"(AXM5232),(AXM5234)"
3450.0,AXM5234,1.4845758729953957,110.35688523678594,9144.0,"(AXM5234),(AXM5204)"
3460.0,AXM1793,1.6712703045763866,107.30227787759533,9144.0
3460.0,AXM5110,4.5373837151733625,110.83770961665074,9144.0
3460.0,AXM5111,3.5245464483080986,106.36434732105384,9144.0
3460.0,AXM5115,3.516711556746809,106.05164384997992,9144.0
3460.0,AXM5202,1.5287538479099374,110.45650809915276,9144.0
3460.0,AXM5204,1.505981284003782,110.42177896275308,9144.0
3460.0,AXM5207,2.4621415770041892,101.81282726745958,9144.0
3460.0,AXM5208,1.5049364857921645,110.48650034482334,9144.0
3460.0,AXM5232,1.4914502211429632,110.36333676695654,9144.0
3460.0,AXM5234,1.4748908264920237,110.3525701084158,9144.0
3460.0,AXM1793,1.6712703045763866,107.30227787759533,9144.0,"(AXM5202),(AXM5204)"
3460.0,AXM5110,4.5373837151733625,110.83770961665074,9144.0,"(AXM5202),(AXM5208)"
3460.0,AXM5111,3.5245464483080986,106.36434732105384,9144.0,"(AXM5204),(AXM5202)"
3460.0,AXM5115,3.516711556746809,106.05164384997992,9144.0,"(AXM5204),(AXM5208)"
3460.0,AXM5202,1.5287538479099374,110.45650809915276,9144.0,"(AXM5204),(AXM5232)"
3460.0,AXM5204,1.505981284003782,110.42177896275308,9144.0,"(AXM5204),(AXM5234)"
3460.0,AXM5207,2.4621415770041892,101.81282726745958,9144.0,"(AXM5208),(AXM5202)"
3460.0,AXM5208,1.5049364857921645,110.48650034482334,9144.0,"(AXM5208),(AXM5204)"
3460.0,AXM5232,1.4914502211429632,110.36333676695654,9144.0,"(AXM5232),(AXM5204)"
3460.0,AXM5234,1.4748908264920237,110.3525701084158,9144.0,"(AXM5232),(AXM5234)"
3470.0,AXM1793,1.6578364234387604,107.27407776297787,9144.0
3470.0,AXM5110,4.546034570075044,110.86694668395681,9144.0
3470.0,AXM5111,3.5205738604491477,106.332962481245,9144.0
3470.0,AXM5115,3.515082272969144,106.01964129770064,9144.0
3470.0,AXM5202,1.523747328982203,110.44554301173775,9144.0
3470.0,AXM5204,1.5103346581610761,110.4113954361107,9144.0
3470.0,AXM5207,2.476821361450758,101.80059923691694,9144.0
3470.0,AXM5208,1.5086370899043244,110.47338322001005,9144.0
3470.0,AXM5232,1.487939731389297,110.35294459855902,9144.0
3470.0,AXM5234,1.4642936933991657,110.352240011116,9144.0
3470.0,AXM1793,1.6578364234387604,107.27407776297787,9144.0,"(AXM5202),(AXM5204)"
3470.0,AXM5110,4.546034570075044,110.86694668395681,9144.0,"(AXM5202),(AXM5208)"
3470.0,AXM5111,3.5205738604491477,106.332962481245,9144.0,"(AXM5204),(AXM5202)"
3470.0,AXM5115,3.515082272969144,106.01964129770064,9144.0,"(AXM5204),(AXM5208)"
3470.0,AXM5202,1.523747328982203,110.44554301173775,9144.0,"(AXM5204),(AXM5232)"
3470.0,AXM5204,1.5103346581610761,110.4113954361107,9144.0,"(AXM5204),(AXM5234)"
3470.0,AXM5207,2.476821361450758,101.80059923691694,9144.0,"(AXM5208),(AXM5202)"
3470.0,AXM5208,1.5086370899043244,110.47338322001005,9144.0,"(AXM5208),(AXM5204)"
3470.0,AXM5232,1.487939731389297,110.35294459855902,9144.0,"(AXM5232),(AXM5204)"
3470.0,AXM5234,1.4642936933991657,110.352240011116,9144.0,"(AXM5232),(AXM5234)"
3480.0,AXM1793,1.6444021211230793,107.24587803976827,9144.0
3480.0,AXM5110,4.5546155790452225,110.89620480583007,9144.0
3480.0,AXM5111,3.516600126487556,106.30157792091623,9144.0
3480.0,AXM5115,3.511979886889769,105.9877483509126,9144.0
3480.0,AXM5202,1.519896685866047,110.43412032817972,9144.0
3480.0,AXM5204,1.5179852481112899,110.40353670224698,9144.0
3480.0,AXM5207,2.4937724985762917,101.79179314138459,9144.0
3480.0,AXM5208,1.5138665063922978,110.46079759604541,9144.0
3480.0,AXM5232,1.488478638122393,110.3419883921242,9144.0
3480.0,AXM5234,1.4543590186199824,110.35594395461908,9144.0
3480.0,AXM1793,1.6444021211230793,107.24587803976827,9144.0,"(AXM5202),(AXM5204)"
3480.0,AXM5110,4.5546155790452225,110.89620480583007,9144.0,"(AXM5202),(AXM5208)"
3480.0,AXM5111,3.516600126487556,106.30157792091623,9144.0,"(AXM5204),(AXM5202)"
3480.0,AXM5115,3.511979886889769,105.9877483509126,9144.0,"(AXM5204),(AXM5208)"
3480.0,AXM5202,1.519896685866047,110.43412032817972,9144.0,"(AXM5204),(AXM5232)"
3480.0,AXM5204,1.5179852481112899,110.40353670224698,9144.0,"(AXM5204),(AXM5234)"
3480.0,AXM5207,2.4937724985762917,101.79179314138459,9144.0,"(AXM5208),(AXM5202)"
3480.0,AXM5208,1.5138665063922978,110.46079759604541,9144.0,"(AXM5208),(AXM5204)"
3480.0,AXM5232,1.488478638122393,110.3419883921242,9144.0,"(AXM5232),(AXM5204)"
3480.0,AXM5234,1.4543590186199824,110.35594395461908,9144.0,"(AXM5232),(AXM5234)"
3490.0,AXM1793,1.6309673987977866,107.21767870586744,9144.0
3490.0,AXM5110,4.563177673977763,110.92540699909459,9144.0
3490.0,AXM5111,3.512625228013482,106.27019364233645,9144.0
3490.0,AXM5115,3.5088815713839665,105.95591357617474,9144.0
3490.0,AXM5202,1.5159109982079748,110.42444972859468,9144.0
3490.0,AXM5204,1.5223857477386373,110.39325182569216,9144.0
3490.0,AXM5207,2.512212007280852,101.78681582561222,9144.0
3490.0,AXM5208,1.5186571541258316,110.44926769201544,9144.0
3490.0,AXM5232,1.4929715067720146,110.33230157826884,9144.0
3490.0,AXM5234,1.4465629175718275,110.36313157278451,9144.0
3490.0,AXM1793,1.6309673987977866,107.21767870586744,9144.0,"(AXM5202),(AXM5204)"
3490.0,AXM5110,4.563177673977763,110.92540699909459,9144.0,"(AXM5202),(AXM5208)"
3490.0,AXM5111,3.512625228013482,106.27019364233645,9144.0,"(AXM5204),(AXM5202)"
3490.0,AXM5115,3.5088815713839665,105.95591357617474,9144.0,"(AXM5204),(AXM5208)"
3490.0,AXM5202,1.5159109982079748,110.42444972859468,9144.0,"(AXM5204),(AXM5232)"
3490.0,AXM5204,1.5223857477386373,110.39325182569216,9144.0,"(AXM5204),(AXM5234)"
3490.0,AXM5207,2.512212007280852,101.78681582561222,9144.0,"(AXM5208),(AXM5202)"
3490.0,AXM5208,1.5186571541258316,110.44926769201544,9144.0,"(AXM5208),(AXM5204)"
3490.0,AXM5232,1.4929715067720146,110.33230157826884,9144.0,"(AXM5232),(AXM5204)"
3490.0,AXM5234,1.4465629175718275,110.36313157278451,9144.0,"(AXM5232),(AXM5234)"
3500.0,AXM1793,1.6175322570381745,107.18947975945895,9144.0
3500.0,AXM5110,4.571787197564444,110.95459550592594,9144.0
3500.0,AXM5111,3.508649135875596,106.23880964914348,9144.0
3500.0,AXM5115,3.504394660835536,105.9242454400203,9144.0
3500.0,AXM5202,1.5120086219084772,110.41498149207851,9144.0
3500.0,AXM5204,1.522854475097275,110.38192922759286,9144.0
3500.0,AXM5207,2.531221497005543,101.78591506563619,9144.0
3500.0,AXM5208,1.519460899374501,110.43680740394272,9144.0
3500.0,AXM5232,1.5007740225166477,110.32501366259392,9144.0
3500.0,AXM5234,1.4420637517721357,110.37273490754241,9144.0
3500.0,AXM1793,1.6175322570381745,107.18947975945895,9144.0,"(AXM5202),(AXM5204)"
3500.0,AXM5110,4.571787197564444,110.95459550592594,9144.0,"(AXM5202),(AXM5208)"
3500.0,AXM5111,3.508649135875596,106.23880964914348,9144.0,"(AXM5204),(AXM5202)"
3500.0,AXM5115,3.504394660835536,105.9242454400203,9144.0,"(AXM5204),(AXM5208)"
3500.0,AXM5202,1.5120086219084772,110.41498149207851,9144.0,"(AXM5204),(AXM5232)"
3500.0,AXM5204,1.522854475097275,110.38192922759286,9144.0,"(AXM5204),(AXM5234)"
3500.0,AXM5207,2.531221497005543,101.78591506563619,9144.0,"(AXM5208),(AXM5202)"
3500.0,AXM5208,1.519460899374501,110.43680740394272,9144.0,"(AXM5208),(AXM5204)"
3500.0,AXM5232,1.5007740225166477,110.32501366259392,9144.0,"(AXM5232),(AXM5204)"
3500.0,AXM5234,1.4420637517721357,110.37273490754241,9144.0,"(AXM5232),(AXM5234)"
3510.0,AXM1793,1.6040966955324367,107.1612811991493,9144.0
3510.0,AXM5110,4.580411287028221,110.98384192988671,9144.0
3510.0,AXM5111,3.504671798026871,106.20742594789259,9144.0
3510.0,AXM5115,3.49991439976748,105.89263531986066,9144.0
3510.0,AXM5202,1.508330463351374,110.40542387374742,9144.0
3510.0,AXM5204,1.5192733150616609,110.37117809121666,9144.0
3510.0,AXM5207,2.550462943582361,101.78909403350738,9144.0
3510.0,AXM5208,1.5160951045381308,110.4266647453523,9144.0
3510.0,AXM5232,1.5107424278605306,110.32119298524509,9144.0
3510.0,AXM5234,1.4415300169844594,110.38332708643797,9144.0
3510.0,AXM1793,1.6040966955324367,107.1612811991493,9144.0,"(AXM5202),(AXM5204)"
3510.0,AXM5110,4.580411287028221,110.98384192988671,9144.0,"(AXM5202),(AXM5208)"
3510.0,AXM5111,3.504671798026871,106.20742594789259,9144.0,"(AXM5202),(AXM5234)"
3510.0,AXM5115,3.49991439976748,105.89263531986066,9144.0,"(AXM5204),(AXM5202)"
3510.0,AXM5202,1.508330463351374,110.40542387374742,9144.0,"(AXM5204),(AXM5208)"
3510.0,AXM5204,1.5192733150616609,110.37117809121666,9144.0,"(AXM5204),(AXM5232)"
3510.0,AXM5207,2.550462943582361,101.78909403350738,9144.0,"(AXM5204),(AXM5234)"
3510.0,AXM5208,1.5160951045381308,110.4266647453523,9144.0,"(AXM5208),(AXM5202)"
3510.0,AXM5232,1.5107424278605306,110.32119298524509,9144.0,"(AXM5208),(AXM5204)"
3510.0,AXM5234,1.4415300169844594,110.38332708643797,9144.0,"(AXM5232),(AXM5204)"
3520.0,AXM1793,1.5906607125550336,107.13308302421912,9144.0
3520.0,AXM5110,4.589051804173733,111.01308382718749,9144.0
3520.0,AXM5111,3.5006930979303834,106.17604255335544,9144.0
3520.0,AXM5115,3.4954298031756244,105.86102596802125,9144.0
3520.0,AXM5202,1.5045540775328348,110.39598328419288,9144.0
3520.0,AXM5204,1.512109072936854,110.36239984072705,9144.0
3520.0,AXM5207,2.5667968619468917,101.79592759182135,9144.0
3520.0,AXM5208,1.5126983224020727,110.41708089130996,9144.0
3520.0,AXM5232,1.5214154712399355,110.32139964715776,9144.0
3520.0,AXM5234,1.4450410166753316,110.39333431837552,9144.0
3520.0,AXM1793,1.5906607125550336,107.13308302421912,9144.0,"(AXM5202),(AXM5204)"
3520.0,AXM5110,4.589051804173733,111.01308382718749,9144.0,"(AXM5202),(AXM5208)"
3520.0,AXM5111,3.5006930979303834,106.17604255335544,9144.0,"(AXM5202),(AXM5234)"
3520.0,AXM5115,3.4954298031756244,105.86102596802125,9144.0,"(AXM5204),(AXM5202)"
3520.0,AXM5202,1.5045540775328348,110.39598328419288,9144.0,"(AXM5204),(AXM5208)"
3520.0,AXM5204,1.512109072936854,110.36239984072705,9144.0,"(AXM5204),(AXM5232)"
3520.0,AXM5207,2.5667968619468917,101.79592759182135,9144.0,"(AXM5204),(AXM5234)"
3520.0,AXM5208,1.5126983224020727,110.41708089130996,9144.0,"(AXM5208),(AXM5202)"
3520.0,AXM5232,1.5214154712399355,110.32139964715776,9144.0,"(AXM5208),(AXM5204)"
3520.0,AXM5234,1.4450410166753316,110.39333431837552,9144.0,"(AXM5232),(AXM5204)"
3530.0,AXM1793,1.5772243039203007,107.10488523512225,9144.0
3530.0,AXM5110,4.597690924757558,111.0423264940158,9144.0
3530.0,AXM5111,3.496712557546725,106.14465952635595,9144.0
3530.0,AXM5115,3.4908290259074843,105.82943353449622,9144.0
3530.0,AXM5202,1.5008047758948242,110.38661055470946,9144.0
3530.0,AXM5204,1.502295609873244,110.35673871369993,9144.0
3530.0,AXM5207,2.5820867152077023,101.8013606841191,9144.0
3530.0,AXM5208,1.5093014445651223,110.40749708619866,9144.0
3530.0,AXM5232,1.5312286094014664,110.32560339213525,9144.0
3530.0,AXM5234,1.4520750789340742,110.40126971552014,9144.0
3530.0,AXM1793,1.5772243039203007,107.10488523512225,9144.0,"(AXM5202),(AXM5204)"
3530.0,AXM5110,4.597690924757558,111.0423264940158,9144.0,"(AXM5202),(AXM5208)"
3530.0,AXM5111,3.496712557546725,106.14465952635595,9144.0,"(AXM5202),(AXM5232)"
3530.0,AXM5115,3.4908290259074843,105.82943353449622,9144.0,"(AXM5202),(AXM5234)"
3530.0,AXM5202,1.5008047758948242,110.38661055470946,9144.0,"(AXM5204),(AXM5202)"
3530.0,AXM5204,1.502295609873244,110.35673871369993,9144.0,"(AXM5204),(AXM5208)"
3530.0,AXM5207,2.5820867152077023,101.8013606841191,9144.0,"(AXM5204),(AXM5232)"
3530.0,AXM5208,1.5093014445651223,110.40749708619866,9144.0,"(AXM5204),(AXM5234)"
3530.0,AXM5232,1.5312286094014664,110.32560339213525,9144.0,"(AXM5208),(AXM5202)"
3530.0,AXM5234,1.4520750789340742,110.40126971552014,9144.0,"(AXM5208),(AXM5204)"
3540.0,AXM1793,1.563787460565082,107.0766878346388,9144.0
3540.0,AXM5110,4.606328518857973,111.07156996954352,9144.0
3540.0,AXM5111,3.492655685023509,106.1132864476446,9144.0
3540.0,AXM5115,3.486225245925492,105.79784169477499,9144.0
3540.0,AXM5202,1.4970554242243155,110.37723786130336,9144.0
3540.0,AXM5204,1.491112113780206,110.35493260942448,9144.0
3540.0,AXM5207,2.59681460288864,101.80228204517853,9144.0
3540.0,AXM5208,1.5054883825945236,110.39807125660661,9144.0
3540.0,AXM5232,1.5387433511332456,110.3331880260739,9144.0
3540.0,AXM1793,1.563787460565082,107.0766878346388,9144.0,"(AXM5202),(AXM5204)"
3540.0,AXM5110,4.606328518857973,111.07156996954352,9144.0,"(AXM5202),(AXM5208)"
3540.0,AXM5111,3.492655685023509,106.1132864476446,9144.0,"(AXM5202),(AXM5232)"
3540.0,AXM5115,3.486225245925492,105.79784169477499,9144.0,"(AXM5204),(AXM5202)"
3540.0,AXM5202,1.4970554242243155,110.37723786130336,9144.0,"(AXM5204),(AXM5208)"
3540.0,AXM5204,1.491112113780206,110.35493260942448,9144.0,"(AXM5204),(AXM5232)"
3540.0,AXM5207,2.59681460288864,101.80228204517853,9144.0,"(AXM5208),(AXM5202)"
3540.0,AXM5208,1.5054883825945236,110.39807125660661,9144.0,"(AXM5208),(AXM5204)"
3540.0,AXM5232,1.5387433511332456,110.3331880260739,9144.0,"(AXM5232),(AXM5202)"
3550.0,AXM1793,1.5503501614214137,107.04849083127458,9144.0
3550.0,AXM5110,4.614964053664288,111.10081441264593,9144.0
3550.0,AXM5111,3.488597404765781,106.08191368722615,9144.0
3550.0,AXM5115,3.4816788174334365,105.766241672391,9144.0
3550.0,AXM5202,1.4933060097590936,110.36786520904371,9144.0
3550.0,AXM5204,1.4798641078547585,110.35719459126214,9144.0
3550.0,AXM5207,2.6105678898857363,101.79907567958945,9144.0
3550.0,AXM5208,1.5017574975158385,110.38884871871731,9144.0
3550.0,AXM5232,1.5428581232419927,110.34304173466121,9144.0
3550.0,AXM1793,1.5503501614214137,107.04849083127458,9144.0,"(AXM5202),(AXM5204)"
3550.0,AXM5110,4.614964053664288,111.10081441264593,9144.0,"(AXM5202),(AXM5208)"
3550.0,AXM5111,3.488597404765781,106.08191368722615,9144.0,"(AXM5202),(AXM5232)"
3550.0,AXM5115,3.4816788174334365,105.766241672391,9144.0,"(AXM5204),(AXM5202)"
3550.0,AXM5202,1.4933060097590936,110.36786520904371,9144.0,"(AXM5204),(AXM5208)"
3550.0,AXM5204,1.4798641078547585,110.35719459126214,9144.0,"(AXM5204),(AXM5232)"
3550.0,AXM5207,2.6105678898857363,101.79907567958945,9144.0,"(AXM5208),(AXM5202)"
3550.0,AXM5208,1.5017574975158385,110.38884871871731,9144.0,"(AXM5208),(AXM5204)"
3550.0,AXM5232,1.5428581232419927,110.34304173466121,9144.0,"(AXM5208),(AXM5232)"
3560.0,AXM1793,1.5369123392147819,107.02029425557404,9144.0
3560.0,AXM5110,4.6236308874122045,111.1300498922869,9144.0
3560.0,AXM5111,3.4845368521589015,106.05054135739141,9144.0
3560.0,AXM5115,3.477139039707011,105.73469970799304,9144.0
3560.0,AXM5202,1.4896385607809142,110.35846017552386,9144.0
3560.0,AXM5204,1.4710323683290816,110.36306240098342,9144.0
3560.0,AXM5207,2.6228223735661755,101.7920512000292,9144.0
3560.0,AXM5208,1.4980265613879173,110.37962621721847,9144.0
3560.0,AXM5232,1.5429697482915112,110.35372006544439,9144.0
3560.0,AXM1793,1.5369123392147819,107.02029425557404,9144.0,"(AXM5202),(AXM5204)"
3560.0,AXM5110,4.6236308874122045,111.1300498922869,9144.0,"(AXM5202),(AXM5208)"
3560.0,AXM5111,3.4845368521589015,106.05054135739141,9144.0,"(AXM5202),(AXM5232)"
3560.0,AXM5115,3.477139039707011,105.73469970799304,9144.0,"(AXM5204),(AXM5202)"
3560.0,AXM5202,1.4896385607809142,110.35846017552386,9144.0,"(AXM5204),(AXM5208)"
3560.0,AXM5204,1.4710323683290816,110.36306240098342,9144.0,"(AXM5204),(AXM5232)"
3560.0,AXM5207,2.6228223735661755,101.7920512000292,9144.0,"(AXM5208),(AXM5202)"
3560.0,AXM5208,1.4980265613879173,110.37962621721847,9144.0,"(AXM5208),(AXM5204)"
3560.0,AXM5232,1.5429697482915112,110.35372006544439,9144.0,"(AXM5208),(AXM5232)"
3570.0,AXM1793,1.5239486459476024,106.9918765876287,9144.0
3570.0,AXM5110,4.632312971522546,111.15934305661314,9144.0
3570.0,AXM5111,3.4807635786963833,106.01913317356828,9144.0
3570.0,AXM5115,3.472625648539968,105.70315409400412,9144.0
3570.0,AXM5202,1.4823062259408826,110.3506991378262,9144.0
3570.0,AXM5204,1.4650754377370556,110.37183585061787,9144.0
3570.0,AXM5207,2.632546034712442,101.78180012905747,9144.0
3570.0,AXM5208,1.4942955427460105,110.37040376480945,9144.0
3570.0,AXM5232,1.5390618633558835,110.36365768134706,9144.0
3570.0,AXM1793,1.5239486459476024,106.9918765876287,9144.0,"(AXM5202),(AXM5204)"
3570.0,AXM5110,4.632312971522546,111.15934305661314,9144.0,"(AXM5202),(AXM5208)"
3570.0,AXM5111,3.4807635786963833,106.01913317356828,9144.0,"(AXM5202),(AXM5232)"
3570.0,AXM5115,3.472625648539968,105.70315409400412,9144.0,"(AXM5204),(AXM5202)"
3570.0,AXM5202,1.4823062259408826,110.3506991378262,9144.0,"(AXM5204),(AXM5208)"
3570.0,AXM5204,1.4650754377370556,110.37183585061787,9144.0,"(AXM5204),(AXM5232)"
3570.0,AXM5207,2.632546034712442,101.78180012905747,9144.0,"(AXM5208),(AXM5202)"
3570.0,AXM5208,1.4942955427460105,110.37040376480945,9144.0,"(AXM5208),(AXM5204)"
3570.0,AXM5232,1.5390618633558835,110.36365768134706,9144.0,"(AXM5208),(AXM5232)"
3580.0,AXM1793,1.5106456348752948,106.96271659915713,9144.0
3580.0,AXM5110,4.640992344926751,111.1886373893888,9144.0
3580.0,AXM5111,3.477016756957968,105.98795769281202,9144.0
3580.0,AXM5115,3.468102685968499,105.67155114661858,9144.0
3580.0,AXM5202,1.4731461557579133,110.34682365976215,9144.0
3580.0,AXM5207,2.639611369312864,101.77013806773073,9144.0
3580.0,AXM5208,1.4906143030907457,110.36116133178356,9144.0
3580.0,AXM1793,1.5106456348752948,106.96271659915713,9144.0,"(AXM5202),(AXM5208)"
3580.0,AXM5110,4.640992344926751,111.1886373893888,9144.0,"(AXM5208),(AXM5202)"
3590.0,AXM1793,1.4973418255867428,106.93355715287387,9144.0
3590.0,AXM5110,4.649599134156384,111.21795362862383,9144.0
3590.0,AXM5111,3.473266257591388,105.95678277982772,9144.0
3590.0,AXM5115,3.4635781144600686,105.63994858153436,9144.0
3590.0,AXM5202,1.463201377933657,110.34695668204786,9144.0
3590.0,AXM5207,2.6495064053367363,101.76161355926236,9144.0
3590.0,AXM5208,1.4871363990205069,110.35191857252012,9144.0
3590.0,AXM1793,1.4973418255867428,106.93355715287387,9144.0,"(AXM5202),(AXM5208)"
3590.0,AXM5110,4.649599134156384,111.21795362862383,9144.0,"(AXM5208),(AXM5202)"
3600.0,AXM1793,1.486211145518612,106.90350054377116,9144.0
3600.0,AXM5110,4.658203914076431,111.24727082000378,9144.0
3600.0,AXM5111,3.469656243874745,105.92559134481667,9144.0
3600.0,AXM5115,3.458980860001368,105.60835669962337,9144.0
3600.0,AXM5202,1.4541481738010436,110.3510757487725,9144.0
3600.0,AXM5207,2.6589392497175433,101.75387704418291,9144.0
3600.0,AXM5208,1.4876156099337334,110.34183472661132,9144.0
3600.0,AXM1793,1.486211145518612,106.90350054377116,9144.0,"(AXM5202),(AXM5208)"
3600.0,AXM5110,4.658203914076431,111.24727082000378,9144.0,"(AXM5208),(AXM5202)"
3610.0,AXM1793,1.4750796615744879,106.8734443835106,9144.0
3610.0,AXM5110,4.66685056459165,111.27657596847203,9144.0
3610.0,AXM5111,3.4660363262507476,105.89434220906571,9144.0
3610.0,AXM5115,3.4543739117505603,105.57670754793956,9144.0
3610.0,AXM5202,1.44751254196546,110.35848653316131,9144.0
3610.0,AXM5207,2.669315742003509,101.74746447809983,9144.0
3610.0,AXM5208,1.4919035571797095,110.3347336944012,9144.0
3610.0,AXM1793,1.4750796615744879,106.8734443835106,9144.0,"(AXM5202),(AXM5208)"
3610.0,AXM5110,4.66685056459165,111.27657596847203,9144.0,"(AXM5208),(AXM5202)"
3620.0,AXM1793,1.4678855348359618,106.84221028680307,9144.0
3620.0,AXM5110,4.675495797650496,111.30588189922331,9144.0
3620.0,AXM5111,3.4621987510695296,105.86311927765665,9144.0
3620.0,AXM5115,3.449765392134902,105.54505877942242,9144.0
3620.0,AXM5202,1.4444129775783063,110.36793988033372,9144.0
3620.0,AXM5207,2.67895519546179,101.74150722586742,9144.0
3620.0,AXM5208,1.4987087757617894,110.33105113728283,9144.0
3620.0,AXM1793,1.4678855348359618,106.84221028680307,9144.0,"(AXM5202),(AXM5208)"
3620.0,AXM5110,4.675495797650496,111.30588189922331,9144.0,"(AXM5208),(AXM5202)"
3630.0,AXM1793,1.4611474148388173,106.81069677848245,9144.0
3630.0,AXM5110,4.684139494125941,111.33518864817601,9144.0
3630.0,AXM5111,3.4583725131698597,105.83201315447492,9144.0
3630.0,AXM5115,3.4451609369048337,105.51340957041056,9144.0
3630.0,AXM5202,1.4453719399658964,110.37784235829292,9144.0
3630.0,AXM5207,2.687933740829206,101.73459193249762,9144.0
3630.0,AXM5208,1.506440971559456,110.3313270920789,9144.0
3630.0,AXM1793,1.4611474148388173,106.81069677848245,9144.0,"(AXM5202),(AXM5208)"
3630.0,AXM5110,4.684139494125941,111.33518864817601,9144.0,"(AXM5208),(AXM5202)"
3640.0,AXM1793,1.4544021449357825,106.77918489518481,9144.0
3640.0,AXM5110,4.692781222348521,111.36449634399064,9144.0
3640.0,AXM5111,3.4545851529146345,105.80090238060936,9144.0
3640.0,AXM5115,3.440529814348109,105.48158813125991,9144.0
3640.0,AXM5202,1.4502277874326883,110.38652483033393,9144.0
3640.0,AXM5207,2.698283100981799,101.73168949388756,9144.0
3640.0,AXM5208,1.5129665490577466,110.3354854382901,9144.0
3640.0,AXM1793,1.4544021449357825,106.77918489518481,9144.0,"(AXM5202),(AXM5208)"
3640.0,AXM5110,4.692781222348521,111.36449634399064,9144.0,"(AXM5208),(AXM5202)"
3650.0,AXM1793,1.4476805508247357,106.74778658612756,9144.0
3650.0,AXM5110,4.701404827712052,111.39380977592683,9144.0
3650.0,AXM5111,3.45080310378877,105.76985017334817,9144.0
3650.0,AXM5115,3.4358790463993154,105.44976972291673,9144.0
3650.0,AXM5207,2.7088911255736687,101.73288512818131,9144.0
3650.0,AXM5208,1.51648486284529,110.34237874652959,9144.0
3650.0,AXM1793,1.4476805508247357,106.74778658612756,9144.0
3650.0,AXM5110,4.701404827712052,111.39380977592683,9144.0
3650.0,AXM5111,3.45080310378877,105.76985017334817,9144.0
3650.0,AXM5115,3.4358790463993154,105.44976972291673,9144.0
3650.0,AXM5207,2.7088911255736687,101.73288512818131,9144.0
3650.0,AXM5208,1.51648486284529,110.34237874652959,9144.0
3660.0,AXM1793,1.4409580172560863,106.71638857121292,9144.0
3660.0,AXM5110,4.710060345972093,111.42323768395899,9144.0
3660.0,AXM5111,3.4471091458504475,105.73878744580553,9144.0
3660.0,AXM5115,3.4312803083264054,105.41794387902614,9144.0
3660.0,AXM5207,2.718195477063036,101.73797388098502,9144.0
3660.0,AXM5208,1.5160250815161356,110.35010489263666,9144.0
3660.0,AXM1793,1.4409580172560863,106.71638857121292,9144.0
3660.0,AXM5110,4.710060345972093,111.42323768395899,9144.0
3660.0,AXM5111,3.4471091458504475,105.73878744580553,9144.0
3660.0,AXM5115,3.4312803083264054,105.41794387902614,9144.0
3660.0,AXM5207,2.718195477063036,101.73797388098502,9144.0
3660.0,AXM5208,1.5160250815161356,110.35010489263666,9144.0
3670.0,AXM1793,1.4367683808454845,106.68455323689565,9144.0
3670.0,AXM5110,4.718714001287749,111.45266651013547,9144.0
3670.0,AXM5111,3.443420376522152,105.70778333091411,9144.0
3670.0,AXM5115,3.42665893885021,105.38606280232551,9144.0
3670.0,AXM5207,2.724886010832185,101.7462078417543,9144.0
3670.0,AXM5208,1.5117140755489182,110.35653193911129,9144.0
3670.0,AXM1793,1.4367683808454845,106.68455323689565,9144.0
3670.0,AXM5110,4.718714001287749,111.45266651013547,9144.0
3670.0,AXM5111,3.443420376522152,105.70778333091411,9144.0
3670.0,AXM5115,3.42665893885021,105.38606280232551,9144.0
3670.0,AXM5207,2.724886010832185,101.7462078417543,9144.0
3670.0,AXM5208,1.5117140755489182,110.35653193911129,9144.0
3680.0,AXM1793,1.4325627068642397,106.65260314958498,9144.0
3680.0,AXM5110,4.7237617060086725,111.48292889923262,9144.0
3680.0,AXM5111,3.439639349593746,105.67679049504163,9144.0
3680.0,AXM5115,3.422054010387097,105.35417949152627,9144.0
3680.0,AXM5207,2.72796863293577,101.7563635886027,9144.0
3680.0,AXM1793,1.4325627068642397,106.65260314958498,9144.0
3680.0,AXM5110,4.7237617060086725,111.48292889923262,9144.0
3680.0,AXM5111,3.439639349593746,105.67679049504163,9144.0
3680.0,AXM5115,3.422054010387097,105.35417949152627,9144.0
3680.0,AXM5207,2.72796863293577,101.7563635886027,9144.0
3690.0,AXM1793,1.4295195086542638,106.62052142182279,9144.0
3690.0,AXM5110,4.728837258613121,111.51336676302518,9144.0
3690.0,AXM5111,3.43584992576185,105.64573967775446,9144.0
3690.0,AXM5115,3.4174390904569973,105.32223915077043,9144.0
3690.0,AXM5207,2.7269853207294554,101.76693212901071,9144.0
3690.0,AXM1793,1.4295195086542638,106.62052142182279,9144.0
3690.0,AXM5110,4.728837258613121,111.51336676302518,9144.0
3690.0,AXM5111,3.43584992576185,105.64573967775446,9144.0
3690.0,AXM5115,3.4174390904569973,105.32223915077043,9144.0
3690.0,AXM5207,2.7269853207294554,101.76693212901071,9144.0
3700.0,AXM1793,1.4228312112029098,106.58893863458006,9144.0
3700.0,AXM5110,4.733911454500872,111.54380507767773,9144.0
3700.0,AXM5111,3.4320588344374108,105.6146891880293,9144.0
3700.0,AXM5115,3.412857851050347,105.29029409693,9144.0
3700.0,AXM5207,2.722082176862807,101.77634313641589,9144.0
3700.0,AXM1793,1.4228312112029098,106.58893863458006,9144.0
3700.0,AXM5110,4.733911454500872,111.54380507767773,9144.0
3700.0,AXM5111,3.4320588344374108,105.6146891880293,9144.0
3700.0,AXM5115,3.412857851050347,105.29029409693,9144.0
3700.0,AXM5207,2.722082176862807,101.77634313641589,9144.0
3710.0,AXM1793,1.416106408898528,106.5571863444902,9144.0
3710.0,AXM5110,4.738984290830249,111.57424384379001,9144.0
3710.0,AXM5111,3.4282544466729665,105.58364045403545,9144.0
3710.0,AXM5115,3.4082749022545933,105.25834944143031,9144.0
3710.0,AXM5207,2.713987721032335,101.78319830009124,9144.0
3710.0,AXM1793,1.416106408898528,106.5571863444902,9144.0
3710.0,AXM5110,4.738984290830249,111.57424384379001,9144.0
3710.0,AXM5111,3.4282544466729665,105.58364045403545,9144.0
3710.0,AXM5115,3.4082749022545933,105.25834944143031,9144.0
3710.0,AXM5207,2.713987721032335,101.78319830009124,9144.0
3720.0,AXM1793,1.4054230849790397,106.52653921177522,9144.0
3720.0,AXM5110,4.744055764623156,111.60468306198393,9144.0
3720.0,AXM5111,3.4244203448327735,105.55235935650774,9144.0
3720.0,AXM5115,3.403602423250592,105.22641795950247,9144.0
3720.0,AXM5207,2.70390464495287,101.7864791008251,9144.0
3720.0,AXM1793,1.4054230849790397,106.52653921177522,9144.0
3720.0,AXM5110,4.744055764623156,111.60468306198393,9144.0
3720.0,AXM5111,3.4244203448327735,105.55235935650774,9144.0
3720.0,AXM5115,3.403602423250592,105.22641795950247,9144.0
3720.0,AXM5207,2.70390464495287,101.7864791008251,9144.0
3730.0,AXM1793,1.3908950790236956,106.4973241952587,9144.0
3730.0,AXM5110,4.749125872743857,111.6351227329071,9144.0
3730.0,AXM5111,3.4205848932943512,105.52107855026429,9144.0
3730.0,AXM5115,3.398911688807745,105.1943721375709,9144.0
3730.0,AXM5207,2.6933311138272056,101.78569813403827,9144.0
3730.0,AXM1793,1.3908950790236956,106.4973241952587,9144.0
3730.0,AXM5110,4.749125872743857,111.6351227329071,9144.0
3730.0,AXM5111,3.4205848932943512,105.52107855026429,9144.0
3730.0,AXM5115,3.398911688807745,105.1943721375709,9144.0
3730.0,AXM5207,2.6933311138272056,101.78569813403827,9144.0
3740.0,AXM1793,1.3755053831842898,106.46855422003718,9144.0
3740.0,AXM5110,4.7541946118731255,111.66556285723718,9144.0
3740.0,AXM5111,3.416747454654846,105.48979811375449,9144.0
3740.0,AXM5115,3.3942178796392124,105.16232692325302,9144.0
3740.0,AXM1793,1.3755053831842898,106.46855422003718,9144.0
3740.0,AXM5110,4.7541946118731255,111.66556285723718,9144.0
3740.0,AXM5111,3.416747454654846,105.48979811375449,9144.0
3740.0,AXM5115,3.3942178796392124,105.16232692325302,9144.0
3750.0,AXM1793,1.3598752325049837,106.4399144292409,9144.0
3750.0,AXM5110,4.759261978476426,111.69600343568706,9144.0
3750.0,AXM5111,3.4126912371916593,105.45854552449069,9144.0
3750.0,AXM5115,3.389584637042262,105.13027301855271,9144.0
3750.0,AXM1793,1.3598752325049837,106.4399144292409,9144.0
3750.0,AXM5110,4.759261978476426,111.69600343568706,9144.0
3750.0,AXM5111,3.4126912371916593,105.45854552449069,9144.0
3750.0,AXM5115,3.389584637042262,105.13027301855271,9144.0
3760.0,AXM1793,1.344327343996415,106.41142715190902,9144.0
3760.0,AXM5110,4.764327968764299,111.7264444690116,9144.0
3760.0,AXM5111,3.408588277300577,105.42694582514306,9144.0
3760.0,AXM5115,3.3849568929886558,105.09827702249102,9144.0
3760.0,AXM1793,1.344327343996415,106.41142715190902,9144.0
3760.0,AXM5110,4.764327968764299,111.7264444690116,9144.0
3760.0,AXM5111,3.408588277300577,105.42694582514306,9144.0
3760.0,AXM5115,3.3849568929886558,105.09827702249102,9144.0
3770.0,AXM1793,1.3325041528603971,106.38120263712318,9144.0
3770.0,AXM5110,4.769392578642414,111.75688595801579,9144.0
3770.0,AXM5111,3.404374435112358,105.39536091091738,9144.0
3770.0,AXM5115,3.380266019706648,105.06629040768797,9144.0
3770.0,AXM1793,1.3325041528603971,106.38120263712318,9144.0
3770.0,AXM5110,4.769392578642414,111.75688595801579,9144.0
3770.0,AXM5111,3.404374435112358,105.39536091091738,9144.0
3770.0,AXM5115,3.380266019706648,105.06629040768797,9144.0
3780.0,AXM1793,1.3230166975122077,106.35022572292334,9144.0
3780.0,AXM5110,4.774455803647671,111.78732790356547,9144.0
3780.0,AXM5111,3.400159359741714,105.36377629996005,9144.0
3780.0,AXM5115,3.3755808643908987,105.03436171469116,9144.0
3780.0,AXM1793,1.3230166975122077,106.35022572292334,9144.0
3780.0,AXM5110,4.774455803647671,111.78732790356547,9144.0
3780.0,AXM5111,3.400159359741714,105.36377629996005,9144.0
3780.0,AXM5115,3.3755808643908987,105.03436171469116,9144.0
3790.0,AXM1793,1.3121050412254809,106.31972173741639,9144.0
3790.0,AXM5110,4.779517638865128,111.8177703066011,9144.0
3790.0,AXM5111,3.395942922040032,105.33219200949276,9144.0
3790.0,AXM5115,3.370942594870409,105.00242630549336,9144.0
3790.0,AXM1793,1.3121050412254809,106.31972173741639,9144.0
3790.0,AXM5110,4.779517638865128,111.8177703066011,9144.0
3790.0,AXM5111,3.395942922040032,105.33219200949276,9144.0
3790.0,AXM5115,3.370942594870409,105.00242630549336,9144.0
3800.0,AXM1793,1.30119285018196,106.28921807581584,9144.0
3800.0,AXM5110,4.784578078817978,111.84821316815612,9144.0
3800.0,AXM5111,3.3917245021773668,105.30060812253699,9144.0
3800.0,AXM5115,3.366309976887973,104.97054886000153,9144.0
3800.0,AXM1793,1.30119285018196,106.28921807581584,9144.0
3800.0,AXM5110,4.784578078817978,111.84821316815612,9144.0
3800.0,AXM5111,3.3917245021773668,105.30060812253699,9144.0
3800.0,AXM5115,3.366309976887973,104.97054886000153,9144.0
3810.0,AXM1793,1.2941263162926553,106.25760093697158,9144.0
3810.0,AXM5110,4.789637117318667,111.87865648938164,9144.0
3810.0,AXM5111,3.3875474115474087,105.26901886018202,9144.0
3810.0,AXM5115,3.3616444612883045,104.938676381878,9144.0
3810.0,AXM1793,1.2941263162926553,106.25760093697158,9144.0
3810.0,AXM5110,4.789637117318667,111.87865648938164,9144.0
3810.0,AXM5111,3.3875474115474087,105.26901886018202,9144.0
3810.0,AXM5115,3.3616444612883045,104.938676381878,9144.0
3820.0,AXM1793,1.2870592918338142,106.2259839956878,9144.0
3820.0,AXM5110,4.79469474726236,111.9091002715809,9144.0
3820.0,AXM5111,3.383360567937603,105.23737226147166,9144.0
3820.0,AXM5115,3.356976686419288,104.9068043881044,9144.0
3820.0,AXM1793,1.2870592918338142,106.2259839956878,9144.0
3820.0,AXM5110,4.79469474726236,111.9091002715809,9144.0
3820.0,AXM5111,3.383360567937603,105.23737226147166,9144.0
3820.0,AXM5115,3.356976686419288,104.9068043881044,9144.0
3830.0,AXM1793,1.2799916815581276,106.19436727279968,9144.0
3830.0,AXM5110,4.799750960331837,111.93954451625834,9144.0
3830.0,AXM5111,3.379195062001366,105.20572297321414,9144.0
3830.0,AXM5115,3.352428613535708,104.87491518186646,9144.0
3830.0,AXM1793,1.2799916815581276,106.19436727279968,9144.0
3830.0,AXM5110,4.799750960331837,111.93954451625834,9144.0
3830.0,AXM5111,3.379195062001366,105.20572297321414,9144.0
3830.0,AXM5115,3.352428613535708,104.87491518186646,9144.0
3840.0,AXM1793,1.275398738340848,106.1622972886662,9144.0
3840.0,AXM5110,4.804805746560647,111.96998922519236,9144.0
3840.0,AXM5111,3.375043101601661,105.17418959460527,9144.0
3840.0,AXM5115,3.3478701086209792,104.84296900472609,9144.0
3840.0,AXM1793,1.275398738340848,106.1622972886662,9144.0
3840.0,AXM5110,4.804805746560647,111.96998922519236,9144.0
3840.0,AXM5111,3.375043101601661,105.17418959460527,9144.0
3840.0,AXM5115,3.3478701086209792,104.84296900472609,9144.0
3850.0,AXM1793,1.2708053065957559,106.13022743167419,9144.0
3850.0,AXM5110,4.8098590936578125,112.0004344005478,9144.0
3850.0,AXM5111,3.370835646367054,105.14266373465401,9144.0
3850.0,AXM5115,3.3431731551805024,104.81104311123177,9144.0
3850.0,AXM1793,1.2708053065957559,106.13022743167419,9144.0
3850.0,AXM5110,4.8098590936578125,112.0004344005478,9144.0
3850.0,AXM5111,3.370835646367054,105.14266373465401,9144.0
3850.0,AXM5115,3.3431731551805024,104.81104311123177,9144.0
3860.0,AXM1793,1.266211315916037,106.09815771172224,9144.0
3860.0,AXM5110,4.8149109859056605,112.03088004505943,9144.0
3860.0,AXM5111,3.3666113219198115,105.11102268013643,9144.0
3860.0,AXM5115,3.3384741166384524,104.77911767845899,9144.0
3860.0,AXM1793,1.266211315916037,106.09815771172224,9144.0
3860.0,AXM5110,4.8149109859056605,112.03088004505943,9144.0
3860.0,AXM5111,3.3666113219198115,105.11102268013643,9144.0
3860.0,AXM5115,3.3384741166384524,104.77911767845899,9144.0
3870.0,AXM1793,1.261616042962666,106.06608823231946,9144.0
3870.0,AXM5110,4.8199614022302,112.06132616235345,9144.0
3870.0,AXM5111,3.3623829788788577,105.07938230152303,9144.0
3870.0,AXM5115,3.3338165954462307,104.74718629301914,9144.0
3870.0,AXM1793,1.261616042962666,106.06608823231946,9144.0
3870.0,AXM5110,4.8199614022302,112.06132616235345,9144.0
3870.0,AXM5111,3.3623829788788577,105.07938230152303,9144.0
3870.0,AXM5115,3.3338165954462307,104.74718629301914,9144.0
3880.0,AXM1793,1.2570744135740717,106.03401116423379,9144.0
3880.0,AXM5110,4.82501031248808,112.0917727575661,9144.0
3880.0,AXM5111,3.3582411456227224,105.04773057714894,9144.0
3880.0,AXM5115,3.3291656092008703,104.71531274030936,9144.0
3880.0,AXM1793,1.2570744135740717,106.03401116423379,9144.0
3880.0,AXM5110,4.82501031248808,112.0917727575661,9144.0
3880.0,AXM5111,3.3582411456227224,105.04773057714894,9144.0
3880.0,AXM5115,3.3291656092008703,104.71531274030936,9144.0
3890.0,AXM1793,1.2525317933016809,106.00193429223107,9144.0
3890.0,AXM5110,4.830057669290649,112.12221983870603,9144.0
3890.0,AXM5111,3.354105347269148,105.01613694923948,9144.0
3890.0,AXM5115,3.324528930812723,104.68343724597247,9144.0
3890.0,AXM1793,1.2525317933016809,106.00193429223107,9144.0
3890.0,AXM5110,4.830057669290649,112.12221983870603,9144.0
3890.0,AXM5111,3.354105347269148,105.01613694923948,9144.0
3890.0,AXM5115,3.324528930812723,104.68343724597247,9144.0
3900.0,AXM1793,1.2478248177554065,105.96988119429993,9144.0
3900.0,AXM5110,4.835103385779514,112.15266742035811,9144.0
3900.0,AXM5111,3.3499211200512096,104.98454985574021,9144.0
3900.0,AXM5115,3.319899238049328,104.65161955493103,9144.0
3900.0,AXM1793,1.2478248177554065,105.96988119429993,9144.0
3900.0,AXM5110,4.835103385779514,112.15266742035811,9144.0
3900.0,AXM5111,3.3499211200512096,104.98454985574021,9144.0
3900.0,AXM5115,3.319899238049328,104.65161955493103,9144.0
3910.0,AXM1793,1.2431420848746417,105.93800003733789,9144.0
3910.0,AXM5110,4.840147246456505,112.18311553854592,9144.0
3910.0,AXM5111,3.3457353809652552,104.95296309822231,9144.0
3910.0,AXM5115,3.3152674184745186,104.61980232356935,9144.0
3910.0,AXM1793,1.2431420848746417,105.93800003733789,9144.0
3910.0,AXM5110,4.840147246456505,112.18311553854592,9144.0
3910.0,AXM5111,3.3457353809652552,104.95296309822231,9144.0
3910.0,AXM5115,3.3152674184745186,104.61980232356935,9144.0
3920.0,AXM1793,1.238689068740907,105.90608602219278,9144.0
3920.0,AXM5110,4.84518773026854,112.21356444688647,9144.0
3920.0,AXM5111,3.3414887530953887,104.92138463367768,9144.0
3920.0,AXM5115,3.3106013871561477,104.58799025813846,9144.0
3920.0,AXM1793,1.238689068740907,105.90608602219278,9144.0
3920.0,AXM5110,4.84518773026854,112.21356444688647,9144.0
3920.0,AXM5111,3.3414887530953887,104.92138463367768,9144.0
3920.0,AXM5115,3.3106013871561477,104.58799025813846,9144.0
3930.0,AXM1793,1.2342752327165503,105.87445947693027,9144.0
3930.0,AXM5110,4.8475056188516,112.24434301635277,9144.0
3930.0,AXM5111,3.3373727103765423,104.88978895648822,9144.0
3930.0,AXM5115,3.3059250767282817,104.5561211728853,9144.0
3930.0,AXM1793,1.2342752327165503,105.87445947693027,9144.0
3930.0,AXM5110,4.8475056188516,112.24434301635277,9144.0
3930.0,AXM5111,3.3373727103765423,104.88978895648822,9144.0
3930.0,AXM5115,3.3059250767282817,104.5561211728853,9144.0
3940.0,AXM1793,1.2298431879664826,105.84283553203502,9144.0
3940.0,AXM5110,4.84976861579189,112.27441163576148,9144.0
3940.0,AXM5111,3.333255665093993,104.85825233243588,9144.0
3940.0,AXM5115,3.3012981177165828,104.52424500963775,9144.0
3940.0,AXM1793,1.2298431879664826,105.84283553203502,9144.0
3940.0,AXM5110,4.84976861579189,112.27441163576148,9144.0
3940.0,AXM5111,3.333255665093993,104.85825233243588,9144.0
3940.0,AXM5115,3.3012981177165828,104.52424500963775,9144.0
3950.0,AXM1793,1.2254831221542877,105.81173126422412,9144.0
3950.0,AXM5110,4.85203023118478,112.30448046059149,9144.0
3950.0,AXM5111,3.3289771725708976,104.82673741551007,9144.0
3950.0,AXM5115,3.2966693669211384,104.49236925582854,9144.0
3950.0,AXM1793,1.2254831221542877,105.81173126422412,9144.0
3950.0,AXM5110,4.85203023118478,112.30448046059149,9144.0
3950.0,AXM5111,3.3289771725708976,104.82673741551007,9144.0
3950.0,AXM5115,3.2966693669211384,104.49236925582854,9144.0
3960.0,AXM1793,1.220969127780386,105.78064902445303,9144.0
3960.0,AXM5110,4.854290459830233,112.33454949115863,9144.0
3960.0,AXM5111,3.3246900376077915,104.79522381413962,9144.0
3960.0,AXM5115,3.292017830691415,104.46049697900727,9144.0
3960.0,AXM1793,1.220969127780386,105.78064902445303,9144.0
3960.0,AXM5110,4.854290459830233,112.33454949115863,9144.0
3960.0,AXM5111,3.3246900376077915,104.79522381413962,9144.0
3960.0,AXM5115,3.292017830691415,104.46049697900727,9144.0
3970.0,AXM1793,1.2165050864653337,105.74991477036606,9144.0
3970.0,AXM5110,4.856549295664592,112.36461872784295,9144.0
3970.0,AXM5111,3.3205278167130716,104.76369354787131,9144.0
3970.0,AXM5115,3.2873480392588768,104.42851029072952,9144.0
3970.0,AXM1793,1.2165050864653337,105.74991477036606,9144.0
3970.0,AXM5110,4.856549295664592,112.36461872784295,9144.0
3970.0,AXM5111,3.3205278167130716,104.76369354787131,9144.0
3970.0,AXM5115,3.2873480392588768,104.42851029072952,9144.0
3980.0,AXM1793,1.2122288798690786,105.71915385616379,9144.0
3980.0,AXM5110,4.858806731489839,112.39468817110908,9144.0
3980.0,AXM5111,3.3163530582314884,104.73210627504918,9144.0
3980.0,AXM5115,3.2826613666485835,104.3965262298239,9144.0
3980.0,AXM1793,1.2122288798690786,105.71915385616379,9144.0
3980.0,AXM5110,4.858806731489839,112.39468817110908,9144.0
3980.0,AXM5111,3.3163530582314884,104.73210627504918,9144.0
3980.0,AXM5115,3.2826613666485835,104.3965262298239,9144.0
3990.0,AXM1793,1.2078796251540866,105.68787136622763,9144.0
3990.0,AXM5110,4.861062758576553,112.42475782153583,9144.0
3990.0,AXM5111,3.3121380210711133,104.70052450433397,9144.0
3990.0,AXM5115,3.277962550111924,104.36454410693162,9144.0
3990.0,AXM1793,1.2078796251540866,105.68787136622763,9144.0
3990.0,AXM5110,4.861062758576553,112.42475782153583,9144.0
3990.0,AXM5111,3.3121380210711133,104.70052450433397,9144.0
3990.0,AXM5115,3.277962550111924,104.36454410693162,9144.0
4000.0,AXM1793,1.2035203200925684,105.65659032596561,9144.0
4000.0,AXM5110,4.863317366057155,112.45482767986172,9144.0
4000.0,AXM5111,3.3079191572620155,104.66894338077806,9144.0
4000.0,AXM5115,3.2732492025576603,104.33250571112178,9144.0
4000.0,AXM1793,1.2035203200925684,105.65659032596561,9144.0
4000.0,AXM5110,4.863317366057155,112.45482767986172,9144.0
4000.0,AXM5111,3.3079191572620155,104.66894338077806,9144.0
4000.0,AXM5115,3.2732492025576603,104.33250571112178,9144.0
4010.0,AXM1793,1.1989855453345408,105.6253343040356,9144.0
4010.0,AXM5110,4.865570539949955,112.48489774705803,9144.0
4010.0,AXM5111,3.303681672012507,104.63736489364412,9144.0
4010.0,AXM5115,3.268616928928672,104.30045560226147,9144.0
4010.0,AXM1793,1.1989855453345408,105.6253343040356,9144.0
4010.0,AXM5110,4.865570539949955,112.48489774705803,9144.0
4010.0,AXM5111,3.303681672012507,104.63736489364412,9144.0
4010.0,AXM5115,3.268616928928672,104.30045560226147,9144.0
4020.0,AXM1793,1.1944406787949176,105.59402086183628,9144.0
4020.0,AXM5110,4.867822261482789,112.51496802445439,9144.0
4020.0,AXM5111,3.2994330638185074,104.60572926217868,9144.0
4020.0,AXM5115,3.263963823766836,104.26829168824108,9144.0
4020.0,AXM1793,1.1944406787949176,105.59402086183628,9144.0
4020.0,AXM5110,4.867822261482789,112.51496802445439,9144.0
4020.0,AXM5111,3.2994330638185074,104.60572926217868,9144.0
4020.0,AXM5115,3.263963823766836,104.26829168824108,9144.0
4030.0,AXM1793,1.1910265303551488,105.56256402598795,9144.0
4030.0,AXM5110,4.8700725039505235,112.5450385139744,9144.0
4030.0,AXM5111,3.295275597616691,104.57408161618946,9144.0
4030.0,AXM5115,3.2592001241221156,104.2361441729683,9144.0
4030.0,AXM1793,1.1910265303551488,105.56256402598795,9144.0
4030.0,AXM5110,4.8700725039505235,112.5450385139744,9144.0
4030.0,AXM5111,3.295275597616691,104.57408161618946,9144.0
4030.0,AXM5115,3.2592001241221156,104.2361441729683,9144.0
4040.0,AXM1793,1.1899849928755983,105.53082294568738,9144.0
4040.0,AXM5110,4.872321226055114,112.57510921863494,9144.0
4040.0,AXM5111,3.291107631512671,104.54237677113095,9144.0
4040.0,AXM5115,3.2544245280336934,104.2039401194267,9144.0
4040.0,AXM1793,1.1899849928755983,105.53082294568738,9144.0
4040.0,AXM5110,4.872321226055114,112.57510921863494,9144.0
4040.0,AXM5111,3.291107631512671,104.54237677113095,9144.0
4040.0,AXM5115,3.2544245280336934,104.2039401194267,9144.0
4050.0,AXM1793,1.1889468338558553,105.49919836313896,9144.0
4050.0,AXM5110,4.874568354894456,112.60518014382208,9144.0
4050.0,AXM5111,3.286894210300492,104.5106780886528,9144.0
4050.0,AXM5115,3.2497891317727303,104.17171566903869,9144.0
4050.0,AXM1793,1.1889468338558553,105.49919836313896,9144.0
4050.0,AXM5110,4.874568354894456,112.60518014382208,9144.0
4050.0,AXM5111,3.286894210300492,104.5106780886528,9144.0
4050.0,AXM5115,3.2497891317727303,104.17171566903869,9144.0
4060.0,AXM1793,1.187908172976761,105.46757380896936,9144.0
4060.0,AXM5110,4.8768137257096535,112.63525130181166,9144.0
4060.0,AXM5111,3.2826780418654122,104.47897990653672,9144.0
4060.0,AXM5115,3.245151592532141,104.13949167596937,9144.0
4060.0,AXM1793,1.187908172976761,105.46757380896936,9144.0
4060.0,AXM5110,4.8768137257096535,112.63525130181166,9144.0
4060.0,AXM5111,3.2826780418654122,104.47897990653672,9144.0
4060.0,AXM5115,3.245151592532141,104.13949167596937,9144.0
4070.0,AXM1793,1.1868685401530334,105.43594929864412,9144.0
4070.0,AXM5110,4.883126326529214,112.66473401304728,9144.0
4070.0,AXM5111,3.278400752891724,104.4472900765815,9144.0
4070.0,AXM5115,3.2404078877658504,104.10728334117317,9144.0
4070.0,AXM1793,1.1868685401530334,105.43594929864412,9144.0
4070.0,AXM5110,4.883126326529214,112.66473401304728,9144.0
4070.0,AXM5111,3.278400752891724,104.4472900765815,9144.0
4070.0,AXM5115,3.2404078877658504,104.10728334117317,9144.0
4080.0,AXM1793,1.1862586363696768,105.40431358512235,9144.0
4080.0,AXM5110,4.890452571760384,112.69446995363943,9144.0
4080.0,AXM5111,3.274120709495898,104.4156007552518,9144.0
4080.0,AXM5115,3.2356789484532453,104.07518991527974,9144.0
4080.0,AXM1793,1.1862586363696768,105.40431358512235,9144.0
4080.0,AXM5110,4.890452571760384,112.69446995363943,9144.0
4080.0,AXM5111,3.274120709495898,104.4156007552518,9144.0
4080.0,AXM5115,3.2356789484532453,104.07518991527974,9144.0
4090.0,AXM1793,1.185655574120319,105.37308693242488,9144.0
4090.0,AXM5110,4.8977770020493026,112.72420667010593,9144.0
4090.0,AXM5111,3.269911592036331,104.38390203732318,9144.0
4090.0,AXM5115,3.2309808353504708,104.043092096511,9144.0
4090.0,AXM1793,1.185655574120319,105.37308693242488,9144.0
4090.0,AXM5110,4.8977770020493026,112.72420667010593,9144.0
4090.0,AXM5111,3.269911592036331,104.38390203732318,9144.0
4090.0,AXM5115,3.2309808353504708,104.043092096511,9144.0
4100.0,AXM1793,1.1848030533184,105.34186610643671,9144.0
4100.0,AXM5110,4.905097333033413,112.75394472920354,9144.0
4100.0,AXM5111,3.2657009842169447,104.35220365097801,9144.0
4100.0,AXM5115,3.2263058247931267,104.01116670903002,9144.0
4100.0,AXM1793,1.1848030533184,105.34186610643671,9144.0
4100.0,AXM5110,4.905097333033413,112.75394472920354,9144.0
4100.0,AXM5111,3.2657009842169447,104.35220365097801,9144.0
4100.0,AXM5115,3.2263058247931267,104.01116670903002,9144.0
4110.0,AXM1793,1.1839724424909892,105.31146910086495,9144.0
4110.0,AXM5110,4.913623578170263,112.78335771819106,9144.0
4110.0,AXM5111,3.261472218238875,104.32050782320228,9144.0
4110.0,AXM5115,3.221597521821871,103.97924637777565,9144.0
4110.0,AXM1793,1.1839724424909892,105.31146910086495,9144.0
4110.0,AXM5110,4.913623578170263,112.78335771819106,9144.0
4110.0,AXM5111,3.261472218238875,104.32050782320228,9144.0
4110.0,AXM5115,3.221597521821871,103.97924637777565,9144.0
4120.0,AXM1793,1.1832255393022704,105.28106993054202,9144.0
4120.0,AXM5110,4.922114114217143,112.81265796366749,9144.0
4120.0,AXM5111,3.257249647749337,104.28887002850223,9144.0
4120.0,AXM5115,3.2169126842830864,103.94749877448803,9144.0
4120.0,AXM1793,1.1832255393022704,105.28106993054202,9144.0
4120.0,AXM5110,4.922114114217143,112.81265796366749,9144.0
4120.0,AXM5111,3.257249647749337,104.28887002850223,9144.0
4120.0,AXM5115,3.2169126842830864,103.94749877448803,9144.0
4130.0,AXM1793,1.1824868080481918,105.25102630521764,9144.0
4130.0,AXM5110,4.930093351360851,112.84210297392897,9144.0
4130.0,AXM5111,3.2530415547739997,104.25723043083308,9144.0
4130.0,AXM5115,3.2122612400151622,103.9157463907305,9144.0
4130.0,AXM1793,1.1824868080481918,105.25102630521764,9144.0
4130.0,AXM5110,4.930093351360851,112.84210297392897,9144.0
4130.0,AXM5111,3.2530415547739997,104.25723043083308,9144.0
4130.0,AXM5115,3.2122612400151622,103.9157463907305,9144.0
4140.0,AXM1793,1.181749251016106,105.22098265901184,9144.0
4140.0,AXM5110,4.938054914745053,112.87149162850162,9144.0
4140.0,AXM5111,3.2488397022752213,104.22564889725004,9144.0
4140.0,AXM5115,3.207616835012308,103.88405187047856,9144.0
4140.0,AXM1793,1.181749251016106,105.22098265901184,9144.0
4140.0,AXM5110,4.938054914745053,112.87149162850162,9144.0
4140.0,AXM5111,3.2488397022752213,104.22564889725004,9144.0
4140.0,AXM5115,3.207616835012308,103.88405187047856,9144.0
4150.0,AXM1793,1.1810301540113541,105.1917144687944,9144.0
4150.0,AXM5110,4.946175239904073,112.90083684746328,9144.0
4150.0,AXM5111,3.2446308637791934,104.19406842851993,9144.0
4150.0,AXM5115,3.2029690170701484,103.85235799608564,9144.0
4150.0,AXM1793,1.1810301540113541,105.1917144687944,9144.0
4150.0,AXM5110,4.946175239904073,112.90083684746328,9144.0
4150.0,AXM5111,3.2446308637791934,104.19406842851993,9144.0
4150.0,AXM5115,3.2029690170701484,103.85235799608564,9144.0
4160.0,AXM1793,1.180377953312541,105.16244471767895,9144.0
4160.0,AXM5110,4.954277960847287,112.9301256650145,9144.0
4160.0,AXM5111,3.2403732493198714,104.16249465261298,9144.0
4160.0,AXM5115,3.1983629532308546,103.82065815008168,9144.0
4160.0,AXM1793,1.180377953312541,105.16244471767895,9144.0
4160.0,AXM5110,4.954277960847287,112.9301256650145,9144.0
4160.0,AXM5111,3.2403732493198714,104.16249465261298,9144.0
4160.0,AXM5115,3.1983629532308546,103.82065815008168,9144.0
4170.0,AXM1793,1.1797399371869375,105.1338367443914,9144.0
4170.0,AXM5110,4.9623771149547915,112.95941583570499,9144.0
4170.0,AXM5111,3.236120694196467,104.13097914292803,9144.0
4170.0,AXM5115,3.1937609536336256,103.78901663616146,9144.0
4170.0,AXM1793,1.1797399371869375,105.1338367443914,9144.0
4170.0,AXM5110,4.9623771149547915,112.95941583570499,9144.0
4170.0,AXM5111,3.236120694196467,104.13097914292803,9144.0
4170.0,AXM5115,3.1937609536336256,103.78901663616146,9144.0
4180.0,AXM1793,1.1790706802993933,105.10522949208543,9144.0
4180.0,AXM5110,4.9704719368030545,112.98870757262615,9144.0
4180.0,AXM5111,3.231941004533575,104.09945398565343,9144.0
4180.0,AXM5115,3.189076374067583,103.75738742484556,9144.0
4180.0,AXM1793,1.1790706802993933,105.10522949208543,9144.0
4180.0,AXM5110,4.9704719368030545,112.98870757262615,9144.0
4180.0,AXM5111,3.231941004533575,104.09945398565343,9144.0
4180.0,AXM5115,3.189076374067583,103.75738742484556,9144.0
4190.0,AXM1793,1.1784122092024962,105.07710680267446,9144.0
4190.0,AXM5110,4.9785489046708475,113.01794293210783,9144.0
4190.0,AXM5111,3.227766390427909,104.06798712244058,9144.0
4190.0,AXM5115,3.184406277286711,103.72587393406764,9144.0
4190.0,AXM1793,1.1784122092024962,105.07710680267446,9144.0
4190.0,AXM5110,4.9785489046708475,113.01794293210783,9144.0
4190.0,AXM5111,3.227766390427909,104.06798712244058,9144.0
4190.0,AXM5115,3.184406277286711,103.72587393406764,9144.0
4200.0,AXM1793,1.1776868689833462,105.04898576651695,9144.0
4200.0,AXM5110,4.986683020781901,113.04716268422236,9144.0
4200.0,AXM5111,3.223535900827838,104.03652787720398,9144.0
4200.0,AXM5115,3.179802461090228,103.69435080278558,9144.0
4200.0,AXM1793,1.1776868689833462,105.04898576651695,9144.0
4200.0,AXM5110,4.986683020781901,113.04716268422236,9144.0
4200.0,AXM5111,3.223535900827838,104.03652787720398,9144.0
4200.0,AXM5115,3.179802461090228,103.69435080278558,9144.0
4210.0,AXM1793,1.1769672594809704,105.02110805675417,9144.0
4210.0,AXM5110,4.994799174142984,113.0763260511607,9144.0
4210.0,AXM5111,3.219302930418166,104.00506909754509,9144.0
4210.0,AXM5115,3.175204836991474,103.66288581032165,9144.0
4210.0,AXM1793,1.1769672594809704,105.02110805675417,9144.0
4210.0,AXM5110,4.994799174142984,113.0763260511607,9144.0
4210.0,AXM5111,3.219302930418166,104.00506909754509,9144.0
4210.0,AXM5115,3.175204836991474,103.66288581032165,9144.0
4220.0,AXM1793,1.176327578874662,104.99322840400242,9144.0
4220.0,AXM5110,5.0028896566622505,113.10549696487143,9144.0
4220.0,AXM5111,3.21511198216359,103.9736048036885,9144.0
4220.0,AXM5115,3.170584355827539,103.63142431713186,9144.0
4220.0,AXM1793,1.176327578874662,104.99322840400242,9144.0
4220.0,AXM5110,5.0028896566622505,113.10549696487143,9144.0
4220.0,AXM5111,3.21511198216359,103.9736048036885,9144.0
4220.0,AXM5115,3.170584355827539,103.63142431713186,9144.0
4230.0,AXM1793,1.1756930804544488,104.9655927935799,9144.0
4230.0,AXM5110,5.010978129161393,113.13466880104919,9144.0
4230.0,AXM5111,3.2109118099857454,103.94208302866959,9144.0
4230.0,AXM5115,3.1659702516000205,103.60002097625227,9144.0
4230.0,AXM1793,1.1756930804544488,104.9655927935799,9144.0
4230.0,AXM5110,5.010978129161393,113.13466880104919,9144.0
4230.0,AXM5111,3.2109118099857454,103.94208302866959,9144.0
4230.0,AXM5115,3.1659702516000205,103.60002097625227,9144.0
4240.0,AXM1793,1.175023759720113,104.93795801157906,9144.0
4240.0,AXM5110,5.019066470196336,113.16384103533878,9144.0
4240.0,AXM5111,3.2066957190052303,103.91056351558804,9144.0
4240.0,AXM5115,3.160029214183433,103.56884229990764,9144.0
4240.0,AXM1793,1.175023759720113,104.93795801157906,9144.0
4240.0,AXM5110,5.019066470196336,113.16384103533878,9144.0
4240.0,AXM5111,3.2066957190052303,103.91056351558804,9144.0
4240.0,AXM5115,3.160029214183433,103.56884229990764,9144.0
4250.0,AXM1793,1.17436740806274,104.91087488676152,9144.0
4250.0,AXM5110,5.027152856193151,113.19301417768557,9144.0
4250.0,AXM5111,3.2024626745913434,103.87892883216719,9144.0
4250.0,AXM5115,3.154075374571541,103.5376068734401,9144.0
4250.0,AXM1793,1.17436740806274,104.91087488676152,9144.0
4250.0,AXM5110,5.027152856193151,113.19301417768557,9144.0
4250.0,AXM5111,3.2024626745913434,103.87892883216719,9144.0
4250.0,AXM5115,3.154075374571541,103.5376068734401,9144.0
4260.0,AXM1793,1.1737095141461062,104.88379180575296,9144.0
4260.0,AXM5110,5.035192722950805,113.2222006345923,9144.0
4260.0,AXM5111,3.198232422804603,103.84729390461867,9144.0
4260.0,AXM5115,3.144334844556973,103.50734097593758,9144.0
4260.0,AXM1793,1.1737095141461062,104.88379180575296,9144.0
4260.0,AXM5110,5.035192722950805,113.2222006345923,9144.0
4260.0,AXM5111,3.198232422804603,103.84729390461867,9144.0
4260.0,AXM5115,3.144334844556973,103.50734097593758,9144.0
4270.0,AXM1793,1.1731113409943636,104.85670734511676,9144.0
4270.0,AXM5110,5.043246432410362,113.25144535378762,9144.0
4270.0,AXM5111,3.1939929651055503,103.81560161476696,9144.0
4270.0,AXM5115,3.1345569683543277,103.47696498699113,9144.0
4270.0,AXM1793,1.1731113409943636,104.85670734511676,9144.0
4270.0,AXM5110,5.043246432410362,113.25144535378762,9144.0
4270.0,AXM5111,3.1939929651055503,103.81560161476696,9144.0
4270.0,AXM5115,3.1345569683543277,103.47696498699113,9144.0
4280.0,AXM1793,1.17252386780938,104.83042633401784,9144.0
4280.0,AXM5110,5.051360534473236,113.28067360981854,9144.0
4280.0,AXM5111,3.189741477221932,103.78391107266405,9144.0
4280.0,AXM5115,3.122244814703361,103.44752810204268,9144.0
4280.0,AXM1793,1.17252386780938,104.83042633401784,9144.0
4280.0,AXM5110,5.051360534473236,113.28067360981854,9144.0
4280.0,AXM5111,3.189741477221932,103.78391107266405,9144.0
4280.0,AXM5115,3.122244814703361,103.44752810204268,9144.0
4290.0,AXM1793,1.1718891645338714,104.8041464275567,9144.0
4290.0,AXM5110,5.059472641256481,113.30990279010639,9144.0
4290.0,AXM5111,3.185480774160586,103.75216321043474,9144.0
4290.0,AXM5115,3.109908688362288,103.41803851522783,9144.0
4290.0,AXM1793,1.1718891645338714,104.8041464275567,9144.0
4290.0,AXM5110,5.059472641256481,113.30990279010639,9144.0
4290.0,AXM5111,3.185480774160586,103.75216321043474,9144.0
4290.0,AXM5115,3.109908688362288,103.41803851522783,9144.0
4300.0,AXM1793,1.1712475828617979,104.77805326192825,9144.0
4300.0,AXM5110,5.067491711125201,113.33915819587115,9144.0
4300.0,AXM5111,3.1811963856800674,103.72041867778357,9144.0
4300.0,AXM5115,3.097864476348703,103.38842848785659,9144.0
4300.0,AXM1793,1.1712475828617979,104.77805326192825,9144.0
4300.0,AXM5110,5.067491711125201,113.33915819587115,9144.0
4300.0,AXM5111,3.1811963856800674,103.72041867778357,9144.0
4300.0,AXM5115,3.097864476348703,103.38842848785659,9144.0
4310.0,AXM1793,1.170611748196138,104.75220936143968,9144.0
4310.0,AXM5110,5.075524492677042,113.36847185977581,9144.0
4310.0,AXM5111,3.176902766821785,103.68861686880092,9144.0
4310.0,AXM5115,3.085639984619639,103.35889298981748,9144.0
4310.0,AXM1793,1.170611748196138,104.75220936143968,9144.0
4310.0,AXM5110,5.075524492677042,113.36847185977581,9144.0
4310.0,AXM5111,3.176902766821785,103.68861686880092,9144.0
4310.0,AXM5115,3.085639984619639,103.35889298981748,9144.0
4320.0,AXM1793,1.1700351092631363,104.72636407713054,9144.0
4320.0,AXM5110,5.08365843378571,113.39775776453388,9144.0
4320.0,AXM5111,3.1726686748639787,103.65680718550372,9144.0
4320.0,AXM5115,3.0734143314885083,103.32935831294675,9144.0
4320.0,AXM1793,1.1700351092631363,104.72636407713054,9144.0
4320.0,AXM5110,5.08365843378571,113.39775776453388,9144.0
4320.0,AXM5111,3.1726686748639787,103.65680718550372,9144.0
4320.0,AXM5115,3.0734143314885083,103.32935831294675,9144.0
4330.0,AXM1793,1.1694594977294905,104.70058123721445,9144.0
4330.0,AXM5110,5.091790376604606,113.42704459869195,9144.0
4330.0,AXM5111,3.1684331614232426,103.62499782228483,9144.0
4330.0,AXM5115,3.0611742815498415,103.29982995485543,9144.0
4330.0,AXM1793,1.1694594977294905,104.70058123721445,9144.0
4330.0,AXM5110,5.091790376604606,113.42704459869195,9144.0
4330.0,AXM5111,3.1684331614232426,103.62499782228483,9144.0
4330.0,AXM5115,3.0611742815498415,103.29982995485543,9144.0
4340.0,AXM1793,1.1689098712748427,104.67479783508401,9144.0
4340.0,AXM5110,5.099853258646293,113.45635104025808,9144.0
4340.0,AXM5111,3.163218873147994,103.59333478507969,9144.0
4340.0,AXM5115,3.0489448380261264,103.27029752630435,9144.0
4340.0,AXM1793,1.1689098712748427,104.67479783508401,9144.0
4340.0,AXM5110,5.099853258646293,113.45635104025808,9144.0
4340.0,AXM5111,3.163218873147994,103.59333478507969,9144.0
4340.0,AXM5115,3.0489448380261264,103.27029752630435,9144.0
4350.0,AXM1793,1.1683665540569026,104.6493273007883,9144.0
4350.0,AXM5110,5.1079299770744795,113.4857156726049,9144.0
4350.0,AXM5111,3.157993771630779,103.56161481909338,9144.0
4350.0,AXM5115,3.0366247973817053,103.24055145722622,9144.0
4350.0,AXM1793,1.1683665540569026,104.6493273007883,9144.0
4350.0,AXM5110,5.1079299770744795,113.4857156726049,9144.0
4350.0,AXM5111,3.157993771630779,103.56161481909338,9144.0
4350.0,AXM5115,3.0366247973817053,103.24055145722622,9144.0
4360.0,AXM1793,1.1677927872817615,104.62385743970637,9144.0
4360.0,AXM5110,5.115986880488117,113.51508616081554,9144.0
4360.0,AXM5111,3.1496683472042815,103.53056643887244,9144.0
4360.0,AXM5115,3.0242404263020783,103.21083252901185,9144.0
4360.0,AXM1793,1.1677927872817615,104.62385743970637,9144.0
4360.0,AXM5110,5.115986880488117,113.51508616081554,9144.0
4360.0,AXM5111,3.1496683472042815,103.53056643887244,9144.0
4360.0,AXM5115,3.0242404263020783,103.21083252901185,9144.0
4370.0,AXM1793,1.167224315857293,104.59863870523809,9144.0
4370.0,AXM5110,5.124169344796963,113.5444220130866,9144.0
4370.0,AXM5111,3.141356683812248,103.49957475199922,9144.0
4370.0,AXM5115,3.01185459443993,103.1811145499825,9144.0
4370.0,AXM1793,1.167224315857293,104.59863870523809,9144.0
4370.0,AXM5110,5.124169344796963,113.5444220130866,9144.0
4370.0,AXM5111,3.141356683812248,103.49957475199922,9144.0
4370.0,AXM5115,3.01185459443993,103.1811145499825,9144.0
4380.0,AXM1793,1.1666834057219833,104.57341936915957,9144.0
4380.0,AXM5110,5.13225056172378,113.5737865146741,9144.0
4380.0,AXM5111,3.12976037327935,103.4696602541277,9144.0
4380.0,AXM5115,2.9996024035103708,103.15134140546606,9144.0
4380.0,AXM1793,1.1666834057219833,104.57341936915957,9144.0
4380.0,AXM5110,5.13225056172378,113.5737865146741,9144.0
4380.0,AXM5111,3.12976037327935,103.4696602541277,9144.0
4380.0,AXM5115,2.9996024035103708,103.15134140546606,9144.0
4390.0,AXM1793,1.1661516134094518,104.54864130268933,9144.0
4390.0,AXM5110,5.140329843939838,113.60315192512651,9144.0
4390.0,AXM5111,3.118184043155444,103.43980067060518,9144.0
4390.0,AXM5115,2.9874814996760657,103.12189170457111,9144.0
4390.0,AXM1793,1.1661516134094518,104.54864130268933,9144.0
4390.0,AXM5110,5.140329843939838,113.60315192512651,9144.0
4390.0,AXM5111,3.118184043155444,103.43980067060518,9144.0
4390.0,AXM5115,2.9874814996760657,103.12189170457111,9144.0
4400.0,AXM1793,1.1655655153374382,104.52386446694773,9144.0
4400.0,AXM5110,5.148394205248403,113.63252184202064,9144.0
4400.0,AXM5111,3.1066065428972007,103.40994187017745,9144.0
4400.0,AXM5115,2.975237225202416,103.09249354970414,9144.0
4400.0,AXM1793,1.1655655153374382,104.52386446694773,9144.0
4400.0,AXM5110,5.148394205248403,113.63252184202064,9144.0
4400.0,AXM5111,3.1066065428972007,103.40994187017745,9144.0
4400.0,AXM5115,2.975237225202416,103.09249354970414,9144.0
4410.0,AXM1793,1.1649895603815243,104.49953118385429,9144.0
4410.0,AXM5110,5.156532395805792,113.66187159756288,9144.0
4410.0,AXM5111,3.095025554745277,103.38008475329724,9144.0
4410.0,AXM5115,2.9631037543229235,103.06336556235371,9144.0
4410.0,AXM1793,1.1649895603815243,104.49953118385429,9144.0
4410.0,AXM5110,5.156532395805792,113.66187159756288,9144.0
4410.0,AXM5111,3.095025554745277,103.38008475329724,9144.0
4410.0,AXM5115,2.9631037543229235,103.06336556235371,9144.0
4420.0,AXM1793,1.164472330547926,104.47519658558981,9144.0
4420.0,AXM5110,5.164655456165019,113.69122595423788,9144.0
4420.0,AXM5111,3.082427240577465,103.3506440211466,9144.0
4420.0,AXM5115,2.9509907889423683,103.03422933708809,9144.0
4420.0,AXM1793,1.164472330547926,104.47519658558981,9144.0
4420.0,AXM5110,5.164655456165019,113.69122595423788,9144.0
4420.0,AXM5111,3.082427240577465,103.3506440211466,9144.0
4420.0,AXM5115,2.9509907889423683,103.03422933708809,9144.0
4430.0,AXM1793,1.168078638201697,104.45235548697548,9144.0
4430.0,AXM5110,5.172833608141508,113.72056526382285,9144.0
4430.0,AXM5111,3.0698958198810344,103.32136488864906,9144.0
4430.0,AXM5115,2.9389888036754663,103.00536425911305,9144.0
4430.0,AXM1793,1.168078638201697,104.45235548697548,9144.0
4430.0,AXM5110,5.172833608141508,113.72056526382285,9144.0
4430.0,AXM5111,3.0698958198810344,103.32136488864906,9144.0
4430.0,AXM5115,2.9389888036754663,103.00536425911305,9144.0
4440.0,AXM1793,1.1756894713574015,104.43038381733818,9144.0
4440.0,AXM5110,5.1810014011329795,113.74990786156275,9144.0
4440.0,AXM5111,3.0578970199769326,103.29186317729757,9144.0
4440.0,AXM5115,2.9270258044246447,102.97648326809507,9144.0
4440.0,AXM1793,1.1756894713574015,104.43038381733818,9144.0
4440.0,AXM5110,5.1810014011329795,113.74990786156275,9144.0
4440.0,AXM5111,3.0578970199769326,103.29186317729757,9144.0
4440.0,AXM5115,2.9270258044246447,102.97648326809507,9144.0
4450.0,AXM1793,1.1872186292790996,104.40960243715017,9144.0
4450.0,AXM5110,5.188963418225154,113.77930779787847,9144.0
4450.0,AXM5111,3.045940362471611,103.26247050093177,9144.0
4450.0,AXM5115,2.9152190083709173,102.94798320733574,9144.0
4450.0,AXM1793,1.1872186292790996,104.40960243715017,9144.0
4450.0,AXM5110,5.188963418225154,113.77930779787847,9144.0
4450.0,AXM5111,3.045940362471611,103.26247050093177,9144.0
4450.0,AXM5115,2.9152190083709173,102.94798320733574,9144.0
4460.0,AXM1793,1.2021535997643935,104.39111733756172,9144.0
4460.0,AXM5110,5.196918068503514,113.80871011569786,9144.0
4460.0,AXM5111,3.033643437686177,103.23321928126721,9144.0
4460.0,AXM5115,2.903404534998078,102.91948663516906,9144.0
4460.0,AXM1793,1.2021535997643935,104.39111733756172,9144.0
4460.0,AXM5110,5.196918068503514,113.80871011569786,9144.0
4460.0,AXM5111,3.033643437686177,103.23321928126721,9144.0
4460.0,AXM5115,2.903404534998078,102.91948663516906,9144.0
4470.0,AXM1793,1.2172639646896553,104.37277529436668,9144.0
4470.0,AXM5110,5.205095398859815,113.83805115646832,9144.0
4470.0,AXM5111,3.0215034830618426,103.20434632244024,9144.0
4470.0,AXM5115,2.8917925121245216,102.89148220660728,9144.0
4470.0,AXM1793,1.2172639646896553,104.37277529436668,9144.0
4470.0,AXM5110,5.205095398859815,113.83805115646832,9144.0
4470.0,AXM5111,3.0215034830618426,103.20434632244024,9144.0
4470.0,AXM5115,2.8917925121245216,102.89148220660728,9144.0
4480.0,AXM1793,1.2322112176650608,104.35463079476766,9144.0
4480.0,AXM5110,5.213265693528534,113.86739455491289,9144.0
4480.0,AXM5111,3.0094772867027237,103.17574423588377,9144.0
4480.0,AXM5115,2.8801235783108723,102.8635017916567,9144.0
4480.0,AXM1793,1.2322112176650608,104.35463079476766,9144.0
4480.0,AXM5110,5.213265693528534,113.86739455491289,9144.0
4480.0,AXM5111,3.0094772867027237,103.17574423588377,9144.0
4480.0,AXM5115,2.8801235783108723,102.8635017916567,9144.0
4490.0,AXM1793,1.2451710734005839,104.335016646818,9144.0
4490.0,AXM5110,5.22125682327559,113.89678803554001,9144.0
4490.0,AXM5115,2.868590589490842,102.83585115003041,9144.0
4490.0,AXM1793,1.2451710734005839,104.335016646818,9144.0
4490.0,AXM5110,5.22125682327559,113.89678803554001,9144.0
4490.0,AXM5115,2.868590589490842,102.83585115003041,9144.0
4500.0,AXM1793,1.2579535300332227,104.31567042548318,9144.0
4500.0,AXM5110,5.229258642355485,113.9262405381905,9144.0
4500.0,AXM5115,2.85708882252659,102.80818775162648,9144.0
4500.0,AXM1793,1.2579535300332227,104.31567042548318,9144.0
4500.0,AXM5110,5.229258642355485,113.9262405381905,9144.0
4500.0,AXM5115,2.85708882252659,102.80818775162648,9144.0
4510.0,AXM1793,1.2710714381950696,104.29655008373315,9144.0
4510.0,AXM5110,5.237460688790578,113.95563783298418,9144.0
4510.0,AXM5115,2.845769297819635,102.78096605278219,9144.0
4510.0,AXM1793,1.2710714381950696,104.29655008373315,9144.0
4510.0,AXM5110,5.237460688790578,113.95563783298418,9144.0
4510.0,AXM5115,2.845769297819635,102.78096605278219,9144.0
4520.0,AXM1793,1.2834919278022563,104.27844568721011,9144.0
4520.0,AXM5110,5.245657748922924,113.98503691607029,9144.0
4520.0,AXM5115,2.8344881616874744,102.75372864935106,9144.0
4520.0,AXM1793,1.2834919278022563,104.27844568721011,9144.0
4520.0,AXM5110,5.245657748922924,113.98503691607029,9144.0
4520.0,AXM5115,2.8344881616874744,102.75372864935106,9144.0
4530.0,AXM1793,1.2957592564342177,104.26023702229439,9144.0
4530.0,AXM5110,5.2536815954518294,114.01448452662045,9144.0
4530.0,AXM5115,2.8232977027953723,102.72671349590895,9144.0
4530.0,AXM1793,1.2957592564342177,104.26023702229439,9144.0
4530.0,AXM5110,5.2536815954518294,114.01448452662045,9144.0
4530.0,AXM5115,2.8232977027953723,102.72671349590895,9144.0
4540.0,AXM1793,1.3073649867831956,104.24300980120691,9144.0
4540.0,AXM5110,5.261702300627341,114.04393337953623,9144.0
4540.0,AXM5115,2.812202542396258,102.69965922611209,9144.0
4540.0,AXM1793,1.3073649867831956,104.24300980120691,9144.0
4540.0,AXM5110,5.261702300627341,114.04393337953623,9144.0
4540.0,AXM5115,2.812202542396258,102.69965922611209,9144.0
4550.0,AXM1793,1.3192957675653503,104.2260061142805,9144.0
4550.0,AXM5110,5.269819825416256,114.07335585047852,9144.0
4550.0,AXM5115,2.8013119060244347,102.67310715402269,9144.0
4550.0,AXM1793,1.3192957675653503,104.2260061142805,9144.0
4550.0,AXM5110,5.269819825416256,114.07335585047852,9144.0
4550.0,AXM5115,2.8013119060244347,102.67310715402269,9144.0
4560.0,AXM1793,1.3342597582085987,104.21179276493854,9144.0
4560.0,AXM5110,5.277934163595041,114.10277959253064,9144.0
4560.0,AXM5115,2.794324339614411,102.64526922590714,9144.0
4560.0,AXM1793,1.3342597582085987,104.21179276493854,9144.0
4560.0,AXM5110,5.277934163595041,114.10277959253064,9144.0
4560.0,AXM5115,2.794324339614411,102.64526922590714,9144.0
4570.0,AXM1793,1.3517898061894211,104.20077755841058,9144.0
4570.0,AXM5110,5.286002093855784,114.13221658543812,9144.0
4570.0,AXM5115,2.7874908465077235,102.61758004323937,9144.0
4570.0,AXM1793,1.3517898061894211,104.20077755841058,9144.0
4570.0,AXM5110,5.286002093855784,114.13221658543812,9144.0
4570.0,AXM5115,2.7874908465077235,102.61758004323937,9144.0
4580.0,AXM1793,1.3711483387265988,104.19343944689858,9144.0
4580.0,AXM5110,5.294066638109155,114.16165489775058,9144.0
4580.0,AXM5115,2.7806557872139015,102.58989140868731,9144.0
4580.0,AXM1793,1.3711483387265988,104.19343944689858,9144.0
4580.0,AXM5110,5.294066638109155,114.16165489775058,9144.0
4580.0,AXM5115,2.7806557872139015,102.58989140868731,9144.0
4590.0,AXM1793,1.3911300979103634,104.19023402198596,9144.0
4590.0,AXM5110,5.302208760885245,114.19107205183883,9144.0
4590.0,AXM5115,2.773909045986966,102.5621812289879,9144.0
4590.0,AXM1793,1.3911300979103634,104.19023402198596,9144.0
4590.0,AXM5110,5.302208760885245,114.19107205183883,9144.0
4590.0,AXM5115,2.773909045986966,102.5621812289879,9144.0
4600.0,AXM1793,1.4104700126482157,104.19126662870633,9144.0
4600.0,AXM5110,5.310347546385198,114.22049052549309,9144.0
4600.0,AXM5115,2.767318989934918,102.53512129564899,9144.0
4600.0,AXM1793,1.4104700126482157,104.19126662870633,9144.0
4600.0,AXM5110,5.310347546385198,114.22049052549309,9144.0
4600.0,AXM5115,2.767318989934918,102.53512129564899,9144.0
4610.0,AXM1793,1.4297348241145151,104.18927478489591,9144.0
4610.0,AXM5110,5.318414362026835,114.24992937199406,9144.0
4610.0,AXM5115,2.7606626159897,102.50807778884017,9144.0
4610.0,AXM1793,1.4297348241145151,104.18927478489591,9144.0
4610.0,AXM5110,5.318414362026835,114.24992937199406,9144.0
4610.0,AXM5115,2.7606626159897,102.50807778884017,9144.0
4620.0,AXM1793,1.4481938825896392,104.18736621860656,9144.0
4620.0,AXM5110,5.326477906483722,114.27936950842803,9144.0
4620.0,AXM5115,2.754092423708241,102.48139116295583,9144.0
4620.0,AXM1793,1.4481938825896392,104.18736621860656,9144.0
4620.0,AXM5110,5.326477906483722,114.27936950842803,9144.0
4620.0,AXM5115,2.754092423708241,102.48139116295583,9144.0
4630.0,AXM1793,1.4661269488737039,104.18259157767234,9144.0
4630.0,AXM5110,5.3345890090267885,114.30879685264787,9144.0
4630.0,AXM5115,2.7476107036985544,102.45468300594604,9144.0
4630.0,AXM1793,1.4661269488737039,104.18259157767234,9144.0
4630.0,AXM5110,5.3345890090267885,114.30879685264787,9144.0
4630.0,AXM5115,2.7476107036985544,102.45468300594604,9144.0
4640.0,AXM1793,1.4823036949676158,104.17406319643365,9144.0
4640.0,AXM5110,5.342681065089521,114.33816823166443,9144.0
4640.0,AXM5115,2.7411709051718463,102.4281542576857,9144.0
4640.0,AXM1793,1.4823036949676158,104.17406319643365,9144.0
4640.0,AXM5110,5.342681065089521,114.33816823166443,9144.0
4640.0,AXM5115,2.7411709051718463,102.4281542576857,9144.0
4650.0,AXM1793,1.495429536079233,104.16253577164056,9144.0
4650.0,AXM5110,5.350747193364071,114.36754719113061,9144.0
4650.0,AXM5115,2.73795692277404,102.4010436831968,9144.0
4650.0,AXM1793,1.495429536079233,104.16253577164056,9144.0
4650.0,AXM5110,5.350747193364071,114.36754719113061,9144.0
4650.0,AXM5115,2.73795692277404,102.4010436831968,9144.0
4660.0,AXM1793,1.5043873395240333,104.14925433973976,9144.0
4660.0,AXM5110,5.358810314690325,114.39692737078478,9144.0
4660.0,AXM5115,2.7389570727029797,102.37468842661134,9144.0
4660.0,AXM1793,1.5043873395240333,104.14925433973976,9144.0
4660.0,AXM5110,5.358810314690325,114.39692737078478,9144.0
4660.0,AXM5115,2.7389570727029797,102.37468842661134,9144.0
4670.0,AXM1793,1.5099057805933136,104.13421369576521,9144.0
4670.0,AXM5110,5.366866021290164,114.42630999003553,9144.0
4670.0,AXM5115,2.744013196239171,102.3494399039205,9144.0
4670.0,AXM1793,1.5099057805933136,104.13421369576521,9144.0
4670.0,AXM5110,5.366866021290164,114.42630999003553,9144.0
4670.0,AXM5115,2.744013196239171,102.3494399039205,9144.0
4680.0,AXM1793,1.5185536238238928,104.12242671815626,9144.0
4680.0,AXM5110,5.374903246498699,114.45563643643094,9144.0
4680.0,AXM5115,2.7530199559990716,102.32531913031899,9144.0
4680.0,AXM1793,1.5185536238238928,104.12242671815626,9144.0
4680.0,AXM5110,5.374903246498699,114.45563643643094,9144.0
4680.0,AXM5115,2.7530199559990716,102.32531913031899,9144.0
4690.0,AXM1793,1.528723654520962,104.1126261471137,9144.0
4690.0,AXM5110,5.382881042938332,114.48497963346763,9144.0
4690.0,AXM5115,2.760372588830842,102.30064237348142,9144.0
4690.0,AXM1793,1.528723654520962,104.1126261471137,9144.0
4690.0,AXM5110,5.382881042938332,114.48497963346763,9144.0
4690.0,AXM5115,2.760372588830842,102.30064237348142,9144.0
4700.0,AXM1793,1.5368228053471045,104.10105409319138,9144.0
4700.0,AXM5110,5.390840509001521,114.5142665623497,9144.0
4700.0,AXM5115,2.7660513128647377,102.276170779147,9144.0
4700.0,AXM1793,1.5368228053471045,104.10105409319138,9144.0
4700.0,AXM5110,5.390840509001521,114.5142665623497,9144.0
4700.0,AXM5115,2.7660513128647377,102.276170779147,9144.0
4710.0,AXM1793,1.5447592524677585,104.08971424123163,9144.0
4710.0,AXM5110,5.398901111056248,114.54352595943726,9144.0
4710.0,AXM5115,2.7717293095745643,102.25169889836198,9144.0
4710.0,AXM1793,1.5447592524677585,104.08971424123163,9144.0
4710.0,AXM5110,5.398901111056248,114.54352595943726,9144.0
4710.0,AXM5115,2.7717293095745643,102.25169889836198,9144.0
4720.0,AXM1793,1.5516732741829433,104.07772308952286,9144.0
4720.0,AXM5110,5.406927505235802,114.5726716448622,9144.0
4720.0,AXM5115,2.7774031411717868,102.22722593184201,9144.0
4720.0,AXM1793,1.5516732741829433,104.07772308952286,9144.0
4720.0,AXM5110,5.406927505235802,114.5726716448622,9144.0
4720.0,AXM5115,2.7774031411717868,102.22722593184201,9144.0
4730.0,AXM1793,1.55488324898586,104.06403910331551,9144.0
4730.0,AXM5110,5.414899446250315,114.60183278950875,9144.0
4730.0,AXM5115,2.7828135619927004,102.20269313353062,9144.0
4730.0,AXM1793,1.55488324898586,104.06403910331551,9144.0
4730.0,AXM5110,5.414899446250315,114.60183278950875,9144.0
4730.0,AXM5115,2.7828135619927004,102.20269313353062,9144.0
4740.0,AXM1793,1.5539609623690145,104.05022694673747,9144.0
4740.0,AXM5110,5.42297861278578,114.63139640143801,9144.0
4740.0,AXM5115,2.7883847493885825,102.17839053573293,9144.0
4740.0,AXM1793,1.5539609623690145,104.05022694673747,9144.0
4740.0,AXM5110,5.42297861278578,114.63139640143801,9144.0
4740.0,AXM5115,2.7883847493885825,102.17839053573293,9144.0
4750.0,AXM1793,1.54904699350369,104.03743834618348,9144.0
4750.0,AXM5110,5.431117925870719,114.66094376068656,9144.0
4750.0,AXM5115,2.793941066850828,102.15414925658868,9144.0
4750.0,AXM1793,1.54904699350369,104.03743834618348,9144.0
4750.0,AXM5110,5.431117925870719,114.66094376068656,9144.0
4750.0,AXM5115,2.793941066850828,102.15414925658868,9144.0
4760.0,AXM1793,1.540571627791297,104.02667601492149,9144.0
4760.0,AXM5110,5.439317627655169,114.690720599031,9144.0
4760.0,AXM5115,2.7993549883524373,102.12987558995073,9144.0
4760.0,AXM1793,1.540571627791297,104.02667601492149,9144.0
4760.0,AXM5110,5.439317627655169,114.690720599031,9144.0
4760.0,AXM5115,2.7993549883524373,102.12987558995073,9144.0
4770.0,AXM1793,1.529293324586562,104.01890306253271,9144.0
4770.0,AXM5110,5.447438677715548,114.72051958194314,9144.0
4770.0,AXM5115,2.804713017983626,102.10584885633759,9144.0
4770.0,AXM1793,1.529293324586562,104.01890306253271,9144.0
4770.0,AXM5110,5.447438677715548,114.72051958194314,9144.0
4770.0,AXM5115,2.804713017983626,102.10584885633759,9144.0
4780.0,AXM1793,1.5160373462804615,104.01469048613323,9144.0
4780.0,AXM5110,5.4555727738180675,114.75037669613317,9144.0
4780.0,AXM5115,2.806001270077582,102.08126432731002,9144.0
4780.0,AXM1793,1.5160373462804615,104.01469048613323,9144.0
4780.0,AXM5110,5.4555727738180675,114.75037669613317,9144.0
4780.0,AXM5115,2.806001270077582,102.08126432731002,9144.0
4790.0,AXM1793,1.502129547170149,104.01452470852084,9144.0
4790.0,AXM5110,5.463812824802532,114.78020488718438,9144.0
4790.0,AXM5115,2.803540065073402,102.05715299888287,9144.0
4790.0,AXM1793,1.502129547170149,104.01452470852084,9144.0
4790.0,AXM5110,5.463812824802532,114.78020488718438,9144.0
4790.0,AXM5115,2.803540065073402,102.05715299888287,9144.0
4800.0,AXM1793,1.488776990686228,104.01842006696262,9144.0
4800.0,AXM5110,5.472081859675403,114.81014803585258,9144.0
4800.0,AXM5115,2.8010910866948446,102.033168636395,9144.0
4800.0,AXM1793,1.488776990686228,104.01842006696262,9144.0
4800.0,AXM5110,5.472081859675403,114.81014803585258,9144.0
4800.0,AXM5115,2.8010910866948446,102.033168636395,9144.0
4810.0,AXM1793,1.4771385505303516,104.02603844067497,9144.0
4810.0,AXM5110,5.480307453722531,114.84010366919298,9144.0
4810.0,AXM5115,2.798638503838314,102.00918469331512,9144.0
4810.0,AXM1793,1.4771385505303516,104.02603844067497,9144.0
4810.0,AXM5110,5.480307453722531,114.84010366919298,9144.0
4810.0,AXM5115,2.798638503838314,102.00918469331512,9144.0
4820.0,AXM1793,1.468224331564547,104.0367186057308,9144.0
4820.0,AXM5110,5.488608612827742,114.87034448854284,9144.0
4820.0,AXM5115,2.796960751047099,101.98513400047474,9144.0
4820.0,AXM1793,1.468224331564547,104.0367186057308,9144.0
4820.0,AXM5110,5.488608612827742,114.87034448854284,9144.0
4820.0,AXM5115,2.796960751047099,101.98513400047474,9144.0
4830.0,AXM1793,1.4565858914086705,104.04433690946422,9144.0
4830.0,AXM5110,5.496820614420229,114.9006102822746,9144.0
4830.0,AXM5115,2.794744600603188,101.96131951389611,9144.0
4830.0,AXM1793,1.4565858914086705,104.04433690946422,9144.0
4830.0,AXM5110,5.496820614420229,114.9006102822746,9144.0
4830.0,AXM5115,2.794744600603188,101.96131951389611,9144.0
4840.0,AXM1793,1.4439219283510738,104.0477901689085,9144.0
4840.0,AXM5110,5.50506097140223,114.9309906247492,9144.0
4840.0,AXM5115,2.7885295978150135,101.93869068540047,9144.0
4840.0,AXM1793,1.4439219283510738,104.0477901689085,9144.0
4840.0,AXM5110,5.50506097140223,114.9309906247492,9144.0
4840.0,AXM5115,2.7885295978150135,101.93869068540047,9144.0
4850.0,AXM1793,1.4324233725040136,104.04675130755557,9144.0
4850.0,AXM5110,5.513441272123351,114.96133273446696,9144.0
4850.0,AXM5115,2.7785521232763224,101.91781057650442,9144.0
4850.0,AXM1793,1.4324233725040136,104.04675130755557,9144.0
4850.0,AXM5110,5.513441272123351,114.96133273446696,9144.0
4850.0,AXM5115,2.7785521232763224,101.91781057650442,9144.0
4860.0,AXM1793,1.4220087774973362,104.0417666453117,9144.0
4860.0,AXM5110,5.521866047675464,114.99184564290579,9144.0
4860.0,AXM5115,2.765269415877889,101.89950174133568,9144.0
4860.0,AXM1793,1.4220087774973362,104.0417666453117,9144.0
4860.0,AXM5110,5.521866047675464,114.99184564290579,9144.0
4860.0,AXM5115,2.765269415877889,101.89950174133568,9144.0
4870.0,AXM1793,1.4139856593271825,104.03346201317784,9144.0
4870.0,AXM5110,5.530206199103488,115.0223824374653,9144.0
4870.0,AXM5115,2.7493259896539617,101.88449058697688,9144.0
4870.0,AXM1793,1.4139856593271825,104.03346201317784,9144.0
4870.0,AXM5110,5.530206199103488,115.0223824374653,9144.0
4870.0,AXM5115,2.7493259896539617,101.88449058697688,9144.0
4880.0,AXM1793,1.409361292432902,104.02288003245654,9144.0
4880.0,AXM5110,5.538543926094852,115.05292033087191,9144.0
4880.0,AXM5115,2.7308623401621044,101.87272551135133,9144.0
4880.0,AXM1793,1.409361292432902,104.02288003245654,9144.0
4880.0,AXM5110,5.538543926094852,115.05292033087191,9144.0
4880.0,AXM5115,2.7308623401621044,101.87272551135133,9144.0
4890.0,AXM1793,1.4087162499123849,104.01134922051071,9144.0
4890.0,AXM5110,5.546850749533801,115.08346715397651,9144.0
4890.0,AXM5115,2.7105284654086894,101.864620599706,9144.0
4890.0,AXM1793,1.4087162499123849,104.01134922051071,9144.0
4890.0,AXM5110,5.546850749533801,115.08346715397651,9144.0
4890.0,AXM5115,2.7105284654086894,101.864620599706,9144.0
4900.0,AXM1793,1.4121628018803274,104.00108920482398,9144.0
4900.0,AXM5110,5.555124368776712,115.11390184348691,9144.0
4900.0,AXM5115,2.6895989007885377,101.86068228042389,9144.0
4900.0,AXM1793,1.4121628018803274,104.00108920482398,9144.0
4900.0,AXM5110,5.555124368776712,115.11390184348691,9144.0
4900.0,AXM5115,2.6895989007885377,101.86068228042389,9144.0
4910.0,AXM1793,1.411299127755834,103.99110470535149,9144.0
4910.0,AXM5110,5.563448570578871,115.14432303670452,9144.0
4910.0,AXM5115,2.6685013130769946,101.86087501823337,9144.0
4910.0,AXM1793,1.411299127755834,103.99110470535149,9144.0
4910.0,AXM5110,5.563448570578871,115.14432303670452,9144.0
4910.0,AXM5115,2.6685013130769946,101.86087501823337,9144.0
4920.0,AXM1793,1.4065669915055254,103.98268874889136,9144.0
4920.0,AXM5110,5.57161496268806,115.17417708908035,9144.0
4920.0,AXM5115,2.648109718608679,101.86515170921913,9144.0
4920.0,AXM1793,1.4065669915055254,103.98268874889136,9144.0
4920.0,AXM5110,5.57161496268806,115.17417708908035,9144.0
4920.0,AXM5115,2.648109718608679,101.86515170921913,9144.0
4930.0,AXM1793,1.3987808690880792,103.9769813442212,9144.0
4930.0,AXM5110,5.581077085125435,115.20364288746624,9144.0
4930.0,AXM5115,2.6289519174399403,101.87334854867223,9144.0
4930.0,AXM1793,1.3987808690880792,103.9769813442212,9144.0
4930.0,AXM5110,5.581077085125435,115.20364288746624,9144.0
4930.0,AXM5115,2.6289519174399403,101.87334854867223,9144.0
4940.0,AXM1793,1.389332768688418,103.97500284490918,9144.0
4940.0,AXM5110,5.594155449483996,115.2309553730718,9144.0
4940.0,AXM5115,2.611833894571735,101.88512040869713,9144.0
4940.0,AXM1793,1.389332768688418,103.97500284490918,9144.0
4940.0,AXM5110,5.594155449483996,115.2309553730718,9144.0
4940.0,AXM5115,2.611833894571735,101.88512040869713,9144.0
4950.0,AXM1793,1.3799118280291693,103.97710693712258,9144.0
4950.0,AXM5110,5.610754856853906,115.25612070676183,9144.0
4950.0,AXM5115,2.5976978011807157,101.8998022395496,9144.0
4950.0,AXM1793,1.3799118280291693,103.97710693712258,9144.0
4950.0,AXM5110,5.610754856853906,115.25612070676183,9144.0
4950.0,AXM5115,2.5976978011807157,101.8998022395496,9144.0
4960.0,AXM1793,1.372202329196364,103.98291742320107,9144.0
4960.0,AXM5110,5.629532034788367,115.2796906923067,9144.0
4960.0,AXM5115,2.5867898114989822,101.91702322536686,9144.0
4960.0,AXM1793,1.372202329196364,103.98291742320107,9144.0
4960.0,AXM5110,5.629532034788367,115.2796906923067,9144.0
4960.0,AXM5115,2.5867898114989822,101.91702322536686,9144.0
4970.0,AXM1793,1.3677076670904624,103.9912964636525,9144.0
4970.0,AXM5110,5.647260928927845,115.30406734255237,9144.0
4970.0,AXM5115,2.575880552351592,101.93440053857536,9144.0
4970.0,AXM1793,1.3677076670904624,103.9912964636525,9144.0
4970.0,AXM5110,5.647260928927845,115.30406734255237,9144.0
4970.0,AXM5115,2.575880552351592,101.93440053857536,9144.0
4980.0,AXM1793,1.3671389092761859,104.0007884660624,9144.0
4980.0,AXM5110,5.665233153736022,115.32878217220967,9144.0
4980.0,AXM5115,2.5617312707157507,101.94925353720501,9144.0
4980.0,AXM1793,1.3671389092761859,104.0007884660624,9144.0
4980.0,AXM5110,5.665233153736022,115.32878217220967,9144.0
4980.0,AXM5115,2.5617312707157507,101.94925353720501,9144.0
4990.0,AXM1793,1.3706008492485033,104.00964454596712,9144.0
4990.0,AXM5110,5.683195161383749,115.35350527154236,9144.0
4990.0,AXM5115,2.544628959656586,101.96127948623582,9144.0
4990.0,AXM1793,1.3706008492485033,104.00964454596712,9144.0
4990.0,AXM5110,5.683195161383749,115.35350527154236,9144.0
4990.0,AXM5115,2.544628959656586,101.96127948623582,9144.0
5000.0,AXM5110,5.7012771484508855,115.37814066185209,9144.0
5000.0,AXM5115,2.5259511527585135,101.96941647824964,9144.0
5000.0,AXM5110,5.7012771484508855,115.37814066185209,9144.0
5000.0,AXM5115,2.5259511527585135,101.96941647824964,9144.0
5010.0,AXM5110,5.719171204114509,115.40269429314365,9144.0
5010.0,AXM5115,2.50715222911616,101.97315104854546,9144.0
5010.0,AXM5110,5.719171204114509,115.40269429314365,9144.0
5010.0,AXM5115,2.50715222911616,101.97315104854546,9144.0
5020.0,AXM5110,5.736853512137476,115.42696099702658,9144.0
5020.0,AXM5115,2.4879899737679056,101.97279318201706,9144.0
5020.0,AXM5110,5.736853512137476,115.42696099702658,9144.0
5020.0,AXM5115,2.4879899737679056,101.97279318201706,9144.0
5030.0,AXM5110,5.7545110194438704,115.4512466881321,9144.0
5030.0,AXM5115,2.4693433114632115,101.96835941004962,9144.0
5030.0,AXM5110,5.7545110194438704,115.4512466881321,9144.0
5030.0,AXM5115,2.4693433114632115,101.96835941004962,9144.0
5040.0,AXM5110,5.772359578936237,115.47539164723106,9144.0
5040.0,AXM5115,2.453146632658129,101.96031377127524,9144.0
5040.0,AXM5110,5.772359578936237,115.47539164723106,9144.0
5040.0,AXM5115,2.453146632658129,101.96031377127524,9144.0
5050.0,AXM5110,5.789852100560527,115.49928034558994,9144.0
5050.0,AXM5115,2.439179591452655,101.94881998360835,9144.0
5050.0,AXM5110,5.789852100560527,115.49928034558994,9144.0
5050.0,AXM5115,2.439179591452655,101.94881998360835,9144.0
5060.0,AXM5110,5.8070591106801395,115.5227826486993,9144.0
5060.0,AXM5115,2.4281615900529077,101.93447009256049,9144.0
5060.0,AXM5110,5.8070591106801395,115.5227826486993,9144.0
5060.0,AXM5115,2.4281615900529077,101.93447009256049,9144.0
5070.0,AXM5110,5.824288336599385,115.54626922143582,9144.0
5070.0,AXM5115,2.420660134088561,101.91800321717675,9144.0
5070.0,AXM5110,5.824288336599385,115.54626922143582,9144.0
5070.0,AXM5115,2.420660134088561,101.91800321717675,9144.0
5080.0,AXM5110,5.84115831492845,115.56926951355533,9144.0
5080.0,AXM5115,2.41706160202664,101.90026748645626,9144.0
5080.0,AXM5110,5.84115831492845,115.56926951355533,9144.0
5080.0,AXM5115,2.41706160202664,101.90026748645626,9144.0
5090.0,AXM5110,5.858076240592466,115.59223488642846,9144.0
5090.0,AXM5115,2.4175513439256178,101.88217636676994,9144.0
5090.0,AXM5110,5.858076240592466,115.59223488642846,9144.0
5090.0,AXM5115,2.4175513439256178,101.88217636676994,9144.0
5100.0,AXM5110,5.874704001986177,115.61480948736695,9144.0
5100.0,AXM5115,2.4220666916856404,101.8658590931399,9144.0
5100.0,AXM5110,5.874704001986177,115.61480948736695,9144.0
5100.0,AXM5115,2.4220666916856404,101.8658590931399,9144.0
5110.0,AXM5110,5.891329613979505,115.63738636311429,9144.0
5110.0,AXM5115,2.430043112561333,101.85228048962567,9144.0
5110.0,AXM5110,5.891329613979505,115.63738636311429,9144.0
5110.0,AXM5115,2.430043112561333,101.85228048962567,9144.0
5120.0,AXM5110,5.907848877712644,115.66004267204676,9144.0
5120.0,AXM5115,2.441253681651006,101.84122539204851,9144.0
5120.0,AXM5110,5.907848877712644,115.66004267204676,9144.0
5120.0,AXM5115,2.441253681651006,101.84122539204851,9144.0
5130.0,AXM5110,5.924041079940512,115.68225546525701,9144.0
5130.0,AXM5115,2.454937201365372,101.8334444750461,9144.0
5130.0,AXM5110,5.924041079940512,115.68225546525701,9144.0
5130.0,AXM5115,2.454937201365372,101.8334444750461,9144.0
5140.0,AXM5110,5.940332934370874,115.70439513969771,9144.0
5140.0,AXM5115,2.470164560779177,101.82946613025432,9144.0
5140.0,AXM5110,5.940332934370874,115.70439513969771,9144.0
5140.0,AXM5115,2.470164560779177,101.82946613025432,9144.0
5150.0,AXM5110,5.956330083060027,115.7261397902934,9144.0
5150.0,AXM5115,2.4859018222587212,101.82956057732227,9144.0
5150.0,AXM5110,5.956330083060027,115.7261397902934,9144.0
5150.0,AXM5115,2.4859018222587212,101.82956057732227,9144.0
5160.0,AXM5110,5.97227546444491,115.7479234768838,9144.0
5160.0,AXM5115,2.5010804258224026,101.83372149858582,9144.0
5160.0,AXM5110,5.97227546444491,115.7479234768838,9144.0
5160.0,AXM5115,2.5010804258224026,101.83372149858582,9144.0
5170.0,AXM5110,5.988071762675649,115.76950987327757,9144.0
5170.0,AXM5115,2.5137618236774,101.84141144704796,9144.0
5170.0,AXM5110,5.988071762675649,115.76950987327757,9144.0
5170.0,AXM5115,2.5137618236774,101.84141144704796,9144.0
5180.0,AXM5110,6.0039197725813525,115.79105854154916,9144.0
5180.0,AXM5115,2.5246124557654346,101.85089392344881,9144.0
5180.0,AXM5110,6.0039197725813525,115.79105854154916,9144.0
5180.0,AXM5115,2.5246124557654346,101.85089392344881,9144.0
5190.0,AXM5110,6.019542618302134,115.81231038720682,9144.0
5190.0,AXM5115,2.537691950338298,101.85693357938351,9144.0
5190.0,AXM5110,6.019542618302134,115.81231038720682,9144.0
5190.0,AXM5115,2.537691950338298,101.85693357938351,9144.0
5200.0,AXM5110,6.035085492648029,115.83362205163962,9144.0
5200.0,AXM5115,2.5518744055995266,101.85901104323885,9144.0
5200.0,AXM5110,6.035085492648029,115.83362205163962,9144.0
5200.0,AXM5115,2.5518744055995266,101.85901104323885,9144.0
5210.0,AXM5110,6.049811665642871,115.85389787965438,9144.0
5210.0,AXM5115,2.566064427740475,101.85698599279945,9144.0
5210.0,AXM5110,6.049811665642871,115.85389787965438,9144.0
5210.0,AXM5115,2.566064427740475,101.85698599279945,9144.0
5220.0,AXM5110,6.063522357670857,115.8727782979668,9144.0
5220.0,AXM5115,2.5791018685392744,101.85102390824602,9144.0
5220.0,AXM5110,6.063522357670857,115.8727782979668,9144.0
5220.0,AXM5115,2.5791018685392744,101.85102390824602,9144.0
5230.0,AXM5110,6.077417735145381,115.89152215959837,9144.0
5230.0,AXM5115,2.5899208125512416,101.8416121783361,9144.0
5230.0,AXM5110,6.077417735145381,115.89152215959837,9144.0
5230.0,AXM5115,2.5899208125512416,101.8416121783361,9144.0
5240.0,AXM5110,6.090244638481705,115.90911217395471,9144.0
5240.0,AXM5115,2.5974158515818684,101.82971543068867,9144.0
5240.0,AXM5110,6.090244638481705,115.90911217395471,9144.0
5240.0,AXM5115,2.5974158515818684,101.82971543068867,9144.0
5250.0,AXM5110,6.102603471871005,115.9260631033662,9144.0
5250.0,AXM5115,2.6005369408373022,101.81717372952085,9144.0
5250.0,AXM5110,6.102603471871005,115.9260631033662,9144.0
5250.0,AXM5115,2.6005369408373022,101.81717372952085,9144.0
5260.0,AXM5110,6.1150147663700345,115.94297561198137,9144.0
5260.0,AXM5115,2.603469911042052,101.80517683276058,9144.0
5260.0,AXM5110,6.1150147663700345,115.94297561198137,9144.0
5260.0,AXM5115,2.603469911042052,101.80517683276058,9144.0
5270.0,AXM5110,6.126752839956417,115.95897498776877,9144.0
5270.0,AXM5115,2.6064027272307975,101.79317987033134,9144.0
5270.0,AXM5110,6.126752839956417,115.95897498776877,9144.0
5270.0,AXM5115,2.6064027272307975,101.79317987033134,9144.0
5280.0,AXM5110,6.138455104340967,115.97500122716752,9144.0
5280.0,AXM5115,2.6130952198794306,101.78280368523909,9144.0
5280.0,AXM5110,6.138455104340967,115.97500122716752,9144.0
5280.0,AXM5115,2.6130952198794306,101.78280368523909,9144.0
5290.0,AXM5110,6.15006522750278,115.99092873121829,9144.0
5290.0,AXM5115,2.6226008586739513,101.77550733596051,9144.0
5290.0,AXM5110,6.15006522750278,115.99092873121829,9144.0
5290.0,AXM5115,2.6226008586739513,101.77550733596051,9144.0
5300.0,AXM5110,6.162273774191328,116.00639731990873,9144.0
5300.0,AXM5115,2.634005288130526,101.77183993720465,9144.0
5300.0,AXM5110,6.162273774191328,116.00639731990873,9144.0
5300.0,AXM5115,2.634005288130526,101.77183993720465,9144.0
5310.0,AXM5110,6.171627284523267,116.02368624361218,9144.0
5310.0,AXM5115,2.643683278940202,101.76477416561177,9144.0
5310.0,AXM5110,6.171627284523267,116.02368624361218,9144.0
5310.0,AXM5115,2.643683278940202,101.76477416561177,9144.0
5320.0,AXM5110,6.177189212470771,116.04255761733172,9144.0
5320.0,AXM5115,2.653318311730595,101.75827600566095,9144.0
5320.0,AXM5110,6.177189212470771,116.04255761733172,9144.0
5320.0,AXM5115,2.653318311730595,101.75827600566095,9144.0
5330.0,AXM5110,6.17832625957295,116.06084614476902,9144.0
5330.0,AXM5115,2.6621907935248106,101.75233363402279,9144.0
5330.0,AXM5110,6.17832625957295,116.06084614476902,9144.0
5330.0,AXM5115,2.6621907935248106,101.75233363402279,9144.0
5340.0,AXM5110,6.175299146000803,116.07779788638648,9144.0
5340.0,AXM5115,2.6707653988350946,101.74660124559583,9144.0
5340.0,AXM5110,6.175299146000803,116.07779788638648,9144.0
5340.0,AXM5115,2.6707653988350946,101.74660124559583,9144.0
5350.0,AXM5110,6.1683499763995835,116.09353858012648,9144.0
5350.0,AXM5115,2.6796428719662955,101.7406662650444,9144.0
5350.0,AXM5110,6.1683499763995835,116.09353858012648,9144.0
5350.0,AXM5115,2.6796428719662955,101.7406662650444,9144.0
5360.0,AXM5110,6.15802308602183,116.10683924821129,9144.0
5360.0,AXM5115,2.6884826969967803,101.73467518858904,9144.0
5360.0,AXM5110,6.15802308602183,116.10683924821129,9144.0
5360.0,AXM5115,2.6884826969967803,101.73467518858904,9144.0
5370.0,AXM5110,6.144884053121168,116.11710927037048,9144.0
5370.0,AXM5115,2.6988581366971953,101.73249139663005,9144.0
5370.0,AXM5110,6.144884053121168,116.11710927037048,9144.0
5370.0,AXM5115,2.6988581366971953,101.73249139663005,9144.0
5380.0,AXM5110,6.129646279469322,116.12383421639562,9144.0
5380.0,AXM5115,2.7095173857547956,101.73435442483654,9144.0
5380.0,AXM5110,6.129646279469322,116.12383421639562,9144.0
5380.0,AXM5115,2.7095173857547956,101.73435442483654,9144.0
5390.0,AXM5110,6.113235752211611,116.126605625324,9144.0
5390.0,AXM5115,2.718725601447498,101.74004338676589,9144.0
5390.0,AXM5110,6.113235752211611,116.126605625324,9144.0
5390.0,AXM5115,2.718725601447498,101.74004338676589,9144.0
5400.0,AXM5110,6.09672004814985,116.12524380832951,9144.0
5400.0,AXM5115,2.7251685730004995,101.74874637731337,9144.0
5400.0,AXM5110,6.09672004814985,116.12524380832951,9144.0
5400.0,AXM5115,2.7251685730004995,101.74874637731337,9144.0
5410.0,AXM5110,6.081899881816763,116.11991922141488,9144.0
5410.0,AXM5115,2.7279267495562527,101.75922128581732,9144.0
5410.0,AXM5110,6.081899881816763,116.11991922141488,9144.0
5410.0,AXM5115,2.7279267495562527,101.75922128581732,9144.0
5420.0,AXM5110,6.070249376207976,116.11140122892272,9144.0
5420.0,AXM5115,2.7266064798940057,101.76997308539327,9144.0
5420.0,AXM5110,6.070249376207976,116.11140122892272,9144.0
5420.0,AXM5115,2.7266064798940057,101.76997308539327,9144.0
5430.0,AXM5110,6.058421124500979,116.10351445057461,9144.0
5430.0,AXM5115,2.7213961949404086,101.7794672330092,9144.0
5430.0,AXM5110,6.058421124500979,116.10351445057461,9144.0
5430.0,AXM5115,2.7213961949404086,101.7794672330092,9144.0
5440.0,AXM5110,6.046887978140462,116.09582493369948,9144.0
5440.0,AXM5115,2.7130395146164457,101.78634870812886,9144.0
5440.0,AXM5110,6.046887978140462,116.09582493369948,9144.0
5440.0,AXM5115,2.7130395146164457,101.78634870812886,9144.0
5450.0,AXM5110,6.033686420984391,116.09165395190041,9144.0
5450.0,AXM5115,2.70272911725306,101.78963541373383,9144.0
5450.0,AXM5110,6.033686420984391,116.09165395190041,9144.0
5450.0,AXM5115,2.70272911725306,101.78963541373383,9144.0
5460.0,AXM5110,6.02136839970167,116.0877623386061,9144.0
5460.0,AXM5110,6.02136839970167,116.0877623386061,9144.0
5470.0,AXM5110,6.009936421687517,116.08172737496017,9144.0
5470.0,AXM5110,6.009936421687517,116.08172737496017,9144.0
5480.0,AXM5110,5.998389216296392,116.07715584603633,9144.0
5480.0,AXM5110,5.998389216296392,116.07715584603633,9144.0
5490.0,AXM5110,5.988233799162051,116.07280631163333,9144.0
5490.0,AXM5110,5.988233799162051,116.07280631163333,9144.0
5500.0,AXM5110,5.97834567226743,116.06857142927225,9144.0
5500.0,AXM5110,5.97834567226743,116.06857142927225,9144.0
5510.0,AXM5110,5.968457511446595,116.06433670346725,9144.0
5510.0,AXM5110,5.968457511446595,116.06433670346725,9144.0
5520.0,AXM5110,5.958569314632505,116.06010213896798,9144.0
5520.0,AXM5110,5.958569314632505,116.06010213896798,9144.0
5530.0,AXM5110,5.948658335471825,116.05592183748851,9144.0
5530.0,AXM5110,5.948658335471825,116.05592183748851,9144.0
5540.0,AXM5110,5.941087801855979,116.0483550036125,9144.0
5540.0,AXM5110,5.941087801855979,116.0483550036125,9144.0
5550.0,AXM5110,5.936954741910377,116.03853885251759,9144.0
5550.0,AXM5110,5.936954741910377,116.03853885251759,9144.0
5560.0,AXM5110,5.936821645487055,116.02788025140372,9144.0
5560.0,AXM5110,5.936821645487055,116.02788025140372,9144.0
5570.0,AXM5110,5.940708288339808,116.01796280587253,9144.0
5570.0,AXM5110,5.940708288339808,116.01796280587253,9144.0
5580.0,AXM5110,5.948037184686341,116.0102600440044,9144.0
5580.0,AXM5110,5.948037184686341,116.0102600440044,9144.0
5590.0,AXM5110,5.957719391291998,116.00591651433295,9144.0
5590.0,AXM5110,5.957719391291998,116.00591651433295,9144.0
5600.0,AXM5110,5.968316305005464,116.0055777170541,9144.0
5600.0,AXM5110,5.968316305005464,116.0055777170541,9144.0
5610.0,AXM5110,5.978253413519442,116.00929414275114,9144.0
5610.0,AXM5110,5.978253413519442,116.00929414275114,9144.0
5620.0,AXM5110,5.986054239807011,116.01651370602367,9144.0
5620.0,AXM5110,5.986054239807011,116.01651370602367,9144.0
